date,close,high,low,open,volume,price_chg_pct0,ema10,ema20,sma25,sma30,sma50,sma100,sma200,min30,max30,min60,max60,min90,max90,min120,max120,min150,max150,min252,max252,vol_sma40,vol_sma50,vol_sma252,avg_dollar_vol,price_up_down,highest_volume,days_since_highest_volume,days_since_vol_max,up_dollar_vol_max,days_since_up_vol_max,adr_pct,atr14,atr_pct,atr_multi_50sma,vars_norm_change,vars,vars_20ema,previous_session_high,previous_session_low,previous_session_volume,inside_day,tight_day,close_to_ma,range_pct,range10_pct,range20_pct,range_contraction_10_20,vol_dry_10_50,dist_sma50_pct,close_vs_252h,nr7,nr20,perf_1mo,rela_perf_1mo,perf_3mo,rela_perf_3mo,perf_6mo,rela_perf_6mo,perf_12mo,rela_perf_12mo,vol_ratio,vol_ratio_rank,perf_1mo_rank,rela_perf_1mo_rank,perf_3mo_rank,rela_perf_3mo_rank,perf_6mo_rank,rela_perf_6mo_rank,c0_c30_rank,c0_c60_rank,c0_c90_rank,c0_c120_rank,rs_sts_pct,ticker
2026-01-05,61.24153518676758,61.56050121880477,57.31426354082518,57.88242202303988,9786100.0,0.0866642818053242,54.23874561958599,50.78414441523739,48.46334869384766,46.75415433247884,43.07881553649902,37.99478416442871,33.079729051589965,35.00655761548743,61.56050121880477,34.803102474320234,61.56050121880477,30.031468965827138,61.56050121880477,27.848605818359733,61.56050121880477,25.589807534607377,61.56050121880477,21.25726794159105,61.56050121880477,5972992.5,6389596.0,6200753.017241379,296529411.94438934,1,False,74,74,809156680.2337646,74,0.0373993905154532,2.0579728336406826,0.0336042006028181,12.546527912272952,2.373292033979943,10.29897816268916,4.828706644696846,56.42713823542244,53.83553450848764,5897500.0,False,False,False,0.0693359117309827,0.2151692133738708,0.3092447305026291,0.6957894254952924,0.9043216503829036,0.4216160408328773,0.994818657650244,False,False,0.3931971895326371,1.3826343220421424,0.7856697070169794,1.7374813527563708,1.0736786807694187,1.871759409551704,0.0,0.0,0.9632688938572324,48.0,97.0,97.0,98.0,98.0,95.0,95.0,97.0,95.0,94.0,94.0,100.0,AA
2026-01-05,123.2300033569336,133.10000610351562,121.0199966430664,133.0500030517578,1858700.0,-0.0787919606704924,131.7733299046147,128.05572927465914,124.93840026855467,124.83666687011718,115.9527001953125,99.82365005493163,58.11541000843048,107.05500030517578,148.8300018310547,87.11000061035156,148.8300018310547,78.0,148.8300018310547,9.25,148.8300018310547,5.690000057220459,148.8300018310547,4.769999980926514,148.8300018310547,1635787.5,1548128.0,962122.8448275862,238996884.43264008,-1,False,166,166,1909268297.5318909,166,0.0609884157523699,8.74992915562221,0.0710048601579453,0.8838967242733724,-1.204581286095892,5.95516886298402,9.061643205102763,138.69000244140625,132.61000061035156,978100.0,False,False,False,0.0980281516787732,0.2753387923466829,0.3270713235999275,0.8418310395303148,1.1671773910167635,0.0627609633010968,0.8279916807151485,False,False,0.1108807628046488,1.102458346808259,0.468422379000182,1.4287953093772814,14.50062972496152,13.991294702855503,0.0,0.0,1.7001856974855798,90.0,87.0,87.0,95.0,95.0,99.0,99.0,61.0,85.0,87.0,99.0,42.30769230769231,ABVX
2026-01-05,45.0,46.130001068115234,44.11000061035156,45.9900016784668,1484700.0,0.0026737729284507,41.27198846416103,39.53856513066663,38.234000244140624,37.117666753133136,36.679600143432616,35.1304500579834,29.911400051116946,28.459999084472656,46.130001068115234,28.459999084472656,46.130001068115234,26.100000381469727,46.130001068115234,23.030000686645508,46.130001068115234,22.229999542236328,46.130001068115234,16.81999969482422,46.130001068115234,1263682.5,1276502.0,1488301.7241379311,49109585.892944336,1,False,102,102,179077178.70903015,104,0.0539794501916435,2.144286019461496,0.0476508004324776,4.760465312096814,0.0559621854527137,5.956034519347848,0.6902230119736468,44.9900016784668,40.85499954223633,1664500.0,False,False,False,0.0448888990614149,0.1791111416286892,0.2544444613986545,0.7039302040379818,0.9648163496806116,0.2268399825524578,0.9755039878181082,False,False,0.3258692345552241,1.3158168305311904,0.0827718602752438,1.0535520141965842,0.6082916631957647,1.4516882879720188,0.0,0.0,0.8490768232711433,33.0,97.0,97.0,75.0,75.0,89.0,89.0,95.0,92.0,91.0,91.0,96.15384615384616,ACMR
2026-01-05,26.548843383789062,27.260766986586336,25.945684708252653,26.054451521468803,5525500.0,0.0185887969604587,26.21874359744084,25.255411431207072,24.973511962890623,23.946033922831216,21.11567356109619,18.37963354110718,14.47745780467987,17.105957687168416,27.834259887815413,13.902298263451586,27.834259887815413,12.257817586345578,27.834259887815413,9.46303506402113,27.834259887815413,8.978114761954862,27.834259887815413,8.978114761954862,27.834259887815413,8163445.0,7629828.0,9381113.793103447,194378476.28305435,1,False,123,123,1945935405.4458616,123,0.0415077416183813,1.000083975688394,0.0376695873801814,6.830578351163229,0.4844640165077429,9.041230587052588,7.985767114791494,26.420299530198776,25.5106184595356,5623800.0,False,False,True,0.0495344471065237,0.0875232639964515,0.2245808885134673,0.3897182194610613,0.7411766031947247,0.2573050680563189,0.9538189084528508,False,False,0.1201503272313193,1.111657631750109,0.5981922907123538,1.5550632305178596,1.766091353167477,2.4967501310520217,0.0,0.0,0.8701999762545657,36.0,89.0,89.0,97.0,97.0,98.0,98.0,95.0,96.0,95.0,96.0,73.07692307692307,AEO
2026-01-05,17.020212173461914,18.05900341925709,16.520792829007753,16.580722616904843,24960700.0,0.061021223175856,16.682425708983022,16.193031316638347,16.18997699737549,15.493320306142172,14.132768821716308,12.578975286483765,9.924005591869356,10.707551084395815,18.05900341925709,10.178165915434564,18.05900341925709,8.709873564572831,18.05900341925709,7.73101147855844,18.05900341925709,6.382579473147415,18.05900341925709,5.0795983549368176,18.05900341925709,18566372.5,18218862.0,21199209.05172414,342038631.0297966,1,False,214,214,499277142.7278519,81,0.0619706582533641,1.022382669858356,0.0600687382412579,3.401243368698481,0.9574328588597716,5.448281221350357,4.665719566991744,17.249945260508543,15.521953768667228,25395100.0,False,False,True,0.0903755237932775,0.1490609884726147,0.2206572406866079,0.6755318248736787,1.118062697878715,0.2043083976091635,0.9424779307208352,False,False,0.08604214762067,1.077808051700438,0.4071017261155194,1.3691294649564048,0.9608747659600136,1.7699394936038624,0.0,0.0,0.875804963038939,37.0,83.0,83.0,94.0,94.0,94.0,94.0,95.0,94.0,94.0,94.0,84.61538461538461,AG
2026-01-05,39.20064926147461,40.47806612247992,38.88129599797108,39.07091461548275,2360000.0,0.0226503964229878,38.90178903759587,38.18798738557194,37.92443267822266,37.28120129903157,35.129489784240725,33.49230354309082,29.9539363193512,31.91539468347308,40.89721600996547,29.22085018783612,40.89721600996547,28.771760205814054,40.89721600996547,23.87167641900356,40.89721600996547,23.87167641900356,40.89721600996547,20.897008091520792,40.89721600996547,2522345.0,2927092.0,3590501.724137931,89715009.88712311,1,False,108,108,560530258.846283,108,0.0339161465191528,1.4178444361810203,0.0361689018649607,3.204136060285747,0.6123691351367174,7.974874576273771,5.916537559377296,39.11082813893266,37.13482853379888,1834000.0,False,True,True,0.0407332570911805,0.0959776826927243,0.1407841796594228,0.6817362783581801,0.8473426868714752,0.115890082726457,0.9585163266840104,False,False,0.0969002967738505,1.0885838771225929,0.1549545456895449,1.1237867666854635,0.4170275407936745,1.279048030763545,0.0,0.0,0.7025048847750122,19.0,85.0,85.0,83.0,83.0,85.0,85.0,77.0,80.0,77.0,84.0,84.61538461538461,AGI
2026-01-05,145.3977508544922,147.92501629382056,144.33310531188783,145.54699313507805,3112900.0,0.0152853458839854,142.49422071030352,137.81158398975427,135.45793975830077,132.7641700744629,120.67689529418944,102.2427346801758,82.83613269805909,109.69479596870956,151.31791991713953,87.30547076236019,151.31791991713953,70.29822099910196,151.31791991713953,64.08237577911237,151.31791991713953,52.63922227392277,151.31791991713953,48.45357196063525,151.31791991713953,3475625.0,3484680.0,3669718.5344827594,391992580.3694916,1,False,118,118,993743872.0550536,147,0.0349231974352342,5.326746347780597,0.0366356860162945,5.59158640718294,0.4109441708708686,5.16419615054907,3.732847046846277,144.02465373795297,140.72128306245676,2992500.0,False,True,False,0.0247040340089397,0.0778759328038119,0.2035805172919502,0.3825313632155271,0.7779451771755226,0.2048516039465346,0.960875955300673,False,False,0.1587561862412958,1.1499707909354355,0.6614266654391816,1.6165911527922487,1.2498674227309454,2.030792213757031,0.0,0.0,0.9471094219736622,46.0,92.0,92.0,97.0,97.0,96.0,96.0,87.0,94.0,95.0,94.0,84.61538461538461,ALB
2026-01-05,21.0,21.18000030517578,19.80500030517578,19.850000381469727,3065600.0,0.0385757029244975,19.86010233229591,19.54319182428875,19.6,19.291666666666668,18.331600074768065,17.43030004501343,16.403750014305114,15.845000267028809,21.18000030517578,15.845000267028809,21.18000030517578,15.020000457763672,21.18000030517578,11.625,21.18000030517578,11.625,21.18000030517578,11.625,21.18000030517578,2548627.5,2643022.0,3118760.775862069,54590272.17853546,1,False,116,116,205349556.0207367,158,0.0369307230594928,0.7572145462036133,0.0360578355335053,4.036926964393399,1.0300920532445337,2.533670542055161,0.555327908312781,20.375,19.450000762939453,2572200.0,False,False,False,0.0654761904761904,0.1404762268066406,0.1404762268066406,1.0,1.061977539347005,0.1455628485428703,0.9915014021443712,False,False,0.0994764178315723,1.0911404666842874,0.2635378423343466,1.2294398179747312,0.5981734742245572,1.442555332326522,0.0,0.0,0.8171923668289447,29.0,86.0,86.0,90.0,90.0,89.0,89.0,87.0,79.0,80.0,89.0,96.15384615384616,ALHC
2026-01-05,47.98395919799805,48.26310837113553,45.31209087386936,45.77069417348729,7952900.0,0.1213887214854489,42.13482137802507,41.12994590672893,41.83957000732422,40.30844128926595,37.45969039916992,32.28442834854126,25.84386541843414,29.877011193501488,48.26310837113553,28.046386657798664,48.26310837113553,23.17019783164725,48.26310837113553,20.41396290398905,48.26310837113553,17.58087831878111,48.26310837113553,13.8495065949505,48.26310837113553,3323347.5,3620532.0,2587831.465517241,145095003.5996437,1,False,290,290,394384753.6827088,63,0.0416793610147199,2.0167195293039293,0.0420290355987979,6.684644617692967,2.575566268996239,10.423949874048162,7.467584163369648,43.07888535913941,40.92543968050106,4218800.0,False,False,False,0.061500083498514,0.187616889661619,0.2023686688114901,0.927104431548084,0.7908036719465538,0.2809491666023309,0.9942160962573966,False,False,0.09560674022445,1.0873001279906385,0.6415816215834578,1.5972816503078542,1.2573572871098198,2.037552771338798,0.0,0.0,1.2842209951781955,78.0,85.0,85.0,97.0,97.0,96.0,96.0,96.0,94.0,95.0,94.0,100.0,AMKR
2026-01-05,30.200000762939453,30.68000030517578,28.559999465942383,29.125,34572600.0,0.0743507686662321,26.60309247459121,26.64200609109655,27.435599975585937,26.69400005340576,28.00829998016357,25.067850065231323,16.801525049209594,19.0049991607666,34.86100006103516,19.0049991607666,40.20000076293945,13.15999984741211,40.20000076293945,9.75,40.20000076293945,8.029999732971191,40.20000076293945,3.309999942779541,40.20000076293945,26578342.5,26657154.0,35519428.87931035,704806312.162571,1,False,217,217,3671875300.321579,87,0.0940418208298234,2.534571647644043,0.0839262113779279,0.932388471351234,0.824596990395046,3.654683552645623,3.07191840854946,28.440000534057617,24.649999618530277,36069500.0,False,False,False,0.0701987015124516,0.2403973524991129,0.4281787890458571,0.5614415254777295,0.9169343434036508,0.0782518319329668,0.7512437858155704,False,False,0.0286103588258008,1.020811696151731,0.1383339608483811,1.107614707474318,2.126294124220919,2.821879058845077,0.0,0.0,0.7482761783785767,22.0,66.0,66.0,81.0,81.0,98.0,98.0,95.0,92.0,96.0,97.0,76.92307692307693,APLD
2026-01-05,30.200000762939453,30.239999771118164,28.600000381469727,29.030000686645508,1842200.0,0.0413793366530845,29.12899740963074,28.950817052379804,29.437600173950194,29.507000096639,27.3684001159668,22.66939994812012,18.54084996700287,27.07999992370605,31.770000457763672,19.600000381469727,31.770000457763672,15.100000381469728,31.770000457763672,13.69499969482422,31.770000457763672,12.720000267028809,31.770000457763672,11.130000114440918,31.770000457763672,2236620.0,2484298.0,2160509.0517241377,56685363.170871735,1,False,69,69,300976849.2034912,69,0.03831350916125,1.0967858178274972,0.036317410268858,2.8488377809385126,1.094106746672202,7.055290712515055,4.94285445339014,29.8799991607666,28.489999771118164,1652800.0,False,False,False,0.0543046141793809,0.0844371218539327,0.1399006713488074,0.6035505122302794,0.7254685226973575,0.103462410479767,0.9505823206735096,False,False,0.0080107371762632,1.000368255605251,0.5160642895217333,1.475151548056586,1.2554144875731397,2.035799147044264,0.0,0.0,1.035228247812766,57.0,54.0,54.0,96.0,96.0,96.0,96.0,50.0,91.0,94.0,94.0,69.23076923076923,ARQT
2026-01-05,63.880001068115234,68.29499816894531,60.619998931884766,68.23999786376953,2693600.0,-0.0576781205871989,67.11021016046772,65.16816599904433,66.07420074462891,62.63850059509277,53.59770027160644,41.71070013046265,28.39632504463196,37.060001373291016,72.36000061035156,34.61000061035156,72.36000061035156,21.059999465942383,72.36000061035156,14.300000190734863,72.36000061035156,14.300000190734863,72.36000061035156,9.56999969482422,72.36000061035156,2627120.0,2434392.0,2083824.5689655168,164881535.728302,-1,False,40,40,407807708.530426,40,0.0576896603537118,3.481429236275809,0.054499517502568,3.520071551784129,-1.1231019164975922,15.864814802735584,16.561251739815226,68.24500274658203,65.0,1161300.0,False,False,True,0.1201471369556912,0.1671414834048429,0.201158454507795,0.830894648767378,0.6571784659167463,0.1918422011467508,0.8828081886303466,False,False,-0.0183633643667689,0.9741941158062372,0.7685493620467816,1.7208230200190322,2.793349197701668,3.4239813141537563,0.0,0.0,1.2607203308406107,77.0,36.0,36.0,98.0,98.0,99.0,99.0,97.0,96.0,98.0,99.0,23.07692307692308,ARWR
2026-01-05,85.960205078125,87.6994256462915,85.62984664756166,85.93105733103704,3457400.0,0.033528044059375,84.37051520039245,83.17233872141186,82.79463470458984,82.336363474528,77.21571319580079,69.79128120422364,56.0025444316864,74.11717094087831,89.05000039566411,60.15348639510686,89.05000039566411,52.32535572420506,89.05000039566411,42.985624476470605,89.05000039566411,41.16612510573098,89.05000039566411,26.3127973324864,89.05000039566411,2712877.5,2767488.0,3157550.8620689656,205267493.1238556,1,False,192,192,385673668.5562134,54,0.0354753450384968,3.2771728006826115,0.0381243017941168,2.970482464801401,0.8509108361828494,7.604544830141896,7.536685118815159,84.64850669856257,80.58708827939766,1901100.0,False,True,True,0.0240760128113805,0.0984515114706267,0.1534984176726774,0.6413845364879682,0.7796926310068915,0.1132475699622206,0.965302691703418,False,False,0.0588868065731005,1.0508585955565273,0.2191060850694839,1.1862071028681618,0.8925170000610572,1.708237894062978,0.0,0.0,0.8591714333375469,34.0,76.0,76.0,88.0,88.0,93.0,93.0,63.0,86.0,89.0,91.0,80.76923076923077,AU
2026-01-05,16.670000076293945,17.5,14.619999885559082,17.06999969482422,9076400.0,-0.0053699374319098,15.58426919087169,14.544407888427967,14.081600036621094,13.314666684468587,11.467199974060058,7.670899987220764,4.718949990868569,8.4399995803833,18.25,4.0,18.25,2.75,18.25,1.850000023841858,18.25,1.4700000286102295,18.25,1.1299999952316284,18.25,4206390.0,4247872.0,1541454.3103448276,74952292.51378536,-1,False,66,66,174143106.37817383,3,0.1447100880326906,2.129285744258336,0.127731597751241,3.5520691294133058,-0.0422677664707885,16.63460623797904,14.41454465035417,18.25,14.93000030517578,10390400.0,False,True,False,0.1727654529850006,0.2639471864662688,0.4049190143435591,0.6518517953378182,1.2695085915959805,0.4537114652228213,0.9134246617147368,False,False,0.4520906568822558,1.4410812740697785,2.2495126129467327,3.161820771419903,6.311403633980211,6.59947400522786,0.0,0.0,2.728845072974637,96.0,98.0,98.0,99.0,99.0,99.0,99.0,98.0,99.0,99.0,99.0,96.15384615384616,AXTI
2026-01-05,103.87000274658205,107.3499984741211,100.51000213623048,104.0,11384800.0,0.0524875891886944,93.65251638695128,95.1529152573744,97.33960052490234,96.92833353678384,106.99100036621094,89.84560009002685,56.397000045776366,75.69999694824219,119.89700317382812,75.69999694824219,147.86000061035156,48.869998931884766,147.86000061035156,24.040000915527344,147.86000061035156,18.1200008392334,147.86000061035156,15.149999618530272,147.86000061035156,13429897.5,13797054.0,9903581.465517242,998586176.386261,1,False,165,165,3587492964.135742,68,0.085128664788602,7.382214682442801,0.07107167119706,-0.4104399835826318,0.701686489488775,7.208147738754737,7.716810720002226,98.8499984741211,88.86000061035156,11573700.0,False,True,False,0.0658515082027925,0.2507942113558911,0.4255030813219103,0.5894063342073782,0.5671449861687865,-0.0291706555593115,0.7024888564711,False,False,0.0133658804544587,1.0056827975462743,0.1504042717173048,1.119359287098599,3.2639573129749184,3.8487651421127063,0.0,0.0,1.3560647273676552,82.0,58.0,58.0,83.0,83.0,99.0,99.0,90.0,83.0,95.0,98.0,73.07692307692307,BE
2026-01-05,51.17316436767578,51.21310531255653,47.66842834742047,47.98794828851014,3287800.0,0.0652670882819126,48.07398419162399,47.18098639766461,47.09847991943359,47.12967516581217,44.3151879119873,39.02794099807739,38.98544169425964,43.499286908008834,51.21310531255653,34.58198363060462,51.21310531255653,28.414164588334742,51.21310531255653,28.414164588334742,51.21310531255653,28.414164588334742,51.21310531255653,28.414164588334742,57.54686930402111,2157265.0,2401570.0,2840734.913793104,90274769.28207396,1,False,124,124,502296987.8768921,123,0.0367976657351185,1.6311228019028223,0.0318745737547772,4.855109270851288,1.9221679995921288,3.4706747790553303,-1.451342670970944,48.23757322883664,46.77975922012168,1561300.0,False,False,False,0.0692682777963034,0.1283902566832793,0.1400975714945466,0.9164345628095126,0.7653451700346023,0.1547545385412523,0.8892432374961541,False,False,0.0719475009551027,1.063820267068596,0.3873284744001095,1.3498898172187082,0.2450152476742402,1.1237850041477702,0.0,0.0,0.7594038393112515,23.0,80.0,80.0,94.0,94.0,77.0,77.0,67.0,88.0,92.0,88.0,100.0,BRKR
2026-01-05,3.1762731075286865,3.315234921387933,2.9579043062419434,3.2854573898466657,28424200.0,-0.0303030677997486,3.1663000827738053,3.1228375348761044,3.129820146560669,3.134584585825602,2.919789128303528,2.6005736887454987,2.220574098229408,2.9380526459930905,3.315234921387933,2.163836221232201,3.315234921387933,2.104280936844846,3.315234921387933,1.796579475008037,3.315234921387933,1.6239140114931272,3.315234921387933,1.3384988644377822,3.315234921387933,20478510.0,19920338.0,34231440.0862069,47720194.47423935,-1,False,209,209,224511557.64222145,209,0.0366504893937658,0.1247822216187931,0.0392857343793967,2.236010712212875,-0.7954551536466031,4.6197828049157215,2.567307488630304,3.2953834578433034,3.1365699454875013,18490500.0,False,False,True,0.1124999655410652,0.1124999655410652,0.1187499508467364,0.9473685230090098,0.6596394097329071,0.0878433229094808,0.9580838712325492,False,False,-0.0153845983290239,0.97715029759591,0.3502109854314394,1.3137739864518083,0.7679557974390345,1.5958055267753228,0.0,0.0,0.5982368824807794,14.0,37.0,37.0,93.0,93.0,92.0,92.0,38.0,88.0,85.0,88.0,53.84615384615385,BTE
2026-01-05,30.45531463623047,31.4897201276525,29.26176794134564,31.17144151490726,2298200.0,-0.0019556657426716,30.02961613486073,29.570676878097508,29.12610206604004,28.6490816116333,28.614918022155763,25.889272356033324,19.88022536277771,25.32306638088643,31.62896770355888,24.402347720464064,35.708094694058886,16.331068346924376,35.708094694058886,14.080498691369844,35.708094694058886,12.430362262395526,35.708094694058886,9.44717717143221,35.708094694058886,2566860.0,2943776.0,4657287.5,68755228.40409279,-1,False,271,271,410753961.41052246,94,0.0474373869089581,1.3266828671725432,0.0435616207883232,1.476436895365031,-0.0449822075042114,6.661924341278623,6.42000978565441,30.713914947011,29.684481716845205,1783400.0,False,False,True,0.0731547913038608,0.0777269842878966,0.156760265225447,0.4958334573886598,0.6166162099290163,0.0643159841537808,0.8528966582274026,False,False,0.0404349203798652,1.0325466068812266,-0.0407576686010885,0.9333560719716616,1.1256508970147965,1.9186709613242507,0.0,0.0,0.5511491399231849,12.0,70.0,70.0,41.0,41.0,95.0,95.0,73.0,70.0,93.0,93.0,76.92307692307693,BTU
2026-01-05,28.69662857055664,29.31856640811415,28.434247850266704,28.541144111167263,2757900.0,0.03287866747904,27.80694702845068,27.07638960864131,26.65939125061035,26.008688163757324,24.410306396484376,22.727574195861816,19.0207159948349,21.79699834778668,29.31856640811415,20.4073554814662,29.31856640811415,17.851577770763328,29.31856640811415,15.60676683270398,29.31856640811415,14.90708709405385,29.31856640811415,11.690366380047635,29.31856640811415,1659682.5,1585964.0,1236859.4827586208,52834125.39550781,1,False,17,17,195293192.84935,17,0.0369654534907633,1.0640973735965955,0.0370809194878168,4.735448147753963,0.8584488148720524,9.530193706912607,7.791731613698818,27.99694610540736,26.918272921057525,1225100.0,False,True,False,0.0308161133170457,0.0877074374405547,0.1876058247319195,0.4675091381937888,1.4663006222083226,0.1755947715055961,0.9787868946625786,False,False,0.1718253741394126,1.1629408915679351,0.2057983284736362,1.173258471415522,0.7778446072878724,1.6047314385163656,0.0,0.0,1.341852104572412,82.0,93.0,93.0,87.0,87.0,92.0,92.0,86.0,85.0,88.0,89.0,96.15384615384616,BVN
2026-01-05,18.57913589477539,19.32829458484529,17.78003214890872,17.98979757283701,22413100.0,0.059829072848208,18.0741183177924,17.643125077233144,17.324944534301757,16.90102062225342,16.496674785614015,16.446531190872193,12.153951592445374,13.534801031417633,19.707868585945334,13.534801031417633,23.59350622217566,12.036483761664828,23.59350622217566,8.56038701767104,23.59350622217566,8.25073544299905,23.59350622217566,4.574862546156672,23.59350622217566,18177365.0,18239888.0,17334589.655172415,337828819.28272724,1,False,326,326,827569323.9028931,108,0.0643432799862195,1.1451424136280122,0.061635935067897,2.0480780245974004,0.9158881816552826,8.074801368224822,9.992108300250257,18.55915883191437,16.92099902127338,20796900.0,False,False,True,0.0833333931516134,0.1499999558889952,0.2413978311913655,0.6213807106248788,1.1265211716212291,0.1262352041380723,0.7874682007760578,False,False,0.1517028222507799,1.142970903760516,-0.0069407382010967,0.9662604135453338,0.959957842311896,1.7691118531009624,0.0,0.0,1.048618130662015,59.0,91.0,91.0,50.0,50.0,94.0,94.0,90.0,83.0,86.0,93.0,84.61538461538461,CDE
2026-01-05,43.83000183105469,44.34000015258789,41.400001525878906,42.15999984741211,2743900.0,0.070591189577136,39.22728032930634,36.60901020333756,34.45040008544922,33.316666730244954,31.778400077819825,29.07640001296997,23.69980000972748,25.399999618530277,44.34000015258789,25.399999618530277,44.34000015258789,20.90999984741211,44.34000015258789,19.100000381469727,44.34000015258789,16.59000015258789,44.34000015258789,13.050000190734863,44.34000015258789,2239987.5,2198536.0,1869267.6724137927,64092348.091249466,1,False,55,55,168386363.2621765,54,0.0473163527878961,1.8421426500592912,0.0420292624481271,9.023208125594635,1.5688270418431958,7.997643957016705,4.277583489180561,41.5,39.560001373291016,1337900.0,False,False,False,0.0670773101502797,0.2381929771974587,0.3431439718734193,0.6941488026061685,0.8367977599639033,0.3792387824346905,0.9884980081240836,False,False,0.4166128336943056,1.405872434732787,0.4673585738064401,1.4277602121922708,1.3859553526772603,2.153628922146643,0.0,0.0,1.1983235643868462,73.0,98.0,98.0,95.0,95.0,96.0,96.0,97.0,95.0,95.0,94.0,100.0,CENX
2026-01-05,8.550000190734863,8.550000190734863,7.75,7.840000152587891,767100.0,0.0905612275929115,7.142230408755571,6.229284624663095,5.468400039672852,5.257666683197021,5.106099996566773,4.724300000667572,4.790625002384186,3.5,12.699999809265137,3.5,12.699999809265137,3.470000028610229,12.699999809265137,2.907999992370605,12.699999809265137,2.7300000190734863,12.699999809265137,2.7300000190734863,12.699999809265137,3171850.0,2547452.0,637877.0474137932,62221259.16377544,1,False,6,6,1175892931.520462,6,0.1098073630624658,1.0297142778124129,0.1204344157709206,5.600291474711451,0.6895116960554724,6.187790301233034,0.7343518870409138,8.869999885559082,7.5,1227200.0,True,False,False,0.0935672716828447,0.9345028763597528,1.0198829936449598,0.9162843994681515,4.709682459178818,0.6744678319037409,0.6732283715860617,False,False,0.9343891500345438,1.9197231024567996,0.5267857743465181,1.4855837012614714,1.614678972662357,2.3600811521203746,0.0,0.0,4.9725100046473525,99.0,99.0,99.0,96.0,96.0,97.0,97.0,99.0,98.0,97.0,97.0,92.3076923076923,CHRN
2026-01-05,230.8999938964844,252.6000061035156,223.2700042724609,250.33999633789065,3215900.0,-0.0616110046839261,234.1575497964768,226.4119238356861,221.0607989501953,215.74866536458333,206.11899932861328,168.10479927062988,121.89374963760376,168.22000122070312,252.6000061035156,153.27000427246094,252.6000061035156,90.0,252.6000061035156,80.83000183105469,252.6000061035156,70.7699966430664,252.6000061035156,49.209999084472656,252.6000061035156,3226130.0,3037478.0,2498572.413793104,649193833.404007,-1,False,42,42,2730978977.194214,42,0.0529395405623445,11.312857491629464,0.048994620141485,2.453874300258771,-1.3400684728262924,12.84374389087782,13.600126073554303,248.5,237.6199951171875,1985000.0,False,False,True,0.1270246972990555,0.1740147639526727,0.2501082785904711,0.6957577131527327,0.6654072885466167,0.1202266392161308,0.9140933820954122,False,False,0.1942073266491921,1.1851531497944392,0.524595566518196,1.4834525987146696,1.881567475489153,2.600982054994039,0.0,0.0,1.2911893136218475,79.0,93.0,93.0,96.0,96.0,98.0,98.0,90.0,89.0,97.0,97.0,61.53846153846154,CIEN
2026-01-05,18.15999984741211,18.309999465942383,16.639999389648438,16.719999313354492,26979000.0,0.1209875921090399,16.090994718332034,16.3713748161439,17.071999816894532,16.96299982070923,17.710699825286866,14.73859993457794,9.347299962043762,13.09000015258789,21.15999984741211,13.09000015258789,25.520000457763672,6.949999809265137,25.520000457763672,4.550000190734863,25.520000457763672,3.0799999237060547,25.520000457763672,1.8600000143051147,25.520000457763672,36555635.0,39987656.0,31441372.844827585,462648012.07499504,1,False,102,102,3091943755.0935745,63,0.0859899537223269,1.3553569657461983,0.0746341947761273,0.3399091582382,1.446112820465396,9.917807081515324,6.116390680948057,16.434999465942383,14.779999732971191,24158800.0,False,False,False,0.0919603573968051,0.2087003876665122,0.3893171670831115,0.5360677753569467,0.5282045039099066,0.0253688463221393,0.7115987273380903,False,False,-0.0252280909568839,0.967381435830826,0.2353741553089137,1.2020361604902223,2.136442135934004,2.831038933317606,0.0,0.0,1.1626602686979606,70.0,33.0,33.0,89.0,89.0,98.0,98.0,90.0,84.0,97.0,98.0,61.53846153846154,CIFR
2026-01-05,13.199999809265137,13.949999809265137,13.1899995803833,13.789999961853027,12656800.0,-0.0294118059547703,13.38113486875692,13.158445407617153,13.096399955749511,12.8839999516805,12.382800006866455,12.136500024795533,10.207950010299683,10.6899995803833,14.020000457763672,9.899999618530272,16.700000762939453,9.899999618530272,16.700000762939453,8.6899995803833,16.700000762939453,6.710000038146973,16.700000762939453,5.630000114440918,16.700000762939453,15378240.0,17905406.0,25399659.913793106,157122490.54008007,-1,False,217,217,1255537281.6810608,77,0.0368231373996783,0.44285706111363,0.0335497778418744,1.9670696852749487,-0.903227265246102,2.270161292890644,1.4163351169943943,13.600000381469728,13.270000457763672,9931400.0,False,False,True,0.0575757757472381,0.0909091500211361,0.1424242531519839,0.6382982393042641,0.5542828797068327,0.0659947509404603,0.7904191141451024,False,False,0.0130468211648366,1.005366157283207,0.0352941026874618,1.0073554985950153,0.5547703374704154,1.4033784673777627,0.0,0.0,0.6054506261971231,14.0,58.0,58.0,64.0,64.0,89.0,89.0,78.0,80.0,75.0,80.0,53.84615384615385,CLF
2026-01-05,34.2599983215332,34.7400016784668,32.93000030517578,34.59000015258789,3164200.0,-0.013817021696666,36.96212031199183,37.30614684122364,38.84639999389648,38.70900001525879,32.32459997177124,22.953149976730348,15.12187497138977,32.93000030517578,43.72999954223633,13.779999732971191,43.72999954223633,11.600000381469728,43.72999954223633,10.380000114440918,43.72999954223633,5.099999904632568,43.72999954223633,3.7200000286102295,43.72999954223633,3689822.5,3520038.0,2328208.1896551726,100963078.97687912,-1,False,182,182,756032330.6762695,56,0.053641907323187,1.8178577423095703,0.0530606489016377,1.1284040871161214,-0.2640489108480811,5.8298377025646095,7.083103873922434,35.88999938964844,34.08000183105469,2580800.0,False,True,False,0.0528313328069659,0.2235843614328965,0.3152364204954586,0.7092592952346304,0.6735523877867228,0.0598738530856415,0.7834438298688619,False,False,-0.1251277207602625,0.8682392196655817,1.1738577299477573,2.1151936746685305,2.6641707939853445,3.307381334171717,0.0,0.0,1.584833571325292,89.0,13.0,13.0,99.0,99.0,99.0,99.0,20.0,98.0,98.0,98.0,0.0,COGT
2026-01-05,186.3600006103516,200.17999267578125,179.75,197.66000366210935,5235400.0,-0.0410127162332455,187.41208352143207,182.48635774674773,182.7315997314453,176.60233306884766,162.21780014038086,133.21410011291505,106.77819986343384,130.4199981689453,200.19000244140625,108.19000244140624,200.19000244140625,85.94000244140625,200.19000244140625,84.3499984741211,200.19000244140625,73.8499984741211,200.19000244140625,45.58000183105469,200.19000244140625,4581160.0,4545046.0,3959773.275862069,718191140.9031677,-1,False,144,144,1720981652.9693604,60,0.0557375628787459,9.65499986921038,0.0518083270958847,2.8726239383865453,-0.8254791640256065,2.4915599342549326,3.703598142113558,195.9199981689453,187.0200042724609,3515100.0,False,False,True,0.1096264896376397,0.1361343369505135,0.1613544066631028,0.8436976700286399,0.601762886448234,0.1488258406233988,0.9309156218472868,False,False,0.0900795115331218,1.0818148053444092,0.6407818067088427,1.5965034193590733,1.1165246354483926,1.9104333466352632,0.0,0.0,1.1569248239351917,70.0,84.0,84.0,97.0,97.0,95.0,95.0,92.0,95.0,96.0,94.0,53.84615384615385,COHR
2026-01-05,22.559999465942383,23.25,21.40999984741211,23.229999542236328,3562600.0,-0.043257017008648,23.108492167702963,23.17558327388357,23.66960006713867,23.85100008646647,22.886000022888183,20.221799964904783,21.061449966430665,20.649999618530277,28.100000381469727,16.889999389648438,28.100000381469727,15.149999618530272,28.100000381469727,14.649999618530272,28.100000381469727,14.649999618530272,31.170000076293945,14.649999618530272,31.170000076293945,2874322.5,2878100.0,2564475.8620689656,61695832.28013039,-1,False,158,158,171938785.36834717,192,0.0454245850544234,0.994285992213658,0.0440729616910974,-0.3232036167530811,-1.025862242605635,2.9087373787320585,-0.6232486983436176,23.59000015258789,22.520000457763672,1928300.0,False,False,False,0.0815602923823486,0.16046103390642,0.3302305380896094,0.485906103156572,0.8189187311073277,-0.0142445406195826,0.7237728396125408,False,False,-0.1572656301767201,0.8363449717215546,0.0527297780996149,1.0243206522190504,-0.0509045422178813,0.8566796631227924,0.0,0.0,1.1208225986892528,66.0,10.0,10.0,68.0,68.0,35.0,35.0,42.0,80.0,84.0,81.0,26.923076923076923,CRK
2026-01-05,9.399999618530272,9.899999618530272,8.680000305175781,8.6899995803833,15361100.0,0.1576354373166422,7.999226472239548,8.181033851430314,8.347399940490723,8.175166606903076,9.24049997329712,9.280099987983704,5.8420249938964846,6.75,10.779999732971191,6.75,32.150001525878906,5.329999923706055,32.150001525878906,3.190000057220459,32.150001525878906,1.3200000524520874,32.150001525878906,1.2300000190734863,32.150001525878906,6856345.0,8179064.0,7402091.379310345,59011776.5033865,1,False,91,91,2543095300.7349014,83,0.1032175451568808,0.8046427113669259,0.0856002919171112,0.2016457186931535,1.5907678214057637,3.14117935997898,1.517535284114916,8.479999542236328,7.090000152587891,9641400.0,False,False,False,0.1297871662621667,0.3351063559960854,0.4287233932464028,0.7816376742555956,0.8316844078980187,0.0172609323839696,0.2923794454866141,False,False,0.1352656910240239,1.1266583946908937,0.1779448115366866,1.1461566137223214,1.9192545139781776,2.6349994124391163,0.0,0.0,0.9262713263935424,43.0,90.0,90.0,85.0,85.0,98.0,98.0,90.0,84.0,92.0,97.0,80.76923076923077,CRML
2026-01-05,48.18000030517578,57.9900016784668,46.85699844360352,55.0,4635700.0,0.0310293339855243,47.62167684163632,47.34789195575329,47.59879989624024,46.9793332417806,45.172999954223634,40.916699981689455,35.91329999923706,41.505001068115234,57.9900016784668,38.81499862670898,57.9900016784668,30.239999771118164,57.9900016784668,25.82999992370605,57.9900016784668,25.82999992370605,57.9900016784668,24.100000381469727,57.9900016784668,1328720.0,1310462.0,1135025.8620689656,54315119.80621338,1,False,101,101,469117560.4408264,101,0.0499305988769118,2.5127857753208707,0.0521541253508653,1.2763385278458244,0.5770490971337559,3.5573767311736875,1.6641490555650176,47.04899978637695,45.5099983215332,750200.0,False,False,True,0.2310710494882937,0.268264901824198,0.3102947419727068,0.8645486549939488,0.904482541271704,0.0665663195714101,0.8308328834393925,False,False,0.0255428006520226,1.017767395425465,0.1791483011620356,1.1473276257936258,0.6579491118587795,1.4965104668617788,0.0,0.0,1.1706517396686995,71.0,64.0,64.0,85.0,85.0,90.0,90.0,64.0,69.0,88.0,90.0,57.692307692307686,CRNX
2026-01-05,25.18000030517578,25.75,22.86000061035156,25.559999465942383,6090300.0,-0.0090515365453555,24.52777845647886,24.425045051453136,24.44239997863769,24.40533332824707,24.14420000076294,18.38800001144409,14.4381999874115,20.270000457763672,30.049999237060547,13.199999809265137,34.59000015258789,9.40999984741211,34.59000015258789,9.40999984741211,34.59000015258789,9.40999984741211,34.59000015258789,6.570000171661377,34.59000015258789,5553740.0,5544504.0,2583437.5,80407256.65089607,-1,False,53,53,407208233.9406967,53,0.0821661610877029,2.097142764500209,0.0832860500033091,0.5150992873266608,-0.1096728110883483,5.527731880129637,2.936885410556359,26.11000061035156,24.309999465942383,3706000.0,False,True,True,0.1147736042344048,0.2116759276849757,0.258538528593413,0.8187403588803776,0.6984303735735424,0.0429005850009571,0.7279560622751807,False,False,0.0746905666754693,1.0665425355608749,0.6565789882331019,1.6118742957404393,0.9324636086875852,1.744294801659019,0.0,0.0,2.149748155316318,94.0,81.0,81.0,97.0,97.0,94.0,94.0,79.0,96.0,98.0,96.0,69.23076923076923,CSIQ
2026-01-05,61.2599983215332,61.65999984741211,58.84999847412109,61.09999847412109,2344900.0,-0.0076138218724842,62.37925338178465,62.76772827437885,63.17919982910156,63.71100006103516,63.20880012512207,56.54029998779297,46.23520009994507,58.84999847412109,70.9800033569336,54.29999923706055,70.9800033569336,35.220001220703125,70.9800033569336,32.88999938964844,70.9800033569336,30.549999237060547,70.9800033569336,29.309999465942383,70.9800033569336,2020982.5,1950512.0,1990230.1724137927,133620006.62351608,-1,False,125,125,651535395.9751129,125,0.0439957560749613,2.9228575570242747,0.0477123349185087,-0.6461888444252144,-0.1608019588821931,4.158852409835119,2.480080883319893,63.959999084472656,60.84000015258789,1879700.0,False,True,True,0.0458700857049042,0.19800857354168,0.19800857354168,1.0,1.2305128089445232,-0.0308311785658199,0.8630599524415082,False,False,-0.052582820105353,0.9402341032959908,0.0753027384396662,1.0462844552186918,0.8363308513407015,1.657522730942925,0.0,0.0,1.0154516437407386,55.0,24.0,24.0,73.0,73.0,93.0,93.0,20.0,42.0,91.0,90.0,7.6923076923076925,CYTK
2026-01-05,3.220000028610229,3.2300000190734863,3.0299999713897705,3.119999885559082,62653700.0,0.0627062901037955,2.829019898782116,2.7484866504279264,2.7063999938964844,2.653333322207133,2.6796000003814697,2.610399992465973,2.136649993658066,2.200000047683716,3.2300000190734863,2.200000047683716,3.4200000762939453,2.140000104904175,3.4200000762939453,1.8600000143051147,3.4200000762939453,1.5099999904632568,3.4200000762939453,1.0800000429153442,3.4200000762939453,48939927.5,57013548.0,79797146.12068966,110769218.02214263,1,False,203,203,639211882.9161286,203,0.0558331940473444,0.1585714306150163,0.0492457854677276,4.095211395606782,1.1981985436061668,2.0589505940101214,-1.5905260371145848,3.069999933242798,2.740000009536743,68389300.0,False,False,False,0.0621118154989697,0.1987577947880958,0.2329192525888592,0.8533334732055664,0.6795062114008411,0.2016719018330453,0.941520455198222,False,False,0.1925925821270309,1.1835506478554143,0.1500000298023229,1.1189659541174082,0.7790055969092522,1.605779379679267,0.0,0.0,0.6133042330358597,14.0,93.0,93.0,83.0,83.0,92.0,92.0,93.0,88.0,85.0,87.0,100.0,DNN
2026-01-05,50.61000061035156,52.1349983215332,48.15999984741211,49.33000183105469,2432100.0,0.0334898784718651,48.83088340191338,48.01779444117378,47.6331999206543,47.10000012715658,45.73419998168945,40.62619993209839,35.23084991455078,42.0099983215332,52.1349983215332,37.09099960327149,52.20000076293945,30.76000022888184,52.20000076293945,25.559999465942383,52.20000076293945,25.559999465942383,52.20000076293945,25.450000762939453,52.20000076293945,1900215.0,2191004.0,2077481.4655172413,71598844.59329605,1,False,146,146,515651118.45817566,61,0.0435407080166627,1.933142525809152,0.0381968484982344,2.7911123630922483,0.8483592739557504,4.394355832862874,2.076316813719914,49.78900146484375,47.20000076293945,1099000.0,False,False,False,0.0785417590630904,0.1231969318407598,0.1644931208821093,0.7489488385903623,0.5860920381706286,0.1066116960745837,0.9695402274071088,False,False,0.1028546803983578,1.094493116121712,0.3542949439896876,1.3177477346833557,0.7530307980308129,1.582333811827891,0.0,0.0,0.9146724202070768,42.0,86.0,86.0,93.0,93.0,92.0,92.0,73.0,82.0,89.0,91.0,96.15384615384616,DOCN
2026-01-05,36.278358459472656,37.28443263259673,35.88987580247171,36.02933072551188,1916000.0,0.0282326933994909,35.71131949587554,34.61659969929836,34.039898986816404,33.09512106577555,30.495138893127443,28.53738248825073,24.063200807571413,26.486590269370204,37.44380988990976,24.3449526786038,37.44380988990976,23.71739987066251,37.44380988990976,19.62338628351491,37.44380988990976,19.483928859454245,37.44380988990976,13.238314017980432,37.44380988990976,1595967.5,1678616.0,1991448.706896552,62059860.67387581,1,False,333,333,175691291.99123383,108,0.0372755845597185,1.312732397878282,0.0361849999179197,5.2409557072413495,0.7588087451001486,8.453112043215256,7.050539810177997,36.45765678138421,34.21640729564678,1186500.0,False,True,True,0.0384404611824682,0.0889622003671521,0.1864360696019919,0.4771726874368824,0.9079444018167347,0.1896439818363493,0.9688746568828412,False,False,0.1843901893480461,1.175410443536671,0.2493996475725319,1.2156831586867562,0.7442529995255196,1.5744107294816252,0.0,0.0,0.8014102971736267,27.0,93.0,93.0,89.0,89.0,92.0,92.0,89.0,89.0,86.0,89.0,84.61538461538461,EGO
2026-01-05,13.460000038146973,13.760000228881836,12.899999618530272,13.284000396728516,13011400.0,0.0377794727085547,12.51129594996499,12.926235788355124,13.436200141906738,13.395833428700763,14.175600070953369,12.135300011634827,8.604325000047684,11.173999786376951,16.489999771118164,11.173999786376951,19.86000061035156,6.510000228881836,19.86000061035156,4.820000171661377,19.86000061035156,3.690000057220459,19.86000061035156,3.069999933242798,19.86000061035156,20575722.5,20368008.0,14686705.172413792,188429894.2152357,1,False,220,220,820825581.5803528,76,0.0759918998412212,0.8588571548461914,0.0638081093916868,-0.7911394167025504,0.5705253409758411,5.741706765985518,3.7547276747695904,13.119999885559082,11.630000114440918,15219500.0,False,True,False,0.0638930615092299,0.192124846595535,0.3949479918035022,0.4864560665778054,0.5827668567294357,-0.0504811104450316,0.6777441905581444,False,False,-0.0066420775882667,0.9858265347633072,0.0682539389397169,1.0394258756939605,1.613592192018524,2.359100194021573,0.0,0.0,1.4009760704291672,84.0,42.0,42.0,72.0,72.0,97.0,97.0,73.0,62.0,95.0,96.0,46.15384615384615,EOSE
2026-01-05,14.259403228759766,14.633600305390932,13.830323609700333,13.870237926475696,10073300.0,0.0430657510722907,14.15692802631097,14.015392142023346,14.117307510375976,13.860924339294431,12.961787033081055,11.547421960830688,8.99410076379776,11.749787517051896,15.067667869058146,10.218073315823936,15.067667869058146,8.052720895879157,15.067667869058146,5.992142139910913,15.067667869058146,5.597988281642086,15.067667869058146,5.57803076603335,15.067667869058146,9352580.0,9700506.0,13058023.706896553,133138694.62748528,1,False,108,108,732758561.71875,108,0.0452144122538098,0.6901622294200266,0.0484004988391126,2.068385754903601,0.8530421728347993,12.192093969505189,12.34767797815199,14.359188864581077,13.291479272472271,7809600.0,False,False,True,0.0563331215762573,0.1195941683787649,0.1245626179504822,0.9601128359899088,0.897378961468608,0.1001109023290489,0.9463576814061468,False,False,0.0370102503475064,1.0291479018278544,0.3122130479476008,1.2768014670872607,1.422033929055074,2.1861944374526816,0.0,0.0,0.7162324261258973,20.0,69.0,69.0,92.0,92.0,97.0,97.0,75.0,84.0,92.0,95.0,73.07692307692307,EQX
2026-01-05,23.56999969482422,23.8700008392334,22.979999542236328,23.63999938964844,986000.0,-0.0075789602179275,24.107027068631563,23.73530914479711,23.8376001739502,23.79733346303304,21.75410015106201,18.312850074768065,16.591875047683715,19.76000022888184,27.38999938964844,14.25,27.38999938964844,13.6850004196167,27.38999938964844,12.300000190734863,27.38999938964844,12.149999618530272,27.38999938964844,10.600000381469728,30.479999542236328,1656912.5,1520048.0,1250062.9310344828,47251450.32963753,-1,False,278,278,98879860.31723022,12,0.0876662259767191,2.305142947605678,0.0977998717629117,0.8535174617508559,-0.0780863960574528,2.599939034421209,1.0308305401513913,25.07999992370605,23.65999984741211,1003000.0,False,True,True,0.0377599197505508,0.3237165574695398,0.3237165574695398,1.0,1.331161910676505,0.0834738983066396,0.7732939648559746,True,False,0.0107204118040999,1.0030573861677892,0.5060703047504438,1.4654272624781213,0.8691514937784661,1.6871475454718683,0.0,0.0,1.3254632697802111,81.0,56.0,56.0,96.0,96.0,93.0,93.0,71.0,93.0,91.0,90.0,34.61538461538461,EWTX
2026-01-05,9.770000457763672,10.460000038146973,9.25,9.329999923706056,20344000.0,0.0831485545385379,9.533763009779625,9.339019913527975,9.33599994659424,9.058666626612345,8.56019998550415,7.767699995040894,6.098850003480911,6.909999847412109,10.460000038146973,6.599999904632568,10.460000038146973,5.630000114440918,10.460000038146973,4.909999847412109,10.460000038146973,3.7300000190734863,10.460000038146973,2.950000047683716,10.460000038146973,14070245.0,13632146.0,13204621.98275862,142437389.50059414,1,False,89,89,296142927.39219666,89,0.0705107369673787,0.6864284106663295,0.0702587900209219,2.0115423137837976,1.0926121185339055,2.2001846617891774,1.8013481051422704,9.90999984741211,8.710000038146973,16852000.0,False,False,True,0.1238485139665938,0.1791197459575729,0.2210849279639161,0.8101852424187301,1.1339872680354215,0.1413285290423354,0.9340344571828954,False,False,0.0952915217712511,1.0869872994437475,0.2688312597109128,1.2345903863850023,0.8645039855944212,1.6829525767647455,0.0,0.0,1.0655545473677044,61.0,85.0,85.0,90.0,90.0,93.0,93.0,91.0,88.0,91.0,91.0,80.76923076923077,EXK
2026-01-05,22.25,23.56999969482422,21.709999084472656,23.1299991607666,3825900.0,-0.0330291273933971,20.963759882905837,20.711132763519775,21.217199935913087,20.4299999554952,19.90619997024536,15.296500029563903,10.615400012731552,14.579999923706056,25.850000381469727,12.979999542236328,25.850000381469727,6.602000236511231,25.850000381469727,6.602000236511231,25.850000381469727,4.402999877929688,25.850000381469727,3.4600000381469727,25.850000381469727,6099712.5,6297288.0,6010687.5,102737829.25123216,-1,False,328,328,404963018.0873871,82,0.097247222716557,1.7721429552350725,0.0796468743925875,1.4783029910228485,-0.4288594363319989,6.129230705223656,2.3561171570287955,23.1200008392334,20.13999938964844,6109700.0,False,False,False,0.0835955330495084,0.2094381953893082,0.3312359927745347,0.632292987350165,0.5781647591788719,0.1177422126401832,0.860734996969271,False,False,0.1209067794663978,1.1124083487563328,0.6134880392711881,1.5699462056800584,1.7882205447141497,2.5167245479601843,0.0,0.0,1.0148111176966028,55.0,89.0,89.0,97.0,97.0,98.0,98.0,94.0,94.0,99.0,98.0,69.23076923076923,FLNC
2026-01-05,62.68999862670898,63.09999847412109,60.369998931884766,60.72999954223633,877700.0,0.0591316114412048,58.3178184325544,57.154825483906365,57.19679962158203,56.21899973551432,53.93519989013672,44.097399940490725,37.67269994735718,47.33000183105469,63.09999847412109,37.13999938964844,63.09999847412109,27.809999465942383,63.09999847412109,26.07999992370605,63.09999847412109,26.07999992370605,63.09999847412109,22.57999992370605,63.09999847412109,820400.0,1055482.0,898256.0344827586,49430652.74833679,1,False,333,333,303336300.0,67,0.0331097085506373,2.1307135990687778,0.0339880945245545,4.775810175745871,1.642642165296014,11.736759858207808,7.217481470514294,60.0,57.84999847412109,550500.0,False,False,False,0.0435476089015771,0.1256978373909344,0.1545700883550597,0.8132093261291053,0.7180889868325562,0.1623206876845799,0.9935023794401476,False,False,0.0948306053850123,1.0865298776085663,0.5794910757321716,1.536866689369029,0.8045479446699821,1.6288346052581155,0.0,0.0,0.9133253421140772,41.0,85.0,85.0,97.0,97.0,92.0,92.0,87.0,94.0,96.0,95.0,100.0,FORM
2026-01-05,272.0,280.5,263.2300109863281,278.3900146484375,2006800.0,-0.0085295486226097,268.2567364713706,265.70486258889474,264.0932012939453,263.016667175293,260.1486013793945,236.68490097045895,195.7597505950928,241.0,285.989990234375,216.6300048828125,285.989990234375,187.63999938964844,285.989990234375,165.57000732421875,285.989990234375,135.5,285.989990234375,116.55999755859376,285.989990234375,1893882.5,2092000.0,3313437.068965517,499527008.4683991,-1,False,202,202,3872466043.359375,237,0.0452461250366265,11.167140415736608,0.0410556632931492,1.1096219457559895,-0.2095430209324787,2.204945820893463,0.8470401527137426,277.57000732421875,265.8599853515625,1476600.0,False,False,True,0.0634926066679113,0.0937131993910845,0.1359926111557904,0.6891050814792326,0.8676434034416826,0.045556264987647,0.951082238147881,False,False,0.0622510450417337,1.0541973272229523,0.181940617167712,1.150044587934945,0.5362024384417385,1.3866185710424077,0.0,0.0,0.5715764206716278,13.0,77.0,77.0,86.0,86.0,88.0,88.0,55.0,71.0,82.0,85.0,80.76923076923077,FSLR
2026-01-05,9.970000267028809,10.329999923706056,9.65999984741211,9.68000030517578,8996800.0,0.0450734074313621,9.873810554096307,9.742373717636111,9.761200065612792,9.615666707356771,9.056600036621091,8.627900052070618,7.476650030612945,7.900000095367432,10.380000114440918,7.690000057220459,10.380000114440918,7.320000171661377,10.380000114440918,6.170000076293945,10.380000114440918,6.0,10.380000114440918,4.130000114440918,10.380000114440918,7860615.0,9093920.0,14826855.172413792,71800784.58196163,1,False,97,97,317869441.3533211,97,0.0451919815579715,0.463571412222726,0.0464966298702895,2.169074418307182,0.9275815847099405,2.062520319477298,1.3749449589336171,10.039999961853027,9.220000267028809,7771800.0,False,False,True,0.0672016106669186,0.1163490287205182,0.1213640928524838,0.9586775296210446,0.7710184386931048,0.1008546503891425,0.960500978526801,False,False,0.0439790647021576,1.0360638804007891,0.1164613579296574,1.086332361944129,0.4705014688060946,1.327315068878534,0.0,0.0,0.5301606381523927,11.0,72.0,72.0,79.0,79.0,87.0,87.0,81.0,76.0,77.0,84.0,73.07692307692307,FSM
2026-01-05,225.1875915527344,225.5563534316503,208.31472442657144,211.96236321739397,3023000.0,0.0741621176881954,192.4067590413025,183.05137465728487,177.9433459472656,175.24650980631512,171.5295901489258,167.10142288208007,140.49477664947509,151.586775708543,225.5563534316503,148.99555718677493,225.5563534316503,144.69956874149958,225.5563534316503,109.05786197011494,225.5563534316503,107.63881419408152,225.5563534316503,80.61986123825102,225.5563534316503,1028542.5,1190654.0,1546993.5344827587,197311413.2061005,1,False,192,192,1026063628.515625,159,0.0397291931125418,8.387815242430225,0.0372481235959485,8.398293398879623,1.8535653006044777,6.064256979663591,1.2443647169878451,209.909306269177,197.3617919852284,1921700.0,False,False,False,0.076565626401494,0.2713875311007014,0.2843549966119432,0.954396913485792,1.0571081103326407,0.3128206705165068,0.9983651009013688,False,False,0.3214223004284759,1.3114036119303367,0.3344722575530063,1.2984599862772934,1.0353976649857295,1.8372059118643325,0.0,0.0,0.6648654160949004,16.0,97.0,97.0,92.0,92.0,95.0,95.0,94.0,90.0,87.0,92.0,100.0,FTAI
2026-01-05,43.17253112792969,44.4163030559814,43.17253112792969,43.24054967357422,2886900.0,0.019972403997545,43.14989126302105,42.74720954889198,42.53470840454101,41.95337409973145,40.54447723388672,38.579801597595214,30.814819107055666,36.5066832235826,46.25281081805856,34.456402759663746,46.25281081805856,30.861119950102022,46.25281081805856,22.74744381749303,46.25281081805856,21.766029592963665,46.25281081805856,16.401614386678382,46.25281081805856,3076182.5,3249528.0,3510029.7413793104,115517069.18563844,1,False,273,273,263224861.6382599,75,0.0403721201225044,1.7934763850339834,0.0415420717335177,1.5603226421431036,0.4713611330985759,3.969704802534527,5.940870418091973,43.05592939217812,40.90847450989221,1357700.0,False,True,True,0.028809335370357,0.123790201050059,0.1467475920029256,0.843558653061858,0.6881307069826756,0.0648190351273407,0.9334034054223094,False,False,0.0879040365249961,1.0796558242356484,0.0543427022293439,1.025890049732937,0.790088620096459,1.615783221223916,0.0,0.0,0.8763978446493662,37.0,83.0,83.0,69.0,69.0,92.0,92.0,69.0,71.0,80.0,90.0,61.53846153846154,GFI
2026-01-05,101.87000274658205,103.5500030517578,97.30999755859376,101.0999984741211,2909200.0,0.0012778148765697,101.62370635226488,101.32214536981832,102.45519927978516,103.16499938964844,97.864599609375,79.74799987792969,62.70154987335205,96.27999877929688,112.43000030517578,61.0,112.43000030517578,53.400001525878906,112.43000030517578,40.34999847412109,112.43000030517578,39.70000076293945,112.43000030517578,34.880001068115234,112.43000030517578,2149647.5,2597246.0,2400998.706896552,186750311.61231995,1,False,67,67,1025325954.6325684,67,0.036434687055413,3.277143750871931,0.0321698602386843,1.2722470012551572,0.0396701801005556,4.825364086917706,5.817160083559367,102.8000030517578,100.76000213623048,1093300.0,False,False,True,0.0612545923718788,0.0808873823658162,0.1232943675268053,0.6560509128548034,0.5722600015554938,0.0409280082194636,0.906074913013163,False,False,-0.0385994372709462,0.954111467670801,0.6211012491919417,1.5773539643601486,1.0563181442060263,1.8560893117835484,0.0,0.0,0.8953138932667566,39.0,29.0,29.0,97.0,97.0,95.0,95.0,28.0,94.0,93.0,95.0,30.76923076923077,GH
2026-01-05,88.38931274414062,93.262733349308,86.37615698285842,91.72795356802725,9762200.0,-0.0218373749557371,88.5461354363658,87.9069265337388,87.70005126953124,86.59208704630534,86.23625839233398,81.06852783203125,65.2162064743042,77.1276159759439,96.31235708049697,77.1276159759439,96.31235708049697,65.69166681146916,96.31235708049697,51.62565993807457,96.31235708049697,48.56907097794812,96.31235708049697,36.69971557983144,96.31235708049697,6303502.5,6672484.0,6254456.8965517245,539085264.511261,-1,False,160,160,1244678002.4841309,17,0.0339135676756092,2.503627841811337,0.0283250063167541,0.8814447041112443,-0.7881690031550068,7.072456440362795,8.97798855914891,90.4124281281078,87.84117342151741,4587000.0,False,False,True,0.0779118668609185,0.0779118668609185,0.1332732091544982,0.5846026170991234,0.7207345869993843,0.0249669268118204,0.9177359523063658,False,False,0.0615200489502505,1.0534718733583042,0.065013809812068,1.0362731851836768,0.7059092991296381,1.539800650939277,0.0,0.0,1.0078417046051298,54.0,77.0,77.0,71.0,71.0,91.0,91.0,60.0,47.0,76.0,86.0,46.15384615384615,GLW
2026-01-05,62.77000045776367,68.25,61.9900016784668,68.1500015258789,1275000.0,-0.0785379047725713,65.97679960783674,61.671091393350665,58.54920051574707,54.5360003789266,45.83970012664795,34.672300052642825,27.71600004196167,30.940000534057617,94.9000015258789,25.59000015258789,94.9000015258789,18.263999938964844,94.9000015258789,15.800000190734863,94.9000015258789,15.800000190734863,94.9000015258789,13.220000267028809,94.9000015258789,1838837.5,1633926.0,1081081.0344827587,162376921.4981079,-1,False,28,28,1366009665.5273438,28,0.1214036773221276,4.210142953055246,0.0670725334132846,5.506532208771101,-1.270741242868234,8.06683837922738,7.96671222695449,70.4000015258789,65.5999984741211,920400.0,False,False,True,0.0997291425184136,0.1613828420302697,0.9939461964211128,0.1623657725250708,0.6455922728446698,0.3693370655641277,0.6614330816490714,False,False,0.9851359516689208,1.9700851547209808,1.3009530380434238,2.238859169452525,2.351308168279274,3.024982923563036,0.0,0.0,1.7009247608157223,91.0,99.0,99.0,99.0,99.0,98.0,98.0,98.0,98.0,99.0,98.0,38.46153846153847,GPCR
2026-01-05,64.08000183105469,66.66000366210938,62.59999847412109,64.73999786376953,644400.0,0.0014064721085664,63.0667698021114,63.07335076118548,64.59480056762695,63.67166709899902,59.298000259399416,47.18920017242432,34.61830006599426,53.869998931884766,74.87999725341797,40.5,74.87999725341797,27.63999938964844,74.87999725341797,22.350000381469727,74.87999725341797,17.90999984741211,74.87999725341797,17.239999771118164,74.87999725341797,900830.0,1094072.0,886054.9439655172,50365318.8366127,1,False,67,67,284083625.17089844,67,0.0654925081287773,4.407143456595285,0.0687756449853826,1.172559784229498,0.0204214256863378,7.5979351996943185,7.95933193641269,64.30000305175781,60.22999954223633,656000.0,False,True,True,0.0633583812730277,0.1398252001942114,0.2974406525275226,0.4700944507956027,0.6122540381254615,0.0806435554443047,0.8557692866118487,False,False,-0.0165746128047367,0.9759693055079204,0.5210064136350478,1.4799603032570292,1.4162896200967223,2.181009466201409,0.0,0.0,1.0166751013976147,55.0,37.0,37.0,96.0,96.0,96.0,96.0,70.0,92.0,96.0,97.0,53.84615384615385,GSAT
2026-01-05,19.721567153930664,20.451254702261977,19.101833202880364,19.391708268621063,22053100.0,0.0455747789887197,19.36112011213793,18.740878114634683,18.5568669128418,17.862765248616537,16.12313097000122,13.431684393882753,9.584097089767456,12.790704417775537,21.18094559598548,11.80142443702151,21.18094559598548,7.774350975356743,21.18094559598548,5.61299748936452,21.18094559598548,5.2734215440371015,21.18094559598548,4.450893518139236,21.18094559598548,21656817.5,20659100.0,22496485.344827585,486686798.5501576,1,False,108,108,2748496512.6874924,17,0.0617534521588423,1.1223764018915392,0.0569111162987795,3.9216363463948896,0.7659005267033708,13.336620087313626,14.97043904476001,19.6715918635877,18.03229317713329,17776600.0,False,False,True,0.0684236444725267,0.1596552847081747,0.2711607106763927,0.5887847258916123,1.5001456985057433,0.2231847021912005,0.9310994669505492,False,False,0.1365205532664062,1.1279037428862446,0.6584789164610165,1.613722952216273,2.205546953770709,2.893414842483637,0.0,0.0,0.9626755987898952,48.0,90.0,90.0,97.0,97.0,98.0,98.0,95.0,94.0,97.0,98.0,76.92307692307693,HL
2026-01-05,58.25,59.7599983215332,52.75,52.97999954223633,9875400.0,0.1361419832244095,49.505539528789306,46.96556847054154,44.979199981689455,43.80566647847493,44.2279997253418,39.28184976577759,27.922149896621704,31.670000076293945,59.7599983215332,31.670000076293945,59.7599983215332,24.20199966430664,59.7599983215332,18.68000030517578,59.7599983215332,14.880000114440918,59.7599983215332,10.039999961853027,59.7599983215332,7279092.5,7480992.0,6283496.120689655,329963867.2785187,1,False,19,19,909724396.5435028,19,0.1040786304296033,5.455286298479352,0.0936529836648815,3.385252403117476,1.279492800255412,6.818100843050609,4.149110656020158,52.61000061035156,46.80099868774414,6546000.0,False,False,False,0.1203433188246043,0.3392274389962781,0.4391415968473377,0.772478493113934,0.928669620285652,0.3170389880106621,0.9747322897599696,False,False,0.4555222222317541,1.4444868221617455,0.4526185091401482,1.4134179251525874,1.7476414105526397,2.480096705419948,0.0,0.0,1.1584462471508732,70.0,98.0,98.0,95.0,95.0,98.0,98.0,98.0,96.0,97.0,97.0,100.0,HUT
2026-01-05,28.149999618530277,28.989999771118164,25.040000915527344,25.100000381469727,6654100.0,0.1536885269929311,23.26007736214882,19.908573392347694,17.08439987182617,15.890333207448323,12.845999927520753,9.386899967193605,6.372899990081788,9.1899995803833,29.799999237060547,6.480000019073486,29.799999237060547,4.019999980926514,29.799999237060547,3.220000028610229,29.799999237060547,2.930000066757202,29.799999237060547,2.220000028610229,29.799999237060547,3234175.0,2865108.0,1124168.103448276,109242017.90478706,1,False,14,14,498006113.2972717,14,0.1224319233918485,3.1291427612304688,0.1111596022605503,10.71741502620158,1.198411285819824,21.018726621195185,15.387863676781045,24.71999931335449,22.350000381469727,3367900.0,False,False,False,0.1403196770557204,0.5158081598882612,0.6667850713480524,0.7735748475073712,2.7342738912459845,1.1913435915738133,0.9446308838666592,False,False,1.460664392575712,2.442008259680357,3.5112180530554715,4.38947763665414,7.796874749707062,7.940301089126578,0.0,0.0,2.8769496217509496,97.0,99.0,99.0,99.0,99.0,99.0,99.0,99.0,99.0,99.0,99.0,100.0,HYMC
2026-01-05,16.31999969482422,16.920000076293945,16.270000457763672,16.469999313354492,10916500.0,0.0061652518929142,16.556233647735947,16.1936592685845,16.06759994506836,15.704999955495198,14.435599975585935,12.783500022888184,9.892650020122527,12.630000114440918,17.90999984741211,10.869999885559082,17.90999984741211,8.859999656677246,17.90999984741211,6.690000057220459,17.90999984741211,6.690000057220459,17.90999984741211,5.019999980926514,17.90999984741211,7663667.5,8828264.0,13275959.051724138,114690263.996253,1,False,271,271,348386350.6877899,108,0.0408102136967811,0.7199999264308384,0.0441176433758869,2.95887001168324,0.1388894328995912,10.512262769408242,11.379325442694617,16.780000686645508,15.6899995803833,9487400.0,False,False,True,0.0398284087429497,0.1360294306704471,0.1893382481843957,0.718446652881084,0.8203220927693146,0.1305383719710475,0.911222771293455,False,False,0.0858283423001775,1.0775958673976207,0.2289156643810319,1.1957519593806645,1.175999959309896,1.9641174096997485,0.0,0.0,0.5772590492439584,13.0,83.0,83.0,88.0,88.0,95.0,95.0,84.0,89.0,93.0,95.0,57.692307692307686,IAG
2026-01-05,19.709999084472656,20.850000381469727,19.32999992370605,20.82999992370605,2107300.0,-0.0533141511345701,20.97705219414926,20.61314694814585,20.439599914550783,20.08699989318848,18.64759992599487,15.03004997253418,11.84377499103546,16.809999465942383,25.299999237060547,13.489999771118164,25.299999237060547,8.664999961853027,25.299999237060547,8.47700023651123,25.299999237060547,7.960000038146973,25.299999237060547,5.150000095367432,25.299999237060547,2204137.5,2006878.0,1315015.0862068965,65067061.7089653,-1,False,21,21,293115544.0979004,21,0.066075566335662,1.6823569706508092,0.0853555072955915,0.6674722690513072,-0.6597889922982075,2.2502900588429027,0.97593466256533,21.5,20.209999084472656,2108800.0,False,False,False,0.0771182409115946,0.1623033766362458,0.3292744836417025,0.4929120982628432,1.2223712652189125,0.0569724341306139,0.7790513707052049,False,False,0.0175528255295993,1.009837998266523,0.5920839177926585,1.5491196990786762,1.268124284949998,2.0472713597135885,0.0,0.0,1.6761309608680903,90.0,61.0,61.0,97.0,97.0,96.0,96.0,67.0,88.0,96.0,94.0,30.76923076923077,IMNM
2026-01-05,24.96999931335449,25.899999618530277,24.700000762939453,25.780000686645508,1930100.0,-0.0362794496176542,25.71169290023808,25.381672080248965,25.00599998474121,24.71666673024496,23.99480007171631,20.070450019836425,18.003800044059755,21.86000061035156,27.690000534057617,16.079999923706055,27.690000534057617,14.470000267028809,27.690000534057617,14.31999969482422,27.690000534057617,14.31999969482422,27.690000534057617,12.720000267028809,27.690000534057617,1671317.5,1782672.0,1610106.0344827587,51587693.358011246,-1,False,292,292,174309592.25177765,292,0.0498288963368327,1.105928557259696,0.0442902918570855,0.9176301554877624,-0.8499649709623013,3.3938957090486914,1.3833761534900837,26.6200008392334,25.479999542236328,1734000.0,False,False,True,0.0480576246932067,0.1177412377875641,0.2146576194531539,0.5485071440161925,0.8291990899054902,0.0406421074034157,0.9017695497203898,False,False,0.0995156459705473,1.091179397405469,0.4775147856202162,1.4376423469295838,0.5207064066585749,1.3726314265682755,0.0,0.0,1.0380170400000428,58.0,86.0,86.0,95.0,95.0,88.0,88.0,59.0,91.0,91.0,87.0,46.15384615384615,IMVT
2026-01-05,17.305889129638672,17.71700194803919,17.296100506939986,17.52123322804318,16098800.0,-0.0258952977576504,17.830952944456676,17.780188267696577,17.77416603088379,17.6439151763916,17.1606538772583,16.678438806533812,16.878072361946106,16.640278261357548,29.365195300904062,15.25580214402823,29.365195300904062,15.25580214402823,29.365195300904062,15.25580214402823,29.365195300904062,15.25580214402823,29.365195300904062,15.043411749831424,29.365195300904062,13846955.0,13552538.0,14297127.155172411,323824594.94882584,-1,False,17,17,2349441926.451874,17,0.0499639990869407,1.2571097558977191,0.0726405760767731,0.1165088544512503,-0.3659619976892763,2.8334464731728053,-1.391811760668148,17.932346382237615,17.648483786615675,8327700.0,False,False,True,0.0243212838095878,0.6973981344474307,0.7002261826301714,0.99596123616498,1.603363148658945,0.0084632703053837,0.5893333571360881,False,False,0.0011325160768953,0.9935421834325314,0.1057241549544698,1.0758849147612377,-0.0464451370201692,0.860704844901063,0.0,0.0,0.9685131040462523,49.0,48.0,48.0,78.0,78.0,36.0,36.0,20.0,44.0,40.0,35.0,15.384615384615383,INFY
2026-01-05,62.0099983215332,62.619998931884766,55.209999084472656,56.0,2164800.0,0.1702207276345833,54.099765038808,54.27815617289714,54.19120010375977,54.282000096639,59.31380012512207,60.86490013122559,51.48625008583069,47.5099983215332,62.619998931884766,47.5099983215332,93.5,36.25,93.8499984741211,36.25,93.8499984741211,36.25,93.8499984741211,26.40999984741211,93.8499984741211,1186102.5,1184334.0,2077693.5344827587,51752412.92732239,1,False,318,318,795302049.0398407,318,0.0538560959647163,3.182142530168806,0.0513166040364783,0.8858050584001195,2.8345671375656183,3.59488154406558,-0.7838308527381475,53.79999923706055,51.90999984741211,900400.0,False,False,False,0.1194968561197164,0.2265763524812357,0.2436703921842319,0.9298476948727036,0.7851923528329002,0.0454565074354285,0.6607352086279714,False,False,0.0395640693258059,1.0316823583988326,-0.2630140388477093,0.7170975459310742,0.2161207350522638,1.0977040223707248,0.0,0.0,0.5708746166432481,13.0,70.0,70.0,17.0,17.0,75.0,75.0,85.0,77.0,91.0,86.0,100.0,INOD
2026-01-05,175.1999969482422,176.1199951171875,167.38999938964844,176.1199951171875,2261800.0,-0.0108400983619889,178.0623603086091,182.8495234061515,189.45919982910155,191.84466603597005,189.0643994140625,167.44889945983886,126.18579975128172,161.02000427246094,212.75,154.7899932861328,212.75,131.5399932861328,212.75,101.5500030517578,212.75,69.58999633789062,212.75,60.400001525878906,212.75,3234745.0,3100768.0,2820635.3448275863,686923333.9154053,-1,False,192,192,3337328366.0980225,17,0.0344879379155669,8.043572562081474,0.0459108030946925,-1.5972632803233353,-0.2386996765587038,6.030500931240463,9.653408232491907,177.89999389648438,173.5500030517578,1831500.0,False,True,True,0.0498287436050474,0.0726597942310454,0.2606735100711058,0.2787386958161782,1.1365732618499675,-0.0733316399533072,0.8235017482878598,False,False,-0.1527227102112572,0.8408534484208555,0.1147874323350004,1.0847036091601234,0.8071170960611234,1.631153591963012,0.0,0.0,1.1468143182463475,69.0,10.0,10.0,79.0,79.0,92.0,92.0,40.0,43.0,75.0,87.0,7.6923076923076925,INSM
2026-01-05,39.369998931884766,42.09999847412109,39.27000045776367,41.59000015258789,96665400.0,-0.0002539902478206,37.75616411819922,37.74746052791457,38.69159973144532,38.12799987792969,38.05840003967285,33.9143999671936,27.59844994544983,32.88999938964844,44.02000045776367,32.88999938964844,44.02000045776367,23.68000030517578,44.02000045776367,18.96999931335449,44.02000045776367,18.96999931335449,44.02000045776367,17.670000076293945,44.02000045776367,76627470.0,85703124.0,101985852.5862069,2636887568.036003,-1,False,109,109,16015867400.115969,109,0.0402353384610787,1.4764289855957031,0.0375013722542923,0.9189742757974796,-0.0067745461028273,7.09170846176299,5.373041850675188,39.86000061035156,37.7599983215332,95396400.0,False,False,False,0.0718820953298395,0.1816103100117444,0.2001524328651536,0.9073599926417016,0.770884384564558,0.0344627964088,0.8943661636182741,False,False,-0.1003199167740421,0.8928589371783255,0.0689654350950472,1.0401181713058454,0.789545405994762,1.615292901235732,0.0,0.0,0.7513539187724897,22.0,16.0,16.0,72.0,72.0,92.0,92.0,72.0,61.0,90.0,92.0,57.692307692307686,INTC
2026-01-05,48.2400016784668,48.29999923706055,44.16999816894531,44.79999923706055,47924800.0,0.1297424078815396,41.635889302859056,42.1372113937285,41.923599853515626,42.60766665140788,49.085599975585936,44.318450088500974,27.52552502155304,33.34000015258789,54.060001373291016,33.34000015258789,76.87000274658203,22.040000915527344,76.87000274658203,14.720000267028809,76.87000274658203,8.3149995803833,76.87000274658203,5.125,76.87000274658203,36580600.0,36669122.0,27068034.913793106,1241754806.7948914,1,False,34,34,5449857425.0,63,0.0810271072475861,3.485642841884068,0.0722562753027427,-0.2384154663781991,1.589377101106793,7.807030496374455,5.25774415059491,42.75,38.06999969482422,30533300.0,False,False,False,0.0856136178361446,0.2406716460694899,0.3227611764734722,0.7456647937000898,0.7092378704895088,-0.0172270135750549,0.6275530109905161,False,False,0.0973612985243645,1.089041383674839,-0.0439951931487249,0.9302059157537986,1.8460176700370283,2.5688938228682896,0.0,0.0,1.3514316837739693,82.0,85.0,85.0,41.0,41.0,98.0,98.0,92.0,87.0,96.0,98.0,84.61538461538461,IREN
2026-01-05,2.880000114440918,2.950000047683716,2.680000066757202,2.7850000858306885,55181800.0,0.1076923923379602,2.5898669760476345,2.665874719730983,2.750800008773804,2.7486666679382323,3.1009000062942507,2.893899998664856,1.9444299992918967,2.240000009536743,3.566999912261963,2.240000009536743,6.599999904632568,1.2300000190734863,6.599999904632568,1.0099999904632568,6.599999904632568,0.699999988079071,6.599999904632568,0.6729999780654907,6.599999904632568,56341332.5,61728620.0,45430100.862068966,103484056.34919643,1,False,87,87,1237312860.9526155,83,0.0871137057344346,0.2355714866093226,0.0817956518224143,-0.8709185156872903,1.1885997488002806,7.993914577759747,6.50764556926413,2.650000095367432,2.369999885559082,40983800.0,False,False,False,0.0937499896519718,0.2187500310440845,0.3194444582418154,0.6847826763001585,0.5501331473148112,-0.0712373476748514,0.4363636600084544,False,False,-0.0739549158884522,0.9190240453187724,-0.0431893277190114,0.9309900339764776,1.7961166936295712,2.523851829138664,0.0,0.0,1.240176258271114,76.0,20.0,20.0,41.0,41.0,98.0,98.0,83.0,75.0,96.0,97.0,57.692307692307686,KEEL
2026-01-05,29.0438289642334,30.00131689045897,28.50524057896196,28.624927520919854,7930900.0,0.0289753622959241,28.54363493038984,28.126891043748746,28.064397506713867,27.64616101582845,26.27369400024414,24.52777355194092,19.691601338386537,23.757691784950534,30.00131689045897,21.95242638146605,30.00131689045897,19.818024235799506,30.00131689045897,15.036822115340852,30.00131689045897,14.64845366950159,30.00131689045897,10.228331222119444,30.00131689045897,8231212.5,8601740.0,17529253.879310343,216491796.5587044,1,False,326,326,748454889.2942429,97,0.0360412127137736,1.0244559605926111,0.0352727583492589,2.989099474977741,0.7983337242105252,8.002030693888731,9.150162265198292,28.555107921601408,27.178718605411344,7585500.0,False,False,True,0.0515109875264512,0.0971840967843313,0.128777459718495,0.7546669812929517,0.8050452582849517,0.1054337834627865,0.9680851367384452,False,False,0.0733505339180771,1.065212662591742,0.1634038407307487,1.1320080477658,0.8171876413400427,1.6402435431015077,0.0,0.0,0.4695700431217579,9.0,80.0,80.0,84.0,84.0,92.0,92.0,76.0,78.0,83.0,90.0,84.61538461538461,KGC
2026-01-05,83.98999786376953,84.47000122070312,78.76000213623047,78.76000213623047,2110200.0,0.092908256752312,76.51137267219768,73.74621989139466,70.83320037841797,69.53833363850912,71.6418000793457,68.21459999084473,55.43594995498657,55.369998931884766,84.47000122070312,55.369998931884766,88.81999969482422,51.83000183105469,88.81999969482422,44.43000030517578,88.81999969482422,42.70000076293945,88.81999969482422,25.024999618530277,88.81999969482422,1874725.0,1743036.0,1414818.3035714286,137341658.30623627,1,False,326,326,554197381.2885284,165,0.0558266836537453,4.435428619384766,0.0528090097892246,3.263841524257483,1.609765369336238,6.134423083726321,2.497072250351929,77.23999786376953,72.0,1380900.0,False,False,False,0.0679842746720173,0.1882366705644798,0.2493154300988387,0.7550141220294915,1.1393396349817215,0.1723602390049914,0.9456203349735416,False,False,0.2710350414109392,1.261398376322128,0.1568870472319432,1.125667117447363,0.8565427663046892,1.6757665612767862,0.0,0.0,1.325064140934301,81.0,96.0,96.0,83.0,83.0,93.0,93.0,94.0,90.0,88.0,90.0,100.0,KRMN
2026-01-05,72.41000366210938,73.52999877929688,70.3499984741211,72.58999633789062,995300.0,-0.0048103142364644,78.03803051310464,78.08942158153106,79.02999969482421,76.86366628011068,70.749599609375,60.35064960479736,48.68569972038269,63.68999862670898,103.0,55.2599983215332,103.0,39.84000015258789,103.0,36.650001525878906,103.0,36.650001525878906,103.0,19.44499969482422,103.0,1102297.5,1003352.0,829095.6896551724,129057888.91590118,-1,False,28,28,706825672.8744507,28,0.0548877127009554,3.492641993931361,0.0482342468898256,0.4865576400075054,-0.1002102347532994,5.533681275609498,3.844814178978051,77.82499694824219,72.15499877929688,854000.0,False,True,False,0.0439165881003788,0.2079823840123469,0.5269990572045462,0.3946541861300179,0.7381058691266873,0.0234687413342529,0.703009744292324,False,False,0.0972875588144945,1.0889682030407335,0.2506045207916807,1.2168555170139876,0.6528190228785178,1.4918799074555935,0.0,0.0,1.329517827379436,81.0,85.0,85.0,89.0,89.0,90.0,90.0,57.0,77.0,92.0,91.0,30.76923076923077,KYMR
2026-01-05,5.210000038146973,5.27899980545044,4.800000190734863,4.880000114440918,16811500.0,0.0922431989475593,4.7663788784351,4.847579951809143,4.980000019073486,4.973000017801921,5.073400011062622,4.96170000076294,3.882849999666214,4.320000171661377,5.630000114440918,4.320000171661377,10.520000457763672,2.740000009536743,10.520000457763672,2.470000028610229,10.520000457763672,2.470000028610229,10.520000457763672,2.309999942779541,10.520000457763672,13962052.5,15499062.0,16743949.137931034,55248295.93073368,1,False,103,103,1739873430.2604675,103,0.0639649284911239,0.3063571112496512,0.0588017483697778,0.4578902970297029,1.4362325569191758,3.219487927767317,1.1924986168207337,4.769999980926514,4.400000095367432,11987400.0,False,False,False,0.0919385050304031,0.1840690262509378,0.2476007586195408,0.7434105908123457,0.7337540813760214,0.0269247500269034,0.4952471303650977,False,False,-0.0076190403529575,0.98485697908234,-0.4236725597198982,0.5607745803345064,0.9961686772235252,1.8017967485971236,0.0,0.0,0.8338566000759616,31.0,42.0,42.0,9.0,9.0,94.0,94.0,73.0,62.0,93.0,93.0,61.53846153846154,LAC
2026-01-05,357.04998779296875,393.0,344.6700134277344,388.3399963378906,5787800.0,-0.0752635224705051,369.2376224360843,354.1412995320381,350.90559814453127,338.67933095296223,292.0083990478516,220.8385494995117,150.4747746658325,229.5850067138672,401.6000061035156,147.80999755859375,401.6000061035156,123.77899932861328,401.6000061035156,95.18000030517578,401.6000061035156,72.29000091552734,401.6000061035156,45.650001525878906,401.6000061035156,4508000.0,4627458.0,3228328.0172413792,1265682839.794159,-1,False,61,61,2595790925.0,61,0.0643718689097725,22.547143118722097,0.0631484214804,3.5272260950718417,-1.288854974023901,10.437235584952422,11.998652404249867,392.0,375.0,2819300.0,False,False,True,0.1353591604105843,0.175241589310736,0.2591513847997925,0.6762132081451888,0.5845174607743604,0.2227387601082624,0.8890686811915443,False,False,0.1784605414417273,1.1695257527158032,1.179659319421297,2.1208387015662886,2.9201798486484964,3.538462147915914,0.0,0.0,1.3963884636023158,83.0,93.0,93.0,99.0,99.0,99.0,99.0,95.0,98.0,98.0,98.0,53.84615384615385,LITE
2026-01-05,194.5269317626953,198.1226298598181,189.8924849044756,189.8924849044756,16268200.0,0.0524153926762684,177.82822289483568,171.68613443340567,167.6299267578125,164.2779561360677,160.84031799316406,140.94398643493653,112.70207025527954,135.115402285449,198.1226298598181,130.6481338721199,198.1226298598181,93.65794699266088,198.1226298598181,90.503177073638,198.1226298598181,79.84497403898841,198.1226298598181,55.910342409564784,198.1226298598181,10842227.5,10835292.0,11601692.672413792,1801926069.5944977,1,False,17,17,6619193380.184937,17,0.0338366108353731,6.920995294071596,0.035578596913843,5.886723223215514,1.3998542981331783,11.083478638744491,8.505107922744356,185.5576863889981,177.2875958147415,11957400.0,False,False,False,0.0423085116326333,0.1657424333697733,0.2298212762733862,0.7211796751690331,1.0126335312421668,0.2094413527021439,0.9818511489592736,False,False,0.2191549709008844,1.2099116473392544,0.3379097969687727,1.301804759731639,0.9917041729962708,1.7977669642945495,0.0,0.0,0.9345384166036712,44.0,94.0,94.0,92.0,92.0,94.0,94.0,92.0,89.0,95.0,93.0,100.0,LRCX
2026-01-05,7.570000171661377,7.789999961853027,7.349999904632568,7.690000057220459,10139000.0,-0.0156046664065248,7.771752507294693,7.948879982272189,8.163600025177002,8.098666699727376,8.646400003433227,7.206599988937378,5.623449994325638,7.28000020980835,9.630000114440918,6.380000114440918,11.949999809265137,4.570000171661377,11.949999809265137,3.369999885559082,11.949999809265137,3.369999885559082,11.949999809265137,3.009999990463257,11.949999809265137,13868397.5,18708820.0,14427412.068965515,90729646.5162468,-1,False,68,68,679210400.0,68,0.0516948128356398,0.3649999073573521,0.0482166313184172,-2.581911983079116,-0.3287668931970344,6.586895812178336,5.595884879794687,7.989999771118164,7.650000095367432,8455400.0,False,False,False,0.0581241806133133,0.1347423986521067,0.2364597619681872,0.5698322519255292,0.5419336975822099,-0.1244910981847293,0.6334728278231573,False,False,-0.2089863727210471,0.7850163627202108,0.1539634508676364,1.122822417699135,0.7165533863008249,1.5494082967638292,0.0,0.0,0.961253302651,48.0,7.0,7.0,83.0,83.0,91.0,91.0,20.0,58.0,89.0,94.0,3.8461538461538463,LUMN
2026-01-05,18.36000061035156,18.6299991607666,17.350000381469727,17.885000228881836,12844300.0,0.0268457199169342,16.034372930356632,14.450425167489184,13.111999931335449,12.404999955495198,11.656699981689451,10.892049961090088,10.491974976062776,7.78000020980835,18.6299991607666,7.78000020980835,18.6299991607666,7.78000020980835,18.6299991607666,7.78000020980835,18.6299991607666,7.78000020980835,18.6299991607666,6.135000228881836,22.399999618530277,8940302.5,8320156.0,9109555.172413792,177063762.801013,1,False,304,304,658640339.5009041,17,0.1038984585480589,1.7045714514596122,0.0928415792371246,6.193990843240602,0.2815965556468396,2.8914818463925487,-1.6801375618151302,18.1200008392334,15.739999771118164,19055200.0,False,False,False,0.0697167067943994,0.3771241068913044,0.461601260678451,0.8169910678688702,2.1271452121811176,0.5750598916667471,0.8196428983491302,True,False,0.8000000934974838,1.7863529496377764,0.6048952171147199,1.5615852707290163,0.7636888452900215,1.5919540584118352,0.0,0.0,0.981420314251311,51.0,99.0,99.0,97.0,97.0,92.0,92.0,99.0,98.0,96.0,94.0,100.0,LUNR
2026-01-05,35.65999984741211,35.77000045776367,34.209999084472656,35.77000045776367,1549600.0,-0.0014001466911907,36.41490841250097,37.18843148136426,37.44320037841797,38.26600023905437,39.591000137329104,36.05049998283386,25.24442498683929,34.209999084472656,44.994998931884766,33.630001068115234,47.650001525878906,14.9399995803833,47.650001525878906,12.59000015258789,47.650001525878906,12.59000015258789,47.650001525878906,8.241000175476074,47.650001525878906,1718735.0,1546350.0,1288392.2413793104,54460816.82342529,-1,False,125,125,453638805.5938721,125,0.0459417653676406,1.5117143903459822,0.0423924396190284,-2.342168806575573,-0.033074526100862,5.418490436002457,4.725247740054836,36.61000061035156,35.654998779296875,902000.0,False,True,True,0.0437465333697758,0.1174986668349726,0.1545149231578119,0.7604357199528666,1.0317845248488375,-0.0992902497103269,0.7483735300206659,False,False,-0.0903061440466638,0.9027967880224316,-0.0630583667703998,0.9116571838344176,1.6356245788026462,2.3789872322886403,0.0,0.0,1.3340153291826555,81.0,17.0,17.0,37.0,37.0,97.0,97.0,21.0,21.0,97.0,97.0,3.8461538461538463,MLYS
2026-01-05,312.0189208984375,325.39330746509376,309.42000654760994,324.9934815276042,34608600.0,-0.0103671904030289,288.6885123972598,272.4089561516376,260.2665161132812,253.10757700602213,244.3501153564453,200.0489905548096,149.99433700561522,192.43139181117184,325.39330746509376,179.4620729381871,325.39330746509376,114.0844673213942,325.39330746509376,103.23020834677516,325.39330746509376,94.1745767709656,325.39330746509376,61.39304893165705,325.39330746509376,28005797.5,26642550.0,23818477.586206894,7686890525.802612,-1,False,18,18,16556386582.305908,17,0.0504751690805367,15.612236111589382,0.0500361839167797,5.534670643229315,-0.2093643868099055,13.386036524461034,12.71657775148168,315.4674842347152,294.73617231120267,42604300.0,False,False,False,0.0511933727335822,0.2366864829809615,0.3329473752950316,0.710882561459536,1.1072464910453392,0.2769337982234239,0.9588977822843175,False,False,0.3336013344053377,1.3234903075626867,0.6625464683939308,1.6176807365741726,1.6056674890529896,2.351947139172141,0.0,0.0,1.1758013247755998,71.0,97.0,97.0,97.0,97.0,97.0,97.0,96.0,95.0,98.0,97.0,96.15384615384616,MU
2026-01-05,8.59000015258789,8.619999885559082,8.03499984741211,8.5,5417100.0,0.0011655278520696,8.881056685436317,8.60673281773818,8.631200046539307,8.436000045140585,7.07500002861023,5.193700029850006,3.6611500114202498,6.510000228881836,9.75,3.359999895095825,9.75,2.871000051498413,9.75,2.150000095367432,9.75,1.5700000524520874,9.75,1.5399999618530271,9.75,7974862.5,8560636.0,5841738.362068965,50775226.61252976,1,False,47,47,422638650.6371975,47,0.0568431945560996,0.4607143402099609,0.0536337988388932,3.992525178367748,0.0217059205868837,11.387383264154447,10.373892800184445,9.029999732971191,8.270000457763672,5326500.0,False,True,True,0.0681024479342681,0.19965077091078,0.2270081227737422,0.8794873437624559,0.615488148310476,0.214134292275792,0.8810256566756811,False,False,0.0262843811274573,1.0185033534259516,1.315363898723387,2.252881136454718,3.1298079171477067,3.727678207934412,0.0,0.0,1.3651522895618946,82.0,65.0,65.0,99.0,99.0,99.0,99.0,86.0,98.0,98.0,98.0,42.30769230769231,NUVB
2026-01-05,10.720000267028809,10.734999656677246,10.140000343322754,10.5600004196167,9749200.0,0.0458536845881765,9.592159874536136,9.304577426940142,9.22439998626709,9.026666657129924,8.895400018692017,8.522200026512145,7.23440001487732,7.329999923706055,10.734999656677246,7.329999923706055,10.734999656677246,7.170000076293945,10.734999656677246,6.260000228881836,10.734999656677246,5.980000019073486,10.734999656677246,3.910000085830689,10.734999656677246,7661417.5,8335366.0,9222495.25862069,70024830.01538277,1,False,227,227,190303857.15065,69,0.0509116273552199,0.4892857415335519,0.0456423254986694,4.494014642299434,0.9605844338641516,2.7327610355279246,-1.2108719112943858,10.369999885559082,9.420000076293944,13138100.0,False,False,False,0.0555036659079677,0.208488768750442,0.2425372540140836,0.8596154417512105,0.8773304015684494,0.2051172790996172,0.9986027582554128,False,False,0.1514500304899191,1.1427200286026262,0.2293577911416127,1.1961821548412497,0.5764705832854276,1.4229657060712535,0.0,0.0,0.8307315195243414,30.0,91.0,91.0,88.0,88.0,89.0,89.0,93.0,88.0,84.0,87.0,100.0,NXE
2026-01-05,89.5999984741211,95.12999725341795,86.12000274658203,95.12999725341795,1651300.0,-0.0342746318928102,89.70676171460568,89.74494144209285,89.25100006103516,89.06049982706706,92.89099975585935,82.94289981842041,67.85264987945557,83.41999816894531,95.48999786376952,78.74500274658203,112.73999786376952,64.30000305175781,112.73999786376952,52.61000061035156,112.73999786376952,51.68999862670898,112.73999786376952,36.060001373291016,112.73999786376952,1948340.0,2154326.0,2316941.379310345,156215111.79340363,-1,False,235,235,509483513.671875,73,0.0523708338315862,4.195071629115513,0.046819996658004,-0.7566987838893766,-0.7580324214502747,4.688398729532145,1.9238128291238192,93.08000183105467,88.02999877929688,1260400.0,False,False,True,0.1005579761191432,0.1045758401423835,0.1214285428426698,0.8612130039135718,0.7088527920101229,-0.0354286345328163,0.7947489814785177,False,False,0.0313075656847596,1.02348845347285,0.1616751155809295,1.1303259742557612,0.3483822812499211,1.2170869315519424,0.0,0.0,0.8409103559538214,32.0,67.0,67.0,84.0,84.0,83.0,83.0,35.0,45.0,80.0,86.0,42.30769230769231,NXT
2026-01-05,25.100000381469727,25.56100082397461,24.51000022888184,25.280000686645508,1482900.0,-0.0071202650429859,26.47032541910075,26.61623336650062,28.49839988708496,27.895999908447266,20.54779994010925,14.300699968338012,9.414924986362458,20.030000686645508,36.25899887084961,6.650000095367432,36.25899887084961,5.360000133514404,36.25899887084961,4.369999885559082,36.25899887084961,3.890000104904175,36.25899887084961,2.859999895095825,36.25899887084961,5138605.0,4314754.0,1663329.7413793104,74557052.36689568,-1,False,48,48,1758785866.6992188,48,0.0807463457133648,2.095571381705148,0.0834888984006637,2.653550255573691,-0.0858955732776406,8.907170814306347,9.270154318522634,25.63999938964844,24.450000762939453,914400.0,True,True,False,0.0418725330326561,0.3007967777815012,0.4704780051170135,0.6393429119108118,0.3698774020488769,0.2215419876886473,0.692241958220442,False,False,-0.0788990685699182,0.914117377948086,1.2612612179159486,2.2002384788189517,4.640449765685425,5.091225087537724,0.0,0.0,3.089348354787927,97.0,19.0,19.0,99.0,99.0,99.0,99.0,80.0,99.0,99.0,99.0,3.8461538461538463,OLMA
2026-01-05,15.399999618530272,16.389999389648438,15.289999961853027,16.3700008392334,2997700.0,-0.0598290349479152,14.575245727967214,12.877379965799696,11.741199913024902,11.315666580200196,9.745199947357175,7.271499962806701,6.080649989843368,8.039999961853027,17.649999618530273,4.059999942779541,17.649999618530273,3.940000057220459,17.649999618530273,3.3399999141693115,17.649999618530273,2.950000047683716,17.649999618530273,2.950000047683716,17.649999618530273,2688712.5,2423286.0,1890759.9137931035,50269923.5170269,-1,False,82,82,1304802829.553604,82,0.0908633474821025,1.682856900351388,0.1092764248075997,5.310066893140132,-0.5823427660615111,5.36035951352732,3.306659338687368,17.6299991607666,16.290000915527344,2843600.0,False,False,True,0.0714285360417684,0.5876623026776574,0.6090908696828785,0.964818768312226,2.3778456195430504,0.5802651255715523,0.8725212437037232,False,False,0.450094141664819,1.4390998959239945,2.3624453875686675,3.271705925012188,4.0,4.513137514769658,0.0,0.0,1.4220274506487196,85.0,98.0,98.0,99.0,99.0,99.0,99.0,98.0,99.0,99.0,99.0,80.76923076923077,OMER
2026-01-05,12.529999732971191,12.539999961853027,10.989999771118164,11.300000190734863,142435600.0,0.1370235220039137,9.860844591304122,9.182588747506609,8.873800010681153,8.675,7.805300016403198,7.317950003147125,4.398045002818107,5.929999828338623,12.539999961853027,4.949999809265137,12.539999961853027,4.900000095367432,12.539999961853027,1.7799999713897705,12.539999961853027,1.2599999904632568,12.539999961853027,0.5699999928474426,12.539999961853027,101543430.0,95598286.0,39838357.32758621,758883048.5212708,1,False,53,53,1784718029.9655914,0,0.1115112051773581,1.0049285207475935,0.0802017990553698,7.547454445676364,1.5025937109280072,4.130496236481945,4.297318141652375,11.0600004196167,9.90999984741211,136003400.0,False,False,False,0.1237031303884407,0.3735035856404501,0.4197924871621201,0.8897338496108111,0.8972741415050056,0.6053194248316938,0.9992025335795648,False,False,0.4047084782287489,1.394058335068984,0.2643794072553156,1.230258672296766,6.159999847412109,6.462812783420124,0.0,0.0,2.5488859684906213,96.0,98.0,98.0,90.0,90.0,99.0,99.0,98.0,98.0,97.0,99.0,100.0,ONDS
2026-01-05,35.47456359863281,37.0521002540623,35.47456359863281,35.614344556203434,975100.0,0.0090883058228201,35.80303966323743,35.542634986935795,35.39588684082031,35.01761131286621,33.884648132324216,34.66752450942993,29.784996299743653,32.064891958027744,38.01059944424905,30.172848693840983,40.936028470895,30.172848693840983,42.18407866110213,26.81809227750454,42.18407866110213,24.66704473820944,42.18407866110213,17.44352319623806,42.18407866110213,1121635.0,1157166.0,1026033.6206896552,46567388.68267059,1,False,17,17,152577071.3443756,17,0.0338570582914123,1.3170142767552708,0.0371255948813427,1.2638561108108328,0.2425941579536815,3.3038949316637742,4.713596332155269,35.9438319669689,34.236500862636795,841000.0,False,True,True,0.0444695154894108,0.106388865676073,0.1277793048485335,0.8325985636107806,1.1446240210998249,0.0469214099582724,0.8409467439985562,False,False,0.043159080951068,1.0352501135583845,-0.0986808648102324,0.8769959999438065,0.3038531795975157,1.17689373971865,0.0,0.0,1.0931756790251042,64.0,71.0,71.0,32.0,32.0,80.0,80.0,47.0,56.0,51.0,67.0,50.0,OR
2026-01-05,52.817970275878906,54.04074607025341,51.65483967636083,52.1817295821192,6028100.0,0.0409483319236914,51.79134824188161,49.96051681765785,49.247460479736326,47.47784830729167,42.88325866699219,39.40490779876709,33.04818040847778,35.60962834301891,55.521990956854914,32.885722151752084,55.521990956854914,32.13018383783338,55.521990956854914,26.61278110815084,55.521990956854914,24.753760816054143,55.521990956854914,20.341176078874604,55.521990956854914,6319862.5,6027638.0,5463685.344827586,341006696.25499725,1,False,238,238,827949500.4806519,27,0.0443531494869511,2.269450165500261,0.0429673869262007,5.391735043102113,0.9155205534228492,7.8505489414436065,7.5881847078725055,52.837850540410216,49.31864011862921,6469600.0,False,False,True,0.0451722468968518,0.1174477323877527,0.2339544108436796,0.5020111908307953,1.0552757149649663,0.2316687658005243,0.9512982039300923,False,False,0.1955445957050789,1.18648028001575,0.3598669785298594,1.3231694014520865,0.8096048845781589,1.6333991383000213,0.0,0.0,1.1567032325503424,70.0,93.0,93.0,93.0,93.0,92.0,92.0,93.0,92.0,89.0,91.0,84.61538461538461,PAAS
2026-01-05,39.77000045776367,40.01900100708008,38.66999816894531,39.720001220703125,2070200.0,0.0065806668508199,38.02081242814828,35.45924164427859,34.962800369262695,34.05366694132487,25.503800144195555,18.766700038909917,14.84930003643036,24.559999465942383,40.09000015258789,10.3100004196167,40.09000015258789,7.5,40.09000015258789,7.5,40.09000015258789,7.5,40.09000015258789,7.5,40.09000015258789,2026670.0,1748208.0,911432.7586206896,41395553.30555916,1,False,46,46,349295741.84417725,46,0.0423142350986212,1.4453580038888114,0.0363429214798175,15.391593520070789,0.1798877063889495,6.911710254116112,2.557883985647197,40.040000915527344,37.553001403808594,1297600.0,True,True,False,0.0339201112046107,0.1254715016603093,0.2534573750988804,0.495039852801125,0.6695313143516103,0.5593754747492006,0.992017967233568,False,False,0.2689853306998047,1.2593642059973782,1.9050402977916063,2.826644438545508,2.186698871515917,2.8764020450625245,0.0,0.0,2.223608906779966,95.0,96.0,96.0,99.0,99.0,98.0,98.0,96.0,99.0,99.0,99.0,96.15384615384616,PACS
2026-01-05,16.030000686645508,16.475000381469727,15.609999656677246,15.829999923706056,20021900.0,0.0094458797936771,16.396216185862833,16.340773527750486,16.61800010681152,16.056666755676268,15.59840000152588,14.209899969100952,13.0784499835968,12.354999542236328,19.84000015258789,12.354999542236328,19.84000015258789,10.479999542236328,19.84000015258789,10.350000381469728,19.84000015258789,10.350000381469728,19.84000015258789,9.380000114440918,19.84000015258789,23462757.5,23389554.0,16753666.379310343,453165686.5443802,1,False,88,88,1848447493.8566208,88,0.050206184383573,0.8740003449576241,0.0545227889906298,0.5074859338000656,0.171625300916629,4.310712982879903,0.2065127062517127,16.59000015258789,15.489999771118164,44139500.0,True,False,True,0.0539613654235902,0.1166563168516445,0.2713662005700152,0.4298852127000468,1.291208887523037,0.0276695484842937,0.8079637380725819,False,False,0.0787349298115582,1.0705562353621458,0.2426357488894128,1.2091017916020868,0.2180851726831729,1.0994771778042212,0.0,0.0,1.4004550985314437,84.0,82.0,82.0,89.0,89.0,75.0,75.0,84.0,76.0,86.0,82.0,30.76923076923077,PATH
2026-01-05,46.02999877929688,46.59000015258789,43.94499969482422,46.060001373291016,1673400.0,-0.0092552801043745,46.19603745145968,46.05131180579186,45.83560012817383,46.34933344523112,45.60539985656738,40.47584997177124,38.24582498550415,42.400001525878906,50.27000045776367,39.869998931884766,50.27000045776367,29.8700008392334,50.27000045776367,29.07999992370605,50.27000045776367,29.07999992370605,50.27000045776367,27.65999984741211,91.7699966430664,1397615.0,1401200.0,1757977.5862068965,57514345.66261292,-1,False,280,280,180176882.1750641,276,0.0373733425614051,1.641714096069336,0.0356661772671551,0.2610393962638042,-0.2619215527266939,2.6323922248449945,-0.5310792736554222,47.755001068115234,45.83000183105469,836900.0,False,True,True,0.0574625359093714,0.105127026190222,0.1357592200812697,0.7743638047367224,0.8356836996859834,0.0093102773808559,0.5015800420951048,False,False,-0.0350105232061146,0.9576731715000776,0.0789966934819199,1.0498787246284351,0.4384374618530273,1.2983732143477895,0.0,0.0,0.7950129802368906,26.0,30.0,30.0,74.0,74.0,86.0,86.0,40.0,50.0,86.0,83.0,38.46153846153847,PCVX
2026-01-05,21.38999938964844,21.434999465942383,19.489999771118164,20.700000762939453,13813100.0,0.0480156565194971,19.71027768594242,18.176953008035923,16.749599838256835,15.87066650390625,14.560199871063231,12.57699993610382,8.682649968862533,10.520000457763672,21.434999465942383,10.520000457763672,21.434999465942383,6.255000114440918,21.434999465942383,5.869999885559082,21.434999465942383,3.660000085830689,21.434999465942383,2.789999961853028,21.434999465942383,11181710.0,10384836.0,9057291.810344828,267823312.8067684,1,False,214,214,1030287968.5052872,25,0.0763359464912354,1.5040712356567385,0.07031656281321,6.6708778037439,0.6515645795249988,11.699234080386528,8.473792304422616,20.809999465942383,18.972000122070312,10628900.0,False,False,False,0.0909303296084005,0.161056558818389,0.4172510281313868,0.3859943965618568,1.1075475818780385,0.4690731981062064,0.997900626199434,False,False,0.7810157353877007,1.767512526112855,0.3971259832391276,1.359422928994288,2.1317715415203,2.826823126344653,0.0,0.0,1.2345533559191233,76.0,99.0,99.0,94.0,94.0,98.0,98.0,98.0,97.0,99.0,98.0,100.0,PL
2026-01-05,33.380001068115234,34.9900016784668,33.20000076293945,34.02000045776367,1334900.0,-0.0008978982171171,33.16591514178837,31.89723368870202,31.081199874877928,29.520666567484536,26.78900001525879,24.89369993209839,22.08549997329712,20.049999237060547,39.79999923706055,20.049999237060547,39.79999923706055,20.049999237060547,39.79999923706055,18.61000061035156,39.79999923706055,16.610000610351562,39.79999923706055,16.459999084472656,39.79999923706055,1432730.0,1258082.0,818093.9655172414,76506442.83875465,-1,False,26,26,578357256.3720703,26,0.0550537584596775,1.4942858559744698,0.044765901982005,5.496010314100515,-0.0200756630178446,4.052941903544702,3.153547969601184,33.709999084472656,32.43000030517578,996300.0,False,False,True,0.0536249508163486,0.0916716978842144,0.4733372897388189,0.1936709823449524,0.8303989724040245,0.2460338590131123,0.8386935102509447,False,False,0.3770627633374541,1.3666222229713718,0.3680328520482931,1.331114909465966,0.730430247996839,1.5619339337853395,0.0,0.0,1.7513024913882036,91.0,97.0,97.0,93.0,93.0,91.0,91.0,96.0,93.0,90.0,88.0,46.15384615384615,PLAB
2026-01-05,2.369999885559082,2.4200000762939453,2.240000009536743,2.2799999713897705,112057200.0,0.0627802086493982,2.1425900104925204,2.1590809532117325,2.157999987602234,2.1236666599909464,2.3030000042915346,2.325000004768372,1.7690500020980835,1.8200000524520876,2.490000009536743,1.7000000476837158,4.25,1.409999966621399,4.579999923706055,1.3899999856948853,4.579999923706055,0.8100000023841858,4.579999923706055,0.6899999976158142,4.579999923706055,106066790.0,103273082.0,98044069.39655171,204424372.41835597,1,False,94,94,1903102972.4182608,94,0.0805740015483145,0.1792856880596705,0.0756479732982675,0.3845765481987897,0.7808758635491327,2.8904510710484117,0.3542086138766644,2.2699999809265137,2.0,120518900.0,False,False,False,0.0759493989235954,0.2109705246214979,0.2405063628590111,0.8771931108748768,0.8411287657707359,0.0290924364492819,0.5174672325412006,False,False,0.0627802086493982,1.054722478846448,-0.3779527766002861,0.6052605624342388,0.7299269177446333,1.5614796140566298,0.0,0.0,1.0818276990421456,63.0,77.0,77.0,11.0,11.0,91.0,91.0,85.0,84.0,90.0,86.0,100.0,PLUG
2026-01-05,30.63999938964844,31.32999992370605,27.71999931335449,28.655000686645508,46044200.0,0.0892285923841256,27.554957536645063,27.004267450954583,26.450399856567383,25.676333236694337,27.22340000152588,25.697600021362305,19.421850006580357,18.545000076293945,32.38999938964844,18.545000076293945,46.75,14.779999732971191,46.75,14.199999809265137,46.75,13.56999969482422,46.75,4.449999809265137,46.75,35029862.5,39148212.0,56275375.0,965830492.8633022,1,False,230,230,5114062347.07222,230,0.0981937747254904,2.73807144165039,0.089362646742592,1.4044156848200446,0.9167037027232996,4.147631412496765,2.303750257718454,28.350000381469727,25.43000030517578,48405500.0,False,False,False,0.117819865609109,0.2488577073071374,0.2878590036070304,0.864512501567832,1.0118983211800323,0.1255023027223292,0.6554010564630682,False,False,0.2216905694918671,1.212428021665268,-0.0629969824228786,0.911716911654602,0.8281622297861164,1.650149508466534,0.0,0.0,0.6224723069370928,15.0,95.0,95.0,37.0,37.0,93.0,93.0,96.0,93.0,95.0,93.0,96.15384615384616,QBTS
2026-01-05,21.770000457763672,23.350000381469727,20.59000015258789,23.309999465942383,2085400.0,-0.0652640789185325,22.962770057552373,23.00937963219489,23.794400024414063,23.70533332824707,22.054799995422364,17.385299978256224,13.070749986171723,20.350000381469727,26.399999618530277,14.260000228881836,26.399999618530277,10.25,26.399999618530277,8.84000015258789,26.399999618530277,7.909999847412109,26.399999618530277,6.5,26.399999618530277,1890857.5,1997054.0,1266913.7931034483,46596454.36103821,-1,False,24,24,124314082.33032228,63,0.0550322100633617,1.0847857339041571,0.0498293849836506,-0.259149651572385,-1.4011987900072869,8.785126745105558,9.181254252273582,23.989999771118164,22.71500015258789,1026000.0,False,False,False,0.1267799802869346,0.1637574854889935,0.277905333479356,0.5892563609296766,0.7894678861963672,-0.0129132677565793,0.8246212413762012,False,False,-0.1506047143736026,0.8429553861516271,0.6307115981795179,1.586704967008499,1.6484184611386432,2.390535342354668,0.0,0.0,1.4924910521087082,87.0,11.0,11.0,97.0,97.0,97.0,97.0,33.0,90.0,95.0,95.0,0.0,RCUS
2026-01-05,25.01000022888184,25.847999572753903,23.549999237060547,23.690000534057617,39538400.0,0.0597457552805471,23.76783408683548,24.58491710541092,24.931599960327148,24.929999923706056,28.577700042724608,28.13695004463196,19.9123499917984,21.0,30.20499992370605,21.0,58.150001525878906,14.470000267028809,58.150001525878906,13.609999656677246,58.150001525878906,10.300000190734863,58.150001525878906,6.860000133514404,58.150001525878906,40009650.0,47388696.0,58776843.53448276,864301586.7320347,1,False,173,173,9947534009.35707,84,0.0788694723092011,1.885856764657157,0.0754041082526399,-1.6556404332861578,0.7476707000430349,3.2532163773918823,2.4216066537045013,24.0049991607666,21.6200008392334,37387200.0,False,False,True,0.0918832592828048,0.2455017726292499,0.3226709164722394,0.7608425801535522,0.6998899062341787,-0.1248420904589572,0.4300945756252725,False,False,-0.0395545564682116,0.9531635899448752,-0.3756864859830829,0.607465694588211,0.8189091075550425,1.6417973858525725,0.0,0.0,0.6807042977142425,17.0,28.0,28.0,11.0,11.0,92.0,92.0,71.0,59.0,91.0,89.0,50.0,RGTI
2026-01-05,4.309999942779541,4.429999828338623,4.099999904632568,4.429999828338623,42728600.0,0.0165094753396453,4.142407357484331,4.1238574123441945,4.188000020980835,4.1600000301996864,4.086200032234192,3.643500010967255,3.1782000076770784,3.680000066757202,4.559999942779541,3.069999933242798,4.559999942779541,2.930000066757202,4.559999942779541,2.5299999713897705,4.559999942779541,2.470000028610229,4.559999942779541,1.9700000286102293,4.559999942779541,33088690.0,39437948.0,39090664.22413793,120517690.00464916,1,False,102,102,514312862.8698111,74,0.0377006051473238,0.1528571503502982,0.0354656966078101,1.5443004256538733,0.4579450258032393,2.066097069221075,-0.3305687267462457,4.289999961853027,4.079999923706055,25841100.0,False,False,False,0.0765661086049193,0.1160092269650863,0.1786542902898362,0.6493503558010338,0.6685941165093072,0.0547696903675523,0.9451754379085336,False,False,-0.0314606455025252,0.9611961349318956,0.2789317771933732,1.2444183297666942,0.5904058605573328,1.435544070598164,0.0,0.0,0.8464601627200851,32.0,31.0,31.0,91.0,91.0,89.0,89.0,66.0,85.0,83.0,86.0,61.53846153846154,RIG
2026-01-05,19.59000015258789,20.0,19.15999984741211,19.46999931335449,31071500.0,0.0092735861200834,19.874406986853774,19.271048847272738,18.93400001525879,18.326000022888184,16.852399978637695,15.245899963378909,14.25372498512268,13.949999809265137,22.690000534057617,12.390000343322754,22.690000534057617,12.390000343322754,22.690000534057617,11.56999969482422,22.690000534057617,11.56999969482422,22.690000534057617,10.359999656677246,22.690000534057617,50091490.0,51186824.0,39036105.1724138,894730265.8031368,1,False,61,61,3047772267.079544,61,0.0648570271762793,1.2389285223824638,0.0632429051930761,2.5685998309967983,0.1452870782485821,2.9738059428972283,0.2782634436701158,20.709999084472656,18.899999618530277,42740200.0,True,True,True,0.042879027363199,0.1934660993367412,0.3552833556717382,0.5445402838276865,0.7213002705540004,0.162445715590682,0.8633759229394183,False,False,0.1175128000714629,1.1090401016517608,0.4351648864512709,1.396435308579767,0.5364706002029718,1.386860621223337,0.0,0.0,1.2832092182034305,78.0,88.0,88.0,95.0,95.0,88.0,88.0,91.0,92.0,87.0,86.0,65.38461538461539,RIVN
2026-01-05,78.13999938964844,78.25,71.30999755859375,74.62000274658203,33498600.0,0.028293217348595,71.46148560732662,66.10569506758956,60.69620010375976,57.47216669718424,56.41830009460449,54.11424991607666,41.97824995040894,37.56999969482422,79.83000183105469,37.56999969482422,79.83000183105469,37.56999969482422,79.83000183105469,37.56999969482422,79.83000183105469,25.239999771118164,79.83000183105469,14.710000038146973,79.83000183105469,23871550.0,21874908.0,21278544.827586208,1894219428.8638496,1,False,192,192,3744083127.3376474,14,0.0900900622640494,6.307714189801898,0.0807232433973823,4.769525746255388,0.3408527179869622,3.5858491128940058,-0.2525583944851457,76.23999786376953,66.8499984741211,31517600.0,False,False,False,0.0888149794678092,0.2442155148728281,0.4111850693509429,0.593930891650135,1.4064164292713826,0.3850115877050553,0.97882998368229,False,False,0.7473165755074604,1.7340688647098084,0.3913817592940962,1.3538337195501622,1.0097735916403972,1.8140769185251264,0.0,0.0,1.121860079879717,66.0,99.0,99.0,94.0,94.0,94.0,94.0,98.0,97.0,95.0,92.0,100.0,RKLB
2026-01-05,21.299999237060547,21.989999771118164,20.7810001373291,21.8700008392334,6363500.0,-0.02872781848373,21.82577924963193,21.669354075338656,21.55760009765625,21.382000096639,20.79800006866455,17.57230007171631,14.274275012016297,19.959999084472656,23.46999931335449,15.899999618530272,23.46999931335449,11.850000381469728,23.46999931335449,10.899999618530272,23.46999931335449,10.704999923706056,23.46999931335449,8.729999542236328,23.46999931335449,7752912.5,8017200.0,6859102.155172414,181421347.3216629,-1,False,110,110,411548456.8078995,110,0.0355287589319488,0.7301427296229771,0.0342790026185812,0.704130643704659,-0.8628464580350574,14.278562243855896,13.818624476629235,22.20499992370605,21.5,6893100.0,False,False,False,0.056760548220372,0.0929108057482654,0.1565727325787873,0.593403488704604,0.8266776430674051,0.0241368961793753,0.9075415364388524,False,False,0.0289854324641045,1.021183926076905,0.3172541209995072,1.2817065009751916,0.9832401946916391,1.7901271446923837,0.0,0.0,1.13031010832133,67.0,66.0,66.0,92.0,92.0,94.0,94.0,32.0,80.0,92.0,91.0,34.61538461538461,ROIV
2026-01-05,110.66999816894533,113.47000122070312,109.61000061035156,113.0199966430664,3593900.0,-0.0134605289010754,107.59565522160496,101.79956595791374,97.6347998046875,92.98433303833008,84.61260025024414,74.509400100708,49.52135008811951,65.76000213623047,113.47000122070312,65.76000213623047,113.47000122070312,53.900001525878906,113.47000122070312,26.040000915527344,113.47000122070312,14.899999618530272,113.47000122070312,14.899999618530272,113.47000122070312,4818357.5,4380660.0,3983518.9655172415,633747416.1554337,-1,False,132,132,2369478767.2481537,132,0.0583174908829577,4.480715615408761,0.0404871752917953,7.606388884993121,-0.3370002173397733,16.87650500281635,13.693945554754633,112.69000244140624,108.68000030517578,3856100.0,False,False,False,0.034878473608168,0.0938827104143201,0.3530315382781627,0.2659329273305535,0.7591093579506284,0.3079612001242804,0.97532384752238,False,False,0.4949344859356546,1.483600272085276,0.4350362322030676,1.3963101262146702,2.529017730070275,3.1853884615734844,0.0,0.0,1.2095731291125806,74.0,98.0,98.0,95.0,95.0,99.0,99.0,97.0,94.0,95.0,98.0,96.15384615384616,SATS
2026-01-05,14.713007926940918,15.189188267309296,14.654699695142918,14.93652080748113,7875700.0,0.0470263425646415,14.16518783608841,13.66726386139855,13.36804012298584,13.045403480529783,12.056891613006592,10.742924795150756,8.440348879098892,10.524561856555488,15.383547321011754,9.445867630188484,15.383547321011754,6.8997587274158825,15.383547321011754,6.8997587274158825,15.383547321011754,5.81134620095605,15.383547321011754,2.9639808824173017,15.383547321011754,5749302.5,5793900.0,9053412.931034485,85235939.43799496,1,False,214,214,186891006.36291504,214,0.0416554506373898,0.7330127642624645,0.0498207278825867,4.4218261550412095,0.901516181661677,6.12700863377417,3.269039820689267,14.479775343029328,13.566286544709842,9424900.0,False,False,False,0.0363276207571178,0.1261558418691204,0.2463671823341697,0.5120643125998983,1.1941283073577382,0.2202985976144127,0.9564119133202148,False,False,0.214113941264352,1.204908837509987,0.355416374106241,1.3188389017162478,0.9092056944613915,1.723301568617113,0.0,0.0,0.6350425572981193,15.0,94.0,94.0,93.0,93.0,93.0,93.0,91.0,91.0,95.0,93.0,88.46153846153845,SBSW
2026-01-05,15.199999809265137,15.529999732971191,13.600000381469728,14.345000267028809,4588800.0,0.0696692307150241,13.520181418082965,12.481064283147294,11.955799942016602,11.619333299001058,9.43729998588562,7.903749985694885,7.332674984931946,8.829999923706055,15.529999732971191,4.614999771118164,15.529999732971191,4.614999771118164,15.529999732971191,4.614999771118164,15.529999732971191,4.25,15.529999732971191,4.25,15.529999732971191,6834100.0,6616088.0,3018412.5,50229338.855457306,1,False,49,49,411190458.3734512,47,0.1071229615460773,1.344571386064802,0.0884586449300624,6.903001303384342,0.7362939456979124,2.3491727510725733,-0.0149928750835908,14.25,13.300000190734863,2157600.0,False,False,False,0.1269736431394582,0.245394709805372,0.4052631529414422,0.6055194212063733,0.6122152546943148,0.6106301412478339,0.9787508094410688,False,False,0.5154536604122555,1.5039638753888664,1.029372533211168,1.9746075774229597,1.9921259916429597,2.700775212360241,0.0,0.0,2.264137191321597,95.0,98.0,98.0,98.0,98.0,98.0,98.0,97.0,99.0,98.0,98.0,100.0,SGML
2026-01-05,274.0799865722656,285.0,266.3299865722656,284.2200012207031,9812600.0,-0.004214517160539,249.60348190939783,238.9833822698715,229.3147998046875,226.3866668701172,224.77440093994144,158.01835052490233,99.4682002544403,183.0,285.0,116.16999816894533,285.0,47.400001525878906,285.0,40.09999847412109,285.0,36.20700073242188,285.0,27.88500022888184,285.0,12156780.0,11614046.0,5877083.928571428,1803394570.2153013,-1,False,40,40,4947071975.280762,52,0.0819610364714429,17.961997985839844,0.0655356059027822,3.347125170060308,-0.0645809927728447,22.7874507013635,21.390111768491074,275.79998779296875,244.0,11104300.0,False,False,False,0.0681188497607129,0.2335084761218979,0.311952729819098,0.7485380116959064,0.6329482421543706,0.2193558760523553,0.9616841634114583,False,False,0.4100215026617708,1.3993310774992276,1.1344130422538088,2.0768134473150504,5.061034479733346,5.470856417759392,0.0,0.0,2.068505426798458,94.0,98.0,98.0,98.0,98.0,99.0,99.0,94.0,98.0,99.0,99.0,96.15384615384616,SNDK
2026-01-05,21.63999938964844,22.8700008392334,21.520000457763672,21.8799991607666,3041000.0,0.0055761584262175,22.08161880253799,22.09522560863337,22.08919998168945,21.93900000254313,21.8046000289917,21.60020004272461,16.681500010490417,19.799999237060547,23.8799991607666,18.190000534057617,25.979999542236328,18.030000686645508,25.979999542236328,11.699999809265137,25.979999542236328,11.670000076293944,25.979999542236328,7.909999847412109,25.979999542236328,2507555.0,2581560.0,2904292.2413793104,57218469.61007118,1,False,152,152,230409921.53930664,108,0.0479844769911705,1.0550000326974052,0.0487523134220635,-0.1548417832348734,0.113743059872666,3.1565135638715054,6.634986165510389,22.450000762939453,20.82999992370605,2854700.0,False,False,True,0.0623844925853141,0.1409426674253754,0.1441774038763248,0.977564192696075,1.0874509986209888,-0.0075488951470977,0.8329484130462649,False,False,0.0093283045992988,1.0016758335664908,-0.0732334459907899,0.9017566908491949,0.6089219105223747,1.4522571665426802,0.0,0.0,0.8633962396322447,35.0,55.0,55.0,35.0,35.0,89.0,89.0,42.0,59.0,56.0,89.0,23.07692307692308,SSRM
2026-01-05,289.3252868652344,297.4810733200037,277.20644287417446,294.456350873616,3350300.0,0.007963997165975,283.87455382483,281.3872505138616,281.793427734375,276.8288731892904,269.9155749511719,235.06149871826173,174.9524433517456,227.61473970579453,307.5850810460663,208.0901055428535,307.5850810460663,162.63400052595594,307.5850810460663,137.26524205379042,307.5850810460663,115.29402742564513,307.5850810460663,62.38592950784152,307.5850810460663,3735855.0,4194852.0,4058284.9137931033,1151501759.0475464,1,False,17,17,7297459588.961792,17,0.0459705495262208,12.826189746883074,0.0443313817670469,1.6221084103026582,0.1782275383197802,10.375772374110852,9.580501773511656,289.14561781241366,279.93170978109845,2731000.0,False,False,True,0.0700755563590714,0.105715767753624,0.1369970197724399,0.7716647262051693,1.0847557911459094,0.0719103072046647,0.9406349809986486,False,False,0.1234017588636078,1.1148844118529917,0.1495327505084809,1.118511284893649,0.9644606794399492,1.7731762377340654,0.0,0.0,0.9205502026983754,42.0,89.0,89.0,83.0,83.0,94.0,94.0,82.0,84.0,92.0,93.0,76.92307692307693,STX
2026-01-05,8.750779151916504,9.160347419414231,8.391157490565956,8.391157490565956,6252000.0,0.0503596702304589,8.51593182663448,8.325236208083103,8.337214908599854,8.053846820195515,7.423577604293823,6.548100109100342,5.328713043928146,6.098573832569844,9.160348010172337,5.943736743500315,9.160348010172337,4.4952632645556845,9.160348010172337,4.2555159711418495,9.160348010172337,3.955831879953792,9.160348010172337,3.0276828619766905,9.160348010172337,5378175.0,5414128.0,6109844.827586207,52535852.11925268,1,False,108,108,81126112.05554008,81,0.0563056211924031,0.5143866205807638,0.0587818080711256,3.041450034030387,0.8156463535879587,7.513099626841009,5.16973361842815,8.67086385350178,7.942631097648658,5035500.0,False,False,True,0.0878995933384763,0.1391552559359227,0.1666667385954387,0.8349311752820913,1.0525111338335555,0.1787819321582928,0.955288941227886,False,False,0.1032745919031776,1.094909843964078,0.251428541034703,1.217657300121423,0.8061855536169991,1.6303127561327766,0.0,0.0,0.8802473960905379,37.0,86.0,86.0,89.0,89.0,92.0,92.0,92.0,88.0,94.0,92.0,88.46153846153845,SVM
2026-01-05,8.199999809265137,8.454999923706055,7.559999942779541,8.039999961853027,18518400.0,0.0459183226620747,6.991769694112133,6.362067612593764,6.047199993133545,5.56299999554952,4.79960000038147,3.592600009441376,2.437100003361702,2.5199999809265137,8.454999923706055,2.5199999809265137,8.454999923706055,1.565000057220459,8.454999923706055,1.149999976158142,8.454999923706055,1.0299999713897705,8.454999923706055,0.9200000166893004,8.454999923706055,17098605.0,16342220.0,5410503.879310345,136152983.12551975,1,False,24,24,205936420.0080872,3,0.1248300438394571,0.7567857333592006,0.092290945239305,7.676545782430686,0.475695617409817,14.80726798896868,10.26849907697428,8.119999885559082,6.989999771118164,26267400.0,False,True,False,0.1091463416761617,0.2902439231464089,0.4481707072414004,0.6476191291772073,1.0631566580305492,0.7084756664333287,0.9698403173575496,False,False,0.8141592574928049,1.800404762445353,2.241106680630017,3.153641682870978,4.857142820650217,5.286818198648053,0.0,0.0,3.1602611108707843,97.0,99.0,99.0,99.0,99.0,99.0,99.0,99.0,99.0,99.0,99.0,100.0,TE
2026-01-05,119.29000091552734,126.4499969482422,113.31999969482422,125.66999816894533,2125500.0,-0.0201248315363353,119.72918491909114,117.33323885093152,118.540400390625,114.8760004679362,104.48480010986329,84.9613000869751,62.90525003433228,87.30000305175781,129.5800018310547,70.9000015258789,129.5800018310547,56.540000915527344,129.5800018310547,43.119998931884766,129.5800018310547,37.47999954223633,129.5800018310547,28.63999938964844,129.5800018310547,1802182.5,1693984.0,1042606.4655172414,166343518.10035706,-1,False,56,56,517281291.9540405,56,0.0486373093193521,6.008571624755859,0.0503694490622956,2.813157096622462,-0.4077503109304677,13.790262169991696,11.585878477763307,122.41999816894533,119.19000244140624,1445300.0,False,False,True,0.1100678778828721,0.1100678778828721,0.154748922313654,0.7112674921236624,0.6887668360503996,0.1416971730825607,0.9205895912168348,False,False,0.028273413661739,1.0204773056203849,0.6392745144766117,1.5950368031442357,1.6438387353601902,2.386401555911049,0.0,0.0,1.7285357031676662,91.0,65.0,65.0,97.0,97.0,97.0,97.0,89.0,94.0,95.0,96.0,50.0,TSEM
2026-01-05,38.11000061035156,40.75,36.56999969482422,40.18000030517578,3038700.0,-0.0356781333775292,37.8298013758779,36.82800251982278,36.01879989624023,35.931666437784834,34.77539985656738,28.80714988708496,22.75974995613098,33.45000076293945,42.130001068115234,25.09000015258789,42.130001068115234,17.049999237060547,42.130001068115234,15.029999732971191,42.130001068115234,13.880000114440918,42.130001068115234,12.90999984741211,42.130001068115234,1704472.5,1877302.0,1854432.3275862068,66525221.61905289,-1,False,117,117,341140127.3288727,117,0.0549816603089474,2.2662786756243025,0.0594667709086503,1.6124912069461692,-0.62216525380476,9.758934832738165,9.288170165712732,40.18999862670898,38.0,1729500.0,False,False,True,0.1096825042831512,0.2067699013884256,0.2267121293958104,0.9120372250901132,1.1326573987563002,0.095889645195681,0.904581050181694,False,False,0.093543824360603,1.0852528526312926,0.5466721410050861,1.5049334114052686,1.6093804727717322,2.3552985803946984,0.0,0.0,0.9191343758650932,42.0,84.0,84.0,96.0,96.0,97.0,97.0,58.0,90.0,96.0,96.0,80.76923076923077,TVTX
2026-01-05,6.869999885559082,7.090000152587891,6.199999809265137,6.400000095367432,14846900.0,0.1585160344741214,5.8046747216154415,5.818574630168062,5.667600002288818,5.696666669845581,6.650199966430664,6.8843999862670895,4.8796499931812285,4.360000133514404,7.090000152587891,4.360000133514404,19.709999084472656,4.139999866485596,19.709999084472656,2.799999952316284,19.709999084472656,1.940000057220459,19.709999084472656,1.2100000381469729,19.709999084472656,9832360.0,11206850.0,7677242.672413793,53305928.72807503,1,False,83,83,939000234.0932846,83,0.1155255676329871,0.6907142911638532,0.1005406554104538,0.3287389108005031,1.360910103128979,4.718861963013331,3.348325609083838,6.150000095367432,5.179999828338623,11170000.0,False,False,False,0.1295488148687684,0.3770014840949471,0.3973799220596811,0.948717997982612,0.9737633679401436,0.0330516255508013,0.3485540438696012,False,False,0.2913533202788709,1.2815626071565658,-0.1135484018633442,0.8625296805065183,2.039822971039422,2.743827817771315,0.0,0.0,1.2807150196424126,78.0,96.0,96.0,30.0,30.0,98.0,98.0,95.0,91.0,90.0,95.0,100.0,UAMY
2026-01-05,20.6200008392334,20.790000915527344,20.0,20.239999771118164,1807900.0,0.0393145504358156,20.34931839988381,20.24852884935274,20.515599899291992,20.19133326212565,18.82680000305176,17.757700033187866,15.828949966430663,16.8799991607666,22.31999969482422,15.609999656677246,22.31999969482422,14.699999809265137,22.31999969482422,11.460000038146973,22.31999969482422,11.460000038146973,22.31999969482422,11.130000114440918,22.31999969482422,3935070.0,3859208.0,2868734.0517241377,51412893.63235474,1,False,40,40,198273533.98513797,108,0.0389734271256076,0.7564288548060826,0.0366842300688385,2.596408457234116,1.0311619945347907,3.4727502630777343,2.8115693539864024,20.170000076293945,19.71999931335449,1507700.0,False,False,True,0.0383123609783865,0.1042677710171634,0.1464597640567287,0.7119209271481354,0.5205809067559976,0.0952472451978545,0.9238351756794588,False,False,0.0451090378938849,1.0371852864225697,0.1939780134727062,1.161757141232724,0.5330855859960051,1.3838052143022392,0.0,0.0,1.3717095865456694,83.0,72.0,72.0,86.0,86.0,88.0,88.0,76.0,78.0,80.0,88.0,50.0,UPWK
2026-01-05,18.46999931335449,18.540000915527344,16.829999923706055,17.270000457763672,18296500.0,0.1073140872559383,15.671770661973476,15.342483501670802,15.051599922180175,14.83699992497762,15.918199939727783,15.483399963378906,10.655799992084503,12.079999923706056,18.540000915527344,12.079999923706056,27.32999992370605,10.649999618530272,27.32999992370605,7.559999942779541,27.32999992370605,4.820000171661377,27.32999992370605,3.200000047683716,27.32999992370605,10647945.0,14357226.0,13948002.586206896,136910350.41136265,1,False,83,83,1590862587.2364044,83,0.077610590567972,1.140000002724784,0.0617217133246194,2.5972550423089324,1.5701745648248462,4.332175763250212,1.2811594771809502,17.06999969482422,14.65999984741211,14928400.0,False,False,False,0.0925826234646849,0.2425555312647704,0.2804548701366093,0.864864750419994,0.6959875117937128,0.1603070311523142,0.6758141004359683,False,False,0.2231787315727706,1.2139049008789773,0.1180386683751213,1.0878671068500498,1.998376586180268,2.7064171708994293,0.0,0.0,0.7634028552969796,23.0,95.0,95.0,79.0,79.0,98.0,98.0,94.0,90.0,91.0,95.0,100.0,UUUU
2026-01-05,47.06999969482422,48.61000061035156,46.130001068115234,48.220001220703125,1114700.0,-0.0318798698295335,49.990112595086345,47.7800181370469,46.970399627685545,44.08633308410644,37.67699981689453,31.85539995193481,27.274725008010865,27.190000534057617,56.04999923706055,23.049999237060547,56.04999923706055,21.200000762939453,56.04999923706055,19.06599998474121,56.04999923706055,19.06599998474121,56.04999923706055,18.530000686645508,56.04999923706055,1679427.5,1652052.0,1479826.2931034483,72397916.26277924,-1,False,217,217,420678782.96642303,217,0.0577576439799814,2.3814994267054965,0.0505948468694671,4.927444233465949,-0.6508501407471573,5.751595010774085,5.02461028304697,50.84000015258789,47.93999862670898,1031300.0,False,False,True,0.0526874773383316,0.2107499093533265,0.3329083975045866,0.6330567535486183,0.7045783062518614,0.2493032864500486,0.8397859114278327,False,False,0.1408143870490374,1.132165021910933,0.5617120321173721,1.51956743372888,1.04919464962536,1.849659449657896,0.0,0.0,1.1348815113143813,68.0,90.0,90.0,96.0,96.0,95.0,95.0,97.0,97.0,96.0,95.0,46.15384615384615,VERA
2026-01-05,18.642654418945312,18.880140234090984,17.910406017070454,17.9697769990145,5765100.0,0.0374448897338266,18.23351425418507,18.047396753093945,18.325515975952147,17.953378772735597,16.606317825317383,15.39623387336731,13.88266463279724,14.395200952565771,20.08736084828059,12.819803436967092,20.08736084828059,12.819803436967092,20.08736084828059,10.87456906936033,20.08736084828059,10.825630600067276,20.08736084828059,9.146926497230712,25.82177744108625,5570882.5,6496268.0,8201579.74137931,105404219.2320156,1,False,290,290,1039609374.5718002,290,0.0342193153935546,0.5301027123198391,0.0284349374508133,4.312448710926395,1.2693320414973552,3.478265174658856,1.1544908652674717,18.128101947032796,17.71250127412616,3874100.0,False,False,False,0.0520169604192766,0.0626326559364972,0.1342071498404999,0.4666864322126935,0.7179568330616902,0.1226242093550327,0.7219740957600425,False,False,0.0141286284042383,1.006439762534688,0.2464636777751139,1.2128264194167646,0.5249207749884861,1.3764354313304314,0.0,0.0,0.6792450571312875,17.0,58.0,58.0,89.0,89.0,88.0,88.0,84.0,87.0,82.0,87.0,73.07692307692307,VFC
2026-01-05,18.11000061035156,18.520000457763672,17.43000030517578,18.440000534057617,3055700.0,-0.0022038021498289,18.06158689299745,17.944717256842463,18.072800064086916,17.85633331934611,17.276000022888184,14.658499975204467,12.324449973106384,15.510000228881836,19.76000022888184,12.229999542236328,19.76000022888184,11.09000015258789,19.76000022888184,9.619999885559082,19.76000022888184,8.9399995803833,19.76000022888184,8.100000381469727,19.76000022888184,3463472.5,4135580.0,2798825.0,61661314.93323326,-1,False,67,67,340136107.58781433,67,0.0380066019563638,0.530714579990932,0.0293050558865016,1.647329996562808,-0.0753682104972401,9.867491031450186,10.039192788692944,18.18000030517578,17.729999542236328,2579600.0,False,False,True,0.0601877479763779,0.0679182496290623,0.1573716336508947,0.4315787289831959,0.5555399726277813,0.0482750976127837,0.9164979959808612,False,False,0.0342661549758325,1.026424611490823,0.423742156460015,1.3853208341171113,0.7702836188390119,1.5979066823929071,0.0,0.0,1.23747376131055,76.0,68.0,68.0,95.0,95.0,92.0,92.0,65.0,88.0,89.0,90.0,46.15384615384615,VIAV
2026-01-05,30.200000762939453,30.71999931335449,28.959999084472656,30.604999542236328,2164500.0,-0.0156453565013606,31.274515180675536,31.31009448181916,31.82439994812012,31.685999870300293,29.28859992980957,24.65694995880127,19.64769999027252,28.709999084472656,34.040000915527344,20.709999084472656,34.040000915527344,17.90999984741211,34.040000915527344,15.68000030517578,34.040000915527344,13.539999961853027,34.040000915527344,9.899999618530272,34.040000915527344,1683635.0,1670356.0,1046342.2413793104,47295907.67571449,-1,False,75,75,152216904.36382294,17,0.0337675449890735,1.08421448298863,0.0359011409138487,0.8667673807917765,-0.4427164087618647,3.2121312026205606,4.067880803291889,31.53499984741211,30.350000381469727,1083600.0,False,False,False,0.0582781518019581,0.1347681984107365,0.1682119769112296,0.8011807535075678,0.9092492857809952,0.0311179378773331,0.8871915379169019,False,False,-0.0351437220745567,0.9575409825116497,0.3949192284091876,1.3572757259857702,0.9005664009082293,1.715503504649936,0.0,0.0,1.6090672185618702,89.0,30.0,30.0,94.0,94.0,93.0,93.0,25.0,87.0,90.0,90.0,0.0,VRDN
2026-01-05,55.119998931884766,55.744998931884766,52.5,52.95000076293945,1958500.0,0.0329834764130752,54.2135914644926,52.100681463376205,51.478399963378905,49.0826665242513,43.47559989929199,34.85809997558594,27.305799951553343,33.69499969482422,56.95000076293945,28.149999618530277,56.95000076293945,21.910999298095703,56.95000076293945,17.530000686645508,56.95000076293945,17.530000686645508,56.95000076293945,13.760000228881836,56.95000076293945,2620305.0,2615400.0,3252179.7413793104,153193351.86050415,1,False,277,277,595226645.7416534,31,0.0490621182266219,2.311713899884905,0.0419396579223746,6.386260243825615,0.7613391612261489,11.380421149803263,10.376467921013866,54.93999862670898,52.02999877929688,1727600.0,False,False,True,0.0588715347381413,0.0892598345243535,0.2001995656975383,0.4458542865133251,0.7064731972164869,0.2678375700293074,0.9678665178834278,False,False,0.2966361116971401,1.2868053457911008,0.8948091661313109,1.8436755578301895,1.6940372139955766,2.431712083333794,0.0,0.0,0.8057073127479355,27.0,96.0,96.0,98.0,98.0,97.0,97.0,96.0,96.0,97.0,97.0,76.92307692307693,VSXY
2026-01-05,187.74118041992188,195.71527973170643,182.664932200254,193.027264932063,9826700.0,0.0009590777494044,179.88356137885995,175.43646236936002,173.68371765136715,169.48155619303387,162.15377075195312,131.98399719238282,92.82900921821594,132.22581547771188,195.71527973170643,112.34652150919072,195.71527973170643,77.6894646679901,195.71527973170643,65.62215888361447,195.71527973170643,50.93679651984471,195.71527973170643,28.698609016377397,195.71527973170643,8001182.5,8646232.0,8228804.732758621,1351130894.6916962,1,False,17,17,6562846205.200195,17,0.0535740882494297,9.592193490395784,0.0510926450389885,3.088452197010988,0.0187533606820925,16.18269150765524,15.66713029691045,187.63125014741863,176.56942309238843,6808300.0,False,False,False,0.0695124399573,0.1309346606895439,0.1802214618636038,0.7265209111922455,0.9853540825645206,0.1577971918217668,0.9592566338064368,False,False,0.2085036624504899,1.1993410944061744,0.4319632171450971,1.3933200400083678,1.8863839073114588,2.6053294988229547,0.0,0.0,0.972338360168827,49.0,94.0,94.0,95.0,95.0,98.0,98.0,92.0,94.0,97.0,97.0,96.15384615384616,WDC
2026-01-05,120.61843872070312,125.23422490215992,119.28255749893624,119.4221269517786,2212100.0,0.0264697218473974,118.56934372390558,116.1944152282177,114.80076293945312,112.64300994873048,107.32100341796875,105.27959228515626,95.52642669677736,98.20748071114532,125.23422490215992,92.2857147032493,125.23422490215992,92.2857147032493,125.23422490215992,87.68987204905376,125.23422490215992,85.327147336014,125.23422490215992,61.56915530639435,125.23422490215992,1747985.0,1908298.0,1996260.7758620689,210806030.651474,1,False,108,108,935556976.1276244,108,0.0345096150246275,4.1500725830822764,0.0344066183172204,3.601149669531784,0.7494820647092413,2.836271250299636,0.9335633910078605,119.68133945764006,114.15835142505328,1313500.0,False,False,True,0.0493429318630547,0.0918257075334333,0.1724935926791358,0.5323427155015729,0.8870993943293972,0.1239033821827646,0.9631427735903432,False,False,0.120485204105462,1.1119899696727855,0.1033193374514933,1.0735449940290975,0.3064463068888212,1.1792343677304429,0.0,0.0,0.8756295876450044,37.0,89.0,89.0,77.0,77.0,80.0,80.0,77.0,77.0,72.0,72.0,84.61538461538461,WPM
2026-01-05,13.619999885559082,13.699999809265137,12.920000076293944,13.010000228881836,26431600.0,0.0690737935832539,12.443909896732992,12.75190532622143,13.450400047302246,13.3506667137146,13.469200019836428,12.212900018692016,8.047150013446808,10.470000267028809,16.75,10.470000267028809,17.049999237060547,8.600000381469727,17.049999237060547,4.639999866485596,17.049999237060547,3.400000095367432,17.049999237060547,2.059999942779541,17.049999237060547,35005482.5,38503104.0,43057734.9137931,350747356.53314114,1,False,144,144,2519607036.035061,144,0.0828585925891229,1.0057144165039062,0.0738410003637546,0.1516217765083369,0.875,5.9779586766105295,4.211958735508767,12.739999771118164,11.550000190734863,25966000.0,False,False,False,0.0572687033425164,0.1886930775637612,0.412628482583015,0.4572953286757146,0.5436003289501024,0.0111959036543052,0.798827008505321,False,False,-0.0561330840253805,0.93671075657593,0.1426174327503599,1.111782584952162,1.837499863406028,2.561205416338305,0.0,0.0,0.8129894099186893,28.0,24.0,24.0,82.0,82.0,98.0,98.0,85.0,76.0,87.0,97.0,50.0,WULF
