date,close,high,low,open,volume,price_chg_pct0,ema10,ema20,sma25,sma30,sma50,sma100,sma200,min30,max30,min60,max60,min90,max90,min120,max120,min150,max150,min252,max252,vol_sma40,vol_sma50,vol_sma252,avg_dollar_vol,price_up_down,highest_volume,days_since_highest_volume,days_since_vol_max,up_dollar_vol_max,days_since_up_vol_max,adr_pct,atr14,atr_pct,atr_multi_50sma,vars_norm_change,vars,vars_20ema,previous_session_high,previous_session_low,previous_session_volume,inside_day,tight_day,close_to_ma,range_pct,range10_pct,range20_pct,range_contraction_10_20,vol_dry_10_50,dist_sma50_pct,close_vs_252h,nr7,nr20,perf_1mo,rela_perf_1mo,perf_3mo,rela_perf_3mo,perf_6mo,rela_perf_6mo,perf_12mo,rela_perf_12mo,vol_ratio,vol_ratio_rank,perf_1mo_rank,rela_perf_1mo_rank,perf_3mo_rank,rela_perf_3mo_rank,perf_6mo_rank,rela_perf_6mo_rank,c0_c30_rank,c0_c60_rank,c0_c90_rank,c0_c120_rank,rs_sts_pct,ticker
2026-03-09,60.962440490722656,61.97914613758441,56.44707453756827,57.6531650765648,6902300.0,0.0253142808015716,61.23542320406786,60.99495545415369,60.65065338134766,60.36604232788086,60.32231750488281,50.39787540435791,40.434931964874266,54.862211825298886,68.17905650855676,42.62187917440556,68.17905650855676,35.00655761548743,68.17905650855676,30.62792386204308,68.17905650855676,28.2349772228389,68.17905650855676,21.257264765626896,68.17905650855676,7967737.5,7757556.0,6682313.888888889,438937250.77451706,1,False,137,137,809156602.8785706,137,0.0649209646978019,4.0839081941100215,0.0669905627339757,0.1584060549525877,0.3685487655920407,12.12632235942288,12.853522257837296,59.895898518074425,56.56668717372828,5624700.0,False,False,True,0.0907455731018185,0.1924460680469948,0.2184434313335019,0.8809881206873355,0.9776983885130832,0.0106117107617429,0.8941520110808752,False,False,0.0847817849898635,1.0851664182559844,0.3896842436622205,1.4021844433434612,0.9266368188102015,1.8374800596320675,0.8807369702470282,1.58809038609922,1.1923620519006848,65.0,78.0,78.0,93.0,93.0,95.0,95.0,59.0,87.0,92.0,93.0,76.92307692307693,AA
2026-03-09,110.62000274658205,110.87000274658205,93.7300033569336,95.1750030517578,13838000.0,0.1573551017723535,88.33548386786812,73.73510867007111,61.721600189208985,58.12433344523112,49.5151001739502,39.30500007629394,31.75737508773804,34.540000915527344,114.62999725341795,26.799999237060547,114.62999725341795,18.5,114.62999725341795,18.5,114.62999725341795,18.5,114.62999725341795,9.711000442504885,114.62999725341795,7114655.0,6570084.0,5282577.777777778,720265958.0168724,1,False,7,7,2779333185.919189,7,0.129798072037637,11.739785058157784,0.1061271448804092,11.628184483868212,1.281113822869891,14.174641094335332,9.08525802393554,114.62999725341795,95.06999969482422,15240700.0,False,False,False,0.1549448469000154,0.575212399869372,0.66452717859659,0.865596499881553,2.01075206953214,1.234066019415609,0.9650179307082172,False,False,1.901127711718944,2.9021563704248994,3.215701360955774,4.253621564087352,3.611088111795596,4.397706083424312,6.113826455931017,6.006900263973892,1.3468150019350822,76.0,99.0,99.0,99.0,99.0,99.0,99.0,99.0,99.0,99.0,99.0,100.0,AAOI
2026-03-09,134.02999877929688,134.3000030517578,128.36500549316406,131.42999267578125,3920500.0,0.0060046767050405,132.66873397681772,130.68960788804534,127.19219909667969,127.93683268229168,130.95449951171875,127.53614967346192,128.51547481536866,115.52999877929688,139.0,115.52999877929688,141.39999389648438,110.80999755859376,141.39999389648438,110.80999755859376,141.39999389648438,110.80999755859376,141.39999389648438,99.87999725341795,143.8800048828125,5195462.5,4738198.0,5084144.047619048,763939614.2383575,1,False,214,214,1557833720.081329,334,0.0379216981374113,5.045355115618024,0.0376434765468143,0.6238863404367064,0.1585622881690493,3.286885412937093,0.7951679040871871,133.89999389648438,130.97500610351562,4600300.0,False,False,True,0.0442811132779813,0.1136313026609242,0.1751100606913416,0.6489136158842231,1.1164750818771187,0.023485250824107,0.9315401322682866,False,False,0.1052197780938919,1.1056116581004627,0.1093361953140159,1.1193146663359723,0.0825458478493745,1.032450117033019,-0.0054908768249944,0.8397614352179966,1.0218952199895053,47.0,81.0,81.0,76.0,76.0,67.0,67.0,70.0,58.0,57.0,54.0,84.61538461538461,ABNB
2026-03-09,109.61000061035156,110.22000122070312,107.75,108.19000244140624,648900.0,0.0025610424824611,115.388837302882,118.05694387183216,119.56359985351564,118.91766662597657,121.6472998046875,115.7472501373291,82.3536500120163,105.77999877929688,133.4199981689453,105.77999877929688,148.8300018310547,93.36000061035156,148.8300018310547,80.11000061035156,148.8300018310547,67.08999633789062,148.8300018310547,4.769999980926514,148.8300018310547,1114760.0,1241172.0,1079692.0634920634,102208254.34783936,1,False,229,229,1909268297.5318909,229,0.0405785551539292,5.668640681675503,0.0517164551602069,-1.9133650328799128,0.0493943424923723,2.330354647501945,5.744414276356727,111.33499908447266,108.83000183105467,822800.0,False,False,False,0.0225344512996002,0.2290849417984601,0.252166766132087,0.90846603346003,0.7125442726713139,-0.0989524569280418,0.7364778556864902,True,True,-0.0099358547847316,0.9904151942567554,-0.0093094611802143,0.999601793023063,0.2451437252107509,1.1875236391795203,12.22195429610725,11.164590708467452,1.0324795723648426,48.0,48.0,48.0,48.0,48.0,81.0,81.0,22.0,15.0,50.0,73.0,7.6923076923076925,ABVX
2026-03-09,22.57999992370605,22.6200008392334,21.51000022888184,21.940000534057617,1753200.0,0.0189530721654311,23.08635990333827,23.55089116276517,23.518799819946288,23.915999921162925,25.0792000579834,24.575700016021727,23.784449949264527,21.51000022888184,27.21999931335449,21.51000022888184,28.350000381469727,20.63999938964844,28.350000381469727,19.690000534057617,28.350000381469727,19.690000534057617,28.350000381469727,13.399999618530272,28.350000381469727,1583720.0,1494200.0,1864855.1587301588,43811087.87795067,1,False,297,297,397550248.08769226,297,0.0445915145771143,1.1671431405203685,0.0516892446618221,-1.9279118370665247,0.3598530991722996,2.519860956834579,0.3398636825911015,22.309999465942383,21.6299991607666,1324000.0,False,False,True,0.0491585745837938,0.1705048890380078,0.1705048890380078,1.0,1.424401017266765,-0.0996523066325546,0.7964726497310706,False,False,-0.0375106221273914,0.9628306496732052,-0.1495291686416645,0.8581208103111326,-0.1060966065277987,0.8525372528471429,0.2822259591764586,1.0827089331409936,0.8492455795217936,28.0,37.0,37.0,27.0,27.0,36.0,36.0,32.0,23.0,31.0,41.0,30.76923076923077,ACAD
2026-03-09,46.68999862670898,46.858001708984375,42.83000183105469,43.869998931884766,1174200.0,0.0394033955902368,52.96313089236042,55.96999329194847,59.88439971923828,59.02599983215332,54.50029991149902,45.40305004119873,37.34090003013611,42.83000183105469,71.6500015258789,36.65999984741211,71.6500015258789,28.459999084472656,71.6500015258789,28.459999084472656,71.6500015258789,23.030000686645508,71.6500015258789,16.81999969482422,71.6500015258789,1604445.0,1552036.0,1465253.174603175,94280314.07840727,1,False,165,165,197974680.85479736,26,0.0701074569294992,4.446642739432199,0.0952375855690965,-1.504736716944855,0.3980532193575072,5.301862680564988,7.067413329523475,47.630001068115234,44.880001068115234,1212100.0,False,False,False,0.0862711500622206,0.5703576362536943,0.6172628087921543,0.9240110178835446,1.1846310265998985,-0.143307491838997,0.6516398832154282,False,False,-0.1415701571860088,0.8587342180152951,0.348642405176617,1.3607734338186843,0.7033928816718755,1.6245669257603954,0.7645502737038175,1.489982581184498,1.094995068299048,55.0,13.0,13.0,92.0,92.0,93.0,93.0,52.0,76.0,89.0,87.0,3.8461538461538463,ACMR
2026-03-09,40.880001068115234,40.93000030517578,34.79999923706055,35.0,1640400.0,0.147992147358507,38.82165040420151,36.06778708580484,33.21639984130859,32.18133316040039,29.30239990234375,26.54329992294312,22.959349975585937,22.65999984741211,46.95000076293945,19.899999618530277,46.95000076293945,18.700000762939453,46.95000076293945,18.700000762939453,46.95000076293945,16.3799991607666,46.95000076293945,6.269999980926514,46.95000076293945,1629057.5,1445858.0,1296161.111111111,70810689.56489563,1,False,196,196,260949081.6192627,196,0.1274431667877109,4.683571679251535,0.1145687758532015,3.4486500020562074,1.1252097370709724,4.393394867396638,1.536039764949007,40.77999877929688,35.16999816894531,1562100.0,False,False,True,0.1499510985310709,0.306506904760505,0.5227495176339696,0.5863360833842449,1.5212213094231937,0.3951076090817207,0.8707135336275512,False,False,0.7773913507876189,1.778021564024869,0.6031372967888327,1.617557505133064,0.5993740971155381,1.5253616990236467,3.629671735145092,3.9092851843144816,1.2568325696822669,70.0,99.0,99.0,96.0,96.0,92.0,92.0,98.0,97.0,96.0,95.0,88.46153846153845,AEHR
2026-03-09,224.19778442382807,225.22525247400657,211.9280027436928,215.0104068942281,2098200.0,0.016968314360525,229.5311544673332,225.60371547604203,220.3476672363281,218.8254531860352,206.8620147705078,186.63940109252928,160.47890075683594,186.2467292260964,254.6128673094245,159.52055054346764,254.6128673094245,149.69686310774617,254.6128673094245,148.72326038694928,254.6128673094245,125.75195711691588,254.6128673094245,93.57261919171184,254.6128673094245,2910042.5,2741964.0,2982424.603174603,571160045.0137329,1,False,171,171,1463375864.819336,171,0.0448941712347992,11.484660091006258,0.0512255735288419,1.6359708005221067,0.3257200179860518,7.579714991110493,8.710241290253954,224.1379367999682,214.4817127442152,2178900.0,False,False,True,0.0593103529746592,0.1903893237635185,0.2479087353174358,0.767981505450922,0.9412887988317864,0.0838035425331835,0.8805438106604655,False,False,0.1884545160342394,1.1888759087497731,0.3133798514318211,1.3251936936589956,0.4861387688849437,1.4173664320183677,1.3198475689325706,1.9588744623622545,0.9757304499508364,41.0,88.0,88.0,91.0,91.0,90.0,90.0,78.0,86.0,84.0,82.0,69.23076923076923,AEM
2026-03-09,18.3454704284668,18.43486377980628,17.45153880956086,17.93823489213755,11952300.0,0.0005416565285942,21.19516103231668,22.427331394532757,23.25574111938477,23.25878709157308,24.38858856201172,21.97732009887695,17.31011919975281,17.45153880956086,25.87436478292592,17.45153880956086,28.140783800552736,15.691996548393227,28.140783800552736,13.902298263451586,28.140783800552736,10.95358581635036,28.140783800552736,8.978114761954862,28.140783800552736,6089327.5,5832798.0,9261806.746031746,135615753.52924347,1,False,186,186,1945935204.0138245,186,0.0528548231246739,1.3657293365459997,0.0744450430895894,-3.3284238960509205,0.0072719857919813,6.020253808261763,6.788523764092217,19.040752917481186,18.305742341332166,9083400.0,False,False,False,0.0536004227353901,0.4147266485632949,0.4591229211705195,0.9033019904690498,1.2993472429526962,-0.2477846603619299,0.6519175357193305,False,False,-0.2000866586439502,0.8001969682433709,-0.2326892561051212,0.7742126984647678,-0.0054263422408125,0.94854891494102,0.5569633459290921,1.3146966111130882,0.657466482185994,16.0,7.0,7.0,19.0,19.0,50.0,50.0,33.0,24.0,49.0,69.0,0.0,AEO
2026-03-09,26.116361618041992,26.13634398987362,23.90836098249164,25.17721300944193,21052300.0,0.0120015257817875,27.440215654473345,26.56571000073064,25.45165596008301,25.32759227752685,22.938554306030277,18.33379620552063,13.73333902835846,19.846925166537783,32.011027862003594,14.84274263965264,32.011027862003594,10.178165915434564,32.011027862003594,9.668758967163576,32.011027862003594,7.9607442805787425,32.011027862003594,5.179393431032319,32.011027862003594,27948810.0,26387008.0,22354341.26984127,645213062.4242401,1,False,38,38,1319768784.4470978,42,0.0713328587873196,2.142795894269577,0.0820480251272546,1.688470139837063,0.1445397046548544,9.765804195720264,11.256220697372548,26.30619039546465,25.017357899549733,19376700.0,False,False,True,0.0853098544110684,0.31025251518628,0.4401409549519051,0.7048935385260429,0.8702339424007451,0.1385356404599704,0.8158551400044719,False,False,0.2911962965166779,1.2916541185926054,0.7407939396320284,1.7564523684791091,1.8575657642105123,2.725329475467348,3.481137733222563,3.783863382013744,1.2502631888198985,69.0,94.0,94.0,97.0,97.0,98.0,98.0,88.0,95.0,97.0,97.0,61.53846153846154,AG
2026-03-09,51.05664825439453,51.14646659190874,47.204445478548806,48.31220370556041,3784400.0,0.0254559780520051,50.47609844871065,48.57610955246105,46.457957916259765,45.69184188842773,43.6755899810791,39.05823694229126,33.75903477668762,36.086948013533366,55.29806379550237,35.75761880568243,55.29806379550237,29.22085018783612,55.29806379550237,29.22085018783612,55.29806379550237,25.04929426278513,55.29806379550237,22.689889826009694,55.29806379550237,4468630.0,3934850.0,3762042.460317461,202881060.57430267,1,False,171,171,560530325.0980377,171,0.0561655736174084,2.7786614178459006,0.0544231067421613,3.1052496677504,0.456130839966266,8.29578684754875,7.786573319551973,49.91895353690307,47.40404380853752,2876200.0,False,False,True,0.077208771984374,0.1585223196913819,0.2869428987336516,0.5524524927815925,0.9996848672757538,0.1689973341290411,0.9232990226060536,False,False,0.3581099572146771,1.358591505002281,0.417567134610262,1.430318140693123,0.5893135177087618,1.5157666814947528,1.1456433722759929,1.811776801017238,1.187820192657505,65.0,95.0,95.0,94.0,94.0,91.0,91.0,93.0,87.0,92.0,89.0,80.76923076923077,AGI
2026-03-09,102.11000061035156,103.06999969482422,98.48999786376952,98.58000183105467,2883300.0,0.0222244592478513,100.90111248551572,100.1416713210175,99.66440002441406,99.73766682942708,95.71639999389647,89.23839973449707,83.2255995941162,90.87999725341795,113.5,84.54000091552734,113.5,70.81999969482422,113.5,70.81999969482422,113.5,69.77999877929688,113.5,67.51000213623047,113.5,4481305.0,3920470.0,2703942.4603174604,524683112.4918747,1,False,381,381,1146609294.6899414,25,0.0490850724088389,5.112142290387835,0.0500650500424106,1.3342109282850336,0.4342604518026245,8.137438184851153,5.392878090527779,100.79000091552734,96.9800033569336,2804600.0,False,False,True,0.0448536069305476,0.0897071391436877,0.2075213232273556,0.4322791400351982,0.9524164194599116,0.0667973368917214,0.8996475824700578,False,False,0.1160782926500383,1.1164740227820231,0.1790993349828449,1.1897053249395722,0.2997709239259218,1.2396229177631577,0.2330636833807624,1.041196409707348,1.6573226190152972,87.0,82.0,82.0,84.0,84.0,83.0,83.0,62.0,67.0,81.0,78.0,80.76923076923077,AKAM
2026-03-09,168.72027587890625,168.959063499376,156.7206969335478,157.96443306458062,2420700.0,0.044858039752271,169.73944342653547,170.66209569638514,169.82272277832033,172.0183314005534,167.8243865966797,140.69435539245606,106.71144332885744,155.25807947869453,204.9677321046737,128.6914931172543,204.9677321046737,87.30547076236019,204.9677321046737,78.27831698845931,204.9677321046737,65.77939931443984,204.9677321046737,48.45356824588952,204.9677321046737,3061755.0,3011664.0,3638323.015873016,440635133.2737732,1,False,181,181,993743872.0550536,210,0.0538140356888829,10.507084363404532,0.0622751729670337,0.0857204278601437,0.6893948904289975,11.485982650190415,12.431649960376824,164.22292474916165,157.20824980676178,2175500.0,False,False,True,0.072536430503539,0.2873739695634451,0.2906174843005299,0.9888392305614664,0.8749946873223573,0.0053382544717985,0.823155304234637,False,False,0.0836528175850195,1.0840370505508898,0.4275793076340055,1.4404203731405163,1.0971868521121513,2.0001377449323243,1.263186851423542,1.911030270341212,0.8415291843638935,27.0,78.0,78.0,94.0,94.0,96.0,96.0,50.0,80.0,94.0,94.0,69.23076923076923,ALB
2026-03-09,32.869998931884766,32.88999938964844,30.780000686645508,31.81999969482422,2391500.0,0.0294393553938241,34.84395791691285,36.00438331730922,38.10560012817383,37.57433344523112,34.6782001876831,31.114250030517574,31.110399971008302,30.780000686645508,43.86000061035156,25.31999969482422,43.86000061035156,22.40999984741211,43.86000061035156,22.40999984741211,43.86000061035156,22.40999984741211,43.86000061035156,16.3799991607666,43.86000061035156,2870432.5,2628142.0,2418132.936507937,95429332.3055458,1,False,371,371,381961057.3963165,39,0.0476181323275746,2.035000392368861,0.0619105706874501,-0.8422197276627807,0.4619156980185001,5.345430635413051,4.467274825577833,32.83000183105469,31.6200008392334,1872600.0,False,False,False,0.0641922352165389,0.2701551399246554,0.3979312549054606,0.6788990223671626,0.7562376766552188,-0.0521423039838315,0.7494299697781353,False,False,-0.1488865913782505,0.8514151896202206,0.1405273865352567,1.1507864220957689,0.0752371364089334,1.0254796224373073,0.1610738096773252,0.9804083100774942,1.1870449538416346,65.0,12.0,12.0,80.0,80.0,66.0,66.0,42.0,79.0,83.0,80.0,7.6923076923076925,ALGM
2026-03-09,175.0500030517578,175.49000549316406,164.50999450683594,170.60000610351562,1796900.0,0.0060345002974586,180.87229421444675,181.3861181629947,182.88720153808595,179.96466725667318,174.17639984130858,159.21339935302734,160.04649993896484,154.8300018310547,199.05999755859372,154.6199951171875,199.05999755859372,130.22999572753906,199.05999755859372,122.0,199.05999755859372,122.0,199.05999755859372,122.0,208.30999755859372,1223877.5,1133500.0,1310023.4126984128,246426941.61125183,1,False,221,221,1089197550.086975,220,0.0371371807637761,7.2135740007672995,0.0412086482434075,0.1217128811569161,0.1455593373889454,8.187766813341671,8.0503951353322,174.30999755859375,168.00999450683594,1774000.0,False,False,False,0.0627249974002092,0.1509282931068192,0.197372193370041,0.7646887361881471,1.0736215262461404,0.005015623306287,0.8403341419199982,False,False,-0.0032455989140037,0.9971078223050054,0.1161056308279693,1.126144992873221,0.2582663110669658,1.200038966202335,0.0177325758823128,0.8593712703836554,0.9342409365638988,36.0,51.0,51.0,77.0,77.0,82.0,82.0,64.0,52.0,75.0,78.0,23.07692307692308,ALGN
2026-03-09,18.21999931335449,18.549999237060547,17.540000915527344,18.40999984741211,2022300.0,-0.0119306515364137,19.062135766261637,19.711811499449382,20.232399826049804,20.589666493733723,20.82269992828369,19.41604999542236,17.20127498626709,17.540000915527344,23.864999771118164,17.540000915527344,23.8700008392334,15.845000267028809,23.8700008392334,15.845000267028809,23.8700008392334,12.970000267028809,23.8700008392334,11.625,23.8700008392334,3070555.0,2956654.0,3186946.031746032,59289084.571762085,-1,False,179,179,205349556.0207367,221,0.0446540103254577,0.9567854745047432,0.0525129259364713,-2.380241138020432,-0.2299378769488565,2.0203866777389266,3.09326472281658,18.84499931335449,18.209999084472656,5528000.0,False,False,False,0.0554334994289992,0.207738748082052,0.2244785071007912,0.9254282325959026,1.3364431549988602,-0.1249934265918092,0.7633011593115486,False,False,-0.1385342958875849,0.8617711557451847,-0.0608247591947724,0.9476231152769166,0.1488019992285219,1.0956402085949202,0.1947540533347207,1.008847837773259,0.9634788193503658,40.0,13.0,13.0,39.0,39.0,74.0,74.0,24.0,17.0,45.0,41.0,0.0,ALHC
2026-03-09,19.700000762939453,19.75,17.68000030517578,18.0,4859900.0,0.0523505067057266,18.43290455927468,16.830643916699728,15.77439998626709,15.06266663869222,12.788000011444092,9.999500007629395,7.54418375492096,10.5600004196167,20.8799991607666,6.400000095367432,20.8799991607666,5.434999942779541,20.8799991607666,4.71999979019165,20.8799991607666,3.882999897003174,20.8799991607666,2.2950000762939453,20.8799991607666,5143232.5,4543004.0,1847397.242063492,77490678.45652103,1,False,47,47,183898281.9057465,7,0.0911374580352355,1.6009998321533203,0.081269023865481,6.650833954045837,0.6121183962067466,12.236818149776102,14.183996098822442,19.649999618530277,18.13999938964844,5153800.0,False,False,False,0.1050761225714466,0.2817258386863345,0.4355329257739333,0.6468531355826045,1.26330947540438,0.5405067833367025,0.9434866644992804,False,False,0.5511811857325815,1.5517311911752143,1.7361112895571202,2.760722590739775,3.758454444024556,4.538252913157926,5.533996708953871,5.517293231562656,2.784042534487683,96.0,98.0,98.0,99.0,99.0,99.0,99.0,98.0,99.0,99.0,99.0,96.15384615384616,ALM
2026-03-09,338.5191650390625,338.7388931000867,316.2668297304182,320.0820940265267,9504100.0,0.0437273025972848,351.3608132100734,349.98265392916613,347.9110693359375,344.8749633789063,324.0658740234375,282.4028773498535,231.36239540100095,286.77537466681304,395.458383601027,246.30622742359984,395.458383601027,202.49746578230435,395.458383601027,170.81866395047155,395.458383601027,153.7846009301305,395.458383601027,122.49056819303526,395.458383601027,8286217.5,7584312.0,7776137.698412699,2873201453.0308533,1,False,206,206,6586069245.222473,80,0.0432931998388108,16.476764369756392,0.0486730621820336,0.9163149609619824,0.8607498856333214,9.985366171249126,12.31274825473426,340.9761105388402,321.34051680207523,8655200.0,False,False,False,0.0663834302175341,0.2339352156368184,0.2367490647859016,0.98811463457468,1.002580062634554,0.0445998550732302,0.8560171666017586,False,False,0.1163614449683103,1.1167572754981838,0.259511228713678,1.2708405230706432,1.0892651406609009,1.9925826174232275,1.2566459096370917,1.905507112700656,1.0655955207289374,52.0,82.0,82.0,89.0,89.0,96.0,96.0,74.0,84.0,90.0,93.0,46.15384615384615,AMAT
2026-03-09,43.0888557434082,43.09882372633399,40.09795885356027,40.81577152100078,5627400.0,0.0386926037779016,45.31083118463408,46.61279764837111,47.59354522705078,47.98329251607259,47.80689582824707,41.899098567962646,32.56361694335938,40.09795885356027,56.91676785043278,38.55265842393181,56.91676785043278,29.349710297701776,56.91676785043278,26.02672703221285,56.91676785043278,21.683020742644164,56.91676785043278,13.849505724420217,56.91676785043278,4695865.0,4557864.0,3015723.412698413,263430041.33115768,1,False,353,353,450186983.7646485,62,0.0622026906779664,2.635550217333128,0.0611654724142058,-1.6134843107543486,0.6090242457146146,7.631588902818964,9.426892841545724,43.71694271101329,41.17468103623821,3743600.0,False,False,False,0.0696436426774409,0.2503471257797054,0.3903285131781545,0.6413754499801083,0.9378033219069284,-0.0986895301001989,0.7570502923960495,False,False,-0.0237180940441927,0.9766280682009136,0.0009263598832824,1.0099296852227035,0.7576906166303694,1.6763519868032095,1.1973819886805157,1.855464781102676,1.5571272153895002,85.0,42.0,42.0,52.0,52.0,94.0,94.0,45.0,48.0,83.0,87.0,3.8461538461538463,AMKR
2026-03-09,17.719999313354492,17.739999771118164,15.869999885559082,16.1299991607666,15020200.0,0.0851193751465113,13.664714726810956,12.516157010193176,11.877200012207032,11.91366662979126,10.987199945449827,11.27169997692108,9.164950002431867,9.229999542236328,17.739999771118164,7.710000038146973,17.739999771118164,7.710000038146973,17.739999771118164,7.710000038146973,17.739999771118164,6.36299991607666,17.739999771118164,1.7000000476837158,17.739999771118164,9445635.0,8638386.0,7081371.428571428,116574569.11116125,1,False,4,4,423952556.7751885,4,0.1037810994045276,1.3392143930707658,0.0755764359461053,8.108158646789771,1.0379214835506836,5.445420941681976,1.591427925712053,17.290000915527344,14.53499984741211,23915800.0,False,False,False,0.10553047167162,0.4424379490059775,0.4802483385238262,0.9212690883344454,1.4268753445377411,0.612785732609967,0.9988725784655176,False,False,0.6748581702397003,1.6754520280802565,0.4500817451833789,1.463125219952256,1.4922642729397064,2.3769326217320987,7.904522225343895,7.518960047357432,1.333870860366031,76.0,98.0,98.0,94.0,94.0,98.0,98.0,98.0,98.0,96.0,95.0,100.0,AMPX
2026-03-09,30.299999237060547,30.850000381469727,29.020000457763672,29.690000534057617,1530000.0,0.009663412394766,30.549317638824206,31.168248581644896,31.97200004577637,32.60566654205322,32.574599990844725,28.936399898529054,26.339549942016603,29.020000457763672,38.11000061035156,28.13999938964844,38.11000061035156,21.11000061035156,38.11000061035156,21.11000061035156,38.11000061035156,21.11000061035156,38.11000061035156,16.010000228881836,38.11000061035156,2225095.0,2108074.0,2134119.047619048,75355903.3498478,1,False,362,362,316500000.0,104,0.0472690320722066,1.3369289125714985,0.0441230675324992,-1.5825607467102036,0.2169143067008074,6.25146293479617,5.550401013313797,30.09000015258789,29.15999984741211,2248400.0,False,False,True,0.0603960386067516,0.0775577703182049,0.292970268148045,0.2647291508741532,0.9175958718716706,-0.0698274347013767,0.7950668788189513,False,False,-0.1675824734370273,0.832712678524822,0.0358974098140358,1.0452152994936592,0.2499999803284998,1.192155166956956,0.6530277884984483,1.3958132266227716,1.0426292771635446,49.0,10.0,10.0,64.0,64.0,81.0,81.0,28.0,35.0,81.0,78.0,34.61538461538461,AMTM
2026-03-09,24.030000686645508,24.06999969482422,23.479999542236328,23.559999465942383,2446300.0,0.0126422735017426,24.486403051244405,24.054802241972048,23.707200012207032,23.276333363850917,22.20000003814697,22.245699996948243,20.446731672286987,20.559999465942383,26.15999984741211,19.709999084472656,26.15999984741211,19.709999084472656,26.15999984741211,19.709999084472656,26.15999984741211,17.940000534057617,26.15999984741211,12.89417510795686,26.15999984741211,2843387.5,2598642.0,2324671.4285714286,79708289.99279976,1,False,332,332,176365966.51153564,25,0.0336232275207568,0.7628568921770368,0.0317460204069402,2.5966234647921618,0.3932600563560985,3.270546921177603,3.5039921379698904,24.229999542236328,23.690000534057617,5170500.0,False,False,True,0.0245526481784821,0.1115272671076189,0.1947565614418253,0.5726496005164513,1.4620367099431164,0.0824324615024318,0.9185780132572396,False,False,0.1292293191384055,1.1296297122563852,0.1022936480563678,1.1122087714168778,0.2272727671235439,1.1704796748935882,0.6540367774049958,1.3966652147569545,1.223135220338358,67.0,83.0,83.0,75.0,75.0,80.0,80.0,72.0,69.0,59.0,55.0,65.38461538461539,AMX
2026-03-09,86.2699966430664,86.5199966430664,81.22000122070312,83.30000305175781,1573100.0,0.0149411369772518,92.07981144507488,94.42852748540264,95.23160003662107,95.45233306884764,103.42040008544922,94.20780014038084,91.12404998779296,81.22000122070312,106.3000030517578,81.22000122070312,133.11000061035156,65.44999694824219,133.11000061035156,65.44999694824219,133.11000061035156,65.44999694824219,133.11000061035156,65.4000015258789,133.11000061035156,1758575.0,1698006.0,2195909.9206349207,152838782.66227722,1,False,285,285,1804327980.895996,285,0.0533268204088834,5.487857273646763,0.0636125824410568,-2.6069043725362357,0.231419401004661,2.3153361894595226,-0.072916076083173,87.2699966430664,83.80000305175781,1538400.0,False,False,False,0.0614349788871731,0.2383215296003628,0.2383215296003628,1.0,1.1309029532286694,-0.1658319193139129,0.648110557039224,False,False,-0.1294652071503825,0.870843460127478,-0.0981602201502144,0.9099518221212732,-0.0954179075332128,0.8627217859536378,0.0321846704125368,0.8715745889473518,0.800841138097108,24.0,14.0,14.0,34.0,34.0,38.0,38.0,39.0,29.0,72.0,68.0,3.8461538461538463,ANF
2026-03-09,32.37331008911133,33.55539644589852,32.095173014416325,33.00905413946187,11503100.0,-0.0027539672887064,30.934488503388515,29.64176491070035,28.71738136291504,28.23269220987956,26.830688972473144,25.300377922058104,22.6556924533844,24.81390784010653,33.55539644589852,22.877858821296023,33.55539644589852,21.283788221791376,33.55539644589852,21.281685354067697,33.55539644589852,17.37955611198439,33.55539644589852,12.826797870649134,33.55539644589852,7332877.5,6792816.0,7419458.73015873,240587110.4506874,-1,False,374,374,494705523.5343933,374,0.0440009966507222,1.443196934717552,0.0445798384763554,4.633880998456284,-0.0619466705939783,7.708256776712372,3.918828255516936,33.197788960151655,31.975967671657745,10557400.0,False,False,False,0.0451057808874889,0.2025160647636049,0.2249155269276148,0.9004094449592234,1.4440417641225671,0.206577666429834,0.964772093851042,False,False,0.2307401479155943,1.2311765339329384,0.2317450443180917,1.2428245820480288,0.4623404390604249,1.3946693901689828,0.8279629925800995,1.5435281491171626,0.9883305193400708,43.0,91.0,91.0,87.0,87.0,89.0,89.0,87.0,87.0,85.0,82.0,96.15384615384616,APA
2026-03-09,135.58706665039062,136.25473597288425,128.1629651444979,129.1196349712916,8755100.0,0.0317739121206206,137.71825751447145,140.6084391302094,141.72046813964843,143.3931666056315,143.43089996337892,138.97199935913085,122.28430671691896,125.77129333319768,166.4593664297708,124.94418205725808,166.4593664297708,124.94418205725808,166.4593664297708,116.707073114724,166.4593664297708,104.00109317953692,166.4593664297708,55.96875729043527,166.4593664297708,11043827.5,10065870.0,8854058.333333334,1316237480.7202911,1,False,40,40,3033870681.762696,41,0.0429459237610359,6.312980242222415,0.0465603423555164,-1.1745444785176715,0.6614088204337168,3.2628841840302227,3.831942829282301,134.929334092785,130.11613689005003,7975600.0,False,False,True,0.0596795183219862,0.1943994515023077,0.1943994515023077,1.0,1.0274253492246572,-0.0546871930315643,0.8145355203403036,False,False,0.0660504109937452,1.0664284026387965,-0.0224984662311793,0.98629415296743,0.2359554015674783,1.1787605130360133,1.220359005974729,1.8748665267180569,1.2473181318924371,69.0,74.0,74.0,45.0,45.0,81.0,81.0,47.0,38.0,28.0,44.0,30.76923076923077,APH
2026-03-09,39.09000015258789,39.72999954223633,38.59999847412109,39.45000076293945,9249500.0,0.0066958101795726,37.35517676579738,36.24310384071231,35.30000030517578,35.28133354187012,34.466600227355954,34.16950012207031,34.66195007324219,32.810001373291016,39.95000076293945,31.149999618530277,39.95000076293945,29.100000381469727,39.95000076293945,29.100000381469727,39.95000076293945,29.100000381469727,39.95000076293945,29.100000381469727,44.02000045776367,6341675.0,5978384.0,5224196.031746032,222191455.98283768,1,False,231,231,439076941.0190582,91,0.0425446585824422,1.437857219151088,0.0367832492591048,3.646808216655689,0.1808234629073297,3.1170074009404285,-0.0549673394289683,39.95000076293945,38.63999938964844,5581300.0,False,False,False,0.0289076762267657,0.1760041197559257,0.1826553942639405,0.9635856661402312,1.0866966725456244,0.1341414556333979,0.8880054462992107,True,False,0.1548006474054311,1.1552101074008665,0.0680328355813295,1.0776397831823945,0.1983446177976098,1.1428902003078754,0.1571936520182888,0.9771319130201984,1.2139044862526884,66.0,86.0,86.0,70.0,70.0,78.0,78.0,76.0,74.0,75.0,71.0,96.15384615384616,AR
2026-03-09,35.724613189697266,35.863777366427406,34.55168452868163,34.97910787761968,1776300.0,0.0175537663208031,35.19632557327214,33.87443448080752,33.12650154113769,32.33828144073486,29.80282913208008,27.09594139099121,25.451830911636357,27.554072157845013,37.03670266393049,24.691054913442308,37.03670266393049,22.588216524879744,37.03670266393049,22.588216524879744,37.03670266393049,20.72891374689144,37.03670266393049,19.364306167866367,37.03670266393049,1684070.0,1567748.0,1560238.888888889,60403761.281490326,1,False,89,89,105440002.83966064,89,0.0338646003009373,1.201329109897807,0.0336274910387066,5.908817927379641,0.5130013180155704,12.952621337087724,9.386370551530293,35.69479410200133,34.91946979275267,1321500.0,False,False,True,0.0367279788525232,0.1346689194224783,0.1669448634634522,0.8066670434095758,1.2917254558768374,0.1986987219023082,0.9645732643605164,False,False,0.1771660783345847,1.177583468485988,0.4393829138741938,1.452330152733129,0.4449421471115755,1.3780762189934157,0.5695040690240418,1.3252859716121304,1.0793667636366224,53.0,88.0,88.0,94.0,94.0,89.0,89.0,87.0,88.0,87.0,85.0,88.46153846153845,AROC
2026-03-09,60.66999816894531,60.970001220703125,57.06999969482422,59.09999847412109,2260700.0,0.0142092691149684,62.69410214351095,63.49225433794519,64.1557992553711,64.72183303833008,65.5981999206543,57.48655002593994,39.56074997901917,57.06999969482422,76.11000061035156,57.06999969482422,76.76000213623047,37.060001373291016,76.76000213623047,28.479999542236328,76.76000213623047,15.010000228881836,76.76000213623047,9.56999969482422,76.76000213623047,2836847.5,2887958.0,2330163.492063492,153416564.03253555,1,False,31,31,578184873.0651855,62,0.0487285870533509,3.114999498639788,0.0513433260697581,-1.4632298676109028,0.2728727482916959,7.060929245112575,8.854529235002033,61.790000915527344,57.33000183105469,2820300.0,False,False,False,0.0642822093882173,0.1661447525181278,0.1661447525181278,1.0,0.7698657667459152,-0.0751270882077556,0.7903855716584103,False,False,-0.0614170986724805,0.9389156965604946,-0.0617074739743974,0.9467324604842584,1.0866722812361376,1.990109744775972,2.433502994170335,2.8992427872402597,1.2174456898248849,67.0,30.0,30.0,39.0,39.0,96.0,96.0,39.0,29.0,89.0,94.0,11.538461538461538,ARWR
2026-03-09,7.78000020980835,7.869999885559082,7.190000057220459,7.340000152587891,4396100.0,-0.0063856595638431,8.508564368427427,8.779051760028382,9.280399990081786,9.431999985376994,8.351200008392334,6.814499998092652,5.3962999999523165,7.190000057220459,11.989999771118164,5.480000019073486,11.989999771118164,4.050000190734863,11.989999771118164,4.050000190734863,11.989999771118164,3.2799999713897705,11.989999771118164,1.2599999904632568,11.989999771118164,7174025.0,6743404.0,5321809.523809524,43630003.20934534,-1,False,42,42,131791245.3163147,40,0.0804029497348755,0.7071428980146136,0.0908924008926258,-0.7525088039256695,-0.0707066620312317,7.8038885232151936,9.172441844284016,7.989999771118164,7.519999980926514,3267400.0,False,False,False,0.0874035745502086,0.3226220673979272,0.4820050670995057,0.6693333523220509,0.6525383915897668,-0.0683973318816423,0.648874091603323,False,False,-0.1316964088520986,0.868611467304073,0.4043321775053015,1.416964135245102,0.8305882846607882,1.745876253178588,4.893939318681007,4.976830102414628,1.3480424220190053,76.0,14.0,14.0,93.0,93.0,94.0,94.0,49.0,87.0,94.0,92.0,0.0,ASM
2026-03-09,58.91386795043945,59.66943100754578,57.432572981170814,59.00334242319109,2005900.0,-0.0164315532287635,59.63485961135461,59.09083479637776,58.95224426269531,58.24065831502279,56.78149757385254,52.68559005737305,50.65298343658447,53.59511983697968,62.08026442842613,49.01204511806259,62.08026442842613,40.95022545045888,62.08026442842613,40.95022545045888,62.08026442842613,40.95022545045888,62.08026442842613,32.881007264978884,62.08026442842613,1347200.0,1409002.0,1676532.9365079366,74388251.22226715,-1,False,353,353,215080673.54736328,90,0.0434826250069362,2.6025665659590183,0.0441757884263921,0.8501028823495863,-0.3781723050950803,2.693181242145455,2.8378036804266675,60.186393600751366,57.60157763195047,1306900.0,False,True,True,0.0379682764719623,0.0866519928231834,0.0942456428895944,0.9194270436957308,0.9478907765922264,0.0375539650713414,0.94899511934848,False,False,0.0374649524532979,1.0378328084946415,0.2051670605876727,1.2160075295469377,0.1711226921407189,1.1169279924381983,0.2275607305631199,1.0365497277932323,0.8035630977856559,24.0,68.0,68.0,86.0,86.0,76.0,76.0,55.0,66.0,81.0,78.0,61.53846153846154,ASO
2026-03-09,21.65999984741211,21.770000457763672,20.459999084472656,20.65999984741211,9484900.0,0.0255681338409601,22.54298181188964,22.444128015807056,22.540399856567383,22.080999883015952,20.3307999420166,17.441699953079222,13.886706767082217,18.3700008392334,25.290000915527344,14.720000267028809,25.290000915527344,13.18000030517578,25.290000915527344,10.93000030517578,25.290000915527344,9.520000457763672,25.290000915527344,6.699196851346324,25.290000915527344,8609172.5,8160704.0,9249016.666666666,195724814.293499,1,False,334,334,375811089.0197754,31,0.0365470227336603,1.0178574153355189,0.0469924941138506,1.3912569252703877,0.5305251993479948,18.636458670884007,20.07739107469263,21.709999084472656,20.96999931335449,7997000.0,False,False,False,0.0604802115660001,0.2229917758578269,0.2229917758578269,1.0,1.0344303628706544,0.0653786328716226,0.8564649688926458,False,False,0.0691016585742427,1.069480732106305,0.4287598987746417,1.4416115836898902,1.0687678409734,1.973033847730689,1.266522312248028,1.91384672652428,0.9308203034196428,36.0,75.0,75.0,94.0,94.0,96.0,96.0,74.0,89.0,89.0,93.0,34.61538461538461,ASX
2026-03-09,156.6999969482422,156.9199981689453,148.0,150.1699981689453,2520300.0,0.0440402476622809,156.2734525830422,151.52336715862216,147.82719940185547,143.5643330891927,134.5047994995117,116.37970016479493,98.94605014801026,117.19000244140624,168.13999938964844,99.43000030517578,168.13999938964844,93.11000061035156,168.13999938964844,75.0199966430664,168.13999938964844,70.41999816894531,168.13999938964844,39.22999954223633,168.13999938964844,2143340.0,1928744.0,1964734.126984127,357084558.7818146,1,False,353,353,683551654.4952393,34,0.0364207833418006,6.373570033482143,0.0406737087275587,4.057022882245776,1.037095470141127,17.211259086746853,16.056947028104524,152.3300018310547,148.10000610351562,3059300.0,False,False,True,0.0569240481344206,0.1285258441728027,0.222973855276761,0.5764166566222442,1.2423421667157486,0.1650141670135054,0.931961445920461,False,False,0.2178440909161523,1.2182759043525473,0.5607569179951806,1.574795915139887,1.0185495619264993,1.9251394623038065,1.737595953062164,2.3116203290836137,1.090905874012599,55.0,90.0,90.0,96.0,96.0,96.0,96.0,89.0,92.0,90.0,94.0,76.92307692307693,ATI
2026-03-09,105.81063842773438,106.3256017740847,99.65049280777868,101.87552912988068,2425100.0,0.0221513345450341,110.44533046479816,109.54801339057282,108.11650756835938,107.3642707824707,101.15379928588868,88.14289512634278,70.23723421096801,88.79737231166283,125.4764543972812,77.10865411845067,125.4764543972812,60.86513508630834,125.4764543972812,60.15348639510686,125.4764543972812,47.57228125342496,125.4764543972812,27.92208917145865,125.4764543972812,3044770.0,2836740.0,3192182.1428571427,300569755.55576324,1,False,255,255,548050730.5984497,17,0.0501720500126414,6.743119808949904,0.0637281837549374,0.7223995986590659,0.3400581241781225,9.64855542429538,11.0308340185853,104.88758184952918,99.8836872537649,2504500.0,False,False,False,0.0630854237862379,0.2440771738386295,0.2440771738386295,1.0,1.054086733362945,0.046037214367838,0.8432708665222459,False,False,0.1045745809006917,1.104966232138392,0.3060687203554921,1.317816799011721,0.8408254400241677,1.755639675461352,2.7036218489145347,3.127330586390106,0.9538208860709928,38.0,81.0,81.0,90.0,90.0,94.0,94.0,76.0,84.0,92.0,90.0,57.692307692307686,AU
2026-03-09,38.560001373291016,38.93999862670898,31.549999237060547,33.349998474121094,8660300.0,0.1912265259702879,36.60498539592864,33.071851813076144,29.94200012207031,27.843333435058597,24.58240009307861,17.255500025749207,10.012850008010863,15.850000381469728,47.02999877929688,12.329999923706056,47.02999877929688,6.039999961853027,47.02999877929688,3.849999904632568,47.02999877929688,1.899999976158142,47.02999877929688,1.1299999952316284,47.02999877929688,7864312.5,7911906.0,2706369.047619048,291340910.72525024,1,False,59,59,625060603.8818359,7,0.1557545914773845,5.869285583496094,0.1522117576365418,3.73559825690218,1.0546432531434462,18.987905963557985,17.127148104773546,40.0,32.2599983215332,9909700.0,False,False,True,0.191649354939266,0.4494293931317447,0.6338173691984773,0.709083428401609,1.2584679342752556,0.5686019765070829,0.8199022405730011,False,False,0.8874204991334307,1.8880897256278009,2.1867768725315795,3.2154419073608054,11.398714686163329,11.824953607479427,23.877421006154123,21.00644255726358,2.9058536960872723,96.0,99.0,99.0,99.0,99.0,99.0,99.0,99.0,99.0,99.0,99.0,80.76923076923077,AXTI
2026-03-09,45.617706298828125,45.747157867225866,42.869289729076456,43.89496871644385,11234300.0,0.0085866099893729,46.86504640507974,47.21511492765237,46.97376235961914,47.51481602986654,47.27150650024414,42.11091241836548,33.1539191532135,42.869289729076456,54.006142922989234,39.81583087197114,54.006142922989234,30.511139068761832,54.006142922989234,27.905449745807296,54.006142922989234,21.117596308801332,54.006142922989234,16.532854946347708,54.006142922989234,16606012.5,15409582.0,18146275.0,709109531.7897987,1,False,171,171,2308589846.136093,171,0.0397581628809073,2.119201990690432,0.0464556893064321,-0.7530861991211799,0.1832608221985583,8.994443442464366,10.05579718150812,45.53803968666731,43.83521862932268,10664800.0,False,False,False,0.0630866470860535,0.1796550698830171,0.1796550698830171,1.0,0.8916938824167976,-0.0349851384873354,0.8446762503272506,False,False,0.050610498261254,1.0509830153452968,0.1291944985798678,1.1393515948955095,0.6329976070532493,1.5574292524110769,1.5409891033151577,2.145605914062323,0.9151196319905875,34.0,71.0,71.0,79.0,79.0,92.0,92.0,40.0,55.0,84.0,87.0,30.76923076923077,B
2026-03-09,18.739999771118164,25.399999618530277,17.600000381469727,24.850000381469727,20221400.0,-0.1618962764051768,15.159080294171508,10.890209766067638,7.273200035095215,6.737333345413208,4.519100008010864,2.832950007915497,2.0764000010490418,2.2100000381469727,29.700000762939453,1.0800000429153442,29.700000762939453,1.0499999523162842,29.700000762939453,1.0,29.700000762939453,1.0,29.700000762939453,1.0,29.700000762939453,18627817.5,14923288.0,3314936.111111111,313753155.1381624,-1,False,42,42,1887571188.81073,6,0.3185909920032961,5.576999868665423,0.2975987159434559,10.574115987183893,-0.649094661015236,17.684493021304725,10.221506444784708,29.21999931335449,20.520000457763672,34938300.0,False,False,False,0.4162219494304264,1.3980790332408937,1.4607791381857818,0.9570776284341256,2.417882037792208,3.146843340023094,0.6309764070613255,False,False,6.808332927690628,7.811101544050614,15.01709440897204,16.161168056880577,16.192659813991956,16.39705484283072,12.013888212817712,10.98890014047589,5.619359431261035,99.0,99.0,99.0,99.0,99.0,99.0,99.0,99.0,99.0,99.0,99.0,88.46153846153845,BATL
2026-03-09,65.63999938964844,66.36499786376953,64.5,65.16999816894531,1764900.0,0.0042839470116609,66.72455331889239,68.69383338371185,70.08080032348633,71.3853333791097,73.43890022277832,70.03115013122559,58.29672508239746,62.77000045776367,84.94000244140625,62.77000045776367,84.94000244140625,60.220001220703125,84.94000244140625,48.77999877929688,84.94000244140625,42.09000015258789,84.94000244140625,28.325000762939453,84.94000244140625,3256797.5,2974870.0,2726106.3492063493,224826070.27996063,1,False,215,215,696823667.6330566,25,0.0508932803856865,3.126072202410017,0.0476245007842429,-2.229855893704563,0.0895688778656527,3.896644504885786,5.352370278042818,66.05999755859375,63.625,3244000.0,False,True,True,0.028412521040694,0.1331505447857318,0.337751404475772,0.3942264725513027,0.9064833085143216,-0.1061957737584816,0.772780757039989,False,False,0.0299701845462321,1.030335383152598,-0.1219904024342217,0.8859072875206524,0.2296739991797471,1.1727697878919203,1.0366118623001972,1.7197108207586065,1.1946700101953656,65.0,66.0,66.0,31.0,31.0,80.0,80.0,29.0,21.0,30.0,71.0,15.384615384615383,BBIO
2026-03-09,151.32000732421875,153.75,132.5,134.5500030517578,12964500.0,0.1193135926586252,154.80271380990936,153.94465180549966,154.20440185546877,154.01033426920574,140.5210009765625,124.93460052490236,84.22300024032593,131.0,180.8999938964844,75.69999694824219,180.8999938964844,75.69999694824219,180.8999938964844,61.369998931884766,180.8999938964844,35.0,180.8999938964844,15.149999618530272,180.8999938964844,11769102.5,11383348.0,10628517.857142856,1654438098.8839722,1,False,228,228,3587492964.135742,131,0.1105710745166286,16.44928741455078,0.1087053041129352,0.7069550910528686,0.980589886741486,4.444603186366631,7.2498088063321795,155.75,135.11000061035156,14852800.0,False,False,True,0.1404308681697964,0.3198519135198189,0.3297646806847457,0.9699398760827168,0.9734939140927608,0.0768497681670898,0.836484314149883,False,False,0.1077598869911344,1.1081526676492417,0.2813956475301022,1.2929217920754184,1.6514807803291829,2.528781249681135,5.758374785582999,5.706757612804308,1.1073136121317817,57.0,81.0,81.0,90.0,90.0,98.0,98.0,69.0,97.0,95.0,96.0,38.46153846153847,BE
2026-03-09,14.449999809265137,14.84000015258789,13.800000190734863,14.779999732971191,5624300.0,-0.0295500687651044,14.992095660889149,15.011596327879014,15.553199958801269,15.238333288828532,13.69900001525879,11.845400009155274,9.646150007247924,12.720000267028809,17.09000015258789,10.109999656677246,17.09000015258789,8.020000457763672,17.09000015258789,7.289999961853027,17.09000015258789,7.0,17.09000015258789,4.96999979019165,17.09000015258789,5817337.5,5222470.0,3530978.1746031744,85501955.08306026,-1,False,347,347,150530179.8368454,31,0.0374312163663432,0.6392856325422015,0.0442412208291034,1.2391499080130994,-0.6882690798288372,14.323349688620327,15.63711675975734,14.899999618530272,14.229999542236328,3360900.0,False,False,False,0.0719723166491804,0.1197231532921596,0.227681661265042,0.525835733220477,0.7871562689685149,0.0548215047207707,0.8455236793591845,False,False,-0.0653298982140814,0.935001509649666,0.3580826450192165,1.3702985885501229,0.8790636803308518,1.792108408640832,1.4870912136966674,2.1000946481658915,1.6475144315084236,87.0,28.0,28.0,92.0,92.0,95.0,95.0,66.0,87.0,93.0,93.0,3.8461538461538463,BKD
2026-03-09,60.880001068115234,61.880001068115234,59.83000183105469,60.90999984741211,1301000.0,-0.0039266666878872,60.7512285338516,60.41699577960843,60.2568000793457,59.67533340454101,59.05900016784668,56.49160011291504,56.60569997787476,55.27999877929688,66.27999877929688,50.900001525878906,66.27999877929688,50.7599983215332,66.27999877929688,50.7599983215332,66.27999877929688,50.7599983215332,66.27999877929688,50.7599983215332,73.51000213623047,2251737.5,2137096.0,2298871.4285714286,151502882.6093483,-1,False,80,80,1132498028.259277,80,0.0402727942363063,2.5771421704973494,0.04233150665707,0.7283839106449761,-0.0931255817071261,3.4629508253447474,0.7820341391505679,61.52000045776367,59.15999984741211,2630900.0,False,True,True,0.0336727858261191,0.1277923561563717,0.1471747524190713,0.8683035239121086,0.9949342472214632,0.0308335883623704,0.8281866317360593,False,False,0.0652668318923368,1.0656445457021653,0.131178027003407,1.141352965142816,0.0538341801230435,1.0050671061765697,-0.1450638695291021,0.7219062904640886,0.9794969270635902,42.0,74.0,74.0,79.0,79.0,62.0,62.0,55.0,65.0,55.0,52.0,73.07692307692307,BMRN
2026-03-09,41.95000076293945,47.95000076293945,40.209999084472656,47.76499938964844,1492300.0,-0.2544872859130831,40.28838470919414,33.94779082188682,28.33319984436035,32.09299996693929,21.20629996538162,12.42054997563362,7.969024987816811,16.25,86.27999877929688,1.1799999475479126,86.27999877929688,1.1799999475479126,86.27999877929688,1.1799999475479126,86.27999877929688,1.1799999475479126,86.27999877929688,1.1799999475479126,86.27999877929688,7025580.0,11233112.0,2797863.214285714,58451290.47891617,-1,False,70,70,2081300349.3881223,42,0.1951492881178622,6.778000150408063,0.1615733021963627,6.054129944337474,-2.112717523908892,13.709622748192974,12.746714201947198,60.0,50.72999954223633,3050300.0,False,False,True,0.1845054001835601,0.9363528002923722,1.042908205109039,0.8978285871233258,0.2187995632910986,0.9781857670324874,0.4862077115954419,False,False,0.7559649156423349,1.7565875316652464,13.875887147522006,15.009695644400107,12.576052403942194,12.947809019952738,10.556473675042977,9.758262335925636,2.511051992866495,95.0,98.0,98.0,99.0,99.0,99.0,99.0,99.0,99.0,99.0,99.0,80.76923076923077,BNAI
2026-03-09,114.6449203491211,115.2425465714244,111.26832421391612,112.70263322682788,3556200.0,-0.0011282454755847,116.94107413203204,117.84391188719248,118.9713491821289,119.0039530436198,118.94782073974608,114.34923973083497,105.95363037109377,111.26832421391612,128.25090708380517,111.26832421391612,128.25090708380517,104.54012237067025,128.25090708380517,101.7475853720347,128.25090708380517,98.3530378411248,128.25090708380517,68.73457465962935,128.25090708380517,3865390.0,3657416.0,3818675.793650794,453304883.5780716,-1,False,353,353,973469630.9394836,80,0.0333600017979065,3.436357987016379,0.0299739227569075,-1.2068720209065436,-0.037683417696344,5.757239466155652,5.55639263890428,114.83417440643966,111.70658975309928,2923000.0,False,False,False,0.0346654901534741,0.099304933475246,0.148132013334503,0.6703813121813272,0.9591033669672796,-0.0361746887321257,0.8939111851599358,False,False,-0.0448926068687569,0.9554460474866162,0.0145664072828053,1.0236924247495447,0.1204554942829083,1.0686054623006016,0.3876820966137919,1.171755876264247,1.012233090441162,45.0,35.0,35.0,58.0,58.0,72.0,72.0,17.0,12.0,32.0,36.0,11.538461538461538,BNY
2026-03-09,5.570000171661377,5.614999771118164,5.269999980926514,5.420000076293945,7953900.0,0.0054152003637044,5.765967108633365,5.6469813334761625,5.634400024414062,5.456000026067098,4.954000043869018,4.151600031852722,3.255500013232231,4.369999885559082,6.25,3.5799999237060547,6.25,2.890000104904175,6.25,2.440000057220459,6.25,1.870000004768372,6.25,1.5499999523162842,6.25,6793220.0,6223984.0,5436613.888888889,44360684.9930501,1,False,335,335,77194800.28152466,33,0.0607341963641456,0.3240715094975063,0.0581815977576253,2.1371704105796843,0.0925728085596505,13.515256525755344,11.713182560637575,5.78000020980835,5.489999771118164,7244700.0,False,False,True,0.061938919130903,0.175942547373599,0.1849192420224161,0.951456135388393,1.08916571764966,0.1243439891678461,0.8912000274658203,False,False,0.1275303860614516,1.1279301767853025,0.4813830281353581,1.4947080577171097,0.8322369215643648,1.74744859800576,1.4537445896312071,2.0719368281596915,1.249531443438292,69.0,83.0,83.0,95.0,95.0,94.0,94.0,85.0,92.0,94.0,95.0,42.30769230769231,BORR
2026-03-09,3.930638313293457,4.099377910946712,3.890934934234058,3.990193381882556,21637500.0,0.0025317034545988,3.842660104464818,3.731687727910388,3.651920080184937,3.609702134132385,3.464122943878174,3.1273387265205383,2.596570348739624,3.245754226471329,4.099377910946712,2.9380526459930905,4.099377910946712,2.21346541513644,4.099377910946712,2.163836221232201,4.099377910946712,1.915689700137629,4.099377910946712,1.3384989545070265,4.099377910946712,19035907.5,18627294.0,31540441.26984127,71063445.08886099,1,False,272,272,224511557.64222145,272,0.0460648204052209,0.1807923262542748,0.045995665803906,2.9278966947375564,0.0549032191210087,10.973582633876305,8.68318656090679,4.099377664256177,3.861157167584501,17860400.0,False,False,True,0.0530303121525319,0.1363637314398028,0.1994950831278701,0.6835443225054224,1.0806808546641289,0.1346705578795097,0.9588377550645762,False,False,0.1681416857220272,1.1685558760763348,0.2375001079021532,1.2486314123872415,0.8165137634896016,1.7324530424580042,1.0432459993131462,1.7253126722545895,0.6035396695036728,14.0,87.0,87.0,88.0,88.0,94.0,94.0,79.0,82.0,92.0,91.0,92.3076923076923,BTE
2026-03-09,42.22999954223633,42.38999938964844,40.0,40.709999084472656,2018600.0,0.0178355708323239,41.30369140010836,40.7047719543835,40.177600402832034,40.07433369954427,39.54379997253418,36.75469995498657,30.20937494277954,36.869998931884766,44.869998931884766,34.7599983215332,44.869998931884766,30.63999938964844,44.869998931884766,26.280000686645508,44.869998931884766,19.01000022888184,44.869998931884766,15.484000205993652,44.869998931884766,2259977.5,2119208.0,2577275.0,120555991.93548204,1,False,143,143,547237128.5739899,143,0.043476468364203,1.910071509225028,0.0452302043554291,1.501866480667438,0.3874189318020716,7.775477325147944,7.383180314312897,41.66999816894531,40.2599983215332,2574400.0,False,False,True,0.0565948239534807,0.1356855222436237,0.1749940674817514,0.7753721265880809,2.1164133015730404,0.0679297278351573,0.9411633730222256,False,False,0.1008863104877124,1.101276653967931,0.2010807657993945,1.2118844785667091,0.7501036473676652,1.6691161110028758,1.4509576705859382,2.069583559514131,0.8768864401354144,30.0,80.0,80.0,85.0,85.0,94.0,94.0,67.0,68.0,77.0,86.0,100.0,BTSG
2026-03-09,36.451419830322266,36.529163910873045,34.57589022505713,35.314440455080565,1681800.0,0.0129624562835919,37.65647172624457,37.43168485638165,37.321747589111325,37.22722574869792,34.90065788269043,29.393587741851807,23.725445065498352,31.86462962143773,43.40935894738824,25.343990396367168,43.40935894738824,20.4073554814662,43.40935894738824,18.998274160875752,43.40935894738824,16.65628736420102,43.40935894738824,11.966667285103211,43.40935894738824,1690495.0,1697268.0,1331723.8095238097,61013381.495456696,1,False,80,80,195293192.84935,80,0.0526977834104114,2.339904392368554,0.0641924074085612,0.6921940453408637,0.1993472698146991,10.7252983876385,12.63768921635711,36.66521215113537,34.43012174569096,1290800.0,True,False,True,0.0535856681278317,0.2463343607325785,0.2463343607325785,1.0,1.1299276248653718,0.0444336021643008,0.8397133870256197,False,False,0.0717142421655006,1.0720942420465978,0.4820228640938158,1.4953536489953676,0.8764381313855312,1.7896043592084154,1.8297900080098977,2.3894687973352737,1.269403601490371,70.0,76.0,76.0,95.0,95.0,95.0,95.0,67.0,88.0,92.0,92.0,42.30769230769231,BVN
2026-03-09,13.489999771118164,14.15999984741211,12.600000381469728,12.729999542236328,5254500.0,0.0297709449077652,11.198267769857704,10.34161064727892,9.90080005645752,9.955333391825356,8.894000024795533,7.027700009346009,4.353030005991459,7.949999809265137,14.59000015258789,4.570000171661377,14.59000015258789,3.119999885559082,14.59000015258789,2.640000104904175,14.59000015258789,0.9300000071525574,14.59000015258789,0.2240000069141388,14.59000015258789,3570282.5,3487564.0,2869041.26984127,42840499.567136765,1,False,277,277,224701503.63206863,5,0.1032212800789602,1.1417855535234724,0.0846394049589247,6.105345818407387,0.3415697356171007,14.68401841993289,12.184409094330787,14.59000015258789,12.84000015258789,8005000.0,False,False,False,0.1156411780882541,0.4922164904360391,0.4922164904360391,1.0,1.581258437121154,0.5167528371384607,0.9246058690907816,False,False,0.5833332213997342,1.5838946270545229,0.9985184846100984,2.016495143867918,5.333332885598937,6.040252513956808,12.225490218994482,11.16757643439938,1.2444165713229791,69.0,98.0,98.0,98.0,98.0,99.0,99.0,97.0,99.0,99.0,99.0,100.0,BW
2026-03-09,53.12395477294922,53.17383565948981,50.09114968100182,50.27072391708211,3702600.0,0.0279922730758592,54.59237668766113,55.0121479551761,56.06094955444336,54.7021422068278,51.586653060913086,47.50597480773926,42.70741870880127,46.77018424070373,69.70767047335517,42.07526081565659,69.70767047335517,40.35365336901448,69.70767047335517,40.12578107639701,69.70767047335517,36.867635314539285,69.70767047335517,23.99839257183223,69.70767047335517,3287870.0,2968916.0,2917818.253968254,273275953.2599449,1,False,353,353,920463612.7593994,26,0.0476969771637991,1.9944946462838933,0.0375441673122478,0.7937418561870978,0.7252802298043813,12.267919893697716,9.325107972965752,52.38570573498132,51.07880897604742,3173500.0,False,False,False,0.0580281718795846,0.182020495577541,0.3692594212195605,0.4929339242757252,1.0404066669451073,0.0298003770514225,0.7620962573014852,False,False,0.0605183760218706,1.0608944061621208,0.2308758787897857,1.2419475983821069,0.2177924105093327,1.161438029853517,0.8390525333558008,1.5528921342840163,1.1268248101225882,59.0,73.0,73.0,87.0,87.0,79.0,79.0,65.0,75.0,72.0,69.0,46.15384615384615,BWA
2026-03-09,106.0881576538086,106.54599860004386,101.52972662263564,103.95823364191168,18525600.0,0.0005632004927553,109.59699604929084,111.48632146280958,113.5966439819336,113.63213806152343,114.90593780517578,108.65897300720216,98.72518287658691,101.52972662263564,124.5707338001968,101.52972662263564,124.5707338001968,94.88425064225444,124.5707338001968,92.1860118180356,124.5707338001968,88.26864986497985,124.5707338001968,53.8488119017068,124.5707338001968,15300300.0,14591230.0,14634176.19047619,1729915827.0468905,1,False,339,339,4283028727.734375,80,0.0379597412359939,4.443269132840088,0.0418828004096324,-1.8322346113615948,0.0134394899815407,4.826852848378545,4.286522866822727,106.08815746548744,102.60463589792722,16586900.0,False,False,False,0.0472839955782578,0.1406323281795726,0.2171873627285482,0.6475161649038577,1.1718689925386687,-0.0767391165312781,0.851629868569025,False,False,-0.0790565506644546,0.9212699901124388,-0.0059784889632212,1.0029627273109616,0.1298158412757248,1.0775326512666876,0.5494598079653978,1.3083606392624854,1.045518367474441,49.0,25.0,25.0,49.0,49.0,73.0,73.0,29.0,21.0,37.0,41.0,0.0,C
2026-03-09,62.67893981933594,62.80829511075593,59.096715326596254,60.29079015750948,1252200.0,0.0207422243371755,62.738683130760286,62.11345438746213,62.0123762512207,61.21088078816732,59.00713455200195,53.89096687316894,56.21815307617187,55.74756858171276,65.85918011443154,46.71544731842282,65.85918011443154,42.65495997592489,65.85918011443154,42.65495997592489,65.85918011443154,42.65495997592489,65.85918011443154,41.643636115849496,68.33467619650176,1407477.5,1357354.0,1346064.2857142857,98480041.64461136,1,False,376,376,235627714.26696777,222,0.0416871318024858,2.5996948811716605,0.0414763697130958,1.5002871105066262,0.4899350496281942,5.892585605358414,3.783250712306337,61.99234474867743,59.81316093601838,1263300.0,False,False,True,0.0592157396863736,0.1078905419799254,0.1287747187662635,0.8378239379093921,0.9177635311053712,0.062226462871165,0.9172347526619968,False,False,0.0074628453458309,1.0078200634795265,0.3245880420252518,1.3365027018454316,0.0498268328704787,1.0012452023300746,0.3325143513110105,1.12517234686906,1.0456242803092617,49.0,59.0,59.0,91.0,91.0,61.0,61.0,63.0,82.0,83.0,80.0,69.23076923076923,CAKE
2026-03-09,13.34000015258789,13.359999656677246,12.34000015258789,12.529999732971191,3289400.0,0.0301158570708028,13.776288081526106,13.941972310983031,14.120799980163577,14.23566665649414,13.975400009155273,12.314100036621094,10.52895001411438,12.260000228881836,15.859999656677246,11.239999771118164,16.649999618530273,8.710000038146973,16.649999618530273,8.390000343322754,16.649999618530273,8.0,16.649999618530273,5.420000076293945,16.649999618530273,3395532.5,3134486.0,2827665.0793650798,50469511.956305504,1,False,24,24,97653426.96647644,115,0.0535852943010841,0.682143007005964,0.051135157361571,-0.8891259145302259,0.5717281263858858,8.893763825289685,7.845289210034188,13.84000015258789,12.880000114440918,3630700.0,False,False,False,0.0764617310661335,0.1679160229007655,0.242878540783946,0.6913580028881028,0.8875522174927564,-0.0454655935537539,0.8012012287220363,False,False,-0.0831615135591183,0.9171635717127996,0.1295512005596397,1.1397115054069995,0.4452871954699744,1.3784052999452467,1.1833060329108165,1.8435790733260689,1.200825559143811,66.0,24.0,24.0,79.0,79.0,89.0,89.0,51.0,63.0,85.0,85.0,15.384615384615383,CALY
2026-03-09,703.480712890625,707.2834707164229,661.5904323360513,663.9559240037976,3584400.0,0.0351299203532606,721.5678946529367,722.8866945712689,734.7791186523438,720.1343322753906,677.239072265625,619.6184497070312,515.3392390441894,618.0832929936029,788.3091846105693,555.1019906270719,788.3091846105693,519.4633209878451,788.3091846105693,431.2041329345333,788.3091846105693,402.5882380181033,788.3091846105693,263.17095279293244,788.3091846105693,3020057.5,2839420.0,2847217.8571428573,2354692550.635071,1,False,336,336,4051068378.5095215,131,0.0346961163700743,28.36313157062781,0.0403182788822777,0.9610522347963169,0.8417445605150977,11.45090957408065,13.740462024583271,695.0068742964228,673.7872620837095,3564400.0,False,False,False,0.0649527947861106,0.1628074966377687,0.1801310966349405,0.9038278213989874,1.1095963260102415,0.0387479720229542,0.8923918769741973,False,False,0.0390824708967372,1.0394509004648589,0.1791188701732489,1.189725035848872,0.6746215282159269,1.5971269911822843,1.095299558137159,1.7692665890640236,1.0607047481187777,51.0,69.0,69.0,84.0,84.0,93.0,93.0,66.0,76.0,75.0,86.0,30.76923076923077,CAT
2026-03-09,81.80999755859375,81.87999725341797,76.2699966430664,77.91000366210938,2678700.0,0.0409721513010259,78.12121560337818,74.78165376575099,71.59080032348633,70.03333358764648,68.43239990234375,61.24209995269776,68.34349996566772,58.25,86.4800033569336,51.209999084472656,86.4800033569336,43.40999984741211,86.4800033569336,43.40999984741211,86.4800033569336,43.40999984741211,90.3499984741211,43.40999984741211,101.5,3824317.5,3845640.0,4105733.73015873,319758598.85953903,1,False,208,208,1522098857.4676514,12,0.0588361806850192,5.36457143511091,0.0655735435179387,2.9811766165738955,0.6002345685301799,4.062782633262304,1.6807356174094883,78.91000366210938,74.80000305175781,3196100.0,False,False,False,0.0685735335260654,0.2485026578382915,0.3091309801361559,0.8038749714727369,1.3900469102672115,0.1954863146015697,0.8060098281634852,False,False,0.2673895227084102,1.267838903568517,0.5016519501834702,1.5151592985718716,0.2278253178885894,1.1710066559015255,-0.0101633871963346,0.8358159771783753,0.9314577494172156,36.0,93.0,93.0,95.0,95.0,80.0,80.0,92.0,93.0,94.0,92.0,92.3076923076923,CAVA
2026-03-09,17.35833740234375,17.388231893664873,15.42520401064382,16.04301019376751,4728300.0,0.0615479025058698,17.403320393557426,17.54507002053809,18.16947811126709,17.678217601776122,16.11771194458008,14.263418426513672,13.778552412986755,14.30586477683925,21.66203377248124,11.45063959960092,21.66203377248124,10.350188083917944,21.66203377248124,10.350188083917944,21.66203377248124,10.350188083917944,21.66203377248124,8.934065621702594,21.66203377248124,3702500.0,3381614.0,3582074.603174603,76507750.74518204,1,False,353,353,284535332.5510025,255,0.0789868090860448,1.469101628527144,0.0846337753711817,0.9094809032386398,0.6850621073457954,6.825956458567916,3.4958955994916625,16.7056544556511,16.062939078382275,2910800.0,False,False,True,0.1130884737126957,0.1845311004186898,0.3592987978788403,0.513586745928707,1.0400684406913383,0.0769728024690785,0.8013253780628498,False,False,0.0366465786829228,1.0370141445518275,0.3962488261376589,1.4088080741906006,0.1261457720940126,1.0740324176611495,0.2781672347710799,1.0792817546944715,1.033618896914841,48.0,68.0,68.0,93.0,93.0,72.0,72.0,79.0,90.0,90.0,88.0,42.30769230769231,CC
2026-03-09,116.13999938964844,116.41000366210938,106.44000244140624,107.18000030517578,3306800.0,0.0588986056391158,116.86952448646058,117.32104242322292,117.64439971923828,119.3163330078125,114.04539962768554,102.224077835083,88.44145570755005,106.44000244140624,135.24000549316406,84.29000091552734,135.24000549316406,77.54900507529015,135.24000549316406,77.54900507529015,135.24000549316406,68.82599337595263,135.24000549316406,34.931985261471524,135.24000549316406,4462835.0,4182340.0,4672845.238095238,435189256.08695984,1,False,132,132,2636399134.185791,132,0.053275475684815,6.83428464617048,0.0588452271576266,0.3121131269970715,0.9452341274799624,5.876308453072114,6.964689044376092,114.5999984741211,108.66000366210938,4112200.0,False,False,True,0.0858446811873476,0.1695367221929457,0.1695367221929457,1.0,0.8770162158026368,0.0183663678570198,0.8587695553999288,False,False,0.0627745304445519,1.0631513605540277,0.2343501318947138,1.2454531023684872,0.5341613310609201,1.4631667092420173,1.7620728743910845,2.3322885905463844,0.9550573093277014,39.0,74.0,74.0,87.0,87.0,91.0,91.0,52.0,84.0,84.0,81.0,38.46153846153847,CCJ
2026-03-09,22.674537658691406,22.794401985060336,20.56690388374509,21.675659381307806,20801700.0,0.0026501771254847,23.76789829492893,23.62014578244504,23.11724029541016,23.31947987874349,22.22244510650635,19.545551118850707,15.75066265821457,19.058598790121927,27.73885082519235,15.362748109192925,27.73885082519235,13.534801031417633,27.73885082519235,13.534801031417633,27.73885082519235,8.800117958210665,27.73885082519235,4.574862546156672,27.73885082519235,26237915.0,24699912.0,18075672.222222224,506849347.2379685,1,False,171,171,956227607.6913834,46,0.0676044026433582,1.7294863569351473,0.0762743824358515,0.2667207541106749,0.0346534729805224,3.432850450324022,5.984710703368956,22.974201761096158,21.6456936485107,17316100.0,False,False,False,0.0982378619950127,0.2991188949001539,0.2995593871559552,0.9985295327915328,0.7919101088295375,0.0203439608026163,0.8174288762567788,False,False,0.1878596781384638,1.1882808599411248,0.4099378182162774,1.4226201986535705,0.547375638245911,1.4757695131110249,3.127272749366006,3.485060525617541,1.451559570091292,81.0,88.0,88.0,94.0,94.0,91.0,91.0,76.0,89.0,90.0,88.0,53.84615384615385,CDE
2026-03-09,51.42625427246094,51.856056113146906,47.64799631975496,49.387194909151255,3257600.0,0.0431873465668701,51.30828196303821,51.51842493688375,52.95361343383789,51.801398849487306,48.95992538452148,44.59101421356201,47.519693298339845,43.065409209390666,61.87592682465714,40.34821804034076,61.87592682465714,35.09366422232316,61.87592682465714,35.09366422232316,61.87592682465714,35.09366422232316,61.87592682465714,35.09366422232316,63.407956407523045,2624390.0,2393978.0,2405185.714285714,159614771.79727554,1,False,353,353,1573710741.5039062,353,0.0602464606831816,3.3194219158582774,0.0645472232582151,0.7804277050126315,0.641381821952037,4.653051145298309,2.098698761300886,52.97553929780179,49.14730509946801,2565400.0,False,False,True,0.0818270716567702,0.1805636835823801,0.2966860893386425,0.6086017850883519,1.1942465636693402,0.0503744413123468,0.8110378757824067,False,False,-0.0111505086884127,0.9892001096707892,0.2921562263790693,1.3037791622529993,0.0571467331852297,1.0082263680254109,-0.0659723824421916,0.7886909776649339,1.0911381954467432,55.0,47.0,47.0,90.0,90.0,63.0,63.0,76.0,76.0,83.0,80.0,42.30769230769231,CE
2026-03-09,54.45000076293945,55.380001068115234,51.43000030517578,52.06999969482422,2337700.0,0.0141553763395403,53.01333394870287,51.8420050485714,51.45079986572266,50.74866663614909,48.17199989318848,39.38429992675781,30.71734998226166,43.11000061035156,56.959999084472656,29.299999237060547,56.959999084472656,25.399999618530277,56.959999084472656,25.399999618530277,56.959999084472656,20.209999084472656,56.959999084472656,13.050000190734863,56.959999084472656,2441382.5,2329974.0,1953130.9523809524,137678493.19587708,1,False,118,118,202303500.0,18,0.0744291654215387,3.690714427403041,0.0677817148886996,1.9227115821844036,0.2059227694745382,10.026978036487282,11.081161355816064,54.83000183105469,51.09999847412109,2692000.0,False,False,True,0.0725436309934445,0.1630853467216478,0.2543617682288056,0.6411551069850557,1.080329651747187,0.1303246882768238,0.95593401752323,False,False,0.1617239599700131,1.1621358747783526,0.7644199509404723,1.780290895587724,1.464916269208831,2.350850170158657,2.013281775457669,2.544408864139982,1.2499840305248593,69.0,86.0,86.0,97.0,97.0,97.0,97.0,84.0,96.0,96.0,94.0,100.0,CENX
2026-03-09,110.58850860595705,121.30476021827349,109.26391460625575,116.22549090794512,10270400.0,-0.0409397046886649,105.48005898179844,100.90788511021972,97.8836459350586,96.8857437133789,90.865343170166,85.61207206726074,87.14867263793946,87.94949866282347,121.30476021827349,74.71447374614128,121.30476021827349,74.71447374614128,121.30476021827349,74.71447374614128,121.30476021827349,74.71447374614128,121.30476021827349,65.54225967260496,121.30476021827349,3108392.5,2856024.0,2694476.1904761903,390834526.0647583,-1,True,0,0,962989211.5081788,262,0.0460737296379414,6.085867736416767,0.0550316467156782,3.944262749253628,-0.775686593537943,6.023507377540273,2.661884168318143,120.00008273810356,111.4250905899131,8230500.0,False,False,False,0.108879717827835,0.2536023256325764,0.2670209456222931,0.949746938546545,1.7870893241793486,0.2170592741707353,0.9116584411606452,False,False,0.2224352889831562,1.2228687303299128,0.391409484105405,1.403925202311905,0.3292922213921756,1.2677780920539754,0.483119870300424,1.252343333872711,1.1536166142372404,61.0,90.0,90.0,93.0,93.0,85.0,85.0,84.0,89.0,83.0,80.0,96.15384615384616,CF
2026-03-09,50.7518310546875,50.83172557334423,48.22522595066351,48.88434049126022,2953700.0,0.0277047093796032,52.39500324995608,51.38831396286906,50.69885879516602,48.75432090759277,44.62871383666992,42.23756988525391,40.10268669128418,38.12219983049291,59.71115724285861,34.50243695793348,59.71115724285861,34.50243695793348,59.71115724285861,34.50243695793348,59.71115724285861,34.50243695793348,59.71115724285861,22.45874330229444,59.71115724285861,2428965.0,2180626.0,2160630.5555555555,167635527.65262604,1,False,25,25,737923943.844223,25,0.0416475503357784,2.027649415846803,0.0399522415981783,3.434132527856572,0.6747518762908786,3.8559430826410974,2.4083968062856997,50.14264970163352,48.91430002419648,2262900.0,False,False,True,0.0513577454943861,0.1960574164334753,0.3505232161368342,0.5593279058495805,1.0891918192298908,0.1372012924330885,0.8499555761123246,False,False,0.2888158989010525,1.289272876954595,0.3083633823922922,1.3201321015168808,0.1350445084111255,1.0825193573785772,0.5704853360404654,1.3261145514399486,1.1241926546648549,59.0,94.0,94.0,90.0,90.0,73.0,73.0,89.0,89.0,83.0,80.0,42.30769230769231,CGNX
2026-03-09,61.290000915527344,62.630001068115234,59.72999954223633,61.43999862670898,1242000.0,-0.0095345853652852,59.54288102755902,57.51545421409918,55.775200042724606,55.40299987792969,52.30979995727539,46.9568998336792,38.1429999256134,48.5099983215332,63.58000183105469,37.0099983215332,63.58000183105469,35.79999923706055,63.58000183105469,34.5099983215332,63.58000183105469,23.649999618530277,63.58000183105469,14.800000190734863,63.58000183105469,1184657.5,1115764.0,1072321.825396825,50820805.1264,-1,False,315,315,379150685.33706665,59,0.0545125631912744,3.213071550641741,0.0524240741172469,3.274705334145934,-0.1836249654851449,5.680638221082636,5.854123596095772,62.70000076293945,59.18000030517578,1025800.0,True,True,False,0.047316062694726,0.1375428320974311,0.2338065201011327,0.5882762894633443,0.918079450493115,0.1716733951494105,0.9639823710352768,False,False,0.2457317066079161,1.246173408212472,0.3702213624584149,1.3825464936645475,0.8533414418240781,1.7675764886215288,1.2708411054198452,1.917493506496289,1.1047592914203752,56.0,92.0,92.0,92.0,92.0,95.0,95.0,84.0,94.0,91.0,90.0,96.15384615384616,CGON
2026-03-09,181.3190460205078,181.43863159753096,173.81474692807814,176.97392597703427,1431200.0,0.0128033539063066,183.2659165578131,183.30428593694245,186.25711975097656,186.05247701009117,179.10383392333983,163.37978927612303,137.17238597869874,148.34282151959414,201.95520993339312,148.34282151959414,201.95520993339312,125.4641526075101,201.95520993339312,122.3084952758537,201.95520993339312,111.63474100170993,201.95520993339312,82.82066423336373,201.95520993339312,2663517.5,2390706.0,1680929.761904762,540889666.8254089,1,False,25,25,1118390414.4210815,24,0.0554393850012049,7.824075205845277,0.0431508734331215,0.2866294702588937,0.2929604732937881,15.367058450668686,12.574099213215993,183.3720214931138,177.1333918884709,1723200.0,False,False,True,0.0420467945137465,0.1201233003743898,0.2951320599085437,0.4070154235755137,0.8029887405645028,0.0123683119933442,0.8978181156124106,False,False,-0.0753528026371169,0.9249750513851872,0.1597149208908985,1.170146548183619,0.4532067055585049,1.385958327961558,0.9014324358770548,1.605565594234558,1.5845501462130156,85.0,26.0,26.0,82.0,82.0,89.0,89.0,80.0,70.0,82.0,81.0,30.76923076923077,CHRW
2026-03-09,22.6299991607666,22.739999771118164,21.06999969482422,21.950000762939453,5666100.0,0.0179936854146256,22.284455407486675,22.259123830457053,21.58480010986328,22.321666717529297,24.0553999710083,22.45605010986328,25.106486511230468,19.020000457763672,27.739999771118164,19.020000457763672,28.59000015258789,16.170000076293945,28.59000015258789,16.170000076293945,28.59000015258789,16.170000076293945,34.540000915527344,16.170000076293945,44.93999862670898,3473155.0,3338646.0,3600504.864864865,83720405.36016464,1,False,270,270,264173887.98179623,122,0.068709272090667,1.6185714176722936,0.0715232645911182,-0.8284705784776722,0.2471312752485908,2.229349777336583,-0.8346400926205491,22.975000381469727,21.950000762939453,3451800.0,False,False,True,0.0737958523299111,0.2465753482386355,0.2483428696554306,0.9928827374055572,1.4482487810926945,-0.0592549203904153,0.5035602993391508,False,False,0.0895521743865765,1.0899384990992904,-0.0479596665983541,0.9606039292878262,-0.0702547650411364,0.8867204826023525,0.0,0.0,0.9646299978351384,40.0,78.0,78.0,41.0,41.0,40.0,40.0,76.0,64.0,79.0,76.0,76.92307692307693,CHYM
2026-03-09,318.5400085449219,319.2900085449219,287.25,289.489990234375,3070300.0,0.0828432335207212,322.1577401349861,314.39858554980464,309.8024005126953,299.58166656494143,275.30739929199217,235.837399597168,168.0280495452881,225.7100067138672,365.8999938964844,201.6999969482422,365.8999938964844,168.22000122070312,365.8999938964844,132.92999267578125,365.8999938964844,84.41000366210938,365.8999938964844,49.209999084472656,365.8999938964844,3547920.0,3284752.0,2699130.5555555555,967708847.1865844,1,False,31,31,9081460493.151855,31,0.0758953396898707,25.28999764578683,0.0793934732447284,1.9779201837495703,0.9636218816037496,10.35489900882824,12.597414146548502,315.8399963378906,293.1099853515625,3924200.0,False,False,True,0.100583938235198,0.2747220973835876,0.3117034152114037,0.881357354385307,1.0170052411871582,0.1570339531887299,0.8705657662159979,False,False,0.2591509760637016,1.2595974357657027,0.6274460506724648,1.6420849160813735,1.7297969138776126,2.603473237469258,3.6549759918798177,3.930652046073214,1.3144677246891232,74.0,92.0,92.0,96.0,96.0,98.0,98.0,93.0,92.0,94.0,96.0,65.38461538461539,CIEN
2026-03-09,29.34000015258789,30.709999084472656,29.01000022888184,30.350000381469727,1349100.0,-0.0348684039224875,29.04804032006751,27.94981446460565,27.50399993896484,26.58633321126302,23.979199905395507,21.669599952697755,18.9085999917984,21.049999237060547,31.40999984741211,18.229999542236328,31.40999984741211,17.850000381469727,31.40999984741211,17.420000076293945,31.40999984741211,12.9399995803833,31.40999984741211,7.679999828338623,31.40999984741211,1492272.5,1350844.0,1043540.4761904762,43735480.11284828,-1,False,255,255,88642364.89105225,24,0.0509022037568436,1.6078572954450334,0.0548008618637725,4.0795057343475785,-0.6592621552579946,10.690087916095734,8.758640744468618,31.40999984741211,30.020000457763672,2067800.0,False,False,True,0.0579413376533631,0.1704158137013159,0.2194955862496676,0.7763974511427062,1.1946309122296874,0.2235604302204494,0.9340974305991674,False,False,0.1955989836179432,1.1960229095617625,0.5084832391622887,1.5220520349454525,0.644618828567207,1.5685126920048722,1.3566265543838345,1.989930561183964,1.4300092177043808,80.0,89.0,89.0,95.0,95.0,92.0,92.0,92.0,93.0,89.0,88.0,88.46153846153845,CLMT
2026-03-09,65.63685607910156,65.96578976463974,61.9787369111824,63.64332965237288,1079000.0,0.0102792280538586,70.41870679681028,73.07455478936394,76.4625048828125,76.42748540242513,75.0468032836914,68.60191444396973,60.941010093688966,61.9787369111824,84.59529678570972,61.9787369111824,84.59529678570972,55.65636161711964,84.59529678570972,52.62687999804264,84.59529678570972,49.68223597007562,84.59529678570972,37.46099678847444,84.59529678570972,1219410.0,1207586.0,1125171.4285714286,86454530.1670456,1,False,353,353,148619892.81921387,143,0.0340465936705383,2.64711876956559,0.0403297617785873,-3.109061640187869,0.2522861567741568,4.555995106978324,7.010192159499164,66.65355687320877,64.15167915124823,1383200.0,False,False,False,0.0607441168213843,0.2101746525896204,0.3445710417219132,0.609960290160548,0.9581512206998094,-0.1253877153037208,0.7758924972551108,False,False,-0.1825967968401276,0.8176930314627803,0.0119076688125359,1.0210097709460404,0.1180881671402069,1.0663476852370315,0.4359757479170754,1.212534934983074,1.083754856402834,54.0,9.0,9.0,56.0,56.0,71.0,71.0,38.0,28.0,51.0,60.0,3.8461538461538463,CMC
2026-03-09,43.31999969482422,43.81999969482422,42.04999923706055,43.369998931884766,3914500.0,-0.0075601791413234,43.51107145527278,43.11381242444297,42.14279998779297,42.33999989827474,43.18279975891113,40.15539993286133,38.902099962234495,36.060001373291016,46.52999877929688,36.060001373291016,47.68000030517578,32.869998931884766,47.68000030517578,31.649999618530277,47.68000030517578,25.07999992370605,47.68000030517578,25.07999992370605,66.02999877929688,5936327.5,5874884.0,9444936.507936507,205680680.41582108,-1,False,250,250,1802529324.2477417,227,0.0376207691326677,1.601428713117327,0.0369674220775366,0.0859456590074523,-0.2060671376450525,4.046088730070307,3.9372569243888433,43.93999862670898,42.61000061035156,4783000.0,False,True,True,0.0408587366166382,0.079639907369428,0.1728993936110689,0.4606141508429766,0.7269862690054817,0.0031771894522605,0.6560654323138777,False,False,0.0851703828113861,1.0855551538634207,0.1150579509978797,1.1250878891706668,0.4948240296445947,1.4256497749415131,-0.2713204518269833,0.6152954949615819,0.6285195771312756,15.0,78.0,78.0,77.0,77.0,90.0,90.0,77.0,66.0,72.0,73.0,80.76923076923077,CNC
2026-03-09,11.033499717712402,11.102830201489802,10.597705676536458,10.904742430299374,14939200.0,-0.0008967303281295,11.69219841076364,11.81851380373964,12.102777824401857,11.87174129486084,11.145616893768311,10.493907480239868,11.297203674316409,10.419426830706632,13.182754121383809,9.12195057605236,13.182754121383809,8.91395784325069,13.182754121383809,8.91395784325069,13.182754121383809,8.91395784325069,13.182754121383809,8.91395784325069,14.13357583778201,13840475.0,13046552.0,15448292.46031746,185238157.99162865,-1,False,262,262,707639572.6221085,251,0.0373553292620614,0.4718737494963047,0.0427673686109577,-0.2352098525095897,-0.0209864484136557,5.827116508171228,3.25816162416527,11.122637775080884,10.835410289599066,11505100.0,False,False,False,0.0457809886143788,0.1974864764446329,0.2342908878401922,0.8429114690082901,0.9284023855498372,-0.0100593064632066,0.7806587550347694,False,False,-0.0662195665863163,0.9341115258259212,0.1763463690490836,1.186927596097226,-0.027923173631146,0.9270931435776496,-0.1071236625527106,0.7539429223264952,0.8959226422954177,32.0,28.0,28.0,84.0,84.0,46.0,46.0,37.0,67.0,62.0,58.0,15.384615384615383,CNH
2026-03-09,26.980363845825195,27.6481453766317,26.352450777052702,27.468741099544445,1989500.0,-0.0209764834020494,27.35172667458265,26.6525797455688,26.207123794555663,25.721057192484537,24.740379371643066,25.52583562850952,26.94244030952453,22.84164079466804,29.063442539458904,21.46061040353827,29.063442539458904,21.46061040353827,30.61002545304694,21.46061040353827,30.61002545304694,21.46061040353827,30.61002545304694,21.46061040353827,33.57582795036518,2766922.5,2720292.0,3783821.4285714286,77201722.11242676,-1,False,383,383,372761596.1078644,265,0.0419147441979386,1.1940251223068477,0.0442553380350949,2.0458462431438145,-0.4841432670327469,2.2821260569100343,-1.052295248993483,28.086688781978932,27.478708046910786,2159500.0,False,False,True,0.0480236147660211,0.1425935830100848,0.1978307637934483,0.7207856870985156,1.0637755064529837,0.0905396170581585,0.8035651089739322,False,False,0.0703824612465866,1.0707619889154365,0.1381225920313209,1.1483599964827311,0.052734512360856,1.0040183264763622,0.1539739692882862,0.9744132196193156,0.7312508140862884,20.0,75.0,75.0,80.0,80.0,62.0,62.0,74.0,74.0,65.0,61.0,76.92307692307693,CNK
2026-03-09,40.79999923706055,42.52999877929688,40.02999877929688,42.02000045776367,2615700.0,-0.0166305715471772,41.10813960528215,40.37689634741928,40.00800033569336,39.583333587646486,38.30080009460449,37.24809999465943,34.31595001220703,35.97999954223633,43.619998931884766,33.81999969482422,43.619998931884766,31.46999931335449,43.619998931884766,29.21999931335449,43.619998931884766,27.71999931335449,43.619998931884766,27.68000030517578,43.619998931884766,2403722.5,2276728.0,2136219.8412698414,98261125.48955916,-1,False,80,80,259212026.09939572,80,0.0392835572109251,1.6471429552350725,0.0403711516185249,1.6162996490483406,-0.418908655871813,5.922764280687978,5.451269692594952,43.619998931884766,41.34999847412109,2698000.0,False,False,True,0.061274510949724,0.1546568057987139,0.1546568057987139,1.0,1.120111844717507,0.0652518781926991,0.9353507619468808,False,False,0.0480349066844509,1.048406510535792,0.0101510238575837,1.019237324982473,0.3807106697278914,1.3168171079139783,0.4156835416062761,1.1954002381781883,1.1252224389841572,59.0,71.0,71.0,55.0,55.0,86.0,86.0,65.0,67.0,70.0,75.0,76.92307692307693,CNX
2026-03-09,37.0099983215332,37.709999084472656,36.040000915527344,36.79999923706055,1990300.0,-0.0018879046942995,37.661783886275984,37.752379494118216,37.67639999389648,37.67333335876465,37.44739990234375,33.421099948883054,22.07247496128082,35.5,40.45000076293945,32.93000030517578,42.25,13.779999732971191,43.72999954223633,11.600000381469728,43.72999954223633,10.380000114440918,43.72999954223633,3.7200000286102295,43.72999954223633,1927695.0,1985882.0,2361026.1904761903,65815018.71520996,-1,False,245,245,756032330.6762695,119,0.0505442712026091,1.9027143205915176,0.0514108188836225,-0.2271978191187751,-0.0367913925721238,5.34674761025892,7.318915211965175,37.560001373291016,35.529998779296875,2998500.0,False,True,True,0.0451228923178219,0.1329371036685515,0.1337476624542141,0.993939641480164,0.9380668136374668,-0.0116804259294693,0.8463297212200367,False,False,0.0366946087002237,1.0370621915992286,-0.0585093607582659,0.9499593407055472,1.8360151556020103,2.7047761396209418,3.994601765674623,4.217431343108139,0.8164648947037759,25.0,68.0,68.0,39.0,39.0,98.0,98.0,27.0,50.0,98.0,98.0,46.15384615384615,COGT
2026-03-09,252.32000732421875,254.3600006103516,236.0,236.38999938964844,10589700.0,0.0704225607396511,255.8046152332868,247.2352199913469,241.16439880371087,236.3349985758464,217.84139923095705,184.8722996520996,140.46304973602295,175.24000549316406,300.20001220703125,167.5,300.20001220703125,123.75,300.20001220703125,100.62999725341795,300.20001220703125,84.3499984741211,300.20001220703125,45.58000183105469,300.20001220703125,6462492.5,5793472.0,4341235.714285715,1809916161.5249636,1,False,207,207,3942493961.480713,10,0.0849978474921728,22.677857535226003,0.0898773655554237,1.7609984471047684,0.7319918152643158,10.162024942011213,9.924760039635103,257.5599975585937,230.1000061035156,8055900.0,True,False,True,0.0727647434900391,0.2778218296951798,0.3790028618695015,0.7330335932683262,1.5734381731714593,0.1582739011729688,0.8405063193342167,True,False,0.2058879788763059,1.2063155530099328,0.4227234205841788,1.4355208074219348,1.5789045049923254,2.459563503278781,2.879458852590223,3.275806986586129,1.488629718661408,83.0,90.0,90.0,94.0,94.0,98.0,98.0,93.0,90.0,95.0,96.0,76.92307692307693,COHR
2026-03-09,26.771583557128903,27.07771326639837,25.79394205962528,26.534579728964903,3414600.0,-0.0069596211792656,28.16828892264861,28.78013054101445,29.634054107666017,29.41907304128011,28.874189224243164,27.575446472167968,25.6432368850708,25.79394205962528,31.901091404197665,25.79394205962528,31.901091404197665,24.18655968768855,31.901091404197665,22.944493709709697,31.901091404197665,22.022164566808744,31.901091404197665,18.34938926950201,31.901091404197665,2997352.5,2760920.0,3131840.476190476,89595004.15719986,-1,False,192,192,445592169.9577332,192,0.0347989264410082,1.0940717429173916,0.040866904289868,-1.781871131008797,-0.1714932189999284,2.3731662880385445,3.021951534066818,27.17646435613919,26.090195436753397,2471200.0,False,False,False,0.047952755728237,0.1738242727139506,0.2281205865741975,0.7619841563813148,1.1413622995233472,-0.0728195569678153,0.839205882266655,False,False,-0.121573855031104,0.8787376102993988,-0.0296311213918261,0.9790973396254034,0.0336353720183608,0.985803015114711,0.1458072786903659,0.9675172830636044,0.9570578459494,39.0,15.0,15.0,44.0,44.0,58.0,58.0,23.0,16.0,34.0,45.0,0.0,COLB
2026-03-09,9.0,9.100000381469728,8.345000267028809,8.5,19584100.0,0.0344827813002219,9.514204915127507,10.081381901612197,10.550800018310548,10.969333362579343,11.323600025177004,10.303200025558471,8.905200004577637,8.345000267028809,13.954999923706056,8.345000267028809,13.954999923706056,7.34499979019165,13.954999923706056,6.840000152587891,13.954999923706056,6.840000152587891,13.954999923706056,5.65500020980835,13.954999923706056,21539890.0,21892806.0,11892437.698412698,223048177.00251105,1,False,61,61,1223157263.7634275,61,0.0731469174485297,0.625999927520752,0.0695555475023057,-2.9501566579440617,0.4792335870117465,7.314187552347618,5.77717342634016,9.15999984741211,8.520000457763672,20392000.0,False,False,False,0.0838889016045464,0.1994444529215494,0.5316666497124566,0.3751306444167898,0.9225258744813252,-0.2051997615608718,0.6449301360948954,False,False,-0.252491691983789,0.7477733535451303,-0.1346153528732649,0.8731687757440797,-0.0673574760855038,0.8894836970447376,0.0344827813002219,0.8735151090012769,1.811225801323724,90.0,5.0,5.0,29.0,29.0,41.0,41.0,47.0,36.0,60.0,68.0,3.8461538461538463,COMP
2026-03-09,11.729736328125,12.028864517782086,11.513971686307755,11.621854474873077,12404200.0,0.0170068370332603,11.177294704801715,10.687870767793282,10.41004280090332,10.200424480438231,9.38398512840271,8.984692015647887,8.8328498005867,8.449137029322538,12.161264091589157,7.532138030988349,12.161264091589157,7.532138030988349,12.161264091589157,7.532138030988349,12.161264091589157,7.532138030988349,12.161264091589157,6.442313289403806,12.161264091589157,7610440.0,7230084.0,5074380.952380952,101545148.53843687,1,False,5,5,417090600.25749207,5,0.0534070526779602,0.6037900189356166,0.0514751569894949,4.85620438149668,0.3248643069582118,5.927289896369564,2.520355247531236,11.82781082887256,11.425703718905265,14426300.0,False,True,False,0.0438963687734178,0.2240801902537781,0.2458193451462385,0.9115645073436844,1.857282709301856,0.2499738829106148,0.9645162081660076,False,False,0.2458333856671302,1.2462751233242353,0.2241555012858613,1.2351667711313312,0.3830857307098958,1.319082260926853,0.1625913414190463,0.9816897107240244,1.4997770312118766,83.0,92.0,92.0,87.0,87.0,87.0,87.0,92.0,92.0,86.0,84.0,100.0,CRGY
2026-03-09,32.83767318725586,33.241980733940714,31.25002716766445,33.241980733940714,1325900.0,-0.0179888241771768,35.62634691236726,36.61952296445927,37.75878936767578,37.096710713704425,35.9510408782959,33.43030569076538,31.027046117782596,31.25002716766445,43.82301038931719,30.678080592122598,43.82301038931719,27.246150734104557,43.82301038931719,26.551792277711066,43.82301038931719,22.94116671208872,43.82301038931719,22.65052739187969,43.82301038931719,1384927.5,1303632.0,1441123.8095238097,55713222.696380615,-1,False,227,227,295929523.73542786,353,0.0520459219371935,2.399784049844442,0.0730802099210788,-1.1850022068710262,-0.2506608802824851,3.940558415507836,4.758218179878542,34.71129615987227,33.2912862129629,1259300.0,False,False,False,0.0606606185193818,0.3537538103242954,0.38288289033013,0.9239216984056956,1.3905994943358249,-0.0866002100350763,0.7493249070643663,False,False,-0.1220669908185302,0.8782442996598215,0.0673076398515126,1.0769080643222533,0.1683194063641397,1.1142544310977194,-0.1473658989505355,0.7199624616084163,0.9610052174889968,39.0,15.0,15.0,70.0,70.0,76.0,76.0,33.0,33.0,57.0,58.0,7.6923076923076925,CRI
2026-03-09,25.190000534057617,25.350000381469727,23.65999984741211,24.18000030517578,2166000.0,0.0177777993558632,25.497956306240305,25.060780766139622,24.97479995727539,24.611999956766763,23.115,19.873999948501588,16.937149963378907,21.950000762939453,27.40999984741211,17.34000015258789,27.40999984741211,14.619999885559082,27.40999984741211,14.390000343322754,27.40999984741211,13.0600004196167,27.40999984741211,7.329999923706055,27.40999984741211,2186397.5,1953596.0,1559687.3015873015,71383772.08997726,1,False,12,12,156270071.6238022,12,0.0526714501033109,1.6128568649291992,0.0640276629906605,1.4020279278194008,0.27280817264397,14.042822995026686,13.115548478981466,25.75,24.34000015258789,2468900.0,False,False,True,0.0670901349038356,0.1488685954940687,0.2020643130080947,0.7367386812539486,1.545672697937547,0.0897685716659146,0.9190076860374704,False,False,0.0788008617784903,1.0791833743766013,0.3855885649730222,1.3980519240541922,0.7265250356827144,1.6466286196490771,1.1961639012745064,1.854436230630433,1.4018178501388658,79.0,77.0,77.0,93.0,93.0,93.0,93.0,68.0,88.0,91.0,89.0,65.38461538461539,CSTM
2026-03-09,30.01000022888184,30.059999465942383,28.26000022888184,28.979999542236328,1952200.0,0.0228357216363153,30.217899409123103,30.13102216431052,30.234400100708008,29.87833340962728,28.62099998474121,25.498099994659423,23.336149997711185,26.86000061035156,32.380001068115234,25.030000686645508,32.380001068115234,19.040000915527344,32.380001068115234,19.040000915527344,32.380001068115234,19.040000915527344,32.380001068115234,14.454999923706056,32.380001068115234,1454592.5,1415398.0,1414207.9365079366,59134898.694934845,1,False,186,186,295729904.89234924,186,0.0460166599667175,1.473071507045201,0.0490860211866145,0.988688967784052,0.4548320112700316,8.801264854667625,7.700181417658479,29.75,28.280000686645508,1448400.0,False,False,True,0.0599799807841459,0.1161279768001325,0.1372875977277827,0.8458737622490414,1.7394188772345305,0.04853080761962,0.926806647280591,False,False,0.0830025702057128,1.0833865726120582,0.1885148605497757,1.1992055430906114,0.3899953690034912,1.3256721498253703,0.8243160387257844,1.5404486688675536,1.028556312300003,47.0,77.0,77.0,84.0,84.0,87.0,87.0,61.0,66.0,87.0,85.0,46.15384615384615,CTRI
2026-03-09,64.19732666015625,65.587525471607,63.44264600663031,65.54780463973994,5306400.0,-0.0242981811266671,64.65229856870153,66.66378402627802,67.56362548828125,70.07105077107748,75.37261001586914,74.74830795288086,73.55312252044678,59.619605305180606,84.89631999068956,59.619605305180606,85.98308320518284,59.619605305180606,85.98308320518284,59.619605305180606,85.98308320518284,59.619605305180606,85.98308320518284,59.619605305180606,85.98308320518284,7307747.5,6451784.0,4674434.126984127,584829417.2137833,-1,False,25,25,1473378844.5671082,80,0.0383376115852847,2.4073103340976467,0.0374986071747397,-3.953937976931436,-0.6641122843987786,2.6119393119213723,1.368177211812616,65.92513804083418,64.09802531775465,4674000.0,False,False,True,0.0334107287104199,0.107347291883497,0.242916575171164,0.4419101158817914,1.2557332979529383,-0.1482671669902371,0.7466274093354052,False,False,-0.1543599474916531,0.8459398928078979,-0.1897881675844669,0.8174996819651605,-0.0912941161732691,0.866654745357299,-0.2124933808793186,0.6649689513206027,1.563343776268989,85.0,11.0,11.0,23.0,23.0,38.0,38.0,46.0,35.0,26.0,24.0,42.30769230769231,CTSH
2026-03-09,22.55191421508789,23.26345698376453,22.31473392050948,22.591445206655003,22205800.0,0.0039594747996254,22.336964398545557,21.7768988648662,21.5521989440918,21.19899756113688,19.548814125061035,18.385838928222658,16.73237808227539,18.40125612284632,23.609345072172022,15.446381635762346,23.609345072172022,15.446381635762346,23.609345072172022,15.446381635762346,23.609345072172022,14.309890712329931,23.609345072172022,10.006758161776563,23.609345072172022,14739727.5,14251474.0,13742004.76190476,363166433.792057,1,False,165,165,682731915.2801514,7,0.0356394736396272,0.8357789767276168,0.037060223303282,4.145160566043716,0.1064175775812389,7.321575946391934,5.805797689082037,23.609345072172022,22.40367803522435,22290400.0,False,True,True,0.0420684051121624,0.1113059249201953,0.1463629267825134,0.7604789502849263,1.3353292438382165,0.1536205762055389,0.955211343057097,False,False,0.1572007983558403,1.1576111093776404,0.2449536183968075,1.2561519671546753,0.4307209183178337,1.3645130896704212,0.8357769840413434,1.5501262672554117,1.0726038707875507,53.0,86.0,86.0,88.0,88.0,88.0,88.0,81.0,89.0,82.0,79.0,88.46153846153845,CVE
2026-03-09,10.88058853149414,10.890542602501318,10.352983844230923,10.62176369804762,18730600.0,0.0009158073935722,11.650564320046907,11.981150348398977,12.238820037841798,12.32867867151896,12.25076581954956,11.315214519500731,9.7088241314888,10.352983844230923,13.289648478370957,10.352983844230923,13.289648478370957,9.536691317358018,13.289648478370957,8.69053300400973,13.289648478370957,8.133065807805794,13.289648478370957,4.852372334595094,13.289648478370957,7234280.0,6664360.0,10924702.38095238,87077970.46778202,1,False,339,339,275765793.4721947,132,0.0402191448704063,0.5240486655069201,0.0481636323246714,-2.3221715171842376,0.0189971024529464,7.079917853008529,9.30909632515758,11.049819688156646,10.71135660248741,8505800.0,False,False,False,0.0494053016263244,0.2214089692843243,0.2516010993422556,0.8800000074051323,1.270018426375526,-0.1118442151484859,0.8187265862752062,False,False,-0.0853556195544017,0.9149686877489268,-0.0045536659624135,1.004400366584316,0.1627660056940161,1.1089580187719126,0.7300457413117665,1.4608470257955548,0.662194698558858,16.0,23.0,23.0,50.0,50.0,75.0,75.0,33.0,24.0,43.0,60.0,0.0,CX
2026-03-09,32.7060432434082,32.72597425628416,30.48378662734054,31.54010560032848,1819400.0,0.005822812817227,33.55551539513812,33.080203769993844,32.98699714660645,32.371902783711754,29.96628162384033,25.526558322906496,21.714610867500305,28.10471106669243,36.029645848396754,21.431083185549724,36.029645848396754,18.82916286973896,36.029645848396754,17.535410423200094,36.029645848396754,15.047303686373832,36.029645848396754,9.8709392118113,36.029645848396754,1691112.5,1620028.0,1932017.857142857,52744457.09072113,1,False,80,80,231764621.99134827,80,0.0397285174967694,1.5008850562944689,0.0458901446782917,1.992326418863236,0.1261513553539463,17.095513200952514,14.21563645284948,33.21427480924096,32.108128296032824,1259200.0,False,False,True,0.0685557593211929,0.1695668039017213,0.1695668039017213,1.0,0.9234963840131158,0.0914281476080167,0.9077536698813696,False,False,0.0833323961974605,1.0837165155508732,0.5031175377793651,1.51663806911755,0.6054161798190425,1.5311241792056631,1.3458081405521547,1.9807955150447496,0.8753089386559205,30.0,77.0,77.0,95.0,95.0,92.0,92.0,71.0,91.0,92.0,91.0,42.30769230769231,DAN
2026-03-09,5.789999961853027,5.820000171661377,5.239999771118164,5.449999809265137,7423800.0,0.0394972681169649,6.239040829935009,6.714454199530583,7.259200038909912,7.38600001335144,7.3465999984741215,6.806299996376038,5.958250000476837,5.239999771118164,9.25,5.239999771118164,9.25,5.239999771118164,9.25,5.239999771118164,9.25,4.260000228881836,9.25,3.0,9.25,8251685.0,7033408.0,3971226.587301587,62600584.444675446,1,False,35,35,381183054.91108894,35,0.0614284041414152,0.3878571987152099,0.0669874268170254,-3.1629865586614043,0.5672185302229973,4.521582089614795,3.52644294764278,5.730000019073486,5.429999828338623,5288800.0,False,False,False,0.1001727814101038,0.3246977766540855,0.6062176601048712,0.5356125332902957,0.7557232567768001,-0.211880330621566,0.6259459418219488,False,False,-0.2947624926978865,0.7054875647879396,-0.0867508166400219,0.9214638531331965,-0.0268907315195141,0.9280778085515184,0.2087682688859868,1.020681412237829,2.07786808901452,92.0,3.0,3.0,35.0,35.0,46.0,46.0,56.0,44.0,34.0,31.0,3.8461538461538463,DCH
2026-03-09,18.30729103088379,18.423099695476072,17.419430738063873,17.438732488948634,8519700.0,0.0498063091017551,17.806993217918897,16.901197836461378,16.134770812988283,15.626735973358157,14.21906723022461,13.136581525802612,12.015565066337585,12.77403565902992,19.83209582137132,10.957242012023926,19.83209582137132,10.957242012023926,19.83209582137132,10.19475365498293,19.83209582137132,10.072379242261176,19.83209582137132,8.354277358810563,19.83209582137132,4319675.0,3831140.0,2141327.777777778,105359109.32393074,1,False,7,7,247724479.3624878,7,0.043158786743805,0.9200331976474336,0.0502550156708258,5.721160636232589,0.9440516775785224,15.90614547024622,10.692202115192384,17.670347631146317,17.033404590161073,9383900.0,False,False,False,0.0548234556231745,0.1528730441598199,0.3264007870335442,0.4683599128212555,2.1243520205474087,0.2875170174291805,0.9231142888668185,False,False,0.3666927855831554,1.3671773766015305,0.5253362891979834,1.5390566780438484,0.5608377627948649,1.4886086663844798,0.8585275404345196,1.5693367897569532,2.017288079306972,92.0,96.0,96.0,95.0,95.0,91.0,91.0,93.0,94.0,90.0,90.0,88.46153846153845,DHT
2026-03-09,39.91035842895508,42.346949657401794,39.58216278955679,41.7701223374236,2553600.0,-0.0510759117611498,39.62191160452927,37.2103280496392,35.578097610473634,34.35793081919352,32.18866928100586,34.230850048065186,29.369616470336915,26.96891173731124,45.48965436405408,25.53649621999579,45.48965436405408,25.53649621999579,45.48965436405408,25.53649621999579,45.48965436405408,19.2091248153087,45.48965436405408,10.518224257015,45.48965436405408,1692190.0,1547834.0,1694492.857142857,64316577.07025528,-1,False,199,199,161669399.16610718,122,0.0635809734589627,2.548705885128864,0.0638607616031774,3.75642911367836,-0.8428505278384933,2.195298392755298,0.9943320038682968,44.90288359837297,41.909356001778285,1747400.0,False,False,True,0.0692749195116008,0.3254457903160885,0.3405446605717563,0.955662584078348,1.3237272213945424,0.2398884241078489,0.8773502236256217,False,False,0.1903455169852674,1.1907675801968236,0.0730497689031328,1.0827018437829994,0.2979095889952121,1.2378477176911546,1.8316809065916408,2.391065468164986,0.9986409755974186,44.0,89.0,89.0,71.0,71.0,83.0,83.0,94.0,92.0,87.0,84.0,80.76923076923077,DK
2026-03-09,115.8499984741211,116.12999725341795,111.3000030517578,114.5199966430664,2638800.0,0.0005181583739473,120.29982646825631,122.87947859326778,124.11320007324218,123.46899973551432,126.50719985961912,117.65599983215331,109.86035007476806,111.3000030517578,138.91000366210938,111.3000030517578,142.39999389648438,97.01000213623048,142.39999389648438,84.70999908447266,142.39999389648438,84.70999908447266,142.39999389648438,61.79999923706055,142.39999389648438,3007385.0,2882404.0,4168023.8095238097,347659671.89159393,1,False,348,348,1231315093.711853,348,0.0347726762162159,4.622142791748047,0.0398976508642816,-2.1114490388266187,0.0129804641044115,6.508567573768463,6.8338462322335065,115.83000183105467,113.45999908447266,2181900.0,False,False,False,0.0416917933990227,0.1871384804603531,0.2383254292102486,0.7852224627497101,0.8543979261755118,-0.0842418565688275,0.8135533949414112,False,False,-0.0313545154501939,0.9689889391335674,-0.0001726441010335,1.0088207957055284,0.1456684664502439,1.0926516827139263,0.6765557312929396,1.4156801725847667,0.7215373849660396,19.0,40.0,40.0,51.0,51.0,74.0,74.0,26.0,18.0,54.0,73.0,15.384615384615383,DLTR
2026-03-09,3.809999942779541,3.839999914169312,3.549999952316284,3.5799999237060547,42750600.0,0.0381471017916084,3.973101226599253,3.966616409732632,3.9604000186920167,3.972000010808309,3.696600012779236,3.198500006198883,2.6637999987602234,3.430000066757202,4.429999828338623,2.4800000190734863,4.429999828338623,2.200000047683716,4.429999828338623,2.200000047683716,4.429999828338623,1.8600000143051147,4.429999828338623,1.0800000429153442,4.429999828338623,49360830.0,47257636.0,76580047.61904761,167604132.7519858,1,False,266,266,639211882.9161286,266,0.0634302000737165,0.2700000320162092,0.0708661511997907,0.4328839454939053,0.5185179625356153,4.597920360093444,6.347389270529506,3.859999895095825,3.619999885559082,52896600.0,False,False,False,0.0761154766951154,0.2257217606329994,0.2257217606329994,1.0,0.8483663888731124,0.030676819133333,0.8600451671368123,False,False,0.1011560406860612,1.1015464798050605,0.3415493161710008,1.3536165425289657,0.6212766371900127,1.5462506804077942,1.6643357220486092,2.2497595423832,0.6445651515594327,16.0,80.0,80.0,92.0,92.0,92.0,92.0,58.0,91.0,91.0,89.0,30.76923076923077,DNN
2026-03-09,57.52999877929688,57.880001068115234,52.59400177001953,53.02999877929688,2321500.0,0.0565656193425394,56.806384567189625,58.09257995674989,60.43000061035156,60.05200055440267,56.7212003326416,50.66470016479492,41.02065003395081,51.02999877929688,70.43000030517578,43.810001373291016,70.43000030517578,37.834999084472656,70.43000030517578,33.685001373291016,70.43000030517578,26.200000762939453,70.43000030517578,25.450000762939453,70.43000030517578,3288415.0,2953258.0,2320735.3174603176,207308024.67659,1,False,209,209,515651118.45817566,124,0.0826400694152122,4.9108573368617465,0.0853616798377023,0.1670444083717646,0.6271813260056289,6.994779723406485,7.603058567054248,54.54999923706055,51.90999984741211,1624200.0,False,False,True,0.0918824858379444,0.2647315084319863,0.337215399574462,0.7850516576824654,1.169301835464426,0.0142591913061089,0.8168393941504654,False,False,-0.0022546144373788,0.9980991581569956,0.2438918654983108,1.255080663796566,0.756105058817488,1.6748398020281037,0.4339481632831194,1.2108228467351545,1.4169711536077525,80.0,52.0,52.0,88.0,88.0,94.0,94.0,63.0,80.0,85.0,88.0,38.46153846153847,DOCN
2026-03-09,33.964630126953125,35.38914405322595,33.7567411584191,34.5981871564147,28495500.0,0.0309495940001387,31.877013052933545,31.00396893032661,31.054404296875,30.39471524556478,28.34744800567627,25.33503366470337,24.89087212562561,25.26089277038316,35.38914405322595,22.032350443316677,35.38914405322595,20.17703864346558,35.38914405322595,19.9071102142334,35.38914405322595,19.387862484693212,35.38914405322595,19.387862484693212,35.570585708437115,14096465.0,13135664.0,12596972.61904762,436553450.7435608,1,False,228,228,967839117.7825928,0,0.0453689101648451,1.515668874545126,0.0446249191844531,4.440451131359963,0.6727288947806483,12.806117461719868,7.917951092784357,34.79617481767837,32.61831968757527,19447200.0,False,False,False,0.0480618481256896,0.2005515406111841,0.2005515406111841,1.0,1.1928418692804563,0.1981547728794519,0.9548515845466364,False,False,0.1345221811702266,1.1349244509889758,0.5179876948125985,1.5316419831053252,0.4380455838030854,1.371498800023936,-0.0215832208062565,0.8261730934292524,1.1190359323862489,58.0,84.0,84.0,95.0,95.0,88.0,88.0,90.0,91.0,90.0,88.0,100.0,DOW
2026-03-09,47.22058868408203,47.55923047715418,45.377981274383416,46.81222685709417,1649200.0,0.0178187853131965,44.80728183713397,43.08215953318172,41.38917892456055,41.38399963378906,40.19994911193848,37.90730247497559,40.63236112594605,36.93186182486319,47.55923047715418,32.30043669244252,47.55923047715418,32.30043669244252,47.55923047715418,32.30043669244252,47.55923047715418,32.30043669244252,47.55923047715418,27.86082717480559,48.87697094994259,1329335.0,1288090.0,1152850.396825397,59421384.9140358,1,False,255,255,497910847.4121094,255,0.0503351429185781,2.3548395470969257,0.0498689155031804,3.5020411962042504,0.3510570584109386,2.144708101337192,-0.5874128232413678,46.78234690567705,44.82021622404278,1245100.0,False,True,False,0.0461927575143945,0.2016453116743678,0.2161991207808387,0.9326833103950312,1.4108952014222609,0.1746429965021667,0.9661111923740744,False,False,0.2720686329175998,1.2725196728592538,0.3818127870824452,1.3942421830689056,0.1537572999982011,1.1003661986024131,0.6046459127469959,1.354959671363401,1.1530854338607928,61.0,93.0,93.0,93.0,93.0,75.0,75.0,86.0,89.0,82.0,79.0,100.0,DRS
2026-03-09,92.65313720703124,92.94232875444412,90.0503524139018,91.48636610065132,4230400.0,0.00215727065899,89.80056842790823,88.48969833576426,86.74673065185547,87.8741554260254,88.80213150024414,86.9964557647705,85.55724296569824,77.55500729405158,96.7176372404224,77.55500729405158,97.37361918303372,77.55500729405158,100.15112097074449,77.55500729405158,100.15112097074449,77.55500729405158,100.15112097074449,57.73465927341625,100.15112097074449,5529675.0,5141556.0,5534701.984126984,544067812.767601,1,False,221,221,1837121044.0216064,221,0.0405974759675613,3.501364217432711,0.0377900233384326,1.1475552703519205,0.0569628348981579,3.704910710373426,1.1789942680433854,93.4608994219806,90.57888983205912,4137300.0,False,False,False,0.0312129349066752,0.1160687305519823,0.1741031187628577,0.6666665788455931,0.996651597298561,0.0433661404487404,0.9251333016441874,False,False,0.0774456968959349,1.0778277289904994,0.1350372212008266,1.1452468727640197,0.009599407686393,0.9628793354970376,0.3945124960584876,1.1775234513494084,0.9990917335492676,44.0,77.0,77.0,80.0,80.0,52.0,52.0,76.0,65.0,54.0,51.0,96.15384615384616,EBAY
2026-03-09,109.91999816894533,110.63999938964844,104.9000015258789,108.18000030517578,6330900.0,0.0346385577858783,111.3791633519567,112.19211225440336,111.9863998413086,113.3480000813802,115.0829997253418,97.376900100708,69.46685006141662,104.62999725341795,131.94000244140625,96.12999725341795,132.25,65.76000213623047,132.25,65.76000213623047,132.25,26.059999465942383,132.25,14.899999618530272,132.25,5537350.0,5210900.0,4460384.523809524,447979970.7304001,1,False,195,195,2369478767.2481537,195,0.0532767234872779,5.847143990652902,0.0531945422857989,-0.8433813751929168,0.6293671424987204,7.727836395768167,7.583227169285274,111.1500015258789,105.27999877929688,4137800.0,False,False,True,0.0522197776508988,0.1547489303091723,0.1547489303091723,1.0,0.9100654397512906,-0.0448632862257548,0.8311531052472235,False,False,0.0270977538482926,1.0274619339711104,0.475436217032823,1.488707755091887,0.6347412501655172,1.5590922069537425,2.873150155723125,3.2704799360724484,1.2414512628769192,69.0,66.0,66.0,95.0,95.0,92.0,92.0,32.0,55.0,90.0,87.0,38.46153846153847,ECHO
2026-03-09,40.46892547607422,40.558723536838414,38.16411112054753,38.98226953811842,2598100.0,0.0024716206804988,42.328777548519085,42.889545218102654,42.91689285278321,43.63966229756673,41.87393898010254,35.623130855560305,29.383834228515624,36.25843829557751,50.961034803258485,32.184347325200655,50.961034803258485,24.344950819186085,50.961034803258485,24.344950819186085,50.961034803258485,21.137473928405544,50.961034803258485,14.005320180654794,50.961034803258485,2779465.0,2482428.0,2100072.222222222,124390415.2494812,1,False,17,17,187372024.86686707,34,0.050111278810812,2.386290079125313,0.0589659856557377,-0.5690299430483582,0.0418126960139986,10.161856337307048,10.834408066611433,40.65849798790271,38.94235894075797,2695900.0,False,False,False,0.0591716332499762,0.2191813813767626,0.2433579486220696,0.9006542938819196,0.8546028323882908,-0.0335534114594747,0.7941150652122669,False,False,0.0983218131573924,1.0987112473386185,0.2983996496701706,1.3100787450912703,0.5553953539380567,1.483418109631326,1.8370759762632216,2.395621053774944,1.323509244391066,75.0,80.0,80.0,90.0,90.0,91.0,91.0,60.0,74.0,90.0,87.0,23.07692307692308,EGO
2026-03-09,23.940000534057617,24.020000457763672,22.790000915527344,23.100000381469727,4227000.0,0.0248287632085522,24.66626641217757,24.84903803296936,25.04360008239746,24.926333491007487,24.37940006256104,23.1556000328064,19.692200040817266,22.790000915527344,27.71999931335449,20.5,27.71999931335449,20.40999984741211,27.71999931335449,18.21999931335449,27.71999931335449,13.75,27.71999931335449,8.020000457763672,27.71999931335449,4644180.0,4470862.0,5800043.650793651,114398212.0156765,1,False,192,192,433574425.1663208,80,0.036648064284668,1.0735714776175362,0.0448442545391863,-0.401910880412887,0.5402527319309817,5.261593618275713,5.934334421900837,23.61000061035156,22.93000030517578,3154000.0,False,False,False,0.0513784258478399,0.2059314238867127,0.2059314238867127,1.0,1.0765932833534115,-0.0180233938233039,0.8636364042954429,False,False,-0.0152200304406885,0.9851291449799752,0.0886767068320117,1.0984693459050812,0.2989690796334081,1.2388581794979907,1.2105263806747364,1.866563878364745,0.8007146634774915,24.0,46.0,46.0,73.0,73.0,83.0,83.0,32.0,59.0,50.0,68.0,15.384615384615383,ELAN
2026-03-09,68.00379180908203,69.04925212629257,65.46342171117458,67.71067648302845,2370500.0,-0.0103796197596037,71.6326283625038,72.57443306733599,74.68848510742187,73.48154754638672,70.20140686035157,64.74669147491456,66.39819177627564,65.46342171117458,81.55569439984077,58.91901645969425,81.55569439984077,54.11599018455974,81.55569439984077,54.11599018455974,81.55569439984077,54.11599018455974,81.55569439984077,54.08540140360581,93.28614405925974,1706300.0,1626580.0,1810332.53968254,112681686.25190736,-1,False,126,126,314851889.2829895,125,0.0370255785878472,2.9186373646133683,0.0429187444842388,-0.7293883062622865,-0.2443800811245987,5.264057743641608,4.303193963064661,69.89929752577275,67.61295937330493,1257300.0,False,True,False,0.0527298599052399,0.1590516376349884,0.2366378735739416,0.6721309451983815,0.9064540323869714,-0.0313044303462628,0.7289806272395912,False,False,-0.0851735368682005,0.9151508349965534,0.1623726326977057,1.172828166088831,0.0337651574221657,0.9859267945884522,-0.2488356327966842,0.6342816293865933,0.9425340165952149,37.0,23.0,23.0,82.0,82.0,58.0,58.0,24.0,57.0,65.0,61.0,7.6923076923076925,EMN
2026-03-09,140.5519561767578,140.88062967804396,134.10799813041092,135.42269213555545,3149000.0,0.0199479308192103,144.60228365862645,146.49100310270015,149.16944274902343,148.87711029052736,146.07396881103514,138.69640869140625,134.79752487182617,134.10799813041092,163.855572986617,129.4771511687683,163.855572986617,122.41295849256022,163.855572986617,122.41295849256022,163.855572986617,121.72986074919528,163.855572986617,88.22937085389947,163.855572986617,3669890.0,3385976.0,3110198.8095238097,542756201.822052,1,False,215,215,1515089144.9554443,33,0.0351976948811538,4.9457262165666185,0.0351878860394293,-1.0743143827363415,0.5558104084270857,4.776393755836605,3.86504599619198,139.4364680866222,137.27520465496383,2060900.0,False,False,False,0.0481859643356069,0.1286140382964376,0.2116482450005577,0.6076782649253659,0.8301122039849071,-0.0378028520702462,0.857779528733133,False,False,-0.0614661758132455,0.9388666020183488,0.036755632072027,1.0460812414546294,0.0733834218476428,1.0237116900956402,0.2331804489122866,1.0412950062793167,1.179953509326268,64.0,29.0,29.0,64.0,64.0,65.0,65.0,31.0,38.0,44.0,41.0,3.8461538461538463,EMR
2026-03-09,40.86000061035156,41.150001525878906,38.43000030517578,39.54999923706055,6468500.0,0.0156599819856775,42.9334115958579,43.48210298285914,45.11480026245117,44.09733352661133,40.47860008239746,36.06900012969971,37.091850156784055,35.45000076293945,52.93000030517578,31.1299991607666,52.93000030517578,25.780000686645508,52.93000030517578,25.780000686645508,52.93000030517578,25.780000686645508,52.93000030517578,25.780000686645508,66.69999694824219,7691980.0,7098782.0,7453027.777777778,266893617.10588452,1,False,33,33,2583613582.4432373,33,0.0678602149437919,2.8028575352260043,0.0685966102143405,0.1373577443817455,0.2247709918172616,3.218681618252416,2.436546907555974,41.38999938964844,39.5099983215332,5982800.0,False,False,False,0.0665688002954663,0.3034753142597228,0.3379833863681431,0.8979000936133797,0.7752090429034164,0.0094222756512756,0.6125937403274258,False,False,-0.1356039726113292,0.8647025180320765,0.3283485145096461,1.3402969997525185,0.0305169996950167,0.9828289481256912,-0.3041553174228238,0.5875698027427676,1.0320610937389354,48.0,13.0,13.0,91.0,91.0,57.0,57.0,69.0,80.0,87.0,85.0,19.230769230769237,ENPH
2026-03-09,117.2589111328125,117.35884812932568,108.07526686313294,110.65348584107612,3016600.0,0.0435787291737281,125.14495233671953,125.83891584960274,127.23921630859375,125.9280553181966,115.8672312927246,100.70425987243652,91.92612033843994,108.07526686313294,142.40153311242224,83.30311269569825,142.40153311242224,67.86662641509832,142.40153311242224,67.86662641509832,142.40153311242224,67.86662641509832,142.40153311242224,60.44928900750749,142.40153311242224,3223700.0,3019944.0,3062676.1904761903,368422091.59648895,1,False,369,369,950876446.4538574,369,0.0543651060987371,6.689661891963063,0.0570503497545364,0.2105331049127285,0.7319662076188435,6.279985383021533,6.788417956863534,120.44671071472791,112.18242876527611,3102100.0,False,False,False,0.07917164824836,0.292739084114553,0.292739084114553,1.0,0.8243563456805821,0.0120109872701796,0.8234385443044331,False,False,0.0635366064545175,1.0639137067748217,0.3323975242208228,1.3443824302766472,0.4340780430336501,1.3677148605816716,0.1752492748631775,0.99237804339814,1.0525761783189929,50.0,74.0,74.0,91.0,91.0,88.0,88.0,50.0,86.0,91.0,89.0,23.07692307692308,ENTG
2026-03-09,146.25999450683594,146.99000549316406,140.52000427246094,143.50999450683594,1727700.0,0.0026736093967447,144.44419364370384,153.2193319979848,158.6888000488281,168.05233357747397,185.8000006103516,183.0420002746582,174.32895011901854,125.56999969482422,222.25999450683597,125.56999969482422,222.52999877929688,125.56999969482422,222.52999877929688,125.56999969482422,222.52999877929688,125.56999969482422,222.52999877929688,125.56999969482422,222.52999877929688,1236762.5,1102804.0,874137.3015873015,241669598.34365845,1,False,18,18,739610786.2838745,283,0.0547534660091839,9.32928739275251,0.0637856402511793,-3.336323095040822,0.0418037705593044,3.895262459199643,2.2310654987497296,147.69000244140625,139.9600067138672,1540100.0,True,False,True,0.0442363015431449,0.1556816456874827,0.4667031635437407,0.3335774381844142,1.2826757973311669,-0.2128095047019752,0.6572596742423713,False,False,-0.1758607454735641,0.8244314712446673,-0.2741439478568935,0.7323851220616909,-0.1369055310271786,0.8231540375604753,-0.258579655603252,0.6260537967944529,1.4148378038029332,80.0,9.0,9.0,16.0,16.0,33.0,33.0,71.0,59.0,48.0,44.0,42.30769230769231,EPAM
2026-03-09,16.47464942932129,16.544499242549705,15.386983157798264,16.095462009988946,7396300.0,-0.0072157779555506,17.043503450342843,16.78735670340054,16.374064865112306,16.32563543319702,15.63185754776001,14.135967435836791,10.994308724403382,13.700601055602384,18.91940270456049,13.291479272472271,18.91940270456049,10.218074221726072,18.91940270456049,10.213084656389912,18.91940270456049,6.096917705797467,18.91940270456049,5.57803076603335,18.91940270456049,10787782.5,9971196.0,13032260.317460315,159441967.32398987,-1,False,171,171,732758561.71875,171,0.0596506245738137,1.135420731185667,0.0689192650840184,0.7822924107835765,-0.105459973145193,5.478958469877299,7.533494981246166,16.85383438338385,15.726254786158098,11897900.0,False,False,True,0.0702604379970182,0.2144154606698512,0.2652937538053449,0.8082190311467913,0.8969164782238761,0.0539150180320091,0.8707806312167615,False,False,0.2016012147530168,1.2020272689200395,0.1835125509417958,1.1941582377440294,0.6881391443367928,1.6100190681079145,1.5399999603008343,2.1447706837582587,0.827775246750311,26.0,89.0,89.0,84.0,84.0,93.0,93.0,77.0,72.0,88.0,86.0,57.692307692307686,EQX
2026-03-09,15.760000228881836,16.0,14.960000038146973,15.600000381469728,4157500.0,0.0187459571329875,14.577678014918549,13.481902819246873,12.972600021362304,12.512500031789145,10.05580005645752,6.438800036907196,4.022775021195412,9.050000190734863,16.0,3.150000095367432,16.0,2.1050000190734863,16.0,1.590000033378601,16.0,1.3300000429153442,16.0,1.0099999904632568,16.0,5729237.5,6147068.0,2498167.0634920634,51261628.83478165,1,False,61,61,213928916.15695956,61,0.0661295658732576,0.9196427890232632,0.0583529679991959,9.721094780296058,0.3153397877028224,21.34813642850057,19.346000254158582,15.970000267028809,14.970000267028809,5052100.0,False,True,False,0.065989844336875,0.2005076016192615,0.2915609264147086,0.6877039529434912,0.6795304688348982,0.567254732631767,0.9850000143051147,False,False,0.3265993330862449,1.3270697080882767,3.940438854604281,4.984878066228907,8.788819930963754,9.335833954207628,10.09859204590263,9.37162804058676,2.2933764453652605,94.0,95.0,95.0,99.0,99.0,99.0,99.0,97.0,99.0,99.0,99.0,100.0,ERAS
2026-03-09,28.200000762939453,28.25,25.899999618530277,26.770000457763672,1873800.0,0.0158501631999208,30.47395005152528,31.123276130483983,31.66840003967285,32.272999890645345,31.24180000305176,27.161900062561035,21.50510001182556,25.899999618530277,39.79899978637695,24.290000915527344,39.79899978637695,19.09499931335449,39.79899978637695,16.3700008392334,39.79899978637695,13.369999885559082,39.79899978637695,9.300000190734863,39.79899978637695,2089040.0,1974150.0,1004362.6984126983,50401931.048374176,1,False,39,39,175805078.3569336,39,0.0612267568242423,2.0525708879743303,0.0727861997320165,-1.3376591182975643,0.2143655727729097,6.021648812136065,10.003467287050068,29.01000022888184,27.36000061035156,1594500.0,False,False,False,0.083333344606079,0.3453900534612222,0.3453900534612222,1.0,0.8146341463414634,-0.0973631237577596,0.7085605395689418,False,False,-0.1061806198139612,0.8941363035270095,0.1221648111698225,1.132258675498253,0.8837675524328155,1.7965946050562809,1.2852512491278594,1.9296614018729612,2.0799657367816757,92.0,18.0,18.0,78.0,78.0,95.0,95.0,51.0,58.0,83.0,89.0,3.8461538461538463,ERO
2026-03-09,32.20915603637695,32.32892871274657,29.40445286281412,30.32271829790807,5083500.0,0.0501139481942407,33.23729128386414,32.960128660325,32.73216148376465,32.17599690755208,30.253054847717284,28.05461898803711,25.99632056236267,27.783905686160924,37.58296386971263,24.766516277993208,37.58296386971263,22.694616493378582,37.58296386971263,22.694616493378582,37.58296386971263,22.694616493378582,37.58296386971263,16.534788506713213,37.58296386971263,2841037.5,2603638.0,2676238.095238095,123529538.53652,1,False,353,353,205415903.67717743,321,0.0466513761205549,1.7587867024399595,0.0546051781193394,1.1840996538419757,0.8739535776429237,7.037373759788088,5.7304464044593,32.22911809502158,30.552285431658422,2576200.0,False,False,True,0.0907964134989923,0.2539188235066362,0.2539188235066362,1.0,1.3408930120085818,0.0646579725090892,0.8570147939378905,False,False,0.1555463009583162,1.155956025341636,0.2312044524044829,1.2422791275140823,0.2378435046853242,1.1805612425745018,0.3236362102915973,1.1176756630571223,1.0615787530470988,51.0,86.0,86.0,87.0,87.0,81.0,81.0,70.0,79.0,80.0,77.0,53.84615384615385,ESI
2026-03-09,11.260000228881836,11.380000114440918,10.380000114440918,10.829999923706056,7548700.0,0.0071556280431421,12.088166530548392,12.18438158109142,12.087999954223632,12.263333320617676,11.711200008392334,10.08989998817444,7.883250000476837,10.380000114440918,15.149999618530272,8.520000457763672,15.149999618530272,6.599999904632568,15.149999618530272,6.019999980926514,15.149999618530272,5.019999980926514,15.149999618530272,2.950000047683716,15.149999618530272,14534892.5,14552912.0,13715368.253968254,142085930.5962181,1,False,152,152,296142927.39219666,152,0.0692900038752593,0.9092856815883092,0.0807536112882126,-0.4770957277987268,0.0879810661554832,3.780650934269942,5.879992278988822,11.520000457763672,10.90999984741211,9062400.0,False,False,False,0.0888099449087936,0.3241562650387915,0.3241562650387915,1.0,0.8084897373116803,-0.0385272029499252,0.7432343572543395,False,False,0.0785441265763373,1.0789265481433297,0.2957423213575318,1.3073975141297545,0.8797997761492253,1.7928104409984795,1.843434373841773,2.4009900714660075,1.0597522597174622,51.0,77.0,77.0,90.0,90.0,95.0,95.0,50.0,81.0,91.0,91.0,23.07692307692308,EXK
2026-03-09,144.49537658691406,146.0971229081703,141.44110883932402,145.5598829253316,2174400.0,-0.0110309126434305,146.01653494199078,148.2755648839461,151.10013610839843,152.42451070149738,154.00297454833984,145.1922129058838,130.7093893814087,128.925596740524,166.33284161054732,128.925596740524,166.33284161054732,116.23537188404556,166.33284161054732,111.78191367555203,166.33284161054732,111.78191367555203,166.33284161054732,98.75181455900604,166.33284161054732,1786300.0,1606598.0,1428604.365079365,297619475.78445435,-1,False,25,25,659770607.8643799,125,0.0437330731882528,5.138520250530937,0.035561831609471,-1.7360314092678912,-0.3136495055694238,11.999442594957085,9.028194732697829,146.12697263634104,142.57526821616577,1790000.0,False,True,True,0.0322225816411896,0.0932938433865608,0.2506886101907013,0.3721503075691841,1.1671868133783312,-0.0617364566451373,0.8687122470091407,False,False,-0.1132006243973263,0.8871138098464558,-0.0349501625511931,0.9737304537294296,0.2075536491851388,1.1516730759271423,0.2175704108365983,1.028113922594134,1.2503811717674287,69.0,17.0,17.0,43.0,43.0,79.0,79.0,62.0,49.0,63.0,66.0,23.07692307692308,EXPD
2026-03-09,241.02825927734372,245.2592817653384,229.3430769679009,242.84441067844443,3042400.0,-0.0323692020741664,228.13446285478156,227.32781552510576,222.76756774902344,230.1019078572591,252.56628875732423,249.99429977416992,220.91988540649413,184.54696524856905,279.30974902607545,184.54696524856905,302.5000806244918,184.54696524856905,302.5000806244918,184.54696524856905,302.5000806244918,178.20686981956075,302.5000806244918,128.6866321465581,302.5000806244918,3190505.0,2781086.0,2202369.047619048,896280461.4577484,-1,False,4,4,2022715331.1401367,4,0.0600669244959024,13.535402761533373,0.0561569120654794,-0.8134915433544594,-0.5956883302091818,3.97086677650012,1.934971296034441,251.3862709253044,237.67537552785635,3619300.0,False,True,False,0.0660346004454323,0.2600022835243736,0.2785923954763005,0.9332712871787328,1.32673710917246,-0.0456831730661675,0.7967874216091333,False,False,0.0465369566486284,1.046908029368803,-0.0631472952132937,0.9452796880637726,0.1280210984418039,1.075820961685496,0.3229036628688668,1.117057101536929,1.448669560376002,81.0,70.0,70.0,38.0,38.0,72.0,72.0,87.0,79.0,71.0,67.0,80.76923076923077,EXPE
2026-03-09,181.8597717285156,185.6389890819756,178.51815003997442,182.64544381756536,5221200.0,0.0128503503397168,175.55131652461074,171.43919690573367,169.49001037597657,167.6025863647461,159.57943817138673,152.64674667358398,145.9736334991455,149.35093830130552,185.6389890819756,137.8236020731988,185.6389890819756,134.54388634853092,185.6389890819756,133.13001838527768,185.6389890819756,131.86342569490836,185.6389890819756,110.3647075826449,185.6389890819756,2581695.0,2398460.0,2223358.73015873,541816681.1984253,1,False,353,353,1196584628.1661987,353,0.0340239561405639,6.263024274525855,0.0344387558336729,4.054126570102064,0.368402214422748,6.930915996548248,4.0561652875399945,182.0785746990856,178.32919192830877,4917000.0,False,True,False,0.0391556580893069,0.127237732370136,0.1365335061824495,0.931915805341646,1.6628586676450725,0.1396190750665511,0.979642114126192,False,False,0.1163553929998644,1.1167512213838793,0.1532383503290035,1.1636117209165462,0.3353052706655965,1.2735128823526054,0.3427450314140745,1.1338111118702066,1.161168895050817,62.0,82.0,82.0,81.0,81.0,85.0,85.0,80.0,81.0,75.0,73.0,100.0,FANG
2026-03-09,45.27347946166992,45.3926229279972,43.397013421909456,44.63806279078618,5264300.0,-0.0017512838767155,49.8974104267369,52.222090771219776,54.64488861083984,54.63389015197754,54.82314193725586,52.01222202301025,52.68766916275025,43.397013421909456,64.06632468313276,43.397013421909456,64.06632468313276,43.397013421909456,64.06632468313276,43.397013421909456,64.06632468313276,43.397013421909456,64.06632468313276,43.397013421909456,64.06632468313276,2919085.0,2588332.0,2040871.031746032,199249138.0268097,-1,False,24,24,335536046.03271484,251,0.0473893591778289,2.4755523995924107,0.0546799678095936,-3.18563379801032,-0.0320840761765556,2.200584890117654,0.3959064869950964,47.15987272539909,45.12455265998981,2898100.0,False,False,False,0.0440789956905631,0.2918859460931161,0.4565434666607114,0.6393387867929702,1.0955202037451146,-0.1741903535283578,0.7066657824619901,False,False,-0.2344158653995016,0.7658555893117189,-0.0967828031384747,0.911341628989032,-0.2423686401823804,0.7225713235754095,-0.2641705120767483,0.6213328892161571,1.430313309657116,80.0,6.0,6.0,34.0,34.0,25.0,25.0,27.0,20.0,14.0,13.0,0.0,FBIN
2026-03-09,60.35709762573242,60.35709762573242,55.378059601221935,57.13419098767088,26344800.0,0.0190364609866966,63.58241927247617,63.575704716803926,63.69773895263672,63.49285659790039,60.495522842407226,51.610673370361326,46.84796283721924,55.378059601221935,69.59674969167024,44.48097215042839,69.59674969167024,38.35974072422735,69.59674969167024,34.86055807807445,69.59674969167024,34.86055807807445,69.59674969167024,27.22053550767732,69.59674969167024,21691520.0,20751622.0,17562781.34920635,1157011516.6620064,1,False,166,166,3137411579.351806,39,0.0451356851043303,3.2421461389726884,0.0537160709594896,-0.0425978557521848,0.3477701086138721,10.932300682804662,11.67272936701494,61.065533455197695,58.571026400706906,25912800.0,False,False,False,0.0824929995041335,0.2355761070324621,0.2355761070324621,1.0,1.0014315989371818,-0.0022881894423064,0.867240178501559,False,False,0.0214454961081813,1.0218076720985685,0.3593526999502043,1.3715800676159928,0.3132979307958914,1.252523950872981,0.6276945854758083,1.3744219226787278,1.2350845557261478,68.0,64.0,64.0,92.0,92.0,84.0,84.0,52.0,83.0,87.0,89.0,19.230769230769237,FCX
2026-03-09,15.470000267028809,15.975000381469728,15.270000457763672,15.899999618530272,5371000.0,-0.0578562609531702,15.112618497723345,13.771153199858748,12.416399955749512,12.21366662979126,12.015999965667724,10.789999976158144,8.501449995040893,9.916999816894531,17.479999542236328,9.916999816894531,17.479999542236328,7.210000038146973,17.479999542236328,6.5,17.479999542236328,6.065000057220459,17.479999542236328,3.565000057220459,17.479999542236328,3699877.5,3388326.0,2382315.873015873,70709203.53113174,-1,False,10,10,402750595.0279236,10,0.0591630523790676,1.0624998637608118,0.0686813086891353,4.185273955396509,-0.8941175821919908,15.412256747395883,12.341294514463083,16.915000915527344,16.280000686645508,2788000.0,False,False,True,0.0455720692654815,0.4592759805815391,0.4888816803358956,0.9394419939523704,2.134074466270365,0.287450092479186,0.8850114801003955,False,False,0.4580585077863781,1.4585754945332108,0.3949504106561108,1.407497979471224,1.245283101133011,2.141380713936823,2.176591505248636,2.682307260322108,1.5530591647849663,85.0,97.0,97.0,93.0,93.0,97.0,97.0,96.0,92.0,96.0,96.0,80.76923076923077,FIGS
2026-03-09,219.82000732421875,221.5500030517578,206.75,212.50999450683597,943400.0,0.0210888543787861,219.30270083585668,215.32107848713704,212.44759765625,208.41499837239584,202.9845986938477,182.44109924316408,159.78834941864014,183.63999938964844,229.3300018310547,173.75999450683594,229.3300018310547,143.02000427246094,229.3300018310547,137.77000427246094,229.3300018310547,131.39999389648438,229.3300018310547,52.380001068115234,229.3300018310547,994920.0,1004288.0,1605773.4126984128,189775643.4789276,1,False,340,340,795362682.5439453,277,0.0394479100354074,8.84214346749442,0.0402244708073951,2.0619125188983487,0.5134511288594108,9.38796409010434,7.662312183391359,217.9499969482422,210.38999938964844,844000.0,False,False,True,0.0673278253054048,0.102720412513456,0.1451187703229543,0.7078368448468597,0.8489895328829977,0.0829393399238291,0.958531398286728,False,False,0.1325674247607013,1.1329690014775264,0.3051894651115785,1.3169296348732729,0.4329857631712499,1.3666731268998988,1.563199648421567,2.16436045215644,0.619589284597814,15.0,84.0,84.0,90.0,90.0,88.0,88.0,77.0,75.0,86.0,85.0,80.76923076923077,FIVE
2026-03-09,12.521120071411133,12.601063301401108,12.071439164467906,12.451169983419524,6454200.0,-0.0055556081542442,12.944652538534683,13.170481600382733,13.5206111907959,13.456242815653484,13.185318202972413,12.530948839187625,12.129564933776855,12.071439164467906,14.51833611451495,12.071439164467906,14.51833611451495,10.545946502153855,14.51833611451495,10.545946502153855,14.51833611451495,10.545946502153855,14.51833611451495,9.602380383132935,14.51833611451495,5389155.0,5210264.0,5759021.825396826,73180722.17258453,-1,False,257,257,165175189.33639526,318,0.0404999268098047,0.564930837193243,0.0451182349479358,-1.1164902451673355,-0.1238223386452423,2.9927884558112616,2.3502765079059014,12.641034932905349,12.24131878243344,4313000.0,False,True,False,0.042298463229537,0.1467765368614533,0.1954215706016529,0.7510764364935046,0.9757662951435858,-0.0503740691985383,0.8624349217878303,False,False,-0.0985043283903779,0.9018153167487302,-0.0126138286222839,0.9962677028198448,-0.0324072746846636,0.9228165481182616,0.0911609400441606,0.9213740283648028,0.9357761028503586,36.0,20.0,20.0,47.0,47.0,45.0,45.0,22.0,16.0,53.0,49.0,0.0,FLG
2026-03-09,76.66160583496094,77.23815258406235,73.00347924237047,74.06711891984413,2567700.0,0.0116752241616659,82.25782509470524,83.27378611789466,84.74765014648438,83.51396026611329,79.38710342407227,72.34509502410889,62.11642551422119,73.00347924237047,91.86072193611416,68.29867707079383,91.86072193611416,51.90540473974375,91.86072193611416,48.27787672916702,91.86072193611416,48.27787672916702,91.86072193611416,36.71468932424032,91.86072193611416,1583525.0,1423522.0,1997280.9523809524,150062036.78905487,1,False,223,223,898826186.1225128,223,0.0339065013549859,3.185949477940646,0.0415586060745901,-0.8261042825819629,0.2776918546147653,13.217921818314611,12.617739043477354,80.18056208037045,75.28980070621886,2072000.0,False,False,False,0.0552385160155448,0.2459802725022489,0.2459802725022489,1.0,1.1889805707252856,-0.0343317424563557,0.8345417303412479,False,False,-0.0235502818852469,0.976795939861355,0.0759186064975989,1.085596486550797,0.4067332360342577,1.3416354578082417,0.6046998546966007,1.355005219833458,0.7928403853810776,24.0,42.0,42.0,72.0,72.0,87.0,87.0,32.0,49.0,83.0,85.0,11.538461538461538,FLS
2026-03-09,89.04000091552734,89.44999694824219,81.01000213623047,82.54000091552734,1313400.0,0.0474061719565506,91.8720012320638,91.04771627270372,91.5283999633789,88.41133346557618,80.17879981994629,65.93149997711181,49.47834997177124,68.97000122070312,107.04000091552734,53.40999984741211,107.04000091552734,41.84000015258789,107.04000091552734,31.049999237060547,107.04000091552734,27.0,107.04000091552734,22.57999992370605,107.04000091552734,1619507.5,1430074.0,1003929.3650793652,133027086.74621582,1,False,130,130,322153067.54989624,32,0.0598081651394919,5.84571293422154,0.0656526603112616,1.6833743777582943,0.6893938899573318,15.150091427428716,17.04582406438294,88.2699966430664,82.3499984741211,1475200.0,False,False,True,0.0947887996993483,0.2923405043985978,0.2923405043985978,1.0,1.1352489451594812,0.1105180061996466,0.8318385664607286,False,False,0.061642995107163,1.0620194240058711,0.5525719840377363,1.5665373577609265,2.0326975158213787,2.8923568561607844,1.7956043908662136,2.360602533318768,1.6131687709642508,86.0,73.0,73.0,96.0,96.0,98.0,98.0,86.0,94.0,96.0,97.0,34.61538461538461,FORM
2026-03-09,59.2599983215332,59.54999923706055,58.33000183105469,59.02999877929688,3715200.0,-0.0086985692268658,58.11543057939495,59.28397695595498,59.62863418579101,61.646877670288085,66.31287727355956,65.69283500671386,61.28244226455688,52.77611315122317,73.08150730864999,52.77611315122317,76.01710575941345,52.77611315122317,76.01710575941345,52.77611315122317,76.01710575941345,52.5489177107445,76.01710575941345,45.98154103536765,76.01710575941345,4214975.0,3842922.0,3826111.111111111,272001270.8896828,-1,False,353,353,882960047.1115112,353,0.0335864006523412,1.8025267616469005,0.0304172597485869,-3.496620276084655,-0.2884841816653902,2.101970509899585,-0.1541521988154011,60.0099983215332,57.54499816894531,4016800.0,True,True,True,0.0205871994694699,0.1220702898278933,0.2111646652995906,0.5780810423690237,1.1012479566329996,-0.1063576071798426,0.7795613596377265,False,False,-0.096621760951765,0.903698551693078,-0.121541703583285,0.8863600224144952,-0.0316960663231017,0.9234948447073512,0.0804600810985649,0.9123382453269056,1.101634238420212,56.0,21.0,21.0,31.0,31.0,46.0,46.0,62.0,49.0,38.0,35.0,57.692307692307686,FOXA
2026-03-09,32.96282958984375,33.39935941991247,32.08976284358571,32.182644169283535,6671100.0,0.0269097401722298,33.08151924190684,31.74185930980275,30.70586448669433,29.881406784057617,26.81143970489502,24.390078926086424,21.41623566150665,24.78017234802246,37.04951466806997,19.01237240887341,37.04951466806997,19.01237240887341,37.04951466806997,19.01237240887341,37.04951466806997,16.959742247803103,37.04951466806997,11.401594121353094,37.04951466806997,3961335.0,3751342.0,2962223.412698413,157483982.61267662,1,False,7,7,378541282.61260986,7,0.0384865398511731,1.5875707501545724,0.0481624535851049,4.763701230290633,0.5440873489010996,12.573456711173392,10.030354796691936,32.49843326808646,31.253851860566748,6349800.0,False,False,True,0.0397294950895315,0.1758241898410606,0.3158636056070275,0.5566459279256352,1.7486115635417938,0.2294315393971797,0.8896966636448761,False,False,0.2674999653458407,1.267949385365816,0.5271084473089311,1.5408447767041364,0.6022574360455857,1.5281116089897582,1.2429871026414192,1.8939736444812465,1.337284346284825,76.0,93.0,93.0,95.0,95.0,92.0,92.0,89.0,95.0,91.0,89.0,73.07692307692307,FRO
2026-03-09,82.83000183105469,83.18000030517578,79.50900268554688,82.02999877929688,1634700.0,0.0022991583108609,82.05431950030248,78.76403874964987,75.72320007324218,74.95933329264322,70.63999992370606,63.86209987640381,64.44789989471435,65.26000213623047,86.0,59.5,86.0,48.7599983215332,86.0,46.7599983215332,86.0,46.7599983215332,86.0,46.7599983215332,97.0,1385670.0,1260374.0,1396300.7936507936,119557903.66844176,1,False,353,353,853014113.9907837,353,0.0441284401784556,3.585571834019252,0.0432883225251233,3.986413333526469,0.0529908338757967,11.86555753342379,8.280336961134948,84.05999755859375,81.56999969482422,1572700.0,False,False,True,0.0443196612154676,0.0934443763451378,0.2375950726805047,0.3932925682797847,1.2676237370812156,0.1725651461001458,0.8539175446500483,False,False,0.2294789736409355,1.2299149124811724,0.3361832487226242,1.348202207342854,0.4986430458662989,1.4292920629359505,-0.0905797083239305,0.7679126028689797,0.9923864587779844,43.0,91.0,91.0,91.0,91.0,90.0,90.0,85.0,85.0,91.0,90.0,76.92307692307693,FRPT
2026-03-09,21.82999992370605,21.850000381469727,19.36000061035156,19.652999877929688,11029300.0,0.0839126407782437,19.71227390802885,17.656819052862872,15.663000068664552,14.680833371480306,12.686800022125244,11.370199999809266,9.426499993801118,7.869999885559082,21.850000381469727,7.869999885559082,21.850000381469727,7.869999885559082,21.850000381469727,7.735000133514404,21.850000381469727,6.309999942779541,21.850000381469727,4.650000095367432,21.850000381469727,12222050.0,10302868.0,4698826.19047619,368311745.9675503,1,False,25,25,1868526974.651337,25,0.1169644416251372,1.9043570927211215,0.0872357810067193,8.261358471000364,0.8874388845018494,9.63627604445274,5.900032444840261,21.600000381469727,19.8799991607666,13047400.0,False,False,False,0.1140632056720337,0.2491983762285819,0.6243701402691973,0.3991196249730008,1.1478929944555245,0.7206860583941936,0.999084647257918,False,False,1.7424622888303292,2.7434346892171737,0.894965195855888,1.912010394033264,1.9380888866840429,2.8021263218889767,2.358461526724009,2.835877928200648,2.6010857828221536,95.0,99.0,99.0,98.0,98.0,98.0,98.0,99.0,98.0,98.0,97.0,100.0,FSLY
2026-03-09,11.630000114440918,11.649999618530272,10.779999732971191,11.199999809265137,5837900.0,0.0095485809293622,12.16855128839587,11.966614285394574,11.60760009765625,11.54600003560384,11.064600048065186,9.98430004119873,8.612300038337708,9.600000381469728,13.850000381469728,9.170000076293944,13.850000381469728,7.71999979019165,13.850000381469728,7.690000057220459,13.850000381469728,6.170000076293945,13.850000381469728,4.579999923706055,13.850000381469728,8424727.5,8055302.0,13594536.111111112,90619838.00538065,1,False,160,160,317869441.3533211,160,0.0629690200937547,0.8421429906572614,0.0724112624566165,0.7056900852479824,0.1306187404010754,5.022794183064305,5.49536603570237,11.699999809265137,11.119999885559082,6050700.0,False,False,True,0.0748065242474767,0.2639725381160168,0.3301805773690217,0.7994793037780403,0.7953258611533124,0.0510999099759237,0.8397111764705072,False,False,0.1928205245580427,1.1932434653380275,0.2505376210666448,1.2617861978879823,0.5162972618978641,1.4461293150894057,1.511879012306518,2.1210254137581144,0.6197142315959047,15.0,89.0,89.0,88.0,88.0,90.0,90.0,79.0,76.0,84.0,82.0,61.53846153846154,FSM
2026-03-09,275.4075622558594,276.6234469145976,247.71133873603907,254.17943026531609,2049500.0,0.0614172789376317,280.8298432309512,280.6988752749411,281.10467407226565,280.5943359375,263.22540679931643,215.873819732666,177.13581363677977,247.71133873603907,322.4184164668962,161.52313659862088,322.4184164668962,148.99554257032807,322.4184164668962,148.99554257032807,322.4184164668962,133.45943351226043,322.4184164668962,80.61986813289408,322.4184164668962,1862292.5,1870078.0,1525504.365079365,549225879.1990662,1,False,255,255,1241073862.6556396,11,0.0615529004292638,18.62928763637232,0.0676426147625725,0.684188774701359,0.8554291214622752,11.378526785671394,10.84185027172468,265.26192043024724,251.1596565626887,2845800.0,False,False,True,0.1049793547487943,0.271260081309796,0.271260081309796,1.0,1.4069199252651494,0.0462803177120005,0.8541930243123579,False,False,0.066496909015469,1.0668750589762248,0.57154231018185,1.5856783218509627,0.798253326708527,1.715037622936375,1.5773075090094189,2.176273100295139,1.2207716625596896,67.0,74.0,74.0,96.0,96.0,94.0,94.0,59.0,95.0,93.0,91.0,46.15384615384615,FTAI
2026-03-09,63.357059478759766,63.38701431597566,60.47129334760341,62.40845027279144,5865100.0,0.0068231814796173,64.31128076235866,62.88884661699243,62.2291145324707,61.08272921244304,56.38029396057129,49.54478828430176,42.54879199981689,54.1206091617649,68.18997445318554,43.276516408172434,68.18997445318554,40.41329950768706,68.18997445318554,35.1970781688114,68.18997445318554,34.17975711046718,68.18997445318554,21.99494887854591,68.18997445318554,3966842.5,3707118.0,4430121.031746032,286068510.4340553,1,False,179,179,548383994.2352295,80,0.0351721851012278,2.4927724379165936,0.0393448253189889,3.145134116840885,0.17224479013758,18.176315797403326,15.08127751773884,64.84488208933807,62.44839594660551,4578000.0,False,False,True,0.046020459162088,0.1218282724779831,0.1516155532107974,0.8035341355025776,1.1976284542331803,0.123744752431897,0.9291257253990656,False,False,0.1279999913067107,1.128399948539441,0.3642227851128978,1.376493959159363,0.6330162085629587,1.5574469931200867,1.4260801520562416,2.048577034608191,0.8954253104088579,32.0,83.0,83.0,92.0,92.0,92.0,92.0,72.0,89.0,87.0,90.0,61.53846153846154,FTI
2026-03-09,22.68830299377441,22.81738221912099,21.8741060038233,22.71808948754983,12272800.0,-0.0184708311391301,25.943899949721864,26.64568707188344,27.320887756347656,27.27296257019043,26.957908935546875,25.63093740463257,23.549590473175048,21.8741060038233,29.152237038233807,21.8741060038233,29.152237038233807,21.61238454358456,29.152237038233807,19.342591392325303,29.152237038233807,18.623219771218757,29.152237038233807,16.360015057338646,29.152237038233807,7451755.0,7505422.0,9487224.603174604,216735565.2063179,-1,False,283,283,580045281.6101074,367,0.0465778954886897,1.5213011210613048,0.0670522216438463,-2.362046376616192,-0.2806532370189714,3.7007460338883327,4.415938893877534,24.654291832966862,22.96632102931976,22472400.0,False,True,False,0.0415754415637221,0.2800875549466454,0.3207878101948656,0.8731240590984539,1.32697401958211,-0.158380457177913,0.7782697075362759,False,False,-0.1897163252214856,0.81057097869588,-0.1327711425038416,0.8750295747723853,-0.0263993069097447,0.9285464920690591,0.2095469691685232,1.0213389451368533,0.7854515215658016,23.0,8.0,8.0,29.0,29.0,46.0,46.0,22.0,16.0,17.0,46.0,0.0,GAP
2026-03-09,41.34999847412109,42.2599983215332,40.15999984741211,41.34000015258789,2510900.0,0.0117445450154356,40.98354722931758,42.05491570496743,43.46000030517578,43.95966682434082,42.12600006103516,38.01119993209839,35.70657486915589,36.31999969482422,48.61000061035156,33.65999984741211,48.61000061035156,26.96999931335449,48.61000061035156,26.96999931335449,48.61000061035156,26.96999931335449,48.61000061035156,16.924999237060547,48.61000061035156,2567140.0,2348932.0,2378066.26984127,94754552.41031648,1,False,382,382,355480185.9954834,382,0.047357604347489,2.370715550013951,0.0573329053808227,-0.3212983053051297,0.2024703226135684,2.0388661931263443,0.8990823105381704,41.91999816894531,36.47499847412109,3347000.0,False,True,True,0.0507859383703575,0.2420798671249101,0.2972188964703117,0.8144834329168931,1.094071688750462,-0.0184209653370777,0.8506479727407277,False,False,-0.0313890886787127,0.9689543536463492,0.2240970979390244,1.2351078424468136,0.246608403880894,1.188920538597138,0.0740259343927556,0.9069052652303292,1.0795073428173851,53.0,40.0,40.0,87.0,87.0,81.0,81.0,66.0,71.0,86.0,83.0,30.76923076923077,GDS
2026-03-09,829.1746826171875,829.5642625254461,776.1338963283173,781.6577614312688,2878000.0,0.0517846787748532,831.7538487418769,818.6128341019597,817.9252172851562,798.6084452311198,742.8007971191406,672.2853723144531,622.6087574768067,655.268765110094,893.9324008229047,611.9560140814174,893.9324008229047,529.1793363286614,893.9324008229047,529.1793363286614,893.9324008229047,529.1793363286614,893.9324008229047,251.37734728649528,893.9324008229047,2982810.0,2816440.0,3187250.0,2011093387.062378,1,False,89,89,8224356323.510742,89,0.043194983925018,36.95982589712821,0.0445742334781244,2.60871245654152,1.1045631817707526,3.4443418695069115,3.679697275512063,815.2302570837419,781.4978812535445,2678600.0,False,False,True,0.0644380096465107,0.1420671747028876,0.1492832028039077,0.9516621564550786,0.9376588885259406,0.1162813581151731,0.9275585959899152,False,False,0.1255135158243154,1.1259125914224173,0.3204546574531994,1.332332137509166,0.4277375140998192,1.3616677450227417,1.837737959972916,2.3961800314426087,0.9358569299552906,36.0,83.0,83.0,91.0,91.0,88.0,88.0,84.0,83.0,87.0,84.0,73.07692307692307,GEV
2026-03-09,50.65460586547852,50.81979270739947,47.924133793177525,48.934700365139406,3644500.0,0.0335052495210461,51.609724846950265,52.03435547668638,52.36945587158203,52.75476633707682,50.17128120422363,45.22009243011475,37.24157946586609,46.34026334461718,59.8954486373071,40.51979755731526,59.8954486373071,34.456402759663746,59.8954486373071,34.456402759663746,59.8954486373071,25.458482478314423,59.8954486373071,18.75833151672737,59.8954486373071,3595145.0,3279588.0,3531672.619047619,159984726.2640953,1,False,39,39,371895461.3479614,40,0.0453278745269341,2.836663148068097,0.0560001030429752,0.172026335268976,0.5789103892043869,4.58730928580317,5.918714075432133,49.158188240378365,46.34026334461718,3890400.0,False,False,True,0.0571647704043307,0.2238634548088088,0.2238634548088088,1.0,1.0149537075998571,0.009633492501168,0.8457171123671534,False,False,0.0415584847501049,1.041927792243454,0.2525229344168636,1.263789369117371,0.5171711754408135,1.4469627875390827,1.747901173405944,2.3203220357089918,1.017972328638292,46.0,69.0,69.0,88.0,88.0,90.0,90.0,53.0,73.0,83.0,80.0,46.15384615384615,GFI
2026-03-09,47.31182098388672,47.351760528666944,44.45593593027031,45.78402007210821,4085600.0,0.010665579280203,47.387676165598414,46.62818873042952,45.9523779296875,45.75223299662272,43.295506439208985,39.44914943695069,37.76767272949219,39.12361768974421,50.90663879700661,34.82980761815722,50.90663879700661,31.973922698102207,50.90663879700661,31.80416728833908,50.90663879700661,31.464656812611803,50.90663879700661,29.727160791891404,50.90663879700661,3891990.0,3692346.0,2957120.238095238,181550229.00291443,1,False,80,80,1923244859.3715668,80,0.0507708724235105,2.336917738953735,0.0493939503987731,1.878067220507832,0.2136501548991609,6.929946877945151,5.889313368246799,47.801111348918525,46.21339929471943,2643100.0,False,False,True,0.0612072107599258,0.1188264758651925,0.1964964475975827,0.6047258223647107,0.8913411690020383,0.0927651591353255,0.9293841059227176,False,False,0.1564559374558549,1.1568659843708229,0.2607769531073691,1.272117632646065,0.423250238460924,1.357388121884617,0.2341756469602733,1.0421353494412129,1.3161419511662933,74.0,86.0,86.0,89.0,89.0,88.0,88.0,78.0,83.0,83.0,81.0,73.07692307692307,GFS
2026-03-09,91.1999969482422,92.11000061035156,88.29000091552734,91.01000213623048,1712200.0,0.0,94.20165907664988,97.7484618185392,100.5747998046875,102.59833323160808,104.84099990844726,98.87599979400636,75.93524984359742,88.20999908447266,118.0,88.20999908447266,120.73999786376952,68.0199966430664,120.73999786376952,53.400001525878906,120.73999786376952,41.18999862670898,120.73999786376952,34.880001068115234,120.73999786376952,1994005.0,1944194.0,2345334.126984127,186417467.06111908,-1,False,130,130,1025325954.6325684,130,0.0597733312908088,5.672142028808594,0.0621945418707376,-2.092005758859848,0.0,7.550544079398816,7.640214921131956,93.0,89.0,1272500.0,False,True,False,0.0418859629676538,0.1189692854954664,0.2803728130532252,0.4243253266959291,0.8694657014680633,-0.130111339763233,0.7553420454019122,False,False,-0.0727938554054445,0.9275349059479424,-0.1596019188223116,0.8479574558157489,0.5167137091005682,1.4465264908432307,1.2703510357326135,1.917079692671643,0.8502008208800926,28.0,27.0,27.0,26.0,26.0,90.0,90.0,20.0,14.0,74.0,88.0,3.8461538461538463,GH
2026-03-09,128.85252380371094,129.41166442395394,119.8263563832702,120.81483929911968,15927600.0,0.0467191541838687,137.9401364866152,134.683618187386,133.71764709472657,128.54714609781902,113.02895706176758,99.35223426818848,80.91288646697998,91.98707281224658,161.55042936847948,83.66537664367436,161.55042936847948,77.1276159759439,161.55042936847948,75.63380884453781,161.55042936847948,61.97255356161002,161.55042936847948,36.69972276621659,161.55042936847948,11657225.0,10160508.0,7208211.111111111,1970156889.9681852,1,False,41,41,2874303999.279785,12,0.0603928991219149,9.97596204026589,0.0774215494254725,1.8082263946642376,0.5765048185160886,9.566189222115089,10.945120515611144,131.87788343705552,122.19272250962956,19123600.0,False,False,False,0.0743897578233363,0.3238126173513695,0.3238126173513695,1.0,1.587959972080136,0.1399956891869413,0.7975993892892227,False,False,0.1462972551851091,1.1467037001156086,0.5130587083289659,1.5266686604240616,0.8223334320626385,1.7380034009128098,1.87838343830395,2.4305009888104223,1.6172147042184917,86.0,85.0,85.0,95.0,95.0,94.0,94.0,92.0,91.0,90.0,88.0,42.30769230769231,GLW
2026-03-09,207.1100006103516,207.9900054931641,193.67999267578125,200.0500030517578,1006200.0,0.0151455556964112,217.5642093505784,213.4101759704905,211.2172009277344,204.3403335571289,183.64159942626952,172.92769958496095,167.5321000289917,161.39999389648438,241.08999633789065,134.8000030517578,241.08999633789065,134.8000030517578,241.08999633789065,134.8000030517578,241.08999633789065,134.8000030517578,241.08999633789065,99.5,241.08999633789065,1263710.0,1162368.0,1055290.0793650793,314411760.0972748,1,False,131,131,920845191.5283204,26,0.0525433658249157,10.894288199288503,0.0526014589695481,2.4294873778979054,0.2836345322765033,6.01032135927774,5.998424897135838,213.9499969482422,202.5500030517578,956100.0,False,False,False,0.0690937799971576,0.2289121892829533,0.290763367501498,0.7872800182841945,0.8614655599603568,0.1277945806255318,0.8590567993542308,False,False,0.201543229548424,1.201969263155516,0.2687453665824866,1.2801577219425326,0.1423607122125942,1.0894969976199305,0.5823210449700029,1.3361085994440127,1.197500123151274,65.0,89.0,89.0,89.0,89.0,74.0,74.0,86.0,91.0,86.0,83.0,38.46153846153847,GNRC
2026-03-09,828.3792114257812,833.0087714913384,791.5116641162913,806.4458464581081,3258200.0,0.0129166951822783,856.3763637807143,876.8677921297894,893.9364428710937,899.248701985677,908.664140625,856.1077124023437,778.5500991821289,791.5116641162913,959.0933666911596,791.5116641162913,975.2467994263548,743.0776881158279,975.2467994263548,729.290448763959,975.2467994263548,691.6271777869798,975.2467994263548,428.57330958343465,975.2467994263548,2589587.5,2463062.0,2315449.206349206,2367402222.4960327,1,False,339,339,4254876526.4038086,80,0.0381709772787626,34.899081062760146,0.0421293540221668,-2.097228926563936,0.3026863814409141,3.507129197248408,4.255438475791088,823.5305390186446,797.8139203195095,2473000.0,False,False,False,0.0500943369928653,0.1664331345864192,0.2023007099447025,0.8227016832116533,1.1802220163357642,-0.088354899912741,0.8494046962400064,False,False,-0.0606475708393723,0.9396854972466392,-0.0016963306313311,1.0072834036259544,0.1386397899934812,1.085948264244595,0.4960580144226969,1.2632682758606644,1.1183952957806536,58.0,30.0,30.0,50.0,50.0,73.0,73.0,30.0,21.0,37.0,38.0,7.6923076923076925,GS
2026-03-09,7.369999885559082,7.389999866485596,6.949999809265137,7.349999904632568,9448000.0,-0.0173333485921224,8.019670290853638,8.445190000297538,8.924000034332275,9.022333351771035,9.046999998092652,8.469500007629394,9.046249997615812,6.949999809265137,10.619999885559082,6.949999809265137,10.619999885559082,6.760000228881836,10.619999885559082,6.510000228881836,10.619999885559082,6.510000228881836,10.619999885559082,6.510000228881836,12.029999732971191,7181922.5,6840992.0,7106911.507936508,75270020.053401,-1,False,213,213,222715687.82873157,340,0.0414405387072689,0.3200000354221889,0.0434192727803433,-4.269194647374534,-0.4062503126582583,3.9048315399169553,2.1198088986956707,7.679999828338623,7.46999979019165,7832100.0,False,True,False,0.0597015012283247,0.2550882148756374,0.4979647399296455,0.5122616009151115,1.0393273373218388,-0.1853653269467365,0.6126350830548877,False,False,-0.2788650006853951,0.7213906936062482,-0.1298701708135359,0.8779566406819813,-0.1329411899342256,0.8269349253940108,-0.1783723895026934,0.6937806454738131,1.0105546540124672,45.0,4.0,4.0,30.0,30.0,34.0,34.0,38.0,28.0,30.0,37.0,0.0,GT
2026-03-09,18.394969940185547,18.53462745046983,17.46724070143224,18.165530155544527,2614600.0,-0.0010833042197697,19.16979688319407,19.26371722996332,19.42071846008301,19.192006492614745,18.711033401489257,17.40306791305542,14.660619258880615,17.46724070143224,21.28870070998913,16.44471294099273,21.28870070998913,15.366410336879811,21.28870070998913,12.127003971018713,21.28870070998913,12.127003971018713,21.28870070998913,6.86551654284456,21.28870070998913,2579682.5,2413986.0,2659086.507936508,53749645.76276779,-1,False,255,255,254586282.80830383,255,0.0416535937714681,0.9394605636788824,0.0510716009177346,-0.3307478624685736,-0.0212344829808148,11.74445856924336,9.784841875569423,18.594479635511025,18.065775138130284,1398200.0,False,False,False,0.0580260121385566,0.159399840875976,0.2077448357340639,0.7672866587163939,0.984110926906784,-0.0168918228363887,0.8640719878012199,False,False,0.0149529960295409,1.015312869961076,0.1052383136886876,1.115179924295179,0.4222303428523142,1.356415422813661,1.0319447420433638,1.715769914120464,0.9701386142573728,41.0,62.0,62.0,76.0,76.0,88.0,88.0,34.0,48.0,55.0,82.0,23.07692307692308,GTX
2026-03-09,55.34999847412109,55.4900016784668,52.66999816894531,54.59999847412109,1250900.0,-0.0073529386612943,59.67205976084424,60.42749767365806,61.161199951171874,60.53466657002767,58.57699996948242,55.42640010833741,52.466650066375735,52.66999816894531,66.8499984741211,51.8650016784668,66.8499984741211,45.93000030517578,66.8499984741211,45.93000030517578,66.8499984741211,45.75,66.8499984741211,30.459999084472656,66.8499984741211,1415950.0,1328728.0,1246428.5714285714,98079636.87177658,-1,False,262,262,337790357.5958252,262,0.0374285002159846,2.299928665161133,0.0415524612206893,-1.3257916771385456,-0.1782663321792134,3.004239910507142,4.148507446487188,58.09000015258789,55.650001525878906,1564300.0,False,False,False,0.0509485742956249,0.239747147936514,0.2561879077883922,0.935825386944266,1.0077382278389555,-0.0550899072510121,0.8279730701197866,False,False,-0.0175719147281777,0.982776426780129,0.0613613970203668,1.070908335080017,0.0516815001102803,1.0030140432642436,0.442157293739732,1.2177546194192783,1.136005730659026,60.0,45.0,45.0,69.0,69.0,62.0,62.0,33.0,31.0,57.0,53.0,0.0,GXO
2026-03-09,34.50321578979492,34.61274661258036,33.348129980592375,33.636898583990046,17753100.0,0.0176212479706217,34.57438442609007,34.39257581574664,34.4147590637207,34.251150131225586,32.92603313446045,29.63314697265625,25.55582990646362,32.216202146100215,36.69535382971631,26.547897738705,36.69535382971631,24.538790115782483,36.69535382971631,21.131718217523968,36.69535382971631,19.927655628367,36.69535382971631,18.14328566284489,36.69535382971631,13730727.5,13714626.0,13691492.857142856,441568006.02308273,1,False,353,353,1497405305.6049347,63,0.0331558238228564,1.1899390205980571,0.0344877714543352,1.3889206971470138,0.5020943847518942,11.732115187456394,9.78854783591213,34.353848525482235,33.56719427078604,18535000.0,False,False,True,0.0366521381569894,0.0970119385252765,0.1128730854161007,0.8594780426852605,1.0625517604344443,0.0479007795714021,0.9402611554014728,False,False,0.0288967334661542,1.0292615514568046,0.2510911485630203,1.2623447043601683,0.5854852062988112,1.5121155284548196,0.4560311656742937,1.2294696880257916,1.0028656219790288,44.0,66.0,66.0,88.0,88.0,91.0,91.0,44.0,79.0,79.0,86.0,73.07692307692307,HAL
2026-03-09,68.13999938964844,68.3499984741211,66.05000305175781,66.94999694824219,1610700.0,0.0114293693287028,69.47210072153564,71.06839453471926,73.76200073242188,73.40066731770834,72.40660018920899,69.75770011901855,66.4357000541687,66.05000305175781,82.22000122070312,61.22999954223633,82.22000122070312,61.22999954223633,82.22000122070312,61.22999954223633,82.22000122070312,58.68000030517578,82.22000122070312,47.5,82.22000122070312,1896147.5,1888906.0,2157061.111111111,145066321.63887024,1,False,255,255,679039362.0910645,306,0.033361750171843,2.5885707310267856,0.0379890043177786,-1.5511219497755555,0.297460151981622,2.2452326520265125,0.3295675244477909,68.0,66.26000213623047,1263300.0,False,False,False,0.0337539689310987,0.0804225972501485,0.2373055226560773,0.3388989701967601,0.8572422343938767,-0.0589255784474247,0.8287521087081994,False,False,-0.131088995400765,0.8692190961272196,0.0824463632058363,1.092182960383227,-0.0906179218987448,0.8672996481660407,0.1328345413313401,0.9565631306184844,0.8790420865838552,31.0,14.0,14.0,73.0,73.0,38.0,38.0,18.0,46.0,36.0,33.0,11.538461538461538,HALO
2026-03-09,22.486968994140625,22.536939273852237,20.508116180154804,21.397600121480515,7303300.0,0.0094212033755916,24.525679995184337,24.96422470839959,25.402879104614257,25.477902285257976,24.024677810668944,20.37509273529053,15.867005186080933,20.508116180154804,28.72335294261655,17.569819303582882,28.72335294261655,14.331694694832478,28.72335294261655,12.992470939719054,28.72335294261655,9.034764378883814,28.72335294261655,5.946553956533121,28.72335294261655,6984380.0,6357984.0,6974638.492063492,177774606.68748856,1,False,208,208,349174083.4144592,208,0.0576787410516239,1.6247730884053018,0.0722539835772737,-0.8858388767630808,0.1291731231012377,7.284783917958216,11.525736976133494,22.846761567625684,21.877322109269983,3772600.0,False,False,False,0.09022216796875,0.3560000312785258,0.3560000312785258,1.0,1.1059559130693,-0.0640053876537503,0.7828810598492816,False,False,-0.0425532415981538,0.9577862422306832,0.2975778154454671,1.309249518473683,0.7688679252360173,1.6870120559364856,2.112033105207545,2.627794281596679,1.0013967043521457,44.0,36.0,36.0,90.0,90.0,94.0,94.0,54.0,77.0,87.0,89.0,3.8461538461538463,HBM
2026-03-09,15.149999618530272,15.229999542236328,14.289999961853027,14.720000267028809,2744600.0,0.0154155188378162,15.584953985123349,15.662660395125114,16.025999870300293,15.935666529337563,14.995799922943116,13.30199993133545,12.224149956703188,14.289999961853027,17.3799991607666,11.220000267028809,17.3799991607666,10.81999969482422,17.3799991607666,10.789999961853027,17.3799991607666,10.600000381469728,17.3799991607666,9.0600004196167,17.3799991607666,3053895.0,3178092.0,2441236.904761905,42085431.24157429,1,False,80,80,158197404.9287796,91,0.0388110731861033,0.64571441922869,0.0426214148836613,0.2412603848842512,0.356193907689198,7.620895695219375,6.544909944611362,15.479999542236328,14.619999885559082,2597300.0,False,False,False,0.0620461784852831,0.1676567673801325,0.1841584179606527,0.910394264007818,0.8755190221050869,0.0102828589591434,0.8716916196825658,False,False,-0.1082990098514165,0.8920171623677247,0.3430851043592808,1.355166145120848,0.230706669545508,1.173754670557264,0.4567307859835545,1.2300604459598534,1.2509621635012305,69.0,18.0,18.0,92.0,92.0,80.0,80.0,38.0,83.0,79.0,76.0,11.538461538461538,HE
2026-03-09,21.07512664794922,21.145110160239422,18.9056282324144,19.82541562303072,20540100.0,0.0340429944269256,22.08366092416809,22.6782818998214,22.674471893310542,23.370480028788247,23.38148696899414,19.35598872184753,13.586535155773165,18.9056282324144,34.15539542998087,16.642885158583322,34.15539542998087,11.801423506972425,34.15539542998087,10.37246224631658,34.15539542998087,5.752823230071807,34.15539542998087,4.450893518139236,34.15539542998087,26900157.5,25525992.0,23317921.42857143,504266287.8200913,1,False,171,171,2748496512.6874924,80,0.0708367181163474,1.7357178905669384,0.082358598340183,-1.1976945791911862,0.3997423951359051,7.941354692627038,10.515083054545396,20.83109509601877,19.891496229805178,17124900.0,False,False,False,0.1062618491093595,0.2891410548503606,0.2986267934739426,0.9682354737388637,0.819045935609476,-0.0986404467818214,0.6170365291525779,False,False,-0.0105989512888076,0.9897518626372142,0.2535158091727099,1.2647911747744367,1.338186287413948,2.229984726172469,2.899227525363917,3.2924996127611337,1.1536258745189552,61.0,47.0,47.0,88.0,88.0,97.0,97.0,60.0,75.0,92.0,93.0,15.384615384615383,HL
2026-03-09,34.1524658203125,34.410822362261115,32.85075944164103,33.754999757354284,1614500.0,0.0082134665716357,34.19259323643727,34.05474876316722,34.34855819702148,34.095412190755205,32.59787963867188,29.552776622772218,23.666637630462645,31.37812350021179,36.21994056379715,26.66450345945612,36.21994056379715,24.04850766295691,36.21994056379715,19.85638740278753,36.21994056379715,14.6219261676253,36.21994056379715,14.120714354436792,36.21994056379715,1815185.0,1701676.0,1868559.9206349207,58625381.06733322,1,False,214,214,110477791.4543152,33,0.0406332217866691,1.3542307304675856,0.0396525023286062,1.2026931899845712,0.2054487014722332,9.341009551017574,9.074485574496029,34.25183687573018,33.248227151645594,1291100.0,False,False,True,0.0456793640853956,0.095141195981618,0.135707022225847,0.7010779134426932,0.8156076714956314,0.047689794516462,0.942918880834632,False,False,0.0029948022278853,1.003350436118518,0.151759592615942,1.162119661788593,0.7301915376057133,1.650125451073836,0.4318539976130073,1.2090545375987805,0.9714352641060692,41.0,56.0,56.0,81.0,81.0,93.0,93.0,51.0,77.0,80.0,89.0,57.692307692307686,HP
2026-03-09,50.789363861083984,50.83808660659216,48.73323203179695,49.69795874901055,1269000.0,0.0318748958563417,51.36384149369903,51.28080622424158,51.20370986938477,50.66170959472656,49.530739822387694,46.01192943572998,39.87648404121399,45.64416527665636,55.19396708291929,44.92305400720159,55.19396708291929,36.64006230465978,55.19396708291929,35.62661821522535,55.19396708291929,29.006088821007683,55.19396708291929,28.277944731015715,55.19396708291929,1690955.0,1629186.0,1877488.492063492,97104273.22120668,1,False,203,203,217451116.6053772,119,0.0330541524063516,1.6426772795369773,0.0323429386520754,0.7856728219192892,0.9550854978384308,11.500034707627194,10.304757716120433,50.32161849844458,49.15225402702311,1449100.0,False,False,True,0.041442822173404,0.1272064574148509,0.1272064574148509,1.0,1.182388014628164,0.0254109678799385,0.9201977416260338,False,False,0.032079186400064,1.032445132799472,0.1042372065337642,1.114169812188666,0.4161595086269074,1.3506255216108978,0.4818845955258286,1.2513002704221807,0.900647331340775,33.0,67.0,67.0,75.0,75.0,88.0,88.0,59.0,51.0,78.0,77.0,46.15384615384615,HTHT
2026-03-09,11.95950412750244,12.028634851563568,10.863298854842654,10.873174807111765,9729700.0,0.0585664248595845,12.179986761557297,12.264475335539398,12.612092170715332,12.370005226135254,11.798529930114746,10.366039791107177,10.223013083934784,10.56702588660804,14.201293429019652,9.697963218549788,14.201293429019652,7.149485960989107,14.201293429019652,7.149485960989107,14.201293429019652,7.149485960989107,14.201293429019652,7.149485960989107,16.74690526331315,6816452.5,6191674.0,4945459.126984127,97577696.70591833,1,False,122,122,155413453.45916748,33,0.0746056773790035,0.9678210766557076,0.0809248499216682,0.1685956896428287,0.6836734204258148,7.331912045856877,4.173459296765718,12.384160861862089,11.13981911003405,11466800.0,False,False,True,0.097440160084988,0.2246077617042496,0.2791081083789122,0.8047339183687423,1.3035796135261644,0.013643580881786,0.7141321897665297,False,False,-0.082575759958909,0.9177495330048449,0.2199082085987802,1.2308812740773696,0.1129057478902582,1.061405086850318,-0.2723154973841433,0.6144552805626227,1.3783255153817953,78.0,24.0,24.0,87.0,87.0,71.0,71.0,64.0,71.0,90.0,87.0,19.230769230769237,HUN
2026-03-09,40.59999847412109,41.47999954223633,36.88999938964844,37.88999938964844,3889400.0,0.0466614466582604,43.98688616736932,43.05657751804687,41.30419982910156,42.393833033243816,38.1288998413086,24.32474989891052,14.352524952888489,30.809999465942383,58.72999954223633,11.210000038146973,58.72999954223633,6.800000190734863,58.72999954223633,5.690000057220459,58.72999954223633,3.3399999141693115,58.72999954223633,2.299999952316284,58.72999954223633,5270595.0,5197700.0,1899570.238095238,193461228.7176895,1,False,77,77,498006113.2972717,77,0.1327187174548965,6.145927974155971,0.1513775419985165,0.428128714530709,0.2945035422160669,18.75472043363868,20.44595384598705,43.07799911499024,38.400001525878906,4075300.0,False,False,True,0.1130541951993818,0.4645320521963355,0.6142857505266819,0.7562149240773546,0.9248205937241472,0.0648090724646432,0.6912991450804142,False,False,0.2040331258705248,1.204460042325179,2.391812662356675,3.4223219926266126,6.381817904385653,7.040217995792301,14.092935914682666,12.744443695904453,2.7746249621624943,96.0,89.0,89.0,99.0,99.0,99.0,99.0,88.0,99.0,99.0,99.0,53.84615384615385,HYMC
2026-03-09,21.850000381469727,21.920000076293945,20.350000381469727,20.799999237060547,7083900.0,0.0041360363805711,22.38053685036457,21.97779428515495,21.58640007019043,21.43600006103516,19.92360000610352,16.945400009155275,12.847050025463105,17.649999618530273,24.8700008392334,14.859999656677246,24.8700008392334,10.869999885559082,24.8700008392334,10.760000228881836,24.8700008392334,6.929999828338623,24.8700008392334,5.019999980926514,24.8700008392334,9316492.5,8627252.0,12666350.0,188018516.2344456,1,False,334,334,348386350.6877899,171,0.0579858739667547,1.2742857251848494,0.0583197118049265,1.6579192377320977,0.0706279218303533,9.087247322120769,10.672714463047702,21.940000534057617,20.649999618530277,5948300.0,False,False,True,0.0718535316894403,0.2068650058970679,0.2489702718115787,0.8308823555192317,0.8792428921747041,0.0966893721403794,0.8785685421851895,False,False,0.2152392067720849,1.2156700965894534,0.4412929156592067,1.4542573349703296,1.2048436647731755,2.102812646925705,2.979963805539372,3.3606731598250867,0.7355309540633252,20.0,90.0,90.0,94.0,94.0,97.0,97.0,82.0,89.0,95.0,93.0,57.692307692307686,IAG
2026-03-09,8.449999809265137,8.789999961853027,8.039999961853027,8.289999961853027,25645700.0,-0.0253748864005604,9.019716308562824,8.459923724342602,8.01059995651245,7.691166623433431,5.982299976348877,4.114749984741211,3.3775999927520752,5.539999961853027,12.43000030517578,1.950000047683716,12.43000030517578,1.950000047683716,12.43000030517578,1.950000047683716,12.43000030517578,1.950000047683716,12.43000030517578,1.830000042915344,12.43000030517578,47551490.0,39889102.0,15485116.26984127,361764250.3395224,-1,False,48,48,1367572252.0253658,48,0.1457309704345015,1.416428565979004,0.1676246861480326,2.460855809069745,-0.1553204110062192,18.424832921371376,16.466810084790517,9.119999885559082,8.494999885559082,23018200.0,False,True,True,0.0887573984531515,0.5195266795756928,0.7822485541676302,0.6641452730181231,1.010512595645798,0.4125001826508789,0.6798068867099388,False,False,0.4982269520035489,1.49875818135669,2.673913036717809,3.7069598578067935,2.520833113955136,3.3579035638798125,1.82608688371688,2.386341886884048,3.0707867588060043,96.0,97.0,97.0,99.0,99.0,99.0,99.0,95.0,99.0,99.0,99.0,53.84615384615385,IBRX
2026-03-09,41.72999954223633,42.13999938964844,38.41999816894531,39.40999984741211,672900.0,0.0427286123166679,44.84952470170043,43.75018642224488,43.17000038146973,41.18500035603841,34.58900020599365,26.4348000907898,22.58070001125336,27.030000686645508,55.33000183105469,16.604999542236328,55.33000183105469,14.0600004196167,55.33000183105469,14.0600004196167,55.33000183105469,13.119999885559082,55.33000183105469,13.119999885559082,55.33000183105469,1151220.0,1049192.0,771835.7142857143,60444295.42070389,1,False,27,27,258039002.60925293,27,0.0904271106745109,3.983357293265207,0.0954554837517675,2.162818625228939,0.4292858909151353,13.353442876225904,14.185119109839707,43.999000549316406,38.880001068115234,1120300.0,False,False,False,0.0891445305897496,0.4052241516320697,0.5583513852708074,0.725751135076939,0.8963564342846686,0.2064528981385611,0.7542020271326798,False,False,0.4631836911796629,1.4637024951731117,1.3996550320223995,2.4212399116115395,1.4721564938952976,2.3577553472832453,0.4951630157785776,1.262512540866998,1.491535023182209,83.0,97.0,97.0,99.0,99.0,97.0,97.0,95.0,98.0,98.0,97.0,34.61538461538461,ICHR
2026-03-09,124.27999877929688,124.8000030517578,121.19000244140624,124.25,1592700.0,-0.0027283257887303,126.41264537636307,127.0733046313386,124.73120056152344,128.92433369954426,134.47120056152343,126.83700050354004,111.27960052490236,112.6500015258789,153.47999572753906,112.6500015258789,155.52999877929688,94.0,155.52999877929688,88.0,155.52999877929688,88.0,155.52999877929688,68.69999694824219,155.52999877929688,2272490.0,2084958.0,2030373.4126984128,275364089.83421326,-1,False,129,129,839738448.223114,129,0.0352907806339766,4.74000004359654,0.0381396853086077,-1.9870967494359992,-0.071730794126148,5.962496861767011,4.887152807123708,127.75,124.05999755859376,1477700.0,False,True,True,0.0290473177165248,0.1305921780411437,0.177904676521772,0.7340570275855667,1.0139724637138974,-0.0757872447012464,0.7990741320306639,False,False,-0.0698301159227136,0.9304996962897611,-0.029290010433136,0.97944151887469,0.2562417709079381,1.1981081133629117,0.4681629833320491,1.2397137696241127,1.119247319624723,58.0,27.0,27.0,44.0,44.0,82.0,82.0,56.0,44.0,72.0,76.0,50.0,ILMN
2026-03-09,39.4900016784668,40.59999847412109,39.130001068115234,40.5,1113600.0,-0.0321077838992658,40.02922700428756,39.01213010331321,38.06600051879883,37.49800033569336,36.87740036010742,35.9619001197815,32.27305006027222,33.709999084472656,43.15999984741211,33.29999923706055,43.15999984741211,31.270000457763672,43.15999984741211,30.739999771118164,43.15999984741211,24.200000762939453,43.15999984741211,20.479999542236328,43.15999984741211,1101882.5,1103748.0,1118159.9206349207,43684063.34543228,-1,False,95,95,178570421.7437744,95,0.0411203343036565,1.6800000326974052,0.0425424148212553,1.665293187563704,-0.7797604363676233,5.394926409086036,3.184920505412624,40.97999954223633,39.77000045776367,794800.0,False,False,True,0.0372245465567408,0.1808052440155188,0.1997973931196542,0.904942958426082,1.1975016036269148,0.0708455935843457,0.9149676046821078,False,False,0.084592195659501,1.0849767617025503,0.0899807390952354,1.099785107929044,0.3260577826707582,1.2646933297382752,0.6072446955213249,1.357154078133067,0.9854426720771052,42.0,78.0,78.0,74.0,74.0,85.0,85.0,72.0,63.0,66.0,65.0,73.07692307692307,IMAX
2026-03-09,32.599998474121094,32.959999084472656,31.6200008392334,32.119998931884766,2782700.0,0.0102261546847306,32.55575010648363,33.05210882924095,33.55040016174316,33.736666933695474,34.149900093078614,32.6911499786377,25.892099952697755,30.32999992370605,36.02999877929688,30.32999992370605,37.65999984741211,24.280000686645508,38.0,22.21999931335449,38.0,20.665000915527344,38.0,8.640000343322754,38.0,1862582.5,1803492.0,2094789.2857142857,64730104.10079956,1,False,221,221,486791738.3857727,221,0.0391988163255725,1.4207136971609933,0.0435801767993578,-1.0414195031377027,0.2322762263901978,6.072439893116859,5.940698438150907,32.349998474121094,31.232999801635746,2023400.0,False,False,True,0.0411042425754403,0.1549080178153391,0.1607361968215379,0.9637407185099094,1.2610480113025175,-0.0453852460690404,0.8578946966873972,False,False,-0.0537010812147369,0.9466344499021158,-0.0578034707572571,0.9506715801819898,0.3050439980593604,1.2446519759014416,2.2962585786087484,2.7833538881824955,0.8891502895790746,32.0,32.0,32.0,39.0,39.0,84.0,84.0,45.0,34.0,74.0,80.0,23.07692307692308,INDV
2026-03-09,45.58000183105469,45.7599983215332,41.63999938964844,42.7400016784668,82937400.0,0.0497467469644954,45.17933308401028,45.56894661934033,46.46480026245117,46.3983336130778,45.21640029907226,41.61520011901855,33.04425003051758,41.63999938964844,51.4900016784668,34.95000076293945,54.59999847412109,32.88999938964844,54.59999847412109,24.450000762939453,54.59999847412109,19.350000381469727,54.59999847412109,17.670000076293945,54.59999847412109,115747615.0,107207548.0,102319843.25396824,3708137728.1302834,1,False,172,172,16015867400.115969,172,0.0524283737318236,2.359285627092634,0.0517614201911944,0.1553543920372706,0.915532921196644,4.6043093663808765,5.928485405228323,45.18000030517578,43.27999877929688,74698300.0,False,False,True,0.0903904950937873,0.1169372886559042,0.2101799351953429,0.5563675169431459,0.7485215499938493,0.0080413639647887,0.8347985916640339,False,False,-0.0551409567757016,0.9451940638015685,0.125432143976659,1.1355553979399633,0.8611679157632592,1.775040785815515,1.1966265942676957,1.854826927631568,1.1312333103629044,59.0,31.0,31.0,79.0,79.0,95.0,95.0,53.0,79.0,78.0,91.0,46.15384615384615,INTC
2026-03-09,5.409999847412109,5.630000114440918,5.010000228881836,5.019999980926514,27551200.0,0.0545808434161616,4.285295909739122,3.741776744552201,3.263999967575073,3.1799999793370564,2.934999985694885,2.609099999666214,2.418450002670288,2.25,5.630000114440918,2.0799999237060547,5.630000114440918,1.7599999904632568,5.630000114440918,1.7599999904632568,5.630000114440918,1.7599999904632568,5.630000114440918,1.6399999856948853,5.630000114440918,15828220.0,14811702.0,14466822.61904762,75187118.5506177,1,False,304,304,437974770.156312,229,0.0957092412415661,0.434999976839338,0.0804066523305766,10.487575360712436,0.6436775813314719,11.319593371896396,4.767350373848204,5.349999904632568,4.380000114440918,44562800.0,False,False,False,0.1146025698791213,0.4473198049074918,0.5859519714793199,0.7634069457572926,2.058155774400538,0.8432708258195265,0.9609235768105032,False,False,1.2923729185981352,2.293185729888892,1.4590907864334195,2.4812102902019237,1.1726906934504884,2.072147581726835,0.4426666259765626,1.2181846985007436,1.0941047952824077,55.0,99.0,99.0,99.0,99.0,96.0,96.0,99.0,98.0,98.0,98.0,100.0,IOVA
2026-03-09,24.01736640930176,24.235345129125232,23.19498965700935,23.531867062992315,1635300.0,0.0095792845386171,23.604266968533,22.84349208152303,22.125701751708984,21.87126038869222,20.57963329315185,18.88217281341553,21.629714050292968,18.270638083712445,24.62176470390973,16.150291422014664,24.62176470390973,15.382078604271596,24.62176470390973,15.382078604271596,24.62176470390973,15.382078604271596,24.764412055738124,15.382078604271596,32.492937042174844,2356857.5,2173000.0,2113973.8095238097,52730010.38232803,1,False,80,80,318385614.2177582,80,0.0544803260262098,1.019124073725855,0.0424327986823382,3.9367047937404633,0.2236098683431488,5.935358689718695,4.251124691330157,23.888562136598544,23.185082153985547,1122600.0,False,False,True,0.0433168006177795,0.1113861413453751,0.2644389277309578,0.4212168847496624,0.8814680165669582,0.167045401984585,0.7391565243279777,False,False,0.2671198049491468,1.2675690901748833,0.3931410686191858,1.4056723624158145,-0.0189698043801006,0.9356321880434764,-0.1786015958930135,0.6935871040745328,1.1148943706785572,58.0,93.0,93.0,93.0,93.0,48.0,48.0,88.0,90.0,87.0,84.0,92.3076923076923,IRDM
2026-03-09,105.55194091796876,106.06423754440677,101.00041711989044,102.6752237631722,1292200.0,0.0186347769553543,105.91705020199544,104.00972491364334,102.37139282226562,100.5127560933431,95.04718658447266,92.8250065612793,93.90686534881593,85.80897984643745,113.5318752315857,76.61726869960219,113.5318752315857,76.61726869960219,113.5318752315857,76.61726869960219,113.5318752315857,76.61726869960219,113.5318752315857,69.40623471661402,113.5318752315857,2017927.5,1961458.0,1792684.5238095238,227010816.98856357,1,False,110,110,612402050.1487732,25,0.0337642519801444,3.4917514516010093,0.0330808834137372,3.3409466099457408,0.5530044180569674,3.691567098112487,2.2029314517659486,105.02979129781012,103.33528451412958,878900.0,False,False,True,0.0479746784424527,0.1187231423952143,0.1887249680445391,0.6290802092873884,0.8626644057634678,0.1105214652951358,0.9297119483198948,False,False,0.204496970801868,1.2049240517229554,0.2732239828655165,1.284676623346509,0.1840788517256817,1.1292845947071626,0.3407938911707795,1.1321635731067712,1.1256456298913242,59.0,89.0,89.0,89.0,89.0,77.0,77.0,81.0,84.0,77.0,74.0,61.53846153846154,IRM
2026-03-09,217.0559539794922,217.43523756175216,206.04643431827876,211.24676055116612,1125200.0,0.0190730641003993,223.75676019937396,222.81869918290704,224.4569885253906,220.94906056722004,213.53613677978515,193.87257766723636,167.62248558044433,199.0104249341552,235.56150038351572,188.77002942243797,235.56150038351572,157.212063995831,235.56150038351572,129.28134447674842,235.56150038351572,129.28134447674842,235.56150038351572,121.22684528349583,235.56150038351572,1108092.5,1022702.0,1218036.9047619049,222376568.66470337,1,False,144,144,1096111990.2038574,144,0.0370257394049862,8.353023684670898,0.0384832736975282,0.4283282494396325,0.4863435228010857,14.014016242078526,14.12800918376934,220.18013417434292,211.07708425409243,1605900.0,False,False,False,0.0524694348838247,0.1359790667987189,0.1359790667987189,1.0,0.8689823624085999,0.0164834732555685,0.9214407007346496,False,False,-0.0326512148592609,0.9676917799511748,0.1618605183775976,1.1723114453041317,0.5199611530479726,1.4496236565570124,0.3549534695432681,1.1441198916352542,0.9097363927709594,34.0,39.0,39.0,82.0,82.0,90.0,90.0,52.0,56.0,78.0,88.0,23.07692307692308,JBHT
2026-03-09,247.4041290283203,247.96400013671348,234.90695158974597,234.90695158974597,1429500.0,0.0264216639792582,254.5646545906586,255.4107974636165,256.7707775878906,254.24789072672527,247.06287353515623,229.90929794311523,218.7037149810791,227.16727183887105,281.30645754169177,206.6483430024449,281.30645754169177,189.4976236113212,281.30645754169177,189.4976236113212,281.30645754169177,189.4976236113212,281.30645754169177,108.4663126401925,281.30645754169177,1122055.0,1084736.0,1361332.5396825396,295559447.1913147,1,False,265,265,1218379447.3937988,265,0.0424349749470374,11.896593393041778,0.0480856703554853,0.0287247652235045,0.5353264233390161,5.116767975955029,3.951293523342279,250.16351194449123,240.27574530564024,1123800.0,False,False,False,0.0527761949578169,0.1875453984304137,0.1875453984304137,1.0,1.0993458316124844,0.0013812495915761,0.8794825799249671,False,False,0.0236024412604685,1.02396538204325,0.1317564659948715,1.1419366071888086,0.1786574441752733,1.124114067407074,0.7927373573409082,1.5137836959838518,0.8242328507490618,26.0,65.0,65.0,80.0,80.0,77.0,77.0,51.0,65.0,71.0,67.0,26.923076923076923,JBL
2026-03-09,19.496870040893555,19.566183139718987,18.78393099322555,19.29883099684349,20104700.0,-0.0085598486706744,20.31847625822364,20.702851727305493,21.23966728210449,21.20364437103272,21.0229606628418,19.499156684875487,18.3375993347168,18.78393099322555,22.89429098996079,18.78393099322555,22.89429098996079,16.397437503985728,22.89429098996079,15.970772725359437,22.89429098996079,15.970772725359437,22.89429098996079,12.053443828196198,22.89429098996079,16769550.0,15790280.0,19468902.38095238,357773631.51971817,-1,False,353,353,989108406.321907,182,0.0335513828687923,0.7686259601613686,0.0394230437269787,-1.841349779558142,-0.2190026813625891,6.851022652700276,5.704811018327555,19.72461214043772,19.130496941478,20056800.0,False,False,False,0.0401219346927331,0.1464513104183985,0.2108215312567606,0.6946696077263319,1.045050499421163,-0.0725916128761833,0.8516040112114843,False,False,-0.1240109427771731,0.8762996584302106,0.0405521108488968,1.049911869530531,0.0615795536494665,1.0124540559484487,0.2926065179545911,1.0914742553836487,0.8613505616221425,29.0,15.0,15.0,65.0,65.0,64.0,64.0,23.0,16.0,53.0,56.0,0.0,KEY
2026-03-09,282.0199890136719,282.739990234375,264.70001220703125,267.92999267578125,1785400.0,0.035201690693813,284.2632223592548,271.1126178546614,258.85759887695315,252.08733266194665,235.17639984130855,210.76099990844727,188.14769989013672,212.4250030517578,317.0,196.38999938964844,317.0,165.05999755859375,317.0,158.7899932861328,317.0,152.8459930419922,317.0,121.43000030517578,317.0,1532510.0,1381006.0,1121633.7301587302,554908137.54776,1,False,13,13,1853529255.545044,13,0.0429697457539215,16.356428963797434,0.0579974101162187,3.4343758786190244,0.5863135748711825,16.04810902378163,11.730033845034866,282.54998779296875,270.6099853515625,1695700.0,False,False,True,0.063967019112497,0.1854478045186837,0.3143393991558051,0.5899604218138905,1.9180510439491207,0.1991849063255166,0.8896529621882393,False,False,0.2731129630477902,1.2735643732796853,0.348926097162874,1.361059677612298,0.679690287466872,1.601961189283221,0.825135783172732,1.5411408593736424,1.3663194666793088,77.0,93.0,93.0,92.0,92.0,93.0,93.0,89.0,88.0,91.0,90.0,69.23076923076923,KEYS
2026-03-09,32.434932708740234,32.484801154826314,30.56982352878809,31.377704150010054,12518800.0,-0.0009216885512862,33.8678702853714,34.07090204644769,33.902686309814456,34.30203863779704,33.28051761627197,29.539827976226807,24.074822072982787,30.56982352878809,39.00769696468653,26.42070769612065,39.00769696468653,22.181824285057733,39.00769696468653,21.882610047759663,39.00769696468653,16.28159360385753,39.00769696468653,10.35535596023928,39.00769696468653,12603887.5,11390090.0,16012840.07936508,400333111.4956665,-1,False,339,339,748454889.2942429,160,0.0452826277833722,1.7247625826556574,0.053176080189335,-0.4778051537261896,-0.0173487560853101,6.998303672110345,8.817364629069909,32.7241772186916,31.57718385814691,10574000.0,False,False,False,0.0590405919208889,0.2192497934744216,0.2192497934744216,1.0,0.9463287823011056,-0.0254078051694214,0.8315008378501151,False,False,0.040639871969796,1.0410088537487583,0.1894658427843381,1.2001650794034686,0.4708275246361126,1.4027637286335348,1.9297494829079889,2.47387437004241,0.7871113080209912,23.0,69.0,69.0,85.0,85.0,89.0,89.0,38.0,70.0,82.0,80.0,19.230769230769237,KGC
2026-03-09,55.51734924316406,55.57695055346008,54.09688355650709,55.00081592171948,1100400.0,0.0106690974232748,54.693215412762925,52.14970089843444,50.84979598999024,49.1223019917806,44.12004173278809,39.36174465179443,36.11879091262817,39.49332286552512,58.109949142782085,34.614441052469964,58.109949142782085,32.01762170540571,58.109949142782085,31.669871793731875,58.109949142782085,29.176462121428337,58.109949142782085,27.62846754347588,58.109949142782085,1698812.5,1598000.0,1477945.238095238,96713335.94621658,1,False,216,216,218831887.6403809,32,0.0383429914244219,2.054496075200574,0.0370063791446877,6.980551853880964,0.2852608027736511,14.571039776743842,11.090848662620768,56.52061618830014,54.73261480169384,1302900.0,False,False,True,0.0266595400740469,0.1559313477115871,0.1708713555499916,0.9125657557387754,1.1393617021276596,0.2583249485438721,0.955384578065148,False,False,0.1929924194141101,1.1934154211432009,0.5514148126527985,1.5653697776277833,0.6194919370588166,1.5445485687947085,0.7046314639890199,1.4393872628811202,1.1494421147764673,61.0,89.0,89.0,96.0,96.0,92.0,92.0,92.0,93.0,91.0,89.0,84.61538461538461,KGS
2026-03-09,142.7278289794922,143.33904834416768,131.93360783031022,132.1243586228614,11207000.0,0.0628834266945033,144.88525474828313,145.79244309430433,144.83840209960937,146.96167805989583,143.67027938842773,130.7084262084961,111.04332389831544,128.17364246658587,168.89968003753953,116.63838666940237,168.89968003753953,106.92042372318416,168.89968003753953,97.0924245321256,168.89968003753953,82.87100394695247,168.89968003753953,54.64838143807796,168.89968003753953,11822925.0,10923920.0,10920980.15873016,1394788092.7444458,1,False,334,334,2678884667.6101685,80,0.0403235935035051,6.816727346227024,0.047760323932388,-0.1373486221975248,1.2387489536106018,9.045602985677377,8.413171021673866,141.68616976546613,133.03020995554144,11179000.0,False,False,True,0.0799104182793689,0.179364631083503,0.179364631083503,1.0,0.9130879757449708,-0.0065598146878209,0.8450449932632768,False,False,0.0750749401220349,1.075456131612587,0.1844885844410595,1.195143050657532,0.5836632204562495,1.5103778565584076,1.0804404288409497,1.7567195711904844,1.0825882684668036,54.0,76.0,76.0,84.0,84.0,91.0,91.0,59.0,70.0,74.0,80.0,38.46153846153847,KLAC
2026-03-09,38.013797760009766,38.09336417335058,35.61680027505016,36.104154516318005,973400.0,0.0279720402354874,39.21297360009357,38.7687223159253,39.07504211425781,38.25242703755696,35.32887634277344,30.479256992340087,26.095079641342164,33.58115303424784,41.80323952378294,27.53396927892964,41.80323952378294,21.31332275381819,41.80323952378294,19.9873786599292,41.80323952378294,17.135775026179502,41.80323952378294,16.671055624201333,41.80323952378294,1625355.0,1429190.0,1088147.2222222222,70571074.31306839,1,False,215,215,146649467.26112366,33,0.0406831011620165,1.6396773373608942,0.0431337417985061,1.7619136504636117,0.6308494191390653,19.3009118227686,18.90719347908693,39.048184358947246,36.6511868457006,2007700.0,False,False,True,0.0651490786039206,0.1627419414337199,0.1627419414337199,1.0,1.1654433630238108,0.0759979284703609,0.9093505238603036,False,False,0.0033619625403469,1.0037177266157522,0.3751770274485781,1.387546734825314,0.7632558631272697,1.681659696780073,0.7914589608552185,1.5127042206501584,1.4936903452096195,83.0,57.0,57.0,93.0,93.0,94.0,94.0,64.0,85.0,92.0,92.0,30.76923076923077,KMT
2026-03-09,44.60628890991211,45.10770621581778,43.8984111699346,44.83241688592428,1353700.0,-0.0046073193248376,44.56748368190067,43.42527363228191,42.709800262451175,42.06760228474935,39.51464714050293,36.91614686965942,38.33533465385437,37.51520242954219,47.5557886546944,32.16690225938443,47.5557886546944,30.19140049339063,47.5557886546944,30.19140049339063,47.5557886546944,30.19140049339063,47.5557886546944,30.19140049339063,50.06150218015756,1529995.0,1394528.0,1242746.825396825,81693491.26050949,-1,False,192,192,198028075.56152344,18,0.0430077448369927,2.185439692496901,0.0489939814744657,2.6300075717641924,-0.0944737461818477,6.376897394500282,2.81003763831732,45.38299051895362,44.29167450200953,974300.0,False,True,True,0.0271104159399025,0.1278377763643668,0.1787524982042242,0.7151663761270207,1.406138851281581,0.1288545422487195,0.8910297727260832,False,False,0.1339665089546173,1.1343685817475475,0.2510408337197387,1.2622939369352368,0.125177064779079,1.0731085381019967,-0.0435096109800883,0.8076584951692155,1.231139737179737,68.0,84.0,84.0,88.0,88.0,72.0,72.0,75.0,85.0,83.0,80.0,80.76923076923077,KNTK
2026-03-09,57.60300064086914,57.732670798617285,54.07201059747868,55.70783546142576,3770900.0,0.0154739205931655,59.74184614376154,59.536950286216936,59.7961149597168,59.031606928507486,57.49105827331543,52.07735851287842,47.46208543777466,54.07201059747868,63.72724284060661,49.21214342373497,63.72724284060661,40.85527333762733,63.72724284060661,38.26962446143795,63.72724284060661,38.26962446143795,63.72724284060661,36.05332938430674,63.72724284060661,3285227.5,3119370.0,3163345.238095238,177191119.27591324,1,False,374,374,436246246.1830139,374,0.0426975104473807,2.765038289056677,0.0480016363434874,0.0405637542006802,0.3174501576684388,9.80917959161734,10.362399121323078,59.3684948612283,56.1367404674271,3520100.0,False,False,False,0.0635498178985727,0.1676168278684699,0.1676168278684699,1.0,0.9284246498491684,0.0019471265778676,0.9038991500847556,False,False,-0.0206231522713272,0.9797241073535276,0.1416736154988911,1.1519429613806085,0.3487690076871257,1.2863535734800944,0.2022193192571728,1.0151514927918357,1.038529547909273,49.0,44.0,44.0,80.0,80.0,85.0,85.0,40.0,60.0,80.0,82.0,23.07692307692308,KNX
2026-03-09,2.559999942779541,2.7699999809265137,2.5,2.690000057220459,31985600.0,-0.0038910469739347,2.3862614603169265,2.143816011334281,1.9443999910354612,1.8683333277702328,1.5463999950885772,1.416900002360344,1.640250007212162,1.25,2.7699999809265137,0.8399999737739563,2.7699999809265137,0.8399999737739563,2.7699999809265137,0.8399999737739563,2.7699999809265137,0.8399999737739563,2.7699999809265137,0.8399999737739563,2.7699999809265137,21100457.5,20911582.0,13074448.412698412,53859575.97096801,-1,False,17,17,106457764.23025133,7,0.1069093830030274,0.2471428598676409,0.0965401817936384,6.789481785053151,-0.0404623887115832,2.606391406994123,-1.0185207662595532,2.680000066757202,2.509999990463257,32752600.0,False,False,False,0.1054687449068295,0.3007812492724042,0.5156249854480844,0.5833333483850122,1.4076046470324437,0.655457805813628,0.9241877113382754,False,False,0.9692307974459868,1.969929031582887,1.3925231937258928,2.41404392248134,0.5609755884813878,1.4887401140700107,0.2018778428335856,1.014863150809965,1.6138698042134163,86.0,99.0,99.0,99.0,99.0,91.0,91.0,98.0,99.0,98.0,98.0,92.3076923076923,KOS
2026-03-09,106.08999633789062,106.81999969482422,99.5,102.11000061035156,2681400.0,0.0552018636545104,95.21603999126305,92.87511551220814,90.32519989013672,93.67333323160808,94.32559997558592,82.9309999847412,68.58820001602173,73.12000274658203,118.37999725341795,63.70000076293945,118.37999725341795,55.369998931884766,118.37999725341795,55.369998931884766,118.37999725341795,44.43000030517578,118.37999725341795,25.024999618530277,118.37999725341795,2256947.5,2146180.0,1540042.4603174604,243570646.5377808,1,False,228,228,554197381.2885284,228,0.0791247257553291,7.242928096226284,0.0682715462931864,1.826839244087936,0.766264050758,5.273918186999441,5.146139488044617,105.62999725341795,97.0,4077700.0,False,False,False,0.0689980200537516,0.2759449763070939,0.3176548035774231,0.8686944859621393,1.2481059370602652,0.1247211400229593,0.8961817773215695,False,False,0.181666270665564,1.1820852564592417,0.5958181555480604,1.6101725282699753,0.6968969219627776,1.6183715721176617,2.767400458549372,3.1811851117183108,1.4655099181711904,82.0,88.0,88.0,96.0,96.0,93.0,93.0,94.0,94.0,94.0,92.0,92.3076923076923,KRMN
2026-03-09,61.0,61.685001373291016,56.41999816894531,56.88999938964844,1716900.0,0.0402455769937843,60.723580384000094,57.792237073438734,55.80719970703125,54.07949981689453,48.92169975280762,41.17579982757568,32.206074953079224,41.5099983215332,69.51699829101562,34.28499984741211,69.51699829101562,28.049999237060547,69.51699829101562,27.21999931335449,69.51699829101562,19.450000762939453,69.51699829101562,6.199999809265137,69.51699829101562,1667287.5,1448108.0,877081.3492063492,123698981.71014786,1,False,33,33,332290221.9848633,7,0.0864389134846841,6.145571572440011,0.1007470749580329,2.4505966611457453,0.3840164551878383,9.86311122670124,8.602866336383057,63.9900016784668,58.220001220703125,2405800.0,False,False,True,0.0863115279400934,0.262573742475666,0.3346556991827292,0.7846086085397729,1.9491985404403536,0.2468904455123557,0.8774832271186203,False,False,0.3234975005001153,1.323966775679109,0.6785910771565034,1.693689991707272,1.1129199247234856,2.01514275621303,5.7853171916613855,5.729507724461786,1.9009496684756664,91.0,95.0,95.0,97.0,97.0,96.0,96.0,94.0,95.0,96.0,95.0,80.76923076923077,LASR
2026-03-09,34.25,34.46799850463867,31.920000076293945,32.56999969482422,4398100.0,0.0814651063306208,32.95708912314033,33.361994704506984,33.81439987182617,33.89533309936523,34.22719985961914,32.4936499786377,28.992799997329712,31.0,37.90999984741211,30.86000061035156,37.90999984741211,24.976999282836918,37.90999984741211,24.976999282836918,37.90999984741211,23.049999237060547,37.90999984741211,17.908000946044922,37.90999984741211,1182752.5,1095542.0,1043786.9047619049,47222417.18260765,1,True,0,0,150634925.0,0,0.0382196370261507,1.4557853426252092,0.0425046815365024,0.0156721790092514,1.772239249952576,4.385478449236598,2.6119744698931644,31.84499931335449,31.0,1560700.0,False,False,False,0.0743941146961963,0.1018978592253079,0.2017518203623973,0.5050653770670994,1.6553176418612887,0.0006661409777712,0.9034555562610492,False,False,-0.0063823966612159,0.9939699123370872,0.1019948546999851,1.111907290416424,0.2298024966200207,1.1728923390037391,0.770941040836393,1.4953789316596573,1.133135982645609,59.0,50.0,50.0,75.0,75.0,80.0,80.0,56.0,46.0,77.0,73.0,73.07692307692307,LAUR
2026-03-09,27.679561614990234,28.00860531620968,25.92466124121261,26.32350180302075,4726700.0,0.0358208916872302,27.357608806526507,26.571020098741982,26.358293533325195,25.77742875417073,23.232618675231933,20.164562673568724,15.906525144577026,20.483823362585383,28.767794533751527,16.503341363656666,28.767794533751527,14.601790417344803,28.767794533751527,10.56975454582566,28.767794533751527,9.793219984559926,28.767794533751527,9.262729139478225,28.767794533751527,4556182.5,4230594.0,4017847.619047619,104872824.39669608,1,False,143,143,410118150.69007874,143,0.0497143318166659,1.27065866577195,0.0459060256606017,4.169593313018834,0.7533243946237024,13.014745855245696,11.534901332179968,27.64466430196722,26.36338787560045,4036400.0,False,False,True,0.0752881893139694,0.1027159798296508,0.1919205575040277,0.5352005077803883,0.8363648225284677,0.1914094576217162,0.9621718335938289,False,False,0.1741174233766653,1.1745337325603296,0.4158649368966172,1.4286006317234032,1.6699775080377717,2.5464220255664234,0.8676705953818078,1.5770571663386177,1.1339858879665492,59.0,87.0,87.0,94.0,94.0,98.0,98.0,90.0,94.0,94.0,96.0,92.3076923076923,LBRT
2026-03-09,50.43999862670898,50.459999084472656,46.959999084472656,49.0,1182200.0,0.0005950958021756,53.05176255246309,52.33868319170635,51.449599609375,51.23499959309896,49.06599975585937,44.82414985656738,42.401106459195496,43.88999938964844,58.09999847412109,40.04999923706055,58.09999847412109,33.0099983215332,58.09999847412109,28.309999465942383,58.09999847412109,26.959999084472656,58.09999847412109,0.0,0.0,1027760.0,1092840.0,0.0,52738986.56932831,1,False,178,178,365358922.6272583,80,0.0729080171242797,3.720357077462333,0.0737580725367492,0.379661154793238,0.008063413987492,6.117713102896881,6.136373959066029,54.06999969482422,50.25,807200.0,False,False,False,0.0693893754022959,0.2208564570370465,0.2589214495275228,0.8529863301787591,0.8323359320669083,0.0280030749946256,0.0,False,False,0.1352689237058835,1.13567145829864,0.0456052419505659,1.0550104535097689,0.0,0.0,0.0,0.0,0.0,0.0,84.0,84.0,66.0,66.0,0.0,0.0,68.0,75.0,85.0,90.0,46.15384615384615,LGN
2026-03-09,640.6900024414062,641.02001953125,573.6599731445312,578.0,7822700.0,0.1472852941057532,651.430709015175,621.4841371325987,608.3952026367188,569.0423360188802,486.335400390625,373.9832002258301,245.4257249450684,327.2900085449219,783.7999877929688,309.07000732421875,783.7999877929688,184.1999969482422,783.7999877929688,144.52000427246094,783.7999877929688,106.16000366210938,783.7999877929688,45.650001525878906,783.7999877929688,5549427.5,5106720.0,3661452.777777778,3673348674.277039,1,False,33,33,6246649862.658691,10,0.0932412028754332,65.57571411132812,0.1023517049765815,3.100906117567078,1.2542753230313874,16.219006553364263,15.054723236058363,642.0,548.239990234375,8754300.0,True,False,True,0.1051367215502619,0.3676661047635696,0.3992414070028146,0.9209117549297128,1.3304978538083154,0.3173830281053025,0.8174151727731804,False,False,0.2701518286074003,1.2706021889038823,0.9542168385353462,1.9717950048083976,3.2866986060556744,4.088327978255999,9.487641198905209,8.855742416044407,1.5156354149043754,84.0,93.0,93.0,98.0,98.0,99.0,99.0,98.0,97.0,98.0,99.0,61.53846153846154,LITE
2026-03-09,30.676172256469727,30.725112435196397,29.70714215548619,30.382527450213438,1748800.0,-0.0041309328754057,31.51240192714428,31.958263311789477,32.51556770324707,32.48339716593424,32.10720470428467,30.715706329345704,31.84400608062744,29.70714215548619,36.34353367199645,27.827810680852156,36.34353367199645,27.534164843518525,36.34353367199645,27.534164843518525,36.34353367199645,27.534164843518525,36.34353367199645,27.534164843518525,42.40688055232081,2505255.0,2549140.0,3100715.873015873,67975490.65793991,-1,False,80,80,1794134724.9404907,80,0.035404660748382,1.168290445400628,0.0380846226717295,-1.170300329099872,-0.1089171423000193,2.9760295264028,1.0246195905913122,30.87193797993297,29.9224827910695,1518500.0,False,False,False,0.0331843970362212,0.1183791861903038,0.1553925633276351,0.7618072812191732,0.6979412664663377,-0.0445704464463695,0.7233772410734632,False,False,-0.0876273015597838,0.9126962002686728,0.0855559756086612,1.0953205437270364,-0.0222086025634276,0.932543268003678,-0.241596072991328,0.6403946986293202,0.8079601945480076,25.0,22.0,22.0,73.0,73.0,47.0,47.0,19.0,44.0,36.0,33.0,3.8461538461538463,LKQ
2026-03-09,55.09999847412109,56.20000076293945,52.70000076293945,53.9900016784668,2004700.0,-0.0005442153711745,55.3843677662404,59.54129079496745,62.18879989624023,66.7473331451416,72.15080009460449,70.59470001220703,58.48974997520447,48.290000915527344,94.28500366210938,48.290000915527344,99.9000015258789,48.290000915527344,99.9000015258789,47.04399871826172,99.9000015258789,36.125,99.9000015258789,24.309999465942383,99.9000015258789,2895295.0,2668124.0,2504105.9523809524,182223524.45457456,-1,False,124,124,1050604656.7962646,124,0.0825409150215361,4.8244282858712335,0.0875576845639502,-2.6990403790755,-0.0062188910719236,2.9591911812039093,1.9713247714509023,56.83000183105469,52.790000915527344,1980100.0,False,False,True,0.063520872902453,0.154990946497727,0.5088929526685366,0.3045649299818053,0.9889083116077064,-0.2363217261364573,0.5515515278530556,False,False,-0.1951504643443931,0.8051349127793,-0.2825521317103652,0.7239013066555091,0.0965173825695739,1.0457751070883203,0.5929458869921029,1.3450801939498112,1.1562190478590162,62.0,7.0,7.0,16.0,16.0,69.0,69.0,67.0,54.0,43.0,46.0,34.61538461538461,LMND
2026-03-09,35.869998931884766,36.560001373291016,34.91999816894531,35.5,1603400.0,-0.0044407397400203,34.217685567752355,35.053610665853924,36.77200027465821,37.71166687011719,37.01020027160644,32.90060010910034,26.45265009880066,29.1200008392334,46.66999816894531,29.1200008392334,46.66999816894531,22.049999237060547,46.66999816894531,21.149999618530277,46.66999816894531,17.81999969482422,46.66999816894531,11.260000228881836,46.66999816894531,2183237.5,2007178.0,2149965.873015873,68956912.55095482,-1,False,272,272,286349276.8737793,59,0.0784500080195882,2.410000392368861,0.0671870773385113,-0.4585369756998394,-0.0663899673704371,4.596821865380658,3.4682266660495418,37.84000015258789,34.209999084472656,2307100.0,True,True,True,0.0457207486250552,0.2431000717316248,0.4061889663042154,0.5984900918001669,1.0560249265386528,-0.0308077592489122,0.7685879652712956,False,False,-0.1369105450767138,0.8633954822926568,0.0574882331427935,1.067000332121488,0.243327502862841,1.185791464067138,1.4138627025988395,2.038260645696346,1.0154754209830572,46.0,13.0,13.0,69.0,69.0,81.0,81.0,81.0,71.0,89.0,88.0,50.0,LQDA
2026-03-09,211.00135803222656,211.3511177542068,193.94338213112016,194.8627326811836,13421000.0,0.0592986338769558,220.8583675761316,225.1295947760269,229.31976440429688,230.4429194132487,219.28853393554687,187.40897048950197,145.66917682647704,193.94338213112016,256.1923611298856,153.30820936010565,256.1923611298856,135.02030729373357,256.1923611298856,118.01682724828942,256.1923611298856,93.59201479862544,256.1923611298856,55.87099008158306,256.1923611298856,12000432.5,11623756.0,11572937.698412698,2307212068.5219574,1,False,80,80,6614533802.285767,80,0.0451828408976366,11.8793761787051,0.0562999986800594,-0.6712468312228067,0.99430103464222,9.026350199786936,11.078150894022766,211.0913015340687,198.31029660994795,13597800.0,False,False,False,0.0825005857091589,0.2950169590342543,0.2950169590342543,1.0,0.9568525010332288,-0.037791195711838,0.8236051890916924,False,False,-0.008940131983786,0.9914112701131436,0.3457443205639203,1.3578492809559397,1.0608951494870449,1.9655254717458752,1.7814445054131642,2.348645955492098,1.0369391776511452,48.0,48.0,48.0,92.0,92.0,96.0,96.0,51.0,84.0,87.0,90.0,7.6923076923076925,LRCX
2026-03-09,90.62999725341795,90.81999969482422,83.18000030517578,83.80999755859375,2010400.0,0.0601239854730042,92.73496787392624,92.78235121136711,93.04960052490236,91.44500020345052,87.49280044555664,79.01370018005372,68.79515012741089,78.69000244140625,108.08000183105467,71.2699966430664,108.08000183105467,60.5,108.08000183105467,60.5,108.08000183105467,48.34000015258789,108.08000183105467,34.689998626708984,108.08000183105467,2107140.0,1968590.0,2388426.984126984,224139763.47812653,1,False,171,171,1006756975.4821776,171,0.0543956808611361,5.114286150251116,0.0564303906569768,0.6354134304644856,1.0050277279451911,4.925074174842384,4.565460972660596,89.88999938964844,84.62999725341797,1570600.0,False,False,True,0.0842987931279045,0.2004854763278729,0.2747434875922369,0.7297187572483074,0.9228686521825266,0.0358566281098007,0.8385454822168332,False,False,0.1135274349804789,1.1139222606497132,0.1951733491360965,1.2059239247334188,0.3708969356631202,1.307457512748718,0.4862249579166573,1.2549652633978632,0.8822291885008995,31.0,82.0,82.0,85.0,85.0,86.0,86.0,69.0,76.0,84.0,81.0,38.46153846153847,LSCC
2026-03-09,48.63579559326172,48.79538788492617,45.45392261352276,45.962625659127205,1950900.0,0.0143540982004928,52.04017697278007,55.02933203928758,58.2827587890625,59.48542073567708,58.58339134216308,52.978804397583005,47.9494980430603,45.45392261352276,70.24061739123731,45.45392261352276,70.24061739123731,42.89046896771537,70.24061739123731,41.30451781706083,70.24061739123731,41.30451781706083,70.24061739123731,25.38434446895221,70.24061739123731,1671725.0,1466506.0,1097981.349206349,117986433.98208618,1,False,165,165,359760721.0708618,164,0.0349585418987246,2.50951877377365,0.0515981848998751,-3.2908583912897225,0.2742533242466486,6.703892193815638,7.349188279656041,48.80536167137896,46.51122118683942,1627600.0,False,False,False,0.0687038266906928,0.2823625527227157,0.432526671689694,0.6528211349826077,1.1793405550335287,-0.1698023197530727,0.6924169718264629,False,False,-0.2425042596421674,0.7577643271507876,-0.0550387209652054,0.953461198878346,-0.0313865362416899,0.923790051020704,0.5573582551396798,1.315030071629172,1.5225440770996417,84.0,5.0,5.0,40.0,40.0,46.0,46.0,43.0,32.0,41.0,47.0,7.6923076923076925,LTM
2026-03-09,6.630000114440918,6.75,6.269999980926514,6.5,12035900.0,0.0015106086185363,6.97644974172647,7.295086071602154,7.478400020599365,7.72633334795634,7.865000009536743,8.211399998664856,6.492499995231628,6.090000152587891,9.720000267028809,6.090000152587891,9.720000267028809,6.090000152587891,11.949999809265137,5.449999809265137,11.949999809265137,3.609999895095825,11.949999809265137,3.009999990463257,11.949999809265137,14407540.0,13223530.0,14484686.904761905,93621474.3874526,1,False,131,131,679210400.0,131,0.0632465319955772,0.442857129233224,0.0667959459410308,-2.3508130268647087,0.0225811626859222,2.7269306153493558,4.256440676650317,6.789999961853027,6.550000190734863,9246600.0,False,False,False,0.0723981916724239,0.2669683183068498,0.337858251778358,0.790178475445337,0.9978833185994964,-0.1570247798599262,0.5548117339132099,False,False,0.0642054725750898,1.0645828100566035,-0.24487467926183,0.7619176675152428,0.3957894977770353,1.33119815035665,0.3180914190644797,1.112993652877062,0.994673899044615,44.0,74.0,74.0,18.0,18.0,87.0,87.0,51.0,39.0,29.0,55.0,7.6923076923076925,LUMN
2026-03-09,18.07999992370605,18.100000381469727,16.719999313354492,17.25,9304000.0,0.0255247183415001,17.800823259305435,17.791413185183487,17.548000144958497,18.006666787465413,18.21880006790161,14.65585005760193,12.59897500038147,14.539999961853027,23.315000534057617,10.154999732971191,23.315000534057617,7.78000020980835,23.315000534057617,7.78000020980835,23.315000534057617,7.78000020980835,23.315000534057617,6.135000228881836,23.315000534057617,10940087.5,11100988.0,8937042.857142856,172626424.46119308,1,False,367,367,658640339.5009041,80,0.1028893219421533,1.9057856968470983,0.1054085013766111,-0.0722760664434683,0.236123486331085,4.099939397463992,5.133968818529217,19.149999618530277,17.204999923706055,11537500.0,False,False,True,0.0763274930275752,0.2057521752794323,0.2826327255663944,0.72798425896048,1.0505884701433783,-0.0076185118492023,0.7754664168802191,False,False,0.2224475977240521,1.2228810434351438,0.585964958658217,1.600230701945652,1.1295642415930067,2.0310168431480182,0.6056837971753286,1.3558360588160816,1.2241283470243434,67.0,90.0,90.0,96.0,96.0,96.0,96.0,83.0,95.0,97.0,95.0,69.23076923076923,LUNR
2026-03-09,42.65864562988281,42.73795703721536,38.484979254297,40.33883991027062,14823200.0,0.0353705441934129,46.02287949170742,47.40576778709491,49.86590301513672,48.83322601318359,46.114360656738285,40.22890329360962,36.102158832550046,38.484979254297,54.63439178085808,37.5974149688021,54.63439178085808,28.881604907186716,54.63439178085808,28.881604907186716,54.63439178085808,28.445567109315824,54.63439178085808,23.24686867208138,54.63439178085808,10996040.0,10109218.0,11185524.206349207,530834054.975338,1,False,228,228,1660506822.1206665,39,0.0447611610841602,2.238372025299661,0.0524717086594905,-1.4281588751833951,0.651059574157499,8.694918445241395,9.888791375031037,42.62890330669807,40.12073881068154,14084100.0,False,False,False,0.0996979093011595,0.2981640681732207,0.3785730251887851,0.7875998772615496,1.1345773728492154,-0.0749379364180888,0.7808020596438462,False,False,-0.1805369700473789,0.8197535886124708,0.2068567397850502,1.2177124073964267,0.3767933531019904,1.3130810684502443,0.4889805835616805,1.2572921079613404,0.983059872487545,42.0,9.0,9.0,86.0,86.0,86.0,86.0,57.0,53.0,83.0,80.0,3.8461538461538463,LUV
2026-03-09,66.12823486328125,68.54297678559811,66.01937305200238,67.97887810461212,17039200.0,-0.0043213361059359,61.08039823710211,58.16526641771949,56.69837066650391,55.41991399129232,51.78744728088379,47.47824871063232,49.91048463821412,45.7794593536314,68.54297678559811,41.07635944824873,68.54297678559811,39.51898065367848,68.54297678559811,39.51898065367848,68.54297678559811,39.51898065367848,68.54297678559811,39.51898065367848,71.02096016108906,7523372.5,7009800.0,5166185.714285715,475113299.8309898,-1,False,38,38,1148729509.6954346,4,0.0454942588258546,2.8811353295347457,0.0435689132711833,6.355822663322324,-0.0996143987179208,9.69772871029122,3.662905030290097,68.16690999753241,63.91143072003442,13284600.0,False,False,False,0.0381622727237954,0.229345267683584,0.2425048776635028,0.945734658590336,1.4195911438272133,0.276916286385312,0.931108713727466,False,False,0.2552206971897153,1.2556657633248065,0.5669901504932888,1.5810852155190562,0.2631990083938209,1.2047433987605658,-0.021304420827943,0.8264085115510891,1.456272173723084,81.0,92.0,92.0,96.0,96.0,82.0,82.0,94.0,93.0,90.0,88.0,96.15384615384616,LYB
2026-03-09,17.644392013549805,17.791591798789725,16.73175072461674,17.664019150714278,12336000.0,-0.0158729601482902,18.90577094087534,19.66218515633367,20.39997756958008,20.293993441263837,20.83313854217529,20.555138053894044,16.924924058914186,16.73175072461674,22.580502151308103,16.73175072461674,23.7738446429645,16.73175072461674,23.7738446429645,15.982332937302044,23.7738446429645,11.340172150902012,23.7738446429645,9.259755642529298,23.7738446429645,7196005.0,6787188.0,7636786.507936508,152548684.87251282,-1,False,187,187,761272447.5631714,187,0.0449013806283307,1.0381113757041418,0.0588352024205161,-2.601525246724335,-0.274138169968282,2.766060344015738,4.003045144323019,18.566844881839295,17.62476298809286,10216800.0,False,True,False,0.0600667381091448,0.2335927678648461,0.3314793404159169,0.7046978178843676,1.2440645522121974,-0.1530612644931095,0.74217663480742,False,False,-0.16449810374366,0.8357981418493744,-0.1883274008487746,0.8189735882870337,0.0567322545782247,1.0078310697688426,0.4258025332703565,1.203944693693748,0.9422818082607878,37.0,10.0,10.0,23.0,23.0,63.0,63.0,35.0,25.0,18.0,31.0,0.0,M
2026-03-09,18.91823959350586,18.93792603811931,17.628807509767803,18.081586348863745,2412000.0,0.0223404538221632,19.374876022469643,19.27323687901244,19.19935600280762,18.994359143575032,18.68791404724121,17.912520484924315,17.161197423934937,17.343362737492647,20.601393737409087,17.321987969762038,20.601393737409087,15.63465455823866,20.601393737409087,15.63465455823866,20.601393737409087,15.61669099069128,20.601393737409087,11.933619140049936,20.601393737409087,2148155.0,1996298.0,1987116.2698412696,46080886.650476456,1,False,334,334,108050868.41583252,164,0.0380975321899144,0.7515832281726469,0.0397279685806836,0.3102308074172425,0.5500473621204178,3.866190372671163,2.234501919560616,19.311960535547662,18.347345422926512,2515200.0,False,False,True,0.0691987498033852,0.1571280569182396,0.1722163938041485,0.912387336927587,1.0350458699051943,0.0123248397698323,0.9182990158162518,False,False,-0.0077439859784124,0.9926078402384196,0.117316468495358,1.127366722016636,0.0440752193497697,0.9957597496221068,0.1247532310866064,0.9497392890554288,1.08104142299212,54.0,49.0,49.0,77.0,77.0,60.0,60.0,52.0,40.0,57.0,54.0,50.0,MAC
2026-03-09,28.89002799987793,29.566050994285675,28.522193185751263,29.33739671564558,5807500.0,-0.0054756734858428,28.20311247879209,27.36541675186275,27.001875915527343,26.62999464670817,24.8279386138916,23.58484972000122,23.31169765472412,23.502809623813413,29.566050994285675,20.81508166906309,29.566050994285675,20.81508166906309,29.566050994285675,20.81508166906309,29.566050994285675,20.81508166906309,29.566050994285675,18.48815340043204,29.566050994285675,3321552.5,2969998.0,2699176.587301587,94979535.0374508,-1,False,353,353,177085536.03343964,26,0.0331385877076049,0.8693142212629272,0.0300904596307971,5.437258629709818,-0.1829756552266147,6.504454214866622,3.225198350077799,29.516343519485577,28.835348723874716,2853800.0,False,False,False,0.0361321148092628,0.118375801035018,0.1448726470784664,0.8171024925837309,1.0609636774166178,0.1636096112994869,0.9771351610487852,False,False,0.1154865153177198,1.1158820356220218,0.2489064530688822,1.2601403575459238,0.2463156753168327,1.1886413562966152,0.3199330460567176,1.1145487188790717,1.2305799167147535,68.0,82.0,82.0,88.0,88.0,81.0,81.0,81.0,85.0,78.0,75.0,96.15384615384616,MGY
2026-03-09,218.19525146484372,220.37359937084324,200.34872594073096,203.72618066364836,2051400.0,0.0398095545025019,232.3417318014384,235.77368106455376,242.4020294189453,240.72305501302085,219.07637786865237,184.20604507446288,144.18187896728514,200.34872594073096,269.4463082666022,146.64762360744936,269.4463082666022,134.30302634682934,269.4463082666022,115.36463784555586,269.4463082666022,88.01864574846539,269.4463082666022,54.40471634208048,269.4463082666022,1740740.0,1511342.0,1258429.365079365,422305634.00512695,1,False,171,171,920126421.09375,20,0.0559212086915823,13.549405021637606,0.062097616381082,-0.064769080792571,0.6165362034073365,11.636152881231276,13.309339808569604,224.1207640664031,208.7923419212479,1783000.0,False,False,False,0.0917750193722192,0.2672649772816442,0.3166777547265021,0.8439651137240974,1.0084216543972178,-0.0040220055324123,0.809791208009247,False,False,-0.0364116099253961,0.9639300515541742,0.3380516266855309,1.3500873913519709,1.0949870254076974,1.9980397170816075,1.6653055252413511,2.250578442182144,1.383263970393934,78.0,38.0,38.0,91.0,91.0,96.0,96.0,51.0,90.0,89.0,92.0,7.6923076923076925,MKSI
2026-03-09,201.07000732421875,201.6000061035156,180.82000732421875,183.3800048828125,1451500.0,0.0735758157513171,210.5302512356033,209.04106618943507,215.40599975585937,206.29399973551432,177.33179977416992,163.7407997894287,142.06089950561525,139.25,243.8000030517578,111.18000030517578,243.8000030517578,111.18000030517578,243.8000030517578,111.18000030517578,243.8000030517578,111.18000030517578,243.8000030517578,64.79000091552734,243.8000030517578,1447047.5,1463534.0,1138806.349206349,267599921.33888245,1,False,62,62,707162756.8847656,39,0.065234401728792,15.3585695539202,0.0763841895581921,1.7524991894188091,0.8972198868981686,4.876702652170731,4.853904503478066,198.19000244140625,183.6000061035156,1567800.0,False,False,False,0.1033470832165923,0.3132242176029063,0.3132242176029063,1.0,0.8417775056814533,0.1338632302851443,0.8247334077413131,False,False,-0.0206993953262862,0.9796478372649148,0.2573948015727687,1.268705058682969,0.4873141777726208,1.4184874478589944,1.6435710462562405,2.232225893330724,1.270670383080028,70.0,44.0,44.0,89.0,89.0,90.0,90.0,94.0,96.0,93.0,91.0,23.07692307692308,MOD
2026-03-09,214.87989807128903,222.8096405632789,212.86757392520144,222.7100146864408,4136700.0,-0.0252169531109937,210.19697532193413,203.47626223055053,200.83825012207032,196.0537297566732,185.92642944335935,186.29238296508788,178.4791509246826,168.58847366421142,227.6810580068256,160.5099382360276,227.6810580068256,160.5099382360276,227.6810580068256,160.5099382360276,227.6810580068256,154.96713685274565,227.6810580068256,112.25462227220672,227.6810580068256,2468915.0,2387434.0,2336771.031746032,518918914.7898865,-1,False,255,255,1142636896.939087,171,0.0381617917428207,8.249232214271172,0.0383899670854012,4.056408936369334,-0.6738556958841698,4.2017302039808,0.7658151074341748,220.5881138038551,213.43541952636795,3398700.0,False,False,False,0.0462680163538567,0.1772369312212147,0.1772369312212147,1.0,1.3338295425130078,0.1557254055521464,0.9437759115861418,False,False,0.1069855150000782,1.1073780210875463,0.1400524449242077,1.1503072083883772,0.2085227196661194,1.1525973018465243,0.6016761314199859,1.3524519941874575,1.056549814448543,51.0,81.0,81.0,80.0,80.0,79.0,79.0,85.0,82.0,74.0,71.0,88.46153846153845,MPC
2026-03-09,55.7400016784668,56.619998931884766,51.90999984741211,53.29999923706055,13833900.0,0.0613099998598178,52.66205968434786,50.01610749681457,47.45279998779297,47.19966672261556,43.246600036621096,34.97739999771118,31.27132496833801,36.65499877929688,59.54999923706055,27.975000381469727,59.54999923706055,22.280000686645508,59.54999923706055,22.280000686645508,59.54999923706055,22.280000686645508,59.54999923706055,22.280000686645508,59.54999923706055,12753060.0,12063074.0,10873656.746031746,552849501.8580246,1,False,130,130,1776210308.423996,46,0.0793519477790183,4.402857371738979,0.0789891862066425,3.657304267903665,0.7313435228158058,12.544942894533689,10.116105717938115,52.77000045776367,49.220001220703125,12432600.0,False,False,False,0.0844994428174228,0.2055973939609662,0.4107463180541732,0.5005459207399396,0.926739734830442,0.2888874878317908,0.9360201913113942,False,False,0.3638366316418273,1.3643202099479368,1.1867399834826151,2.2064096937561164,1.2171838914768671,2.1145818191319004,0.625072971378982,1.3722082371878297,1.1728400388079316,63.0,96.0,96.0,99.0,99.0,97.0,97.0,95.0,97.0,97.0,96.0,96.15384615384616,MRNA
2026-03-09,159.59234619140625,160.98487190053174,153.2464594220648,157.0758709734003,7480800.0,0.001123064107118,165.0220347745517,168.74392226998714,171.67939147949218,173.1737533569336,176.51065979003906,170.95154052734375,156.06231842041015,153.2464594220648,187.67144350531672,153.2464594220648,190.59935632883483,153.2464594220648,190.59935632883483,149.29148870912135,190.59935632883483,137.07012887457932,190.59935632883483,91.3737053730474,190.59935632883483,8038557.5,7141082.0,6367474.206349206,1368232022.6999664,1,False,336,336,2451030129.927063,53,0.0387713453781803,6.527069769195647,0.0408983884563451,-2.3435808299112018,0.027429057509887,2.257187556078783,2.6160682015552665,159.49288901750194,154.51961546132446,8046000.0,False,False,False,0.0484886190543619,0.1480835086076571,0.1901527027559089,0.7787609981949386,1.1011202504046305,-0.095848679160552,0.837318390079276,False,False,-0.0875227660323643,0.9128007728614652,-0.0775087000821321,0.9307891024624172,0.0960679213424977,1.0453464450622096,0.3802107719065806,1.165447105220421,1.2624405281429338,70.0,22.0,22.0,36.0,36.0,69.0,69.0,26.0,18.0,13.0,21.0,0.0,MS
2026-03-09,55.771087646484375,57.92644213952355,54.9566215092207,56.61535012397936,3216700.0,-0.0030184149703781,53.10556946142356,50.88221267954168,49.34656387329102,48.34666366577149,45.72091537475586,43.28004386901856,44.94349012374878,41.29286685926749,57.92644213952355,39.15380608879078,57.92644213952355,36.2616880913352,57.92644213952355,36.2616880913352,57.92644213952355,36.2616880913352,57.92644213952355,33.882253057016264,57.92644213952355,2010595.0,1862604.0,1843694.8412698407,111605316.94850922,-1,False,138,138,194328918.3021545,7,0.0394670670807277,2.2511210282231824,0.0403635848469074,5.445889922150738,-0.07500704891093,6.047907121938145,1.80916829096082,56.168385036661086,54.45005998427284,2736800.0,False,False,False,0.053250183125845,0.1890166802437666,0.2344410278618838,0.8062440348756786,1.405151068074588,0.2198156399396493,0.962791526400884,False,False,0.2366685191247262,1.2371070071766106,0.2677029882124884,1.279105967386665,0.1841198953248501,1.129323738978834,0.2932277407787111,1.0919988146443096,1.09052482818426,55.0,91.0,91.0,89.0,89.0,77.0,77.0,90.0,87.0,86.0,83.0,96.15384615384616,MTDR
2026-03-09,218.72999572753903,222.6100006103516,197.6300048828125,201.1699981689453,2275400.0,0.0540696907026976,232.7382245933515,234.30390279493236,237.39959838867188,234.87066497802732,218.0925982666016,190.31489974975585,160.75234970092774,197.6300048828125,258.9800109863281,162.94000244140625,258.9800109863281,144.05999755859375,258.9800109863281,121.97000122070312,258.9800109863281,118.16000366210938,258.9800109863281,84.0,258.9800109863281,1513220.0,1377492.0,991342.8571428572,291798957.2039032,1,False,171,171,791128497.2213745,56,0.0486152326271285,12.342857360839844,0.0564296511769456,0.051791923066548,0.9090278606233269,11.446571112611228,12.428456187448498,225.72000122070312,204.3600006103516,2052300.0,False,False,False,0.1142047099870809,0.2804828203806863,0.2804828203806863,1.0,0.9864376707813912,0.0029226001524285,0.8445825409246974,False,False,-0.0398156593622081,0.9605247951366856,0.1693039590627876,1.179821839684238,0.6843523386685044,1.6064075000961089,1.1031730358417215,1.7759149372624108,1.5264345620658846,84.0,37.0,37.0,83.0,83.0,93.0,93.0,57.0,82.0,85.0,90.0,11.538461538461538,MTSI
2026-03-09,389.1565246582031,389.836231792493,357.51982117907266,363.807157928399,35547200.0,0.051363788704577,397.0353137742303,399.117264962845,404.5856396484375,406.6348449707031,377.81226989746096,304.280637512207,216.42893932342528,357.51982117907266,455.30871717161017,221.5074267095709,455.30871717161017,192.43139181117184,455.30871717161017,154.42593371021755,455.30871717161017,105.30720274943776,455.30871717161017,61.39304893165705,455.30871717161017,35765335.0,34539634.0,26373612.301587302,13312940057.441406,1,False,81,81,22058250409.7168,47,0.0565336307361323,24.565398709352397,0.0631247252784165,0.4756641404621881,0.7739350844952133,12.223193444588986,14.515310939857963,391.0157382085629,367.2957218365765,34458800.0,False,False,True,0.0830421914210585,0.2034829946843332,0.2083118769210715,0.9768189778321286,0.9451287179244574,0.0300261681914697,0.8547091456444186,False,False,0.0167932726441146,1.017153799086242,0.7184085356326155,1.733865607933262,1.9665923732134587,2.8293107853106494,3.375444578242768,3.694616301770588,1.3561030089855175,77.0,63.0,63.0,97.0,97.0,98.0,98.0,51.0,95.0,95.0,96.0,26.923076923076923,MU
2026-03-09,33.370113372802734,34.837366870723336,33.01321315782447,34.46063844581913,3536500.0,-0.0257597832471365,33.43326037305896,32.89766169707002,32.409033203125,32.083568000793456,31.772871894836427,30.558786907196044,27.289773750305176,28.15662378297876,35.76927278799806,28.15662378297876,35.76927278799806,25.711172405319672,35.76927278799806,25.410290016051977,35.76927278799806,21.217301966642616,35.76927278799806,17.871398735279232,35.76927278799806,2546037.5,2429492.0,2583606.746031746,70128609.7503376,-1,False,353,353,159928025.12054443,334,0.0462530791601829,1.5840962700089771,0.0474705090843366,1.0589860000380742,-0.5569962378844542,3.150312931050107,2.410203850778167,35.03564633505828,33.89554880898285,2890200.0,False,False,True,0.0546642947394236,0.172014258724851,0.172014258724851,1.0,0.9942037265403632,0.0502706045349927,0.932926804818902,False,False,0.1148509536694106,1.1152462486213368,0.0465877526223093,1.0560018018578703,0.3790989560482092,1.3152799776570778,0.4645743207711212,1.2366835104214051,0.9854586050723664,42.0,82.0,82.0,67.0,67.0,86.0,86.0,75.0,63.0,70.0,68.0,76.92307692307693,MUR
2026-03-09,44.972755432128906,45.140935321862905,42.65783557526898,43.52840472646539,1725200.0,0.0402745631969194,44.30336125645654,42.88895026665052,42.40549789428711,41.10066604614258,36.645643043518064,32.73192514419556,29.669024114608764,33.26733899514348,46.41772234392915,27.07374221101676,46.41772234392915,27.07374221101676,46.41772234392915,25.73129588242885,46.41772234392915,24.24994367266932,46.41772234392915,16.169246169097157,46.41772234392915,2356857.5,2155518.0,2320536.904761905,118593317.3174858,1,False,171,171,302544038.09165955,24,0.0459830881927059,1.7325261713294609,0.0385239052996012,5.8985025665262185,1.0049687400788994,12.78463628796231,9.556102493939097,44.76500701441633,42.94472812519812,1588800.0,False,False,True,0.0552134224984572,0.0692442803120012,0.155341722793635,0.4457545536815586,0.9128200274829532,0.2272333542823108,0.9688703616025394,False,False,0.241577859201588,1.2420180879680884,0.412948524737186,1.425657986457774,0.6313671257467919,1.5558742230153093,1.1041714373118925,1.776757985387337,1.0156518067709084,46.0,91.0,91.0,94.0,94.0,92.0,92.0,90.0,94.0,90.0,89.0,100.0,NE
2026-03-09,116.68753814697266,116.81723256887716,109.04538624658215,112.05834773982762,9829600.0,0.0057614805954289,119.96033508202038,120.41327291745657,120.4268569946289,121.07032572428383,116.5265071105957,102.86732414245606,84.83764911651612,107.58057656679875,134.2940212296047,91.30160152659413,134.2940212296047,75.50018048476518,134.2940212296047,75.50018048476518,134.2940212296047,62.465837820251366,134.2940212296047,41.39402635920384,134.2940212296047,10217055.0,9593494.0,11397770.23809524,1128816311.7811966,1,False,171,171,3451251581.6711426,171,0.0417951927408202,5.675764201849851,0.0486407056998751,0.0284109000400341,0.1177712372623017,8.48993109343144,10.363066252365137,117.30609215543436,112.85648290667756,8350700.0,False,False,False,0.0666039102865125,0.1916333580531186,0.1916333580531186,1.0,1.0559666790848048,0.0013819262275158,0.8688960020600622,False,False,0.0798553769627468,1.080238263462434,0.2918507445440532,1.3034709326110954,0.543091843939217,1.4716839550332046,1.6976391795117642,2.2778809126001915,0.8964082260450482,32.0,77.0,77.0,90.0,90.0,91.0,91.0,50.0,77.0,86.0,83.0,26.923076923076923,NEM
2026-03-09,20.739999771118164,21.145000457763672,19.899999618530277,20.75,2762400.0,-0.0057526766885064,22.70726295525769,22.649728886007377,22.695400009155275,22.208166694641115,20.244400024414062,16.829450025558472,12.255475010871889,19.18199920654297,26.850000381469727,14.210000038146973,26.850000381469727,11.842000007629396,26.850000381469727,9.920000076293944,26.850000381469727,6.239999771118164,26.850000381469727,5.199999809265137,26.850000381469727,1791062.5,1594612.0,913552.7777777778,54656179.39944267,-1,False,255,255,158127391.49913788,20,0.0534785302284184,1.187643187386649,0.0572634137171265,0.4275126115391471,-0.1010411548753581,17.800057762849523,18.392778588855016,22.0,20.739999771118164,2613800.0,False,True,False,0.0600289707315785,0.3351012941001954,0.3351012941001954,1.0,1.5700433710520176,0.0244808315438553,0.7724394590858806,False,False,0.0303030618868804,1.0306683785222364,0.4089673501958757,1.421641001280372,1.1762854514427152,2.075575989232303,1.686528540773871,2.2684991123579428,1.9605462799388225,91.0,67.0,67.0,93.0,93.0,96.0,96.0,48.0,89.0,92.0,94.0,42.30769230769231,NESR
2026-03-09,11.989999771118164,12.020000457763672,11.029999732971191,11.649999618530272,3192500.0,-0.0066279971606262,12.192072244064748,11.710715180674558,11.06159999847412,10.990666643778484,10.576199970245362,9.84689995765686,7.870899977684021,8.220000267028809,14.399999618530272,8.220000267028809,14.399999618530272,7.670000076293945,14.399999618530272,6.900000095367432,14.399999618530272,5.349999904632568,14.399999618530272,2.259999990463257,14.399999618530272,4413275.0,3936476.0,3930411.904761905,47058323.04549694,-1,False,321,321,120201578.38544846,7,0.0856124292981594,0.9871427672249932,0.0823305075954087,1.6236688898077531,-0.0810418982564665,2.664018260813906,4.217804060694893,12.390000343322754,11.40999984741211,2874800.0,False,False,True,0.0825688693653873,0.3152627026796578,0.4253544224479826,0.7411765013874092,1.059655895272828,0.1336774838647461,0.832638895051715,False,False,0.4445782524803288,1.4450904595058405,0.205025125724469,1.21586431798067,0.7736685451416643,1.6915905230686286,2.589820383004467,3.031236865261181,1.122853051267497,58.0,97.0,97.0,86.0,86.0,94.0,94.0,94.0,88.0,87.0,89.0,73.07692307692307,NG
2026-03-09,27.29953384399414,28.396518369874087,27.001229553141272,28.36764967984256,3347900.0,-0.016978541109748,26.85988091728621,26.08394547058671,25.65982933044433,25.280695978800452,23.613846702575685,22.271351490020752,23.61987966537476,22.03592880234325,28.396518369874087,19.49554389974666,28.396518369874087,19.01954908362278,28.396518369874087,19.01954908362278,28.396518369874087,19.01954908362278,28.396518369874087,18.14984915075343,29.781093400524377,2194752.5,2161852.0,2028128.174603175,61303349.51239586,-1,False,339,339,152522250.8600235,269,0.0467533342445571,1.290125888575078,0.0472581655037638,3.3027436711269917,-0.3654773886764564,4.903753226538549,1.6508457244637702,28.13670659370769,27.02047623765895,3831600.0,False,False,True,0.0511103531916086,0.1431088389314048,0.1780049823012091,0.8039597379878095,1.3412111467389998,0.156081607026628,0.916673322797257,False,False,0.160801945675757,1.1612135335636278,0.1755347999848877,1.1861087269751904,0.1853544215863958,1.1305011364865194,0.1284845646452557,0.952890019351884,1.0821567036459256,54.0,86.0,86.0,83.0,83.0,77.0,77.0,82.0,86.0,81.0,78.0,96.15384615384616,NOG
2026-03-09,7.889999866485596,7.909999847412109,7.559999942779541,7.639999866485596,46247300.0,0.0193798578557014,7.805109049840059,7.586536339378385,7.423599967956543,7.299333302179972,6.994599981307983,6.681299986839295,5.715127727985382,6.059999942779541,8.369999885559082,6.059999942779541,8.369999885559082,5.860000133514404,8.369999885559082,4.53000020980835,8.369999885559082,4.059999942779541,8.369999885559082,4.0,8.369999885559082,43083965.0,39153374.0,30855054.36507937,375176814.9264956,1,False,132,132,2936970637.790441,132,0.036185799089816,0.3192857333592006,0.0404671405275217,3.1633819658933398,0.4697989283432203,13.356727372440924,14.584351965100865,7.860000133514404,7.679999828338623,43507300.0,False,False,True,0.044359937966446,0.1381495176420384,0.1888466155046777,0.7315435189179571,1.4049210675943278,0.1280130225560338,0.942652326686212,False,False,0.1501457307470224,1.1505535402392664,0.2808441658972249,1.2923653498692576,0.7340658320305025,1.653820459225445,0.5603126522920567,1.3175247584400511,1.396334114023175,79.0,85.0,85.0,90.0,90.0,93.0,93.0,87.0,79.0,75.0,89.0,88.46153846153845,NOK
2026-03-09,18.70372009277344,18.802368786575965,17.973722769142476,18.397910835396207,4497200.0,0.0210015630290527,19.117182289106875,19.09899559357178,19.15947578430176,19.01939525604248,18.171808948516844,16.47434807777405,14.53968722820282,17.46075241405944,20.578039254065494,15.083327483393065,20.578039254065494,14.041799994655127,20.578039254065494,12.068092983513113,20.578039254065494,11.502121443042997,20.578039254065494,10.340779732706384,20.578039254065494,4996562.5,4652814.0,4321049.206349206,90635942.83697128,1,False,353,353,191756858.1665039,132,0.0348302665779927,0.6982895352779419,0.0373342592711136,0.7840312770434247,0.5509569578100719,10.734412335827002,9.493957912597878,18.743180689291364,18.20061568512304,4023800.0,False,False,False,0.0443038076555504,0.139240561343155,0.139240561343155,1.0,0.9865707075331188,0.0292712269738015,0.9089165329042824,False,False,0.0394736939739028,1.0398422622587802,0.1685671011095633,1.179078353699075,0.4381066882619213,1.3715570768219132,0.3736831399893423,1.1599351864057452,1.1563308496136118,62.0,69.0,69.0,83.0,83.0,88.0,88.0,44.0,72.0,73.0,84.0,46.15384615384615,NOV
2026-03-09,13.890000343322754,14.145000457763672,13.06999969482422,13.25,4025700.0,0.0334822006688351,13.614468397781325,13.317750586254936,12.946999893188476,13.110833199818927,12.316699924468994,12.522899942398071,12.371074965000153,10.9350004196167,17.09000015258789,8.739999771118164,17.09000015258789,7.949999809265137,17.09000015258789,7.949999809265137,28.25,7.949999809265137,28.25,5.900000095367432,28.25,5431470.0,5088240.0,5380533.73015873,55135547.74348259,1,False,133,133,418559338.2549286,152,0.0753770313401289,1.0747857093811035,0.0773783788923934,1.6508122036328992,0.4186888223500647,3.2833063302586885,4.822609714866318,13.539999961853027,12.552000045776367,3322900.0,False,False,True,0.0773938615096025,0.212958971201714,0.3095752400612411,0.6879069888134007,1.052784459852523,0.1277371721728935,0.4916814280822214,False,False,0.2524797251766919,1.2529238194398062,0.426078097507816,1.438905659640142,0.1517412819264409,1.0984434734834128,0.4030303917713509,1.1847159447737372,1.0094667689853452,45.0,92.0,92.0,94.0,94.0,75.0,75.0,85.0,93.0,92.0,89.0,92.3076923076923,NTLA
2026-03-09,205.22000122070312,205.6199951171875,194.19000244140625,194.19000244140625,1422500.0,0.0357845665127001,204.7923812431739,209.117595718572,209.36419982910155,213.8128326416016,223.27089935302732,218.3690498352051,189.51467483520508,192.59500122070312,246.26499938964844,192.59500122070312,256.3599853515625,182.1999969482422,256.3599853515625,157.4250030517578,256.3599853515625,133.00999450683594,256.3599853515625,125.37999725341795,256.3599853515625,1171057.5,1122770.0,1327109.9206349207,239332147.167511,1,False,374,374,776997205.5130005,109,0.041663152338832,9.235067095075337,0.0450008139564501,-1.7965790224952536,0.767725482110619,4.410123898063636,5.035741342803876,198.33999633789065,193.2700042724609,1226100.0,False,False,True,0.0556962898732707,0.1171669331737611,0.136706912137719,0.8570666350486127,1.2179164031814174,-0.0808475183493699,0.8005149514237648,False,False,0.0413030206719116,1.041672237584847,-0.1521936573967494,0.8554323544990428,0.2214021902291987,1.1648807639433876,0.4503180298282907,1.2246455279996693,0.8824118347632715,31.0,69.0,69.0,27.0,27.0,80.0,80.0,41.0,30.0,39.0,67.0,30.76923076923077,NTRA
2026-03-09,137.77017211914062,138.3773528637209,132.15624490214114,135.32153734263204,1078400.0,-0.0012988007054361,141.29973852040067,142.72539449014064,144.51700256347655,145.17488911946614,144.00619415283202,136.39470237731933,128.96185752868652,132.15624490214114,153.7302097584622,130.89487861066726,155.99692582277024,119.57138285051494,155.99692582277024,119.16799812932597,155.99692582277024,119.16799812932597,155.99692582277024,79.2462713413202,155.99692582277024,1150102.5,1055576.0,1370360.3174603174,165152378.4338379,-1,False,259,259,1846752268.4005735,259,0.0333284241567162,4.936594703436102,0.0358321008640901,-1.2085209856596872,-0.036293986428978,4.995428627708601,4.192368329256522,139.19356248552546,135.37131717517187,1061200.0,False,False,False,0.0451556956479655,0.1144200721601471,0.1565938731474064,0.7306803890880214,1.1282276216965903,-0.0433038458545275,0.8831595327440156,False,False,-0.0562383877386017,0.9440962437203576,0.0511739240024424,1.0606292258162675,0.1002348914449602,1.0493205850753162,0.3773780575243244,1.1630551670875542,0.8392701432944876,27.0,31.0,31.0,67.0,67.0,69.0,69.0,27.0,25.0,45.0,43.0,0.0,NTRS
2026-03-09,10.550000190734863,10.720000267028809,9.789999961853027,9.789999961853027,5568000.0,0.0571142960564514,9.93434070334253,9.579226089779828,9.217999877929689,9.247333208719889,8.65839991569519,8.001099967956543,7.831649992465973,7.840000152587891,11.970000267028809,6.360000133514404,11.970000267028809,6.199999809265137,11.970000267028809,6.199999809265137,11.970000267028809,6.199999809265137,11.970000267028809,5.010000228881836,11.970000267028809,5813990.0,5264646.0,6035253.174603174,51385796.55354023,1,False,294,294,650579488.7615204,294,0.0788508659809628,0.7900000299726214,0.0748815180748915,2.9175418002840274,0.7215197808515138,3.655381164539773,1.196253169360988,10.050000190734863,9.529999732971191,3884700.0,False,False,False,0.0881516861006807,0.2682464334163135,0.3744075580902902,0.7164557114833259,1.3201400436040711,0.2184699590522199,0.8813700881690609,False,False,0.3405337159017501,1.3410090316460104,0.5379008725077179,1.5517342796892224,0.3354430459971,1.2736442820133382,0.3405337159017501,1.131943881650718,0.9633382116372072,40.0,95.0,95.0,96.0,96.0,85.0,85.0,90.0,94.0,91.0,88.0,96.15384615384616,NVAX
2026-03-09,26.700000762939453,26.780000686645508,25.51000022888184,26.399999618530277,2656400.0,-0.00595680728877,28.05493012536416,27.88851824260817,28.00480003356933,27.30733331044515,25.68539993286133,23.061099948883054,21.52464991569519,22.75,30.420000076293945,20.729999542236328,30.420000076293945,18.770000457763672,30.420000076293945,18.770000457763672,30.420000076293945,18.770000457763672,30.420000076293945,14.220000267028809,30.420000076293945,3215362.5,2889536.0,2511823.015873016,83169830.24827003,-1,False,353,353,290444193.8074112,31,0.0351457897159663,1.001214572361537,0.0374986720506487,1.053399220859239,-0.1598057517628035,9.768468046639242,8.23187660454268,27.600000381469727,26.729999542236328,2878800.0,False,False,False,0.0475655588567052,0.1659176096850446,0.1838951201165268,0.9022404160583998,0.8423532359520698,0.0395010719214095,0.8777120544370591,False,False,0.080534267591992,1.0809173948072994,0.3263786326915401,1.3383093988617616,0.2529329625564451,1.1949524229350876,0.4974762129662267,1.264465799761236,1.2800911846420278,71.0,77.0,77.0,91.0,91.0,82.0,82.0,73.0,78.0,80.0,77.0,23.07692307692308,NVST
2026-03-09,12.65999984741211,12.65999984741211,11.720000267028809,11.899999618530272,8440900.0,0.047146376148077,12.514246490262316,12.366267113924676,12.179200019836426,12.30800002415975,11.736000022888184,10.258400015830992,8.761200025081635,9.850000381469728,13.960000038146973,8.135000228881836,13.960000038146973,7.329999923706055,13.960000038146973,7.329999923706055,13.960000038146973,6.260000228881836,13.960000038146973,3.910000085830689,13.960000038146973,9261087.5,8641798.0,9138356.746031746,98079398.61834526,1,False,31,31,244787377.34165192,40,0.0548096922000485,0.7339999335152763,0.0579778785436017,1.357967783777423,0.7765664120627004,6.511398090764433,5.940692736184519,12.614999771118164,11.871000289916992,7578000.0,False,False,True,0.0742495728051253,0.1255924306281022,0.1832543978247185,0.6853447017857135,0.8826635383053387,0.0787320912339715,0.9068767774224574,False,False,0.142599272074505,1.143004405803672,0.2787879126495944,1.290290600638595,0.62307686382497,1.54796760002246,1.5679513769229572,2.168372801820317,1.013430287017581,45.0,85.0,85.0,89.0,89.0,92.0,92.0,86.0,92.0,91.0,89.0,88.46153846153845,NXE
2026-03-09,108.12999725341795,108.44000244140624,99.43000030517578,100.37999725341795,2170200.0,0.0660553773842422,107.09043872551707,109.43594937073696,113.94420013427734,113.99783350626628,106.11210006713868,99.4179499053955,81.71782485961914,97.45999908447266,131.5850067138672,84.61000061035156,131.5850067138672,83.05999755859375,131.5850067138672,66.69999694824219,131.5850067138672,52.61000061035156,131.5850067138672,36.060001373291016,131.5850067138672,2120595.0,1928270.0,2259136.111111111,209210839.41841125,1,False,298,298,751744024.6490479,40,0.058961859876869,6.632786342075893,0.0613408536997464,0.310016143234314,1.0101330877703592,4.538791964525806,6.6045670627072735,102.37999725341795,99.0739974975586,1341300.0,False,False,True,0.0833256484332858,0.2361971845395569,0.2893739176021136,0.8162352242966341,0.9764348353705652,0.0190166548866956,0.8217501366895671,False,False,-0.0551381077715288,0.9451969138159184,0.1928295138809108,1.2035590066971311,0.5420706363091055,1.4707100046556587,1.5690186947354912,2.169274042761401,0.9386751818849144,37.0,31.0,31.0,85.0,85.0,91.0,91.0,58.0,77.0,70.0,86.0,26.923076923076923,NXT
2026-03-09,196.9703369140625,197.43974315186247,184.45620008303695,190.52850513165515,2558500.0,0.0167552187020638,201.2028459595068,197.5643549951606,197.6775128173828,193.55242716471355,183.34806427001956,162.57961082458496,157.89900363922118,169.53803007763,221.34943657408837,148.09519389627306,221.34943657408837,125.42620870911932,221.34943657408837,125.42620870911932,221.34943657408837,125.42620870911932,221.34943657408837,125.42620870911932,221.34943657408837,2441937.5,2265066.0,2070620.238095238,482660974.26208496,1,False,255,255,1349368551.8188477,33,0.0417526921993829,9.11971527079908,0.0462999424871674,1.604696064556539,0.3559206937233445,11.803372442281317,9.741604849498945,204.03136882053232,190.89802238724192,3395100.0,False,False,True,0.0659162352679031,0.1873035151843587,0.1927616204621974,0.971684688763503,1.063448040807641,0.0742973354983516,0.8898614785862992,False,False,-0.0229769038127116,0.9773695212377104,0.2865315045862526,1.2981038461284973,0.3130324644915174,1.2522707692478667,0.1183608778397624,0.94434159926868,1.179326587789143,64.0,43.0,43.0,90.0,90.0,84.0,84.0,71.0,81.0,87.0,84.0,65.38461538461539,ODFL
2026-03-09,34.9900016784668,35.2400016784668,32.7599983215332,33.540000915527344,1448100.0,0.0228004272104225,35.13260474081698,34.42560650448524,34.14959999084473,33.46566664377848,30.58719997406006,27.39279998779297,24.85369999885559,28.88999938964844,39.0,23.200000762939453,39.0,22.1299991607666,39.0,22.020000457763672,39.0,21.030000686645508,39.0,15.460000038146973,39.0,1301505.0,1192764.0,895403.1746031746,52544958.44306946,1,False,18,18,112693464.95056152,18,0.0550508103728795,2.057142802647182,0.0587923036286439,2.44832420522274,0.3791679376805607,9.855718580045412,6.868089497021276,34.5,33.400001525878906,935000.0,False,False,True,0.0708774860808255,0.1783367070344257,0.2126321856862404,0.838709842815513,1.1347508811466476,0.1439426200548137,0.8971795302170974,False,False,0.1753443446569316,1.1757610888725494,0.2845081487689933,1.2960622902403534,0.4542810662982826,1.3869829717433642,0.8204996320762066,1.5372261030300545,1.4535407478053692,81.0,87.0,87.0,90.0,90.0,89.0,89.0,79.0,90.0,87.0,85.0,69.23076923076923,OII
2026-03-09,59.22999954223633,59.31999969482422,54.9900016784668,55.970001220703125,9905600.0,0.0414981651956458,63.00398227049836,64.4488111149328,66.03359970092774,65.38733317057292,62.87440002441407,57.12760013580322,54.27555004119873,54.9900016784668,73.76000213623047,53.09999847412109,73.76000213623047,44.560001373291016,73.76000213623047,44.560001373291016,73.76000213623047,44.560001373291016,73.76000213623047,31.040000915527344,73.76000213623047,9073277.5,8774714.0,9415502.777777778,605033791.7083359,1,False,80,80,2509885205.379486,80,0.0426483863581499,3.093572344098772,0.0522298221848334,-1.1097718239109362,0.7628722873908043,4.476168871142121,5.570844162238937,58.9900016784668,56.619998931884766,10650800.0,False,False,False,0.073104812591966,0.2888738296115185,0.316900229661136,0.9115608086507656,0.9190886449404504,-0.0579631850286065,0.8030097319254673,False,False,-0.0613312048410262,0.939001620847498,0.0810366591078246,1.0907605760070895,0.2060679862779646,1.150256163335929,0.3498176413052767,1.139783208952646,0.9636530001790782,40.0,30.0,30.0,72.0,72.0,79.0,79.0,47.0,47.0,73.0,70.0,11.538461538461538,ON
2026-03-09,22.25455665588379,22.403650784831576,21.280485377189528,21.87685620554888,3469300.0,0.0035858087676461,23.084850695545644,23.510014723363625,24.15749870300293,24.08815994262695,23.57173686981201,22.30917345046997,21.785287799835206,21.280485377189528,25.851467843567622,21.280485377189528,25.851467843567622,19.24048058295832,25.851467843567622,19.034329561912863,25.851467843567622,19.034329561912863,25.851467843567622,16.310828164373078,25.851467843567622,3172340.0,2986710.0,3412374.206349206,75407591.56707764,1,False,291,291,276857087.46032715,291,0.0333575963445549,0.8582944305983451,0.0385671322898011,-1.448892840260949,0.0926435664948769,2.2941200903997467,1.825855929277293,22.26449691990048,21.60848956186081,2940500.0,False,False,False,0.050469008437654,0.1476913178351074,0.1996249796034927,0.7398438718864792,1.1589909967824128,-0.0558796418440897,0.8608624001759027,False,False,-0.1185927364523012,0.8817197858994307,0.0116196088029778,1.020719119838788,-0.0065558408261566,0.9474716848643964,0.0611329819747039,0.89601848302343,0.9296577128315564,36.0,16.0,16.0,56.0,56.0,50.0,50.0,29.0,21.0,46.0,45.0,0.0,ONB
2026-03-09,29.670000076293945,29.770000457763672,28.700000762939453,29.57999992370605,1582500.0,-0.0056970534659732,31.41505405373967,32.50748043651711,33.3987996673584,33.63733310699463,33.6585998916626,31.558900051116943,30.57475001335144,28.700000762939453,36.56999969482422,28.700000762939453,36.79999923706055,24.239999771118164,36.79999923706055,24.239999771118164,36.79999923706055,24.239999771118164,36.79999923706055,24.239999771118164,36.79999923706055,1983600.0,1840118.0,1942609.9206349207,69614047.69396782,-1,False,130,130,186482400.0,55,0.0371993611057568,1.3664276940482003,0.0460541857274871,-2.573091974553237,-0.1244120541719265,3.3550402296880746,3.663709018442168,30.290000915527344,29.149999618530277,2147300.0,False,True,False,0.0360633532886013,0.2291877054120294,0.2622176865281851,0.8740360287916527,1.417914503309027,-0.1185016556899815,0.8062500187884211,False,False,-0.1316944200699752,0.8686134567913629,-0.0076922924806255,1.0012335081433623,0.0199381203390767,0.9727396154190748,-0.1339754369560005,0.731269339866972,1.0211005199395269,46.0,14.0,14.0,49.0,49.0,55.0,55.0,20.0,14.0,60.0,56.0,0.0,OPCH
2026-03-09,43.35225296020508,43.65178793802873,41.05584225227829,41.92448759397416,1867300.0,0.0074246658718633,44.11001921005958,43.76132663005437,43.050724029541016,43.31531041463216,41.67667129516602,37.867224311828615,34.15339624404907,38.32011819696099,47.98501572516448,34.13166244602902,47.98501572516448,30.172848693840983,47.98501572516448,30.172848693840983,47.98501572516448,28.156000644719203,47.98501572516448,17.50614974015711,47.98501572516448,1475540.0,1403680.0,1127168.253968254,49809115.67949295,1,False,80,80,152577071.3443756,80,0.04676813198516,2.1484284944878467,0.0495574819712364,0.8112661269728572,0.1487151119990393,4.372789830484571,4.617513784491639,43.621828746303706,41.23555849324677,1044000.0,False,False,True,0.0598802947596143,0.1598342185179345,0.1798711086586726,0.8886041772347079,0.7280363045708423,0.0402043064613322,0.9034539700582016,False,False,0.1228343301264631,1.1232324557602866,0.2692194978888655,1.2806361180565695,0.2614759064296068,1.2031000348068386,1.334551842122346,1.971290720061592,1.3090680959167236,74.0,83.0,83.0,89.0,89.0,82.0,82.0,64.0,76.0,81.0,78.0,61.53846153846154,OR
2026-03-09,27.860811233520508,28.395644650594296,27.2665544000115,28.316410280186663,1679700.0,-0.0174642364071441,27.687149469372088,26.863973932749825,26.305697555541997,25.92771650950114,25.114703483581543,22.771703815460206,19.779317107200622,23.71236756123389,28.72248776095718,22.6929012005672,28.72248776095718,16.420742075753544,28.72248776095718,16.420742075753544,28.72248776095718,15.841997832248888,28.72248776095718,12.101908685020776,28.72248776095718,1465967.5,1367226.0,1541607.9365079366,46417338.777952194,-1,False,122,122,126154963.5219574,122,0.03358307039579,0.9390189402143716,0.0337039338999791,3.2442097440586344,-0.5273763376017225,15.515979706564648,11.994694507410172,28.72248776095718,27.8410051203904,1213700.0,False,False,True,0.0405261081997619,0.124236045676527,0.1590682113390314,0.7810237169998435,1.3817247477739598,0.1093426307714204,0.9699999340374702,False,False,0.0652926247732885,1.0656703477285507,0.2357394447370147,1.2468549120697168,0.5802815344140531,1.5071526609170671,0.6997308281375128,1.4352491761605035,0.9509340638974147,38.0,74.0,74.0,87.0,87.0,91.0,91.0,73.0,70.0,91.0,88.0,76.92307692307693,OUT
2026-03-09,53.14762115478516,53.82037613958386,52.09891396693961,52.09891396693961,9720100.0,0.0281340613145089,51.00798858464231,49.22449024704076,48.2566928100586,47.26563288370768,43.90159568786621,40.95688335418701,39.99595048904419,39.61338006343278,53.82037613958386,36.41779261487316,53.82037613958386,34.83109882060961,53.82037613958386,34.83109882060961,53.82037613958386,34.83109882060961,53.82037613958386,28.838454887322268,53.82037613958386,5161690.0,4788264.0,3830489.6825396814,272156330.866642,1,False,283,283,618296037.493515,34,0.0351728427381723,1.8380607100163888,0.0345840635964362,6.089740104255712,0.7912371340633069,8.985668448535076,4.460411951214924,52.74198638620919,51.277756153656014,4820300.0,False,False,False,0.0323902017670881,0.1200670623901372,0.1813105693017408,0.6622176680186752,1.216704007966144,0.2106079590513476,0.9874999947407668,False,False,0.1969697073834064,1.1973941193475168,0.2800970028137211,1.2916114660592426,0.3266775665203725,1.2652844325625487,0.4569264745358143,1.2302256849663864,1.347527451523563,76.0,89.0,89.0,90.0,90.0,85.0,85.0,90.0,89.0,85.0,83.0,100.0,OVV
2026-03-09,60.36248779296875,60.472125839276266,56.28582698244389,58.28926978951334,7738400.0,0.0167897894762207,61.736657301392974,61.19847851457352,59.99172225952148,60.36317138671875,58.23264656066895,49.57963226318359,40.44423463821411,51.85366399059785,69.57894264347738,46.72396737610681,69.57894264347738,32.885722151752084,69.57894264347738,32.885722151752084,69.57894264347738,27.139666515613328,69.57894264347738,20.341176078874604,69.57894264347738,9033307.5,8374990.0,6235310.317460317,455900428.99253845,1,False,301,301,1032221057.8651428,42,0.0545217761292773,3.607892117818511,0.0597704344160376,0.6119194952824362,0.2762661413613892,8.8506564410818,10.08941298484278,60.17310515053868,57.18288950294036,6505900.0,False,False,True,0.0693526560931441,0.2024348376498955,0.2534623465832982,0.7986781483669688,0.8293968112200731,0.0365746940606737,0.8675395960278707,False,False,0.1585401907912549,1.158950976724133,0.3737350586645247,1.3860917955425185,0.7548870661167519,1.673678172976624,1.4880526439344015,2.1009064778590414,1.4487342313508664,81.0,86.0,86.0,93.0,93.0,94.0,94.0,71.0,78.0,93.0,91.0,61.53846153846154,PAAS
2026-03-09,34.09000015258789,34.38999938964844,33.2599983215332,33.9900016784668,864500.0,-0.0055425505681094,36.479691205006,37.21791177182163,37.89399978637695,37.3016663869222,37.96459983825684,29.89819997787476,20.79919997692108,33.11000061035156,42.09000015258789,30.625,43.08000183105469,10.3100004196167,43.08000183105469,10.3100004196167,43.08000183105469,7.5,43.08000183105469,7.5,43.08000183105469,1051302.5,1094068.0,971039.6825396824,41190636.306438446,-1,False,109,109,349295741.84417725,109,0.0594051874047585,2.4182139805385043,0.0709361680761074,-1.4387332741446135,-0.0785698156730837,11.334038759418426,10.715896927748805,35.27000045776367,34.040000915527344,790100.0,False,True,False,0.0331475817851955,0.2478732978913754,0.2590202930927347,0.9569647803719828,1.0445877221525537,-0.1020582253514107,0.7913184471597153,True,True,-0.0754000233206614,0.9249278139585098,0.0825659066486999,1.092303579118491,2.0519247913826777,2.910694373174892,1.6082632707396076,2.202412081117977,1.0826565782053277,54.0,26.0,26.0,73.0,73.0,98.0,98.0,17.0,46.0,98.0,98.0,7.6923076923076925,PACS
2026-03-09,9.746023178100586,9.765554734601409,9.301690512181493,9.492119462801014,12665000.0,0.0131978654669964,10.081352969677717,10.272630098042487,10.472971496582032,10.627853202819823,10.316331996917723,9.865846977233886,9.312604706287384,9.301690512181493,12.031163540683336,9.10637927961796,12.031163540683336,8.754819961212915,12.031163540683336,8.320252587621717,12.031163540683336,7.665960169963458,12.031163540683336,6.7853942926822,12.031163540683336,4474915.0,4157156.0,4860748.412698412,49625843.00453663,1,False,298,298,123433383.55064392,0,0.0514972905923305,0.5477778171292768,0.05620526517525,-0.9835756670506366,0.2317567701384418,3.3401648683804384,1.8996490230665208,9.843679276384318,9.531181817234303,3965300.0,False,False,False,0.0475952307872839,0.1518036368544084,0.2037074296331081,0.7452042231734887,1.3108312509802376,-0.0552821311865044,0.8100648906603624,False,False,-0.0593779168803967,0.9409556013893806,-0.0376084762096067,0.9710482285589604,0.0395832082951437,0.9914756102036464,0.362129585132416,1.1501793887137668,0.9206226325784634,35.0,30.0,30.0,42.0,42.0,59.0,59.0,31.0,32.0,36.0,46.0,7.6923076923076925,PAGS
2026-03-09,46.97999954223633,49.81999969482422,46.470001220703125,49.81999969482422,1915300.0,-0.0386740215051514,46.02110840695952,44.02529914228484,42.95239990234375,41.80566685994466,39.68359992980957,40.34249992370606,35.38544997215271,34.369998931884766,51.54999923706055,34.369998931884766,51.54999923706055,34.369998931884766,51.54999923706055,33.209999084472656,51.54999923706055,26.82999992370605,51.54999923706055,12.039999961853027,51.54999923706055,1224817.5,1200134.0,1368780.5555555555,57558733.18124771,-1,False,353,353,188485612.03193665,112,0.0536229135159984,2.800000326974051,0.0595998372553574,3.084980868571217,-0.6749997031932321,4.023775661927495,2.1235251240869517,51.09000015258789,48.68999862670898,1126300.0,False,False,True,0.0713069073385016,0.3182205387102864,0.3182205387102864,1.0,1.4228744456868982,0.1838643577027356,0.9113482102335564,False,False,0.1517528435345698,1.1521612228640374,0.065789419027169,1.0753761871126186,0.3866587385219895,1.3224899247602924,2.630602864427969,3.065673507755334,0.8948238598428041,32.0,85.0,85.0,70.0,70.0,87.0,87.0,91.0,84.0,76.0,77.0,88.46153846153845,PARR
2026-03-09,37.86387634277344,43.80369715970657,37.28777524660991,43.54544572812987,6553400.0,-0.1186127809026678,39.4065565451308,37.35214586755583,35.92115509033203,35.35025800069173,33.0290214920044,32.71654644012451,28.503972282409663,30.984022023017392,46.86300591196683,25.248429363870372,46.86300591196683,25.248429363870372,46.86300591196683,25.248429363870372,46.86300591196683,20.743200900261407,46.86300591196683,13.006697404427682,46.86300591196683,3449385.0,3507378.0,3315841.26984127,138395248.7504387,-1,False,221,221,310963439.081192,5,0.0736839942508622,2.820682432056067,0.0744953423817741,1.9649821625739212,-1.806490238110941,4.954254146532994,3.1288413748873225,46.21737272344056,41.79727444339092,4535500.0,False,False,True,0.1720880834838313,0.3602881889891101,0.3863155976389831,0.932626565406774,1.2484625267079852,0.1463820189750233,0.8079694335848099,False,False,0.1139780066011846,1.1143729920305074,0.1510216492013238,1.1613750805783185,0.3576131431138916,1.2947884390098643,0.8871618160793575,1.593515512557574,1.0402744640925237,49.0,82.0,82.0,81.0,81.0,86.0,86.0,80.0,90.0,84.0,81.0,80.76923076923077,PBF
2026-03-09,59.31999969482422,60.45000076293945,57.43999862670898,58.0,1035300.0,0.0005059669224767,59.47653991093573,58.25458117660086,57.75719985961914,56.98133316040039,53.124999923706056,49.11819984436036,41.61002501487732,50.5,65.0,42.400001525878906,65.0,39.869998931884766,65.0,30.809999465942383,65.0,29.07999992370605,65.0,27.65999984741211,76.61000061035156,1451517.5,1361076.0,1757641.6666666667,75458752.58075714,1,False,343,343,282597819.3901062,38,0.0563327571749467,3.3685719626290456,0.0567864460546003,2.053513975022568,0.0089054886253527,4.787400069272364,6.671597566004301,59.665000915527344,56.16999816894531,1445200.0,False,False,True,0.0507417759898116,0.148853706616339,0.2302764652341016,0.6464130255995232,1.0900713846985768,0.116611760564987,0.7743114374392641,False,False,0.1003524367042232,1.1007425908877373,0.2876058191397945,1.2991878241336476,0.7964869434420885,1.7133529805595349,-0.2070578581644416,0.6695586953961852,0.8258324364560466,26.0,80.0,80.0,90.0,90.0,94.0,94.0,73.0,86.0,84.0,92.0,69.23076923076923,PCVX
2026-03-09,25.81999969482422,26.09000015258789,24.450000762939453,24.84000015258789,10885000.0,0.0213607196800422,25.10576638289202,24.63636989760425,23.78440002441406,24.258333333333333,24.00180000305176,18.824699935913085,13.226149973869324,19.979999542236328,28.700000762939453,12.579999923706056,30.89800071716309,10.520000457763672,30.89800071716309,9.65999984741211,30.89800071716309,6.099999904632568,30.89800071716309,2.789999961853028,30.89800071716309,12053692.5,11569820.0,9885437.698412698,227878012.8001213,1,False,277,277,1030287968.5052872,88,0.092710832266033,2.265357289995466,0.0877365343443273,0.8634104321429367,0.2383725563130889,8.309091307222044,9.563469203408625,27.569000244140625,23.850000381469727,14146300.0,True,False,True,0.0635166308687906,0.2021301287512052,0.2939194729512549,0.6877058084025874,0.8457720171964646,0.0757526390329592,0.8356527637881062,False,False,0.2638276705401186,1.2642757884671156,0.9953632559591934,2.013311533958208,2.954058019177616,3.771080617754396,5.503778213790839,5.491776797095749,1.219338269860874,67.0,93.0,93.0,98.0,98.0,99.0,99.0,87.0,97.0,97.0,97.0,96.15384615384616,PL
2026-03-09,34.209999084472656,34.380001068115234,31.799999237060547,32.2599983215332,684400.0,0.0429878012258901,36.00931740023623,36.4684464854342,36.983199768066406,36.68933296203613,35.55099983215332,30.49329990386963,25.65119990348816,31.799999237060547,45.400001525878906,31.07999992370605,45.400001525878906,20.049999237060547,45.400001525878906,20.049999237060547,45.400001525878906,19.459999084472656,45.400001525878906,16.459999084472656,45.400001525878906,1215722.5,1185842.0,912069.4444444444,46328176.91217423,1,False,89,89,578357256.3720703,89,0.0692756433811632,3.026428767613002,0.0884662042854788,-0.4263829272165029,0.465895600286737,7.549530532271185,7.177431085867743,34.88999938964844,32.619998931884766,881500.0,False,False,False,0.0754166004121791,0.3975446551529191,0.3975446551529191,1.0,1.3056461147437854,-0.0377204791429756,0.753524183583392,False,False,-0.0052340886411867,0.995118627515008,0.4242297432353048,1.4370406794343704,0.5110424031245471,1.4411176293799444,0.626723631359495,1.373602051042314,1.332927560949611,75.0,50.0,50.0,94.0,94.0,90.0,90.0,46.0,43.0,91.0,88.0,11.538461538461538,PLAB
2026-03-09,37.36000061035156,37.54999923706055,35.970001220703125,37.22999954223633,1147300.0,-0.0134670804308845,37.54695729833476,37.28015492728398,36.56599990844727,36.87233327229818,37.93699989318848,36.36924991607666,36.58952501296997,33.209999084472656,39.97999954223633,33.209999084472656,40.650001525878906,29.559999465942383,40.650001525878906,29.559999465942383,40.650001525878906,29.559999465942383,40.650001525878906,29.559999465942383,41.86000061035156,1154667.5,1079466.0,1188246.6825396826,42459861.68764114,-1,False,216,216,94980778.15704346,214,0.0382412094059527,1.4523571559361048,0.0388746555730433,-0.3912422391518671,-0.3511521387481909,3.0725269365175665,0.7493607788573263,38.744998931884766,37.650001525878906,942300.0,False,True,True,0.0422911667704749,0.1073340004288471,0.1528372320981855,0.7022765261797839,1.0267854661471505,-0.015209407292655,0.8924988071097353,False,False,0.0643875280478074,1.0647649300810975,0.0329002626941783,1.042191193057221,0.0045711747760186,0.9580837883457564,0.0296594965027408,0.8694423373498045,0.9717405627694136,41.0,74.0,74.0,63.0,63.0,52.0,52.0,63.0,50.0,66.0,62.0,80.76923076923077,PPLI
2026-03-09,32.810001373291016,33.02000045776367,30.030000686645508,30.8799991607666,1321400.0,0.0195774102591883,33.10909231390338,32.303206909541935,30.977400131225583,31.187833404541017,30.39749996185303,27.563349990844728,22.17425002574921,25.8799991607666,37.369998931884766,23.82999992370605,37.369998931884766,20.3799991607666,37.369998931884766,16.722999572753906,37.369998931884766,15.479999542236328,37.369998931884766,8.0600004196167,37.369998931884766,1949060.0,1912768.0,2362513.492063492,52592559.0081501,1,False,270,270,208438036.09542847,108,0.0735842842772394,2.4972141810825894,0.0761113708186384,1.0427499208560052,0.2522815515336041,4.193779798439667,6.67044035273705,32.97999954223633,31.040000915527344,1271000.0,False,False,True,0.0911307420289282,0.2474854797932087,0.3410545004066413,0.7256478935130025,0.9104345116605882,0.0793651258973773,0.8779770487308449,False,False,0.26484196984551,1.2652904474146582,0.2746698393566351,1.286135485306267,0.7802496380901758,1.6978670703376375,2.728409166153796,3.148260945514004,0.8249942303176567,26.0,93.0,93.0,89.0,89.0,94.0,94.0,85.0,84.0,88.0,93.0,80.76923076923077,PPTA
2026-03-09,21.622203826904297,21.95056672444446,21.383394619410254,21.7515600004762,5977400.0,-0.0140653340563585,21.43023272802032,20.597957987638576,19.900107803344728,19.7078556060791,18.800259532928468,18.299283180236817,22.281745405197142,17.782744652435742,23.136368899052083,15.48691890275171,23.136368899052083,14.115371983639225,23.136368899052083,14.115371983639225,23.136368899052083,14.115371983639225,26.776849390237352,14.115371983639225,34.984726990828754,6157772.5,6117236.0,6426411.904761905,130754027.2480774,-1,False,122,122,1252073185.988617,255,0.0374399386190695,0.8698335774384489,0.0402287197180207,3.731198725783503,-0.3546220230457398,2.124043014404399,-1.0437920466679356,22.040118996730055,21.542599371982718,5732300.0,False,True,True,0.0262310035357487,0.2151040111813025,0.2475984543238316,0.8687615266772629,1.284647183793465,0.1501013477517807,0.6180469503898818,False,False,0.1362396648531287,1.1366425436435323,0.3454366823836372,1.357538875572459,-0.1284894116909029,0.8311806938087664,-0.3136003650379745,0.5795944241804479,0.9581976056401168,39.0,84.0,84.0,92.0,92.0,34.0,34.0,79.0,86.0,86.0,83.0,76.92307692307693,PRMB
2026-03-09,9.18730640411377,9.593648803014108,8.741319922230996,8.899892473492889,18032700.0,0.0334448565956311,8.680131419841583,8.377552339431006,8.27179786682129,8.107335742314657,7.502211332321167,6.677939538955688,6.105317440032959,7.012742214585395,9.593648803014108,5.621947264732419,9.593648803014108,5.061562595824641,9.593648803014108,4.926330147816655,9.593648803014108,4.926330147816655,9.593648803014108,4.806861869153016,9.593648803014108,10915077.5,10792626.0,10661412.698412698,88688495.51819801,1,False,353,353,181523095.6604004,32,0.045784142761543,0.3764962390581274,0.0409800460001578,5.481036234206008,0.7897135475956861,11.543693483208418,8.849672227859992,8.989089593521658,8.632301360181865,11628600.0,False,False,False,0.0927724452948981,0.1828422199144115,0.2201547015683689,0.8305169892437204,0.9959077614660232,0.2246131170062943,0.9576446451976984,False,False,0.1481305315878081,1.1485376265468203,0.4475658361390446,1.460586680324336,0.6774585331937306,1.599832711339242,0.3686440277641727,1.155680170523213,1.0237927945163467,47.0,85.0,85.0,94.0,94.0,93.0,93.0,88.0,93.0,93.0,91.0,100.0,PTEN
2026-03-09,567.9284057617188,568.7982299977534,531.1056837078038,531.1056837078038,1611900.0,0.0515558438579073,555.8308982945874,542.1399261554517,533.0832836914062,523.8664265950521,491.0157482910156,466.79250183105466,424.9261862182617,451.0813978012692,573.857225586891,408.27978379676296,573.857225586891,408.27978379676296,573.857225586891,373.1393038777151,573.857225586891,362.7565943944974,573.857225586891,226.86144896614425,573.857225586891,1134687.5,1048696.0,1146024.2063492064,632125988.4625244,1,False,382,382,1404657450.2929688,255,0.0403282506985844,23.04261340435634,0.0405730954299619,3.860683979154557,1.208390816321678,5.9934352754818585,5.493478796177935,553.1013860818753,531.8955291993998,1105400.0,False,False,False,0.0663684822022513,0.0752762873724335,0.1245862250532861,0.6042103558418077,1.1073657189500103,0.1566398995111628,0.9896684757796528,False,False,0.1890646229870509,1.189486232029438,0.2223303417680371,1.2333251943168968,0.5257051021437977,1.4551017995178837,1.3608869635179044,1.9935280417959276,0.9901077950305074,43.0,89.0,89.0,87.0,87.0,90.0,90.0,84.0,85.0,78.0,82.0,100.0,PWR
2026-03-09,114.1925048828125,114.28745829514524,105.9466566089989,106.9361562667011,1996000.0,0.0373161558957113,116.03186947804122,113.42757606180704,111.49752685546876,109.38607381184896,101.62461975097656,94.13319849705958,0.0,92.5639800637896,140.43915374433396,75.56844486422929,140.43915374433396,72.67162205261458,140.43915374433396,70.36601730887807,140.43915374433396,70.36601730887807,140.43915374433396,0.0,0.0,2757745.0,2474864.0,0.0,355052280.9649658,1,False,126,126,1046952859.4970704,11,0.0601765459224281,7.182553571852991,0.0628986427719045,1.9661742077865307,0.5719321134661316,5.241254875963564,4.109251209011881,115.8616618544612,109.21500691749245,2299000.0,False,False,True,0.0730415861768326,0.3020557012102696,0.3758639833786571,0.8036303412076844,1.374693720543836,0.1236696891228974,0.0,False,False,0.2323304877026633,1.2327674376099942,0.3697974714174035,1.3821187897267,0.0,0.0,0.0,0.0,0.0,0.0,91.0,91.0,92.0,92.0,0.0,0.0,82.0,90.0,87.0,86.0,69.23076923076923,Q
2026-03-09,21.690000534057617,21.989999771118164,20.75,21.5,6557000.0,-0.005045812240944,23.01621283907333,23.55828578606759,24.00999992370605,23.869333267211918,23.592199897766115,21.271199932098387,20.75654993057251,20.75,27.61000061035156,19.01000022888184,27.61000061035156,15.5,27.61000061035156,15.5,27.61000061035156,15.5,27.61000061035156,11.970000267028809,27.61000061035156,7934395.0,8155574.0,7623903.968253968,170997400.9288025,-1,False,255,255,587204250.7724762,63,0.0481884935466694,1.1421427045549666,0.0526575692223508,-1.5311818953227718,-0.096309071155684,2.2709609769008465,1.410378187195934,22.420000076293945,21.75,5132200.0,False,True,False,0.0571691904373684,0.2286767617494739,0.3162748013574272,0.7230318721820733,0.7346791286548316,-0.0806283166449692,0.7855849349719168,False,False,0.0308935166466925,1.031259042640784,0.0539358899157698,1.0634160355929307,-0.016326472356419,0.9381531976271618,0.6532012746380709,1.3959597179582506,1.0407259893407526,49.0,67.0,67.0,68.0,68.0,48.0,48.0,29.0,54.0,79.0,76.0,7.6923076923076925,QXO
2026-03-09,44.90265274047852,45.06251962535656,43.13412318253112,43.76360070928156,1596100.0,0.0078492805254293,45.46557009312599,45.852231136746006,45.27275344848633,46.60827458699544,48.84556480407715,47.876258277893065,46.37790531223103,37.197317404063774,56.90880084707084,37.197317404063774,56.90880084707084,37.197317404063774,56.90880084707084,37.197317404063774,56.90880084707084,37.197317404063774,56.90880084707084,37.197317404063774,56.90880084707084,2159250.0,1915432.0,1732412.4293785312,98545581.56497955,1,False,252,252,304768265.42282104,245,0.0434360967319145,1.914271574408997,0.0426315920681303,-1.893478612785507,0.1826849240222738,3.65256624309485,2.392630752870648,45.481130837774224,43.95411580312766,1682100.0,False,False,True,0.0429461585258868,0.0907214686697962,0.1668134333026298,0.5438498978988763,0.9863519039047066,-0.0807220078100011,0.7890282710602873,False,False,0.1719299981820141,1.1723455317659135,-0.1277463465226042,0.8800995687569888,0.0417409300048843,0.9935334815041296,0.0,0.0,1.2463833457801896,69.0,87.0,87.0,30.0,30.0,60.0,60.0,78.0,67.0,57.0,53.0,50.0,RAL
2026-03-09,16.920000076293945,16.93000030517578,16.190000534057617,16.604999542236328,2734700.0,-0.0070423023935433,16.743315072756907,15.973514037721898,15.067200050354003,14.838333384195964,14.40140001296997,14.385100040435791,16.419925060272217,12.100000381469728,18.01499938964844,12.100000381469728,18.01499938964844,12.079999923706056,18.01499938964844,12.079999923706056,18.01499938964844,12.079999923706056,20.9950008392334,12.079999923706056,24.70499992370605,4056502.5,3738946.0,3527970.238095238,79660866.91813946,-1,False,123,123,391924940.04364014,18,0.0539389907374625,1.11528560093471,0.065915224344313,2.653192505575596,-0.107596510824516,3.2060594193284686,-1.6793922928920535,17.399999618530273,16.649999618530273,2750100.0,False,False,True,0.0437352108617867,0.1249999859090675,0.3238770400429356,0.3859488955823992,0.9459564272926112,0.1748857792336655,0.6848816081176388,False,False,0.3218749862629921,1.3223436861438391,0.2579925885678058,1.2693082227676855,-0.1318624794769186,0.8279637176064644,-0.2166666769687039,0.6614450287823929,1.1498119956335342,61.0,95.0,95.0,89.0,89.0,34.0,34.0,92.0,86.0,79.0,76.0,80.76923076923077,RELY
2026-03-09,6.170000076293945,6.230000019073486,5.860000133514404,5.940000057220459,41090700.0,0.0404722183647283,6.186417623992175,6.034684083341123,5.983600006103516,5.807333326339721,5.203200006484986,4.585000014305114,3.782000006437302,4.75,6.960000038146973,3.7899999618530273,6.960000038146973,3.680000066757202,6.960000038146973,3.0299999713897705,6.960000038146973,2.75,6.960000038146973,1.9700000286102293,6.960000038146973,51949582.5,47068534.0,41520897.61904762,410638397.6923704,1,False,165,165,1046426597.9908944,28,0.0654095786194488,0.338571412222726,0.0548738100544872,3.386109805165573,0.708861526080177,12.483513007691569,10.847287876011132,6.110000133514404,5.849999904632568,38509100.0,False,False,True,0.0599675657996628,0.1410048419450998,0.2884927370823502,0.4887639230406347,0.7999902865043556,0.1858087462722926,0.8864942589765622,False,False,0.2489878552279933,1.249430711371735,0.392776594893881,1.4053046102519968,1.0097720555246594,1.9167681424841043,1.2274368659851738,1.8808430569902657,1.2511671345989457,69.0,92.0,92.0,93.0,93.0,96.0,96.0,87.0,93.0,90.0,93.0,61.53846153846154,RIG
2026-03-09,15.869999885559082,15.970000267028809,15.052000045776367,15.114999771118164,25666200.0,0.0325309046013575,15.353507799013258,15.425920427141245,15.16399990081787,15.174666595458984,16.58139986038208,16.22359992980957,14.932174949645995,13.579999923706056,18.479999542236328,13.579999923706056,22.690000534057617,12.390000343322754,22.690000534057617,12.390000343322754,22.690000534057617,11.56999969482422,22.690000534057617,10.359999656677246,22.690000534057617,29680575.0,29731072.0,38309634.52380952,521081991.9997072,1,False,124,124,3047772267.079544,124,0.0549978104440769,0.7507857595171247,0.0473084918041053,-0.9068877802581402,0.6659689447514028,2.1704650772649705,-0.1825758398828843,15.619999885559082,14.800000190734863,24930200.0,False,False,False,0.0578450049068857,0.0894770060827836,0.2860743537864927,0.3127753498293784,0.8260855848050148,-0.0429034931195855,0.6994270388728402,False,False,0.1558631037633808,1.1562729404761103,-0.1212624388230581,0.8866417991592127,0.1168191303980163,1.065137374250576,0.4388032882829564,1.2149225041872749,0.7747548461093634,23.0,86.0,86.0,31.0,31.0,71.0,71.0,72.0,59.0,68.0,64.0,88.46153846153845,RIVN
2026-03-09,71.4800033569336,72.125,67.81999969482422,69.38999938964844,18434200.0,0.0195407607282169,70.92681963993932,71.99387513571891,71.4636001586914,73.6130002339681,77.31840057373047,66.3843002319336,54.27992508888244,63.869998931884766,89.80000305175781,52.25,99.58000183105467,37.56999969482422,99.58000183105467,37.56999969482422,99.58000183105467,37.56999969482422,99.58000183105467,14.710000038146973,99.58000183105467,20178790.0,21604672.0,21303773.80952381,1189872404.099083,1,False,255,255,3756904237.6922607,62,0.0759206604288842,5.3453570774623325,0.0747811531397169,-1.0097610622063025,0.2562977041063138,2.16074138587957,4.124548634823571,75.11000061035156,68.13500213623047,22272800.0,False,False,True,0.0602266382624364,0.1540291217006846,0.2004756203605774,0.7683184689671805,0.8209006829633887,-0.0755110966273727,0.7178148427653681,True,False,0.0778046394127482,1.0781867987782852,0.4478429188453854,1.4608662553876084,0.5593368917756909,1.487177249449598,2.830654016154609,3.2345962842047307,0.9471932147054204,38.0,77.0,77.0,94.0,94.0,91.0,91.0,61.0,84.0,94.0,92.0,65.38461538461539,RKLB
2026-03-09,41.77608871459961,41.94582720793801,40.39819562574745,41.36671515016378,2509800.0,-0.0025032712945655,38.04397148213211,35.17977630911543,32.45841018676758,31.466006787618003,30.132437744140624,29.298658428192137,28.780654458999635,24.06010426664264,42.27960188951472,24.06010426664264,42.27960188951472,24.06010426664264,42.27960188951472,24.06010426664264,42.27960188951472,23.511926759054333,42.27960188951472,20.52185529597855,42.27960188951472,3018332.5,2598400.0,1701999.2063492064,148769122.8213787,-1,False,26,26,573527593.1632996,17,0.0718562778662001,2.9603672905501788,0.070862720317702,5.453019997694253,-0.0354142964914626,5.903690405863733,0.9278345639804771,42.27960188951472,39.02042786272021,2993900.0,True,True,False,0.0370458707315437,0.1994520644491471,0.3841123332539513,0.5192545179674869,1.1218211206896551,0.3864158309834438,0.9880908723731388,True,False,0.6482426407519635,1.6488270614705305,0.4320058010655816,1.4448866828483686,0.3122983676123496,1.2515706433268112,0.5001722245528719,1.2667423063378047,1.7734041759480796,89.0,98.0,98.0,94.0,94.0,84.0,84.0,97.0,95.0,91.0,89.0,96.15384615384616,RNG
2026-03-09,29.530000686645508,29.76000022888184,28.5049991607666,28.59000015258789,8811200.0,0.0260597631030639,28.67500463369336,27.636264401863773,26.89560005187988,26.10666675567627,24.617799987792967,22.39130002975464,17.394275012016298,20.979999542236328,30.030000686645508,20.13500022888184,30.030000686645508,18.31999969482422,30.030000686645508,13.925000190734863,30.030000686645508,10.899999618530272,30.030000686645508,8.729999542236328,30.030000686645508,6582800.0,6405570.0,7016118.650793651,188811925.2564335,1,False,173,173,621022632.6599121,31,0.0373575431389969,1.0466431209019251,0.0354433828840123,5.629783545782636,0.716576629628733,16.27433629392209,15.489563878836584,29.3799991607666,28.309999465942383,5686400.0,False,False,False,0.0424991885856199,0.1045716620188635,0.1459533109743593,0.716473379882656,0.9644247116181698,0.1995385737672868,0.9833499837306912,False,False,0.3968780292919676,1.397373323153105,0.3942398612444413,1.4067810386727555,1.2856037548194874,2.179835495043925,1.7858490211253248,2.3523651193988866,0.938239549192254,37.0,96.0,96.0,93.0,93.0,97.0,97.0,92.0,89.0,88.0,94.0,96.15384615384616,ROIV
2026-03-09,41.413665771484375,42.09029494221419,40.98579721364682,41.712177747797945,4162700.0,0.003133213551294,40.597385799168,39.4021456505241,38.31311431884765,38.04644304911296,36.686617889404296,36.81266624450684,36.79098480224609,34.74688143847496,43.11519147420899,32.517988641133705,43.11519147420899,32.517988641133705,43.11519147420899,32.517988641133705,43.11519147420899,32.27519486319372,43.11519147420899,29.95057863733041,43.11519147420899,3467292.5,3273368.0,3020007.1428571427,140131163.19173813,1,False,229,229,267564877.85339355,229,0.0379968302919879,1.579985787014542,0.0381513144895869,3.3773247224932503,0.0818694513856962,2.2375026859428933,0.100167415533951,43.11519147420899,41.25445934706662,4770100.0,False,True,False,0.0266698856039902,0.1359923847393513,0.1929362258629909,0.7048566651030228,1.274509923723822,0.1288493776212969,0.9605353555314152,False,False,0.1564322213820055,1.1568422598879171,0.0514974307606135,1.0609556425153797,0.2054879945261742,1.1497030111962725,0.1878305928898731,1.0030016821731187,1.1481073838519775,61.0,86.0,86.0,68.0,68.0,78.0,78.0,76.0,76.0,67.0,63.0,92.3076923076923,RRC
2026-03-09,195.60504150390625,196.02421471154707,178.02963049453325,183.4888875271036,2051600.0,0.050884800502621,205.53032614993504,204.56108137961036,208.67211791992187,200.09752655029297,180.5533270263672,160.90737396240235,152.43094291687012,151.15251471864966,228.84961011220076,138.79417282239487,228.84961011220076,127.39474769883324,228.84961011220076,127.39474769883324,228.84961011220076,127.39474769883324,228.84961011220076,89.72651735679214,228.84961011220076,1147487.5,1026334.0,851803.1746031746,236758018.3557892,1,False,32,32,961507701.6448976,32,0.0478171636744535,10.34749346952628,0.0528999323840006,1.5758880380343008,0.9153303202956612,8.715160183479306,7.931084250841769,193.03009766542,185.20550105642857,1609600.0,False,False,False,0.0919944807079753,0.2498085899943433,0.2598091502495993,0.9615080521773448,1.1531918459292978,0.0833643706567699,0.8547318101525483,False,False,-0.0200499867942824,0.980297476059012,0.3890903850206941,1.4015852429477662,0.3530530151335349,1.290439334834408,0.6021458643063526,1.35284863565975,1.3471275221938148,76.0,44.0,44.0,93.0,93.0,86.0,86.0,87.0,86.0,86.0,83.0,23.07692307692308,RRX
2026-03-09,20.729999542236328,20.82999992370605,19.940000534057617,20.5,1079300.0,-0.0067082554560267,20.00981348323768,19.290690721153936,18.47360019683838,18.274000199635825,18.590400104522704,18.445900049209595,17.9060999917984,15.510000228881836,21.030000686645508,15.510000228881836,21.030000686645508,15.510000228881836,21.030000686645508,15.510000228881836,22.649999618530277,15.510000228881836,22.649999618530277,9.541999816894531,22.649999618530277,2337365.0,2117476.0,1629246.0317460315,45214108.22365284,-1,False,221,221,225781918.29109192,221,0.0521043055824583,1.038785525730678,0.05011025319196,2.296768066161667,-0.1347740159342265,2.114092931889985,-1.0920225919096012,20.915000915527344,20.149999618530277,1715800.0,False,False,False,0.0429329189243399,0.1365171242739331,0.2662807804948065,0.5126811030832011,0.8618185046725441,0.1150916293185695,0.9152317832834236,False,False,0.2361358960273238,1.236574195225962,0.1115281483244325,1.121526335947802,-0.021708399255675,0.9330203239774786,0.9686609751116356,1.662333232941585,1.434629856053779,80.0,91.0,91.0,76.0,76.0,47.0,47.0,89.0,82.0,74.0,71.0,92.3076923076923,RSI
2026-03-09,99.79000091552734,99.9000015258789,97.62999725341795,98.93000030517578,1498000.0,0.0141260098383522,100.48183930360278,100.59936787030182,99.58640045166015,99.32466684977211,100.39079971313475,83.90379981994629,61.93344995498657,92.5,107.4499969482422,73.0,124.48999786376952,56.65999984741211,124.48999786376952,42.18000030517578,124.48999786376952,34.0,124.48999786376952,29.170000076293945,124.48999786376952,3368060.0,3534648.0,2439696.4285714286,224976153.97720337,1,False,255,255,2466976419.308472,59,0.0360403878889197,3.735358646937779,0.0374321937335162,-0.1598784249290889,0.3721193922805643,19.17689652631553,20.04327172870729,100.08000183105467,97.30999755859376,1601100.0,True,False,True,0.0227478129234862,0.1222567074487707,0.1368874226614957,0.893118630417165,0.7864460619558157,-0.005984600175755,0.801590510305321,False,False,0.0378575073518716,1.0382255025821978,0.2715341061043805,1.2829715461561768,1.463950639889564,2.3499292261583005,1.5443650639880917,2.1484565682331884,1.38052421627398,78.0,68.0,68.0,89.0,89.0,97.0,97.0,47.0,84.0,92.0,96.0,57.692307692307686,RVMD
2026-03-09,28.59000015258789,28.71500015258789,27.40999984741211,28.5,4643900.0,-0.009698672618845,29.894637918238185,30.35353749023881,30.535199966430664,30.76266663869222,30.822799949646,28.96449996948242,28.707899980545044,27.40999984741211,33.459999084472656,26.649999618530277,34.47999954223633,23.96999931335449,34.47999954223633,23.96999931335449,34.47999954223633,23.96999931335449,34.47999954223633,21.309999465942383,34.47999954223633,5066175.0,4371454.0,2703200.396825397,123281820.72216988,-1,False,40,40,244828463.99383545,347,0.0352569587681366,1.2932142530168806,0.0452330971009044,-1.601479455137635,-0.216515311358738,2.151194166660488,3.3984610489231377,29.040000915527344,28.450000762939453,4241800.0,False,True,False,0.0456453409657521,0.2044421542325193,0.2044421542325193,1.0,1.2741847449384118,-0.0724398756993441,0.8291763495404496,False,False,-0.0311758749291207,0.9691676429955706,0.0744080983397681,1.0840723913830543,0.0768361948831906,1.027004683119189,0.0731982285141181,0.9062063521078794,1.8741396331362077,90.0,40.0,40.0,71.0,71.0,66.0,66.0,27.0,33.0,54.0,50.0,0.0,SARO
2026-03-09,23.283166885375977,23.459852267591263,22.53716297836839,22.664769919844986,2584400.0,0.0184628584858757,24.02614485560628,23.678333380606908,23.497904205322264,23.19433409372965,21.712559127807616,19.86288148880005,18.641980819702148,20.658073316457276,26.28155315018301,17.256931793328306,26.28155315018301,17.068226105289796,26.28155315018301,16.068736164172837,26.28155315018301,16.068736164172837,26.28155315018301,11.524586677959164,26.28155315018301,1713730.0,1606656.0,1395842.0634920634,49894110.51938057,1,False,383,383,108355499.28817748,11,0.0340093577636246,0.8685707089938052,0.0373046636340243,1.9390704837202175,0.485948915018448,11.257780616811589,8.398357774565191,23.5084624509121,22.64851517189468,2806200.0,False,False,True,0.0396290287212779,0.1608196251931027,0.1950464239885533,0.824519731787242,1.8260536169534736,0.0723363721578476,0.8859128968644625,False,False,0.0839781035638984,1.0843624518670747,0.1817965486591926,1.192426800033354,0.2546261898798303,1.1965672947224262,0.539157685524926,1.299661548500218,1.227739186848014,68.0,78.0,78.0,84.0,84.0,82.0,82.0,63.0,83.0,76.0,79.0,50.0,SBLK
2026-03-09,13.984159469604492,14.061903157163249,13.022079714203644,13.284465354797836,6136600.0,0.0205673129015535,14.88065776795644,15.422966615037936,15.72872974395752,16.26302366256714,16.06088991165161,13.840042057037351,11.006670541763306,13.022079714203644,20.689559062266344,11.855923489334875,20.689559062266344,9.445867630188484,20.689559062266344,8.24083817282084,20.689559062266344,6.8997587274158825,20.689559062266344,3.090314784059945,20.689559062266344,7986267.5,7889982.0,8947126.984126983,99311198.60665798,1,False,277,277,231391587.84866333,45,0.0505720240229075,1.0148338019676322,0.0725702395037357,-1.781771333790753,0.2777009365423162,6.725039103288279,9.067504847508175,13.964723901534231,13.177568787243466,7173900.0,False,False,False,0.0743572357866577,0.3029883043139658,0.3029883043139658,1.0,0.9056573259609464,-0.1293035724340856,0.675904180824657,False,False,-0.0643693091752456,0.9359624392864953,0.1651821642300548,1.1756629693369134,0.6752037760663598,1.597682295017698,2.847593517990937,3.248899964324365,0.8926069244538906,32.0,29.0,29.0,83.0,83.0,93.0,93.0,45.0,62.0,83.0,88.0,7.6923076923076925,SBSW
2026-03-09,187.7682037353516,188.45765911502195,174.86554744678958,176.30355091199448,2415516.0,0.0306536617478747,196.81685658152136,196.5428417653933,198.16500793457035,196.8931157430013,182.5065188598633,156.76072402954102,126.815259475708,174.86554744678958,220.51731173580117,135.80929494434244,220.51731173580117,115.9620348798722,220.51731173580117,100.73292570456417,220.51731173580117,86.51351648650997,220.51731173580117,69.26649610332004,220.51731173580117,2382802.7,2176542.4,1669629.2698412698,356658162.48447496,1,False,262,262,1024899313.1293182,39,0.0501035873786281,10.849772565710026,0.0577828000155029,0.4989394800769017,0.5147199807867158,11.210263605120346,13.909320524617383,188.0242844513682,180.00690886386028,1818707.0,False,False,False,0.072387717397508,0.2431283006432499,0.2431283006432499,1.0,0.9223883715750264,0.0288301201971226,0.85148962799036,False,False,0.0191710291711915,1.019532398699248,0.3797222296970024,1.3921328211349602,0.9023939125012492,1.8143590144535904,1.2338349771657584,1.8862456087642896,1.427144781803287,80.0,64.0,64.0,93.0,93.0,95.0,95.0,45.0,85.0,89.0,91.0,23.07692307692308,SCCO
2026-03-09,12.3100004196167,12.375,11.550000190734863,11.93000030517578,3064800.0,-0.0024310966450757,13.035160720491676,13.14141060554071,12.943200073242188,12.900333404541016,13.413100051879884,10.901950025558472,8.378725004196166,10.649999618530272,16.8799991607666,9.720000267028809,16.8799991607666,4.614999771118164,16.8799991607666,4.614999771118164,16.8799991607666,4.614999771118164,16.8799991607666,4.25,16.8799991607666,4479982.5,4317748.0,3502052.777777778,51744893.76191616,-1,False,112,112,411190458.3734512,110,0.0858008928638525,1.4663569586617606,0.1191191639867888,-0.6904050175006261,-0.020458683538127,4.728893096176625,4.82711310067005,12.649999618530272,11.890000343322754,1966100.0,False,False,True,0.0670186662179516,0.4329812175747838,0.4329812175747838,1.0,1.149566857537772,-0.0822404684969588,0.7292654639597531,False,False,0.0741710627085798,1.0745519337094938,0.2334670324902903,1.2445620594913331,0.914463568935638,1.8258701372600643,0.0241264518143771,0.8647702459226372,1.2792447128231934,71.0,76.0,76.0,87.0,87.0,95.0,95.0,70.0,75.0,97.0,97.0,38.46153846153847,SGML
2026-03-09,29.690000534057617,29.790000915527344,28.11000061035156,28.56999969482422,1382900.0,0.0341344995066537,30.04951719907645,29.76628514638243,30.283600311279297,29.73600025177002,26.32160011291504,23.34470001220703,22.64718927383423,23.8799991607666,33.709999084472656,19.65999984741211,33.709999084472656,19.65999984741211,33.709999084472656,19.65999984741211,33.709999084472656,19.65999984741211,33.709999084472656,19.52236908845316,33.709999084472656,1985342.5,1725812.0,733122.2222222222,66780347.30629921,1,False,5,5,182344050.0,5,0.0370102791835162,1.3471433094569616,0.0453736370907654,2.820381341933873,0.7274663673161864,14.857230462195345,10.80752518001715,29.020000457763672,28.11000061035156,2499000.0,False,False,True,0.0565847179170185,0.1263051509783015,0.1886156407338994,0.6696430396061052,1.298385919207886,0.1279709594664735,0.8807475924178618,False,False,-0.0139488564523493,0.98640076969104,0.4632823654205322,1.476444579672593,0.3600549994421245,1.2971172963574498,0.3975479251104243,1.1800865613277451,2.7080648216910927,95.0,46.0,46.0,95.0,95.0,86.0,86.0,83.0,90.0,85.0,82.0,46.15384615384615,SKM
2026-03-09,85.13999938964844,85.41000366210938,78.12000274658203,80.97000122070312,2060700.0,0.0380395376039774,87.61920548554527,87.23661500241397,87.739599609375,86.58166631062825,82.58560012817382,76.64179992675781,64.28269994735717,76.01000213623047,96.45999908447266,66.75,96.45999908447266,60.27999877929688,96.45999908447266,57.5,96.45999908447266,46.02000045776367,96.45999908447266,24.049999237060547,96.45999908447266,1518287.5,1395532.0,1943400.396825397,127959165.1493454,1,False,360,360,428002598.7213135,104,0.0565467612412555,5.190714154924665,0.0609668098676985,0.5073305091191639,0.601073889538291,2.252740205570769,2.584408639771357,87.55999755859375,81.73999786376953,1458100.0,False,False,True,0.0856236900139522,0.2154098716157667,0.2154098716157667,1.0,1.1844945153532846,0.0309303226895507,0.8826456582804756,False,False,0.0233173378914077,1.0236801775845126,0.0876341430419882,1.0974174042613365,0.4033295196838888,1.3383892513299969,1.6334671997409829,2.223694226347331,0.7812530564880857,23.0,65.0,65.0,73.0,73.0,87.0,87.0,61.0,77.0,80.0,80.0,26.923076923076923,SMTC
2026-03-09,111.36000061035156,111.7750015258789,106.18000030517578,108.87999725341795,2617500.0,0.002340253283541,117.40333472153378,119.98395450720987,121.76799957275392,121.5816660563151,120.7379995727539,109.34349983215331,107.77349990844726,106.18000030517578,133.99000549316406,106.18000030517578,133.99000549316406,83.12000274658203,133.99000549316406,83.12000274658203,133.99000549316406,83.12000274658203,133.99000549316406,60.5,133.99000549316406,1651205.0,1575150.0,1784138.492063492,239464811.464386,1,False,340,340,631424546.697998,26,0.0478738298627952,5.419643402099609,0.0486677745365944,-1.595969975651917,0.0479740301972159,4.910068768214876,2.24921335554017,111.68499755859376,108.52999877929688,2116200.0,False,False,False,0.0502424675829521,0.2147090149215774,0.2497306486670688,0.8597623722501881,1.252172808938831,-0.0776723069422016,0.8311067694973187,False,False,-0.0163412992587403,0.9840074785913762,0.0470101539235359,1.0564280026557349,-0.0496671759657535,0.906355363464474,0.2249477078919708,1.0343432968843072,0.9254914948279916,35.0,45.0,45.0,67.0,67.0,43.0,43.0,31.0,23.0,74.0,71.0,0.0,SN
2026-03-09,588.72998046875,589.510009765625,517.0,517.0,21205500.0,0.1164355553240681,590.3241182037203,587.7905580158806,610.1032055664062,594.9330037434896,499.117201538086,354.23580131530764,207.1043256759644,454.3299865722656,725.0,199.5,725.0,164.55999755859375,725.0,89.55999755859375,725.0,40.52999877929688,725.0,27.88500022888184,725.0,20190520.0,18335556.0,8308370.634920635,12048231700.949709,1,False,103,103,23587122625.0,38,0.0816396241392101,48.990003313337056,0.0832130262405372,2.15762562377938,1.2533161711828402,18.2794638728556,20.64935228031274,570.9000244140625,526.6300048828125,16108900.0,False,False,True,0.1231634402377336,0.2838143671950098,0.2964686423619433,0.957316648849882,1.0758681111170012,0.179542557648809,0.8120413523706896,False,False,0.0217458660122635,1.0221081485054135,1.7599736871546905,2.7847996304304705,7.588329019099195,8.19089678141816,11.660859795026882,10.690803678725686,2.430141948065954,94.0,64.0,64.0,99.0,99.0,99.0,99.0,87.0,99.0,99.0,99.0,46.15384615384615,SNDK
2026-03-09,73.80455017089844,73.86449456860686,68.93886249418912,70.29765807489986,3540800.0,0.0235556048385561,75.45276137973569,74.15086546187699,73.83159790039062,71.99969139099122,64.92197151184082,56.21759100755056,0.0,60.52841972507781,84.28463026364236,46.903540364958616,84.28463026364236,40.35560743628419,84.28463026364236,40.35560743628419,84.28463026364236,40.35560743628419,84.28463026364236,0.0,0.0,3138450.0,2861636.0,0.0,275282369.7482681,1,False,80,80,1902054924.557495,80,0.0566972207155482,4.211855756381411,0.0570676976775636,2.3974911374664205,0.4032667985698825,11.533457857396144,10.36468336495686,74.64379881351381,71.0469902855493,2398800.0,False,False,True,0.0667388672244755,0.1719235811223151,0.2829298200024729,0.6076545099445948,1.0213633040680226,0.1368192994175718,0.0,False,False,0.1658878280807452,1.1663012192802016,0.5745444809129181,1.588707497085958,0.0,0.0,0.0,0.0,0.0,0.0,87.0,87.0,96.0,96.0,0.0,0.0,80.0,92.0,93.0,91.0,46.15384615384615,SOLS
2026-03-09,74.15666198730469,74.3741894027777,68.06592452848331,68.61963273430709,1136000.0,0.065492313766948,72.31653057871097,72.89606034739866,72.51611755371094,73.95726140340169,74.40503585815429,64.74420265197755,51.87782422065735,64.91180106546224,85.1615024472888,62.08395686086624,85.1615024472888,42.86254826962372,85.1615024472888,40.1236994001325,85.1615024472888,35.338121783593564,85.1615024472888,29.02986187079477,85.1615024472888,1557372.5,1459090.0,1417039.6825396826,98000631.17851256,1,False,112,112,338319094.11621094,112,0.0434436995247753,3.857557626530365,0.0520190300257954,-0.0641713721263366,1.1816198084916334,13.377819477316514,12.067453571871226,71.45735301266919,68.03626006279985,1162800.0,False,False,True,0.0850667317708332,0.2135998551325632,0.2135998551325632,1.0,1.047029312790849,-0.0033381325334364,0.8707768164753127,False,False,0.0590229546484413,1.059398454554118,0.2361958711489153,1.2473154440338785,0.6354121562147006,1.5597320662542735,0.7780938471865793,1.5014187464652695,1.0990323836300806,56.0,73.0,73.0,88.0,88.0,92.0,92.0,67.0,65.0,91.0,91.0,73.07692307692307,SQM
2026-03-09,44.22999954223633,45.790000915527344,42.75,44.4900016784668,1055400.0,-0.0234047549539263,45.48243712025901,45.737462116683794,46.35360015869141,46.00366681416829,45.33360000610352,41.02565015792847,37.802750158309934,42.06999969482422,49.81999969482422,40.625,49.81999969482422,27.06999969482422,49.81999969482422,27.06999969482422,49.81999969482422,27.06999969482422,49.81999969482422,22.709999084472656,49.81999969482422,1120302.5,1063894.0,1648869.0476190476,55124428.0603981,-1,False,147,147,336764250.0,167,0.0481241314546538,2.3596433912004744,0.0533493876468886,-0.4563123542741453,-0.4492210040059219,3.705845283278033,3.290737753394738,46.52000045776367,44.880001068115234,1471000.0,False,True,False,0.0687316515258918,0.1382546177199805,0.1514809141370543,0.9126867137525512,1.4111368237813169,-0.0243439846762357,0.8877960620869166,False,False,-0.00494940870477,0.995403408390964,-0.0214602036356258,0.9873417547274916,0.4081502628813438,1.342986910531486,0.2241903746100177,1.033703806236136,0.6794369156348147,17.0,50.0,50.0,46.0,46.0,87.0,87.0,33.0,39.0,89.0,86.0,23.07692307692308,SRRK
2026-03-09,30.13999938964844,30.209999084472656,27.780000686645508,29.059999465942383,4521500.0,-0.0127743625360501,30.58204967076602,29.446991417969357,28.23559989929199,27.95633322397868,25.98839992523193,24.02329996109009,20.1429499912262,22.450000762939453,33.4900016784668,20.809999465942383,33.4900016784668,18.190000534057617,33.4900016784668,18.190000534057617,33.4900016784668,12.220000267028809,33.4900016784668,8.649999618530273,33.4900016784668,4610035.0,4136612.0,3166065.0793650798,146094057.79973984,-1,False,19,19,358359851.9153595,5,0.069367130551154,2.3985719680786133,0.0795810224502659,2.0073652019180925,-0.1625972879644226,4.196659003288788,3.7454107541140393,31.36000061035156,29.850000381469727,3887200.0,False,False,True,0.0806237042812193,0.1894492736380872,0.3029197496019501,0.6254107693111193,1.1186376677338847,0.1597481751997262,0.8999700770104074,False,False,0.3377717918807565,1.3382461283240443,0.4196891210329978,1.432459214368323,0.4284359642058464,1.362333873755434,1.9694581795474717,2.5074043108982065,1.4560771444800793,81.0,95.0,95.0,94.0,94.0,88.0,88.0,90.0,88.0,89.0,87.0,73.07692307692307,SSRM
2026-03-09,33.030704498291016,33.060626202649786,30.986232239691955,32.28272656433435,2422500.0,0.0042449722808564,34.99139817478237,35.53813444262564,36.061723175048826,35.81733957926432,35.26475730895996,33.5471678352356,31.80955753326416,30.986232239691955,38.984611783979865,30.986232239691955,38.984611783979865,27.99124060505984,38.984611783979865,27.99124060505984,38.984611783979865,27.99124060505984,38.984611783979865,17.011904581649606,38.984611783979865,2010460.0,1876574.0,1673319.4444444445,87802566.8539238,1,False,31,31,190966870.2629089,31,0.0413722077236708,1.698978357621794,0.0514363342661885,-1.2316364288179416,0.0821798194148754,2.9893663401308865,3.285007767424938,33.35981682260889,32.49216347906407,1970200.0,False,False,False,0.0628019896779724,0.2421498319753289,0.2421498319753289,1.0,1.0075115609616248,-0.0633508630470943,0.8472754501524749,False,False,-0.0631563344432393,0.9371758441053996,0.0015023458756679,1.0105108522049084,0.0414363853448889,0.9932430299075724,0.207934971734802,1.019977777856469,1.2014800919662347,66.0,29.0,29.0,52.0,52.0,60.0,60.0,41.0,31.0,52.0,48.0,0.0,ST
2026-03-09,181.79736328125,183.31267786769857,174.47003423295,178.69695799021767,1285700.0,0.0041296988387624,189.45196146953623,190.1175028576655,193.56653869628903,190.71077728271484,183.4629864501953,171.29465072631837,151.06847450256348,169.67488061644534,207.82679867234205,164.4175786332602,207.82679867234205,149.12985419591234,207.82679867234205,133.57815297542808,207.82679867234205,118.74164403824004,207.82679867234205,101.79240958842848,207.82679867234205,1349405.0,1284868.0,1412122.2222222222,241331521.403656,1,False,353,353,444246514.6667481,280,0.0353081077053571,6.889391496567624,0.0378959923962669,-0.2395714215863638,0.1085263719495405,6.898567301680305,8.42504662446438,185.7650849759428,179.74372676995665,1239900.0,False,False,False,0.0486401093786411,0.1466878787816405,0.1834832136029794,0.799462119183521,0.9115566735259965,-0.0090787967707997,0.8747541916760705,False,False,-0.055227488398571,0.9451075014970068,0.0879465145049527,1.0977325855033422,0.363407254776823,1.3003144232223394,0.4770766080554378,1.247240415801888,0.9555865482213532,39.0,31.0,31.0,73.0,73.0,86.0,86.0,44.0,45.0,59.0,73.0,11.538461538461538,STLD
2026-03-09,33.39702224731445,33.59622982776605,30.538405436475006,31.13602627804552,13791400.0,0.0691962393844631,32.895417022796046,32.509951868423684,32.42768592834473,31.830596733093262,30.149158325195312,27.538735103607177,27.63229928970337,27.1618514247937,34.93091676997513,25.38891172776522,34.93091676997513,20.954763399178773,34.93091676997513,20.954763399178773,34.93091676997513,20.954763399178773,34.93091676997513,17.016323465504293,34.93091676997513,8303867.5,7676330.0,7096321.031746032,291742797.6656246,1,False,39,39,543574532.1670532,382,0.0345139644171661,1.416502185305879,0.0424140264606909,2.539879598351524,1.5258630870026275,5.612309531392431,4.907834540073694,31.75357020236878,31.0663079561481,7463500.0,False,False,True,0.0915597914283191,0.1267522472497496,0.131524041304411,0.9637192257222604,1.0129788583867552,0.1077265204914506,0.9560877679574922,False,False,0.1570047067421454,1.1574149482353464,0.3111626450778135,1.322956543549933,0.2565502278986007,1.198402296243703,0.3115168861659005,1.1074421309712874,1.170165140902152,63.0,86.0,86.0,91.0,91.0,82.0,82.0,81.0,80.0,88.0,85.0,80.76923076923077,STM
2026-03-09,75.81986236572266,77.87737540282639,75.56142861507689,76.33672986701418,1543500.0,-0.0074171089804938,75.83401853460073,72.90088961201353,71.21866424560547,69.45872192382812,63.37581680297851,60.3205265045166,53.54626115798951,56.33229217529297,80.89119436257101,48.35682602735494,80.89119436257101,48.35682602735494,80.89119436257101,48.35682602735494,80.89119436257101,42.88187239113954,80.89119436257101,29.702446776000865,80.89119436257101,1138607.5,1085670.0,1025181.3492063492,89926415.10341644,-1,False,182,182,200861173.84490967,6,0.03642553954576,2.682332805304619,0.0353777060734585,5.550196426984069,-0.2112215405056026,9.082182376287625,6.01156674010285,77.47979196675156,75.31294171986028,1029400.0,False,True,True,0.0305453836961396,0.133214182631849,0.1970839321249246,0.6759261457570738,1.2100269879429293,0.1963532178438023,0.9373067484438714,False,False,0.1730664288551464,1.1734823653855626,0.3714436136347248,1.3837797389813131,0.4461556685096508,1.379233583655572,0.9734370623534808,1.6663661510752403,1.1106400841972597,57.0,87.0,87.0,92.0,92.0,89.0,89.0,90.0,92.0,87.0,84.0,76.92307692307693,STNG
2026-03-09,121.12073516845705,121.44854673480036,115.37909898647546,117.87244191482552,2393700.0,0.0073529519075192,124.8428244663826,126.3628695058212,127.8076528930664,127.88089701334636,128.7249575805664,123.2845457458496,114.73032501220705,115.37909898647546,134.46160192412088,115.37909898647546,136.14038725094292,110.1670746415,136.14038725094292,103.26867853006507,136.14038725094292,103.26867853006507,136.14038725094292,70.82569678561639,136.14038725094292,2164532.5,2097080.0,2032550.396825397,256522734.91958615,1,False,237,237,569086774.2538452,80,0.0346422938387942,4.331771724433774,0.0357640805136219,-1.6517525636740722,0.2040952973801531,3.97352324685622,4.515809402753435,121.73662096392056,118.2697791417798,2862000.0,False,False,False,0.0501107241454849,0.1463954089652112,0.1575494312439989,0.9292030304983244,1.0798157437961355,-0.0590734116758209,0.8896752654684265,False,False,-0.0526765621372135,0.9476593322454356,0.0070493608132953,1.0161077625016228,0.0945042645959186,1.043855147862916,0.397975623652155,1.1804477090868504,1.0649342340444514,52.0,32.0,32.0,54.0,54.0,68.0,68.0,32.0,23.0,32.0,46.0,0.0,STT
2026-03-09,373.4118957519531,373.74110343386377,341.1612024902892,341.5801857828855,2929900.0,0.0610261046551758,379.423719269225,386.82184843938313,404.0465930175781,404.1144266764323,365.6533856201172,313.0680368041992,238.0899935913086,341.1612024902892,458.7121847191072,273.3191572321058,458.7121847191072,216.5679551536309,458.7121847191072,204.570884648562,458.7121847191072,143.56460448416743,458.7121847191072,62.34147675842067,458.7121847191072,4377792.5,4100572.0,4203325.0,1389862282.2071838,1,False,80,80,7292260189.373779,80,0.0602969138316467,25.00851045368059,0.0669729881082659,0.3168174226015038,0.8587957850956194,8.832174162895644,8.902441329483745,369.4316813999193,350.28874534629074,2415600.0,False,False,True,0.0872492315167604,0.2257366633277471,0.3148024569278952,0.7170740201035076,0.8691324039670563,0.0212182094763819,0.8140439870386531,False,False,-0.0767542875113718,0.923573069583613,0.4129130223167299,1.4256221646933036,1.0009304781553898,1.908335716635542,3.40436211775767,3.719034211993956,1.0415070212272428,49.0,25.0,25.0,94.0,94.0,95.0,95.0,53.0,84.0,91.0,91.0,15.384615384615383,STX
2026-03-09,11.557821273803713,11.607768835032097,10.778642557720554,11.487895259686264,6663100.0,-0.0219780388274408,12.220492252373514,11.987105621958497,11.582595138549804,11.662710730234782,10.92728563308716,9.05945381641388,6.961804107427597,9.549937319383035,13.985263230531675,7.901673616380373,13.985263230531675,5.943736743500315,13.985263230531675,4.99473677109524,13.985263230531675,4.285484349690852,13.985263230531675,3.137237090831968,13.985263230531675,7057167.5,6642602.0,6199403.968253968,70395418.61473083,-1,False,42,42,141552094.9497223,48,0.0654504816225685,0.8687987110037346,0.0751697651678438,0.7676339093422294,-0.2989490212905148,9.395137795946198,11.119853866480534,11.982374082896166,11.228168673127724,3434300.0,False,True,True,0.0717372468105898,0.2759723167866844,0.3528954527803804,0.7820228756487603,0.7954322718717756,0.0577028607001293,0.8264285829509066,False,False,0.2077244512687068,1.208152676564055,0.4776501112725613,1.4909415632942364,1.3516260156685758,2.2428025195591865,2.0064356443319027,2.5386280052560437,1.1383622580716606,60.0,90.0,90.0,95.0,95.0,97.0,97.0,79.0,89.0,94.0,95.0,57.692307692307686,SVM
2026-03-09,41.61462020874024,42.39569856333858,39.67675807488151,41.53552194779285,8727600.0,-0.0177362654895973,44.40590265504607,44.87763792510372,45.60575897216797,44.9467362721761,43.06928497314453,39.87037273406983,41.56177701950073,39.67675807488151,51.63020999607687,34.77175351580642,51.63020999607687,32.075669135022466,51.63020999607687,32.075669135022466,51.63020999607687,32.075669135022466,51.63020999607687,32.075669135022466,51.63020999607687,6574635.0,6112736.0,4704977.380952381,363639134.4955826,-1,False,26,26,996657872.0737456,26,0.0394665916955399,2.0324959390971338,0.0488409104517131,-0.6915307658349195,-0.3697007399775358,2.5639958937388045,2.3252557528440043,43.50304846401677,42.01998999365256,7448200.0,False,True,False,0.0653361841299711,0.1663103305936319,0.2872416439519688,0.5789910136478732,0.967761408312088,-0.0337749922087479,0.806012995335528,False,False,-0.01639450242416,0.9839542565616028,0.164944917518037,1.1754235885924436,-0.094814665581232,0.8632971123706751,-0.0739175877526814,0.7819820628252814,1.3973786625663147,79.0,45.0,45.0,83.0,83.0,38.0,38.0,31.0,65.0,70.0,66.0,15.384615384615383,SW
2026-03-09,73.9990234375,74.41001858717812,69.9869044646313,72.26696071751772,2781600.0,-0.0060462989028408,79.39029879869415,81.50105278616967,83.99564331054688,83.04193496704102,81.14763046264649,74.4705528640747,71.37780769348144,69.9869044646313,91.36854273524456,69.634630643901,91.36854273524456,59.87015977165716,91.36854273524456,59.87015977165716,91.36854273524456,59.87015977165716,91.36854273524456,50.898493889279074,91.36854273524456,1964887.5,1859450.0,2231291.6666666665,160971845.98205566,-1,False,283,283,483135287.0803833,301,0.0375926397418651,3.668916610945897,0.0495806085068769,-1.7767802911822046,-0.1226906889612376,5.389532033616435,2.8084907156241954,74.51766453888324,72.25717618389494,2095600.0,False,False,False,0.059772601273348,0.2509918769789179,0.2889448708559287,0.868649705514466,1.0519831132861868,-0.0880938480198396,0.8098960673141562,False,False,-0.1162791079076673,0.8840342347920056,0.0472234143918719,1.056643181400435,-0.0243829819850032,0.930469509841158,-0.0791056523840313,0.7776012718407632,0.8806054041941328,31.0,16.0,16.0,67.0,67.0,47.0,47.0,37.0,29.0,62.0,58.0,0.0,SWK
2026-03-09,28.540000915527344,28.6299991607666,27.100000381469727,27.790000915527344,2052800.0,0.0185581887676091,29.514027138611603,29.942413744814456,30.095600051879885,29.957000096639,30.199800109863283,28.353000030517578,25.009900007247925,25.75,41.77999877929688,25.75,41.77999877929688,20.540000915527344,41.77999877929688,20.32999992370605,41.77999877929688,19.959999084472656,41.77999877929688,18.43000030517578,41.77999877929688,2061980.0,1840984.0,1446833.7301587302,89393842.2324562,1,False,353,353,451038392.48657227,353,0.0632591710446268,1.6714284079415458,0.0585644132559293,-0.938464144777166,0.3111114154174754,6.09650195005833,5.452254771597245,28.780000686645508,27.670000076293945,2016900.0,False,False,False,0.0536089253754883,0.1559214685648371,0.5143657297446131,0.3031334701132858,1.1870065139077797,-0.0549606020006022,0.6831020045330803,False,False,0.0669159220757884,1.0672942206068503,-0.0406722381335347,0.9679569081187728,0.3584007903195658,1.2955396371704733,0.2419495859028175,1.0486996473159738,1.4251672165355054,80.0,74.0,74.0,42.0,42.0,86.0,86.0,57.0,45.0,78.0,76.0,42.30769230769231,TDC
2026-03-09,7.159999847412109,7.179999828338623,6.550000190734863,6.630000114440918,9791800.0,0.0654762010354037,6.856661567567233,6.9510886160246494,7.038400001525879,7.330666669209799,7.391400012969971,5.9167000102996825,3.76925000667572,5.75,9.779999732971191,4.78000020980835,9.779999732971191,2.5199999809265137,9.779999732971191,1.7000000476837158,9.779999732971191,1.159999966621399,9.779999732971191,0.9200000166893004,9.779999732971191,20599867.5,19699176.0,8338485.714285715,109072896.78608418,1,False,87,87,317553721.75893784,48,0.1101101609814707,0.7096428530556815,0.0991121324272336,-0.3158712788806573,0.6200302804796017,7.019391569825264,9.633453688755813,7.050000190734863,6.449999809265137,8570500.0,False,False,True,0.0879887780767851,0.2807262949325795,0.3491620186142313,0.8040000915527343,0.7515268658953045,-0.0313066760223793,0.7321063438553778,False,False,-0.0151306924075652,0.985218514689865,0.4011741018268462,1.4137776526988497,2.616161504262274,3.448820551760466,4.188405704458229,4.38107898594146,2.4704566519443407,95.0,46.0,46.0,93.0,93.0,99.0,99.0,83.0,90.0,98.0,99.0,61.53846153846154,TE
2026-03-09,50.78982162475586,51.10881528867589,47.97868758477033,48.64657938025776,6989700.0,0.0081123752622263,54.80230547173829,55.80472023807261,57.080780792236325,56.874962997436526,54.03937232971192,48.39995788574219,42.82860938072204,47.97868758477033,62.21379219783103,42.43616384455579,62.21379219783103,37.88053341901352,62.21379219783103,37.88053341901352,62.21379219783103,30.81625297035033,62.21379219783103,28.10317191246043,62.21379219783103,4687405.0,4410756.0,4450798.015873016,235889510.01688004,1,False,181,181,1621412051.3980863,181,0.0393128798556485,2.615322386013347,0.0514930413683239,-1.167789264099545,0.1562753723678952,3.644949762170856,6.407205224241526,51.27827940572241,49.493909772708086,3688400.0,False,False,False,0.0616290351840866,0.2802747510757599,0.2802747510757599,1.0,1.1640838894738226,-0.0601330208857624,0.8163755950328737,False,False,-0.0473073874310162,0.953030410710741,0.135249499575206,1.1454610605808353,0.4881872161568037,1.419320085648622,0.2577710130253499,1.0620592274726626,1.053160575537952,50.0,34.0,34.0,80.0,80.0,90.0,90.0,37.0,65.0,74.0,71.0,0.0,TECK
2026-03-09,296.3280944824219,296.3280944824219,262.9206973192305,265.29980373528207,6533700.0,0.0856620651069932,304.67814655161897,301.71471631212273,305.81749633789065,295.28539276123047,264.1186285400391,219.1082470703125,162.21349670410157,226.8394401804368,344.78978943447333,182.0151211582944,344.78978943447333,143.88664894009116,344.78978943447333,112.63516038741848,344.78978943447333,102.73699452375172,344.78978943447333,65.50238473774172,344.78978943447333,3694337.5,3423388.0,3659646.4285714286,1125196533.040619,1,False,222,222,3335094922.6379395,34,0.0557079978679813,19.324130560488733,0.0652119421691723,1.870067814567068,1.2099481006491415,16.263737302258743,16.602773948184268,294.9485994330188,269.02839646985245,5896900.0,False,False,True,0.1127378665244077,0.276278535986399,0.276278535986399,1.0,1.1867892275137963,0.1219507541759781,0.8594456783899005,False,False,0.093807231505177,1.0941950649420782,0.4930471237050209,1.5064770717417284,1.469118847055479,2.3548582701372696,1.8232160676031175,2.383917775728342,1.0094793505617736,45.0,79.0,79.0,95.0,95.0,97.0,97.0,88.0,93.0,95.0,97.0,30.76923076923077,TER
2026-03-09,61.356876373291016,62.26431582144789,58.28554431951548,62.09479596377526,1689000.0,-0.0083803177604709,65.17430633900675,65.13528898781627,65.45137542724609,64.27501856486002,61.67245948791504,55.534291458129886,52.39063753128052,55.56855490742141,71.11422445420352,48.8251370686906,71.11422445420352,41.475010482740494,71.11422445420352,41.475010482740494,71.11422445420352,41.475010482740494,71.11422445420352,31.01903618751463,71.11422445420352,2286890.0,2009184.0,1197469.8412698412,151212972.5032425,-1,False,35,35,611036653.0609131,35,0.0489586423076662,2.8759280057264425,0.0468721384744147,-0.1091711089090088,-0.1803020148561378,6.305753681292269,6.883740568933602,63.98944597499036,61.06769348185844,1674600.0,False,False,False,0.064846382950231,0.1790941947839242,0.2090830057358076,0.8565698305017841,0.8424514628824438,-0.0051170833341884,0.8627932997118447,False,False,0.0070147084677119,1.0073717677046103,0.2269236358255111,1.2379598050210658,0.1689361508532676,1.114842635210501,0.5502754273963129,1.3090493466136155,1.909768347547607,91.0,59.0,59.0,87.0,87.0,76.0,76.0,56.0,74.0,83.0,80.0,26.923076923076923,TEX
2026-03-09,7.190000057220459,7.210000038146973,6.71999979019165,6.869999885559082,8510100.0,-0.0013888544874417,7.829984463715272,7.903289984553367,8.068399963378907,8.074999984105428,7.393999986648559,6.03650000333786,4.664050005674362,6.71999979019165,9.25,5.099999904632568,9.25,3.930000066757202,9.25,3.5299999713897705,9.25,3.0,9.25,1.6699999570846558,9.25,8077215.0,7716148.0,8776940.476190476,48329201.04235649,-1,False,276,276,144980655.2889347,276,0.0609619282149362,0.5007143701825824,0.0696403847284739,-0.3961771377384699,-0.0199709707573029,8.071456068640096,11.516087092689524,7.5,7.139999866485596,5095500.0,False,False,False,0.0681502425668614,0.3045897134619882,0.3045897134619882,1.0,0.8033684683082802,-0.0275899282927326,0.7772973034832928,False,False,-0.0539473490206485,0.9463880947765312,0.3439252682966653,1.356013866326749,1.1591592258111816,2.0592422942735733,2.423809706543046,2.8910577953279826,0.9202768347251932,35.0,32.0,32.0,92.0,92.0,96.0,96.0,43.0,86.0,93.0,93.0,0.0,TGB
2026-03-09,68.44294738769531,68.70630621193247,66.03373877992105,66.61897730417387,1296000.0,0.0128464269234498,68.47823328046168,66.63630901951915,65.76024383544922,64.74265454610189,60.31225608825684,54.3492000579834,46.60864904403687,57.9126653337961,73.3979217996721,47.81429627207519,73.3979217996721,43.13474458298045,73.3979217996721,43.00714165444414,73.3979217996721,35.9520165739527,73.3979217996721,23.581263486371327,73.3979217996721,1309082.5,1252020.0,1070111.507936508,100777718.61463548,1,False,255,255,256070321.0781097,255,0.0363723372218269,2.673608141952587,0.0390633110349255,3.451062673347201,0.3246905873480891,11.103222377649365,10.0573953505172,69.73045770080367,67.33100508883528,1289100.0,False,False,True,0.0390481055246299,0.1239846426861827,0.1701582304141257,0.7286432303887557,1.2718327183271834,0.1348099346099833,0.9324916252329242,False,False,0.0760619313941328,1.0764434728441714,0.3726634305653058,1.385010528156328,0.5752307349092218,1.5023355914597016,1.7594168929409348,2.330045885333817,1.2233141035220705,67.0,76.0,76.0,93.0,93.0,91.0,91.0,74.0,87.0,87.0,85.0,80.76923076923077,TIGO
2026-03-09,20.8799991607666,21.280000686645508,20.170000076293945,20.600000381469727,2097600.0,-0.0122989705008765,22.82251099420051,22.51718688439551,21.700800018310545,21.387666702270508,21.49,19.90090002059937,17.682675023078918,17.709999084472656,29.649999618530277,17.709999084472656,29.649999618530277,13.234999656677246,29.649999618530277,11.460000038146973,29.649999618530277,9.979999542236328,29.649999618530277,9.979999542236328,29.649999618530277,2120357.5,1889506.0,1898706.349206349,71129545.08479118,-1,False,17,17,312014426.12457275,17,0.072691866009269,2.1197851725987027,0.1015222824616663,-0.2795970879522528,-0.1226540463829617,4.677810492037636,4.860377502092979,22.59000015258789,21.020000457763672,1797700.0,False,True,False,0.0531609509083337,0.4540229848308228,0.5718391290212698,0.7939697753945328,1.5694419599620215,-0.0283853345385479,0.7042158323576264,False,False,0.1024286468852262,1.102819537234773,0.0082085989284954,1.017277427955252,0.6597773678376444,1.5829697569642034,0.1153846114658352,0.9418284461326074,1.1167379836730942,58.0,81.0,81.0,55.0,55.0,92.0,92.0,74.0,62.0,87.0,91.0,57.692307692307686,TNDM
2026-03-09,16.450000762939453,16.950000762939453,16.15999984741211,16.950000762939453,3535000.0,-0.029498523745983,14.137998780827246,13.27157161370739,12.847200012207033,12.639000034332277,11.843100032806396,10.318450002670287,8.187124999761581,10.800000190734863,17.6299991607666,8.300000190734863,17.6299991607666,7.369999885559082,17.6299991607666,6.690000057220459,17.6299991607666,6.204999923706055,17.6299991607666,1.0299999713897705,17.6299991607666,3457892.5,3369094.0,2644842.0634920634,54424699.58362579,-1,False,137,137,303081370.6260681,4,0.0845962102270441,1.200857094355992,0.0730004278821328,5.328660494696691,-0.4163692768689893,8.518940377954042,6.229291543729651,17.6299991607666,16.0,8098300.0,True,False,False,0.0480243695372436,0.4151974865204373,0.4151974865204373,1.0,1.5011394754791645,0.3889944961514762,0.9330687207034536,False,False,0.3765691234727344,1.377057216364161,0.6616163027066435,1.6765625292844892,1.3703170932721642,2.260628651632609,6.796209279997324,6.583102901388203,1.3074098252333608,74.0,96.0,96.0,97.0,97.0,97.0,97.0,95.0,97.0,96.0,96.0,92.3076923076923,TNGX
2026-03-09,146.85720825195312,147.58585048008075,141.03801594176187,144.2021365548612,1334800.0,-0.0037241686714986,152.30840490915423,153.41880093611357,155.43447021484374,153.60267384847006,148.6724234008789,141.963108291626,133.03477691650392,141.03801594176187,168.04783335407512,132.07018753276026,168.04783335407512,123.4422002045778,168.04783335407512,123.4422002045778,168.04783335407512,121.17394769337965,168.04783335407512,85.77452048550833,168.04783335407512,1305300.0,1198522.0,1508676.984126984,196008560.6103516,-1,False,334,334,604459748.7869263,334,0.0330618522770358,5.0741451291874045,0.0345515565057047,-0.3533703202682569,-0.1081887569482026,4.387353722423309,2.596506783308914,148.09489678825872,144.4915896143702,996400.0,False,False,False,0.0445864020994134,0.1355943360409331,0.1839189082634222,0.7372506574839217,0.8986318148519593,-0.0122094945881876,0.8739012299106912,False,False,-0.0230411406596936,0.97730526161414,0.0449584386089085,1.0543578321767495,0.0021622988216585,0.9557863851771627,0.3350461769346078,1.1273102151599068,0.8651951436478824,29.0,43.0,43.0,66.0,66.0,51.0,51.0,26.0,46.0,53.0,50.0,15.384615384615383,TOL
2026-03-09,145.08567810058594,145.28510554287985,137.457468121639,140.14977663095328,2253500.0,0.0093652804377186,150.394382052586,149.2042762045652,149.46119232177733,145.56647618611655,139.54484222412108,125.7069048309326,111.90726345062257,123.62457567393088,161.07692252971748,113.75927609104978,161.07692252971748,92.16569291056967,161.07692252971748,92.16569291056967,161.07692252971748,91.44213330832297,161.07692252971748,57.39275375216151,161.07692252971748,2425320.0,2338910.0,3820347.222222222,362391458.9603424,1,False,353,353,1744802206.1401367,353,0.0341013554211035,5.696030805664163,0.0392597731232657,1.0113784874239284,0.2363331475197159,5.874865818585842,6.317247301305713,147.2295507293832,143.01160019570818,1772100.0,False,False,False,0.0539518271115226,0.1627965952070294,0.1627965952070294,1.0,0.985749772329846,0.039706489958015,0.9007229330062394,False,False,0.0188566490912585,1.0192179071489356,0.2723712602495007,1.283816230496754,0.4052507795815152,1.340221603290051,0.8992107507360729,1.603689607922198,0.6348428189700617,15.0,63.0,63.0,89.0,89.0,87.0,87.0,73.0,77.0,87.0,85.0,26.923076923076923,TPR
2026-03-09,115.45999908447266,115.62000274658205,108.43000030517578,109.31999969482422,2148900.0,0.044036557625904,122.03461095976314,125.15376870443625,128.6536001586914,129.4793332417806,127.09359970092774,112.5332999420166,82.58674997329712,108.43000030517578,149.57000732421875,108.43000030517578,149.57000732421875,77.04000091552734,149.57000732421875,64.83000183105469,149.57000732421875,45.5099983215332,149.57000732421875,28.63999938964844,149.57000732421875,2104540.0,1937998.0,1234521.4285714286,291478297.5801468,1,False,26,26,656771957.3165894,32,0.0686465583659852,8.620715005057198,0.0746640834350788,-1.2259668630306932,0.5649186574112618,8.814564674447212,10.15711616689597,117.8000030517578,109.47000122070312,1780900.0,False,False,False,0.0622726701751133,0.2630348431266033,0.3563139385523828,0.7382109276871125,1.0527565043926774,-0.0915356921499656,0.7719462019828162,False,False,-0.1055159788764835,0.8948011801275653,0.0033892360361758,1.0124147149287093,0.8266097256254359,1.7420818053500433,1.9559650544053355,2.496010744091336,1.7047415713434355,88.0,18.0,18.0,52.0,52.0,94.0,94.0,40.0,30.0,84.0,90.0,3.8461538461538463,TSEM
2026-03-09,346.9078063964844,347.6041904053892,330.21405140915897,333.8751301072361,19182800.0,0.0289474534592035,355.6347439602245,355.9015566353684,357.4226708984375,353.67914326985675,340.0528039550781,315.1482916259766,275.8802507781982,317.4300944641324,388.2044166508074,273.6661568096194,388.2044166508074,264.73394728093143,388.2044166508074,255.9630722413997,388.2044166508074,221.25304655666736,388.2044166508074,132.2977728138838,388.2044166508074,14108622.5,13339278.0,13306294.444444444,4670777284.045868,1,False,336,336,14339200109.771729,53,0.037242149019629,12.65106386162221,0.0364680864147611,0.5527748537264773,0.771443621365121,3.92072748931372,6.063874252650481,346.927687332115,334.95951905814144,13803000.0,False,False,False,0.0501289929934723,0.1671636214936329,0.1953254399220991,0.8558210418484258,1.05297078297641,0.0201586411336041,0.8936214826956242,False,False,0.0543343974861014,1.0547082349606056,0.1936004813262932,1.204336908989087,0.4409613055245887,1.3742795942402568,1.0096587585735537,1.6969516760291892,1.0602968812170348,51.0,72.0,72.0,85.0,85.0,88.0,88.0,53.0,76.0,71.0,72.0,34.61538461538461,TSM
2026-03-09,96.8000030517578,96.88999938964844,85.87999725341797,86.41999816894531,2229100.0,0.1011261405905294,100.1804572804575,99.83474656327076,99.95000061035157,99.3553337097168,92.30759994506836,79.17009979248047,61.70119992256164,81.80000305175781,113.45999908447266,61.380001068115234,113.45999908447266,55.43999862670898,113.45999908447266,47.880001068115234,113.45999908447266,39.20000076293945,113.45999908447266,15.770000457763672,113.45999908447266,2976002.5,2653072.0,2011861.9047619049,199062460.01663208,1,False,39,39,626283741.6511536,55,0.0769032458137284,8.507143293108259,0.0878837089350047,0.5537744094889361,1.0450040728537318,8.51642741027457,8.459877399767414,97.25,87.66000366210938,2348400.0,False,False,True,0.1137396879041785,0.2849173653053294,0.2849173653053294,1.0,0.7562365439008063,0.0486677490191798,0.8531641444813407,False,False,0.0455822114629467,1.0459529456571943,0.328940251489324,1.3408940594020318,1.0293501363414368,1.935440230941808,3.2643171717331274,3.600780550837846,1.4792280190583942,82.0,70.0,70.0,91.0,91.0,96.0,96.0,75.0,92.0,92.0,93.0,46.15384615384615,TTMI
2026-03-09,28.979999542236328,29.350000381469727,27.209999084472656,27.21999931335449,1273300.0,0.0638766441166802,28.6764471233184,29.268852146520807,29.68419990539551,29.84783331553141,31.47569995880127,32.31224988937378,25.3461249256134,26.43000030517578,33.1349983215332,22.59000015258789,42.130001068115234,22.59000015258789,42.130001068115234,22.05500030517578,42.130001068115234,15.420000076293944,42.130001068115234,12.90999984741211,42.130001068115234,2215907.5,2196392.0,1907169.8412698407,43590983.76563072,1,False,55,55,341140127.3288727,180,0.0565018564765105,1.511785915919713,0.052166526563135,-1.519935413757031,1.1509564633426386,3.178713539786345,3.692317458065849,27.399999618530277,26.43000030517578,1433700.0,False,False,True,0.0738440762871016,0.1746031589326903,0.1746031589326903,1.0,0.6575693227802687,-0.0792897511360057,0.6878708475554474,False,False,-0.0166270710056012,0.9837216055178504,-0.179733992632765,0.8276442941475496,0.3391867079302693,1.277214702803101,0.530094969645061,1.292009010059996,1.161882624215887,62.0,45.0,45.0,24.0,24.0,85.0,85.0,54.0,77.0,68.0,68.0,30.76923076923077,TVTX
2026-03-09,126.66000366210938,127.7699966430664,123.76000213623048,125.5,1992200.0,-0.0107005790068712,122.64021856566735,120.54982173233611,116.39760040283204,118.5933339436849,124.2120004272461,124.55620040893557,119.14800033569335,105.0,137.63999938964844,105.0,145.89999389648438,105.0,145.89999389648438,98.44000244140624,145.89999389648438,91.83999633789062,145.89999389648438,77.51200103759766,145.89999389648438,2753497.5,2551458.0,2759613.888888889,330624157.4464035,-1,False,203,203,1381198226.0009766,129,0.054751714866263,5.717357090541294,0.0451394041152365,0.4366089254227828,-0.23962035176253,2.243659210833036,1.491747566388134,128.4499969482422,122.6969985961914,1640400.0,True,True,False,0.0316595167447917,0.1684035495416701,0.1839570089112,0.9154505747751212,0.8812373160757496,0.0197082667249781,0.8681289167974489,False,False,0.1614855581617309,1.16189738843946,0.0114997798064879,1.020598212981345,0.1655471224467644,1.1116104369790138,0.1640474818860597,0.9829192727058736,0.9977836070062136,44.0,86.0,86.0,56.0,56.0,76.0,76.0,78.0,67.0,57.0,65.0,96.15384615384616,TWLO
2026-03-09,48.33000183105469,48.380001068115234,44.5,46.36000061035156,1240700.0,0.0296123401152974,47.99288480530805,47.66719085283415,48.63120025634765,47.51666679382324,43.468400154113766,37.26860006332397,34.13909997940063,39.65999984741211,57.880001068115234,30.209999084472656,57.880001068115234,23.299999237060547,57.880001068115234,23.299999237060547,57.880001068115234,23.299999237060547,57.880001068115234,23.299999237060547,57.880001068115234,1390727.5,1337594.0,1413878.174603175,62585841.54827118,1,False,115,115,139167275.36010742,19,0.0633284737039718,3.322856903076172,0.0687535025281346,1.6267128200385172,0.4183156978739867,7.222729082694266,6.842190455794054,47.83000183105469,45.7599983215332,842500.0,False,False,True,0.0802814177760307,0.1620112049328225,0.3101593443109471,0.5223482958179064,0.6937306836005545,0.1118422039850672,0.8350034716512571,False,False,0.0261147218000317,1.0264785533671927,0.4730265104590252,1.4862763732249546,0.8761646506845759,1.7893435340597454,0.2335375562687314,1.041596546988383,0.9836261178515806,42.0,65.0,65.0,95.0,95.0,95.0,95.0,80.0,93.0,95.0,94.0,69.23076923076923,TWST
2026-03-09,20.90999984741211,21.25,20.25,20.489999771118164,1657100.0,0.0048054004822724,21.22604963087516,20.712205478401543,19.90600006103516,20.12833340962728,19.86060005187988,17.693700037002564,14.921350030899047,17.260000228881836,23.299999237060547,15.18000030517578,23.559999465942383,12.34000015258789,23.559999465942383,11.15999984741211,23.559999465942383,11.15999984741211,23.559999465942383,6.78000020980835,23.559999465942383,2709035.0,2575452.0,3110844.4444444445,53744245.39784432,1,False,255,255,210078426.80168152,255,0.0703081658872148,1.2767141887119835,0.0610575895757356,0.8653841850835591,0.0783263649404665,9.946420112928465,7.904768055308771,21.43000030517578,20.56999969482422,1616300.0,False,False,True,0.0478240080008304,0.2287421842945756,0.2888569608921466,0.7918873880971953,0.9645103073169292,0.0528382723981644,0.887521236052614,False,False,0.1813558726615314,1.1817747483967624,0.1520661315091163,1.1624289579968856,0.4978509878419506,1.4285366580710572,0.8230165092078625,1.539351348845396,0.8708358930765494,30.0,88.0,88.0,81.0,81.0,90.0,90.0,79.0,84.0,91.0,92.0,73.07692307692307,TXG
2026-03-09,6.480000019073486,6.510000228881836,6.099999904632568,6.389999866485596,15332200.0,-0.0166919773850395,6.977127261763493,7.027232779240598,7.17600004196167,7.0113333861033125,6.428200035095215,5.491400036811829,5.738550019264221,5.920000076293945,8.149999618530273,4.260000228881836,8.149999618530273,4.130000114440918,8.149999618530273,4.130000114440918,8.149999618530273,4.130000114440918,8.149999618530273,4.130000114440918,8.149999618530273,11500527.5,12365796.0,12642267.063492063,75582600.80441475,-1,False,213,213,216330502.3973465,334,0.0501539854669494,0.367142847606114,0.0566578466860264,0.1422263869896107,-0.2996112663821167,5.841282163579257,5.692248530431738,6.650000095367432,6.480000019073486,9876800.0,False,False,False,0.0632716547905025,0.2700617276001514,0.3163579796085888,0.8536586557237564,0.7672494354589061,0.0080582408287648,0.7950920640953422,False,False,0.0318471023221893,1.0322129664310775,0.4304635141170634,1.443330523039947,0.2607004255632592,1.2023604399778454,-0.060869575433184,0.7929997772904659,0.9096887007877612,34.0,67.0,67.0,94.0,94.0,82.0,82.0,53.0,91.0,87.0,84.0,19.230769230769237,UAA
2026-03-09,52.900001525878906,53.11000061035156,48.709999084472656,49.34000015258789,1253700.0,0.0462816473304927,56.91003476324745,55.84522806827599,55.37680023193359,53.68933359781901,46.1810001373291,36.28599998474121,30.09385003089905,41.869998931884766,73.80000305175781,23.81999969482422,73.80000305175781,21.489999771118164,73.80000305175781,21.489999771118164,73.80000305175781,21.489999771118164,73.80000305175781,16.65999984741211,73.80000305175781,1656477.5,1450740.0,700040.4761904762,128814753.67786407,1,False,10,10,433048890.1779175,10,0.0856318592208551,5.4800006321498325,0.103591691381502,1.4044829542033517,0.4270072778568086,14.180329777170227,13.900798041021654,56.220001220703125,49.880001068115234,1678200.0,False,False,False,0.0831758298480654,0.4742911766271125,0.48317581542577,0.9816119960581464,2.062692143319961,0.1454927647424138,0.7168021590565354,False,False,0.2061103691228354,1.2065380221098203,1.0091151416316837,2.02718711774247,1.169811458033517,2.069401585380238,1.2143157336705723,1.869763600153291,2.366259604036501,94.0,90.0,90.0,98.0,98.0,96.0,96.0,84.0,98.0,97.0,96.0,38.46153846153847,UCTT
2026-03-09,82.369873046875,82.4797134704946,77.88641367486458,80.46265841711373,725000.0,0.0175157082118306,81.02500236943189,79.14182626368498,76.5063427734375,75.68754704793294,76.92876922607422,79.14479736328126,74.06559980392456,68.16251132537734,84.58664248774267,68.16251132537734,85.18818743977616,68.16251132537734,91.52538848863556,65.86443651344388,91.52538848863556,61.35535446129981,91.52538848863556,48.921589508522345,91.52538848863556,972427.5,1035088.0,990255.1587301588,65703049.383392334,1,False,80,80,308083026.6265869,91,0.0389759204565949,3.49267902272943,0.0424023844341949,1.668045716389593,0.4059722046600408,4.14289917024223,3.3502615767932427,81.10172553173649,78.93488739756872,460000.0,False,False,True,0.0557643180172933,0.086122502497865,0.199394882556377,0.431919322069435,0.5799700122115221,0.0707291157201637,0.8999674779539736,False,False,0.1917030570577638,1.1921256016150423,0.0767877122106934,1.08647340986347,0.2960378377729493,1.236062583350359,0.6200147230632616,1.3679370628302354,0.981996903956532,42.0,89.0,89.0,72.0,72.0,83.0,83.0,78.0,67.0,57.0,60.0,88.46153846153845,ULS
2026-03-09,17.280000686645508,18.600000381469727,16.06100082397461,18.5,7397100.0,0.0504559200736318,15.023669071039672,14.438754106430698,13.645200080871582,13.934333419799804,14.428800048828125,12.73560004234314,11.406850004196167,11.020000457763672,18.600000381469727,8.65999984741211,20.149999618530277,7.244999885559082,20.149999618530277,7.244999885559082,20.149999618530277,7.244999885559082,20.149999618530277,4.449999809265137,20.149999618530277,3562002.5,3544142.0,3254927.777777778,42308341.90956116,1,False,241,241,322865888.95139694,241,0.1128184533666563,1.5677144186837333,0.0907242104391413,2.178082708005186,0.529433112188207,3.685580733290228,1.5203570754045252,17.200000762939453,14.949999809265137,7283100.0,False,False,False,0.1469328389238624,0.3234953663461372,0.4172453559981089,0.7753120836355176,1.0609168594260614,0.1976048339549172,0.8575682885251538,False,False,0.5581605454363461,1.5587130255646306,0.5795248034223484,1.5937326175601985,0.8075313732400795,1.7238863199651149,2.0157069160777423,2.546456647835738,1.0943414856448428,55.0,98.0,98.0,96.0,96.0,94.0,94.0,96.0,97.0,97.0,96.0,100.0,UMAC
2026-03-09,8.170000076293945,8.25,7.480000019073486,7.900000095367432,6176300.0,-0.0048721025173168,8.673772055056137,8.43210740313874,8.142000064849853,8.242000023523966,7.401600017547607,5.932200009822846,4.240175004005432,6.539999961853027,10.5,4.809999942779541,10.5,3.5199999809265137,10.5,2.690000057220459,10.5,2.174999952316284,10.5,1.0,10.5,7759430.0,7459054.0,2826093.333333333,59972398.47807884,-1,False,61,61,122988755.0989151,17,0.0862838525914424,0.7635712964194161,0.0934603781259431,1.110795837116241,-0.0523853660301238,9.41172359987268,12.627127364910937,8.600000381469727,7.980000019073486,5949900.0,False,False,True,0.0942472428073463,0.315789519761369,0.399020832122272,0.7914111102464985,0.8784612633183779,0.1038153989576073,0.7780952453613281,False,False,0.2435311815567231,1.243972102916672,0.827740595026663,1.8441811084076984,1.970909118652344,2.8334277696789627,5.536000061035156,5.518984857893499,2.745638266252117,96.0,91.0,91.0,98.0,98.0,98.0,98.0,83.0,94.0,97.0,98.0,61.53846153846154,USAS
2026-03-09,90.80999755859376,91.88999938964844,86.18000030517578,86.83000183105469,832700.0,0.0377099227723254,91.00804136195693,87.10492042924254,85.0011993408203,80.4863328297933,69.33939964294433,61.95949985504151,54.49704992294311,55.2400016784668,102.19499969482422,48.084999084472656,102.19499969482422,48.084999084472656,102.19499969482422,46.70000076293945,102.19499969482422,43.52999877929688,102.19499969482422,27.149999618530277,102.19499969482422,1911445.0,1692480.0,1492051.984126984,239508264.18281555,1,False,28,28,1324808623.1765747,28,0.0673738306160669,5.08214351109096,0.0559645815188111,5.532874267549447,0.6493314120629559,10.504405280995645,8.195698611608313,90.18499755859376,86.45999908447266,831700.0,False,False,True,0.0628785292146755,0.1301618765841012,0.3094923919450529,0.4205656745423653,0.6397003214218189,0.3096449929796034,0.8885953112165127,False,False,0.5600412126241907,1.5605943595844345,0.5236577161662905,1.5373630062599235,0.7767559474495789,1.6945350532060517,1.607234934958484,2.201543756523141,1.2810847211321577,71.0,98.0,98.0,95.0,95.0,94.0,94.0,97.0,96.0,94.0,92.0,61.53846153846154,VAL
2026-03-09,17.089101791381836,17.138577299718317,15.812613292708267,16.73287209177625,9934800.0,-0.0028867459420959,18.39235878576628,18.97436758329362,19.65236724853516,19.645704396565755,19.33848972320557,17.70912607192993,15.326954131126405,15.812613292708267,21.690392784481528,15.812613292708267,21.690392784481528,13.371193064301483,21.690392784481528,12.819803436967092,21.690392784481528,11.40312731562482,21.690392784481528,9.146926497230712,21.690392784481528,7234725.0,6759934.0,8323496.428571428,117045330.7950306,-1,False,353,353,1039609436.8786812,353,0.0450994837964375,0.96549376615888,0.0564976309431187,-2.0587877211329766,-0.0512429162368946,4.841913133585904,5.327953889329379,17.791663001746308,17.08910100151865,5186100.0,False,False,False,0.0775912053890826,0.2530399316600742,0.3439490011544941,0.7356902645762137,0.8773443646047432,-0.1163166288587953,0.7878650221405071,False,False,-0.1407959911789673,0.8595086585199397,-0.0653760298391656,0.9430309059861238,0.1639381999927509,1.1100759687814374,-0.1408706350066307,0.7254470489737284,0.8691930202752192,30.0,13.0,13.0,38.0,38.0,76.0,76.0,48.0,36.0,68.0,70.0,0.0,VFC
2026-03-09,11.47836685180664,12.994188882697836,11.438476823389854,12.71495868378033,31073100.0,-0.0777242633136408,11.068601939030902,10.422860811214008,10.031553993225096,9.930964597066245,9.036296854019165,8.345179343223572,11.27509308576584,8.526501667155225,13.393090014382611,5.704279297886197,13.393090014382611,5.704279297886197,13.393090014382611,5.704279297886197,15.215773544963213,5.704279297886197,15.215773544963213,5.704279297886197,19.36883179169448,15348055.0,14592592.0,9407986.507936507,194629690.5430746,-1,False,6,6,580485717.4720764,6,0.0766055294570295,0.960210851372746,0.083653960861306,3.230584534290397,-1.0074171090473438,3.5030449761251994,-3.754705583525382,12.944325498995138,12.13655222388422,28751200.0,False,False,True,0.1355342688897524,0.3822762967638464,0.4239791609780629,0.9016393538823616,1.8479821816439463,0.2702511921906696,0.592620503665516,False,False,0.2349786355634371,1.2354165244298978,0.644145948596414,1.6589350294658909,-0.0999922830459116,0.858359093562529,0.2736197806963103,1.0754418939315809,1.6313857366879188,87.0,91.0,91.0,97.0,97.0,37.0,37.0,90.0,97.0,95.0,93.0,92.3076923076923,VG
2026-03-09,29.239999771118164,29.290000915527344,26.8700008392334,27.1299991607666,4278400.0,0.0487805111653443,30.04285782258134,28.700962457213866,28.19439987182617,27.188999938964844,23.632200050354005,20.106300010681156,15.413799986839294,18.809999465942383,35.61000061035156,16.90999984741211,35.61000061035156,13.770000457763672,35.61000061035156,12.050000190734863,35.61000061035156,9.68000030517578,35.61000061035156,8.100000381469727,35.61000061035156,5587517.5,4998988.0,3305913.888888889,170282228.8581562,1,False,130,130,615849998.4169006,7,0.0716812989053123,2.406428473336356,0.0822991960387533,2.8833193570339897,0.5651531410223095,20.046220263004,18.90360323666016,30.479999542236328,27.56999969482422,6358600.0,False,False,True,0.0827633411503752,0.298905603267176,0.3440492972653095,0.868787134992107,1.4598674771773807,0.2372948650068724,0.8211176430763192,False,False,0.1548183303136157,1.1552277965789153,0.6708571297781809,1.6858864775284377,1.5077187095853923,2.3916718911637043,1.7049027415444775,2.284014249273779,1.6901582097402883,88.0,86.0,86.0,97.0,97.0,98.0,98.0,96.0,95.0,96.0,96.0,73.07692307692307,VIAV
2026-03-09,72.61000061035156,72.77999877929688,65.65299987792969,67.05999755859375,4378400.0,0.0536931759049761,74.21798845629733,74.85896455600847,75.88480010986328,75.0660001118978,73.65580032348633,68.6670001220703,62.54300008773804,65.65299987792969,81.4749984741211,65.65299987792969,81.4749984741211,56.369998931884766,81.4749984741211,56.369998931884766,81.4749984741211,55.54999923706055,81.4749984741211,31.790000915527344,81.4749984741211,2631697.5,2410018.0,2767213.492063492,199317737.00885773,1,False,255,255,942375293.8201904,255,0.0437035462952195,3.81778335571289,0.0525793048288256,-0.2700391459206235,0.9691479593009256,4.427069072000345,3.616295679657705,70.62999725341797,68.30000305175781,4081700.0,False,False,True,0.0981545082145493,0.2179038488251405,0.2179038488251405,1.0,1.280148115076319,-0.0141984705690761,0.891193641855847,False,False,0.0049827074097101,1.0053390461558938,0.0739535564984814,1.0836137609412055,0.155658101134464,1.1021790385477048,0.6117647467265366,1.360970799969896,0.951027995327372,38.0,58.0,58.0,71.0,71.0,75.0,75.0,57.0,45.0,69.0,65.0,23.07692307692308,VIK
2026-03-09,9.800000190734863,10.050000190734863,9.359999656677246,9.4399995803833,3308500.0,0.0261780099483708,9.184747457212412,8.67333129537043,8.267600040435791,8.154000043869019,7.388800029754639,6.684700012207031,5.927525012493134,6.860000133514404,10.9399995803833,5.550000190734863,10.9399995803833,4.815000057220459,10.9399995803833,4.75,10.9399995803833,4.15500020980835,10.9399995803833,4.15500020980835,10.9399995803833,4215695.0,3664902.0,1860642.0634920637,59138056.110589504,1,False,13,13,364077198.2191086,13,0.077889518576484,0.9147143704550608,0.0933381992502257,3.496229501303988,0.2733093609053367,6.324261683792923,4.979166189166655,9.618000030517578,8.670000076293945,4013500.0,False,False,False,0.0704082163906444,0.2316325979498922,0.4010203341849904,0.5776081116201958,2.859323387091933,0.3263317658172289,0.8957952985946553,False,False,0.4161849830474744,1.416687122614158,0.4454277120165282,1.4584293237908623,0.8595825856173789,1.7735288181719258,0.2143742950845708,1.0254151291004383,2.265720571794427,94.0,96.0,96.0,94.0,94.0,95.0,95.0,93.0,95.0,95.0,94.0,100.0,VIR
2026-03-09,8.661418914794922,8.744373386700778,8.222248564414848,8.300323252005807,6526500.0,0.0313771987790394,8.672150717495791,8.796586644146235,8.946391677856445,8.943463897705078,8.954199199676514,8.745690746307373,7.155137038230896,7.992903533106121,9.715427751901643,7.992903533106121,10.027727127075195,7.525431367749579,10.027727127075195,7.165799493173859,10.027727127075195,6.289897886125749,10.027727127075195,1.4346237228760303,10.027727127075195,4382057.5,4100288.0,5515395.238095238,42085182.55335331,1,False,217,217,537147118.5548306,217,0.0499567533868332,0.4597001056920686,0.0530744569930495,-0.6160692293772728,0.5732064695728053,2.3360854804979225,1.2221571801462228,8.617501472700058,8.297882592147555,7501700.0,False,False,True,0.0602816729478431,0.1019718712043459,0.1988732141627753,0.5127481427482897,1.6881448327532116,-0.0326975398193252,0.8637469692816834,False,False,0.0016930991677883,1.002048271510941,-0.0573552428913641,0.9511238398542818,0.1079900238691988,1.056716842143706,2.1867144150999667,2.6908550243468325,0.7945137765889938,24.0,55.0,55.0,39.0,39.0,70.0,70.0,49.0,37.0,45.0,53.0,38.46153846153847,VISN
2026-03-09,60.25,63.84999847412109,59.790000915527344,63.400001525878906,2167000.0,-0.0373861662707015,59.44198875653337,58.03054166960669,57.31720016479492,57.500666809082034,53.864600067138674,50.26380004882813,46.73924997329712,52.29999923706055,64.0,43.709999084472656,64.0,43.709999084472656,64.0,33.369998931884766,64.0,31.6299991607666,64.0,31.6299991607666,64.0,1428552.5,1282088.0,1156882.9365079366,82075972.45920181,-1,False,133,133,384512500.0,133,0.0378238489571889,2.4127859388078963,0.0400462396482638,2.960212728673356,-0.9698333013926766,9.269247821859055,8.230481451898743,64.0,61.040000915527344,3174600.0,False,False,True,0.067385851594917,0.1528630553439445,0.1856431763201828,0.8234240459250614,1.4163302363020325,0.1185453883422942,0.94140625,False,False,0.1128555722060054,1.1132501596515,0.1633519778899295,1.1738163204839476,0.5821953020723181,1.5089778673475156,0.3314917127071823,1.1243088329588824,1.2348289139021282,68.0,82.0,82.0,82.0,82.0,91.0,91.0,69.0,85.0,77.0,91.0,92.3076923076923,VIST
2026-03-09,214.9288330078125,225.29955807400327,213.09753747074305,225.29955807400327,6476300.0,-0.0386414173333679,214.0617229244228,206.93028265650472,202.77880126953124,199.1248982747396,190.0897131347656,179.4150352478027,161.13639812469484,174.5975613369957,231.8882736926524,158.17648682929646,231.8882736926524,158.17648682929646,231.8882736926524,152.65356300937847,231.8882736926524,128.55970013213417,231.8882736926524,95.71815755876536,231.8882736926524,3316912.5,3472660.0,3126684.9206349207,673274637.132721,-1,False,340,340,1617705704.437256,63,0.0349054953585941,7.752450412163512,0.0360698483478097,3.622707512630564,-1.114354377194956,9.43729602878544,6.946787389543498,229.40010082527823,220.2734642927191,4337300.0,False,False,True,0.0567723763838457,0.1778652778190069,0.1778652778190069,1.0,1.196489146648391,0.1306705105890553,0.9268637416857132,False,False,0.1123415905952738,1.112735995797272,0.2419018263189543,1.2530727242292408,0.3946595387643059,1.3301204811593104,0.7642697565238206,1.4897457130611311,1.0608400220021053,51.0,82.0,82.0,88.0,88.0,87.0,87.0,81.0,83.0,76.0,76.0,84.61538461538461,VLO
2026-03-09,11.769815444946287,11.90747350190607,11.455166448198542,11.740316486119037,8456200.0,-0.0115605695709316,12.342296628293829,12.517658277005586,12.8423722076416,12.72818104426066,12.330675220489502,11.577710752487183,10.481044363975524,11.455166448198542,13.638038831597292,11.164357048652262,13.638038831597292,10.073250877013376,13.638038831597292,9.39130980677681,13.638038831597292,8.755577214370977,13.638038831597292,7.123797705582037,13.638038831597292,8615687.5,7804740.0,9163135.317460315,99217999.32962418,-1,False,137,137,386087573.04906845,137,0.0336545413007325,0.471972673152153,0.0401002611604082,-1.1342798937160672,-0.2916634232401126,4.186821993151321,4.574923357138398,11.99596760488,11.55349357057328,7746700.0,False,True,False,0.0384294091800513,0.1470342480647881,0.1854636033682269,0.7927930084096361,1.0256895168833298,-0.0454849199670144,0.8630137800808567,False,False,-0.115952705239824,0.8843607531931014,0.0487405260839828,1.0581739395012004,0.1375514553119947,1.0849102931771302,0.3925700237316563,1.1758832317566073,0.9402554040190636,37.0,16.0,16.0,67.0,67.0,73.0,73.0,16.0,25.0,49.0,60.0,0.0,VLY
2026-03-09,9.789999961853027,9.899999618530272,9.420000076293944,9.800000190734863,4945600.0,0.0176715258125041,10.45083516698636,10.899721182802583,11.444799957275391,11.371999963124592,10.778199939727784,9.985999975204468,8.93130000114441,9.300000190734863,14.479999542236328,8.3100004196167,14.479999542236328,7.679999828338623,14.479999542236328,7.679999828338623,14.479999542236328,7.269999980926514,14.479999542236328,4.650000095367432,14.479999542236328,7199540.0,6375144.0,6505501.19047619,99655311.92287922,1,False,382,382,220896733.79573825,382,0.0745339371157995,0.8928571428571429,0.0912009342529297,-1.0053084128864578,0.1904000854492187,2.289960055000168,2.03751364282896,9.9399995803833,9.300000190734863,4503900.0,True,True,False,0.0490295754960835,0.3432073207119067,0.5291112739208844,0.648648663576246,1.1405875694729406,-0.091685066467575,0.6761049911152852,False,False,-0.0326086884819982,0.9677343214071008,0.1062146372729528,1.1161650299029957,0.2392404865404866,1.1818935779048907,-0.1888980771017655,0.6848927767565971,1.106684910078851,57.0,39.0,39.0,76.0,76.0,81.0,81.0,34.0,61.0,67.0,64.0,7.6923076923076925,VNET
2026-03-09,38.566104888916016,38.60607068075185,36.87759020300276,37.836746338976646,1032700.0,0.0065189597301738,39.812877607716,40.00387252170266,40.53660827636719,39.97623405456543,39.15144287109375,38.52280113220215,39.07144374847413,36.340612242078656,48.12796889086328,35.56177876560987,48.12796889086328,33.829370203248,48.12796889086328,33.829370203248,48.12796889086328,33.829370203248,48.12796889086328,27.124827831221264,48.12796889086328,1256082.5,1172176.0,1078579.761904762,57026416.496982574,1,False,25,25,190570910.5857849,25,0.0414795013609099,1.2661628362021469,0.0328309752786583,-0.4553812553729522,0.1972752280465613,2.9349748896961643,0.0774950533094984,38.89581484277437,38.0165865268603,1086500.0,False,False,False,0.0448186427622836,0.1161774343512981,0.2917167476535569,0.3982542493215735,0.8862491639480761,-0.0149506107375138,0.8013241734005004,False,False,-0.0406402606302854,0.9596999014880728,0.0719907563758537,1.0816333054457268,-0.1104316616395012,0.8484028061017108,0.1392822116371195,0.962007530014749,1.164570803536838,63.0,36.0,36.0,71.0,71.0,36.0,36.0,39.0,38.0,43.0,39.0,15.384615384615383,VNT
2026-03-09,264.23211669921875,266.5510893940632,250.88806415814145,251.3778511286864,20427900.0,0.0933492627237553,250.3042214430128,239.97627754518223,232.49628112792968,225.24884745279948,203.7221160888672,189.76115371704103,160.32404739379882,172.27315967142815,266.5510893940632,147.7540854647309,266.5510893940632,147.7540854647309,266.5510893940632,132.5763760621934,266.5510893940632,118.56939204767131,266.5510893940632,53.52268710270221,266.5510893940632,6336515.0,6013124.0,7677319.444444444,1908511489.174347,1,False,339,339,5397707256.719971,0,0.0553470071286175,14.28476930953738,0.0540614422197512,5.494160615057487,1.5792989565176991,5.547448933047691,5.858451384720713,251.35787735865145,238.5435861386429,8772600.0,False,False,False,0.0592775224737397,0.1208624751758728,0.2679591232156509,0.4510481812504059,1.3073437367997067,0.2970222466369632,0.991300081721234,False,False,0.4872010326499099,1.4877283525205804,0.4481758305132315,1.4612021615934894,1.1332513707230256,2.03453334723823,2.2268006427992177,2.7247037516443045,0.8253551315472885,26.0,97.0,97.0,94.0,94.0,96.0,96.0,95.0,95.0,92.0,93.0,100.0,VRT
2026-03-09,45.97999954223633,46.150001525878906,41.66999816894531,42.65999984741211,1297900.0,0.0500113857255581,45.91522302840503,45.59417663298524,45.2831999206543,45.29499994913737,43.14239990234375,39.4689999961853,30.38095000267029,36.709999084472656,50.2400016784668,32.060001373291016,50.2400016784668,29.1299991607666,50.2400016784668,26.100000381469727,50.2400016784668,18.309999465942383,50.2400016784668,7.360000133514404,50.2400016784668,1699145.0,1672250.0,2819819.4444444445,67446947.77923584,1,False,215,215,495910968.5600281,215,0.0714318594469722,3.0021430424281528,0.0652923678189784,1.0073593034021089,0.7294784411530568,3.606317829519436,4.249491825998195,45.77000045776367,42.86000061035156,1008100.0,False,False,True,0.0974337407902396,0.1863854631327094,0.1863854631327094,1.0,0.7461623561070414,0.0657728741636003,0.915206966681764,False,False,0.2280983234180749,1.2285337727183767,0.3084803739575803,1.3202501454204492,0.5507588578011429,1.4789961713007789,3.814659541770984,4.065488503489717,0.6025722687130283,14.0,91.0,91.0,91.0,91.0,91.0,91.0,83.0,88.0,87.0,90.0,76.92307692307693,VSAT
2026-03-09,16.666385650634766,16.716016771638337,15.495072072560877,16.23955119410281,2467400.0,0.0059915191716639,17.819906232182873,18.303026534118388,18.99233459472656,19.0066946665446,17.94887384414673,16.426625270843505,15.869516229629516,15.495072072560877,21.838029226803528,14.31383420306488,21.838029226803528,11.600190045574085,21.838029226803528,11.600190045574085,21.838029226803528,11.600190045574085,21.838029226803528,10.067857309633586,21.838029226803528,2581350.0,2280728.0,1938394.4444444445,40129314.62125778,1,False,353,353,124379574.0240097,39,0.0479659032154884,0.9890925129543218,0.0593465514172024,-1.2039839102024044,0.1003568789054338,3.4062922575376726,4.788256420251221,16.93439829451787,16.368595119718428,2135900.0,False,False,False,0.0732579171435984,0.2930317674102639,0.2930317674102639,1.0,0.873023876586774,-0.0714522930323114,0.7631817632233407,False,False,-0.1455470688149605,0.8547558962847636,0.1082508379749391,1.1182195462155111,0.0939385902353993,1.043315650565059,-0.0217310842143327,0.8260482378750008,1.3316949021383675,75.0,12.0,12.0,76.0,76.0,68.0,68.0,46.0,59.0,81.0,78.0,0.0,VSH
2026-03-09,48.119998931884766,48.18000030517578,44.400001525878906,45.33000183105469,5182400.0,0.0297453328325436,55.884603269883605,57.93756482881504,59.43480010986328,58.90933329264323,59.07400001525879,49.60229997634888,36.04804995536804,44.400001525878906,65.80000305175781,44.400001525878906,66.88899993896484,33.19900131225586,66.88899993896484,25.09000015258789,66.88899993896484,18.93000030517578,66.88899993896484,13.760000228881836,66.88899993896484,2205345.0,2122564.0,3117369.8412698414,142919204.30696487,1,False,340,340,595226645.7416534,94,0.0657330123991248,4.562857491629464,0.0948224769931587,-1.955532800340724,0.3046335311147419,11.1465520388849,13.584554418154918,50.65999984741211,46.560001373291016,5578300.0,False,False,False,0.0785535923358512,0.4447215710908726,0.4447215710908726,1.0,1.651365989435419,-0.1854284639696755,0.7194007830255125,False,False,-0.1846831826726136,0.8156059058562602,0.1575655348844293,1.1679778284656284,0.833142816452753,1.7483125718368862,1.3611384157718835,1.9937403675562144,0.707437715860389,19.0,8.0,8.0,82.0,82.0,94.0,94.0,49.0,37.0,82.0,92.0,3.8461538461538463,VSXY
2026-03-09,14.11633014678955,14.185819512735932,13.699392057668057,13.758954100844496,8863200.0,0.01282053650587,14.636420410714251,14.68965640789144,14.966883430480957,14.618826007843015,13.772113780975342,12.151195774078367,10.666110994815826,12.717114351403724,16.211367083841637,10.925694481821663,16.211367083841637,9.652205790079556,16.211367083841637,9.175434478032685,16.211367083841637,8.40859852378053,16.211367083841637,6.49722454331862,16.211367083841637,10513252.5,9894114.0,11145371.42857143,187561008.67497444,1,False,283,283,425939787.9804611,171,0.034280975107952,0.5557189482726475,0.0393670977154805,0.6348885792566712,0.3215439204868323,15.314041159687775,14.743693371936171,14.164030842444054,13.77031157166377,10821200.0,False,False,False,0.0344584923992092,0.1779481635844904,0.1779481635844904,1.0,1.3657948554059514,0.0249937207380399,0.8707674111494105,False,False,0.000107293984233,1.0004619040452418,0.3328566627863085,1.3448456987901956,0.3817123155260511,1.3177724017000016,0.5846687140327222,1.338090966317865,0.9432841756219108,37.0,54.0,54.0,91.0,91.0,86.0,86.0,58.0,78.0,82.0,83.0,26.923076923076923,VTRS
2026-03-09,261.99169921875,262.09167925857446,237.937972200892,239.1276645026664,10377400.0,0.0685423015132387,264.2926188695505,266.21646361092013,274.35979248046874,271.9960957845052,245.16484497070311,199.49966209411625,138.97097183227538,234.14686906144735,309.67098941041576,165.3477212449662,309.67098941041576,121.66213523587663,309.67098941041576,99.56625776963948,309.67098941041576,72.942326427254,309.67098941041576,28.698609016377397,309.67098941041576,10090587.5,9670586.0,8484315.476190476,2634312657.9517365,1,False,80,80,6562846205.200195,80,0.0716038576779629,20.30550161529769,0.0775043700844262,0.8855611319339879,0.8276386668267212,11.844792319529606,12.836157143810787,259.0924592554345,244.13635154127047,6352700.0,False,False,True,0.0921926424757272,0.2267329261764168,0.2737988166168207,0.8281004606887244,0.9344232086866298,0.0686348577017952,0.8460324285382929,False,False,0.0076691339951635,1.0080264252730415,0.6284810194414587,1.6431291943869295,1.850893479497509,2.718965956410392,5.3496063551209705,5.361594400283234,1.1893225244060297,65.0,59.0,59.0,96.0,96.0,98.0,98.0,61.0,92.0,96.0,97.0,26.923076923076923,WDC
2026-03-09,31.084930419921875,31.0948873842336,29.27280469531656,30.666747414313203,1119700.0,0.0136363455429859,32.94109978833431,33.41963287703354,34.227675933837894,34.152602132161455,33.35634338378906,30.15581527709961,28.73049561500549,29.27280469531656,38.28365406116513,28.74247502814471,38.28365406116513,22.85522066826176,38.28365406116513,22.85522066826176,38.28365406116513,22.85522066826176,38.28365406116513,22.58989895753432,38.28365406116513,1317682.5,1199088.0,1051487.3015873015,40270819.30360794,1,False,313,313,96698881.19602203,143,0.0493612564562073,1.588810792672484,0.0511119301606748,-1.3322796137083723,0.263204640209842,6.285135945369345,6.349071130292122,32.09056168817577,30.21869603818596,1383200.0,False,False,False,0.0586162704661963,0.1896220596284918,0.2200512470217281,0.8617177234617915,0.8715707270859187,-0.0680953825703531,0.8119635176479764,False,False,-0.1756007722842073,0.8246915366132423,0.0893867012045015,1.099185726671796,0.1018602304018103,1.0508707100880832,-0.0138394445802896,0.8327119219688681,1.2531606401816324,70.0,9.0,9.0,74.0,74.0,69.0,69.0,39.0,37.0,76.0,73.0,3.8461538461538463,WERN
2026-03-09,90.71971130371094,90.78953375911372,85.63262603987164,90.45039829289364,2838800.0,0.0016518964714953,96.96534077030556,98.21814853580722,100.65607330322266,99.24166920979818,93.24537536621094,83.0694443511963,69.70909225463868,85.63262603987164,110.29003296501357,74.83014251834717,110.29003296501357,68.13049424355303,110.29003296501357,60.312962465099375,110.29003296501357,52.24446967213398,110.29003296501357,36.050523280368346,110.29003296501357,1272267.5,1197576.0,1147104.761904762,120428042.49103546,1,False,353,353,257535116.4489746,0,0.0365597004743043,3.858776359460065,0.0425351481393241,-0.636796009876517,0.0387719869774331,8.954143461212269,9.49190163309616,94.2008818455901,89.81700565458911,1410400.0,False,True,False,0.0568444017858236,0.2717976784846018,0.2717976784846018,1.0,1.1505324087991076,-0.0270862126146281,0.8225558453907547,False,False,-0.096687684016394,0.9036326052539748,0.1831656898672329,1.1938082566566195,0.4641992391241241,1.3964421726771048,0.704631520880235,1.439387310919944,1.1091118634076682,57.0,21.0,21.0,84.0,84.0,89.0,89.0,38.0,68.0,73.0,81.0,3.8461538461538463,WFRD
2026-03-09,105.70509338378906,106.80846673543424,99.9397268344204,101.56993460762094,1215400.0,0.0305261597491388,102.72675356663422,99.39441209559894,98.11216430664062,95.23162587483723,89.04563339233398,78.6325452041626,78.63064752578735,76.73407594144913,111.540053134917,67.51569780658309,111.540053134917,55.22866158482116,111.540053134917,55.22866158482116,111.540053134917,55.22866158482116,111.540053134917,55.22866158482116,111.540053134917,1464335.0,1384918.0,1288313.492063492,138820116.24355316,1,False,84,84,251217745.21865845,33,0.0553925956356966,6.26533772203818,0.0592718621352548,3.156455861939439,0.4997635527213425,6.268283943787004,3.307736711444061,105.46652782967196,98.74688632465072,1486700.0,False,False,True,0.064980216952036,0.139792550173015,0.1965902842125076,0.7110857524469717,1.1066431369943923,0.1870890166848913,0.9476873142236172,False,False,0.1594922395073736,1.159903363010086,0.5723172315915177,1.5864602136730837,0.2056923038767137,1.1498978659576615,-0.0138074999008823,0.8327388959897207,1.136629406600853,60.0,86.0,86.0,96.0,96.0,79.0,79.0,91.0,92.0,94.0,92.0,100.0,WLK
2026-03-09,147.4956512451172,148.27325469422732,138.29400028936027,142.14214706579804,2922700.0,0.007490614062964,151.2345356163391,149.43379497530518,147.12718566894532,147.13409779866535,139.48692001342772,122.369747467041,109.19747505187988,128.72346352250813,165.2509605582595,108.4758388970018,165.2509605582595,92.2857147032493,165.2509605582595,92.2857147032493,165.2509605582595,90.6706937865703,165.2509605582595,67.69022215783001,165.2509605582595,2548305.0,2341888.0,2115797.222222222,319049494.0322113,1,False,171,171,935556976.1276244,171,0.0396971267718009,6.856022404425285,0.0464828782852148,1.2351998268225766,0.1599496891427786,9.301181736200896,9.261966031867347,149.210364517453,143.13907043979225,2002200.0,False,False,True,0.0676579568321165,0.1827644411298643,0.1908752753670012,0.9575071510883642,0.9177723272846524,0.0574156432081123,0.8925554849838065,False,False,0.1302520556415232,1.1306528113932484,0.3598345342565576,1.3720662360184332,0.4193207878401175,1.3536405099369229,1.1161220113445518,1.7868490252455795,1.204418350319751,66.0,83.0,83.0,92.0,92.0,88.0,88.0,68.0,83.0,88.0,85.0,61.53846153846154,WPM
2026-03-09,16.563413619995117,16.643285338724713,15.914454715134667,16.273877449417846,1667700.0,-0.0018051190942954,16.88671981654526,16.653497313724348,16.561525535583495,16.541127936045328,15.393760261535643,13.568655691146851,12.984955778121948,15.32698740473039,17.651666794478665,11.530119218423897,17.651666794478665,10.653152059516549,17.651666794478665,10.653152059516549,17.651666794478665,10.653152059516549,17.651666794478665,7.385690228396816,17.651666794478665,4136230.0,3899786.0,2812090.476190476,47321766.1523056,-1,False,209,209,235287578.80268097,209,0.0392389204134002,0.7167066599745502,0.0432704680579462,1.7559852374476017,-0.0417925555913644,8.173897564563827,6.1823063466381365,16.793044972347616,16.283862039237594,1960900.0,False,False,True,0.0440024405784451,0.1048824909647162,0.1289934123878743,0.8130840871884355,0.6701547213103488,0.0759823031272015,0.9383484184720762,False,False,0.0723035048980036,1.0726837137151766,0.473466569747712,1.486720390843748,0.2407214130052593,1.1833059732366074,0.938945536366676,1.6372415782678362,1.4708737272220802,82.0,76.0,76.0,95.0,95.0,81.0,81.0,48.0,88.0,86.0,84.0,61.53846153846154,WT
2026-03-09,9.172443389892578,9.219675513187903,8.974069192754472,9.06853343934512,8155100.0,-0.0030800026410388,9.09736013617598,9.072926170079196,9.128989753723143,9.085851256052653,9.007887077331542,8.617407155036926,8.120932953357697,8.360054170418714,9.7770121593479,8.360054170418714,9.7770121593479,7.500343540555795,9.7770121593479,7.233131876566291,9.7770121593479,7.0663595807343205,9.7770121593479,7.0663595807343205,10.182014434697962,8984497.5,8354372.0,8803719.444444444,87894253.89299393,-1,False,157,157,243503072.7859497,132,0.0356641624940143,0.3306237559524362,0.0360453307694176,0.5068069928127562,-0.0857120270452934,6.566432904350509,5.630098534082842,9.2196750308855,8.992961931981212,5128700.0,False,False,True,0.0267765425190929,0.0525231916807958,0.1544798837887166,0.3400002019203499,0.9957564733770532,0.0182680256921896,0.9008476121026702,False,False,-0.031904267067889,0.968438992589332,0.114748329848539,1.124775482981336,0.1585481102321089,1.104935310013729,-0.0266611546578919,0.8218852966460739,1.0205342817540188,46.0,39.0,39.0,77.0,77.0,75.0,75.0,54.0,42.0,60.0,63.0,73.07692307692307,WU
2026-03-09,62.7599983215332,62.915000915527344,58.0,60.560001373291016,11518100.0,0.496423471067194,46.46744271757118,44.65003743535159,43.330599822998046,43.085833104451496,42.77690002441406,42.468449897766114,38.4917248916626,40.29499816894531,62.915000915527344,39.290000915527344,62.915000915527344,37.22999954223633,62.915000915527344,35.65999984741211,62.915000915527344,30.649999618530277,62.915000915527344,26.739999771118164,62.915000915527344,1189042.5,1140406.0,977885.7142857144,74785052.23836899,1,False,255,255,722875936.6672516,0,0.0473759006239893,3.360000337873186,0.0535372917102255,8.72563652760692,6.196427857505177,6.543944915368526,1.249854291772286,42.2400016784668,41.04999923706055,1084900.0,False,False,False,0.0783142295566471,0.348390730771655,0.353330143883261,0.9860204027391506,1.8840307750046916,0.4671469481358907,0.997536317384748,False,False,0.5538499447865299,1.554400896496445,0.4068593916802145,1.4195140816931682,0.6006120833189832,1.5265423963614744,0.683476404950593,1.4215239750275963,1.215931966925729,67.0,98.0,98.0,93.0,93.0,92.0,92.0,96.0,93.0,90.0,90.0,100.0,XENE
2026-03-09,19.280256271362305,19.34936082884709,18.043279043510832,18.283171654755407,6630900.0,0.0477468493453969,20.061161898483125,20.135279756403605,20.207051239013676,20.134194946289064,18.940260429382324,18.219632511138915,18.032205147743227,18.043279043510832,22.83421938091621,15.430128307103292,22.83421938091621,15.430128307103292,22.83421938091621,15.255814554011351,22.83421938091621,15.255814554011351,22.83421938091621,11.92394987871626,22.83421938091621,7307502.5,6645452.0,7115175.0,147536363.49894524,1,False,362,362,405690683.0932617,40,0.0547323931575733,1.2104630566879993,0.0627825190521946,0.2859228883948498,0.7258545751153357,7.406874366364513,4.638324957530824,18.974219165355976,18.342403914642315,7068400.0,False,False,False,0.0677419307582662,0.2356886629607522,0.248489453147028,0.9484855794716498,0.9089599924880956,0.0179509591881081,0.8443580202910661,False,False,0.0477468493453969,1.048118351059666,-0.0062160120979578,1.0027230676573529,0.0431841014741554,0.9949098689849072,0.3557808318576889,1.1448185146527938,1.0270306071178854,47.0,71.0,71.0,49.0,49.0,60.0,60.0,42.0,73.0,64.0,62.0,30.76923076923077,XP
2026-03-09,194.32000732421875,194.6699981689453,177.55999755859375,184.1499938964844,1840100.0,0.0300557307775244,202.36418062513363,197.90147291328748,198.70719970703124,190.410666402181,172.3452001953125,154.59749977111815,140.9582997894287,145.17999267578125,220.5,134.61000061035156,220.5,121.4800033569336,220.5,121.4800033569336,220.5,116.68000030517578,220.5,85.05999755859375,220.5,2020622.5,1813030.0,1557262.6984126985,402261074.56443787,1,False,32,32,1392929567.3583984,32,0.0477443907029626,9.487145560128347,0.0488222787286089,2.6116070563827267,0.5976522012652314,10.367088012412616,9.42389579417791,200.69000244140625,188.1999969482422,2202100.0,False,False,True,0.0880506379448817,0.2209757144037246,0.2209757144037246,1.0,1.0379199461674655,0.1275046076363195,0.8812698744862528,False,False,0.0468700163553967,1.0472412071692236,0.3796237053863251,1.3920334105988237,0.4843785951284238,1.4156877118010875,0.7496849594445394,1.4774303407410072,1.2975476148369824,73.0,70.0,70.0,93.0,93.0,89.0,89.0,90.0,88.0,88.0,86.0,34.61538461538461,XPO
2026-03-09,40.38999938964844,40.52000045776367,38.09000015258789,39.52999877929688,1473000.0,-0.0012363807803772,42.8887611337046,44.33446921425622,45.56559967041016,45.73133303324381,46.450599899292,42.56909999847412,38.11650001525879,38.09000015258789,50.59999847412109,38.09000015258789,51.290000915527344,32.2599983215332,51.290000915527344,31.65999984741211,51.290000915527344,30.51000022888184,51.290000915527344,26.61000061035156,51.290000915527344,1438937.5,1480356.0,2000460.3174603172,71593935.46859741,-1,False,214,214,202322478.1585693,301,0.0453893397690188,2.3528573172433034,0.0582534625599998,-2.2397656822605483,-0.0212504331198153,7.386484296021689,6.495857283272632,41.52000045776367,40.040000915527344,1424900.0,False,False,False,0.0601634152487401,0.1978212874277625,0.3097300943445766,0.638689268623943,0.8011789056145954,-0.1304741063147374,0.7874829141876837,False,False,-0.1234809508529921,0.8768298382746975,-0.0476302868434679,0.960936271811216,0.1123656805851458,1.0608900116195767,0.1546598032650015,0.974992336402849,0.7193031960897889,19.0,15.0,15.0,41.0,41.0,71.0,71.0,38.0,28.0,64.0,64.0,0.0,YETI
2026-03-09,45.7506103515625,45.88915799570449,44.08803107157825,45.49330812317597,1401200.0,0.0010826126071532,44.49675180894233,41.2589851181633,37.73698272705078,37.00162137349447,36.13457313537597,35.074322090148925,32.72768602371216,30.65874926137601,49.935762574385336,30.65874926137601,49.935762574385336,29.8104386287655,49.935762574385336,29.0264709712152,49.935762574385336,28.578648452435665,49.935762574385336,22.495751079730283,49.935762574385336,1755510.0,1615922.0,1757957.5396825396,90393452.20729828,1,False,12,12,435136764.4287109,12,0.0534641409716916,2.953551735003473,0.0645576466042185,4.122166377462707,0.0167515682724609,7.295774586795003,2.0538191919953834,46.75113243356171,45.39434693454486,1596000.0,False,True,True,0.0393683693023064,0.3949600044330746,0.404261415772732,0.976991592626078,1.8189491819530892,0.2661173602400291,0.9161892798455106,False,False,0.4185331371974561,1.419036109353894,0.4071736329296929,1.419831149540404,0.3335207243492981,1.271810917436502,0.891242182801264,1.5969609657311603,0.9986077367471676,44.0,96.0,96.0,93.0,93.0,85.0,85.0,95.0,90.0,86.0,85.0,73.07692307692307,YOU
2026-03-09,36.77999877929688,38.58000183105469,36.52000045776367,37.2400016784668,3093900.0,-0.0029818544909607,36.38812042030845,36.71696767327838,37.39239974975586,37.59266637166341,36.60259986877441,35.4685998916626,33.40814994812012,33.41999816894531,40.380001068115234,32.7400016784668,40.380001068115234,32.31999969482422,40.380001068115234,22.81999969482422,40.380001068115234,22.81999969482422,40.380001068115234,22.81999969482422,40.380001068115234,1532617.5,1482562.0,2075491.6666666667,52771202.8988266,-1,False,133,133,521476857.5408936,133,0.0419990905878104,1.5178574153355189,0.0412685553483462,0.1174410019782757,-0.0724709773396252,2.512507502307812,2.695045151351518,38.09999847412109,35.90999984741211,2377800.0,False,False,True,0.0560087395775165,0.1402937420708641,0.1778140601573007,0.7889912751936221,1.2415130024916328,0.0048466204903057,0.910846899613854,False,False,-0.0192000325520833,0.9811477316712016,0.0038209441042729,1.0128503062077443,0.1929938005291949,1.1377869966643783,0.1008679720824901,0.9295706260291766,0.7384358726245588,20.0,44.0,44.0,52.0,52.0,78.0,78.0,55.0,50.0,42.0,86.0,30.76923076923077,YPF
2026-03-09,28.159822463989254,28.179168242670706,26.437922695155446,26.466944130814053,2825700.0,0.0467457618226201,27.348835809941534,26.21376978424605,24.92342613220215,24.44967810312907,23.144646224975585,19.76982061386109,17.362227516174315,19.414896858539027,28.99175058312872,17.956118444850265,28.99175058312872,13.726825043316916,28.99175058312872,11.92753687513607,28.99175058312872,11.92753687513607,28.99175058312872,10.222121494388828,28.99175058312872,4289225.0,4184578.0,5486389.285714285,140386953.56157303,1,False,20,20,1067521688.8742448,20,0.0353287734549323,0.7976569837939242,0.0283260657915712,7.649787881162989,1.576575492444082,16.284108572872565,11.541571562756456,27.443978435574422,26.89258219956721,1843000.0,False,False,False,0.0618343936557825,0.065784996990469,0.3236001307626078,0.2032910086761636,0.5945736941694001,0.2166883948133868,0.971304660725676,False,False,0.4318740342103275,1.4323817366755356,0.4269607731797593,1.4397962749733453,1.157894702225113,2.0580362875930978,0.8703572925036445,1.5793258078004742,0.7817937766772188,23.0,97.0,97.0,94.0,94.0,96.0,96.0,94.0,92.0,95.0,96.0,100.0,ZIM
2026-03-09,55.35912322998047,55.58738736192996,53.18564874983279,55.06138757030349,2027600.0,0.0007175732206032,57.47494895626369,58.58727318137738,60.13962295532227,59.83787053426106,59.42178047180176,56.10723201751709,54.17545316696167,53.18564874983279,65.21083584267704,53.18564874983279,65.21083584267704,47.78974802045896,65.21083584267704,45.12308420795347,65.21083584267704,45.12308420795347,65.21083584267704,37.76028784330395,65.21083584267704,2032515.0,1849768.0,1762117.857142857,116714540.18787384,1,False,353,353,435171028.22265625,143,0.0358986091807163,2.251454535372575,0.0406699818206887,-1.681088373247285,0.0176311531600725,3.262844014592837,2.198022130762669,55.59731359899371,53.79104632022949,1621800.0,False,True,False,0.0433846938312143,0.1536392650337699,0.2101015805907669,0.7312618239318555,0.9730571617629886,-0.0683698335789383,0.8489252210098318,False,False,-0.123801141142704,0.8765095344544686,0.0081083183863666,1.0171762453903748,0.0026197058699981,0.9562226253248924,0.1453560477808426,0.967136264622078,1.153450089482421,61.0,15.0,15.0,55.0,55.0,51.0,51.0,25.0,18.0,47.0,56.0,0.0,ZION
