date,close,high,low,open,volume,price_chg_pct0,ema10,ema20,sma25,sma30,sma50,sma100,sma200,min30,max30,min60,max60,min90,max90,min120,max120,min150,max150,min252,max252,vol_sma40,vol_sma50,vol_sma252,avg_dollar_vol,adr_pct,atr14,atr_pct,atr_multi_50sma,vars_norm_change,vars,vars_20ema,previous_session_high,previous_session_low,previous_session_volume,inside_day,tight_day,close_to_ma,range_pct,range10_pct,range20_pct,range_contraction_10_20,vol_dry_10_50,dist_sma50_pct,close_vs_252h,nr7,nr20,perf_1mo,rela_perf_1mo,perf_3mo,rela_perf_3mo,perf_6mo,rela_perf_6mo,perf_12mo,rela_perf_12mo,vol_ratio,vol_ratio_rank,perf_1mo_rank,rela_perf_1mo_rank,perf_3mo_rank,rela_perf_3mo_rank,perf_6mo_rank,rela_perf_6mo_rank,c0_c30_rank,c0_c60_rank,c0_c90_rank,c0_c120_rank,rs_sts_pct,coiled_theme_score,coiled_is_candidate,coiled_flags,ticker
2026-05-26,177.6199951171875,194.9499969482422,176.61000061035156,186.66000366210935,10200961.0,-0.0213235454231243,178.31055836411403,172.80568725187186,170.3275994873047,167.5779998779297,143.28900009155274,99.39765014648438,63.73890007972717,132.6300048828125,233.6699981689453,78.57499694824219,233.6699981689453,34.540000915527344,233.6699981689453,24.82999992370605,233.6699981689453,18.5,233.6699981689453,15.0600004196167,233.6699981689453,12189186.525,12200397.22,7020537.543650794,2087713665.7516816,0.1371988660306038,25.51928383963449,0.1436734857626685,1.667619290319316,-0.1516504303293173,8.571909947032454,11.365550339851854,182.4600067138672,166.66000366210938,10254600.0,False,False,True,0.103254120268332,0.4141988181955008,0.5532598073073125,0.7486515606680079,0.9648985920476448,0.2395926763652436,0.7601317948775212,False,False,0.095270377521659,1.0436992413782973,2.1565664416603174,2.892487797622846,8.113391339306169,7.925166201512956,9.086313967120386,7.836601061922864,1.736218409090855,89.0,80.0,80.0,99.0,99.0,99.0,99.0,86.0,96.0,99.0,99.0,57.692307692307686,60.0,False,volDry=0.96; 50SMA=+24.0%; 252H=0.76x; prior=15.5x; blind=1m/RS,AAOI
2026-05-26,141.1199951171875,142.44000244140625,137.67999267578125,137.67999267578125,985377.0,0.0484397378753282,132.50147719082022,123.77170363334174,115.56240020751952,111.9610003153483,100.56534866333008,96.63819313049316,92.99968315124512,85.62999725341797,149.0,76.83999633789062,149.0,76.83999633789062,149.0,73.0979416440298,149.0,73.0979416440298,149.0,61.78025587261198,149.0,1140331.925,1076345.54,1085092.765873016,180018390.6671753,0.0672121437354873,11.718570709228516,0.0830397613002841,4.856307338542856,0.5563809081714466,3.1160716221049416,2.8268176271565584,137.08999633789062,128.3699951171875,944100.0,False,False,False,0.0337302290980965,0.1152919843779059,0.4490504885148198,0.2567461506594062,1.052225013168169,0.403266602193417,0.9471140611891778,True,True,0.4170097430106654,1.3502894117819246,0.3996802893664999,1.28258290531541,0.5864511713886988,1.3796059815420554,0.4185652956106174,1.102159851282409,1.050907314899055,59.0,96.0,96.0,90.0,90.0,88.0,88.0,94.0,92.0,90.0,89.0,92.3076923076923,45.0,False,NR20; volDry=1.05; 50SMA=+40.3%; 252H=0.95x; prior=2.4x,AAON
2026-05-26,86.45999908447266,86.5,76.37000274658203,79.79979705810547,3377661.0,0.1787321183786656,70.23597918206,64.3158871764158,60.06039932250977,58.34133275349935,52.6310994720459,53.83269973754883,44.19887489318848,46.790000915527344,86.5,37.15999984741211,86.5,37.15999984741211,86.5,32.20000076293945,86.5,28.459999084472656,86.5,21.87299919128418,86.5,1398906.525,1309119.22,1386302.623015873,110912538.29356577,0.0846363381555592,6.17500114440918,0.0714203239624848,8.999608409663832,2.123076628450717,6.265446004597848,4.987057378275424,76.36000061035156,69.76000213623047,1830700.0,False,False,False,0.1171639759505527,0.315174650573109,0.4484154622750438,0.7028630301329595,1.6312922974272734,0.6427549481536938,0.999537561670204,False,False,0.5411764961875465,1.468609735927233,0.2759739722358054,1.169225870257663,1.9140545622564185,2.53411335762055,2.835847186009302,2.980276464647508,1.0090917392601533,54.0,97.0,97.0,85.0,85.0,98.0,98.0,96.0,96.0,95.0,95.0,100.0,37.0,False,volDry=1.63; 50SMA=+64.3%; 252H=1.00x; prior=4.0x,ACMR
2026-05-26,28.25,28.489999771118164,26.725799560546875,27.190000534057617,1857407.0,0.0537113227431018,28.077473030587758,28.55868387859856,29.623659744262696,29.362994575500487,27.5025617980957,23.382054615020756,19.170808100700377,25.662138734049723,34.27607547663534,19.19193018910574,34.27607547663534,16.76181518996688,34.27607547663534,12.231742970785556,34.27607547663534,11.514943704390076,34.27607547663534,11.514943704390076,34.27607547663534,1773943.625,1659608.34,896971.7261904762,71096222.53013659,0.0627252154289474,1.9185572301209128,0.0679135302697668,0.4001712053270508,0.750564284166214,5.10701291968657,10.260216597269938,26.94963924269795,26.4007628523766,1179161.0,False,False,True,0.0624495649759748,0.2642682106983011,0.3049181147817918,0.8666858342851131,1.2731830451032802,0.0271770392660677,0.8241900394710275,False,False,-0.0662260970481705,0.8898068770333414,0.4376541768270252,1.317379893795747,1.4261670467260967,2.1098377499722334,1.2067921521404652,1.7145757884675812,1.977702945592395,92.0,25.0,25.0,91.0,91.0,96.0,96.0,49.0,83.0,86.0,93.0,23.07692307692308,56.0,False,volDry=1.27; 50SMA=+2.7%; 252H=0.82x; prior=3.0x; blind=1m/RS,ADEA
2026-05-26,16.489999771118164,16.540000915527344,15.34000015258789,16.0,1596512.0,0.0523292719101347,15.428028934376607,15.47495796484028,16.0184001159668,16.09166669845581,14.74420000076294,12.200399990081786,10.565899970531463,14.100000381469728,18.690000534057617,9.25,18.690000534057617,8.8100004196167,18.690000534057617,7.989999771118164,18.690000534057617,7.110000133514404,18.690000534057617,7.110000133514404,18.690000534057617,2567857.8,2496486.24,1611382.984126984,42634072.48195247,0.0580747570040018,0.9264287267412458,0.0561812455791456,2.107569257905087,0.8851190287552979,7.229107197248679,8.649438061563078,15.850000381469728,15.0600004196167,2909600.0,False,False,False,0.0727714238687392,0.1479685001773753,0.2783505285807926,0.531590512623822,0.7632572411054025,0.1184058660534235,0.8822899571923216,False,False,-0.0259893990623911,0.9281490179559786,0.5586011238213604,1.4282084078810835,1.2283783187301958,1.937837175894758,1.0952986036729428,1.627950440182138,1.593573858787652,87.0,36.0,36.0,93.0,93.0,96.0,96.0,68.0,91.0,91.0,91.0,53.84615384615385,69.0,False,volDry=0.76; 50SMA=+11.8%; 252H=0.88x; prior=2.6x; blind=1m/RS,ADTN
2026-05-26,109.91999816894533,111.56999969482422,97.3000030517578,99.0,2683745.0,0.1568091144209291,95.01449606137447,91.67602317611475,93.38120025634764,91.23300018310547,72.60500019073487,51.68870004653931,38.12440001487732,68.5,111.56999969482422,29.1299991607666,111.56999969482422,22.65999984741211,111.56999969482422,19.899999618530277,111.56999969482422,18.700000762939453,111.56999969482422,8.529999732971191,111.56999969482422,3671046.125,3209324.9,1809531.130952381,258402903.6971397,0.1244466794723724,11.67285646711077,0.1061941108220341,4.839677901112027,1.2764657535077966,11.089071302107277,9.871866602122353,97.1500015258789,90.13999938964844,1857300.0,False,False,False,0.1298216601235167,0.3166848447822145,0.3171397488268903,0.9985656038186368,0.8156059550094165,0.5139452913736402,0.985211064529962,False,False,0.1460743819403145,1.0921111239225063,1.801937278908244,2.567526943828164,4.665979398471388,4.927235839589526,11.448471021369,9.671888218370384,2.028727808107881,92.0,86.0,86.0,99.0,99.0,99.0,99.0,94.0,99.0,99.0,99.0,100.0,48.0,False,volDry=0.82; 50SMA=+51.4%; 252H=0.99x; prior=13.1x,AEHR
2026-05-26,19.32999992370605,19.76000022888184,18.979999542236328,19.21999931335449,2618736.0,0.0136339922937913,19.06363179291654,18.24610506861948,18.021200065612792,17.207666714986164,15.398799991607666,13.309699993133544,11.93352023601532,11.470000267028809,20.1299991607666,9.350000381469728,20.1299991607666,9.270000457763672,20.1299991607666,8.57699966430664,20.1299991607666,7.642000198364258,20.1299991607666,7.642000198364258,20.1299991607666,5635703.4,5041628.72,2870360.8571428573,85261678.50072213,0.0529920695458039,0.98035648890904,0.0507168387365974,5.033685503539618,0.265209882143147,4.918092138497734,5.640793440087581,19.489999771118164,18.86000061035156,2077600.0,False,True,True,0.0403518204720179,0.1132953251605138,0.1764097186172324,0.6422283650162041,0.6466151676476486,0.2552926159337669,0.9602583571578212,False,False,0.1851625111374077,1.1293587767643698,0.8640308714587714,1.7080858742358078,1.2555426618486636,1.96145976884106,0.5728435704223396,1.2220269599370028,1.963412853117622,92.0,89.0,89.0,96.0,96.0,96.0,96.0,95.0,94.0,93.0,93.0,80.76923076923077,84.0,False,tight; volDry=0.65; 50SMA=+25.5%; 252H=0.96x; prior=2.6x,AESI
2026-05-26,28.1299991607666,28.31999969482422,24.489999771118164,26.34000015258789,3521319.0,0.1109794431204826,21.854115643927365,19.594092326245583,17.970599899291994,17.486499913533528,16.045199966430665,15.491300010681153,14.995600018501282,12.53499984741211,28.31999969482422,11.461000442504885,28.31999969482422,11.1850004196167,28.31999969482422,10.40999984741211,28.31999969482422,8.829999923706055,28.31999969482422,8.829999923706055,38.79999923706055,1861595.475,1768158.38,2429223.884920635,47915077.88634768,0.135840764194822,2.7511426380702426,0.0978010209793148,7.701067249681403,1.0213935937227248,2.834076571052222,0.9866638946578457,25.3700008392334,21.940000534057617,3882600.0,False,False,False,0.1361535740480157,0.4639175124918456,0.5611446967061315,0.8267342010269354,1.6589248639593022,0.7531722396492051,0.7249999926262294,False,False,0.739641250961194,1.657729717850135,1.1539049201341598,1.973709032860048,1.8328296370851564,2.463478726919317,0.7472048754199276,1.357497657394625,0.7663334312476597,25.0,98.0,98.0,97.0,97.0,97.0,97.0,98.0,96.0,96.0,95.0,100.0,32.0,False,volDry=1.66; 50SMA=+75.3%; 252H=0.72x; prior=4.4x,AEVA
2026-05-26,148.2100067138672,150.13999938964844,143.9199981689453,148.4499969482422,3661784.0,0.0066563269358623,144.52612717151985,135.79104924857427,125.69360107421876,120.39600067138672,116.6308004760742,106.88020027160644,93.43624984741211,88.5,165.4499969482422,88.5,165.4499969482422,88.5,165.4499969482422,82.69999694824219,165.4499969482422,70.81999969482422,165.4499969482422,69.77999877929688,165.4499969482422,6108657.1,6044535.68,3410837.238095238,1013292066.3257554,0.0532923802435523,9.54285648890904,0.0643873966440902,4.205204180288127,0.1026957690778562,6.101765474367864,5.830176817225072,148.0800018310547,145.50999450683594,3736400.0,False,True,True,0.0419674849128871,0.1845353863152316,0.4787125951975535,0.3854826218622433,1.2038639169717005,0.2707621495255978,0.895799392249199,False,False,0.5560105691744586,1.4827453421124597,0.4801758791500214,1.3563442265213792,0.6961548566319025,1.4750062454066206,0.9228075141813892,1.4939328139721877,1.7909553208148223,90.0,97.0,97.0,92.0,92.0,90.0,90.0,95.0,89.0,86.0,86.0,73.07692307692307,64.0,False,tight; volDry=1.20; 50SMA=+27.1%; 252H=0.90x; prior=2.4x,AKAM
2026-05-26,318.7200012207031,321.989990234375,290.5,315.0,7928750.0,0.0385818435528633,266.91994639918033,238.30301044648,222.5943994140625,214.27366638183597,177.6984001159668,163.1404502105713,171.50405002593993,158.5,321.989990234375,97.88999938964844,321.989990234375,97.88999938964844,321.989990234375,97.88999938964844,321.989990234375,97.88999938964844,321.989990234375,84.77999877929688,321.989990234375,6076508.75,5715059.0,5634796.626984127,1483583495.775299,0.0965229331088484,24.63442775181361,0.0772917534433463,10.26760052813406,0.4806280242096937,3.19061421954639,1.869924854320263,315.8099975585937,299.94000244140625,6514800.0,False,True,False,0.0988014248047433,0.4059675691368395,0.446944014817571,0.9083186163764676,1.2136436386745963,0.7936008484753099,0.989844438917832,False,False,0.4974629144172904,1.426954421342007,1.482243118155084,2.274578426494436,1.2881758674938042,1.989838181310899,2.3798514412111884,2.6259887883401825,1.078390073725214,62.0,96.0,96.0,98.0,98.0,96.0,96.0,97.0,98.0,98.0,97.0,100.0,54.0,False,tight; volDry=1.21; 50SMA=+79.4%; 252H=0.99x; prior=3.8x,ALAB
2026-05-26,50.7599983215332,51.34999847412109,47.150001525878906,47.900001525878906,2994397.0,0.1046789440420032,45.87247267480747,45.03265962558713,45.67520004272461,44.5423334757487,39.80760017395019,37.45630014419556,33.09012503623963,37.0,51.400001525878906,27.649999618530277,51.400001525878906,27.649999618530277,51.400001525878906,25.31999969482422,51.400001525878906,22.40999984741211,51.400001525878906,22.40999984741211,51.400001525878906,2294167.425,2197957.94,2129627.765873016,130496285.7656122,0.0602197773430874,3.1649998256138394,0.0623522444891649,4.412565195226409,1.5197465477461345,6.798636984512976,6.359700195780779,46.150001525878906,45.11000061035156,1943900.0,False,False,False,0.0827422593995729,0.2320724816552961,0.2330575693899542,0.9957731999984522,1.123656488167376,0.2751333438771368,0.9875485761605772,False,False,0.1502378675038889,1.0960785705122928,0.3002048445481586,1.1914295855237906,1.22631579035427,1.9360435647607723,0.959089101523214,1.5221219350741124,1.077262168423848,62.0,86.0,86.0,87.0,87.0,96.0,96.0,88.0,92.0,90.0,90.0,84.61538461538461,32.0,False,volDry=1.12; 50SMA=+27.5%; 252H=0.99x; prior=2.3x,ALGM
2026-05-26,37.34999847412109,37.5,36.4900016784668,36.79999923706055,795404.0,0.0149456317517162,36.93986803550243,36.223051506045,35.60240005493164,35.32266667683919,33.66340000152588,32.538000087738034,30.9541500377655,32.84000015258789,39.560001373291016,27.0,39.560001373291016,27.0,39.560001373291016,27.0,39.560001373291016,27.0,39.560001373291016,25.170000076293945,39.560001373291016,2308245.1,2340172.08,2119320.6507936507,75989626.69641724,0.0340091466883696,1.2471422467912947,0.0333906907025822,3.2797629724521413,0.4410076224068348,2.871093332422948,2.7687763022267338,37.2599983215332,36.58000183105469,907800.0,False,False,True,0.0270414554965244,0.1084338210766986,0.1724230978447929,0.628882223043606,0.8235592657784379,0.109513550990931,0.9441354190482408,False,False,0.1212848073932975,1.0684887739714777,0.1185983574980338,1.025016314182878,0.3249378420194375,1.1521893676824575,0.2429284333577448,0.9656981046294222,1.0891438721816826,63.0,83.0,83.0,74.0,74.0,78.0,78.0,61.0,78.0,73.0,69.0,69.23076923076923,44.0,False,volDry=0.82; 50SMA=+11.0%; 252H=0.94x; prior=1.6x; blind=RS,ALKS
2026-05-26,19.770000457763672,19.854999542236328,18.959999084472656,19.28499984741211,4011879.0,0.0594855637421403,18.875696792323154,19.25656773568276,20.0702001953125,20.470500183105468,18.90640012741089,16.31965006828308,11.342325036525729,16.18000030517578,24.40999984741211,13.520000457763672,24.40999984741211,8.279999732971191,24.40999984741211,6.309999942779541,24.40999984741211,5.434999942779541,24.40999984741211,3.1600000858306885,24.40999984741211,4778659.475,5459681.58,3020432.773809524,84347482.20279178,0.0783248222377352,1.5644997188023158,0.0791350370549909,0.5772117255875452,0.7094923680787302,4.8646662890150605,7.470045374035827,19.09000015258789,18.100000381469727,2869700.0,False,False,True,0.0452706341446848,0.3095598781072078,0.3095598781072078,1.0,0.7681048498070101,0.0456776712929456,0.809913993500481,False,False,-0.0980839238616361,0.8594490856061577,0.1924005156053445,1.0926441768333293,2.4991150662056736,3.042892313676198,4.055619538946456,3.92798336208216,1.5821108539267077,87.0,19.0,19.0,81.0,81.0,98.0,98.0,77.0,82.0,95.0,97.0,30.76923076923077,72.0,False,volDry=0.77; 50SMA=+4.6%; 252H=0.81x; prior=7.7x; blind=1m/RS,ALM
2026-05-26,454.8900146484375,456.7799987792969,438.0,444.7380065917969,8040158.0,0.0525962856204063,430.10320782908974,420.7151373136766,415.4744543457031,411.7592468261719,390.7984509277344,360.7415753173828,287.88835510253904,376.60182450734,456.7799987792969,316.2668297304182,456.7799987792969,286.77537466681304,456.7799987792969,246.30622742359984,456.7799987792969,202.49746578230435,456.7799987792969,152.35237734451698,456.7799987792969,6661578.95,6762737.16,7488446.658730159,3305105431.1060915,0.0383308718276795,20.129665137988788,0.0442517190744361,3.706106434186401,1.1291797866737463,7.069595782605731,7.206370582342866,438.1300048828125,430.2900085449219,4889300.0,False,False,False,0.0412847021797368,0.1316876066449567,0.1762583738707095,0.7471282285944228,1.2871734615810502,0.1640015807855768,0.9958623754632204,False,False,0.0921147291381334,1.0406921776508962,0.2051319490899319,1.1043104974006372,1.0706695653025533,1.800690856175468,1.85464122255674,2.21792465602612,0.8895808775286952,39.0,80.0,80.0,82.0,82.0,94.0,94.0,75.0,81.0,84.0,88.0,100.0,40.0,False,volDry=1.29; 50SMA=+16.4%; 252H=1.00x; prior=3.0x; blind=1m,AMAT
2026-05-26,503.8900146484375,506.9599914550781,480.2300109863281,484.70599365234375,37206390.0,0.0778165261125654,447.792432527857,413.5979241082309,394.51599975585935,373.58966776529945,309.3988006591797,262.7622003173828,232.53379997253415,245.6999969482422,506.9599914550781,188.22000122070312,506.9599914550781,188.22000122070312,506.9599914550781,188.22000122070312,506.9599914550781,188.22000122070312,506.9599914550781,107.66999816894533,506.9599914550781,40692792.25,39298211.8,47351937.65873016,17146280861.882812,0.0583645170150111,32.5242919921875,0.064546411015665,9.738885550693755,1.1185487109619838,11.443430386301564,9.73164817137024,481.4100036621094,461.7099914550781,34661300.0,False,False,False,0.0530472517646523,0.225446035446394,0.3908789333571067,0.5767669122255474,0.8327475348382137,0.6286101095896002,0.9939443410557328,False,False,0.448750807007926,1.3805359382053288,1.3563880624662752,2.159252416547518,1.4458305222731878,2.1269374558893883,3.5514408708825407,3.536259775207088,0.8593691042439859,35.0,96.0,96.0,98.0,98.0,97.0,97.0,97.0,97.0,96.0,95.0,100.0,53.0,False,volDry=0.83; 50SMA=+62.9%; 252H=0.99x; prior=4.7x,AMD
2026-05-26,73.45999908447266,76.30000305175781,69.44999694824219,72.05000305175781,8577247.0,0.1172623434900783,69.61788208256466,69.42870533994555,71.92159973144531,70.62633336385092,61.73099990844727,54.9000583267212,43.30957876205444,58.20000076293945,79.2300033569336,40.14307821382048,79.2300033569336,40.14307821382048,79.2300033569336,37.769263372654045,79.2300033569336,29.38273554124754,79.2300033569336,17.580897081283823,79.2300033569336,4581788.675,4394466.94,3382917.646825397,389100371.6469967,0.0656392759466408,4.820714405604771,0.0656236654735234,2.895323927546011,1.5993478218723511,4.1910761306523145,5.206146744761409,67.66000366210938,64.56999969482422,5884800.0,False,False,False,0.0932481103850642,0.1915327532736241,0.2247481422174826,0.8522106184454379,1.036527242596573,0.1900017688587674,0.9271739993943092,False,False,-0.0594110048694294,0.8963010785408907,0.5166035624605632,1.389724366435681,1.4429668709270218,2.1244471740594326,2.9729411426113974,3.0867921500994364,1.3543896580809909,81.0,27.0,27.0,93.0,93.0,96.0,96.0,81.0,92.0,90.0,90.0,34.61538461538461,38.0,False,volDry=1.04; 50SMA=+19.0%; 252H=0.93x; prior=4.5x; blind=1m/RS,AMKR
2026-05-26,17.829999923706055,18.040000915527344,16.5,16.5,9167348.0,0.1122894048632272,16.796096367057277,17.51174272480756,18.84000015258789,18.820000076293944,18.25140008926392,15.02210003376007,12.702100036144255,14.25,22.799999237060547,10.350000381469728,22.799999237060547,9.229999542236328,22.799999237060547,7.710000038146973,22.799999237060547,7.710000038146973,22.799999237060547,2.4200000762939453,22.799999237060547,8842681.2,8573538.96,8266705.349206349,164262761.74893284,0.0913547964379222,1.8782144274030408,0.1053401253752021,-0.219181899123314,0.9583566236094564,4.830428977818874,4.249214229903342,16.350000381469727,15.43000030517578,7411500.0,False,False,True,0.0863713360693748,0.2692091563432179,0.4542905449315392,0.5925924704943776,1.011791611430433,-0.0230886487336248,0.782017566681496,False,False,-0.1369796681804207,0.82238475914257,0.6509258897052714,1.5128092752073974,0.7310679217020437,1.5053672639323732,6.075396848674024,5.497257237737418,1.0696741720507732,61.0,13.0,13.0,94.0,94.0,91.0,91.0,80.0,90.0,91.0,93.0,34.61538461538461,61.0,False,volDry=1.01; 50SMA=-2.3%; 252H=0.78x; prior=9.4x; blind=1m/RS,AMPX
2026-05-26,53.119998931884766,54.400001525878906,51.27999877929688,54.0,1167442.0,0.0246913344044998,51.72697283108535,50.68090472162336,51.47800003051758,49.41866683959961,42.72860015869141,37.099899978637694,42.26684996604919,36.88999938964844,60.18000030517578,26.459999084472656,60.18000030517578,24.8700008392334,60.18000030517578,24.8700008392334,60.18000030517578,24.8700008392334,64.72000122070312,24.0,70.48999786376953,1256936.05,1195878.84,1160585.880952381,63462992.35447655,0.0782041442146876,4.108571461268833,0.0773450968351338,3.144289741413264,0.3115435112577008,2.623197159611829,2.153088995550652,52.47999954223633,48.86000061035156,745100.0,False,False,True,0.0587349926452893,0.2132906295966941,0.2750376676228065,0.7754960672848861,0.8780857766494137,0.2431953945273268,0.7535820760634098,False,False,0.0735650651439743,1.0230159301819068,0.5757935441876845,1.44396250874995,0.7837474045360182,1.5511782733936197,1.1087732356362985,1.6384196081554208,1.0830185603917166,63.0,77.0,77.0,94.0,94.0,91.0,91.0,90.0,94.0,93.0,92.0,57.692307692307686,59.0,False,volDry=0.88; 50SMA=+24.3%; 252H=0.75x; prior=2.9x; blind=1m/RS,AMSC
2026-05-26,37.5,39.13990020751953,37.44499969482422,38.52000045776367,3386942.0,-0.0335051356346117,38.54392409828826,38.51624187607212,38.621200256347656,38.25172182718913,38.92252853393555,33.235899410247804,28.147092990875244,33.20772658998523,42.09000015258789,29.989269135446417,45.35640899396677,24.80648586682988,45.35640899396677,22.877858821296023,45.35640899396677,21.283788221791376,45.35640899396677,15.600327639473308,45.35640899396677,7587686.05,8327884.84,7321651.357142857,264920742.35687256,0.0392891608225918,1.8132073538643971,0.0483521961030505,-0.7558641311216481,-0.7169611541062438,4.782895076097514,7.086584271891532,39.16999816894531,37.84999847412109,3872700.0,False,False,False,0.0451973470052083,0.1450667317708333,0.1845333862304687,0.786127295088248,0.709590047597248,-0.0365476906952558,0.8267850306444716,False,False,-0.0060959328127968,0.947105794345812,0.319042719881546,1.2086914824431223,0.6300253373231679,1.4174988464773677,1.3334338987387864,1.812970588501702,1.036335340195843,57.0,44.0,44.0,87.0,87.0,89.0,89.0,59.0,65.0,80.0,82.0,19.230769230769237,69.0,False,volDry=0.71; 50SMA=-3.7%; 252H=0.83x; prior=2.9x; blind=1m/RS,APA
2026-05-26,321.2200012207031,324.9999084472656,300.0,317.32501220703125,10690744.0,0.0479918795028138,262.57921437386693,237.15597528568415,225.0232012939453,215.01000111897787,186.1591015625,151.64395065307616,147.99517543792726,156.2100067138672,324.9999084472656,111.26000213623048,324.9999084472656,100.0199966430664,324.9999084472656,100.0199966430664,324.9999084472656,100.0199966430664,324.9999084472656,100.0199966430664,324.9999084472656,10215378.6,10269472.88,6061802.555555556,2810911012.166028,0.075650152732217,21.923209054129465,0.068249825573802,10.630258319959456,0.6709780223670012,9.367573383226148,4.351559636574608,315.0,288.2099914550781,13914500.0,False,True,False,0.0778279943722705,0.3863704270779329,0.4081000693823149,0.9467541322958576,1.1658635783845606,0.7255132761416907,0.9883695129496448,False,False,0.36799967872129,1.3035870011548178,1.5067894705066802,2.297071228710187,1.4237531440382267,2.107738577525513,1.4846844388440994,1.9304852868414064,1.6852047730650268,89.0,95.0,95.0,98.0,98.0,96.0,96.0,97.0,98.0,98.0,97.0,100.0,54.0,False,tight; volDry=1.17; 50SMA=+72.6%; 252H=0.99x; prior=3.2x,ARM
2026-05-26,37.43999862670898,37.93000030517578,36.790000915527344,37.27000045776367,1560238.0,0.0051006342740667,37.43803913778443,37.33697156210995,37.44489151000977,37.20158386230469,36.50066055297852,33.53697528839111,28.93963660240173,34.69085077240091,39.87956395746566,33.34893728427924,39.87956395746566,25.234040041431463,39.87956395746566,23.52610086344074,39.87956395746566,22.588216524879744,39.87956395746566,20.72891374689144,39.87956395746566,1600658.45,1651278.76,1597721.9761904762,67124463.51928672,0.0360392586844187,1.463564001584015,0.0390909202795733,0.6583325175075506,0.1298191445699326,5.553193476009481,8.358484512980569,37.27999877929688,36.02000045776367,1199400.0,False,True,True,0.0304487027634446,0.0844017084220143,0.109383220711256,0.7716147675411154,1.0281933257592435,0.0257348239593384,0.9388266799165949,False,False,0.0089933465889586,0.9614845904748488,0.1176773169379057,1.024172327962241,0.6459906374121644,1.4313825536453688,0.5764694846554905,1.2248441281733455,1.0018379128867747,53.0,56.0,57.0,74.0,74.0,89.0,89.0,41.0,39.0,79.0,80.0,23.07692307692308,66.0,False,tight; volDry=1.03; 50SMA=+2.6%; 252H=0.94x; prior=1.9x; blind=1m/RS,AROC
2026-05-26,1632.030029296875,1648.010009765625,1604.25,1641.9749755859375,1646713.0,-0.0005327914166084,1561.9845638933205,1525.9232711186464,1496.746279296875,1491.661474609375,1439.9833276367187,1402.9113452148438,1178.5530969238282,1364.81005859375,1653.530029296875,1245.3898247712086,1653.530029296875,1245.3898247712086,1653.530029296875,1006.4812167174624,1653.530029296875,942.804454667404,1653.530029296875,679.8857573557855,1653.530029296875,1780855.325,1764216.26,1676138.5436507936,2535072233.0167847,0.0331032932700758,70.41502162388393,0.0431456654349802,3.0910940375568354,-0.0123552488819006,5.13008612451617,5.585773707215786,1653.530029296875,1615.8499755859375,1666700.0,False,True,False,0.0268132381022903,0.1300343540826607,0.1769084915842595,0.7350373795976144,0.9201883787195114,0.1333673091724894,0.9869975146389436,False,False,0.1220380057760293,1.069206507781136,0.0919980632571324,1.0006414030485775,0.6694040363232003,1.4517432592053263,1.2206282594158688,1.7253258060974868,1.0624750154131788,60.0,84.0,84.0,70.0,70.0,89.0,89.0,73.0,72.0,67.0,82.0,96.15384615384616,66.0,False,tight; volDry=0.92; 50SMA=+13.3%; 252H=0.99x; prior=2.4x,ASML
2026-05-26,38.95000076293945,39.56999969482422,37.7599983215332,38.09999847412109,13686716.0,0.1189313193427499,34.17476229316227,32.92524663793642,32.72279998779297,31.92133337656657,28.13020000457764,24.4582999420166,18.661049971580507,26.530000686645508,39.56999969482422,20.459999084472656,39.56999969482422,18.3700008392334,39.56999969482422,14.720000267028809,39.56999969482422,12.3100004196167,39.56999969482422,8.909739027110199,39.56999969482422,7858262.9,7582676.32,8188650.46031746,289779272.60823137,0.0378918266682895,1.8035706111363,0.0463047644623509,8.306551539902015,2.295446246509928,17.49530345585531,17.000368630160924,35.099998474121094,34.08000183105469,8121400.0,False,False,False,0.0464698674669401,0.2485237513624443,0.2605904857436588,0.9536946471902872,1.218211250246272,0.3846329125495411,0.984331591188618,False,False,0.2171875238418579,1.1598758820844248,0.5692990024920026,1.4380113010205693,1.8327273282137784,2.4633897573163046,3.0840141017456792,3.173090719858428,0.9596529902065633,48.0,90.0,90.0,93.0,93.0,97.0,97.0,91.0,93.0,93.0,95.0,100.0,32.0,False,volDry=1.22; 50SMA=+38.5%; 252H=0.98x; prior=4.4x,ASX
2026-05-26,168.75999450683594,169.6999969482422,164.00010681152344,165.0,1513450.0,0.0398669140943022,159.66187980554687,158.26414832650534,157.08279968261718,157.71599985758465,154.24400024414064,145.7556000518799,117.63965026855467,142.35000610351562,171.11000061035156,135.47999572753906,171.11000061035156,117.19000244140624,171.11000061035156,97.13999938964844,171.11000061035156,79.76000213623047,171.11000061035156,70.41999816894531,171.11000061035156,1826996.25,1859747.0,1816610.9126984128,285203500.2046585,0.0449814312351277,7.477140154157366,0.0443063545718146,2.1240879209156813,0.8653042590228482,2.84955610531774,5.053421441099259,164.3699951171875,159.11000061035156,1681700.0,False,False,False,0.0337751263465931,0.1384214350007301,0.1704195036915041,0.8122393975005504,0.8384285604439744,0.0941105925657987,0.9862661089642152,False,False,0.0939971510199777,1.0424859651305507,0.0479384099761255,0.96026778448607,0.7801686611201721,1.5480661348595457,1.2456419305423592,1.744760275652117,1.00571687488443,53.0,80.0,80.0,63.0,63.0,91.0,91.0,71.0,64.0,77.0,85.0,84.61538461538461,61.0,False,volDry=0.84; 50SMA=+9.4%; 252H=0.99x; prior=2.4x; blind=1m,ATI
2026-05-26,7.0,7.249100208282471,6.980000019073486,7.150000095367432,21491405.0,-0.0099010141388621,7.150710699736708,6.809272411696488,6.522800025939941,6.290000025431315,5.442800006866455,4.957599999904633,5.014025003910064,4.349999904632568,8.5649995803833,3.819999933242798,8.5649995803833,3.75,8.5649995803833,3.75,8.5649995803833,3.5999999046325684,8.5649995803833,3.5999999046325684,8.5649995803833,25711592.625,24234396.1,19958252.40079365,232917160.65149355,0.0817722963590874,0.5733642578125,0.0819091796875,3.4929264424959903,-0.1220867375452416,3.743181222037199,3.3113214470545085,7.460000038146973,7.03000020980835,25495200.0,False,False,True,0.038442884172712,0.2549999100821359,0.5392856597900391,0.4728475631660879,1.3250930771078715,0.2861027396136242,0.8172796664266428,True,True,0.4256619587655297,1.3585342353477976,0.4432989974523131,1.3225524681990366,0.856763935123332,1.6146747390689729,0.1608623145010603,0.901936512805428,1.2882687375963622,78.0,96.0,96.0,91.0,91.0,92.0,92.0,94.0,92.0,91.0,88.0,50.0,53.0,False,NR20; volDry=1.33; 50SMA=+28.6%; 252H=0.82x; prior=2.4x; blind=RS,AUR
2026-05-26,132.60000610351562,143.16000366210938,131.60000610351562,142.7899932861328,6645287.0,-0.0584392219025324,120.30627761930845,109.94597746343632,102.75520050048829,98.07366714477538,81.18980026245117,54.15090017318725,30.694750077724457,58.040000915527344,143.16000366210938,31.549999237060547,143.16000366210938,15.850000381469728,143.16000366210938,10.600000381469728,143.16000366210938,4.809999942779541,143.16000366210938,1.4500000476837158,143.16000366210938,12775079.675,12348037.74,5273980.900793651,1132751449.0459733,0.1502436630880068,17.197142464773997,0.1296918678220034,4.882419873892776,-0.4785676308954867,9.480948797397794,10.995576497522466,141.3699951171875,116.01000213623048,10143900.0,False,False,False,0.0871794647548455,0.3113122511960197,0.5892911268649726,0.5282826043083325,0.6990121735730943,0.6332101529364245,0.9262363978173836,True,False,0.7410714249937189,1.6590925517068875,2.779931561637805,3.463702133301517,13.031746960831637,12.202255189299413,83.45859979202915,65.62043923838863,2.4222840232655285,94.0,98.0,98.0,99.0,99.0,99.0,99.0,98.0,99.0,99.0,99.0,96.15384615384616,62.0,False,NR7; volDry=0.70; 50SMA=+63.3%; 252H=0.93x; prior=98.7x,AXTI
2026-05-26,8.420000076293945,8.600000381469727,7.980000019073486,8.510000228881836,56971243.0,0.0644753778407076,6.867172829037186,6.284694573339112,6.015199966430664,5.783666650454204,4.830199980735779,4.217799999713898,4.230500005483627,3.920000076293945,8.600000381469727,3.119999885559082,8.600000381469727,3.119999885559082,8.600000381469727,3.119999885559082,8.600000381469727,3.119999885559082,8.600000381469727,3.119999885559082,8.600000381469727,22911128.575,20593978.86,11932758.900793651,186403658.7706509,0.0789253874585829,0.5135715007781982,0.0609942394447395,12.184741852518,0.993046203126632,5.531206537799562,0.9348446239482304,8.029999732971191,6.699999809265137,57487100.0,False,True,False,0.0736342466482652,0.3230404088340595,0.423990515357894,0.7619048000669976,1.4566628675270965,0.7431990621248223,0.9790697328847072,False,False,0.6542239339645195,1.5763343009926785,1.491124198582073,2.2827165149014266,1.038740882077135,1.7729251088553093,1.175710678368029,1.6904269159294858,1.9200193991580752,91.0,98.0,98.0,98.0,98.0,94.0,94.0,98.0,97.0,97.0,95.0,100.0,54.0,False,tight; volDry=1.46; 50SMA=+74.3%; 252H=0.98x; prior=2.8x,BB
2026-05-26,302.3999938964844,318.0,300.5,315.95001220703125,7961675.0,-0.0002975183999341,287.76950443082967,273.33873453679325,271.2076007080078,261.641667175293,215.6966007995605,180.78040084838867,134.4442504501343,197.3999938964844,322.8299865722656,116.50499725341795,322.8299865722656,116.50499725341795,322.8299865722656,75.69999694824219,322.8299865722656,75.69999694824219,322.8299865722656,17.850000381469727,322.8299865722656,10476501.875,10435029.5,11458818.551587302,3036067122.96772,0.0912483416633631,26.777929033551896,0.0885513544114632,4.539390918669064,-0.0033608401074579,8.45010571720754,8.200183680235792,322.8299865722656,301.8500061035156,9484500.0,False,False,False,0.0578703715384018,0.2681216541294653,0.3531415193172539,0.7592470425109975,0.9205002726633404,0.4019692140512418,0.9367159386502406,False,False,0.308128201287964,1.2465345902982807,0.8194945815231118,1.6672754944858,2.238380839483433,2.8161532212502567,15.461621125821566,12.789920878540247,0.914274174762002,42.0,94.0,94.0,96.0,96.0,98.0,98.0,92.0,97.0,96.0,98.0,76.92307692307693,44.0,False,volDry=0.92; 50SMA=+40.2%; 252H=0.94x; prior=18.1x,BE
2026-05-26,48.77000045776367,52.09000015258789,48.2599983215332,48.52999877929688,2399097.0,0.0188009514510234,44.220842525458906,41.27722705948964,39.310800094604495,38.72933343251546,34.529600067138674,28.965900020599364,24.27029997348785,29.81999969482422,52.09000015258789,18.5,52.09000015258789,17.520000457763672,52.09000015258789,16.34000015258789,52.09000015258789,12.40999984741211,52.09000015258789,10.42099952697754,52.09000015258789,2332474.925,2204137.94,1891063.876984127,96361905.30364248,0.1158355290155779,5.312214442661831,0.1089238136723491,3.786237159601552,0.1694211586511059,2.18725118330914,2.8006332200901234,48.65999984741211,45.78400039672852,2026700.0,False,True,False,0.0785319211627153,0.2913676225362957,0.4566331812330036,0.6380780777900176,1.1552678504322649,0.4124113908917637,0.9362641642330792,False,False,0.4416197995293816,1.373740696365172,1.47437862623668,2.267371878706225,2.2535024151054888,2.829303210707712,3.5367442286291784,3.524841161562416,1.233419427756103,75.0,96.0,96.0,98.0,98.0,98.0,98.0,94.0,97.0,97.0,96.0,100.0,59.0,False,tight; volDry=1.16; 50SMA=+41.2%; 252H=0.94x; prior=5.0x,BKSY
2026-05-26,5.940000057220459,6.320000171661377,5.409999847412109,5.409999847412109,16253608.0,0.0722021837764848,4.90379669202566,4.408876734758771,4.087199983596801,3.907333326339722,3.3514000034332274,2.858300006389618,2.811600007414818,2.7799999713897705,6.320000171661377,1.919999957084656,6.320000171661377,1.919999957084656,6.320000171661377,1.919999957084656,6.320000171661377,1.919999957084656,6.320000171661377,1.2400000095367432,6.320000171661377,8014052.7,7152116.16,6258411.142857143,56982158.27132497,0.1196300340465965,0.5321427753993443,0.0895863249618137,8.621780635954147,0.7516781470297201,2.949654009602808,0.3962466361545069,5.900000095367432,5.28000020980835,17251000.0,False,False,False,0.1531987063102975,0.4074074163269202,0.5538720822523219,0.735562288444287,2.248559788492026,0.7723936418020614,0.939873401246914,False,False,0.8109756429978316,1.72570530851779,1.8018869706938565,2.567480844403702,1.216417876589031,1.9274361639900583,3.6046513433131535,3.5776018597500108,1.2805251232410015,78.0,98.0,98.0,99.0,99.0,96.0,96.0,98.0,98.0,97.0,97.0,100.0,37.0,False,volDry=2.25; 50SMA=+77.2%; 252H=0.94x; prior=5.1x,BLDP
2026-05-26,4.900000095367432,5.087200164794922,4.889999866485596,5.010000228881836,16497343.0,-0.0485436884214588,5.069243987200726,4.968741755311516,4.946800003051758,4.822666660944621,4.579599981307983,4.062577395439148,3.317748014330864,3.930000066757202,5.360000133514404,3.7649551633246734,5.360000133514404,3.207184061508252,5.360000133514404,2.9482189854602834,5.360000133514404,2.1713234051498653,5.360000133514404,1.560401579979339,5.360000133514404,22322568.575,22762264.86,26767995.01190476,101152301.06258714,0.0355875449131954,0.1978571414947509,0.0403790076824303,1.7326445433345468,-1.2635379148375716,2.9716363771635965,6.271909570017388,5.230000019073486,5.050000190734863,15651500.0,False,False,True,0.0402449580553607,0.1122449347000718,0.1285714494243651,0.8730160171842999,0.8390999058078793,0.0699624673262266,0.9141790994983868,False,False,0.0698690342777208,1.019493928043998,0.304928489889039,1.1957580502532097,0.5568292060849698,1.3538461969012945,2.081704163543729,2.3943420955647365,0.833927552850794,32.0,76.0,76.0,87.0,87.0,87.0,87.0,79.0,71.0,81.0,83.0,26.923076923076923,69.0,False,volDry=0.84; 50SMA=+7.0%; 252H=0.91x; prior=3.4x; blind=1m/RS,BTE
2026-05-26,60.31999969482422,60.47999954223633,58.900001525878906,59.52999877929688,2050177.0,0.0311111058944311,57.42254795036233,55.014412310953055,53.222000427246094,52.11600036621094,48.57080017089844,44.143900108337405,37.26725001335144,44.77000045776367,60.47999954223633,37.2400016784668,60.47999954223633,36.869998931884766,60.47999954223633,34.29999923706055,60.47999954223633,29.600000381469727,60.47999954223633,19.01000022888184,60.47999954223633,2485559.425,2721717.54,2747956.654761905,168330931.6248707,0.0411042871535927,1.909715107509068,0.0316597333748483,7.64057015424001,0.95302157252038,4.680228144943683,4.786221781037489,59.25600051879883,58.09000015258789,1447300.0,False,False,False,0.0261936011994541,0.1057692490118277,0.2604442832220481,0.4061108491356347,0.8478057205010334,0.2418984139150626,0.997354499857422,False,False,0.2524916919837892,1.193517742818942,0.4967742143119682,1.3715539434096866,0.8412699262922667,1.6012008751096478,1.631762630629872,2.0447582628454586,0.9045118745569732,41.0,92.0,92.0,92.0,92.0,92.0,92.0,86.0,88.0,85.0,86.0,100.0,53.0,False,volDry=0.85; 50SMA=+24.2%; 252H=1.00x; prior=3.2x,BTSG
2026-05-26,19.649999618530277,19.989999771118164,18.422700881958008,19.38999938964844,4221264.0,0.0320377454659399,19.31718924824665,18.39896716550841,17.25520004272461,17.364000129699708,16.58460008621216,13.03880006313324,8.491100032329559,13.579999923706056,22.030000686645508,7.949999809265137,22.030000686645508,7.639999866485596,22.030000686645508,4.570000171661377,22.030000686645508,3.059999942779541,22.030000686645508,0.625,22.030000686645508,3619716.6,4035115.28,3377116.9206349207,75366149.45444354,0.1048537552434609,2.084235531943185,0.1060679680613182,1.7426004989112147,0.2926726339965103,5.311772980737608,7.943694043376855,20.43000030517578,18.875,3251700.0,False,True,True,0.079760759266487,0.2229008220430101,0.4300254924672346,0.5183432748699053,1.202455459959003,0.184834094062152,0.8919654564714571,False,False,0.3551723874848465,1.2913636867959395,1.1405227631039834,1.9614464283398976,2.23190787255021,2.8105242147857323,27.47826041511266,22.126295744738048,1.0718363281658216,62.0,94.0,94.0,97.0,97.0,98.0,98.0,91.0,96.0,96.0,98.0,76.92307692307693,64.0,False,tight; volDry=1.20; 50SMA=+18.5%; 252H=0.89x; prior=35.2x,BW
2026-05-26,68.26000213623047,68.3949966430664,66.3499984741211,66.8499984741211,3063719.0,0.0370708364132386,63.99786954696344,61.8464361877942,60.03920028686523,59.06166687011719,56.8910001373291,54.56881416320801,48.86897035598755,51.91999816894531,70.30999755859375,50.209999084472656,70.30999755859375,46.16327965594984,70.30999755859375,41.5070698024204,70.30999755859375,40.44939947095868,70.30999755859375,31.48503888817833,70.30999755859375,2548567.975,2597724.38,2693738.5674603176,211000316.36954308,0.0403822044189077,2.9917847769601003,0.0438292511475347,4.559473791409833,0.8155675034503964,8.518959349534924,8.755263084196862,67.66999816894531,64.9800033569336,4194000.0,False,False,False,0.0299589526068866,0.1558745833088837,0.2417227610449341,0.6448485969424617,1.439194984958335,0.1998383219043038,0.9708434718596756,False,False,0.2126488013149285,1.1555508666769037,0.1633333266153582,1.0660087515956116,0.6780646404609392,1.459274673652664,1.1006689781838097,1.6321229736499612,0.946108136025544,46.0,90.0,90.0,78.0,78.0,90.0,90.0,84.0,76.0,79.0,82.0,100.0,37.0,False,volDry=1.44; 50SMA=+20.0%; 252H=0.97x; prior=2.2x,BWA
2026-05-26,166.52000427246094,178.54989624023438,161.44000244140625,169.99000549316406,911991.0,-0.0031726954182255,161.21000388206747,179.6830797065784,199.63319885253907,244.9933314005534,216.53819900512696,164.90749961853027,155.48984977722168,140.44000244140625,847.7000122070312,92.0999984741211,847.7000122070312,85.95999908447266,847.7000122070312,85.95999908447266,847.7000122070312,85.95999908447266,847.7000122070312,85.95999908447266,847.7000122070312,3819882.275,3286075.82,1380132.900793651,287058044.372715,0.0978325031888236,11.744992937360491,0.0705320239972085,-3.274968643020252,-0.0451255085570093,8.612668708415656,8.313301057796698,170.8800048828125,156.80999755859375,3049800.0,False,False,True,0.1027497799653717,0.2288607543900402,0.3877011524270701,0.590301970879725,0.3040980046528567,-0.23099016691961,0.1964374211095236,False,False,-0.1837254692526424,0.7778399982159614,0.7716779237916087,1.6234591828168676,0.3148045974435716,1.1433773190789975,0.4141826265177148,1.0987547193997946,2.7677640847510854,95.0,9.0,9.0,95.0,95.0,77.0,77.0,71.0,92.0,91.0,89.0,46.15384615384615,66.0,False,volDry=0.30; 50SMA=-23.1%; 252H=0.20x; prior=9.9x; blind=1m/RS,CAR
2026-05-26,22.100000381469727,22.125,21.3700008392334,21.540000915527344,2172450.0,0.0341600146732852,22.68146480146473,23.286045395513074,24.375832901000976,24.17580598195394,22.765740127563475,19.674232130050655,16.65286805152893,20.420000076293945,28.568514282186964,15.42520401064382,28.568514282186964,14.30586477683925,28.568514282186964,11.450640541854035,28.568514282186964,10.350188083917944,28.568514282186964,8.934064695421002,28.568514282186964,2866343.75,3094181.0,3426516.071428572,79049363.70381832,0.0549385251194771,1.59933048286268,0.0723678939030099,-0.4040887673382523,0.4564407106964437,8.124102455088437,10.036464663185347,21.924999237060547,21.170000076293945,2042200.0,False,False,True,0.0341628573635523,0.2343467417939541,0.3687110436760596,0.6355837336943057,0.919517959679799,-0.0292430530421327,0.7735789184966303,False,False,-0.1665348503325332,0.7942211916582049,0.2108511054530892,1.1095511886070066,1.1270772215185567,1.84974395111078,1.0815373040536098,1.617258544653023,0.8365184024381283,32.0,10.0,10.0,82.0,82.0,95.0,95.0,42.0,81.0,82.0,89.0,7.6923076923076925,73.0,False,volDry=0.92; 50SMA=-2.9%; 252H=0.77x; prior=3.2x; blind=1m/RS,CC
2026-05-26,119.16000366210938,122.23999786376952,118.97000122070312,120.05999755859376,2507756.0,-0.0208709396041566,122.68092312730808,122.88992808380762,123.03083190917968,122.21530736287436,124.03656372070311,109.32125755310058,95.90792797088623,109.2639148018026,129.89966343683076,100.00172938990092,141.38278454012223,81.88675618658444,141.38278454012223,74.71448130835641,141.38278454012223,74.71448130835641,141.38278454012223,74.71448130835641,141.38278454012223,3643718.9,4297459.12,3112425.619047619,377632260.68372345,0.0408785600432435,5.555914053079509,0.0466256619866669,-0.843216002932251,-0.4571692905733405,5.862282165425945,7.590821684862152,123.16000366210938,119.75,1618700.0,False,True,False,0.0274420656476213,0.0917225736843701,0.1430881994047593,0.6410212307229529,0.670073994793463,-0.0393155043344675,0.8428183392320556,False,False,-0.0106136491827487,0.9428007960140298,0.2448911451351172,1.1407434353822952,0.546281246934003,1.344673505172625,0.3689840040915586,1.0636374730343825,1.1707007157700215,71.0,42.0,42.0,84.0,84.0,87.0,87.0,45.0,55.0,78.0,81.0,7.6923076923076925,88.0,False,tight; volDry=0.67; 50SMA=-3.9%; 252H=0.84x; prior=1.9x; blind=1m/RS,CF
2026-05-26,68.33000183105469,68.7300033569336,66.26000213623047,68.0,1602646.0,0.0338932609666347,64.37107622463463,62.17948109099922,60.34682037353516,59.48233578999837,55.85271926879883,50.765472984313966,46.24155588150025,52.28976778256639,71.80355530331065,45.54882064076288,71.80355530331065,38.12220349839736,71.80355530331065,34.50243695793348,71.80355530331065,34.50243695793348,71.80355530331065,28.80160050427937,71.80355530331065,2198673.65,2130592.92,2011256.134920635,174918925.9971428,0.0437757173076389,3.3718363446296045,0.0493463523236314,4.527105681786847,0.6643280587243705,8.69407374543588,7.791968937975844,66.5999984741211,64.51000213623047,2039500.0,False,True,False,0.0361481216817494,0.1296709447076669,0.2855815454094663,0.4540592583520934,0.965897605629892,0.2233961519797673,0.9516242133473326,False,False,0.2609985290943504,1.201624032937836,0.1838841642414808,1.0848403042218957,0.9656689681025292,1.7093804808073825,1.301796410725251,1.788389718525648,1.093184309957001,64.0,92.0,92.0,80.0,80.0,94.0,94.0,84.0,84.0,89.0,90.0,100.0,71.0,False,tight; volDry=0.97; 50SMA=+22.3%; 252H=0.95x; prior=2.5x,CGNX
2026-05-26,602.3900146484375,605.6099853515625,576.0,591.0,1404230.0,0.0319491978039305,570.034239632346,551.522981956962,543.3552001953125,534.4233337402344,489.3754010009766,386.2634001159668,275.05414974212647,454.3399963378906,605.6099853515625,278.3900146484375,605.6099853515625,220.5200042724609,605.6099853515625,186.38999938964844,605.6099853515625,159.55999755859375,605.6099853515625,70.7699966430664,605.6099853515625,2298870.75,2574338.6,2785465.992063492,1083496322.8440552,0.0612891531974635,37.27072143554688,0.061871413086584,3.732522500195525,0.5003934374147928,5.996499244569151,7.638524685479181,599.5,574.030029296875,1620800.0,False,False,False,0.0491541769145082,0.1769617241217894,0.2399441798710742,0.7375120505814049,0.6920391124928166,0.2309364414645667,0.9946830950925358,False,False,0.1566628816587123,1.102201060937358,0.7577764610189826,1.6107207177213003,2.4139417685857807,2.9688241085002343,6.5185970294307785,5.841603350547781,0.8253092145264287,31.0,87.0,87.0,95.0,95.0,98.0,98.0,85.0,95.0,97.0,97.0,100.0,57.0,False,volDry=0.69; 50SMA=+23.1%; 252H=0.99x; prior=8.6x,CIEN
2026-05-26,57.209999084472656,59.22999954223633,56.7400016784668,58.97999954223633,4238492.0,-0.0326344322809309,57.54831759589192,54.77928106827572,53.16400009155274,50.64799995422364,44.28520004272461,43.52259994506836,39.16349998474121,36.65999984741211,60.7599983215332,31.6299991607666,60.7599983215332,31.6299991607666,60.7599983215332,31.6299991607666,60.7599983215332,31.6299991607666,60.7599983215332,25.07999992370605,60.7599983215332,6068449.8,6431901.84,9842402.349206349,384904693.6204216,0.0405332635788604,2.0392853873116628,0.0356456112558328,8.18764722072293,-0.9464101087489528,4.681427633925946,6.437470130699167,59.20000076293945,58.11000061035156,2917600.0,False,False,True,0.0435238228214784,0.0870477123218124,0.2891102493535818,0.301088295957827,0.7602882198214642,0.2918536899297894,0.9415734144975704,False,False,0.3680057269716612,1.3035927646214958,0.3502478292823443,1.2372859694699248,0.6425494136340757,1.4283900046191544,-0.0148097230044967,0.765447436602376,0.6165618499115041,16.0,95.0,95.0,88.0,88.0,89.0,89.0,93.0,92.0,89.0,87.0,61.53846153846154,61.0,False,volDry=0.76; 50SMA=+29.2%; 252H=0.94x; prior=2.4x; blind=RS,CNC
2026-05-26,381.3500061035156,387.6199951171875,369.1199951171875,383.3250122070313,4072130.0,0.0100113851894252,370.470284954567,357.618724871688,350.7636022949219,347.0413360595703,312.6108020019531,267.5977008056641,199.30760040283204,291.0,413.0,215.5500030517578,413.0,175.24000549316406,413.0,158.2100067138672,413.0,112.95999908447266,413.0,73.66000366210938,413.0,6104415.75,7288890.6,5025164.801587301,2283572703.780838,0.0745242438826925,28.700001307896205,0.0752589506976583,2.9217453388610326,0.1317072685378898,2.0069767246282453,3.391873553997049,385.0,368.5199890136719,3980200.0,False,True,True,0.0485118649637002,0.2000786326780796,0.3199160824633202,0.6254097360079406,0.7377395676647966,0.2198874884084556,0.9233656322119024,False,False,0.1346663401433778,1.0812402332151212,0.4963117209065346,1.3711301422458515,1.812108283955025,2.4454590719563787,3.8345590692447855,3.756229566071003,1.2147692644969166,74.0,85.0,85.0,92.0,92.0,97.0,97.0,84.0,91.0,94.0,94.0,80.76923076923077,80.0,False,tight; volDry=0.74; 50SMA=+22.0%; 252H=0.92x; prior=5.6x,COHR
2026-05-26,49.93000030517578,50.0,46.81999969482422,47.68999862670898,2587808.0,0.0730711716113714,46.92064236736709,46.0991295966829,46.87519989013672,45.80799980163575,40.19359985351562,34.62569995880127,28.34099998474121,37.59999847412109,52.43000030517578,26.6299991607666,52.43000030517578,26.6299991607666,52.43000030517578,22.799999237060547,52.43000030517578,21.100000381469727,52.43000030517578,16.459999084472656,52.43000030517578,1267507.7,1153626.16,749625.8253968254,68928682.55428314,0.0555606674383635,2.833570752825056,0.0567508659224127,4.268438522357424,1.1998999927879417,10.39323588217983,10.622478424084,47.130001068115234,44.9900016784668,734800.0,False,False,False,0.0636891705535627,0.1816543088201026,0.2179050871543336,0.8336395959927451,1.1205196664402963,0.2422375822803675,0.9523173758258932,False,False,0.0639249942572264,1.013829764941048,0.6316993360369896,1.495191216819057,1.335360255616843,2.03087055927748,1.8894674954361057,2.244983064867935,1.690853832749193,89.0,75.0,75.0,94.0,94.0,96.0,96.0,85.0,93.0,91.0,92.0,80.76923076923077,35.0,False,volDry=1.12; 50SMA=+24.2%; 252H=0.95x; prior=3.2x; blind=1m,COHU
2026-05-26,26.3700008392334,26.82999992370605,25.790000915527344,26.48500061035156,16951338.0,0.0439430166387095,24.26613861450757,23.115355036734677,22.51480010986328,21.993000157674157,19.787000045776367,18.5204499912262,17.565850014686585,18.3700008392334,26.82999992370605,13.5600004196167,26.82999992370605,13.5600004196167,26.82999992370605,13.354999542236328,26.82999992370605,13.354999542236328,26.82999992370605,10.399999618530272,26.82999992370605,14762360.95,13741514.76,15021585.07142857,364087044.9933386,0.0593274190207893,1.7439280918666296,0.0661330313373371,5.030666446025943,0.6364944836478109,3.017790562772271,1.5148388063164044,25.6299991607666,24.415000915527344,11572700.0,False,True,False,0.0394387172954274,0.1949184386069918,0.289343910426224,0.6736566127134425,0.9224095029826248,0.3326932217227243,0.9828550471196156,False,False,0.2629311254371349,1.203465632398801,0.4756575042424362,1.3522038592815877,0.7394459831564506,1.5126529742679198,1.4349031417360818,1.891807513469261,0.9827432244869004,51.0,92.0,92.0,92.0,92.0,91.0,91.0,90.0,93.0,92.0,90.0,100.0,71.0,False,tight; volDry=0.92; 50SMA=+33.3%; 252H=0.98x; prior=2.6x,CORZ
2026-05-26,12.43000030517578,13.175000190734863,12.43000030517578,13.029999732971191,4305309.0,-0.0583332966072385,12.994310174188287,12.92834521436358,12.915958023071289,12.77164494196574,12.797101573944092,11.233101181983947,9.945017039775848,11.260413216462622,14.15849655836781,10.395920835534705,14.15849655836781,7.983282108359996,14.15849655836781,7.532138030988349,14.15849655836781,7.532138030988349,14.15849655836781,7.532138030988349,14.15849655836781,7574972.725,7791916.18,5863520.273809524,98188591.35380268,0.0349143690505779,0.5335762759990874,0.0429264893724024,-0.6682652774632999,-1.4430917166389767,2.5736444138687045,4.440839757025186,13.359999656677246,12.92099952697754,6512300.0,False,False,False,0.0599356289033129,0.128284083222436,0.1697827053292883,0.7555780370776458,0.95876171244953,-0.0286862823309739,0.8779180934877955,False,False,-0.0144972596191579,0.9391000465466144,0.2269128989551971,1.12426925096097,0.4501156027111814,1.2610461610845516,0.5086787399086607,1.1721738440632803,1.291881390576065,78.0,40.0,40.0,83.0,83.0,84.0,84.0,51.0,56.0,83.0,83.0,3.8461538461538463,38.0,False,volDry=0.96; 50SMA=-2.9%; 252H=0.88x; prior=1.9x; blind=1m/RS,CRGY
2026-05-26,35.279998779296875,35.290000915527344,33.810001373291016,33.880001068115234,2703504.0,0.0613717508369324,33.03316308202719,32.40632239616691,32.31040016174316,31.91533349355062,29.51880004882813,26.55980003356933,21.19334997177124,28.38999938964844,35.290000915527344,22.030000686645508,35.290000915527344,21.61000061035156,35.290000915527344,16.579999923706055,35.290000915527344,14.619999885559082,35.290000915527344,11.229999542236328,35.290000915527344,2294787.6,2284280.08,1665987.7142857143,76311675.9164257,0.043886742103766,1.4592855998447962,0.0413629719483193,4.718483292280925,1.3979423226317345,8.420045897488793,9.426304565134682,33.540000915527344,31.86000061035156,3137700.0,False,False,False,0.0419501018550155,0.1541950318107702,0.1541950318107702,1.0,0.8947634827687154,0.1951704920572292,0.9997165730810148,False,False,0.124282973958977,1.0713457709599346,0.4254544961332069,1.306200839530948,1.330250857283272,2.0264273361703324,1.9847715473922896,2.3190299205577354,1.377433687128888,82.0,84.0,84.0,90.0,90.0,96.0,96.0,79.0,87.0,85.0,92.0,100.0,48.0,False,volDry=0.89; 50SMA=+19.5%; 252H=1.00x; prior=3.1x,CSTM
2026-05-26,31.31999969482422,31.81889915466309,30.700000762939453,30.690000534057617,1280013.0,0.0370860564102764,31.286193291914948,32.377186605152154,34.007199935913086,33.88099994659424,32.54,30.73069997787476,26.310249996185306,28.31999969482422,42.98500061035156,27.6200008392334,42.98500061035156,26.6299991607666,42.98500061035156,22.149999618530277,42.98500061035156,19.040000915527344,42.98500061035156,18.350000381469727,42.98500061035156,1403685.325,1384696.26,1606338.146825397,62542418.30323219,0.0496202661717326,2.0870646068028043,0.0666368016327823,-0.5626369454707152,0.5366383619530128,2.25231670769576,4.169490560586472,30.700000762939453,29.6299991607666,1099000.0,False,False,True,0.0357247254989129,0.1519796354601204,0.4682311959904267,0.3245824643072859,0.9643857202300814,-0.0374923265266066,0.7286262475306746,False,False,-0.0984456481981815,0.8591043931691223,0.0116279270347947,0.9269950399471182,0.6169333163572419,1.4061137936243036,0.6847767314549591,1.3089938669232464,0.8738417423343277,37.0,19.0,19.0,53.0,53.0,88.0,88.0,51.0,42.0,46.0,71.0,19.230769230769237,73.0,False,volDry=0.96; 50SMA=-3.7%; 252H=0.73x; prior=2.3x; blind=1m/RS,CTRI
2026-05-26,59.34999847412109,59.97999954223633,58.20299911499024,58.959999084472656,1906500.0,0.0127986351455489,60.2917321598339,60.96219503671575,61.73599960327149,61.29433301289876,60.69559967041016,53.80229988098144,43.48209994316101,55.83000183105469,66.0199966430664,51.02000045776367,66.0199966430664,38.45000076293945,66.0199966430664,34.0099983215332,66.0199966430664,30.38999938964844,66.0199966430664,29.149999618530277,66.0199966430664,2859892.5,3008038.0,2563569.4444444445,161285035.7330513,0.034219791094703,2.067642484392439,0.0348381219469451,-0.6363622708469931,0.3627319547075286,7.886964214429801,11.376349638383925,58.97999954223633,57.650001525878906,1964800.0,False,True,True,0.0299410357697133,0.12367306700254,0.1410277225337612,0.8769415316405852,0.7352134514258131,-0.0221696663942024,0.8989700316859103,False,False,-0.0137919878173098,0.9397721104129084,0.1266134800741447,1.032360890853869,0.8471832088738427,1.6063431701687196,0.8716493278986828,1.4541852611738126,1.1155900247593145,66.0,40.0,40.0,75.0,75.0,92.0,92.0,33.0,49.0,82.0,85.0,7.6923076923076925,89.0,False,tight; volDry=0.74; 50SMA=-2.2%; 252H=0.90x; prior=2.3x; blind=1m/RS,DAR
2026-05-26,305.0799865722656,308.6401062011719,298.9700012207031,300.25,9449127.0,0.0335037909450286,260.48665509842243,243.2174886354753,233.93719848632813,226.70506947835287,203.89822662353515,164.47147354125977,150.2955876159668,176.45401921223402,308.6401062011719,137.0758603203263,308.6401062011719,109.8800132652644,308.6401062011719,109.8800132652644,308.6401062011719,109.8800132652644,308.6401062011719,104.78669226461824,308.6401062011719,6754440.675,7562002.54,7042574.71031746,1605215771.5238144,0.0564865234108586,18.261434282575333,0.05985785723853,8.290249756237893,0.5415776207839372,8.949739611359597,6.195170425889984,298.32000732421875,265.2099914550781,15256900.0,False,False,False,0.0316969496725022,0.266717272551854,0.353350316664401,0.7548239239450638,0.8802367712508068,0.4962365863806461,0.988465142548306,True,False,0.4118191112152418,1.3453431824504822,1.554883608955532,2.341141807033676,1.618081209440963,2.276729698239574,1.766581489162181,2.149506301959212,0.9590868329880348,48.0,96.0,96.0,98.0,98.0,97.0,97.0,95.0,95.0,97.0,96.0,100.0,53.0,False,NR7; volDry=0.88; 50SMA=+49.6%; 252H=0.99x; prior=2.9x,DELL
2026-05-26,8.100000381469727,8.569999694824219,7.710000038146973,7.909999847412109,12564291.0,0.020151174193477,7.47257803790823,6.556535994139194,5.759999990463257,5.305333320299784,4.095400002002716,3.3983000075817107,3.340825007557869,2.5999999046325684,9.199999809265137,1.8600000143051147,9.199999809265137,1.8600000143051147,9.199999809265137,1.8600000143051147,9.199999809265137,1.8600000143051147,9.199999809265137,1.1799999475479126,9.199999809265137,11553019.775,9591439.82,4351090.043650794,138733969.29355413,0.1539171279487039,1.1807141644614083,0.1457671739327956,6.708155542226123,0.1355114803100993,6.2552713041258095,4.351069624244966,8.300000190734863,7.409999847412109,14814900.0,False,True,False,0.106172792120437,0.3024690980101645,0.7734567372142304,0.391061430403427,1.9289824517712504,0.977828875691922,0.8804348423260159,False,False,1.3893805695615722,2.276875864622881,2.1274133783389075,2.865773682308311,1.5391850270145435,2.2081201833932758,4.744681257602235,4.4633525577815005,2.6552012620052348,95.0,99.0,99.0,99.0,99.0,97.0,97.0,99.0,99.0,99.0,98.0,92.3076923076923,59.0,False,tight; volDry=1.93; 50SMA=+97.8%; 252H=0.88x; prior=7.8x,DGXX
2026-05-26,17.399999618530273,17.457199096679688,17.045000076293945,17.329999923706055,1640178.0,0.00115077438029,17.50030886426723,17.560035355353264,17.660771789550783,17.59770851135254,17.45401798248291,16.054828691482545,13.84044783115387,16.52192103700287,19.15655076106816,16.06834060533801,19.83209582137132,12.218642843826553,19.83209582137132,10.957242012023926,19.83209582137132,10.957242012023926,19.83209582137132,9.987657346237494,19.83209582137132,3248881.95,3636181.56,2587431.6587301586,50128588.83703785,0.0337224629160235,0.6664983051683946,0.0383045011368047,-0.0807971788324016,0.0300082650001917,7.516460287908304,8.502053508322968,17.59000015258789,17.139999389648438,2403000.0,False,True,True,0.0236895993921038,0.0837500273201209,0.1358857576132564,0.6163267496986796,0.7648071896607934,-0.0030948956284363,0.8773656488579391,False,False,-0.0016686622106995,0.9513246055760044,-0.0358361267939597,0.8835018333054186,0.386662663925549,1.2058663638907607,0.6314398280539677,1.267553551343697,1.2556397147874674,76.0,46.0,47.0,38.0,38.0,81.0,81.0,28.0,27.0,76.0,80.0,15.384615384615383,72.0,False,tight; volDry=0.76; 50SMA=-0.3%; 252H=0.88x; prior=2.0x; blind=1m/RS,DHT
2026-05-26,68.52999877929688,70.5250015258789,68.08000183105469,68.86000061035156,1892620.0,-0.0197397340941701,69.65798731938638,68.43787159818707,67.67551528930665,66.01606012980143,63.52300926208496,57.59008628845215,53.66600877761841,55.06721645927328,74.26000213623047,49.972628265730414,74.26000213623047,46.20888706260749,74.26000213623047,44.94059893324096,74.26000213623047,44.94059893324096,74.26000213623047,33.5167371995047,74.26000213623047,2277115.5,2413914.4,2524516.3492063493,180818497.04047397,0.0399732066380817,2.776042451157448,0.040508426975138,1.94580914209828,-0.4971123126150748,5.086566844644546,5.379194998442619,69.97000122070312,68.0,1191800.0,False,True,True,0.0356778015230734,0.0735444477645305,0.187753704022774,0.3917070406004337,0.8492148685968318,0.0788216675402442,0.9228386319404912,False,False,0.1451438409133039,1.0912243977004754,0.4041752903146081,1.2867018540633626,0.3353114924154794,1.1612104774366756,1.0054295328947331,1.5581263143627029,0.90200069439672,41.0,86.0,86.0,90.0,90.0,78.0,78.0,79.0,77.0,79.0,77.0,30.76923076923077,93.0,False,tight; volDry=0.85; 50SMA=+7.9%; 252H=0.92x; prior=2.2x; blind=RS,DINO
2026-05-26,160.72000122070312,165.9521026611328,153.14999389648438,162.0500030517578,1970673.0,0.0142622391207949,154.41077918887856,142.71465270589948,133.34719940185548,124.94899927775064,108.41979934692382,83.25769985198974,61.66674987792969,72.16999816894531,165.99000549316406,51.68000030517578,165.99000549316406,49.07799911499024,165.99000549316406,43.810001373291016,165.99000549316406,37.834999084472656,165.99000549316406,25.559999465942383,165.99000549316406,4592159.325,4795297.46,3023282.8293650798,597700157.8973068,0.0795670856285144,11.829864501953123,0.0736054281489718,6.553675332844454,0.1910414533034431,10.040955041510216,10.579715356411391,165.6999969482422,157.1490020751953,2269100.0,False,True,False,0.079654732873405,0.1666251777992596,0.4603036510393198,0.3619896940270548,0.6600836186708634,0.4823860788233713,0.9682510747752342,False,False,0.6880580061565633,1.6085752856886024,1.561683087679361,2.34737244073088,2.722093563798293,3.236798356661916,4.5173362805024375,4.28671598918262,1.5189314345308544,86.0,98.0,98.0,98.0,98.0,99.0,99.0,98.0,98.0,98.0,98.0,80.76923076923077,79.0,False,tight; volDry=0.66; 50SMA=+48.2%; 252H=0.97x; prior=6.5x,DOCN
2026-05-26,35.279998779296875,36.29999923706055,35.02000045776367,36.209999084472656,11313335.0,-0.0202721348587179,37.0408644924398,37.74121744774671,38.365999908447264,38.314666493733725,38.649199981689456,34.14586044311523,28.40332441329956,34.79999923706055,41.47499847412109,29.38500022888184,42.7400016784668,25.517758907849657,42.7400016784668,22.25638750655204,42.7400016784668,20.38220872003981,42.7400016784668,19.585006096082974,42.7400016784668,13244458.375,13275946.7,13555440.218253968,412904435.6270981,0.0346850297745491,1.4572854723249162,0.041306278989445,-2.1104271452278023,-0.5009310502984055,4.716137516082076,8.588192432535205,36.59999847412109,35.55500030517578,9010400.0,False,False,False,0.0362811457932364,0.145974996864336,0.1829648027126737,0.7978310292475973,0.7518216007902473,-0.0871738924476775,0.8254561860972408,False,False,-0.0874288950195505,0.8696024192008378,0.149689814199299,1.0535066567056304,0.7292688100689215,1.5038027246542152,0.3138319264436866,1.0207868507286046,0.9770585212839348,50.0,21.0,21.0,77.0,77.0,91.0,91.0,8.0,57.0,73.0,80.0,0.0,59.0,False,volDry=0.75; 50SMA=-8.7%; 252H=0.83x; prior=2.2x; blind=1m/RS,DOW
2026-05-26,60.209999084472656,72.87000274658203,55.0,71.87999725341797,13756177.0,-0.0964886009013767,54.95916669171569,49.16758855516007,44.1215998840332,41.706333287556966,35.97019996643066,32.689000091552735,29.7340500831604,28.43000030517578,72.87000274658203,23.809999465942383,72.87000274658203,23.809999465942383,72.87000274658203,22.88999938964844,72.87000274658203,19.711000442504883,72.87000274658203,19.711000442504883,72.87000274658203,3954146.925,3805095.54,1447706.257936508,326999867.3685703,0.1485970060057839,10.07807159423828,0.167382025369226,4.026033141431256,-0.6380189151317268,5.57495390792392,5.460858687343294,70.69999694824219,63.5,8920700.0,False,False,False,0.2967946025295732,0.5044013155352138,0.7349277957182383,0.6863277161020519,2.1175520076428884,0.6738855814163915,0.8262659093600323,False,False,1.0451765622360916,1.948878806820713,1.214416987931092,2.0291586553997494,1.7991631075683432,2.434201717745124,0.3889273634096337,1.0791325440107378,2.7313185277212617,95.0,99.0,99.0,97.0,97.0,97.0,97.0,97.0,97.0,96.0,95.0,88.46153846153845,37.0,False,volDry=2.12; 50SMA=+67.4%; 252H=0.83x; prior=3.7x,DXYZ
2026-05-26,14.859999656677246,14.989299774169922,13.760000228881836,13.800000190734863,6169155.0,0.0729241333854997,13.828765469155876,13.63435110035046,13.545881309509276,13.436537615458173,13.626361236572263,12.587209882736206,10.759741501808168,12.270574042890338,14.989299774169922,11.013031395575966,14.989299774169922,10.698644977342909,14.989299774169922,8.764695458105521,14.989299774169922,8.164504571367953,14.989299774169922,7.878700024091671,14.989299774169922,3089276.375,3154555.1,2564605.376984127,41144810.9368155,0.0398943759854815,0.599949836730957,0.0403734758137341,2.242393616436781,1.683472872850278,6.689461037951684,7.598209951891172,13.970000267028809,13.640000343322754,1800100.0,False,False,False,0.0827254087274294,0.1500201612916164,0.1601144126826108,0.9369560102562168,1.0407634027378376,0.0905332244380823,0.9913738387088976,False,False,0.1302920604177888,1.0770719177700308,0.2558801177421941,1.1508130695122405,0.5413073551151666,1.340348120925971,0.8415619850026144,1.4308087825059488,1.204581571388915,73.0,85.0,85.0,84.0,84.0,87.0,87.0,75.0,75.0,74.0,84.0,100.0,30.0,False,volDry=1.04; 50SMA=+9.1%; 252H=0.99x; prior=1.9x,EC
2026-05-26,66.9000015258789,68.9000015258789,63.672000885009766,66.54000091552734,11424090.0,0.0448227830906973,54.12773129748436,47.531013969645336,41.82519996643067,40.27099997202556,39.43479995727539,40.38100002288818,37.20435010910034,29.899999618530277,68.9000015258789,29.899999618530277,68.9000015258789,29.899999618530277,68.9000015258789,28.700000762939453,68.9000015258789,25.780000686645508,68.9000015258789,25.780000686645508,68.9000015258789,8194019.75,7567907.8,7785335.674603174,467026363.23209,0.1035540503697409,5.1020001002720425,0.0762630789821198,9.132481759137852,0.5625250274748134,3.64470080232428,0.7509125545863478,64.94000244140625,60.2599983215332,10982100.0,False,True,False,0.0781464950915852,0.4973094125400557,0.5829596564696979,0.8530768930935544,1.661243679527914,0.6964711776998991,0.9709724244454654,False,False,0.870282378242426,1.7822195682419215,0.3449939539274469,1.2324716338191033,1.5612557188509788,2.2273132471468,0.7600632591446106,1.3674880288900932,1.0524940853520304,59.0,98.0,98.0,88.0,88.0,97.0,97.0,98.0,95.0,94.0,93.0,100.0,54.0,False,tight; volDry=1.66; 50SMA=+69.6%; 252H=0.97x; prior=2.7x,ENPH
2026-05-26,142.1199951171875,143.25999450683594,136.80189514160156,139.00999450683594,2750677.0,0.0505617711384649,136.24691613711937,138.07928465939628,142.97748504638673,142.64299138387045,133.42991256713867,125.71999114990234,105.87390678405762,122.0,159.04001522172513,107.17588728580778,159.04001522172513,107.17588728580778,159.04001522172513,76.80300988048994,159.04001522172513,67.86662641509832,159.04001522172513,66.07568863933973,159.04001522172513,2909729.425,2737261.54,2865156.257936508,468845845.17345583,0.0512993838141873,7.237142835344587,0.0509227630452497,1.2789652370895326,0.9451238552990294,4.80810891507636,6.186573472584072,136.1300048828125,130.50999450683594,2227600.0,False,False,False,0.0454411735654032,0.1881509035453817,0.2422600187073705,0.7766485966165634,1.1075111587619797,0.0651284437114219,0.8936115537907322,False,False,-0.0882274828366751,0.8688414331319979,0.0436505677679894,0.9563386635585084,1.0688439932345917,1.7991033064354458,0.9495077448863488,1.5146776625836975,1.0155569759729592,55.0,20.0,20.0,62.0,62.0,94.0,94.0,67.0,74.0,69.0,88.0,26.923076923076923,48.0,False,volDry=1.11; 50SMA=+6.5%; 252H=0.89x; prior=2.4x; blind=1m/RS,ENTG
2026-05-26,11.5,11.574999809265137,10.93000030517578,11.359999656677246,2545797.0,0.0231316934320515,11.08044056780714,11.79803553799021,12.653799781799316,13.711499818166097,14.480299911499024,12.722449977397918,7.548124995231628,8.699999809265137,24.280000686645508,8.699999809265137,24.280000686645508,8.039999961853027,24.280000686645508,2.809999942779541,24.280000686645508,2.1050000190734863,24.280000686645508,1.059999942779541,24.280000686645508,7349007.425,7147589.94,3650634.115079365,77148607.08513871,0.0855008659720766,0.7028570175170898,0.0611180015232252,-3.3675439157866065,0.369919090799309,10.884668418741864,12.667684178575414,11.720000267028809,11.18000030517578,2492700.0,False,True,True,0.0560869133990743,0.169565200805664,0.2652174078899881,0.6393441597770216,0.507473110579704,-0.2058175541745736,0.4736408432774564,False,False,-0.4648673744773318,0.5099357444127904,-0.1550330426086419,0.7742769426274015,3.1366906900545573,3.597339346280024,8.504131931773669,7.384272453939523,2.0130769596010945,92.0,1.0,1.0,21.0,21.0,99.0,99.0,85.0,73.0,76.0,98.0,69.23076923076923,90.0,False,tight; volDry=0.51; 50SMA=-20.6%; 252H=0.47x; prior=22.9x; blind=1m/RS,ERAS
2026-05-26,43.18000030517578,43.3650016784668,41.619998931884766,41.75,3800753.0,0.059631909329467,41.68094278476578,41.40771234890484,41.69760025024414,41.11133346557617,38.28600009918213,34.54063287734985,30.11970238685608,36.88999938964844,45.52000045776367,29.459999084472656,45.52000045776367,27.836390645907223,45.52000045776367,24.813300221666093,45.52000045776367,22.737488307834376,45.52000045776367,20.624176888698475,45.52000045776367,3131278.825,3032747.06,2462044.654761905,148049739.04726678,0.0380024074522531,1.7975000653948103,0.0416280697705171,3.070702293597144,1.351877728383863,7.174316565801746,7.236076203237817,41.119998931884766,40.119998931884766,1732500.0,False,False,False,0.0404122912054001,0.1591014099891354,0.1704492950054322,0.933423690511978,1.0348819858389375,0.127827409322349,0.9485940217694178,False,False,0.0704015900308741,1.0200014082488542,0.1789341224988194,1.0803043834348642,0.888327957197327,1.6421233706059215,1.024625955735882,1.573041050123701,1.271820484223839,77.0,76.0,76.0,80.0,80.0,93.0,93.0,69.0,82.0,82.0,85.0,53.84615384615385,38.0,False,volDry=1.03; 50SMA=+12.8%; 252H=0.95x; prior=2.2x; blind=1m/RS,ESI
2026-05-26,8.75,9.8100004196167,8.739999771118164,9.8100004196167,2750598.0,-0.1107723715127406,8.413373444188174,7.325902168086059,6.321999969482422,5.850666642189026,4.742599987983704,3.879509308338165,3.1690948218107224,3.2699999809265137,10.119999885559082,2.832318090340077,10.119999885559082,2.802814583526525,10.119999885559082,2.642587423324585,10.119999885559082,1.8875624864489975,10.119999885559082,1.7138468619900489,10.119999885559082,2809797.45,2314039.96,720867.0555555555,41469093.26795554,0.1135689734889042,1.265714304787772,0.1446530634043168,5.841421756805151,-0.861173922475859,12.211713315504785,10.525685621438654,10.119999885559082,9.279999732971191,3294700.0,False,False,True,0.1222857883998325,0.3039999825613839,0.7325714111328125,0.4149765851376772,1.7795240666457637,0.8449795517584913,0.8646245157063659,False,False,1.3333333333333337,2.2234676294206044,1.9657687133937247,2.717652225166149,2.5172903296788816,3.058697844067525,3.9974219814936873,3.882766542337861,3.897802553668588,97.0,99.0,99.0,99.0,99.0,98.0,98.0,99.0,98.0,97.0,97.0,80.76923076923077,42.0,False,volDry=1.78; 50SMA=+84.5%; 252H=0.86x; prior=5.9x,EVC
2026-05-26,24.399999618530277,27.68989944458008,23.729999542236328,25.450000762939453,12165060.0,-0.0243902680835295,21.10422156382075,18.02410907862864,15.903600044250489,14.522333367665608,11.382000036239624,9.662700023651125,8.449450014829635,7.059999942779541,27.68989944458008,6.179999828338623,27.68989944458008,6.179999828338623,27.68989944458008,6.179999828338623,27.68989944458008,5.710000038146973,27.68989944458008,3.7799999713897705,27.68989944458008,8406711.5,6970501.2,3560049.8412698414,228527192.772357,0.1798746820748089,3.3814217022487094,0.1385828588161424,8.25308189267623,-0.1803976741339007,5.299522040781445,3.879673979488096,27.32999992370605,24.96999931335449,12014400.0,False,False,False,0.1622909821415101,0.5389303150947807,0.7397499747315387,0.7285303595858357,2.1341960316999877,1.1437356827308114,0.8811877293872312,False,False,1.182468600401942,2.07970640795169,1.7323626858543513,2.5037729677429628,2.8853501279221936,3.3787691506285413,4.327510922486266,4.13923043528665,2.361402754125878,94.0,99.0,99.0,98.0,98.0,99.0,99.0,99.0,99.0,98.0,98.0,92.3076923076923,37.0,False,volDry=2.13; 50SMA=+114.4%; 252H=0.88x; prior=7.3x,FCEL
2026-05-26,143.24000549316406,144.85000610351562,135.92999267578125,135.92999267578125,5366228.0,0.0813014582412319,132.8819352986455,123.49559286507916,116.10000091552736,110.23666737874348,93.27120018005373,78.44629989624023,68.76794996261597,76.4000015258789,147.33999633789062,58.52999877929688,147.33999633789062,55.15999984741211,147.33999633789062,55.15999984741211,147.33999633789062,53.06999969482422,147.33999633789062,40.150001525878906,147.33999633789062,5195075.7,4839650.56,4432711.222222222,884035449.4144104,0.0538196548394762,10.409998757498604,0.0726752189212629,7.371655860438083,1.0345826664679485,10.715798245326567,8.87556410880743,134.25999450683594,128.5800018310547,3583200.0,False,False,False,0.0622731994251429,0.1817927414654807,0.4375174236637135,0.4155097183174379,1.2494027667981054,0.5357367034695486,0.9721732662777852,False,False,0.5670057953683125,1.4932228547639703,1.2064080334753209,2.0218197308235726,1.6277749019225278,2.285159504572088,2.456563953668733,2.6855908747463024,1.1719860463627465,71.0,97.0,97.0,97.0,97.0,97.0,97.0,96.0,96.0,96.0,95.0,84.61538461538461,37.0,False,volDry=1.25; 50SMA=+53.6%; 252H=0.97x; prior=3.7x,FLEX
2026-05-26,58.810001373291016,62.16999816894531,51.9900016784668,53.5,14471073.0,0.1880808358240608,45.57064367784578,41.89059854733852,39.22940017700196,39.52150014241536,35.33080001831055,29.78395000457764,30.425224990844725,31.23600006103516,62.16999816894531,18.11199951171875,62.16999816894531,18.11199951171875,62.16999816894531,16.84000015258789,62.16999816894531,16.0,62.16999816894531,16.0,73.80000305175781,7189344.325,7092085.46,3846767.029850746,285842807.48659074,0.1173366550212142,5.35521411895752,0.0910595816001736,7.298005700491966,1.7384928345504438,3.042453847041772,1.823113247470821,50.02000045776367,42.93000030517578,8773800.0,False,False,False,0.1730997492392821,0.4407413290882367,0.5259989353096505,0.8379129680724099,1.1127823183337668,0.6645533456024808,0.7968834544904567,False,False,0.6740677365554728,1.5952437521522205,1.8410627635619397,2.603379186772674,2.475768387004192,3.02258962875504,0.0,0.0,1.8689315649247795,91.0,98.0,98.0,99.0,99.0,98.0,98.0,96.0,98.0,98.0,97.0,100.0,32.0,False,volDry=1.11; 50SMA=+66.5%; 252H=0.80x; prior=4.6x,FLY
2026-05-26,136.47999572753906,139.9199981689453,129.52999877929688,133.92999267578125,2281061.0,0.0580664386030431,130.07245277616605,131.2121832699223,136.8015966796875,136.22866388956706,123.14899856567382,102.96809921264648,73.07759959220886,112.30999755859376,159.08999633789062,81.01000213623047,159.08999633789062,68.97000122070312,159.08999633789062,53.40999984741211,159.08999633789062,40.59999847412109,159.08999633789062,26.07999992370605,159.08999633789062,2005036.525,1928057.22,1211298.6547619049,317132950.80530775,0.0781636498198401,10.782143184116908,0.0790016377611981,1.3702368938376634,0.6946661815258072,9.655161402501292,10.956946085438195,132.02000427246094,127.51000213623048,1438500.0,False,False,True,0.0761283683682877,0.2468493808328003,0.3320633700391744,0.7433803397335841,1.140405003125374,0.1082509587339923,0.8578791807730621,False,False,-0.1199381344074177,0.8386238871568343,0.3569297399376268,1.2434088708542037,1.801313471017384,2.436071711811307,3.434047845448994,3.445050805233142,1.6552784213189056,88.0,16.0,16.0,88.0,88.0,97.0,97.0,76.0,89.0,92.0,95.0,34.61538461538461,58.0,False,volDry=1.14; 50SMA=+10.8%; 252H=0.86x; prior=6.1x; blind=1m/RS,FORM
2026-05-26,36.56999969482422,36.959999084472656,35.70000076293945,36.400001525878906,4323501.0,-0.0148167902178498,37.51160037950579,37.2536351811038,37.069999847412106,36.85500005086263,35.75040004730224,32.296565551757816,27.142866945266725,33.529998779296875,39.7400016784668,29.81999969482422,39.7400016784668,24.31857561089189,39.7400016784668,19.84062233217888,39.7400016784668,19.84062233217888,39.7400016784668,15.75037284330888,39.7400016784668,3011995.025,3218278.02,3050580.162698413,97215534.0918171,0.0346122675713265,1.4878570011683874,0.0406851794800251,0.5634879339041516,-0.3696586678885419,9.298796348443696,10.486262943349152,38.04999923706055,36.470001220703125,4349600.0,False,True,True,0.0344544252679206,0.1104730913109394,0.1107465979096251,0.997530338594158,0.9266011455405584,0.0229256077257189,0.9202314582346822,False,False,0.0275358116896515,0.9791539780124426,0.0331340693921318,0.9467019764213644,0.5098062298957542,1.312954185605564,1.2183951321500015,1.7235907691394712,0.9873515411362664,51.0,65.0,65.0,60.0,60.0,86.0,86.0,45.0,62.0,80.0,88.0,0.0,85.0,False,tight; volDry=0.93; 50SMA=+2.3%; 252H=0.92x; prior=2.5x; blind=1m/RS,FRO
2026-05-26,133.9600067138672,134.91000366210938,130.60000610351562,132.97500610351562,4546896.0,0.0002241024395379,124.92224273982984,114.56729393532822,105.2732000732422,101.2336664835612,93.25739990234376,86.92460014343261,84.38655006408692,77.41000366210938,134.91000366210938,76.01000213623047,134.91000366210938,73.55000305175781,134.91000366210938,73.55000305175781,134.91000366210938,73.55000305175781,134.91000366210938,70.12000274658203,134.91000366210938,5998772.4,6104837.92,6167563.079365079,687373208.2810882,0.0375937666226577,5.91785648890904,0.0441762928658948,9.879834130574377,0.0050717752521015,4.837218807049036,1.9427474958101367,134.19000244140625,128.57000732421875,5819100.0,False,True,False,0.0321737633814823,0.1657211366453196,0.3916840742832806,0.4230989910645789,0.8961596805177753,0.4364544460187174,0.9929582912871197,False,False,0.5883330866791163,1.513545944129454,0.7806726138012425,1.631701376218183,0.716555678399712,1.492747160631012,0.2928006481671894,1.0044465168650687,0.9726325167342342,50.0,97.0,97.0,96.0,96.0,90.0,90.0,95.0,91.0,90.0,87.0,96.15384615384616,63.0,False,tight; volDry=0.90; 50SMA=+43.6%; 252H=0.99x; prior=1.9x,FTNT
2026-05-26,1070.469970703125,1094.9998779296875,1045.0,1045.780029296875,1660933.0,0.030546605278565,1048.692866795626,1046.7808894961124,1070.365986328125,1056.793988037109,991.6385925292968,874.1259246826172,742.5407995605469,969.52001953125,1181.949951171875,776.5304415516121,1181.949951171875,639.0435622500048,1181.949951171875,574.6091698675979,1181.949951171875,529.4497464212535,1181.949951171875,457.6415174092557,1181.949951171875,2387450.825,2475026.66,2896621.5595238097,2499409800.383423,0.0407132199542812,47.31869070870536,0.0442036600780353,1.7984048634853085,0.6705591383345809,3.609336436400481,5.195644890580978,1061.4000244140625,1034.199951171875,1472300.0,False,False,True,0.0467083424085644,0.1072985384221527,0.1357254692227079,0.79055566384589,0.8291762400652282,0.07949607726819,0.905681302022797,False,False,-0.0685004000355209,0.8876396602882549,0.2175523619408412,1.1156918173495995,0.9208750085975426,1.6704268618214684,1.3382145180215077,1.816684909339795,0.8242191035105343,31.0,24.0,24.0,82.0,82.0,93.0,93.0,51.0,77.0,86.0,88.0,38.46153846153847,69.0,False,volDry=0.83; 50SMA=+7.9%; 252H=0.91x; prior=2.6x; blind=1m/RS,GEV
2026-05-26,89.95999908447266,92.52999877929688,82.8499984741211,87.63999938964844,10847399.0,0.0504437146848741,77.36934342598896,72.1082045230551,69.7381999206543,66.80249989827475,58.00290008544922,50.98685005187989,42.85047506332398,47.369998931884766,92.52999877929688,40.540000915527344,92.52999877929688,39.18000030517578,92.52999877929688,34.880001068115234,92.52999877929688,32.02000045776367,92.52999877929688,31.51000022888184,92.52999877929688,4595737.475,4490505.98,3495424.996031746,418632006.6916134,0.0585699320701207,5.535428183419364,0.061532105822073,8.953974668704033,0.7804273764700265,12.50904284712487,10.103381373965096,89.9000015258789,85.05999755859375,11775900.0,False,False,False,0.1076033837671145,0.3003556793913989,0.3846153715678855,0.7809247929093375,1.2588870664414524,0.5509569168428579,0.9722252271833032,False,False,0.4558989763967849,1.387347533882076,0.8891222407029169,1.7310780971798512,1.790322406979192,2.426513688240163,1.40021345205985,1.8648552234809943,1.3147864652273775,79.0,96.0,96.0,96.0,96.0,97.0,97.0,97.0,95.0,95.0,95.0,100.0,32.0,False,volDry=1.26; 50SMA=+55.1%; 252H=0.97x; prior=2.9x,GFS
2026-05-26,196.1699981689453,199.92999267578125,191.2001037597656,198.8950042724609,8807182.0,0.0109249939904512,189.2962740891579,183.59155002927008,179.09760009765623,177.14566752115886,163.72880126953126,140.16994674682618,110.3226131629944,148.1699981689453,211.7899932861328,120.01000213623048,211.7899932861328,90.84045541803384,211.7899932861328,81.51785319669835,211.7899932861328,77.24582263520622,211.7899932861328,46.96212376735408,211.7899932861328,12945159.55,12978049.64,8589559.055555556,2863276862.177699,0.0667399763158287,14.95356205531529,0.0762275689192646,2.599319814512345,0.1417719142332339,7.732992101740766,8.861274783577697,194.97999572753903,189.33999633789065,9609400.0,False,False,True,0.0445016516159483,0.2140489913152388,0.324310525110964,0.6600124718184871,1.0929398941642512,0.1981398303039498,0.9262477189085864,False,False,0.1152993282714764,1.0627851229397882,0.2964980969321187,1.1880329447603464,1.518725238147249,2.1903279893368395,3.101482050827641,3.186662511176005,1.5070808019682138,85.0,83.0,83.0,86.0,86.0,97.0,97.0,85.0,88.0,94.0,94.0,84.61538461538461,42.0,False,volDry=1.09; 50SMA=+19.8%; 252H=0.93x; prior=4.5x,GLW
2026-05-26,33.900001525878906,34.130001068115234,33.369998931884766,33.619998931884766,2458500.0,0.0183238387977047,31.309458424289797,28.877107415907616,26.932000274658204,25.69100030263265,22.68680015563965,20.739672832489013,17.755141153335572,18.770000457763672,34.34000015258789,16.850000381469727,34.34000015258789,16.850000381469727,34.34000015258789,16.235951639771915,34.34000015258789,12.156691810836785,34.34000015258789,9.44244664637619,34.34000015258789,2635410.0,2608636.0,2803364.285714286,99332888.71656418,0.049847162142917,1.344928741455078,0.0396734124164677,12.45824361594912,0.4535560818572461,11.858408278802395,10.497976283247633,34.34000015258789,33.15999984741211,2904800.0,True,True,False,0.0224189410625923,0.1607374383375032,0.4231563028810978,0.379853584226698,1.2335182064496542,0.4942610369603752,0.9871869940374528,True,True,0.6135174277284186,1.5375444728829164,0.679019562590967,1.5385526287892533,1.1866522213356565,1.9015514240291504,2.0906551287817603,2.401296582993767,0.940088312257466,45.0,97.0,97.0,95.0,95.0,95.0,95.0,96.0,94.0,92.0,92.0,100.0,67.0,False,inside; tight; NR20; volDry=1.23; 50SMA=+49.4%; 252H=0.99x; prior=3.6x,GTX
2026-05-26,21.43000030517578,22.440000534057617,20.959999084472656,21.6299991607666,4936295.0,0.018536091857326,19.35956073621184,17.358143080282634,15.704400177001952,14.871000162760415,12.401000118255617,10.251000061035157,9.298600034713743,9.399999618530272,22.440000534057617,7.019999980926514,22.440000534057617,7.019999980926514,22.440000534057617,7.019999980926514,22.440000534057617,6.849999904632568,22.440000534057617,6.849999904632568,22.440000534057617,4578834.875,4346127.9,1971607.123015873,113440380.86522008,0.0934947395694147,2.307143007005964,0.1076594948273865,6.762863358581611,0.1690399721491687,7.320028508404324,6.317078952080426,21.440000534057617,19.65999984741211,4275800.0,False,True,False,0.0690621291884681,0.2393840874970139,0.5487634186380089,0.4362245721319178,1.3245053142591592,0.7280864527715389,0.9549910782154868,False,False,0.7725392915391025,1.689078744262854,1.7831169916900285,2.550281163600641,2.0923522129889207,2.689164146375768,1.713407849966588,2.10819283514221,2.322387062588806,94.0,98.0,98.0,99.0,99.0,98.0,98.0,98.0,98.0,97.0,96.0,100.0,59.0,False,tight; volDry=1.32; 50SMA=+72.8%; 252H=0.95x; prior=3.3x,HIMX
2026-05-26,16.899999618530273,17.59000015258789,15.81999969482422,17.19499969482422,18574966.0,0.1118420941182449,13.69687849015777,12.791232640039134,12.18080005645752,11.857666714986165,10.86,10.473400020599366,10.193700013160706,9.630000114440918,17.59000015258789,8.470000267028809,17.59000015258789,8.470000267028809,17.59000015258789,8.470000267028809,17.59000015258789,8.470000267028809,17.59000015258789,7.800000190734863,17.59000015258789,2291296.65,2051597.32,1236785.9761904762,50817565.115740016,0.0642870671016277,1.0485715184892928,0.0620456533821201,8.963873593951911,1.6212530850679363,5.512927308810472,2.16117802151766,15.260000228881836,13.760000228881836,12679000.0,False,False,False,0.1047337572613271,0.3319527063302645,0.4414201305642242,0.7520108018317194,2.646740930622779,0.5561693939714802,0.9607731365507634,False,False,0.6003786881614253,1.5250243748320889,0.6187739748845658,1.4833471925907604,0.9096043943586448,1.6606257364543224,0.8591858454170547,1.4445017097427175,1.852621790762543,91.0,97.0,97.0,94.0,94.0,93.0,93.0,96.0,94.0,92.0,90.0,100.0,32.0,False,volDry=2.65; 50SMA=+55.6%; 252H=0.96x; prior=2.3x,HLIT
2026-05-26,38.060001373291016,38.58000183105469,37.33000183105469,37.91999816894531,16797972.0,0.0127727386601581,34.258117573019064,32.21406579786306,31.006000213623047,30.146000162760416,27.54279125213623,24.695456199646,23.89855275154114,24.01499938964844,38.58000183105469,20.46802024588562,38.58000183105469,19.712889088724488,38.58000183105469,19.712889088724488,38.58000183105469,19.67898935160942,38.58000183105469,16.604928773901378,38.58000183105469,15553476.8,16919095.44,21821432.42857143,522545782.5771278,0.0393958828727121,1.5927859715053014,0.0418493408837093,9.124392896576376,0.3013584692629436,3.653127841302968,1.32875661755861,37.744998931884766,34.5,30707000.0,False,True,False,0.0328428784786434,0.2388334664200911,0.2951918579168646,0.8090787737355352,1.106794229420104,0.3818498286857208,0.9865215025120838,False,False,0.3515625560910189,1.287923825402293,0.8916255214331243,1.7333719532098042,0.9248648382201736,1.6738964881875276,1.2235241981394935,1.7275758170083904,0.7127614949619616,21.0,94.0,94.0,96.0,96.0,93.0,93.0,94.0,92.0,91.0,89.0,100.0,54.0,False,tight; volDry=1.11; 50SMA=+38.2%; 252H=0.99x; prior=2.3x,HPE
2026-05-26,112.54000091552734,116.4499969482422,110.36000061035156,111.94000244140624,5030956.0,0.06270065433404,102.44385581678398,95.82210543833472,91.6436004638672,88.62433344523112,74.33000007629394,64.62235000610352,51.48282488822937,68.05000305175781,116.4499969482422,42.060001373291016,116.4499969482422,42.060001373291016,116.4499969482422,34.18000030517578,116.4499969482422,31.670000076293945,116.4499969482422,14.744000434875488,116.4499969482422,5134311.4,4976805.12,6039910.936507937,526245596.0554535,0.0792264591931544,11.199857984270368,0.0995189078830467,5.1654398958675385,0.5928646058703583,3.43682637594698,3.454971041172401,108.52999877929688,101.4499969482422,3304300.0,False,True,False,0.0541140597862779,0.2632841390827629,0.4189620891497523,0.6284199594695443,0.9305740305941494,0.5140589371722564,0.9664233908528764,False,False,0.4640301404247231,1.3950958395987745,0.9013347444942266,1.742268901760605,2.3335309985411268,2.8988974814885125,5.58899305727328,5.119343910763854,0.8500640910060303,34.0,96.0,96.0,96.0,96.0,98.0,98.0,94.0,97.0,96.0,97.0,100.0,71.0,False,tight; volDry=0.93; 50SMA=+51.4%; 252H=0.97x; prior=7.9x,HUT
2026-05-26,7.920000076293945,8.029999732971191,7.269999980926514,7.28000020980835,18908664.0,0.0969529510310018,7.814643348339992,7.804036138868832,7.762799949645996,7.753333282470703,7.725299978256226,7.095699987411499,4.725849990844727,6.730000019073486,8.6899995803833,6.539999961853027,10.979999542236328,3.069999933242798,12.43000030517578,1.950000047683716,12.43000030517578,1.950000047683716,12.43000030517578,1.950000047683716,12.43000030517578,14871199.1,17944257.28,17672206.206349205,109518507.00330296,0.0737312476925295,0.7048571790967669,0.0889971177155082,0.2831880194540552,0.9931093941602528,15.626959905419334,16.20136149985403,7.690000057220459,7.150000095367432,17872500.0,False,False,True,0.0959595637277202,0.1881313426265201,0.2474746897006305,0.7602043782905724,0.8657993561715138,0.0252029175029742,0.6371681320873421,False,False,0.0645161310997102,1.014393067926971,-0.3142857190039545,0.628347360049082,2.920792153998575,3.4095901629954986,1.955223835452041,2.296072710270294,0.8415021263534788,33.0,75.0,75.0,8.0,8.0,99.0,99.0,70.0,59.0,96.0,98.0,38.46153846153847,72.0,False,volDry=0.87; 50SMA=+2.5%; 252H=0.64x; prior=6.4x; blind=1m/RS,IBRX
2026-05-26,123.5199966430664,125.62000274658205,117.3499984741211,122.11000061035156,95470291.0,0.0307076136317625,116.28603963286,108.05094454734144,103.42079986572266,97.23233324686686,77.99999992370606,62.00260009765625,47.69230002403259,62.09000015258789,132.75,40.630001068115234,132.75,40.630001068115234,132.75,34.95000076293945,132.75,32.88999938964844,132.75,18.96999931335449,132.75,137561927.275,128341343.82,108608015.0436508,16523071279.86797,0.0757096216111983,9.701430184500555,0.0785413734468809,7.430347554283339,0.3793255463565687,14.813363392423092,14.48778779649408,122.77999877929688,118.08999633789062,82206800.0,False,True,False,0.0669527566160694,0.2055537571217515,0.4205796499360439,0.4887391892427733,0.9993522374199496,0.5835897021010861,0.9304707845052084,False,False,0.4964864947055016,1.4260239766469107,1.6782306917546703,2.4541696613376773,2.674003586178632,3.19497846206142,5.010705655906127,4.6700412538741976,1.2665909345614346,77.0,96.0,96.0,98.0,98.0,98.0,98.0,97.0,98.0,97.0,97.0,92.3076923076923,71.0,False,tight; volDry=1.00; 50SMA=+58.4%; 252H=0.93x; prior=7.0x,INTC
2026-05-26,50.15999984741211,51.63999938964844,49.060001373291016,51.63999938964844,3176046.0,0.0270270206941076,45.35392425272018,42.97362814063701,41.76519989013672,41.50833320617676,36.67319995880127,28.95732786178589,23.904980421066284,34.810001373291016,51.63999938964844,23.24886993716361,51.63999938964844,17.960969058477183,51.63999938964844,16.081757345226173,51.63999938964844,15.430993559331483,51.63999938964844,15.430993559331483,51.63999938964844,2472916.15,2434874.92,2319448.992063492,87222384.38718376,0.0558079624725662,2.643571036202567,0.0527027720144412,6.9779306479802825,0.4993244655609368,12.939174597928435,12.291683744529166,48.93999862670898,46.20000076293945,2227400.0,False,False,False,0.0514353673087287,0.2230860977023369,0.3129984212659334,0.7127387313969736,0.8938999626313454,0.3677562880730869,0.9713400550013754,False,False,0.287474358986912,1.2268532403927606,1.1106019475945916,1.9340287910573075,2.2116097857167105,2.792872639676211,1.019247679095908,1.5688623770657806,1.0661653515389342,61.0,93.0,93.0,97.0,97.0,98.0,98.0,90.0,95.0,97.0,97.0,100.0,53.0,False,volDry=0.89; 50SMA=+36.8%; 252H=0.97x; prior=3.3x,IRDM
2026-05-26,380.25,381.3800048828125,370.9700012207031,372.7099914550781,1239980.0,0.0436393402775654,355.4620196573237,346.875046261486,346.91425048828125,341.51637064615886,313.46650634765626,280.9900703430176,247.2160684967041,295.9331758543667,381.3800048828125,234.90695158974597,381.3800048828125,227.16727183887105,381.3800048828125,206.6483430024449,381.3800048828125,189.4976236113212,381.3800048828125,161.30942988394088,381.3800048828125,1142079.5,1227309.6,1320355.4761904762,453160034.5116577,0.0381665089132345,16.93710067348812,0.0445420136054914,4.783085506401168,0.938767159917332,4.996521545631,5.313062355575642,365.0899963378906,354.0,800100.0,False,False,False,0.0273767354690581,0.1563707862066486,0.1563707862066486,1.0,0.946026984552227,0.2130482597023497,0.9970370631172452,False,False,0.1132325214231935,1.0608156323154645,0.4284378547440637,1.3089346100811086,0.9764943710504914,1.718794442566154,1.3061562646361191,1.791777124063401,0.8649788035076412,35.0,82.0,82.0,90.0,90.0,94.0,94.0,82.0,88.0,86.0,88.0,96.15384615384616,44.0,False,volDry=0.95; 50SMA=+21.3%; 252H=1.00x; prior=2.4x,JBL
2026-05-26,355.739990234375,355.739990234375,344.82000732421875,350.20001220703125,1772987.0,0.026488898720139,348.93695012071095,346.8724836590651,349.52319580078125,346.4409962972005,325.6429962158203,283.49099822998045,231.31764907836916,320.0400085449219,370.1749877929688,264.70001220703125,370.1749877929688,206.49200439453125,370.1749877929688,196.38999938964844,370.1749877929688,163.27999877929688,370.1749877929688,152.8459930419922,370.1749877929688,1350299.675,1386861.74,1198584.075396825,571864805.605249,0.0337134934173006,13.3768550327846,0.0376028993084848,2.4578764486664277,0.6862594124913898,8.558294960383536,10.190573328849636,346.8500061035156,334.5,1626800.0,False,False,False,0.0306965289535251,0.1223365103962567,0.1290408726582944,0.9480446611687824,1.5290051191404272,0.0924232806119,0.961004935409988,False,False,0.0253055078266384,0.9770286886796504,0.1799786960021954,1.0812615678211517,1.096658183965762,1.823291018352784,1.1994557818251734,1.7088757668748675,1.1265790216284537,67.0,64.0,64.0,80.0,80.0,95.0,95.0,53.0,75.0,88.0,87.0,38.46153846153847,43.0,False,volDry=1.53; 50SMA=+9.2%; 252H=0.96x; prior=2.4x; blind=1m/RS,KEYS
2026-05-26,73.6500015258789,75.2300033569336,73.30000305175781,73.9800033569336,1542633.0,-0.0008139677023328,73.28229157909954,71.3330103985799,70.1644515991211,68.82354927062988,64.47850906372071,55.05347534179688,44.68669553756714,59.95754740794332,77.68000030517578,53.32208590649484,77.68000030517578,35.25381155619228,77.68000030517578,33.82260927029343,77.68000030517578,32.017618014311914,77.68000030517578,29.17646393645868,77.68000030517578,1695615.825,1588508.66,1579228.7023809524,166211279.91388282,0.0363912109986004,3.0800745868340464,0.0418204280111491,3.4012343261904228,-0.0194792550966827,14.481078484114644,16.201440909979056,73.75,71.77999877929688,1058100.0,False,True,True,0.0262050273617119,0.0888997227093402,0.1665860657080841,0.5336564155679324,1.7916511075237072,0.142241075287496,0.9481205102540614,False,False,0.1237399261902929,1.0708282927592638,0.450398416400918,1.3290579490937302,1.236398698302358,1.9448118397429413,1.2419835083874189,1.7419178502588737,1.0736987128232751,62.0,84.0,84.0,91.0,91.0,96.0,96.0,77.0,78.0,93.0,92.0,65.38461538461539,67.0,False,tight; volDry=1.79; 50SMA=+14.2%; 252H=0.95x; prior=2.7x; blind=RS,KGS
2026-05-26,36.93999862670898,37.0,36.22999954223633,36.84999847412109,604967.0,0.0238358301554764,36.05425079092826,36.5851402734069,37.38645935058594,37.55831731160482,37.09481140136719,36.60849008560181,30.06071304321289,33.91999816894531,43.57363996021491,33.52812905811968,43.57363996021491,32.84875470908505,43.57363996021491,26.930240430078594,43.57363996021491,21.31332275381819,43.57363996021491,17.135773390778734,43.57363996021491,1252846.675,1262963.34,1155474.075396825,55898737.93535862,0.0470069748390244,1.9980702617651904,0.0540896138615585,-0.0771577839858898,0.4304136907050179,3.9515929242428793,5.610116423165725,36.150001525878906,35.0,793600.0,False,True,True,0.0208446260527723,0.0914997616072288,0.2613330305943666,0.3501270444043183,1.0119032433673014,-0.0041734347422103,0.8477602206388357,True,False,-0.0525414153605794,0.90284721135532,-0.073806007693735,0.8487085161965842,0.4619561266673486,1.2713428900158437,0.7849557244816705,1.386828327132859,1.08427069172429,63.0,28.0,28.0,31.0,31.0,84.0,84.0,44.0,33.0,34.0,68.0,38.46153846153847,78.0,False,tight; NR7; volDry=1.01; 50SMA=-0.4%; 252H=0.85x; prior=2.5x; blind=1m/RS,KMT
2026-05-26,72.93000030517578,73.3550033569336,70.55000305175781,70.61000061035156,2433160.0,0.0400741221980445,68.78884031289816,66.6782228497142,65.53719970703125,65.20933329264322,61.87719993591308,59.80715980529785,52.28685157775879,59.34000015258789,73.3550033569336,51.63999938964844,73.3550033569336,51.63999938964844,73.3550033569336,46.521452182786646,73.3550033569336,40.9595393567181,73.3550033569336,38.36728460781715,73.3550033569336,3791676.5,3668065.2,3245213.333333333,307538683.4266319,0.042081713125023,2.883927481515067,0.039543774433666,4.517140023162088,0.974364846760128,3.417697082261064,3.638153057344733,71.19000244140625,69.27999877929688,2733900.0,False,False,False,0.0384615424850987,0.1921706176566555,0.1921706176566555,1.0,1.3633498117754286,0.1786247661612066,0.9942062159047308,False,False,0.1185583392445541,1.06589068239803,0.2148407830503251,1.113207089402931,0.7617413796995998,1.5320414452063955,0.7022063409542585,1.3225358701522123,1.1683905218352362,70.0,83.0,83.0,82.0,82.0,91.0,91.0,78.0,80.0,75.0,79.0,100.0,20.0,False,volDry=1.36; 50SMA=+17.9%; 252H=0.99x; prior=1.9x,KNX
2026-05-26,5.610000133514404,5.75,5.199999809265137,5.389999866485596,8994557.0,0.0914397430422824,5.013405588778403,4.690452555215392,4.543599977493286,4.266666650772095,3.47539998292923,2.9903999984264376,2.811499996781349,2.619999885559082,6.449999809265137,1.809999942779541,6.449999809265137,1.809999942779541,6.449999809265137,1.809999942779541,6.449999809265137,1.809999942779541,6.449999809265137,1.2300000190734863,6.449999809265137,9412706.425,8107067.14,4532812.527777778,67789114.6944156,0.144900511861628,0.6385713645390102,0.1138273349984708,5.39591591123278,0.7360183890615039,3.931773630483693,2.8934048284652447,5.289999961853027,4.889999866485596,7733600.0,False,False,False,0.0980392473520876,0.4010695091713803,0.5418894208706604,0.7401316462812229,1.5185609650692988,0.6142027280514726,0.8697674882805252,False,False,0.5162162327609676,1.4448247340340292,1.5972221808301097,2.379938330021349,1.5384615550587242,2.207491039392043,3.065217502100632,3.158486628292461,2.076570863524021,92.0,97.0,97.0,98.0,98.0,97.0,97.0,98.0,98.0,97.0,97.0,100.0,37.0,False,volDry=1.52; 50SMA=+61.4%; 252H=0.87x; prior=5.2x,KOPN
2026-05-26,2.8499999046325684,2.994999885559082,2.8299999237060547,2.940000057220459,10076099.0,-0.0594059631870694,3.0237093606936294,2.9906300467197373,2.994399995803833,2.91899999777476,2.8521999979019164,2.2539999961853026,1.865600001513958,2.3299999237060547,3.3399999141693115,1.8899999856948853,3.3399999141693115,1.190000057220459,3.3399999141693115,0.8399999737739563,3.3399999141693115,0.8399999737739563,3.3399999141693115,0.8399999737739563,3.3399999141693115,18561207.475,21548107.98,15828455.154761905,47362720.866997644,0.0620168145216371,0.1971428224018641,0.069172922455687,-0.0111512869856345,-0.9130439777831856,5.297084409990459,6.8389352892833095,3.119999885559082,2.9800000190734863,8524800.0,False,False,False,0.0578947253944907,0.1789473710628098,0.2140350580729119,0.8360657019180974,0.5749186848097464,-0.0007713671099384,0.8532934065483021,False,False,0.0142348621592713,0.9664793077032894,0.2780268521327984,1.1711070060302762,1.1755725413128455,1.8919163384313615,0.8037973590012555,1.4014674087206291,1.1726480754766495,71.0,59.0,59.0,85.0,85.0,95.0,95.0,77.0,84.0,95.0,97.0,15.384615384615383,73.0,False,volDry=0.57; 50SMA=-0.1%; 252H=0.85x; prior=4.0x; blind=1m/RS,KOS
2026-05-26,81.56999969482422,82.90499877929688,78.0,80.5999984741211,1179085.0,0.0385129746820074,76.24265297836776,74.38747012991531,73.5138003540039,72.7461669921875,69.44550018310547,60.17929996490479,45.88062495231628,63.43000030517578,86.94999694824219,53.25,86.94999694824219,41.5099983215332,86.94999694824219,32.630001068115234,86.94999694824219,28.049999237060547,86.94999694824219,13.449999809265137,86.94999694824219,1341804.625,1493269.7,1110754.7023809524,99929104.8138256,0.085046987327922,7.646142687116351,0.0937371915621266,1.862549280907165,0.3956245194032272,3.52568446049748,5.052050123765867,79.44999694824219,75.48999786376953,886700.0,False,True,False,0.0601323868781147,0.2554860416312219,0.2883412618739877,0.8860543925304584,0.8108505114648747,0.1745901387382962,0.938125388818352,False,False,0.0762633422545941,1.0255871581007654,0.4151630908843029,1.2967704142086824,1.8466235470320345,2.475474154837157,4.736286790651926,4.456830443872345,1.208011653809596,73.0,77.0,77.0,90.0,90.0,97.0,97.0,83.0,85.0,92.0,94.0,88.46153846153845,73.0,False,tight; volDry=0.81; 50SMA=+17.5%; 252H=0.94x; prior=6.5x; blind=1m,LASR
2026-05-26,31.950000762939453,32.68000030517578,31.51740074157715,31.93000030517578,2366943.0,0.0034547930221231,32.59782393426809,32.3440427889256,32.63440017700195,31.723333422342936,30.69700008392334,27.449656658172607,20.993941988945007,25.834999084472656,34.47800064086914,25.834999084472656,34.47800064086914,19.33726253361853,34.47800064086914,16.55130056849828,34.47800064086914,14.644223583922292,34.47800064086914,9.82167898852636,34.47800064086914,3567233.575,4160120.86,4185953.742063492,114268189.47619304,0.0404195342623909,1.41375732421875,0.0442490544744726,0.922468140883592,0.0778072788498899,3.4545775935841547,5.9338721928544365,33.0,31.562000274658203,2269800.0,False,True,True,0.0363880918884733,0.0926635314114343,0.1166823333911607,0.7941521969807822,0.7138865431904784,0.0408183430169235,0.9266778864510758,False,False,-0.0241295319189592,0.9299213126938832,0.135044611699733,1.0400866732183105,0.9891769123931016,1.7298234047006162,1.8142524708918697,2.186544457549409,0.8521913510782158,34.0,36.0,36.0,76.0,76.0,94.0,94.0,78.0,63.0,86.0,89.0,15.384615384615383,94.0,False,tight; volDry=0.71; 50SMA=+4.1%; 252H=0.93x; prior=3.5x; blind=1m/RS,LBRT
2026-05-26,86.95999908447266,87.3499984741211,83.04499816894531,84.5199966430664,1003282.0,0.0659475010132935,85.9061425800826,85.4678808133034,87.73299987792969,84.9191665649414,73.15309997558593,61.39184986114502,51.33562492240559,65.5,107.23799896240234,46.959999084472656,107.23799896240234,43.88999938964844,107.23799896240234,40.04999923706055,107.23799896240234,31.26000022888184,107.23799896240234,26.959999084472656,107.23799896240234,2063582.05,1847527.64,1362228.306818182,145552591.71097642,0.0628516884395677,6.417570931570871,0.0737991145254827,2.557480114642674,0.8383229902378456,6.392837617781963,7.295095568435208,83.66999816894531,81.3949966430664,675800.0,False,False,True,0.0495055238097911,0.3413983006348207,0.3418582927685429,0.998654436228541,0.8716774597212521,0.1887397678771594,0.810906580930896,False,False,0.081592007886744,1.0306649219040902,0.585125740375295,1.4525139725307938,1.1230469001020542,1.8462391123650168,0.0,0.0,1.5148577075306868,86.0,78.0,78.0,94.0,94.0,95.0,95.0,85.0,92.0,92.0,92.0,57.692307692307686,59.0,False,volDry=0.87; 50SMA=+18.9%; 252H=0.81x; prior=4.0x; blind=1m/RS,LGN
2026-05-26,14.729999542236328,15.005000114440918,14.3100004196167,14.789999961853027,4285518.0,-0.0147157371127499,13.302764413105312,12.74219161756143,12.487599983215333,12.330333296457926,11.315999984741213,10.236499972343443,8.573399970531463,10.619999885559082,15.005000114440918,8.649999618530273,15.005000114440918,7.889999866485596,15.005000114440918,7.03000020980835,15.005000114440918,5.900000095367432,15.005000114440918,5.545000076293945,15.005000114440918,3893355.45,3451498.36,2756309.992063492,53148265.15603695,0.0410220394785818,0.6160714285714286,0.0418242666474581,7.213436076830676,-0.3571018827134284,4.186609169465713,4.700674975660298,14.979999542236328,13.5600004196167,11242700.0,False,True,False,0.0471826012506924,0.2107943375699005,0.2121520771972514,0.9936001586914064,1.443956009876244,0.3016966739217606,0.9816727377469376,False,False,0.2887138363037687,1.2280343565462315,0.7919706890180693,1.642054253404607,1.1629955456687116,1.8809791607019728,1.1985074569504994,1.7081389621566976,1.4125245205403285,83.0,93.0,93.0,96.0,96.0,95.0,95.0,88.0,90.0,91.0,92.0,96.15384615384616,54.0,False,tight; volDry=1.44; 50SMA=+30.2%; 252H=0.98x; prior=2.7x,LION
2026-05-26,910.8099975585938,962.47998046875,903.0200805664062,961.6500244140624,5172636.0,-0.0381138725577719,932.7624250779636,924.0423086902872,921.030400390625,912.76533203125,852.6405993652344,680.0091003417969,446.61987506866456,780.47998046875,1085.6800537109375,548.239990234375,1085.6800537109375,317.44000244140625,1085.6800537109375,288.5,1085.6800537109375,152.5399932861328,1085.6800537109375,71.04000091552734,1085.6800537109375,6037343.4,6530058.72,4419591.80952381,5880298202.720019,0.085320950859455,89.22785295758929,0.0979653859715666,0.6963954238859121,-0.4044704165707385,2.8874074180673315,5.677536455651623,971.0499877929688,934.8499755859376,3059900.0,False,False,True,0.065282440972019,0.2642483661313283,0.335086433021453,0.7885976276288408,0.8743081562978655,0.0682226464898161,0.838930396156193,False,False,0.0330860469414924,0.9844428787630728,0.3233323720520411,1.2126222619114226,2.905033339511254,3.395886019356657,11.003295078105277,9.326007029157411,1.3660409513362946,81.0,66.0,66.0,87.0,87.0,99.0,99.0,68.0,89.0,97.0,97.0,30.76923076923077,69.0,False,volDry=0.87; 50SMA=+6.8%; 252H=0.84x; prior=15.3x; blind=1m/RS,LITE
2026-05-26,60.095001220703125,62.16329956054688,59.15999984741211,61.22999954223633,1074547.0,-0.0145129276513068,57.64249804069404,52.62693819126642,47.5686001586914,46.21916681925456,42.5527001953125,39.90395027160645,33.64597515106201,35.79999923706055,62.29999923706055,29.809999465942383,62.29999923706055,29.1200008392334,62.29999923706055,29.1200008392334,62.29999923706055,21.940000534057617,62.29999923706055,11.850000381469728,62.29999923706055,1385671.175,1303766.94,2150718.4404761903,87830571.33132324,0.0681215252599192,3.872377940586635,0.0644376048244853,6.397643655462225,-0.2285413084961259,2.74032880898865,2.034041518875778,62.290000915527344,60.790000915527344,974000.0,False,False,False,0.04997586574805,0.1980197598711756,0.4274897762687558,0.4632151945235852,1.3742829680893731,0.412248833678551,0.9646067729797704,False,False,0.6106941572970064,1.5348541369914823,0.7901400585942959,1.640376773693476,1.1041667487552314,1.8298205990188443,2.8621465038613083,3.0007098224508364,0.6442829284028452,18.0,97.0,97.0,96.0,96.0,95.0,95.0,95.0,94.0,93.0,91.0,84.61538461538461,37.0,False,volDry=1.37; 50SMA=+41.2%; 252H=0.96x; prior=5.3x,LQDA
2026-05-26,322.67999267578125,323.9800109863281,309.6499938964844,314.7650146484375,9747748.0,0.0567544988566026,296.55936391946904,286.10560959011246,278.9879962158203,276.7996637980143,258.01639862060546,240.24553939819336,189.38078765869145,241.6000061035156,323.9800109863281,194.0800018310547,323.9800109863281,194.0800018310547,323.9800109863281,152.96671494332335,323.9800109863281,135.115402285449,323.9800109863281,78.91180728005533,323.9800109863281,9247823.7,9708708.96,10981675.587301588,2644929312.344504,0.0439022549027838,15.111432756696429,0.046831018655315,5.351541846723256,1.1468129363568171,6.129924555583331,6.233796128226975,309.9800109863281,303.17999267578125,7854700.0,False,False,False,0.044409375899057,0.1867795366904183,0.2552993887215851,0.7316098077074106,0.8882009786808976,0.2506181560585958,0.9959873502485876,False,False,0.2050190236266775,1.1482803393728314,0.322688191459439,1.212031973527508,1.3182066178078655,2.015953452622533,2.9370673356051,3.058919855523123,0.842114086004645,33.0,90.0,90.0,87.0,87.0,96.0,96.0,86.0,89.0,86.0,92.0,100.0,53.0,False,volDry=0.89; 50SMA=+25.1%; 252H=1.00x; prior=4.1x,LRCX
2026-05-26,150.35000610351562,150.82000732421875,146.25,148.5,2328028.0,0.0497835834523217,134.74022073806464,128.25094994485173,125.18760131835936,123.2223342895508,112.4538005065918,100.50100051879885,84.99055019378662,105.52999877929688,150.82000732421875,83.18000030517578,150.82000732421875,78.69000244140625,150.82000732421875,69.2300033569336,150.82000732421875,60.5,150.82000732421875,43.900001525878906,150.82000732421875,2216615.7,2115474.56,2156279.476190476,351832070.5576431,0.0517655679761821,7.225000108991351,0.0480545381821731,7.012731036659757,0.9868518720074992,7.632208974988128,6.184225469468771,145.3699951171875,138.0,1748300.0,False,False,False,0.0303957907462425,0.2226139507241099,0.2758231271473687,0.8070895034308352,1.2081463177699474,0.3369935513624766,0.996883694484295,False,False,0.224348553478016,1.1666997324798474,0.5285685763577816,1.400688386150054,1.35179110567505,2.045159116928,2.169934748811476,2.4628931936623406,1.0279816343269754,56.0,91.0,91.0,93.0,93.0,96.0,96.0,90.0,92.0,91.0,92.0,100.0,32.0,False,volDry=1.21; 50SMA=+33.7%; 252H=1.00x; prior=3.4x,LSCC
2026-05-26,11.970000267028809,13.300000190734863,11.6899995803833,13.0600004196167,7349729.0,-0.0684824971452855,13.170535897244331,13.394891442249005,14.069200057983398,13.83766673405965,11.440600061416626,7.770700037479401,5.8601500248909,10.550000190734863,18.709999084472656,3.839999914169312,18.709999084472656,3.0,18.709999084472656,2.8399999141693115,18.709999084472656,2.8399999141693115,18.709999084472656,0.9200000166893004,18.709999084472656,9038723.225,8446036.58,3413470.353174603,139926794.51565242,0.145517815959161,1.950714179447719,0.1629669286491941,0.2839460431397465,-0.4511168902714703,8.8917781798224,9.887893730876016,13.579999923706056,12.520000457763672,6610800.0,False,False,False,0.1345029719661983,0.6716791001521337,0.6766916664243309,0.99259254026478,1.0357109890708052,0.046273814552576,0.6397648772181211,False,False,-0.0552486033977902,0.9002674920835374,1.9850373026952592,2.735308802482729,1.891304505569953,2.514329506184648,9.592920634990964,8.230211092738237,2.6479571491206264,95.0,27.0,27.0,99.0,99.0,98.0,98.0,60.0,98.0,98.0,98.0,11.538461538461538,53.0,False,volDry=1.04; 50SMA=+4.6%; 252H=0.64x; prior=20.3x; blind=1m/RS,LWLG
2026-05-26,69.01000213623047,70.7499008178711,68.62999725341797,69.69000244140625,3788161.0,-0.0101835781991039,71.5732711535131,72.33484760449623,72.6852001953125,72.45500005086264,73.91419998168945,64.20627613067627,55.345792598724366,65.76000213623047,78.43000030517578,55.38999938964844,83.94000244140625,46.2583553319677,83.94000244140625,41.506051304186855,83.94000244140625,39.93238497921808,83.94000244140625,39.93238497921808,83.94000244140625,6545984.025,6973031.22,5854132.384920635,401441030.0076748,0.0341982504932687,2.6728488377162387,0.038731325242388,-1.7130803928764469,-0.2656338340028613,5.238785598281325,8.303465118744244,71.05999755859375,69.11000061035156,6063200.0,False,False,False,0.0307187871153559,0.0965078025785605,0.1420084444050869,0.6795919987917534,0.637671904758803,-0.0663498738628556,0.8221348597696603,False,False,-0.0123085813159443,0.9411856702716476,0.1976660730601436,1.097469217258481,0.6887748386471622,1.4685884513142105,0.338559597435254,1.0399991113604952,1.1181817551412865,66.0,41.0,41.0,81.0,81.0,90.0,90.0,27.0,64.0,80.0,83.0,0.0,68.0,False,volDry=0.64; 50SMA=-6.6%; 252H=0.82x; prior=2.1x; blind=1m/RS,LYB
2026-05-26,98.0500030517578,99.97000122070312,95.22000122070312,95.83499908447266,13084694.0,0.0494488144224707,94.31509295373549,92.377700509715,92.9519125366211,90.22950286865236,80.36924446105957,76.70444068908691,69.24988409042358,72.53594028972847,105.38109475045204,59.01380865334284,105.38109475045204,59.01380865334284,105.38109475045204,52.83219394309612,105.38109475045204,47.56606428835759,105.38109475045204,47.56606428835759,105.38109475045204,10391654.85,10014487.88,8981813.468253968,1105879843.5658798,0.041835645932629,4.446558455413198,0.0453499063438681,4.8510373039716095,1.039006412016845,5.184618278753218,5.737491107889553,94.91000366210938,90.63999938964844,8837400.0,False,False,False,0.0484446695783641,0.1147910330131073,0.2228489606587355,0.5151068807940056,1.0088842805609346,0.2199940874057229,0.930432572217487,False,False,0.1017678801598178,1.049890807144592,0.2978022427454621,1.1892279856128471,1.0403181449750996,1.774296724551865,0.7348775093681774,1.3479198621557724,1.1569662281151891,69.0,81.0,81.0,86.0,86.0,94.0,94.0,87.0,89.0,86.0,88.0,73.07692307692307,37.0,False,volDry=1.01; 50SMA=+22.0%; 252H=0.93x; prior=2.2x,MCHP
2026-05-26,60.13999938964844,61.81999969482422,59.66999816894531,60.220001220703125,550550.0,0.0003326756174153,61.22262855417841,61.395244766189,61.95279998779297,61.04399998982748,59.983499908447264,54.14723426818848,45.42781755447388,52.400001525878906,66.19999694824219,48.74078712208016,66.75,44.615953929574566,66.75,35.56893652816099,66.75,31.73141649680868,66.75,30.999424579292462,66.75,1369136.25,1581377.0,783687.1031746032,56419733.23507309,0.0369243755826043,2.520714623587472,0.0419141112266347,0.0622473458439467,0.0079344395341378,4.627631765261825,8.334454487000416,60.2599983215332,58.29999923706055,1079000.0,False,True,True,0.0357499425955926,0.1107416015131928,0.131360122902519,0.8430381996168883,0.4683734492154622,0.0026090421772659,0.900973773627692,False,False,0.0085527136072098,0.9610647048299744,0.2407219374267801,1.1369230239811727,0.7822228321730575,1.5498524783176872,0.8638749224436677,1.4481449064671086,1.747044508521101,90.0,56.0,56.0,84.0,84.0,91.0,91.0,63.0,63.0,70.0,84.0,7.6923076923076925,98.0,False,tight; volDry=0.47; 50SMA=+0.3%; 252H=0.90x; prior=2.2x; blind=1m/RS,MEOH
2026-05-26,334.1099853515625,334.79998779296875,326.45001220703125,330.5,855558.0,0.0420747003924204,312.4689327253235,302.29037464179623,296.4159997558594,292.73199971516925,270.9599996948242,247.3498843383789,190.67443672180173,261.2300109863281,334.79998779296875,200.5,334.79998779296875,199.80715371074825,334.79998779296875,146.7583427433329,334.79998779296875,130.39443836392653,334.79998779296875,79.85294641582699,334.79998779296875,1197453.95,1188501.16,1172924.0396825396,414060689.2709778,0.0490979186867266,16.32857186453683,0.0488718463393284,4.768802389858895,0.8261586099684078,9.371674137249116,9.493484354676168,322.0,311.75,835800.0,False,False,False,0.0249916972016007,0.161533637385647,0.2201968813629669,0.7335873078028706,0.9900081208166428,0.233060177619806,0.9979390607330818,False,False,0.1890880927035751,1.1330995211382369,0.3289446739780508,1.2177650381328602,1.418543947259158,2.1032085679260737,2.9642956461284435,3.0800749978136737,1.0209134688074937,55.0,89.0,89.0,88.0,88.0,96.0,96.0,82.0,89.0,86.0,93.0,100.0,49.0,False,volDry=0.99; 50SMA=+23.3%; 252H=1.00x; prior=4.2x,MKSI
2026-05-26,295.8800048828125,323.25,294.3099975585937,306.9700012207031,3622672.0,0.1357286095512808,267.1242099421182,262.90199758632,261.88599975585936,258.98033345540364,242.57740020751956,212.312500076294,179.40449962615966,227.3800048828125,323.25,180.82000732421875,323.25,127.2300033569336,323.25,111.18000030517578,323.25,111.18000030517578,323.25,86.4800033569336,323.25,1042534.3,1059157.44,1116941.1587301588,322790456.4953796,0.0655717884596644,21.33214133126395,0.0720972724727135,3.047749434163124,1.657593362055862,5.932691553350363,5.388995950060168,268.0,251.6199951171875,1346400.0,False,False,False,0.0978099295789465,0.3073543360168063,0.3240164713230898,0.9485762707116544,1.3502498740885964,0.2197344213834173,0.9153287080674788,False,False,0.1755264539937804,1.1201764362783255,0.2500211605305211,1.1454442732094308,1.128480084705437,1.8509639057358005,2.274820253235104,2.544384396298499,0.9333833674687472,45.0,88.0,88.0,84.0,84.0,95.0,95.0,83.0,88.0,95.0,95.0,100.0,32.0,False,volDry=1.35; 50SMA=+22.0%; 252H=0.92x; prior=3.7x,MOD
2026-05-26,248.0500030517578,258.260009765625,248.0200042724609,251.8600006103516,2360731.0,-0.0259178912347017,251.7831275128075,247.81119350282628,243.9881268310547,239.88423716227211,238.4521984863281,214.6265657043457,198.0305330657959,209.8391413466192,264.1400146484375,201.40135378640247,264.1400146484375,168.58847366421142,264.1400146484375,160.5099382360276,264.1400146484375,160.5099382360276,264.1400146484375,152.9368625812001,264.1400146484375,2291708.275,2462814.62,2257792.186507937,594011519.6079674,0.0353582374606922,9.295857381658124,0.0374757398399163,1.0740397532218409,-0.7099926960743999,6.507698674776492,5.80804759530597,255.8300018310547,248.0,1926300.0,False,False,True,0.0412820212343532,0.0788689599931876,0.1528859955515202,0.5158677857227939,0.9711380956476536,0.0402504343694696,0.9390852930098644,False,False,0.1108980899162805,1.0585911182202985,0.2750099706938074,1.1683425171749215,0.3320090705920671,1.1583386330437804,0.5916960455037601,1.2366744641416645,1.0150217937216446,55.0,82.0,82.0,85.0,85.0,78.0,78.0,71.0,62.0,79.0,78.0,34.61538461538461,48.0,False,volDry=0.97; 50SMA=+4.0%; 252H=0.94x; prior=1.7x; blind=RS,MPC
2026-05-26,32.70000076293945,34.689998626708984,29.61000061035156,34.400001525878906,7443786.0,-0.0290973733181862,32.42784786904375,28.863223902914253,25.43639991760254,23.20866661071777,17.67739995956421,14.556949949264526,11.566124980449676,11.279999732971191,51.5,8.0,51.5,8.0,51.5,7.960000038146973,51.5,7.349999904632568,51.5,5.489999771118164,51.5,3769749.65,3074011.72,890140.8174603175,234452393.54554635,0.1819538837631695,6.513357298714774,0.1991852338455199,4.2664788678436265,-0.15045996976547,12.654616789765097,12.710358838062698,36.7400016784668,30.0,6309300.0,False,False,True,0.1553516176707505,0.7125381863436407,1.1963302438174783,0.5956032542234645,2.3821407551432494,0.8498195909884017,0.6349514711250379,False,False,1.3240939212648637,2.214663257856696,1.953929689648352,2.706803655255723,3.263363811951839,3.7074965322192046,4.317073212335584,4.131120815586378,4.235003693859995,97.0,99.0,99.0,99.0,99.0,99.0,99.0,99.0,99.0,99.0,98.0,69.23076923076923,45.0,False,volDry=2.38; 50SMA=+85.0%; 252H=0.63x; prior=9.4x; blind=RS,MRAM
2026-05-26,208.25999450683597,217.4499969482422,200.0399932861328,211.2449951171875,41339097.0,0.0607650005832893,185.80763598284952,174.37365373235687,170.85399963378907,165.3559997558594,139.88983947753906,110.92316192626951,96.49133396148682,128.4199981689453,217.4499969482422,75.20235332344933,217.4499969482422,70.65463146973819,217.4499969482422,70.65463146973819,217.4499969482422,70.65463146973819,217.4499969482422,58.45197576506954,217.4499969482422,27724612.425,25690887.94,20676542.845238097,4223747334.92517,0.0634136813311774,13.675711495535714,0.0656665315291114,7.442799420549054,0.872348958200505,7.606761694500616,6.6046131432013935,198.3999938964844,192.22000122070312,19768800.0,False,False,False,0.0835974460833758,0.2856525103404931,0.3389992927441914,0.8426345318544554,1.060738724315186,0.4887428228143367,0.957737399078494,False,False,0.2674821836849543,1.2078024026960728,1.6580463315342682,2.43567392658304,1.719277243698142,2.3647315584212087,2.376281757248704,2.623215308432426,1.3408727287011188,80.0,92.0,92.0,98.0,98.0,97.0,97.0,94.0,97.0,97.0,96.0,100.0,32.0,False,volDry=1.06; 50SMA=+48.9%; 252H=0.96x; prior=3.7x,MRVL
2026-05-26,54.25,54.43999862670898,52.81999969482422,53.38999938964844,405520.0,0.0197368274812508,54.59246485124126,53.83462977992167,53.67139633178711,53.33924776713054,48.869213256835934,44.12243530273437,38.99332430839539,47.673936940915446,58.45317072930864,33.85722360443342,58.45317072930864,33.85722360443342,58.45317072930864,33.85722360443342,58.45317072930864,29.566843784091084,58.45317072930864,27.589790323806856,58.45317072930864,1179213.0,1146092.4,975071.507936508,48761901.86947632,0.0420082482787775,2.4464886469930742,0.0450965649215313,2.4415575773208293,0.4291862291497154,2.154933040364357,4.123830268387838,54.9900016784668,53.15999984741211,499000.0,False,False,True,0.0298617314633136,0.1038372540918787,0.1986955537031003,0.5225947544203073,0.6271065055487673,0.1101058597953055,0.9280933664185106,False,False,0.0303945597867874,0.9818781210930064,0.3494441979442517,1.2365495700048157,0.7171276312447585,1.4932445409351884,0.2632362868898474,0.9814763708100936,1.2093605344858305,73.0,66.0,66.0,88.0,88.0,90.0,90.0,61.0,87.0,84.0,81.0,23.07692307692308,78.0,False,volDry=0.63; 50SMA=+11.0%; 252H=0.93x; prior=2.1x; blind=1m/RS,MRX
2026-05-26,409.6799926757813,413.75,397.6000061035156,400.0,1579064.0,0.0614020960020456,373.9870545473648,349.36205133959925,330.44280029296874,320.1873341878255,285.30780029296875,253.47499938964845,200.2584499359131,255.7100067138672,413.75,197.6300048828125,413.75,197.6300048828125,413.75,162.94000244140625,413.75,133.35000610351562,413.75,118.16000366210938,413.75,1253326.6,1239929.28,1067325.650793651,520281403.1883484,0.0550749905919591,23.174285888671875,0.0565667992164115,7.706337752619283,1.0226844444444445,10.607240373795392,9.202225108237224,390.0,372.0499877929688,970500.0,False,False,False,0.0394209973277006,0.1862673279702607,0.3732181132347575,0.4990843728238262,1.228430060140204,0.4359228603462672,0.9901631242919184,False,False,0.4242802524415971,1.3572175870829564,0.6500060564408665,1.5119663952800104,1.6364630560843725,2.2927148770073758,2.3707420568518573,2.618911216555633,1.1742682273849985,71.0,96.0,96.0,94.0,94.0,97.0,97.0,94.0,94.0,93.0,94.0,100.0,37.0,False,volDry=1.23; 50SMA=+43.6%; 252H=0.99x; prior=3.5x,MTSI
2026-05-26,895.8800048828125,916.760009765625,820.2949829101562,820.5,74058714.0,0.1929161183526131,755.2615943323624,693.3537922349394,647.4448022460938,615.624336751302,528.3699420166016,458.0394345092773,326.3303464126587,424.8599853515625,916.760009765625,311.489990234375,916.760009765625,311.489990234375,916.760009765625,221.5074267095709,916.760009765625,192.2415407692192,916.760009765625,90.71286544475002,916.760009765625,48773600.35,49805074.28,31532565.531746037,36833150445.49735,0.0722245656928652,66.19857788085938,0.0738922372639833,9.413092265458928,2.1885667263662327,12.246802103351945,12.051292381562082,780.2000122070312,747.2000122070312,35775900.0,False,False,False,0.1076762806734224,0.2952962297976209,0.4783341479257053,0.6173429830970091,1.0887202194531092,0.695554447067058,0.9772241320952136,False,False,0.8035915660355182,1.7186689130468524,1.1441026614858747,1.964726832087998,3.4525918018618977,3.872052537133354,8.4698338161069,7.357624398908485,1.5467691742651328,86.0,98.0,98.0,97.0,97.0,99.0,99.0,97.0,97.0,97.0,98.0,100.0,37.0,False,volDry=1.09; 50SMA=+69.6%; 252H=0.98x; prior=10.1x,MU
2026-05-26,96.12000274658205,106.27999877929688,90.1999969482422,106.27999877929688,7550667.0,-0.0306575312954427,93.23249470487193,83.10009008414349,77.66360015869141,68.88366680145263,48.48959999084472,33.335199966430665,24.733999996185304,20.8700008392334,106.27999877929688,14.699999809265137,106.27999877929688,14.699999809265137,106.27999877929688,14.699999809265137,106.27999877929688,12.770000457763672,106.27999877929688,10.960000038146973,106.27999877929688,5209294.175,4374713.34,1912396.297619048,511760382.6139439,0.1373933218634568,12.028570447649274,0.1251411787758922,7.849381020007071,-0.25273168817176,16.92289879387087,16.63368315437259,99.5,88.5,4218600.0,False,False,True,0.1672909006614285,0.2708073037401415,0.5896795535327977,0.4592448595473971,1.1438616227137754,0.9822807935048,0.9044034987823693,False,False,0.5935013798554387,1.5184708866624148,4.266849465566139,4.826224346177044,6.3655173441931865,6.405184079069891,7.236504037548126,6.39938400664414,2.7239616503575244,95.0,97.0,97.0,99.0,99.0,99.0,99.0,99.0,99.0,99.0,99.0,76.92307692307693,42.0,False,volDry=1.14; 50SMA=+98.2%; 252H=0.90x; prior=9.7x,MXL
2026-05-26,208.05999755859372,221.0,205.66000366210935,220.6750030517578,11060666.0,-0.0312427554145539,203.01390112867128,189.9521594240303,179.45200073242188,176.55500081380208,152.98120071411134,124.70595077514648,110.33137561798095,132.6999969482422,233.72999572753903,83.52999877929688,233.72999572753903,73.5199966430664,233.72999572753903,73.5199966430664,233.72999572753903,73.5199966430664,233.72999572753903,34.720001220703125,233.72999572753903,17236291.65,18230297.32,16228815.34126984,3429472418.3119354,0.0936033592505292,20.946854727608816,0.1006769920859475,3.576153467261872,-0.3203348092648546,5.071358763781859,4.995421123715802,221.9199981689453,210.72999572753903,10569800.0,False,False,True,0.0737287153604362,0.2954916680234272,0.4855810822108889,0.6085320842361287,1.0902859262857048,0.3600363743216574,0.890172426996195,False,False,0.4138352295526943,1.3472643712477994,1.0282705580495168,1.8585852532697096,1.458175792284324,2.1376731209122246,4.50423285074048,4.276535228210661,1.0620794733037688,60.0,96.0,96.0,97.0,97.0,97.0,97.0,93.0,97.0,97.0,96.0,80.76923076923077,42.0,False,volDry=1.09; 50SMA=+36.0%; 252H=0.89x; prior=6.7x,NBIS
2026-05-26,50.02000045776367,52.0099983215332,49.97999954223633,51.0,1429376.0,-0.0380769142737755,51.97393794459543,51.40102734615175,50.98679992675781,50.38866653442383,49.76519989013672,44.11540433883667,36.28121213912964,45.43999862670898,54.97999954223633,43.119998931884766,54.97999954223633,31.69911225888653,54.97999954223633,27.36706538823776,54.97999954223633,26.75544707590516,54.97999954223633,21.313510406433647,54.97999954223633,1532659.4,1593091.52,2079222.126984127,80152129.62773666,0.0362986269243892,1.7514291490827287,0.0350145768303544,0.1462263892991242,-1.130505075397031,7.921543283251035,10.031685926656037,52.55500030517578,51.68999862670898,1147000.0,False,False,False,0.0405837417176951,0.0999600150788072,0.1545381741602232,0.6468305687057615,0.7829101996600923,0.0051200551427394,0.9097853924014256,False,False,0.0096891306694724,0.9621476133520296,0.0958545303930569,1.0041752377828554,0.745568781999044,1.517977468371086,1.2893567451377472,1.7787246717235377,0.7371311511690642,23.0,57.0,57.0,71.0,71.0,91.0,91.0,49.0,48.0,83.0,87.0,11.538461538461538,74.0,False,volDry=0.78; 50SMA=+0.5%; 252H=0.91x; prior=2.6x; blind=1m/RS,NE
2026-05-26,25.88999938964844,26.399999618530277,25.000099182128903,25.40999984741211,1642245.0,0.005046551227156,25.728486165792077,25.248850373312028,25.00080017089844,24.761000188191733,23.593800086975097,22.107300062179565,16.86775003194809,22.75,27.25,18.459999084472656,27.25,17.829999923706055,27.25,13.739999771118164,27.25,10.614999771118164,27.25,5.46999979019165,27.25,1934931.125,2031142.9,1291495.8134920634,50409563.19187355,0.0489702947519183,1.267564364842006,0.04895961354672,1.9878046597150272,0.1025582324435297,5.797834119356274,9.302398615494482,26.31999969482422,25.6299991607666,1335200.0,False,False,True,0.0540710880418594,0.1015835929999345,0.1616454061260297,0.6284347661617623,1.0427944286933235,0.0973221479460171,0.9500917207210436,False,False,0.0593289207817413,1.0094500989716853,-0.0178300914195941,0.9000014820745804,0.9335323917716782,1.681433945967917,3.1690820017086283,3.239184557246233,1.4982093668334533,85.0,74.0,74.0,43.0,43.0,93.0,93.0,61.0,79.0,78.0,89.0,57.692307692307686,58.0,False,volDry=1.04; 50SMA=+9.7%; 252H=0.95x; prior=5.0x; blind=1m/RS,NESR
2026-05-26,16.459999084472656,16.625,15.65999984741211,15.989999771118164,178662437.0,0.0639947511541956,14.44918693253555,13.523231124469705,12.961999969482422,12.51966667175293,10.961200008392334,9.035699996948242,7.293349997997284,9.789999961853027,16.625,7.559999942779541,16.625,6.059999942779541,16.625,6.050000190734863,16.625,5.449999809265137,16.625,4.0,16.625,106013898.425,95849574.74,46558754.115079366,1649186243.411003,0.0655596934755966,1.0032140868050712,0.0609486113368889,8.230873623990503,0.9868270695806216,12.366610459967433,11.626971803585004,15.779999732971191,14.579999923706056,127394200.0,False,False,False,0.0586269870147327,0.2305589482003017,0.3745443684543522,0.6155717923400074,1.1750068167282095,0.5016603174716474,0.9900751329006108,False,False,0.5736136734650152,1.4995195989270456,1.1975967406492165,2.0137455915802427,1.8040884847317065,2.4384849127898085,2.105154156573384,2.41256165930996,2.2769917374284807,93.0,97.0,97.0,97.0,97.0,97.0,97.0,95.0,95.0,97.0,96.0,100.0,37.0,False,volDry=1.18; 50SMA=+50.2%; 252H=0.99x; prior=4.2x,NOK
2026-05-26,10.460000038146973,10.520000457763672,9.380000114440918,9.390000343322754,8199879.0,0.1357220406973522,9.34395617192975,9.108958730742264,8.823199920654297,8.793666617075603,8.814199981689454,8.883499946594238,8.355299983024597,7.710000038146973,10.75,7.570000171661377,11.050000190734863,7.570000171661377,11.970000267028809,6.360000133514404,11.970000267028809,6.199999809265137,11.970000267028809,6.130000114440918,11.970000267028809,4542831.975,4456747.58,5119616.98015873,54374295.81086373,0.0689016856052171,0.7885714939662388,0.0753892438900924,2.476764906330551,1.585144796083025,2.787575257714506,2.2779744965366397,9.229999542236328,8.920000076293945,4424800.0,False,False,False,0.1089866481037517,0.1797323238608675,0.2906309704365521,0.6184210980367798,1.099110463868811,0.1867214335817759,0.8738512785967842,False,False,0.2725060460281263,1.2125897149652334,0.1057082448168658,1.0132045895354314,0.6816720885813212,1.4624117743052012,0.4348422623980605,1.1148063042509728,0.8873382506163874,39.0,93.0,93.0,72.0,72.0,90.0,90.0,87.0,78.0,73.0,82.0,100.0,25.0,False,volDry=1.10; 50SMA=+18.7%; 252H=0.87x; prior=2.0x,NVAX
2026-05-26,169.2899932861328,170.80990600585938,166.5500030517578,168.17999267578125,1577676.0,0.0281184836696859,165.0182742207597,160.52220303148738,158.40889465332032,154.17642161051432,140.89936279296876,126.33291053771973,112.87261367797852,128.4108434820777,175.0,102.24437512645063,175.0,102.24437512645063,175.0,92.90766384363884,175.0,92.90766384363884,175.0,62.66047170611966,175.0,2134724.4,2248715.52,2125951.888888889,370685436.7431366,0.039424919957814,6.92249516078404,0.0408913428750846,4.927590794814623,0.6688324825782971,5.5035131415183205,5.521574267679135,166.33999633789062,161.11500549316406,1496700.0,False,True,False,0.0251633476463165,0.1303680559955848,0.2380825463656202,0.547575023812877,0.8089229534912447,0.2014958047388757,0.9673713902064732,True,False,0.1907575118975517,1.13469033522584,0.4341006346792857,1.3141236413167816,0.6731590760441646,1.4550087081226328,1.6321079481810203,2.045026558666593,1.0041263921149672,53.0,89.0,89.0,91.0,91.0,90.0,90.0,85.0,89.0,86.0,87.0,61.53846153846154,83.0,False,tight; NR7; volDry=0.81; 50SMA=+20.1%; 252H=0.97x; prior=2.8x; blind=RS,NVT
2026-05-26,31.790000915527344,33.81999969482422,30.600000381469727,31.36000061035156,49538107.0,0.0868376381376869,24.16271320235039,21.12202349306149,19.631999969482425,18.29399995803833,14.62049997329712,11.907600002288818,10.17907499074936,9.529999732971191,33.81999969482422,7.659999847412109,33.81999969482422,7.349999904632568,33.81999969482422,7.105000019073486,33.81999969482422,6.849999904632568,33.81999969482422,4.21999979019165,33.81999969482422,34665322.675,32074394.14,33421232.17063492,781126915.7999432,0.1477023253353024,3.2771429334368025,0.1030872236255939,11.391754166634184,0.7750656492921401,10.447012134301891,7.235746844583554,29.5,24.40999984741211,51018400.0,False,True,False,0.1012896892299783,0.5133689595728499,0.6190625600733805,0.8292683045022102,1.2140902967653062,1.1743443092636094,0.9399763809102712,False,False,0.8396990539529081,1.7530762690028576,2.848668285065022,3.526688336011454,3.210596041380117,3.6616087461805935,5.295049448483554,4.890963274954175,1.0372245552771144,58.0,98.0,98.0,99.0,99.0,99.0,99.0,99.0,99.0,99.0,98.0,100.0,54.0,False,tight; volDry=1.21; 50SMA=+117.4%; 252H=0.94x; prior=8.0x,NVTS
2026-05-26,332.6700134277344,334.8999938964844,318.0,320.2900085449219,4384441.0,0.0511897246012065,305.3790146726273,290.3270485204477,283.2540002441406,271.72433319091795,241.4387826538086,234.2010502624512,225.4040219116211,206.5399932861328,334.8999938964844,184.67999267578125,334.8999938964844,184.67999267578125,334.8999938964844,184.67999267578125,334.8999938964844,181.2456912706042,334.8999938964844,181.2456912706042,334.8999938964844,3709883.525,3451832.82,2865006.511904762,1277435777.096971,0.042036552158684,13.07999747140067,0.0393182341162288,9.610422853887428,1.2385332827817797,4.44807973210915,2.299210198969264,316.8099975585937,300.6199951171875,2948500.0,False,False,False,0.050801073779845,0.150659792269119,0.3201069706798438,0.4706545188602031,1.0154993833102266,0.3778648557251025,0.9933413541075212,False,False,0.3631782600390598,1.298992600425751,0.4252076654196293,1.3059746586979772,0.8236059514068923,1.5858399703120931,0.7251615558900255,1.3403710141234109,1.2948953203368228,79.0,95.0,95.0,90.0,90.0,92.0,92.0,94.0,92.0,89.0,87.0,100.0,25.0,False,volDry=1.02; 50SMA=+37.8%; 252H=0.99x; prior=1.8x,NXPI
2026-05-26,216.6100006103516,218.5800018310547,212.19000244140625,213.25999450683597,1932783.0,0.0291728006558518,206.86358089464937,205.37640148754727,206.91439880371087,208.1056660970052,202.27679931640623,193.96822708129883,169.11912197113037,186.88999938964844,233.7899932861328,176.0500030517578,233.7899932861328,167.76569824218748,233.7899932861328,137.4949228051118,233.7899932861328,125.58519533986448,233.7899932861328,125.58519533986448,233.7899932861328,1964887.075,2009133.66,2084472.9484126985,418748841.15875167,0.0407819722214115,7.159284319196429,0.0330514948479913,2.1439073865310943,0.8576275387171105,4.172972313059844,5.482259961419973,210.9600067138672,206.1300048828125,1269900.0,False,False,False,0.0295000201820924,0.1462998123452838,0.2165181375021106,0.6756931037422104,0.8321787312049712,0.0708593439405029,0.9265152779453872,False,False,-0.0153195526076902,0.938316471471514,0.1027580851106968,1.0105012404664842,0.7209811387683993,1.4965956191942682,0.3332765738591345,1.0358944455428596,0.9426301629369852,46.0,39.0,39.0,71.0,71.0,91.0,91.0,66.0,62.0,64.0,80.0,61.53846153846154,57.0,False,volDry=0.83; 50SMA=+7.1%; 252H=0.93x; prior=1.9x; blind=1m/RS,ODFL
2026-05-26,127.0,129.1300048828125,121.05999755859376,122.8000030517578,18683181.0,0.0929432300808781,113.0049246902625,106.6011556767198,104.69679962158204,100.34666646321617,85.2121996307373,74.21129978179931,62.46209997177124,70.80999755859375,129.1300048828125,54.9900016784668,129.1300048828125,54.9900016784668,129.1300048828125,49.130001068115234,129.1300048828125,44.560001373291016,129.1300048828125,40.619998931884766,129.1300048828125,11650499.525,10696555.62,9418379.28968254,1435319524.9307494,0.0520797798260221,6.914999280657087,0.0544488132335203,9.006567679465881,1.561822729608666,13.135884138331797,11.275685863609096,117.88999938964844,110.83000183105467,8492600.0,False,False,False,0.0635433647576279,0.2399212694543553,0.2888976570189469,0.830471496134773,1.1385298719177792,0.4903969214542987,0.9835049577768892,False,False,0.2906503864900793,1.2298797236828072,0.8135085279702345,1.6617902347335904,1.8285076989763869,2.4597202931431967,2.0030739477560577,2.333250042060397,1.2369962141748378,75.0,93.0,93.0,96.0,96.0,97.0,97.0,96.0,96.0,95.0,95.0,100.0,32.0,False,volDry=1.14; 50SMA=+49.0%; 252H=0.98x; prior=3.2x,ON
2026-05-26,59.060001373291016,61.83000183105469,58.709999084472656,61.709999084472656,1119431.0,-0.0255733248878374,60.946615317255485,62.196738321753365,65.31959976196289,65.68199984232585,58.98219993591309,45.87989986419678,34.56199995040893,54.9900016784668,91.0,31.31999969482422,91.0,30.959999084472656,91.0,25.229999542236328,91.0,25.11000061035156,91.0,10.640000343322754,91.0,1871675.775,1680096.62,647572.3452380953,141705112.04137325,0.071698276282393,3.4864275796072826,0.0590319589999868,0.0223449536409496,-0.4445809361211918,3.562605218198909,5.341106906241493,61.150001525878906,57.97999954223633,1101800.0,False,False,False,0.0528276781922495,0.1779545898603075,0.50761935057784,0.3505669940630433,0.8101397763659569,0.0013190663871891,0.6490110041020991,False,False,-0.14442992296555,0.8152853018515681,0.6608548676168151,1.5219075938972777,1.1882179279042,1.9029129901373665,4.277927040929163,4.100706044698441,2.8902960244725,95.0,12.0,12.0,94.0,94.0,95.0,95.0,38.0,93.0,91.0,94.0,3.8461538461538463,74.0,False,volDry=0.81; 50SMA=+0.1%; 252H=0.65x; prior=8.6x; blind=1m/RS,ORKA
2026-05-26,21.88999938964844,22.75,21.520000457763672,22.75,5749274.0,-0.0331272093736415,22.56718476715444,21.320407405462785,20.408399963378905,19.63166666030884,16.90940002441406,15.71149998664856,16.564949984550477,14.960000038146973,25.57999992370605,10.6899995803833,25.57999992370605,10.6899995803833,25.57999992370605,10.6899995803833,25.57999992370605,10.6899995803833,25.57999992370605,10.6899995803833,25.57999992370605,7532106.85,7336005.48,15000237.992063493,192795179.2687641,0.0648744260289799,1.5785000664847235,0.0721105578116727,4.084647237504597,-0.475134601463926,3.168311337591213,2.619909779644161,22.76499938964844,21.59000015258789,5308900.0,False,False,True,0.0561900217693922,0.185472799412791,0.3910461262959341,0.4742990326221254,1.2275641593441122,0.2945461907603643,0.8557466557832966,False,False,0.3022010758535896,1.2408865453530606,0.7796747195286522,1.6307869658738636,0.6799692891978999,1.4609309898618466,0.5233124261640716,1.1835435437992623,0.5021324897635077,12.0,93.0,93.0,96.0,96.0,90.0,90.0,91.0,94.0,93.0,91.0,61.53846153846154,45.0,False,volDry=1.23; 50SMA=+29.5%; 252H=0.86x; prior=2.4x; blind=RS,OSCR
2026-05-26,42.70000076293945,45.39820098876953,38.400001525878906,40.0,8512207.0,0.1531191512437375,34.174035568752764,31.29243172624231,29.67180000305176,28.840833346048992,25.26629993438721,23.755849952697755,25.77712501525879,22.21999931335449,45.39820098876953,16.399999618530273,45.39820098876953,16.399999618530273,45.39820098876953,16.399999618530273,45.39820098876953,16.399999618530273,45.39820098876953,10.0600004196167,45.39820098876953,3722712.675,3322836.14,2798209.948412698,174281704.25087795,0.1261507810292144,4.494086129324777,0.1052479168390395,6.555931890362662,1.261658504193928,2.134993518563821,0.1877809274297876,37.9900016784668,35.2599983215332,5469900.0,False,False,False,0.1638922561557554,0.4833302199329274,0.5104964922206532,0.9467846053759296,2.1316039676876755,0.6899981743992969,0.9405659218413182,False,False,0.5131113324560792,1.4418660288966731,1.2895443236638768,2.09800083119146,1.1653145157070457,1.8829957780385795,3.097888718838326,3.183870657841367,1.33039076539333,80.0,97.0,97.0,98.0,98.0,95.0,95.0,97.0,97.0,96.0,95.0,100.0,32.0,False,volDry=2.13; 50SMA=+69.0%; 252H=0.94x; prior=4.5x,OUST
2026-05-26,56.400001525878906,59.67499923706055,56.34000015258789,57.83000183105469,688732.0,-0.0413054603016016,59.66310049384355,60.9117491825514,62.61480010986328,62.36700007120768,61.85579986572266,51.41409992218018,44.39004989624024,54.0,70.38999938964844,43.77999877929688,70.38999938964844,34.369998931884766,70.38999938964844,34.369998931884766,70.38999938964844,34.369998931884766,70.38999938964844,20.739999771118164,70.38999938964844,1367180.8,1455080.64,1355532.6666666667,82001908.34716873,0.0621184455732906,4.17750004359654,0.074069147705248,-1.190804685363796,-0.5816876791899966,2.518978777808744,3.6459189729815873,59.220001220703125,57.04999923706055,827600.0,False,False,False,0.0591311878412344,0.1599290141672712,0.2544325901753151,0.6285712614766575,0.8268635888111329,-0.0882018881283124,0.8012502062071775,False,False,-0.1213584766979591,0.8372704221115275,0.3746040264163377,1.2596045248713807,0.330502532152706,1.157028520586587,1.6208178590224769,2.0362546797644034,1.008593030341332,54.0,15.0,15.0,89.0,89.0,78.0,78.0,24.0,69.0,85.0,82.0,0.0,69.0,False,volDry=0.83; 50SMA=-8.8%; 252H=0.80x; prior=3.4x; blind=1m/RS,PARR
2026-05-26,15.510000228881836,15.550000190734863,15.265000343322754,15.25,2372770.0,0.0170491953365137,15.490012394838828,15.172667171554862,15.443649406433105,14.917290878295898,13.249503955841064,11.796504583358765,11.208737869262697,11.526349133690346,16.559999465942383,9.628475436351833,16.559999465942383,9.628475436351833,16.559999465942383,9.312110913700677,16.559999465942383,8.819405634531028,16.559999465942383,8.819405634531028,16.559999465942383,3433529.25,3464825.4,2913387.5793650798,54494601.13797569,0.0376501750024182,0.6580428827324222,0.0424270066422727,4.021256576403496,0.3951113760279951,5.938828442143345,7.908907249301158,15.65999984741211,15.239999771118164,2141400.0,True,False,True,0.0183752316702999,0.0983921886305681,0.1784736428398087,0.5512981472501309,0.8482438970806436,0.1706098794773543,0.9365942469249472,True,False,0.0018681596502156,0.9546948951126208,0.4806834587295143,1.3568093419457303,0.6762155164772645,1.4576666427504226,0.6070144796589338,1.2485761814348952,1.1785350065741258,71.0,49.0,50.0,92.0,92.0,90.0,90.0,86.0,88.0,84.0,83.0,30.76923076923077,79.0,False,inside; NR7; volDry=0.85; 50SMA=+17.1%; 252H=0.94x; prior=1.9x; blind=1m/RS,PBI
2026-05-26,54.95000076293945,55.650001525878906,51.5,54.619998931884766,3636992.0,0.0327006522910193,48.204549809979696,43.08843031392568,39.238400268554685,37.13700021107992,29.930000190734862,24.666850090026852,23.74630006790161,24.479999542236328,55.650001525878906,16.040000915527344,55.650001525878906,16.040000915527344,55.650001525878906,16.040000915527344,55.650001525878906,16.040000915527344,55.650001525878906,16.040000915527344,55.650001525878906,2714579.8,2337121.84,1364046.7936507936,160592504.46016234,0.0909004394691415,4.644428525652204,0.0845209911040546,9.89044915538226,0.3746427938025924,10.382372332815784,7.908871700449114,54.27999877929688,48.93000030517578,3158600.0,False,True,False,0.0755232296316515,0.2898999105368463,0.5162875422263378,0.5615086300295731,1.7866416412419477,0.8359505650771692,0.987421370283091,False,False,0.7904854938650061,1.706179944238288,1.7162630749553145,2.489020251799038,2.115079516112988,2.7089282109116057,2.046008756886649,2.366608409837075,1.9900928711797208,92.0,98.0,98.0,98.0,98.0,98.0,98.0,98.0,98.0,98.0,97.0,100.0,59.0,False,tight; volDry=1.79; 50SMA=+83.6%; 252H=0.99x; prior=3.5x,PENG
2026-05-26,12.989999771118164,14.403200149536133,12.210000038146973,13.359999656677246,279061.0,-0.0159090940288932,9.911135438932298,7.516691388737815,5.462719945907593,4.978266620635987,4.09655996799469,3.340679990053177,5.33099497616291,2.2799999713897705,14.890000343322754,2.111999988555908,14.890000343322754,1.5199999809265137,14.890000343322754,1.5199999809265137,14.890000343322754,1.5199999809265137,14.890000343322754,1.5199999809265137,14.890000343322754,1946811.525,1567119.22,334539.5277777777,42777930.1732646,0.2482335085279616,2.3227286679404124,0.1788089845162849,12.141186108564456,-0.0904109210195359,4.627824101623292,-1.982706331217431,14.40999984741211,12.84000015258789,392300.0,False,True,False,0.168837578909393,0.8845265935648493,0.9361047373754148,0.94490131098452,4.929367211768355,2.1709531588956352,0.8723975467833603,False,False,3.9204542632355945,4.688773189863837,5.21531115051799,5.69533763776771,1.2129471932487004,1.9244179964077763,0.7069644603434719,1.3262327096100974,5.819376675551461,99.0,99.0,99.0,99.0,99.0,95.0,95.0,99.0,99.0,99.0,99.0,92.3076923076923,54.0,False,tight; volDry=4.93; 50SMA=+217.1%; 252H=0.87x; prior=9.8x,PIII
2026-05-26,48.31999969482422,51.130001068115234,45.86000061035156,47.69499969482422,16858554.0,0.0895152504462808,42.98240462518585,40.89536289936096,39.52920028686523,39.08133354187012,36.12780006408691,30.27790002822876,21.21719999074936,31.8799991607666,51.130001068115234,23.51000022888184,51.130001068115234,19.979999542236328,51.130001068115234,11.664999961853027,51.130001068115234,10.520000457763672,51.130001068115234,3.5299999713897705,51.130001068115234,11520473.85,13955475.08,11955119.26190476,379691323.6923202,0.0942317071028688,4.141857419695173,0.0857172484655215,3.937062657440364,0.9585074565399464,4.005719608525494,6.214449506869317,45.26599884033203,43.09999847412109,9784600.0,False,True,False,0.1090645796988315,0.2713162395105692,0.3841059911115658,0.7063577392412083,0.6945750928889194,0.3374741780321422,0.9450420239665644,False,False,0.3634311954630933,1.2992336263090392,0.9554836699766488,1.7918877230675665,3.3027606112619514,3.74175668529676,12.094850662745488,10.174095407292787,0.963643573737506,49.0,95.0,95.0,97.0,97.0,99.0,99.0,92.0,94.0,95.0,98.0,100.0,79.0,False,tight; volDry=0.69; 50SMA=+33.7%; 252H=0.95x; prior=14.5x,PL
2026-05-26,3.839999914169312,4.03000020980835,3.680000066757202,3.818000078201294,110995041.0,0.0158730008554686,3.609493842268326,3.449586964456765,3.3775999927520752,3.3056666612625123,2.9432000017166136,2.5433999955654145,2.4245000004768373,2.720000028610229,4.110000133514404,1.7200000286102295,4.110000133514404,1.7200000286102295,4.110000133514404,1.7200000286102295,4.110000133514404,1.7000000476837158,4.110000133514404,0.7599999904632568,4.579999923706055,81062331.025,78531290.82,97854835.87698412,321100407.2098793,0.0990393295929075,0.3642857585634504,0.0948660850796541,3.211920620460503,0.1647057052577321,2.082966872036385,1.555948368902777,3.920000076293945,3.690000057220459,71238800.0,False,True,False,0.0911458726235053,0.2343750300739588,0.3020833624371644,0.7758620937712535,1.3243136973054024,0.3047023348497015,0.8384279428245168,False,False,0.2229298681142875,1.1653478463444544,1.0104711943853548,1.8422749860361267,1.0317460017109372,1.766842237243868,3.799999821186068,3.729378623207331,0.8283937150219697,31.0,91.0,91.0,97.0,97.0,94.0,94.0,89.0,95.0,94.0,93.0,96.15384615384616,54.0,False,tight; volDry=1.32; 50SMA=+30.5%; 252H=0.84x; prior=6.0x,PLUG
2026-05-26,84.08999633789062,84.9000015258789,78.0,79.23500061035156,3585020.0,0.1868736506551318,73.04285825679638,70.99746246655478,72.10640014648438,69.60300013224284,61.89580024719238,53.3963277053833,46.68219650268555,53.02999877929688,84.9000015258789,44.45000076293945,84.9000015258789,41.76388130867173,84.9000015258789,33.35137113305224,84.9000015258789,30.53180607527387,84.9000015258789,30.53180607527387,84.9000015258789,1173418.0,1138620.4,935624.2857142856,101062799.41821288,0.0636719722955643,5.430713653564453,0.0645821606620453,5.552207211172382,2.437984896345888,12.627620409567797,11.447618225680056,72.0999984741211,70.12000274658203,1158700.0,False,False,False,0.0820549628537656,0.2428350464767964,0.2428350464767964,1.0,1.2023251998646785,0.3585735381409012,0.990459303022022,False,False,0.1434592778218981,1.0896191527704224,0.7940682595501061,1.643976340989552,1.74883253394845,2.390433361256933,0.6974137713303958,1.3188122644498588,1.254155132478391,76.0,86.0,86.0,96.0,96.0,97.0,97.0,94.0,93.0,92.0,95.0,100.0,32.0,False,volDry=1.20; 50SMA=+35.9%; 252H=0.99x; prior=2.8x,POWI
2026-05-26,23.96999931335449,24.149999618530277,23.3700008392334,23.600000381469727,3638117.0,0.0204342080422881,23.043802034579727,22.33230442602626,21.66959991455078,21.432666524251303,20.48139987945557,19.870121479034424,20.0771963596344,19.170000076293945,24.170000076293945,17.829999923706055,24.170000076293945,17.829999923706055,24.170000076293945,15.245884467610413,24.170000076293945,14.185743744121991,24.170000076293945,14.185743744121991,32.6484794867147,4084547.925,4332354.34,6176633.400793651,97072878.35717306,0.0442493158801566,1.0600001471383231,0.0442219515020078,3.851709858782967,0.4528296939695531,2.7191617477855026,2.968235272598581,23.76000022888184,23.100000381469727,2870300.0,False,False,False,0.0325406258506779,0.0871923326015066,0.2085940819036374,0.4180000305175781,0.7435499147098851,0.1703301265749057,0.7341842465621822,False,False,0.1749999883128146,1.1196747593927707,0.2449507762725169,1.1407980777731572,0.6197892912568033,1.4085973998805994,-0.2181383415218052,0.6074704716787904,0.661290327587706,19.0,88.0,88.0,84.0,84.0,88.0,88.0,80.0,75.0,70.0,80.0,96.15384615384616,53.0,False,volDry=0.74; 50SMA=+17.0%; 252H=0.73x; prior=2.3x,PRMB
2026-05-26,173.8800048828125,179.92999267578125,173.7899932861328,175.6999969482422,1748328.0,-0.0214418228726746,175.49380296422362,173.5226289064248,171.39556457519532,169.16014404296874,171.12636810302735,159.9423811340332,144.96436519622802,152.47305118502277,184.72000122070312,152.47305118502277,189.23614968666004,134.69668403998864,189.23614968666004,125.21406769844228,189.23614968666004,123.92397311703836,189.23614968666004,107.50473530297012,189.23614968666004,2770698.2,3005504.56,2735272.73015873,445184959.27589417,0.0335980735305578,5.98131140974756,0.0343990754645923,0.4677814010431295,-0.6369836474965529,4.593477822566699,5.472155744791326,178.19000244140625,173.50999450683594,1898500.0,False,False,True,0.0353117047229583,0.0877632786888596,0.1227633738773007,0.7148979041304054,0.8080948644443247,0.0160912477154153,0.9188519485876536,False,False,0.0754827421988004,1.0248433128340877,0.1346357638379631,1.0397120296069338,0.3378456498473066,1.1634142255344238,0.5917916442323186,1.2367487399474923,1.0129513483063952,54.0,77.0,77.0,76.0,76.0,79.0,79.0,62.0,44.0,64.0,69.0,46.15384615384615,50.0,False,volDry=0.81; 50SMA=+1.6%; 252H=0.92x; prior=1.8x; blind=1m/RS,PSX
2026-05-26,12.119999885559082,12.6899995803833,11.984999656677246,12.06999969482422,8660920.0,-0.0154346488692916,12.22424087664994,11.975136852645244,11.910000038146972,11.571666717529297,11.22560007095337,9.557362217903137,7.611566367149353,9.170000076293944,13.079999923706056,8.479999542236328,13.079999923706056,6.917743641588485,13.079999923706056,5.623137601873646,13.079999923706056,5.107121186987462,13.079999923706056,4.9706713922892,13.079999923706056,9432420.5,9660660.4,9867448.095238095,90975493.2379732,0.043800305823819,0.5610713277544294,0.0462930142782379,1.7211022598028165,-0.3386388230139198,9.127008746247878,11.150828966883822,12.380000114440918,12.0,5651700.0,False,True,True,0.0581683110860469,0.1097359683386418,0.1650165032083036,0.6649999618530273,0.7416327355839979,0.0796750114873594,0.92660550124262,False,False,0.0697263872173634,1.0193579975635108,0.4740521404522297,1.3507328003763694,1.298584403798737,1.9988896284681492,1.2485739559085451,1.7470383242210137,0.95591285699815,47.0,76.0,76.0,92.0,92.0,96.0,96.0,85.0,81.0,88.0,92.0,42.30769230769231,96.0,False,tight; volDry=0.74; 50SMA=+8.0%; 252H=0.93x; prior=2.6x; blind=1m/RS,PTEN
2026-05-26,16.8700008392334,17.309999465942383,16.6299991607666,16.670000076293945,3220275.0,-0.0047197592982397,17.047365277486353,16.70787835209056,16.77240016937256,16.33633346557617,15.520000038146971,13.395400009155274,10.338000018596649,13.520000457763672,18.5,11.850000381469728,18.5,10.005000114440918,18.5,8.789999961853027,18.5,5.559999942779541,18.5,4.510000228881836,18.5,4527891.875,4229313.5,3046370.138888889,111216543.43304396,0.0609520608555262,0.905071667262486,0.0536497701385777,1.621341289261524,-0.0883907060620132,3.2952867865790303,4.804869960361151,17.85300064086914,16.690000534057617,7848300.0,False,True,True,0.0403082555629962,0.1588618951898976,0.2133965739407347,0.7444444503313222,1.3191969571420987,0.0869845874850661,0.9118919372558594,False,False,-0.0076470094568589,0.9456277506134594,0.4518073154371393,1.3303489795046757,0.8396947327018351,1.5998310589195008,2.0017795698860867,2.3322443701148865,1.4863236141920269,85.0,43.0,43.0,91.0,91.0,92.0,92.0,79.0,80.0,87.0,89.0,34.61538461538461,80.0,False,tight; volDry=1.32; 50SMA=+8.7%; 252H=0.91x; prior=4.1x; blind=1m/RS,PUMP
2026-05-26,8.449999809265137,9.130000114440918,8.350000381469727,8.369999885559082,17216100.0,0.1016948794279646,7.59068566568635,7.093852566817771,6.70759994506836,6.6493332862854,6.162199974060059,5.225299987792969,4.943529401506696,5.539999961853027,9.130000114440918,4.25,9.130000114440918,3.240000009536743,9.130000114440918,3.009999990463257,9.130000114440918,3.009999990463257,9.130000114440918,0.0,0.0,8326312.5,8095360.0,0.0,86284351.2524724,0.0871411947970179,0.7668571472167969,0.090752327162891,4.090952774566965,1.017138245111353,3.983562386165957,3.651494074081053,8.760000228881836,7.375,21959600.0,False,True,False,0.0923076627902344,0.3757396760238484,0.4047337459752403,0.928362608159771,2.0225104257253537,0.3712634846054381,0.0,False,False,0.4083333015441894,1.3420215031793794,1.139240432217267,1.96027137737522,0.0,0.0,0.0,0.0,0.0,0.0,95.0,95.0,97.0,97.0,0.0,0.0,92.0,94.0,96.0,96.0,96.15384615384616,32.0,False,tight; volDry=2.02; 50SMA=+37.1%,PURR
2026-05-26,742.1799926757812,748.6900024414062,728.8701171875,730.6900024414062,749277.0,0.0259040005683026,733.3577246976602,719.4501804166362,714.2108032226563,694.5253356933594,643.0666943359375,572.3606753540039,495.8120002746582,580.1300048828125,788.75,521.9274820711977,788.75,444.23273826552,788.75,408.27978379676296,788.75,404.325143741706,788.75,326.57538258247155,788.75,1116764.425,1124799.54,1075419.353174603,969386800.9467436,0.0367933000992242,29.553562709263392,0.0398199399079917,3.870573434429644,0.6341025756769778,9.232612663011617,9.163804485563643,731.0999755859375,710.989990234375,774700.0,False,False,True,0.0267049576241601,0.1238109563114824,0.2347543482553318,0.5274064452123322,1.0250428267422655,0.1541260015684578,0.9409572014906894,False,False,0.1877920119983835,1.131864466784047,0.3064284774206371,1.1971325486874804,0.7276730629814951,1.5024150347797676,1.2455492293173085,1.744688251072965,1.0384455344822907,58.0,89.0,89.0,87.0,87.0,91.0,91.0,82.0,80.0,86.0,87.0,53.84615384615385,45.0,False,volDry=1.03; 50SMA=+15.4%; 252H=0.94x; prior=2.4x; blind=RS,PWR
2026-05-26,164.57000732421875,165.25,159.0030059814453,161.3800048828125,1353249.0,0.0486842222966379,155.25095250031754,150.81972938180664,148.79480041503905,146.33733367919922,134.9568000793457,119.42994270324706,108.72140781797212,129.1999969482422,171.52000427246094,105.41000366210938,171.52000427246094,92.6105835224214,171.52000427246094,75.6064981562771,171.52000427246094,70.40145028140697,171.52000427246094,70.40145028140697,171.52000427246094,1722173.725,1788184.98,2305013.4413793106,298912029.52845764,0.0454729024917321,8.313285827636719,0.0505151938849874,4.343788283020864,0.9190126271177884,7.773987246732037,8.322808465598392,157.74000549316406,153.2899932861328,1564800.0,False,False,False,0.037959492863408,0.1819894003482531,0.2206963948945134,0.824614287130693,1.1546595699512026,0.2194273073121357,0.959479962831612,False,False,0.1390504719737499,1.0854179368756691,0.4100143906900766,1.2920524547547434,1.200271941751831,1.9133953736520293,0.0,0.0,0.7471425953895776,24.0,85.0,85.0,90.0,90.0,95.0,95.0,82.0,86.0,89.0,92.0,92.3076923076923,32.0,False,volDry=1.15; 50SMA=+21.9%; 252H=0.96x; prior=2.4x,Q
2026-05-26,22.040000915527344,23.100000381469727,19.21999931335449,19.645000457763672,98572589.0,0.2601487252116923,15.521729722426237,13.487814649935714,11.818000106811525,11.56466677983602,10.64600004196167,10.286300010681153,9.075749981403352,8.300000190734863,23.100000381469727,7.429999828338623,23.100000381469727,7.429999828338623,23.100000381469727,5.139999866485596,23.100000381469727,4.869999885559082,23.100000381469727,4.869999885559082,23.100000381469727,33093034.725,30309611.78,15039700.75,579861738.5392678,0.1275602667251434,2.075357096535819,0.0941632037353371,11.366023736688554,2.192394336379041,3.919185491135366,1.9195122926595327,17.889999389648438,15.699999809265137,55143400.0,False,False,False,0.1760435983186255,0.5530853007120191,0.6715063328472075,0.8236486741188581,1.8677771035442805,1.0702612087784824,0.954112577989709,False,False,1.2768595269302645,2.1696529092288657,1.6175772821641383,2.398590521672061,3.355731455487015,3.787821067773946,0.734067730084808,1.3472907009763109,2.2003785364545903,93.0,99.0,99.0,98.0,98.0,99.0,99.0,99.0,98.0,97.0,98.0,100.0,32.0,False,volDry=1.87; 50SMA=+107.0%; 252H=0.95x; prior=4.7x,RDW
2026-05-26,20.38999938964844,21.739999771118164,20.26499938964844,21.61000061035156,4926942.0,-0.0551436764719529,21.7666941302644,21.7559371597862,22.24040008544922,21.76900005340576,19.45970003128052,17.014550018310548,16.48042504787445,17.30500030517578,24.920000076293945,14.989999771118164,24.920000076293945,12.100000381469728,24.920000076293945,12.100000381469728,24.920000076293945,12.079999923706056,24.920000076293945,12.079999923706056,24.920000076293945,4733643.55,4381048.84,3904998.976190476,143184600.45246544,0.0432607458905962,1.0878567014421736,0.0533524636589471,0.8960497053776288,-1.093894565782452,2.3345505369264767,4.732611181234427,21.76000022888184,21.479999542236328,2151000.0,False,False,False,0.0723394029240899,0.218979906142355,0.2282982258944427,0.959183564762364,1.6174652369317115,0.0478064593427702,0.8182182715579188,False,False,-0.0327324732711056,0.9217234434306112,0.2594193154444693,1.1540561776033915,0.6443548400741959,1.4299600353651014,-0.1001765433825859,0.6991213518296148,1.2122009708227652,73.0,33.0,34.0,85.0,85.0,89.0,89.0,70.0,76.0,86.0,84.0,0.0,53.0,False,volDry=1.62; 50SMA=+4.8%; 252H=0.82x; prior=2.1x; blind=1m/RS,RELY
2026-05-26,6.480000019073486,6.724999904632568,6.440000057220459,6.699999809265137,32860524.0,-0.0484581389836786,6.861546436099719,6.765530263841051,6.65120002746582,6.559333356221517,6.5646000003814695,5.972699999809265,4.789450006484985,5.820000171661377,7.659999847412109,5.820000171661377,7.659999847412109,4.150000095367432,7.659999847412109,3.7899999618530273,7.659999847412109,3.220000028610229,7.659999847412109,2.3399999141693115,7.659999847412109,34287343.1,35180938.48,40050523.9047619,252529528.92082644,0.0513302167141802,0.3578571251460484,0.0552248648291231,-0.2333604948726734,-0.922155521065496,2.9293828247835805,5.660891936502763,6.860000133514404,6.650000095367432,31888200.0,False,False,False,0.0439814578045107,0.1898148171995456,0.2638888939990264,0.7192982407218925,0.9593110320006448,-0.0128873017858006,0.8459530219524378,False,False,0.0605564447584163,1.010619824611603,-0.0091743032308123,0.9079331262131052,0.687500042685619,1.4674798662121231,1.6887965926523751,2.0890710225719755,0.8561022368030329,34.0,74.0,74.0,45.0,45.0,90.0,90.0,54.0,36.0,83.0,85.0,30.76923076923077,70.0,False,volDry=0.96; 50SMA=-1.3%; 252H=0.85x; prior=3.3x; blind=1m/RS,RIG
2026-05-26,26.07999992370605,26.299999237060547,25.13999938964844,25.155000686645508,16689851.0,0.0649244658002416,24.04046960235729,22.60734572618759,21.50460006713867,20.876500129699707,18.23480012893677,16.94545006752014,16.594975032806396,15.3100004196167,26.299999237060547,11.5,26.299999237060547,11.5,26.299999237060547,11.5,26.299999237060547,11.5,26.299999237060547,7.929999828338623,26.299999237060547,18611611.275,18052527.02,27169687.503968254,419290105.4046136,0.0595609843322009,1.5578573771885462,0.0597337953123417,7.202493772950272,1.020632681701166,4.167599425815363,2.1991347650985875,25.065000534057617,24.309999465942383,11131500.0,False,False,False,0.0444785218867159,0.1752300501607826,0.4213956614108046,0.4158325920445503,0.8112473718374748,0.4302322887718277,0.9916350068541264,False,False,0.4013970482730347,1.3354118454860042,0.5806060559821851,1.4483724053571594,1.040688612568756,1.7746188897198787,1.9172260791748137,2.2665502050058834,0.6850138144681159,20.0,95.0,95.0,94.0,94.0,94.0,94.0,95.0,96.0,94.0,93.0,100.0,53.0,False,volDry=0.81; 50SMA=+43.0%; 252H=0.99x; prior=3.3x,RIOT
2026-05-26,143.1999969482422,146.0,138.55999755859375,141.96499633789062,31493577.0,0.0548026130115351,126.970472528848,114.1334616721693,103.2595993041992,99.48333282470703,86.80379981994629,81.953800239563,67.58027507781982,69.5999984741211,146.0,56.13199996948242,146.0,56.13199996948242,146.0,40.41999816894531,146.0,37.56999969482422,146.0,24.670000076293945,146.0,26487121.925,26538051.54,23400541.575396825,3194312602.2658806,0.0912146493932408,12.679285866873604,0.0885425009572896,7.337688959766518,0.5867840286529299,2.165819069120856,2.894261485372583,139.75999450683594,131.30999755859375,32862100.0,False,True,False,0.0519553254187243,0.2345670185316505,0.5028631541260268,0.4664629265576768,1.0946620423965008,0.6496973317444203,0.9808218969057684,True,True,0.797188709836643,1.712567537263695,1.0465913169924508,1.875373295804228,2.627152953612488,3.154236323826745,4.546088250998219,4.309054945044406,1.1319020903707795,67.0,98.0,98.0,97.0,97.0,98.0,98.0,97.0,97.0,96.0,97.0,100.0,67.0,False,tight; NR20; volDry=1.09; 50SMA=+65.0%; 252H=0.98x; prior=5.9x,RKLB
2026-05-26,157.22999572753906,158.75289916992188,148.0,149.89500427246094,2841809.0,0.0996642916898293,137.05144700763344,131.0566687661114,129.78399963378905,128.67266642252605,115.0536001586914,108.36719970703123,100.7366997909546,104.5,161.8000030517578,77.88999938964844,161.8000030517578,77.88999938964844,161.8000030517578,77.88999938964844,161.8000030517578,77.88999938964844,161.8000030517578,52.119998931884766,161.8000030517578,2528917.725,2360338.18,1942392.099206349,341491613.9289284,0.0703385246749037,9.567352294921877,0.0608494088589874,6.024387316786016,1.4894402924373928,3.900575693033314,2.516608755267534,144.05999755859375,139.08999633789062,1600400.0,False,False,False,0.0683896168804543,0.2562036446215023,0.3450543830322028,0.7425022176796743,0.8764722434816522,0.3665804069640106,0.9717552086648796,False,False,-0.007386352361288,0.9458761345910512,0.5951100356531198,1.4616629807309132,0.8014436059414174,1.56656720294264,1.8838957154694855,2.240654048644015,1.3019604672163267,79.0,43.0,43.0,94.0,94.0,92.0,92.0,92.0,94.0,92.0,91.0,96.15384615384616,56.0,False,volDry=0.88; 50SMA=+36.7%; 252H=0.97x; prior=3.1x; blind=1m,RMBS
2026-05-26,209.8500061035156,209.92999267578125,202.66000366210935,204.1300048828125,473471.0,0.0451738588473085,201.60904291234252,203.48294592130048,207.84480102539064,206.94366811116532,200.20476440429687,192.4029278564453,167.51625259399415,180.8000030517578,236.3500061035156,172.60030626399188,236.3500061035156,151.10261086204454,236.3500061035156,136.39481177446854,236.3500061035156,127.39474769883324,236.3500061035156,127.39474769883324,236.3500061035156,1124221.775,1124157.42,909078.4563492064,251136846.63095856,0.0448846520808019,11.372857230050224,0.0541951722624214,0.8889515787145783,0.7975135131612565,3.760801607360225,4.666509810941236,201.7899932861328,194.47000122070312,482200.0,False,False,False,0.0346437398247475,0.1475816074335786,0.264712897002995,0.557515742921694,0.8338930858989483,0.048176883941388,0.8878781497116034,True,False,-0.0113073917384423,0.9421397185358572,-0.0600250031559803,0.8613366006044871,0.6371350419487634,1.4236815712944717,0.5688839475368963,1.2189505154588682,1.2366608923005322,75.0,41.0,41.0,33.0,33.0,89.0,89.0,66.0,60.0,74.0,78.0,30.76923076923077,67.0,False,NR7; volDry=0.83; 50SMA=+4.8%; 252H=0.89x; prior=1.9x; blind=1m/RS,RRX
2026-05-26,154.88999938964844,155.0,152.22999572753906,153.0800018310547,2375809.0,0.0219715088723677,149.7085297087081,145.54687552918256,145.13799926757812,145.73766581217447,126.81339950561524,114.264599609375,85.1768998336792,131.02000427246094,156.2449951171875,91.5199966430664,156.2449951171875,91.5199966430664,156.2449951171875,73.0,156.2449951171875,52.47999954223633,156.2449951171875,34.0,156.2449951171875,3338077.725,3043902.18,2686374.242063492,364640480.55544966,0.0400399216948763,5.476716177804129,0.0353587462030175,6.261559492042823,0.6080289215187777,8.572084535343388,9.498621033021488,156.2449951171875,151.44000244140625,1933000.0,True,False,False,0.0178836870254779,0.0984246573520636,0.1129510955266794,0.8713917903418249,0.6716743111633107,0.2214008929142379,0.991327749560728,True,True,0.1447893266520965,1.0908865758502058,0.4775350251283126,1.353924306594372,1.21651410242539,1.927519843678292,2.992010372044089,3.101608062444563,1.2425959394383983,75.0,86.0,86.0,92.0,92.0,96.0,96.0,71.0,89.0,87.0,92.0,88.46153846153845,82.0,False,inside; NR20; volDry=0.67; 50SMA=+22.1%; 252H=0.99x; prior=4.6x,RVMD
2026-05-26,25.0,25.280000686645508,24.46999931335449,24.899999618530277,1633736.0,0.0258514213816669,22.33899757484824,20.979628035235148,20.396800079345702,19.96233336130778,17.74699998855591,16.319499969482422,15.764249997138975,15.93000030517578,25.280000686645508,11.68000030517578,25.280000686645508,11.18000030517578,25.280000686645508,11.18000030517578,25.280000686645508,10.425000190734863,25.280000686645508,10.425000190734863,25.280000686645508,2491193.4,2396724.72,2146781.888888889,67059352.50871658,0.0765467650298878,1.9278572627476285,0.0771142905099051,5.299780244076292,0.3267872435061461,5.116876113517515,3.579252942512465,25.030000686645508,23.88999938964844,2458500.0,False,True,False,0.0324000549316406,0.3412000274658203,0.3412000274658203,1.0,1.561077736119816,0.4086887933803551,0.9889240237721424,True,False,0.2899897359443999,1.229250180067374,0.6846361012766127,1.543699287322619,1.3854962874039636,2.0744697387490727,0.639344262295082,1.2736949324240143,1.1604315337732647,70.0,93.0,93.0,95.0,95.0,96.0,96.0,93.0,95.0,94.0,93.0,100.0,59.0,False,tight; NR7; volDry=1.56; 50SMA=+40.9%; 252H=0.99x; prior=2.4x,RXO
2026-05-26,10.739999771118164,12.0,10.390000343322754,11.055999755859377,14355807.0,0.0122526030770513,9.514612886835042,8.643402700295702,7.91060001373291,7.771166674296061,6.873499994277954,5.151299990415573,3.919074994921684,5.769999980926514,12.0,2.869999885559082,12.0,2.7300000190734863,12.0,1.5499999523162842,12.0,1.2549999952316284,12.0,1.2549999952316284,12.0,10943845.175,11765328.14,5875836.932539683,79377049.29770431,0.1169081930459985,1.0844998700278146,0.1009776436815421,5.570764772528657,0.1198710281427547,13.134199199073322,12.67621538289509,10.635000228881836,9.770000457763672,10681300.0,False,False,False,0.1499068613583057,0.4599627711822702,0.580074502033706,0.7929374064360158,0.9029421511740342,0.562522700234086,0.8949999809265137,False,False,0.7406806545080664,1.6587201807674383,2.3250773088846275,3.0469010299186268,7.456692860170692,7.354089595926777,1.8948786147405143,2.249187255162363,1.8625168296271624,91.0,98.0,98.0,99.0,99.0,99.0,99.0,96.0,99.0,98.0,99.0,100.0,44.0,False,volDry=0.90; 50SMA=+56.3%; 252H=0.89x; prior=9.6x,SATL
2026-05-26,189.8800048828125,190.0,184.00999450683597,184.4900054931641,898261.0,0.0568264419097206,180.07548376688203,179.11620347083206,177.38695922851562,179.20909322102864,175.32392028808593,180.477452545166,149.67866676330567,163.39103280093642,195.9333298652448,149.0897735425602,218.173171234805,149.0897735425602,220.51731173580117,129.58576493216952,220.51731173580117,115.9620348798722,220.51731173580117,83.51115682158343,220.51731173580117,1392371.3,1531610.82,1659218.753968254,239029978.69121933,0.0372623740898812,8.961034231545893,0.0471931430435571,1.7592375884098066,1.1393781621684342,2.4209700355378665,3.730277436498939,180.8300018310547,177.0399932861328,1041100.0,False,False,False,0.0315462678487968,0.1564145575337014,0.166099426289301,0.941692340714464,0.8462559699075514,0.0830239511574264,0.8610662055880003,False,False,0.0684703277387075,1.0181610800243317,-0.0849868957429381,0.838463022288369,0.6269273468462435,1.4148047791970086,1.2312116341666504,1.7335486004781755,0.8391728315931514,32.0,76.0,76.0,29.0,29.0,89.0,89.0,67.0,68.0,62.0,74.0,73.07692307692307,61.0,False,volDry=0.85; 50SMA=+8.3%; 252H=0.86x; prior=2.6x; blind=1m,SCCO
2026-05-26,70.75,75.7300033569336,63.000099182128906,65.12000274658203,8229512.0,0.1420500262903143,57.48100580737805,52.214022535084766,48.02880020141602,46.61866683959961,46.60879989624024,40.8139999961853,37.41022501945496,36.06999969482422,75.7300033569336,31.5,75.7300033569336,29.43000030517578,75.7300033569336,28.209999084472656,75.7300033569336,28.209999084472656,75.7300033569336,13.729999542236328,75.7300033569336,4302332.8,4295006.24,4207194.888888889,259304588.19918743,0.1168658255562,6.75999995640346,0.0955477025640065,5.420891142628202,1.3017750434635258,4.326331296068428,1.9848384261351064,63.400001525878906,58.5,4072400.0,False,False,False,0.1799279742021864,0.5260778096876381,0.5396467013409618,0.9748559722136602,1.4271320825834235,0.5179536945276968,0.9342400219703986,False,False,0.5437485745867758,1.471060707239098,0.6426747272185871,1.50524840574685,1.1381081799259771,1.859336667530597,3.734024854112394,3.6781191146578975,1.022613145723857,56.0,97.0,97.0,94.0,94.0,95.0,95.0,97.0,95.0,95.0,94.0,100.0,32.0,False,volDry=1.43; 50SMA=+51.8%; 252H=0.93x; prior=5.5x,SEDG
2026-05-26,29.6299991607666,30.11000061035156,29.030000686645508,29.07999992370605,6547032.0,0.0256143920647957,27.65414609918832,26.916179371716197,26.823643341064454,26.49007015228272,25.00515369415283,22.92141616821289,22.16812547683716,23.473774407275396,30.11000061035156,21.0679853260879,30.11000061035156,19.32538670126587,30.11000061035156,19.32538670126587,30.11000061035156,19.32538670126587,30.11000061035156,19.32538670126587,30.11000061035156,5300135.8,4910846.64,4144440.206349206,128331245.57735404,0.0339395720740918,0.8732851951908128,0.0294730077598901,6.275426382299485,0.8473746894981703,8.816689428612857,5.628267025589429,29.600000381469727,28.649999618530277,4942600.0,False,False,False,0.0364495428381953,0.1552480766709111,0.1778594256793652,0.8728695489593193,0.8951904879684861,0.1849556904621321,0.984058404521588,False,False,0.1246965568240379,1.0717398801510256,0.4271900897969294,1.3077912332662711,0.5216710486090479,1.3232720416870996,0.4103965113991363,1.095813082459329,1.278854449843501,78.0,84.0,84.0,90.0,90.0,86.0,86.0,81.0,79.0,81.0,78.0,100.0,31.0,False,volDry=0.90; 50SMA=+18.5%; 252H=0.98x; prior=1.6x,SIRI
2026-05-26,38.63999938964844,38.959999084472656,38.05500030517578,38.17499923706055,3836985.0,0.0233051140686466,38.13585670775991,37.683839471457816,37.83719955444336,37.73733291625977,34.977599716186525,30.98129991531372,26.02359992980957,35.619998931884766,40.4900016784668,27.90999984741211,40.4900016784668,20.75,40.4900016784668,19.65999984741211,40.4900016784668,19.65999984741211,40.4900016784668,19.65999984741211,40.4900016784668,2068539.625,1901819.7,1035555.496031746,82055690.97113419,0.0399022071845478,1.710714340209961,0.0442731461499002,2.3650228887608016,0.514405618419747,16.021622199915466,18.733158304244174,38.5099983215332,37.650001525878906,1776400.0,False,False,True,0.0234212938300232,0.1125777007642426,0.1125777007642426,1.0,1.2789479991189492,0.1047070040019662,0.954309651466322,False,False,0.0157728301703636,0.96794486002661,0.229398632340622,1.1265470276586478,0.9564556652986552,1.7013684298301963,0.927770029750395,1.4977884598409017,1.9975169200749303,92.0,60.0,60.0,83.0,83.0,94.0,94.0,43.0,78.0,91.0,90.0,38.46153846153847,53.0,False,volDry=1.28; 50SMA=+10.5%; 252H=0.95x; prior=2.1x; blind=1m/RS,SKM
2026-05-26,37.369998931884766,37.60760116577149,36.45000076293945,37.290000915527344,635546.0,0.0042999153815854,35.709534954105344,34.584180914348785,34.008400192260744,33.75600007375081,31.4752001953125,30.51380001068115,23.054849996566773,29.809999465942383,38.38999938964844,25.799999237060547,38.38999938964844,25.799999237060547,38.38999938964844,14.8100004196167,38.38999938964844,12.800000190734863,38.38999938964844,8.180000305175781,38.38999938964844,1242588.65,1212310.92,1595768.8333333333,44012793.78677674,0.0435789155929804,1.5968284606933594,0.0427302249487333,4.382937740561291,0.1001985193466778,4.195358189377169,5.04895004880454,38.38999938964844,36.902000427246094,1389500.0,False,True,False,0.0309767309584894,0.1447685309617763,0.2245116304375898,0.644815284979276,1.077936838183393,0.1872839155904768,0.9734305685339836,False,False,0.1128647079859626,1.0604651374848864,0.3289472907748156,1.2177674360081627,1.75589954096337,2.39657895547705,3.097587653598296,3.1836367440263285,0.7786771016228019,26.0,82.0,82.0,88.0,88.0,97.0,97.0,80.0,82.0,77.0,95.0,92.3076923076923,59.0,False,tight; volDry=1.08; 50SMA=+18.7%; 252H=0.97x; prior=4.7x,SKYT
2026-05-26,8.119999885559082,8.359999656677246,7.409999847412109,7.869999885559082,8667938.0,0.0437017566300435,7.334632611752831,6.583223077746642,5.88040002822876,5.730666669209798,5.347600030899048,4.853900029659271,3.3516500115394594,4.230000019073486,9.100000381469728,3.950000047683716,9.100000381469728,3.4600000381469727,9.100000381469728,1.3899999856948853,9.100000381469728,1.3899999856948853,9.100000381469728,1.3899999856948853,9.100000381469728,7044180.95,7469710.76,5499130.30952381,61858541.77306204,0.0957188951237981,0.8350001062665667,0.1028325268515782,5.041577442206881,0.4071851885994735,6.32396900888916,8.996924688860886,8.270000457763672,7.349999904632568,10650600.0,False,False,False,0.1169950520510046,0.5012315552983715,0.5467981030337061,0.9166665950695044,1.8960190367531715,0.5184381477000504,0.8923076423264538,False,False,0.8206277614591131,1.7349029540695011,0.7130802273527488,1.5697637751481923,4.561643611917271,4.836503595310647,3.613636323612584,3.584582775313952,1.280962725651428,78.0,98.0,98.0,95.0,95.0,99.0,99.0,97.0,94.0,95.0,99.0,96.15384615384616,32.0,False,volDry=1.90; 50SMA=+51.8%; 252H=0.89x; prior=6.5x,SLS
2026-05-26,31.790000915527344,33.31999969482422,31.75,32.939998626708984,3262866.0,-0.0586319074739938,32.59319259749226,31.68397248937213,30.970400085449217,30.34066670735677,30.09520008087158,25.49078104019165,23.84426754951477,24.90999984741211,35.880001068115234,23.132364464519693,35.880001068115234,17.649210647429953,35.880001068115234,17.30217545962686,35.880001068115234,17.246812985176106,35.880001068115234,17.246812985176106,35.880001068115234,4701469.15,5067163.32,3890030.4206349207,135584919.71904334,0.0445028113201422,1.63499995640346,0.0514312648416713,1.09494985204522,-1.2110089266251545,4.5919081088460985,5.833092638081783,34.060001373291016,33.04999923706055,3030200.0,False,False,True,0.049386588537573,0.1726958641195033,0.2849953165262665,0.6059603583120177,0.819299939201486,0.0563146558288865,0.8860089177582977,False,False,0.1045865238731051,1.0525767341683196,0.427498044237657,1.308073424209656,0.758228074572741,1.5289862129651448,0.4215535945089026,1.1044816217920304,1.2085944431335935,73.0,81.0,81.0,90.0,90.0,91.0,91.0,82.0,77.0,89.0,87.0,57.692307692307686,71.0,False,volDry=0.82; 50SMA=+5.6%; 252H=0.89x; prior=2.1x; blind=RS,SM
2026-05-26,164.4600067138672,168.2899932861328,152.07000732421875,160.27000427246094,8089391.0,0.048985891021607,143.51357160873823,131.64840842215222,123.01840087890623,119.16366755167644,103.55680068969728,93.46240036010742,79.7254502105713,88.76000213623047,168.2899932861328,69.16000366210938,168.2899932861328,69.16000366210938,168.2899932861328,66.75,168.2899932861328,60.27999877929688,168.2899932861328,34.59000015258789,168.2899932861328,2836287.275,3028229.82,2015973.376984127,419262159.9617317,0.0709591214460696,11.594285147530693,0.0704991163456706,8.342147353323982,0.6623959853364458,4.877292253358444,3.3999916189764234,164.47999572753906,151.14999389648438,6407200.0,False,False,False,0.0986257162820996,0.2672989764104846,0.4590173121281389,0.5823287474086939,1.241744954483012,0.5881140168347156,0.9772417450528164,False,False,0.4979506816873338,1.427419221942992,0.8238883226517295,1.6713016548202408,1.6284162940066516,2.2857172704660083,3.351945031213086,3.381260702790826,1.4069071086856575,83.0,97.0,97.0,96.0,96.0,97.0,97.0,96.0,96.0,95.0,94.0,100.0,37.0,False,volDry=1.24; 50SMA=+58.8%; 252H=0.98x; prior=4.9x,SMTC
2026-05-26,1589.550048828125,1641.739990234375,1520.0,1535.64501953125,12666761.0,0.0749718411666788,1449.769128901161,1348.752952403696,1286.243994140625,1224.858660888672,1023.6241979980468,777.0722998046875,464.2845252609253,873.9299926757812,1641.739990234375,517.0,1641.739990234375,398.614990234375,1641.739990234375,187.6999969482422,1641.739990234375,142.75999450683594,1641.739990234375,35.790000915527344,1641.739990234375,15710009.025,16436299.22,11150481.194444444,20653378248.228355,0.0817260972463973,126.82958112444196,0.0797896116690037,6.929033119758119,0.8740871525318836,18.845820384556436,18.707075179421945,1528.0,1473.52001953125,9593600.0,False,False,False,0.0765877050075436,0.2292535767894468,0.4161303139999603,0.5509177511866359,0.7686855739780089,0.5528648618671654,0.9682105925928018,False,False,0.6057682691431439,1.5301601857673712,1.4894286791431297,2.2811628427774853,7.111604380321957,7.053994553894171,41.00713642754611,32.63760884397992,1.408908615784875,83.0,97.0,97.0,98.0,98.0,99.0,99.0,96.0,98.0,98.0,99.0,96.15384615384616,53.0,False,volDry=0.77; 50SMA=+55.3%; 252H=0.97x; prior=45.9x,SNDK
2026-05-26,84.63999938964844,84.86389923095703,81.30999755859375,83.44999694824219,1805854.0,0.0352250144100931,82.86837527470652,82.38058369991379,82.10720001220703,81.82333323160807,79.49479995727539,73.2180601119995,64.47896705627441,76.02999877929688,90.8000030517578,66.55000305175781,90.8000030517578,56.39610356751714,90.8000030517578,45.686334640046006,90.8000030517578,40.39139671978718,90.8000030517578,40.39139671978718,90.8000030517578,2059988.85,2584741.08,3415514.36,194061993.4940094,0.0511367066777987,4.855992998395648,0.0573723184476953,1.128135048447967,0.5930810144020965,6.773468851305619,8.191747254767398,82.87000274658203,78.69000244140625,1877600.0,False,False,True,0.0419884416114247,0.1475662285353419,0.1745038324547451,0.845633167246404,0.84711982060501,0.0647237232515629,0.9321585522568976,False,False,0.0410823642376039,0.9920626870469929,0.0701732622169677,0.9806424669067432,0.9588644839635336,1.703463181120655,0.0,0.0,0.6031269767520463,16.0,69.0,69.0,67.0,67.0,94.0,94.0,54.0,68.0,80.0,88.0,38.46153846153847,69.0,False,volDry=0.85; 50SMA=+6.5%; 252H=0.93x; prior=2.2x; blind=1m/RS,SOLS
2026-05-26,50.38999938964844,50.77999877929688,49.16999816894531,49.560001373291016,4155532.0,0.0370446435770319,47.62361975912746,45.73656975662028,44.542918853759765,43.70728899637858,40.379308242797855,37.86662376403809,34.722564697265625,38.087036796230784,50.77999877929688,30.986232239691955,50.77999877929688,30.986232239691955,50.77999877929688,30.986232239691955,50.77999877929688,27.991238742683382,50.77999877929688,24.35433184437804,50.77999877929688,2156295.8,2044426.64,1689107.6666666667,115203771.86923066,0.0406086537035377,1.9876931482371327,0.0394461832171695,6.284926461148055,0.9055719886426884,4.426016604882621,3.431727439296715,48.88999938964844,47.33000183105469,1620600.0,False,False,False,0.0319507963852506,0.1501650069828828,0.248133983267433,0.6051771103881342,1.332394690376369,0.2479163606928831,0.992319822784095,False,False,0.2119505814996332,1.154885522752248,0.3171590070251147,1.2069653611806197,0.7768595524907194,1.5451884755019183,1.0009599261506712,1.5546536359322003,1.276588723473913,78.0,90.0,90.0,87.0,87.0,91.0,91.0,85.0,88.0,85.0,82.0,100.0,37.0,False,volDry=1.33; 50SMA=+24.8%; 252H=0.99x; prior=2.1x,ST
2026-05-26,70.69000244140625,71.06999969482422,69.14409637451172,69.74500274658203,13833467.0,0.0572839036208698,64.06487394543194,59.68542127978243,57.44640014648437,54.93300018310547,46.72848960876465,38.74748991012573,32.332388734817506,40.0,71.06999969482422,30.29363708139072,71.06999969482422,26.833501793278124,71.06999969482422,23.085174585695597,71.06999969482422,20.978391985654756,71.06999969482422,20.978391985654756,71.06999969482422,11408231.675,10837025.34,7789910.583333333,696164462.0467987,0.0413783526271092,3.3692844935825894,0.0476628147859427,10.758526747629649,1.1367404083417765,18.103959763478407,16.62699033782878,68.13999938964844,66.18000030517578,7675800.0,False,False,False,0.0272443521544485,0.2188428446232683,0.312632588921459,0.7000001035664487,1.0479810043518825,0.5127816677418833,0.9946531974806572,True,True,0.4006340545204652,1.334684777524452,1.0819831946708485,1.9078042856825463,2.355352637350709,2.9178739643275,1.842734003910743,2.2086732959564306,1.4644881418033395,84.0,95.0,95.0,97.0,97.0,98.0,98.0,96.0,96.0,96.0,96.0,100.0,45.0,False,NR20; volDry=1.05; 50SMA=+51.3%; 252H=0.99x; prior=3.4x,STM
2026-05-26,80.3499984741211,81.45999908447266,78.79000091552734,79.33999633789062,666960.0,0.0017454106875254,81.32634506198212,81.08852719291853,81.38960052490235,80.27900034586588,77.40260055541992,71.36892177581787,63.29119430541992,72.33999633789062,87.38999938964844,66.08000183105469,87.38999938964844,56.3162206231271,87.38999938964844,48.65029480359574,87.38999938964844,48.65029480359574,87.38999938964844,37.40691497993411,87.38999938964844,1138241.5,1212331.2,1080414.5238095238,96633573.13476562,0.0349979023333093,2.9757140023367747,0.0370344002345586,1.028200722081736,0.0470473269737946,5.912919988291476,6.553170885815013,80.80000305175781,78.08000183105469,700700.0,False,False,True,0.0332295982532626,0.0967018891178815,0.1158680489781501,0.8345863244501263,0.7698605793532328,0.0380787970630371,0.9194415726662512,False,False,0.0252647142803044,0.9769898159097522,0.1014304974001176,1.0092847188680651,0.3432838676436891,1.168143395858809,1.0871608109887712,1.6216277503473404,1.0535229533814292,59.0,64.0,64.0,71.0,71.0,79.0,79.0,53.0,60.0,76.0,83.0,11.538461538461538,67.0,False,volDry=0.77; 50SMA=+3.8%; 252H=0.92x; prior=2.3x; blind=1m/RS,STNG
2026-05-26,845.760009765625,862.6500244140625,816.9749755859375,832.8599853515625,3422466.0,0.0406408402429361,789.659971167723,746.5014101272413,725.2823999023437,693.4803324381511,588.3011492919921,481.0515478515625,356.0716738128662,501.4500122070313,862.6500244140625,341.40447161248795,862.6500244140625,316.44798111629626,862.6500244140625,249.43930747366736,862.6500244140625,208.09012037236693,862.6500244140625,106.90218745661808,862.6500244140625,4169426.65,4149713.32,4157908.198412698,3587025740.261877,0.0621331158096161,47.82356916155134,0.0565450820674343,7.739507174536405,0.6906642451820622,12.143281688554035,11.45166206966196,824.0,799.8099975585938,2531400.0,False,False,False,0.0540047392886102,0.1980585601488121,0.3658839489145216,0.5413152469147612,0.7650207026831435,0.4376310683456579,0.9804207799566114,False,False,0.4426609974680171,1.3747328691847611,1.139375179575158,1.9603948517565344,2.5320503535668064,3.071533421746011,6.869379695529269,6.1141453141048,1.0027702515393917,53.0,96.0,96.0,97.0,97.0,98.0,98.0,95.0,96.0,96.0,97.0,96.15384615384616,53.0,False,volDry=0.77; 50SMA=+43.8%; 252H=0.98x; prior=8.1x,STX
2026-05-26,73.6500015258789,75.80500030517578,72.11000061035156,74.87000274658203,470325.0,-0.0054017759540039,72.96299556941338,71.58153462869497,72.38979949951172,71.9614995320638,62.196099853515626,49.06309995651245,35.739774990081784,60.75,78.80000305175781,38.36000061035156,78.80000305175781,30.920000076293945,78.80000305175781,28.0,78.80000305175781,21.145000457763672,78.80000305175781,13.93000030517578,78.80000305175781,1254470.625,1188860.5,809332.6388888889,81511697.45869637,0.0621916234151624,4.241428920200893,0.0575889861823092,3.197796812482248,-0.0943081997611221,5.707358605139925,6.799728619006227,75.62999725341797,73.11000061035156,574900.0,False,False,True,0.0501697164734732,0.1809911955856624,0.1918534228115058,0.943382676906862,0.8648975216183901,0.1841578764478726,0.9346446532178908,False,False,0.0571265029644803,1.0073513826617686,0.6950517890139705,1.5532435976487182,2.13804872946766,2.728902644860104,3.887193299093029,3.7971239366871488,1.5500062208318068,86.0,73.0,73.0,95.0,95.0,98.0,98.0,75.0,93.0,95.0,95.0,34.61538461538461,59.0,False,volDry=0.86; 50SMA=+18.4%; 252H=0.93x; prior=5.7x; blind=1m/RS,SYRE
2026-05-26,389.1400146484375,390.3500061035156,367.6199951171875,373.010009765625,3784490.0,0.0856489565838838,355.8208917510532,354.6155112617013,360.8107592773438,362.38499247233074,343.83305603027344,307.8209977722168,229.6689012908936,301.7460114777026,421.9506269999966,262.9206973192305,421.9506269999966,220.1447870064232,421.9506269999966,182.0151211582944,421.9506269999966,135.6194873902852,421.9506269999966,75.79596206141879,421.9506269999966,3646514.75,3539171.8,3602704.722222222,1548901103.6291504,0.0561389025861447,20.48020480505114,0.0526293982477069,2.503737983415452,1.4990090430863048,7.97141869557289,8.271904403143584,360.3399963378906,352.4100036621094,2708500.0,False,False,False,0.0584108807388086,0.2082973373335381,0.2427001510851173,0.8582497225578002,1.059730697447352,0.1317702234370825,0.9222406361027652,False,False,-0.0688696089290913,0.8872878357068201,0.1829195096270253,1.083956352702799,1.4999620143733692,2.174011158274969,3.970520601471139,3.861865409977802,1.0121603159724828,54.0,24.0,24.0,80.0,80.0,97.0,97.0,83.0,83.0,89.0,92.0,65.38461538461539,38.0,False,volDry=1.06; 50SMA=+13.2%; 252H=0.92x; prior=5.6x; blind=1m/RS,TER
2026-05-26,83.01000213623047,87.05000305175781,78.66000366210938,86.5,2173840.0,-0.0329682469989921,83.13157205873628,82.38020253813318,82.69060028076171,82.4115000406901,79.57792861938476,70.63842971801758,58.51374443054199,70.19999694824219,87.05000305175781,66.03373877992105,87.05000305175781,52.91965586754447,87.05000305175781,47.81429627207519,87.05000305175781,43.13474458298045,87.05000305175781,32.06081663852195,87.05000305175781,1392471.0,1391394.8,1133892.2222222222,110512984.99999236,0.043390982998984,4.0497861589704245,0.0487867251505931,0.8840203956303436,-0.6988008972749378,4.996087344416644,7.921230767707037,86.04000091552734,84.16999816894531,1335400.0,False,False,True,0.1010721500269248,0.2029876601600674,0.2029876601600674,1.0,1.077705623163174,0.0431284600691361,0.9535898819770832,False,False,-0.0124910237075772,0.9410118182350632,0.241134988007051,1.137301518711227,0.6587395086159564,1.442469197399595,1.4952657709021158,1.9387064941439676,1.2280452874709824,74.0,41.0,41.0,84.0,84.0,89.0,89.0,71.0,66.0,83.0,85.0,34.61538461538461,56.0,False,volDry=1.08; 50SMA=+4.3%; 252H=0.95x; prior=2.7x; blind=1m/RS,TIGO
2026-05-26,20.040000915527344,20.61000061035156,19.799999237060547,20.61000061035156,1944393.0,-0.009881366494688,21.43466257029608,22.130939908742576,23.253600082397465,23.62666670481364,22.13119995117188,17.319049978256224,12.68559998035431,19.34199905395508,28.40999984741211,10.800000190734863,28.40999984741211,10.800000190734863,28.40999984741211,8.300000190734863,28.40999984741211,6.690000057220459,28.40999984741211,1.7899999618530271,28.40999984741211,2963462.325,3074647.86,2990046.003968254,68423178.11076888,0.0868966310960814,1.874999863760812,0.0935628631787151,-1.009919841102122,-0.1066660640655564,6.474963846395188,8.74956005761013,21.6299991607666,20.209999084472656,1650800.0,False,False,False,0.0404192283575901,0.3202595250359484,0.3536926610481737,0.9054740465545832,1.032478984438888,-0.0944909919145076,0.7053854636804162,True,True,-0.2223515498817178,0.7410326382459017,0.5559006783748945,1.4257338819534937,1.251685592637891,1.958105593275892,9.745308746944822,8.348609631972185,0.9911092742610068,52.0,6.0,6.0,93.0,93.0,96.0,96.0,20.0,92.0,90.0,94.0,0.0,56.0,False,NR20; volDry=1.03; 50SMA=-9.4%; 252H=0.71x; prior=15.9x; blind=1m/RS,TNGX
2026-05-26,288.5299987792969,300.4200134277344,273.9700012207031,300.4200134277344,2489569.0,0.017993882917499,264.8502944769375,247.37319241279545,233.1272009277344,230.7870010375977,209.60880126953128,168.28830047607423,125.53585029602051,184.13999938964844,300.4200134277344,108.43000030517578,300.4200134277344,108.43000030517578,300.4200134277344,108.43000030517578,300.4200134277344,71.63999938964844,300.4200134277344,37.47999954223633,300.4200134277344,2648089.225,3102589.38,1752464.1626984128,595841723.54991,0.0755788639493004,21.999288286481583,0.0762461039737824,4.938175211764465,0.2318259589629336,4.991415146859378,5.289174843501759,288.19000244140625,279.010009765625,1383500.0,False,False,False,0.0916716193079925,0.3142134935863163,0.4030084030431482,0.7796698312334567,0.8832741186008959,0.3765166206369483,0.960422028769739,False,False,0.4387653756805452,1.3710206739243715,1.2897388611053642,2.09817909361238,2.149546958377535,2.7389017079685627,6.07875394162783,5.49986554423001,1.511066121273784,85.0,96.0,96.0,98.0,98.0,98.0,98.0,93.0,97.0,96.0,95.0,100.0,48.0,False,volDry=0.88; 50SMA=+37.7%; 252H=0.96x; prior=8.0x,TSEM
2026-05-26,196.9499969482422,200.6419982910156,189.01010131835935,198.8000030517578,3368369.0,0.0370155794391029,174.45962038649583,163.26225626674716,157.94520050048828,151.83166681925456,131.48720001220704,112.76850006103516,85.75864988327027,112.16000366210938,200.6419982910156,85.87999725341797,200.6419982910156,81.80000305175781,200.6419982910156,61.380001068115234,200.6419982910156,54.43000030517578,200.6419982910156,28.1200008392334,200.6419982910156,2189821.725,2140311.38,2288185.1944444445,427688070.73908615,0.078004132407355,12.370133536202568,0.0628084982375166,7.9267045309547,0.5683041948353107,8.169693474108172,6.973928442611473,191.72999572753903,182.69000244140625,3076100.0,False,True,False,0.0590601530992309,0.2653566601574378,0.3550748548400655,0.7473259695535497,1.0944280920470553,0.4978644075617831,0.98159906014583,False,False,0.3217234025145001,1.2594896573737075,0.8458294524954699,1.691407187687053,2.3695465248499947,2.930217219795116,5.782024474487374,5.269320424885427,0.9570124526269708,48.0,94.0,94.0,96.0,96.0,98.0,98.0,96.0,96.0,95.0,97.0,100.0,59.0,False,tight; volDry=1.09; 50SMA=+49.8%; 252H=0.98x; prior=7.1x,TTMI
2026-05-26,64.87000274658203,65.5999984741211,60.59999847412109,61.040000915527344,1584376.0,0.0709922911246976,57.13048512866979,56.32701312665656,57.40040008544922,57.59866676330567,53.47239990234375,48.93970003128052,39.276300001144406,48.0,66.05999755859375,41.52000045776367,66.05999755859375,39.130001068115234,66.05999755859375,28.899999618530277,66.05999755859375,23.299999237060547,66.05999755859375,23.299999237060547,66.05999755859375,1405304.4,1363373.52,1437070.5396825396,86432842.41387025,0.0709486282620766,4.013571875435965,0.0618709990057374,3.4450594047507064,1.071365652643441,4.796204300902971,4.421326515264605,61.95000076293945,56.380001068115234,1617900.0,False,False,False,0.0770772281224151,0.271311819468798,0.271311819468798,1.0,1.0985673243822427,0.2131492670060375,0.9819861511354702,False,False,0.0644897310212704,1.014367910904189,0.3364235995683906,1.2246182761081106,1.488300863289267,2.1638704151639088,1.3036222691081996,1.789808326333156,0.9778952119569878,50.0,75.0,75.0,88.0,88.0,97.0,97.0,87.0,86.0,86.0,93.0,88.46153846153845,35.0,False,volDry=1.10; 50SMA=+21.3%; 252H=0.98x; prior=2.8x; blind=1m,TWST
2026-05-26,87.45999908447266,88.26000213623047,84.25,87.43000030517578,824216.0,0.0410665023272784,82.68522145719817,81.04646958142895,80.82160034179688,80.29800033569336,73.56699996948242,61.082200050354,43.53285002708435,68.94000244140625,88.5,48.709999084472656,88.5,41.869998931884766,88.5,23.81999969482422,88.5,21.489999771118164,88.5,18.93000030517578,88.5,1010955.4,1014736.32,786109.5873015873,88490344.6058319,0.0774425443772532,5.816426958356585,0.0665038534100466,2.8396587435777354,0.5931471284592517,15.253614203612894,15.86883431438913,84.2699966430664,80.0,421900.0,False,True,False,0.0458495561194487,0.1853418620415984,0.2236450693270858,0.8287321629726246,0.8352136247572177,0.188848248817451,0.9882485772256796,False,False,0.0536079608929433,1.0039985122051327,0.2153974457643448,1.1137171816621791,3.0397228926330087,3.513014435591077,3.3147507207368783,3.35236243788201,1.28602349638073,78.0,73.0,73.0,82.0,82.0,99.0,99.0,81.0,92.0,93.0,98.0,96.15384615384616,73.0,False,tight; volDry=0.84; 50SMA=+18.9%; 252H=0.99x; prior=4.7x; blind=1m,UCTT
2026-05-26,21.07999992370605,21.51000022888184,20.5,21.030000686645508,26719594.0,0.1569704016539288,17.765661104374853,16.145775799295315,15.045599937438965,14.353333282470704,12.285599994659425,11.07480001449585,9.207400002479552,9.520000457763672,21.51000022888184,8.289999961853027,21.51000022888184,8.289999961853027,21.51000022888184,7.550000190734863,21.51000022888184,6.96999979019165,21.51000022888184,6.559999942779541,21.51000022888184,13902562.35,12633687.88,9366488.468253968,267654222.0941023,0.0455694494256173,0.9749999727521624,0.0462523707913158,15.476610106375922,2.933334041311356,16.999907180281102,13.311327951758292,18.299999237060547,17.979999542236328,10041700.0,False,True,False,0.0479127245036663,0.2851043762160139,0.4715370289389486,0.6046277571404202,1.3264938598435598,0.7158299092327256,0.9800092840260218,False,False,0.716612408965067,1.6357851958266645,0.930402909929304,1.7689052217539265,1.960674194175327,2.5746546136091077,1.7773481342252837,2.1578714889254216,1.4842875638100916,85.0,98.0,98.0,96.0,96.0,98.0,98.0,98.0,97.0,96.0,96.0,100.0,59.0,False,tight; volDry=1.33; 50SMA=+71.6%; 252H=0.98x; prior=3.3x,UMC
2026-05-26,27.729999542236328,28.6200008392334,25.31999969482422,25.65999984741211,23356016.0,0.0960474457887021,24.647117911768845,24.11319474174369,24.65519989013672,23.75599994659424,20.85589994430542,20.352400016784667,19.110450038909917,16.475000381469727,28.690000534057617,13.864999771118164,28.690000534057617,13.864999771118164,32.06999969482422,11.725000381469728,32.06999969482422,11.449999809265137,32.25,8.0,43.97999954223633,17447200.4,16616576.32,12908327.84126984,468149986.158466,0.103327303883062,2.510286058698381,0.090526004332416,3.640940098410032,0.9680172890079988,2.7197767210991497,1.6858329357160409,26.708999633789062,24.604999542236328,18209700.0,False,False,False,0.1190047312977,0.3337541010059768,0.336278431910404,0.9924933309279264,1.0448501102542405,0.329599759122734,0.630513866095104,False,False,0.2685269335768039,1.2087979602240877,0.3599804007995335,1.2462043131427905,1.2729508176858435,1.97659820887232,2.0439078580987,2.3649761083118297,1.3516235886277004,81.0,92.0,92.0,89.0,89.0,96.0,96.0,95.0,94.0,92.0,94.0,92.3076923076923,32.0,False,volDry=1.04; 50SMA=+33.0%; 252H=0.63x; prior=5.5x,USAR
2026-05-26,62.47999954223633,62.61000061035156,59.72999954223633,61.22499847412109,963432.0,0.0492023567206414,58.342782640459,55.72928878254656,54.92239974975586,52.96766649881999,45.63279991149902,38.57819993972778,33.416299982070925,40.59999847412109,65.43000030517578,29.399999618530277,65.43000030517578,27.299999237060547,65.43000030517578,27.299999237060547,65.43000030517578,26.0,65.43000030517578,18.850000381469727,65.43000030517578,1441370.8,1392228.64,956198.9365079365,92436548.9587448,0.0588956633507462,4.305714470999582,0.0689134843557245,5.357305297915831,0.6804910833986572,8.225328252407587,7.557480918144652,60.27999877929688,57.5099983215332,584000.0,False,False,False,0.0460947677531329,0.1880601806351971,0.2980153500048874,0.6310419266393928,0.8415810207725651,0.369190574836763,0.9549136367235184,True,False,0.2078097833970185,1.1509396953774782,1.1280653352645889,1.9500311900798528,1.367563508422979,2.05887507715846,2.215645834323165,2.4984086002251624,1.5073963638402736,85.0,90.0,90.0,97.0,97.0,96.0,96.0,93.0,95.0,95.0,93.0,92.3076923076923,58.0,False,NR7; volDry=0.84; 50SMA=+36.9%; 252H=0.95x; prior=3.5x,VECO
2026-05-26,12.890000343322754,13.470000267028809,12.859999656677246,13.300000190734863,14415483.0,-0.0679681551387462,13.46781219534168,13.272289048324623,12.92439998626709,12.77966667811076,13.682000007629394,11.58027898311615,10.869320600032806,10.949999809265137,14.949999809265137,10.485572727580363,17.6200008392334,7.669446880780381,17.6200008392334,5.712140235130581,17.6200008392334,5.712140235130581,17.6200008392334,5.712140235130581,19.395523715930075,23441504.575,27590849.66,13759596.757936507,271187127.1950357,0.0639909964963083,0.9899999754769462,0.0768037198687728,-0.7536906997185007,-0.9494945491594008,2.6421128869127504,5.566931436962246,14.029999732971191,13.210000038146973,11161900.0,False,False,True,0.0473235526845857,0.2203258399491867,0.294026366245701,0.7493404171960314,0.8040451299389234,-0.057886249368879,0.6645863515784234,True,False,0.0831933408847245,1.0321908556547756,0.3805065697966461,1.265013260919877,0.8102819186505588,1.5742531559049346,0.1815524712591931,0.9180118109719024,1.7036476422522329,89.0,78.0,78.0,89.0,89.0,92.0,92.0,70.0,62.0,86.0,93.0,38.46153846153847,79.0,False,NR7; volDry=0.80; 50SMA=-5.8%; 252H=0.66x; prior=3.4x; blind=1m/RS,VG
2026-05-26,53.790000915527344,54.505001068115234,49.4900016784668,51.0,8585208.0,0.0864472377114311,50.84205615901613,49.83490681894882,50.058000030517576,48.71366653442383,43.53979984283447,34.0556999206543,24.25044994831085,37.65999984741211,60.43000030517578,26.8700008392334,60.43000030517578,18.06999969482422,60.43000030517578,16.690000534057617,60.43000030517578,13.010000228881836,60.43000030517578,8.869999885559082,60.43000030517578,6574250.2,6629258.16,4199222.650793651,374429664.99548113,0.0781817022338047,3.668213980538504,0.068195090502027,3.4521753446773964,1.1667810593115464,11.419328013300095,12.17331828027694,50.459999084472656,48.27000045776367,4585800.0,False,False,False,0.0932329299923989,0.1948317412876472,0.3392823887223963,0.5742465502595249,0.9456519340016168,0.2354214100591414,0.8901208115817314,False,False,0.126492165770206,1.0734509423082697,0.8465500331346998,1.6920674844825416,2.378768885536918,2.9382371476675138,4.91749175055993,4.597618345762947,1.56558743051109,87.0,84.0,84.0,96.0,96.0,98.0,98.0,90.0,94.0,97.0,97.0,69.23076923076923,52.0,False,volDry=0.95; 50SMA=+23.5%; 252H=0.89x; prior=6.8x; blind=RS,VIAV
2026-05-26,51.900001525878906,53.18999862670898,51.369998931884766,52.5,561217.0,-0.010863344417063,52.77455487879932,51.86662658788635,51.02840026855469,50.97766698201497,48.31420028686524,43.14029434204102,39.36747615814209,46.86100006103516,56.47999954223633,38.70000076293945,56.47999954223633,34.91806241148244,56.47999954223633,31.36859061293978,56.47999954223633,31.36859061293978,56.47999954223633,31.36859061293978,56.47999954223633,1333917.925,1311914.34,1055296.892857143,69276816.10507163,0.0340305235836084,1.628713880266462,0.0313817694100516,2.3650154960866283,-0.3499692006867193,6.819528032890602,8.606835529904384,53.41999816894531,52.400001525878906,685900.0,False,False,True,0.035067430468508,0.1142581913455032,0.1730250342624485,0.6603564150849619,0.8889084176029358,0.0742183709493895,0.918909382905847,False,False,0.0694416408685278,1.0190866585824117,0.2778493941350102,1.1709443941851971,0.5589692149599363,1.35570718644683,0.2973717332375176,1.0079980392778198,1.2640214654555744,77.0,76.0,76.0,85.0,85.0,87.0,87.0,52.0,75.0,80.0,83.0,42.30769230769231,57.0,False,volDry=0.89; 50SMA=+7.4%; 252H=0.92x; prior=1.8x; blind=1m/RS,VIRT
2026-05-26,12.670000076293944,12.734999656677246,12.289999961853027,12.34000015258789,5639312.0,0.0300812910424008,11.851583257711882,11.45555033406677,11.253975028991698,10.925819365183512,10.119214000701904,9.526947259902954,8.84997978925705,8.95419964185697,13.220000267028809,8.110016441764346,13.220000267028809,7.992903533106121,13.220000267028809,7.992903533106121,13.220000267028809,7.331707559931098,13.220000267028809,2.5471890202784744,13.220000267028809,7733577.8,6965204.24,5723987.746031746,122273109.97643928,0.0463517870703662,0.4500714029584612,0.0355226045973402,7.096144579547485,0.8220915239825418,3.164221914224017,1.6667711474439018,12.484999656677246,11.9399995803833,5015400.0,False,False,False,0.035122311929329,0.1404893229875853,0.2959747417063078,0.4746665954589843,1.0120824827385104,0.2520735380648249,0.9583963555502654,False,False,0.3383947795034097,1.275376057547725,0.4465101491754033,1.3254949746683344,0.5669799810907361,1.3626734902764723,3.729482483051121,3.6745899017067183,1.3510821726271929,81.0,94.0,94.0,91.0,91.0,87.0,87.0,89.0,86.0,84.0,80.0,88.46153846153845,37.0,False,volDry=1.01; 50SMA=+25.2%; 252H=0.96x; prior=5.2x,VISN
2026-05-26,74.30999755859375,75.80000305175781,73.33999633789062,74.9000015258789,542408.0,-0.014587005040398,74.08329643098774,72.5627117565655,71.8052001953125,70.74633356730143,70.53420028686523,62.74520011901856,52.697700004577634,61.5099983215332,81.44000244140625,57.79999923706055,81.44000244140625,47.77999877929688,81.44000244140625,43.709999084472656,81.44000244140625,34.599998474121094,81.44000244140625,31.6299991607666,81.44000244140625,1433150.2,1624540.16,1280512.3333333333,94235305.13716888,0.0419700357388941,3.434215273175921,0.0462147138474607,1.1583202619305837,-0.3203078479405726,4.428443792321946,5.933645321797902,77.58000183105469,74.44999694824219,643800.0,False,True,True,0.0331046534072008,0.1889382502597546,0.2377876808528987,0.7945670254323917,0.7386156584765501,0.0535314394488377,0.9124508267550416,False,False,0.0482437325206792,0.9988868601440404,0.2923477836277173,1.1842298470555572,0.4885817364637081,1.2944969909423212,0.5054699481306284,1.1696807607488815,1.1192006220426876,66.0,71.0,71.0,86.0,86.0,85.0,85.0,75.0,69.0,82.0,84.0,46.15384615384615,81.0,False,tight; volDry=0.74; 50SMA=+5.4%; 252H=0.91x; prior=2.6x; blind=1m/RS,VIST
2026-05-26,241.4499969482422,248.38999938964844,241.2209014892578,243.25999450683597,2697207.0,-0.0223113444113605,246.85818618759097,245.32937015778649,243.9854302978516,241.8796615600586,241.48339935302732,218.36904556274413,189.7408939361572,213.69470972758683,262.50281085325173,206.50885675608816,262.50281085325173,174.5975613369957,262.50281085325173,158.17648682929646,262.50281085325173,153.60711426814427,262.50281085325173,121.97904827260857,262.50281085325173,3167025.175,3602222.14,3140455.583333333,769565482.6923134,0.0343022550383849,9.337327080056893,0.0386718873393005,-0.0035768035348836,-0.5901056821061288,5.951155902351573,7.602554550621209,247.4199981689453,241.44000244140625,2532800.0,False,False,True,0.0296918533485316,0.0965386150312783,0.1504551475687964,0.6416438160557818,0.8284999047837733,-0.0001383217433358,0.9197996629575949,False,False,0.0286078477461937,0.980175536927854,0.2170629447220744,1.1152433448211756,0.4288775327576888,1.2425771600382736,0.923770333655468,1.4946808803260212,1.008460425871862,54.0,65.0,65.0,82.0,82.0,83.0,83.0,59.0,51.0,73.0,77.0,15.384615384615383,62.0,False,volDry=0.83; 50SMA=-0.0%; 252H=0.92x; prior=2.2x; blind=1m/RS,VLO
2026-05-26,323.9100036621094,343.3099975585937,323.260009765625,341.0599975585937,6431474.0,-0.0108409817553414,334.40653860093346,332.9050511308296,334.7652014160156,329.8893351236979,304.3255416870117,258.0257752990723,208.5927408218384,292.6700134277344,379.93499755859375,231.6999969482422,379.93499755859375,169.96554093133545,379.93499755859375,147.78484097031065,379.93499755859375,147.78484097031065,379.93499755859375,100.87529866654828,379.93499755859375,5626216.85,7457359.48,7079965.373015873,1947230519.9336884,0.0524616641046367,20.341788155691965,0.0628007407172016,1.0247276981220967,-0.1745169975126009,5.435215089116269,7.203586482822102,334.8900146484375,324.0,4790300.0,False,False,True,0.0618998720826298,0.2027878015990943,0.2656756250280882,0.7632909551926521,0.7922774027248584,0.0643536584755006,0.8525405812665516,False,False,0.0013912453438427,0.9542404364602376,0.2798226749601633,1.1727525901517728,1.0306246210114187,1.7658670647654822,2.112383988082845,2.4181789051610463,0.7946672834648885,28.0,49.0,49.0,86.0,86.0,94.0,94.0,52.0,79.0,91.0,92.0,15.384615384615383,69.0,False,volDry=0.79; 50SMA=+6.4%; 252H=0.85x; prior=3.8x; blind=1m/RS,VRT
2026-05-26,81.4000015258789,83.25,76.5,78.98999786376953,2579980.0,0.0917382536380835,73.30253213975388,69.82388938740414,67.72560043334961,66.60666694641114,60.07160011291504,52.06079998016357,42.566300010681154,56.27999877929688,83.25,41.66999816894531,83.25,36.709999084472656,83.25,32.060001373291016,83.25,29.1299991607666,83.25,8.609999656677246,83.25,1702732.0,1786503.6,2667000.714285714,130588224.75161745,0.0562804186891132,4.930000305175781,0.060565113178879,5.862280196973074,1.387424653930376,6.345514067795905,5.5868596403721655,77.25,72.0999984741211,2293600.0,False,False,False,0.0829238313693891,0.1971744809692067,0.327149884139117,0.6027038080360756,1.2158318628633045,0.3550496636159754,0.9777777961066536,False,False,0.3131150076118563,1.2512865913420084,0.69866453748386,1.5565541032433794,1.672357320173838,2.323929163544496,7.0753970378951205,6.274211293532137,0.6384445234226463,18.0,94.0,94.0,95.0,95.0,97.0,97.0,91.0,93.0,94.0,95.0,100.0,37.0,False,volDry=1.22; 50SMA=+35.5%; 252H=0.98x; prior=9.7x,VSAT
2026-05-26,50.369998931884766,50.7400016784668,48.47999954223633,49.7599983215332,9655794.0,0.0660317234261325,41.186459264391885,36.8067115149398,33.9768000793457,32.49366671244304,26.933199958801268,22.552159938812256,18.76086884021759,22.700000762939453,50.7400016784668,15.520799111449325,50.7400016784668,15.520799111449325,50.7400016784668,13.593866809761035,50.7400016784668,11.619449773229242,50.7400016784668,11.619449773229242,50.7400016784668,4230637.35,3721463.88,2175400.76984127,213740055.5138668,0.0603949686381488,2.875713893345424,0.0570917997682359,15.241812176028452,1.084947615652806,19.77050583671743,15.42702569750504,47.93999862670898,43.209999084472656,9100900.0,False,False,False,0.0448680203326322,0.3641056291740056,0.4862021480600897,0.7488770475958608,1.9799760625380567,0.8701824888588772,0.9927078688541106,True,False,0.7868037594050588,1.702671565356081,1.5833492621890963,2.367226021052672,3.3166358454850684,3.7538228342427447,2.637983753295187,2.826545697195915,1.944762274911161,91.0,98.0,98.0,98.0,98.0,99.0,99.0,98.0,98.0,98.0,98.0,100.0,42.0,False,NR7; volDry=1.98; 50SMA=+87.0%; 252H=0.99x; prior=4.4x,VSH
2026-05-26,524.6500244140625,536.1199951171875,500.5000915527344,504.989990234375,7523169.0,0.0833609187588266,482.4603493346647,461.4043572177754,452.9819982910156,438.80299784342446,384.4185983276368,318.34371063232425,223.56796501159667,341.5,536.1199951171875,238.0,536.1199951171875,216.72626848983745,536.1199951171875,151.2259702215908,536.1199951171875,117.07978199949768,536.1199951171875,48.78940377756894,536.1199951171875,7595574.225,8031371.38,8432745.511904761,3744334083.638318,0.0624401787613539,31.632862636021205,0.0602932643934388,6.050233859319912,1.2762052584136083,10.528861658748465,10.364079233971124,489.989990234375,478.5499877929688,4481900.0,False,False,False,0.0678926939996505,0.194644030048863,0.308967880606794,0.6299814390628373,0.7888188206283645,0.3647883497221111,0.9786055905252744,False,False,0.298638674292234,1.2374918805439157,0.9399826017228784,1.777683475635168,2.746154014610708,3.2577217499929243,9.572124457773914,8.214053421561795,0.900723757675018,40.0,93.0,93.0,96.0,96.0,99.0,99.0,93.0,95.0,95.0,97.0,100.0,53.0,False,volDry=0.79; 50SMA=+36.5%; 252H=0.98x; prior=11.0x,WDC
2026-05-26,40.7599983215332,41.15999984741211,39.959999084472656,40.369998931884766,1664573.0,0.0243779186651724,38.49648245963682,36.997133338178784,36.19920013427734,35.5380002339681,33.01834487915039,33.13336542129517,30.21372490882873,30.690000534057617,41.15999984741211,26.50483295310648,41.15999984741211,26.50483295310648,41.15999984741211,25.33302185332964,41.15999984741211,22.85522246277249,41.15999984741211,22.85522246277249,41.15999984741211,1100526.825,1084561.46,1063772.115079365,48104665.46777668,0.0414498729969912,1.5350003923688615,0.0376594812458059,6.225927989872115,0.631919972677615,3.57441753518418,3.6856203771665568,40.11000061035156,39.29999923706055,803700.0,False,False,False,0.0294406479969235,0.192345448366863,0.192345448366863,1.0,1.147613432621882,0.2344652183723272,0.9902817899086056,False,False,0.2048476534256949,1.1481170381894603,0.2337885673350186,1.130569700280413,0.7764664259137921,1.5448466056815209,0.5877696880114796,1.233623865340775,1.0345513004144622,57.0,90.0,90.0,83.0,83.0,91.0,91.0,85.0,85.0,82.0,81.0,100.0,20.0,False,volDry=1.15; 50SMA=+23.4%; 252H=0.99x; prior=1.8x,WERN
2026-05-26,73.5,80.69999694824219,70.80000305175781,77.77999877929688,10972018.0,0.0516526061221607,62.56983125204701,53.60800583595043,46.17959991455078,42.66066659291585,32.89239990234375,25.60829993247986,24.620424218611284,21.5,80.81999969482422,14.579999923706056,80.81999969482422,13.484999656677246,80.81999969482422,13.484999656677246,80.81999969482422,13.484999656677246,80.81999969482422,8.050000190734863,80.81999969482422,6917212.95,5825352.36,3678370.412121212,569775163.0461143,0.1727389837654815,10.668999808175224,0.1451564599751731,8.50502106415779,0.3383635462796957,7.386284001350411,4.929565215353404,80.81999969482422,68.2699966430664,10921700.0,True,False,False,0.1346937945099915,0.484625835807956,0.7583673438247369,0.6390383759983682,2.212355751815844,1.2345587496874244,0.909428362750996,False,False,1.3535062784934255,2.2426907253721224,2.6476427489560934,3.3424806150740727,3.238754287959482,3.6860956551452255,0.0,0.0,1.880510164828952,91.0,99.0,99.0,99.0,99.0,99.0,99.0,99.0,99.0,99.0,99.0,100.0,59.0,False,inside; volDry=2.21; 50SMA=+123.5%; 252H=0.91x; prior=10.0x,WOLF
2026-05-26,19.239999771118164,19.565000534057617,19.229999542236328,19.270000457763672,1152142.0,0.0083857362710635,19.06233187826909,18.57021894834988,18.19194519042969,18.041329193115235,16.678800849914552,16.164094076156616,14.391763753890991,15.974359359842415,19.850000381469727,13.17884561296436,19.850000381469727,13.17884561296436,19.850000381469727,10.862427849514436,19.850000381469727,10.653152059516549,19.850000381469727,9.16456307920164,19.850000381469727,3249023.55,3346018.84,3164662.071428572,52988100.3197424,0.0389175716566569,0.6899667723843402,0.0358610592823433,4.282085881893679,0.2318950039567743,5.491525623089542,8.034026096840321,19.520000457763672,19.06999969482422,1968900.0,False,True,True,0.0174116941687375,0.070166340827938,0.2014366459320425,0.3483295728206754,0.7568738614753288,0.1535601356626745,0.969269491252957,True,True,0.1772071625555895,1.1217780081704711,0.1546364245730249,1.0580394331923724,0.7993055569181298,1.5647079177187675,1.0462418189283182,1.589835579522689,1.0266573418163876,56.0,88.0,88.0,78.0,78.0,92.0,92.0,74.0,82.0,78.0,86.0,61.53846153846154,91.0,True,tight; NR20; volDry=0.76; 50SMA=+15.4%; 252H=0.97x; prior=2.2x; blind=RS,WT
2026-05-26,25.18000030517578,25.924999237060547,24.200000762939453,24.45499992370605,43696311.0,0.1034180824676711,22.949924254831988,22.33634313658477,22.22919998168945,21.89333330790202,19.5982000541687,17.097700033187866,14.544400029182434,18.25,25.924999237060547,13.020000457763672,25.924999237060547,11.739999771118164,25.924999237060547,11.130000114440918,25.924999237060547,10.470000267028809,25.924999237060547,3.400000095367432,25.924999237060547,31268875.275,31085670.22,39782871.86904762,653788510.1416199,0.0709342097946075,1.9389287403651647,0.0770027290256472,3.698724527068248,1.217167274495656,2.7223533578355834,1.6542200601173185,23.239999771118164,21.8799991607666,20766100.0,False,False,False,0.0685066899608622,0.2511913732697894,0.2523828222881336,0.9952791992436636,0.8120533004869536,0.2848118824983514,0.9712632997566392,False,False,0.2583708154501529,1.1991200459832962,0.4339408354773808,1.313977210931069,1.178200639374258,1.8942017789611387,5.15647906253585,4.783300471951141,0.7859883866083638,27.0,92.0,92.0,91.0,91.0,95.0,95.0,88.0,93.0,94.0,93.0,96.15384615384616,48.0,False,volDry=0.81; 50SMA=+28.5%; 252H=0.97x; prior=7.6x,WULF
2026-05-26,17.84000015258789,18.31999969482422,15.949999809265137,15.949999809265137,10413388.0,0.17523055296021,15.407289614338438,16.577275395722673,20.012800025939946,21.02766663233439,16.899999989403618,0.0,0.0,11.619999885559082,42.43999862670898,6.96999979019165,42.43999862670898,6.96999979019165,42.43999862670898,0.0,0.0,0.0,0.0,0.0,0.0,6190222.2,5597799.733333333,0.0,140832625.58231583,0.1663766966764561,2.1835714067731584,0.1223974993327792,0.4544317634682349,1.2181877080644723,2.5414586871080456,2.814481914335631,16.139999389648438,14.600000381469728,8370700.0,False,False,False,0.1328475260811747,0.3755605242129567,1.5033631452777405,0.2498135765750552,1.0897243721807075,0.0556213114658969,0.0,False,False,-0.4235864390042247,0.5492729545856423,0.0,0.0,0.0,0.0,0.0,0.0,0.0,0.0,1.0,1.0,0.0,0.0,0.0,0.0,93.0,97.0,96.0,0.0,57.692307692307686,31.0,False,volDry=1.09; 50SMA=+5.6%; blind=1m/RS,XNDU
2026-05-26,210.75,212.4900054931641,203.0,204.7100067138672,921775.0,0.0385866444988614,205.6537841346307,206.72934438875376,210.32680053710936,211.88900044759117,205.36240020751956,190.79309997558596,162.34709968566895,193.3300018310547,231.4600067138672,177.55999755859375,231.4600067138672,143.10000610351562,231.4600067138672,130.02000427246094,231.4600067138672,121.4800033569336,231.4600067138672,110.77999877929688,231.4600067138672,1281536.875,1324839.5,1405956.25,288071409.0232849,0.0408570983192457,8.137139456612724,0.0386103888807246,0.6794698961344191,0.9622548406358652,4.4001203077013145,5.034578157257466,206.69000244140625,200.2700042724609,1136300.0,False,False,True,0.0450296820553454,0.0909134218842675,0.1640331770601646,0.55423801156349,0.9898614134013968,0.0262345969224955,0.910524470262074,False,False,-0.0578057631400362,0.897830736979191,0.0304111927728263,0.9442068959149548,0.6774116604887841,1.4587068307264783,0.7742886190089213,1.3785404778404524,0.911505514485248,42.0,27.0,27.0,60.0,60.0,90.0,90.0,45.0,54.0,79.0,81.0,42.30769230769231,73.0,False,volDry=0.99; 50SMA=+2.6%; 252H=0.91x; prior=2.1x; blind=1m/RS,XPO
2026-05-26,62.36000061035156,62.72999954223633,59.40560150146485,60.59999847412109,1247385.0,0.0382950247164557,59.86393623155788,58.16716781005874,57.44360000610352,56.58299992879232,53.92979988098145,45.46828470230103,39.86005101203919,47.88999938964844,62.72999954223633,43.630001068115234,62.72999954223633,30.745453759643013,62.72999954223633,30.745453759643013,62.72999954223633,29.894745046069197,62.72999954223633,23.42251285558866,62.72999954223633,1531094.625,1669023.7,1634635.6547619049,89267182.23104477,0.0570202010234877,3.531742368425642,0.0566347391574493,2.76010880329794,0.6512364145309462,3.9223399067474354,4.059009219475299,62.20000076293945,59.310001373291016,1265300.0,False,False,False,0.0533097820435178,0.1361449291320279,0.1719050852434347,0.7919773224813749,0.761839691072092,0.1563180421209584,0.9941017227070814,False,False,0.1377485686533786,1.0841773340658916,0.877374237068727,1.7203129326295843,0.855778030906589,1.6138173793347583,1.500118335539332,1.942476713206453,0.9366580378567686,45.0,85.0,85.0,96.0,96.0,92.0,92.0,83.0,81.0,92.0,91.0,96.15384615384616,48.0,False,volDry=0.76; 50SMA=+15.6%; 252H=0.99x; prior=2.7x,YOU
