date,close,high,low,open,volume,price_chg_pct0,ema10,ema20,sma25,sma30,sma50,sma100,sma200,min30,max30,min60,max60,min90,max90,min120,max120,min150,max150,min252,max252,vol_sma40,vol_sma50,vol_sma252,avg_dollar_vol,price_up_down,highest_volume,days_since_highest_volume,days_since_vol_max,up_dollar_vol_max,days_since_up_vol_max,adr_pct,atr14,atr_pct,atr_multi_50sma,vars_norm_change,vars,vars_20ema,previous_session_high,previous_session_low,previous_session_volume,inside_day,tight_day,close_to_ma,range_pct,range10_pct,range20_pct,range_contraction_10_20,vol_dry_10_50,dist_sma50_pct,close_vs_252h,nr7,nr20,perf_1mo,rela_perf_1mo,perf_3mo,rela_perf_3mo,perf_6mo,rela_perf_6mo,perf_12mo,rela_perf_12mo,vol_ratio,vol_ratio_rank,perf_1mo_rank,rela_perf_1mo_rank,perf_3mo_rank,rela_perf_3mo_rank,perf_6mo_rank,rela_perf_6mo_rank,c0_c30_rank,c0_c60_rank,c0_c90_rank,c0_c120_rank,rs_sts_pct,ticker
2025-12-24,41.0,41.470001220703125,39.96900177001953,40.72999954223633,2370000.0,0.0088582828680665,34.522451230478744,31.72580676140753,28.73619995117188,27.574666595458982,29.34529998779297,27.650500030517577,23.38745005130768,18.5,41.959999084472656,18.5,41.959999084472656,18.5,41.959999084472656,18.5,41.959999084472656,15.0600004196167,41.959999084472656,9.711000442504885,41.959999084472656,5541595.0,5440650.0,5007871.296296297,172814031.8546486,1,False,195,195,433973148.3535767,13,0.1006531252320874,3.5753571646554128,0.0872038332842783,4.55435594607538,0.1006894119307542,-0.3718673813623852,-3.86274369869492,41.959999084472656,37.2599983215332,9343200.0,True,True,False,0.0366097426995998,0.3697560938393197,0.4595121523229087,0.8046709797992121,1.110587889314696,0.3971572966388192,0.977121089003362,True,True,0.8246551514415337,1.764922686300863,0.556567948461905,1.4830672145535266,0.4764133714134531,1.3079369488693933,0.0,0.0,1.106576960973105,63.0,99.0,99.0,95.0,95.0,86.0,86.0,99.0,97.0,95.0,93.0,100.0,AAOI
2025-12-24,3.9700000286102295,4.139999866485596,3.869999885559082,4.110000133514404,3636500.0,-0.0293398825185208,3.987030823892858,3.9937192265986377,3.873200035095215,3.850166686375936,4.401100001335144,3.9876000118255615,2.7391950044035918,3.2300000190734863,4.460000038146973,3.2300000190734863,11.489999771118164,2.220000028610229,11.489999771118164,1.5499999523162842,11.489999771118164,1.2000000476837158,11.489999771118164,0.8600000143051147,11.489999771118164,6842002.5,10776584.0,6188397.222222222,22144050.147075653,-1,False,69,69,499595213.6358261,71,0.0950539496830464,0.3797856909888131,0.0956639013228833,-1.023926234970095,-0.3159679967542427,2.284752306867853,3.761197527963717,4.315000057220459,4.019999980926514,4353100.0,False,False,True,0.0680100702722241,0.2141058279409396,0.2745592304112564,0.7798165358354011,0.5656105868056148,-0.0979527783040906,0.3455178509741505,True,False,0.1278409233301385,1.0909195803663372,-0.0852534817900949,0.8715524254014295,1.9407407099981533,2.605167025796249,0.0,0.0,1.1056178610239682,62.0,82.0,82.0,33.0,33.0,98.0,98.0,78.0,69.0,91.0,95.0,50.0,ABAT
2025-12-24,145.30999755859375,148.8300018310547,140.6699981689453,140.6699981689453,1010200.0,0.0503071279221378,127.84649810333748,122.77051335115816,121.80580047607424,119.57716725667318,110.79700042724608,95.90520011901856,54.23988505601883,100.5,148.8300018310547,81.9000015258789,148.8300018310547,67.1500015258789,148.8300018310547,7.699999809265137,148.8300018310547,5.590000152587891,148.8300018310547,4.769999980926514,148.8300018310547,1620260.0,1477700.0,985064.8148148148,227572828.88252255,1,False,154,154,1909268297.5318909,154,0.0588468975930971,9.548928397042411,0.065714187306293,4.740187612480243,0.728876703823001,6.412360045485238,10.865467459031525,142.49000549316406,137.39999389648438,1359300.0,False,False,False,0.0561558309765919,0.2773725206961309,0.2874888323429629,0.9648114621900736,1.3539893077079246,0.3114975766334966,0.9763488259816278,False,False,0.1559143951703523,1.118074030507164,0.7720731409584605,1.6883963078793296,19.23816170371928,17.92874541914136,0.0,0.0,1.6448257775856072,90.0,86.0,86.0,97.0,97.0,99.0,99.0,93.0,95.0,95.0,99.0,100.0,ABVX
2025-12-24,40.09999847412109,40.970001220703125,39.79499816894531,40.20000076293945,514500.0,0.005516484456209,38.81689046368154,37.51477483793796,35.796399993896486,35.17033335367839,36.34560012817383,34.14735004425049,29.52640003204346,28.459999084472656,41.91999816894531,28.459999084472656,45.119998931884766,24.13999938964844,45.119998931884766,23.030000686645508,45.119998931884766,21.87299919128418,45.119998931884766,16.81999969482422,45.119998931884766,1322615.0,1250968.0,1499336.5740740742,44072229.7895813,1,False,90,90,179077178.70903015,92,0.0495101698591278,2.0835718427385603,0.0519593995516786,1.9880366294982017,0.1055866668445201,-2.134102899066164,-1.7515541413435372,40.810001373291016,39.27999877929688,886900.0,False,True,False,0.0293018228545846,0.1289276400417276,0.2423939594979972,0.5318929576823589,1.0272924647153243,0.1032971895554695,0.8887411219724961,True,False,0.2527335387939002,1.2117236732434489,0.0563751169984563,1.0064933585704618,0.5126366702341016,1.3400267360894225,0.0,0.0,0.8821334868168544,32.0,93.0,93.0,67.0,67.0,87.0,87.0,91.0,86.0,89.0,87.0,88.46153846153845,ACMR
2025-12-24,26.3510856628418,26.54884316048869,25.91602029959179,26.341197599363927,2612600.0,0.0018796722582565,26.019985561094277,24.39658225550159,23.11618064880371,22.16622320810954,19.77962892532349,17.537399311065673,14.02141674041748,16.769770337810392,27.834259887815413,13.902298263451586,27.834259887815413,11.816536242073148,27.834259887815413,9.355835075546167,27.834259887815413,8.978114761954862,27.834259887815413,8.978114761954862,27.834259887815413,8275122.5,7693500.0,9770833.796296297,256727975.9072876,1,False,111,111,1945935405.4458616,111,0.0442244042841468,1.1222694863715343,0.0425891176071758,7.80090288291671,0.0440522326971055,5.603852745980895,8.010044947459777,27.25087864706305,25.98523669935138,7332800.0,False,True,True,0.0240150583924235,0.1485928072880189,0.320825426243895,0.4631578270702806,1.0472112822512512,0.3322335703226968,0.9467140771498336,True,False,0.3952879448960782,1.349611375017184,0.5096469262579009,1.438361790821233,1.828251608215253,2.505514275817338,0.0,0.0,0.8469208127495469,28.0,96.0,96.0,95.0,95.0,97.0,97.0,95.0,96.0,95.0,96.0,73.07692307692307,AEO
2025-12-24,13.489999771118164,13.888999938964844,13.279999732971191,13.800000190734863,513800.0,-0.0294963927096467,14.036269338630069,13.809780712940574,13.105599975585935,12.610333315531411,13.859700031280518,14.51540002822876,15.374924991130827,8.829999923706055,17.329999923706055,8.829999923706055,20.65999984741211,8.829999923706055,20.65999984741211,8.829999923706055,34.47700119018555,8.829999923706055,38.79999923706055,2.5199999809265137,38.79999923706055,2118085.0,2079978.0,2183335.6481481483,28883106.47343636,-1,False,176,176,201723840.68984985,180,0.0913682342708044,1.3079285621643066,0.0969554176690615,-0.2751210648703439,-0.3134726614836352,-7.722356958562262,-9.497329828821131,14.68000030517578,13.739999771118164,1257900.0,False,False,True,0.0451445675557022,0.3335804356078949,0.5270570628103065,0.6329114229666515,0.8217442684489932,-0.0266744777540611,0.3476804133086925,True,False,0.27144205538484,1.2298197421539492,-0.1662546652237775,0.7943760967938442,-0.5980333963319118,0.3560974069516215,0.0,0.0,0.9701142386405442,45.0,94.0,94.0,23.0,23.0,5.0,5.0,94.0,90.0,85.0,81.0,46.15384615384615,AEVA
2025-12-24,17.190013885498047,17.269922814019495,16.760514825497538,17.1700385585014,8805500.0,-0.0097813085099965,16.577974054865532,15.73363232381856,15.037317085266114,14.530439694722494,13.796959171295166,12.089044818878174,9.625471231937407,10.707551084395815,17.88920125968046,10.178165915434564,17.88920125968046,8.330314973320116,17.88920125968046,7.73101147855844,17.88920125968046,5.713357122135745,17.88920125968046,5.079597452668729,17.88920125968046,18051472.5,18501278.0,21244709.722222224,328592045.1933193,-1,False,202,202,499277173.8238335,69,0.0615960272067162,1.0109675705755092,0.0588113294910359,4.181638508992442,-0.1679596032338312,5.430116259262896,4.279435345703538,17.829271001216853,16.76051390751703,20799100.0,True,True,False,0.0296339486352426,0.1295758023005266,0.3184195024264228,0.4069342528115649,1.1462375734260086,0.2459277201647589,0.9609156739849378,True,True,0.4270313800604886,1.3803156474483484,0.4747215236342368,1.4050855566308655,1.053699374560065,1.8193477151222963,0.0,0.0,0.8496925934044626,28.0,97.0,97.0,94.0,94.0,94.0,94.0,95.0,94.0,94.0,93.0,92.3076923076923,AG
2025-12-24,1.9700000286102293,1.9900000095367432,1.9299999475479128,1.9800000190734863,3946800.0,0.0,2.0039261536569577,1.9647081472349617,1.8971618700027464,1.8213044285774231,1.82947957277298,1.985270880460739,2.3091566902399063,1.2354544852755536,2.470000028610229,1.2354544852755536,2.470000028610229,1.2354544852755536,2.7095019647985668,1.2354544852755536,3.160102809234465,1.2354544852755536,3.170480789901441,1.2354544852755536,3.170480789901441,14532157.5,12845230.0,9543718.51851852,31229796.931623816,-1,False,8,8,60075865.85741043,259,0.0495559180973217,0.0932143415723528,0.0473169239688349,1.62328763850728,0.0,-17.280529957313796,-18.75226149779128,1.9800000190734863,1.8899999856948853,15194700.0,False,True,True,0.0304568838159655,0.1472081608378972,0.503900562552156,0.2921373218801687,1.1722709519409151,0.0768089777707985,0.621356872713135,True,False,0.4148866737586982,1.3685685139401034,-0.0183358571595917,0.9353102171916076,-0.3268633747833001,0.5963236860387516,0.0,0.0,1.5226934314755798,87.0,97.0,97.0,46.0,46.0,13.0,13.0,95.0,92.0,87.0,83.0,38.46153846153847,ALIT
2025-12-24,9.4399995803833,9.515000343322754,8.850000381469727,8.949999809265137,1745700.0,0.0678732372668298,8.293827011219186,7.745690147500273,7.178800010681153,7.078000005086263,7.200599994659424,6.211399998664856,5.280872502326965,5.434999942779541,9.515000343322754,5.434999942779541,10.68000030517578,3.9700000286102295,10.68000030517578,3.1600000858306885,10.68000030517578,3.1600000858306885,10.68000030517578,2.2950000762939453,10.68000030517578,2460900.0,2790112.0,1114058.0462962964,23106416.694693565,1,False,15,15,89200764.34164047,71,0.0774296569531309,0.6507143633706229,0.0689316093533344,4.51174441697692,0.9220626769132382,6.394239454556628,4.904144553781212,8.850000381469727,8.569999694824219,1582400.0,False,False,False,0.0704449143445857,0.3299788544936398,0.3575212528452379,0.922962906030315,1.1216467295936507,0.3110018036531408,0.8838950665393196,False,False,0.5785952425207335,1.5269178692808618,0.6707963577068572,1.591901788006738,0.4773082594092697,1.308729719442656,0.0,0.0,2.208951327250228,95.0,98.0,98.0,96.0,96.0,86.0,86.0,97.0,95.0,96.0,97.0,100.0,ALM
2025-12-24,9.350000381469728,12.470000267028809,5.929999828338623,6.005000114440918,26505500.0,0.4794303999222573,8.411470753188544,8.27531125248956,8.036319999694824,7.877099990844727,8.251619987487793,10.59912998199463,11.163949966430664,2.5,15.09000015258789,2.5,15.970000267028809,2.5,42.0,2.5,42.0,2.5,42.0,2.5,42.0,5957040.0,4860538.0,1136877.3148148148,120511234.44403648,1,False,9,9,1138447075.356102,8,0.3994722318977732,3.94799998828343,0.4222459708245321,0.315244877903665,0.7674772590680219,10.701042010175286,12.731373478433206,6.800000190734863,5.809999942779541,575900.0,False,False,True,0.6994652590230336,1.3465240255539828,1.3465240255539828,1.0,4.584869000098343,0.1331108795178941,0.2226190567016601,False,False,0.2533512511606126,1.2123211639905402,-0.2996254596031429,0.6673030366563494,-0.2062817832414808,0.7031454759146012,0.0,0.0,5.2398266043072015,99.0,93.0,93.0,14.0,14.0,19.0,19.0,99.0,99.0,99.0,98.0,80.76923076923077,AMCI
2025-12-24,33.34000015258789,33.93466567993164,33.19533157348633,33.33333206176758,277500.0,-0.0005995340946566,31.82784802466116,30.250543601730232,29.39760009765625,28.31911112467448,26.44626667022705,21.015133380889893,17.700616722106933,21.933332443237305,34.28666687011719,19.65333366394043,34.28666687011719,11.404000282287598,34.28666687011719,11.404000282287598,34.28666687011719,11.404000282287598,34.28666687011719,9.326666831970217,34.28666687011719,887216.25,806412.0,930401.3888888888,20289263.16133976,-1,False,85,85,114772949.14569856,85,0.0503980578131937,1.5293810708182198,0.0458722574630674,5.6825073122353205,-0.0130774848370338,2.0589282148837817,0.0421987173087862,34.18000030517578,32.75666809082031,610500.0,True,True,False,0.0221755879742527,0.150569899063843,0.2283543677539774,0.6593694727401178,0.8276290531390902,0.260669438462622,0.9723896545232756,True,True,0.1921334760275608,1.1531074325345831,1.2690563738375795,2.1619121216889057,1.1390076545822714,1.8949213001669247,0.0,0.0,0.9535843998035496,43.0,89.0,89.0,98.0,98.0,95.0,95.0,94.0,94.0,98.0,97.0,92.3076923076923,ANAB
2025-12-24,126.73999786376952,128.33999633789062,122.77999877929688,124.0,1095700.0,0.0236652965265518,118.12542541364152,108.91072671604908,101.63359954833984,96.41799952189128,86.08120010375977,88.34880020141601,84.30249992370605,65.44999694824219,128.33999633789062,65.44999694824219,128.33999633789062,65.44999694824219,128.33999633789062,65.44999694824219,128.33999633789062,65.44999694824219,128.33999633789062,65.4000015258789,128.33999633789062,2229492.5,2178124.0,2351128.2407407407,252171269.815712,1,False,210,210,1804327980.895996,210,0.0470319744996552,5.061428070068359,0.0399355227661341,11.827333580501794,0.5788880657028104,-6.122619653378508,-7.166802439126991,126.12999725341795,123.01000213623048,1732600.0,False,False,False,0.0438693202801698,0.1578822379999115,0.3020356590225237,0.5227271458968286,0.9939700402731892,0.4723307494667921,0.9875331266964614,False,False,0.9317176754266518,1.8684803789885376,0.4425221600651476,1.3744066386395293,0.5870272588921233,1.405928468922431,0.0,0.0,0.9482649484477212,42.0,99.0,99.0,94.0,94.0,89.0,89.0,98.0,96.0,93.0,90.0,100.0,ANF
2025-12-24,78.08999633789062,78.73999786376953,76.76000213623047,77.77999877929688,465200.0,0.0102198351221778,76.80830457483461,74.34974478747252,73.45399948120117,71.88866628011068,65.37109977722167,52.21574996948242,45.41150002479553,61.150001525878906,80.98999786376953,38.880001068115234,80.98999786376953,35.38999938964844,80.98999786376953,34.34000015258789,80.98999786376953,34.34000015258789,80.98999786376953,26.200000762939453,80.98999786376953,841445.0,826120.0,781692.1296296297,71765033.78055573,1,False,170,170,216543412.27416992,76,0.0446349492897915,3.162855965750558,0.0405027034713265,4.803741527298327,0.2497721346426674,5.9290805725673845,4.480871125631523,80.44000244140625,77.0,1193600.0,False,True,True,0.0253553056779736,0.0952746210899961,0.1704443358020175,0.5589779246208804,1.2780467728659275,0.1945645186330613,0.9641930904757288,True,False,0.1509211215041546,1.1132442181640378,1.0812898556810169,1.9830118897112183,0.7824696162985874,1.579068515995648,0.0,0.0,1.0764404144617417,59.0,85.0,85.0,98.0,98.0,92.0,92.0,84.0,97.0,95.0,94.0,80.76923076923077,APGE
2025-12-24,25.71999931335449,26.530000686645508,25.559999465942383,25.979999542236328,7859800.0,-0.0138037044250268,26.412881961926946,26.91068332438007,26.725600051879884,26.234499994913737,29.04690002441406,24.38135005950928,16.23022505044937,19.0049991607666,34.86100006103516,19.0049991607666,40.20000076293945,13.15999984741211,40.20000076293945,9.020000457763672,40.20000076293945,6.675000190734863,40.20000076293945,3.309999942779541,40.20000076293945,26666635.0,27949102.0,36404231.481481485,697652139.2322731,-1,False,205,205,3671875300.321579,75,0.0954966880709826,2.6187144688197543,0.1018162728900249,-1.124923151331309,-0.1374722653569075,0.4131870800789734,4.256764746307032,27.68000030517578,25.93000030517578,17906900.0,False,True,True,0.0377138898366717,0.383359287464366,0.502760501597108,0.7625087616202093,0.9678089120716652,-0.1145354825562553,0.6398009658016193,True,True,0.0811264532809441,1.0457343693947136,0.1385568454902392,1.084794487205378,1.435605898800529,2.157674137613431,0.0,0.0,0.7325147081752045,19.0,71.0,71.0,79.0,79.0,96.0,96.0,89.0,83.0,93.0,97.0,46.15384615384615,APLD
2025-12-24,727.5,734.77001953125,721.5499877929688,727.8499755859375,947400.0,-0.0013041556608022,704.5973265129131,679.646179834159,652.3010009765625,635.7171691894531,625.5273010253907,584.6473498535156,456.56645050048826,489.2999877929688,738.010009765625,489.2999877929688,738.010009765625,385.1900024414063,745.6099853515625,332.32000732421875,745.6099853515625,320.0,745.6099853515625,200.5,745.6099853515625,4188412.5,4134228.0,7011304.62962963,2474022015.090027,-1,False,96,96,47505558007.9834,96,0.0449269118971795,30.291573660714285,0.0416379019391261,3.915153617584109,-0.0313622599364436,4.240424672776936,5.307242604445076,737.0,710.25,2229400.0,True,True,False,0.0181718649323453,0.11547767665378,0.2398763020833333,0.4814051060936523,0.8599767598690735,0.1630187824055822,0.9757111818412364,True,True,0.299571303794047,1.2570281429450687,0.1368786712684746,1.0831955559341362,1.093826376286073,1.854895746060642,0.0,0.0,0.5973799059164902,12.0,95.0,95.0,79.0,79.0,95.0,95.0,94.0,89.0,93.0,93.0,84.61538461538461,APP
2025-12-24,16.31999969482422,16.329999923706055,16.020000457763672,16.200000762939453,1579500.0,-0.0066951070181605,15.774599897750324,14.911438504160422,14.431199951171877,13.924999936421711,12.352199974060058,10.609299964904784,8.311399981975555,10.66100025177002,16.989999771118164,8.75,16.989999771118164,6.695000171661377,16.989999771118164,6.651000022888184,16.989999771118164,6.119999885559082,16.989999771118164,3.569999933242798,16.989999771118164,1611110.0,1559644.0,1436215.740740741,27862696.93628788,-1,False,96,96,100201166.41159058,96,0.0420032159844114,0.6225715364728656,0.0381477664285931,8.420469626717916,-0.1766875032141094,8.835233063516423,8.53090799356808,16.989999771118164,16.200000762939453,1168100.0,False,True,False,0.0189950656702951,0.1397058686033112,0.2316176350278973,0.6031745751418465,1.3810651661533015,0.3212221085390978,0.9605650332360276,True,True,0.275996852501926,1.23422543204943,0.7380190732825052,1.655950264426937,1.3999998878030246,2.126131198293597,0.0,0.0,1.1217743646014184,64.0,94.0,94.0,97.0,97.0,96.0,96.0,94.0,96.0,96.0,95.0,92.3076923076923,ARIS
2025-12-24,10.1899995803833,10.255000114440918,9.859999656677246,9.979999542236328,2197800.0,0.0210420889558393,9.299236902471954,8.822335006954372,8.240399971008301,8.169666655858357,8.427299976348877,8.258799977302552,7.2522749733924865,6.537000179290772,10.46500015258789,6.537000179290772,10.46500015258789,6.537000179290772,10.46500015258789,5.389999866485596,10.46500015258789,5.389999866485596,10.46500015258789,3.759999990463257,10.46500015258789,6798402.5,6655376.0,7056424.537037037,46809733.29586029,1,False,183,183,182102757.2650909,131,0.0631967311844119,0.572357211794172,0.0561685216254584,3.7238901421905983,0.3669038038128044,-0.8986221992574581,-4.66792894493261,10.050000190734863,9.53499984741211,4963900.0,False,False,False,0.0387635401402846,0.2144259577618657,0.3272816658959592,0.6551725321210947,0.8966345402573799,0.2091654039824642,0.97372187594889,False,False,0.4453899722974528,1.3980732472347883,0.2472459590239883,1.188351329050971,0.5676922431358924,1.3887998096971792,0.0,0.0,0.9634344510193856,44.0,97.0,97.0,87.0,87.0,88.0,88.0,95.0,91.0,86.0,89.0,100.0,ARRY
2025-12-24,4.300000190734863,4.460000038146973,4.150000095367432,4.300000190734863,163700.0,0.0070258102909499,4.288549531391577,4.063921137639516,3.7814000129699705,3.751833351453145,3.911300015449524,3.375850007534027,2.939775003194809,2.9600000381469727,7.25,2.7100000381469727,7.360000133514404,2.220000028610229,7.360000133514404,1.590000033378601,7.360000133514404,1.4700000286102295,7.360000133514404,1.4700000286102295,7.360000133514404,1491827.5,3789450.0,1045842.5925925926,16651181.63795352,1,False,68,68,603001352.9644012,68,0.1471788848413555,0.7374999693461827,0.1715116131704508,0.5794287965239222,0.0406782522783638,-4.416866957405308,-2.157039496205229,4.460000038146973,4.130000114440918,284500.0,False,True,True,0.0720930067509049,0.9767441538103612,0.9976743654794752,0.9790209988415858,1.4250089063056643,0.0993787676092308,0.5842391457514295,True,False,0.2990937356705749,1.2565662086367122,0.4285714964647118,1.3611147217479371,1.7388535331696042,2.426317590272516,0.0,0.0,1.4264359766624466,84.0,95.0,95.0,93.0,93.0,97.0,97.0,93.0,92.0,93.0,96.0,76.92307692307693,ARTV
2025-12-24,70.11000061035156,71.2969970703125,68.0,68.47000122070312,678000.0,0.0040097203487736,67.6173124757788,63.49520817957787,60.52140045166016,57.24916699727376,50.05790016174316,38.66250001907349,26.83270000934601,37.060001373291016,72.36000061035156,34.380001068115234,72.36000061035156,19.420000076293945,72.36000061035156,14.300000190734863,72.36000061035156,14.300000190734863,72.36000061035156,9.56999969482422,72.36000061035156,2701422.5,2499936.0,2136471.296296296,207449688.53322983,1,False,28,28,407807708.530426,28,0.0794749972764521,4.272571291242327,0.0609409678226631,6.573215892435433,0.0655340216021206,16.89206039217515,16.12947050559014,70.48999786376953,68.4800033569336,1158400.0,False,False,False,0.0470260596435611,0.1832834428319929,0.3889602085346056,0.4712138640672449,0.8913068174545269,0.4005781381923257,0.968905472899096,False,False,0.5840488763923408,1.5321929713379132,1.214466233362359,2.1098997134566337,3.362787924192207,3.8649416461659896,0.0,0.0,1.2644319185018218,76.0,98.0,98.0,98.0,98.0,99.0,99.0,98.0,97.0,99.0,99.0,92.3076923076923,ARWR
2025-12-24,6.769999980926514,6.860000133514404,6.420000076293945,6.849999904632568,2075400.0,-0.0087847647803462,6.382572313582994,6.005412256235252,5.677199974060058,5.519999980926514,5.302399988174439,4.891199994087219,3.843100001811981,4.119999885559082,6.980000019073486,4.050000190734863,6.980000019073486,3.660000085830689,6.980000019073486,3.0999999046325684,6.980000019073486,2.8499999046325684,6.980000019073486,1.149999976158142,6.980000019073486,4503112.5,4800166.0,4754059.722222222,29812901.28526449,-1,False,131,131,75320702.64816284,70,0.0615101626616645,0.3899999686649867,0.0576070856371868,4.804622939679897,-0.1538460194879694,4.436781256612294,2.6368091406102376,6.980000019073486,6.690000057220459,5145200.0,False,True,False,0.0649926231107968,0.1772525572593738,0.3264401838069904,0.5429863296614715,1.0953079539332595,0.2767803251405321,0.9699140347316436,False,False,0.4590517620109786,1.4112878004515017,0.4104166066481032,1.3438171011092437,0.8805556000750754,1.6659617159838416,0.0,0.0,0.9472141207967576,42.0,97.0,97.0,93.0,93.0,93.0,93.0,96.0,93.0,92.0,93.0,92.3076923076923,ASM
2025-12-24,78.05000305175781,92.9499969482422,77.6500015258789,89.94999694824219,26238200.0,-0.0889459003157734,75.80663813271254,72.23228102227247,67.08679977416992,65.97733306884766,70.06069946289062,61.2867497253418,47.62869978904724,49.310001373291016,92.9499969482422,49.310001373291016,102.79000091552734,36.08000183105469,102.79000091552734,36.08000183105469,102.79000091552734,22.46999931335449,102.79000091552734,18.21999931335449,102.79000091552734,12166765.0,12448546.0,12331230.092592591,1039850833.8921928,-1,False,77,77,3517721907.792664,77,0.1018441082625045,8.230213710239955,0.1054479614149688,1.0814246569256312,-0.9258562882403374,-2.309331241448408,-2.4459721688010045,87.75,81.9800033569336,18077400.0,False,False,True,0.1960281207448165,0.4042279844811963,0.522101147879263,0.7742330889773774,1.3710798032155724,0.1140340254966898,0.7593151313997865,False,False,0.4190909645774148,1.3726351718178382,0.5802794901049579,1.5056591033638294,0.5418807723955779,1.3659337364553752,0.0,0.0,0.9866627180453484,47.0,97.0,97.0,95.0,95.0,88.0,88.0,95.0,92.0,95.0,93.0,84.61538461538461,ASTS
2025-12-24,32.63999938964844,33.119998931884766,32.25,32.84000015258789,446200.0,-0.0060901571866677,31.6059759019796,30.26829223881168,29.865600128173828,28.86333344777425,25.47,20.787199945449828,17.181199960708618,23.0,34.2400016784668,15.270000457763672,34.2400016784668,13.640000343322754,34.2400016784668,11.149999618530272,34.2400016784668,9.220000267028809,34.2400016784668,9.220000267028809,34.2400016784668,959972.5,908500.0,903387.5,28128431.027183533,-1,False,148,148,104015045.93200684,20,0.0508630010648438,1.5342856815883092,0.0470063023982438,5.988721038243782,-0.1303543175430081,10.06270967509506,9.766187282248184,33.0099983215332,31.729999542236328,459500.0,False,True,False,0.0266543795390106,0.1308211533382108,0.2064951533241861,0.6335313504081556,0.8218492019812879,0.2815076321024121,0.95327096348174,True,False,0.1497006020207818,1.1120636539771145,0.9290779694132074,1.8379874091466537,2.1174783722246326,2.76173680710452,0.0,0.0,1.062636465525591,57.0,85.0,85.0,98.0,98.0,98.0,98.0,92.0,97.0,96.0,97.0,84.61538461538461,AXGN
2025-12-24,15.010000228881836,15.5600004196167,14.5,14.65999984741211,1270100.0,0.0252732156340309,14.278548216536604,13.317031116653135,12.560399971008302,12.200666586558023,10.13739995956421,6.842799978256226,4.292849986553192,8.4399995803833,16.899999618530273,4.0,16.899999618530273,2.069999933242798,16.899999618530273,1.850000023841858,16.899999618530273,1.4199999570846558,16.899999618530273,1.1299999952316284,16.899999618530273,3916142.5,3603286.0,1441358.3333333333,50344230.34297466,1,False,54,54,131063064.3342018,15,0.1309786234036514,1.9092857497079032,0.1272009140968637,3.778713552096484,0.1937896858108784,14.211058312382502,13.08505552768262,15.25,14.359999656677246,1578900.0,False,True,True,0.0706196138209961,0.304463665898602,0.5069953058384563,0.6005256111692938,1.0054322637725677,0.4806558179368796,0.888165714064507,False,False,0.60706637940717,1.554456966384197,2.16000004818565,3.0107856673282885,5.917050553526617,6.127732362308321,0.0,0.0,2.716980510282546,96.0,98.0,98.0,99.0,99.0,99.0,99.0,97.0,99.0,99.0,99.0,76.92307692307693,AXTI
2025-12-24,31.09000015258789,31.780000686645508,30.809999465942383,31.350000381469727,643600.0,-0.0082934681249802,30.246245248025826,29.68250633121484,29.878399963378907,29.42699998219808,27.32979995727539,23.67174997329712,18.93932501792908,26.1299991607666,32.709999084472656,19.065000534057617,32.709999084472656,14.75,32.709999084472656,12.260000228881836,32.709999084472656,12.260000228881836,32.709999084472656,8.890000343322754,32.709999084472656,857820.0,822236.0,656308.3333333334,30761643.88437271,-1,False,96,96,78888515.69595337,56,0.0631705169905973,1.7192856924874442,0.0553002793196941,2.487981747190652,-0.1512257270667275,0.5417481636692827,2.0403754918177346,32.04499816894531,30.440000534057617,588400.0,True,True,True,0.0311997817929371,0.14136379659676,0.155998663567629,0.9061859464935448,1.4748685292300507,0.1375860855619437,0.950473892472416,True,False,-0.0098725945767031,0.9577142940019164,0.4048803132223393,1.3385422300199268,1.07404940809207,1.837375566456208,0.0,0.0,1.3070381045494368,79.0,30.0,30.0,93.0,93.0,95.0,95.0,72.0,93.0,94.0,95.0,73.07692307692307,BBNX
2025-12-24,91.87999725341795,92.29299926757812,89.5999984741211,91.18000030517578,1791900.0,0.0049217647023973,92.02312046868764,96.58109237124404,98.45919982910156,100.5240000406901,108.90460006713867,86.58229999542236,54.34679998397827,75.69999694824219,131.01499938964844,75.69999694824219,147.86000061035156,40.560001373291016,147.86000061035156,23.940000534057617,147.86000061035156,17.010000228881836,147.86000061035156,15.149999618530272,147.86000061035156,15103302.5,14391350.0,10234690.74074074,1207072900.5136108,1,False,153,153,3587492964.135742,56,0.0953905650892439,8.907000405447823,0.0969416703494348,-1.6125762733634308,0.0505217163756896,5.104014767463056,9.17744863650787,93.40299987792967,88.66000366210938,5379300.0,True,True,True,0.0293099790374324,0.376469362225611,0.4810296859683656,0.7826322848822457,0.8301354633165061,-0.1563258375057178,0.621398599175885,True,True,-0.0385098409291957,0.9300145252424494,0.3376036393621209,1.2744423432113283,3.1146438677716253,3.645113794211429,0.0,0.0,1.4756970076173392,86.0,22.0,22.0,91.0,91.0,99.0,99.0,76.0,67.0,95.0,98.0,23.07692307692308,BE
2025-12-24,2.5899999141693115,2.7100000381469727,2.490000009536743,2.690000057220459,2653300.0,-0.0547445601625353,2.5500630213829205,2.153274240215374,1.6441599941253662,1.6381333271662395,1.6496799993515014,1.5276899993419648,1.5676449954509737,0.5400000214576721,4.0,0.5400000214576721,4.0,0.5400000214576721,4.0,0.5400000214576721,4.0,0.5400000214576721,4.0,0.5400000214576721,4.0,19335937.5,15480256.0,3654949.074074074,71245438.40145111,-1,False,14,14,419147267.105484,14,0.2486820464654766,0.6148571457181659,0.2373965892255129,2.4010513599865653,-0.2439592617765358,-0.3524221661237714,-4.456299045592831,2.872999906539917,2.700000047683716,2528200.0,False,True,True,0.084942098803424,0.9884169990795568,1.3258687756984628,0.7454862933617714,2.349094872849648,0.5700014034160898,0.6474999785423279,False,False,2.924242138260554,3.7957769559262298,0.5696969403598806,1.4955762588668613,0.849999970197677,1.6388928488993026,0.0,0.0,5.290343889373744,99.0,99.0,99.0,95.0,95.0,93.0,93.0,99.0,99.0,99.0,99.0,73.07692307692307,BEAT
2025-12-24,3.950000047683716,4.0,3.819999933242798,3.950000047683716,2276000.0,0.0,3.544406191354965,3.2796397133121835,3.146799993515015,2.9699999888738,2.7099999952316285,2.231499993801117,2.232899995446205,1.899999976158142,4.025000095367432,1.8650000095367432,4.025000095367432,1.340000033378601,4.025000095367432,1.3200000524520874,4.025000095367432,1.3200000524520874,4.025000095367432,1.3200000524520874,4.980000019073486,6718585.0,6186210.0,4589349.074074074,16953084.708759785,-1,False,180,180,56427055.20029068,54,0.0742136456301394,0.2549999952316284,0.0645569600388133,7.087765525681145,0.0,4.805222290122279,0.1368744109300961,4.025000095367432,3.660000085830689,6719200.0,True,True,False,0.0455696366036133,0.2708861161378532,0.3392405408637066,0.7985074998647775,0.9482429468123456,0.4575645958058765,0.7931726973002303,True,False,0.204268317725033,1.1648450243691926,1.015306107554025,1.9201438770188104,0.9554455866241982,1.7323058594361291,0.0,0.0,1.4639516174427225,86.0,90.0,90.0,98.0,98.0,94.0,94.0,98.0,97.0,98.0,97.0,96.15384615384616,BFLY
2025-12-24,21.21999931335449,22.700000762939453,20.299999237060547,22.32999992370605,766100.0,-0.0212177576266671,19.619587933085462,18.85278035222474,17.98959991455078,17.30299990971883,19.04279993057251,19.541299924850463,16.332499964237215,12.40999984741211,23.739999771118164,12.40999984741211,33.198001861572266,12.40999984741211,33.198001861572266,12.40999984741211,33.198001861572266,9.87600040435791,33.198001861572266,6.150000095367432,33.198001861572266,1706495.0,1727442.0,1718566.6666666667,24050053.288669582,-1,False,159,159,168182727.87208557,78,0.0869142236258833,1.7945002147129605,0.0845664596032111,1.3519768300389332,-0.2563393350693294,-4.526519249080547,-4.661496780118027,22.8700008392334,20.75,1630200.0,False,False,False,0.113100923823711,0.3487276087644919,0.3599434842334979,0.9688398985943856,0.8804174033050024,0.1143318939819648,0.6391950757107858,False,False,0.3221184001277746,1.2788371306862143,0.0700957839130771,1.0195661391599573,0.0361328021317601,0.9178976579887678,0.0,0.0,0.9929757355936148,48.0,95.0,95.0,70.0,70.0,48.0,48.0,97.0,94.0,90.0,86.0,92.3076923076923,BKSY
2025-12-24,29.350000381469727,29.530000686645508,28.739999771118164,29.170000076293945,21546700.0,-0.0144392308684065,31.239272168833264,32.688754154843494,32.048443450927735,32.53099225362142,38.25909111022949,45.02494003295899,41.44914830660989,24.322857001400383,42.084999084472656,24.322857001400383,65.58073559392504,24.322857001400383,65.58073559392504,24.322857001400383,134.4405107943502,3.918848952554093,160.95272284613716,3.918848952554093,160.95272284613716,47094340.0,44140912.0,41419982.97872341,1656521338.5245705,-1,False,135,135,8676989382.854843,135,0.0853929273921623,2.920016372541427,0.0994894832909438,-2.3405695881453554,-0.1472595527954289,-9.977421905981464,-7.769636476538951,30.31999969482422,28.940000534057617,35790500.0,False,True,False,0.0269165555454682,0.3771038753749467,0.4662691409906242,0.8087686750484084,1.0548542812164825,-0.2328620589310785,0.182351686026007,True,True,-0.0559929499397874,0.9131037485976204,-0.4077341164188464,0.5642992425134609,5.642221980016597,5.884265015792288,0.0,0.0,1.1369956386556554,66.0,19.0,19.0,8.0,8.0,99.0,99.0,75.0,66.0,60.0,53.0,11.538461538461538,BMNR
2025-12-24,3.9600000381469727,4.011000156402588,3.920000076293945,4.0,1331700.0,-0.0124688747832828,3.9221448771143943,3.810335915165673,3.714000024795532,3.6336666981379193,3.3756000185012818,3.062500007152557,2.5231000047922136,2.890000104904175,4.480000019073486,2.440000057220459,4.480000019073486,2.289999961853028,4.480000019073486,1.850000023841858,4.480000019073486,1.5499999523162842,4.480000019073486,1.5499999523162842,4.480000019073486,5337547.5,5230574.0,5375830.092592592,22790299.492627382,-1,False,260,260,63291505.9381485,15,0.0561416460231525,0.2408571413585118,0.0608225098581609,2.846393269400429,-0.20759272676262,2.186044462310152,1.3544569929459809,4.079999923706055,3.950000047683716,4603700.0,False,True,True,0.0229798179878868,0.2171717487954443,0.3106060624305064,0.699187089575991,0.9935888489485092,0.1731247826883104,0.8839285761802173,True,False,0.2531645349958853,1.2121405602228823,0.3288590646983214,1.266110685090068,1.163934396328406,1.917003602573521,0.0,0.0,0.9928787569671628,48.0,93.0,93.0,91.0,91.0,95.0,95.0,90.0,93.0,90.0,92.0,65.38461538461539,BORR
2025-12-24,35.83000183105469,36.18000030517578,35.54499816894531,35.93000030517578,648800.0,-0.0027831470434662,34.71137804083612,33.08253452753004,31.48799987792969,30.92433319091797,29.630699920654298,28.95229995727539,30.20537492752075,26.299999237060547,37.32699966430664,25.530000686645508,37.32699966430664,24.71999931335449,37.32699966430664,23.90999984741211,37.32699966430664,23.90999984741211,37.66999816894531,23.90999984741211,43.88999938964844,1842275.0,1770140.0,1668067.1296296297,81240263.09765816,-1,False,110,110,352255351.6330719,14,0.0415813744617865,1.822714396885463,0.0508711778882934,4.112719435425484,-0.0548623933030675,-2.0546868056377194,-4.550977493246354,36.28499984741211,35.18000030517578,1238100.0,True,True,False,0.0177226375601269,0.1419759342973526,0.2671504329995252,0.5314456454487759,1.2805145355734575,0.2092188820041716,0.8163591325887619,True,False,0.3081417535407467,1.2653180278462246,0.1456435577324708,1.091546566737668,0.3399402444929944,1.1870370378531965,0.0,0.0,1.104436966160379,62.0,95.0,95.0,80.0,80.0,81.0,81.0,89.0,86.0,83.0,80.0,80.76923076923077,BRZE
2025-12-24,30.624401092529297,31.4499369747814,30.415529562417685,30.883001048530005,699900.0,-0.0134571254931099,29.740430059875365,29.11026684242727,28.25282440185547,28.36975892384847,28.70224052429199,25.107503662109377,19.37234404563904,25.32306638088643,31.62896770355888,24.402347720464064,35.70809075796494,15.547257158424545,35.70809075796494,13.853233760153232,35.70809075796494,12.430363193134278,35.70809075796494,9.44717717143221,35.70809075796494,3081437.5,3365924.0,4767556.018518519,74610892.01703072,-1,False,259,259,410753961.41052246,82,0.0483453606372532,1.451649978604552,0.0474017426240762,1.4127963245024813,-0.2877676898510993,5.7868975676875145,6.530805494110266,31.35544538679346,30.421496529112844,1570000.0,False,True,False,0.0337772291199533,0.1390061031971502,0.1692107644765633,0.8214968097753814,0.820526547836493,0.0669690077543074,0.8576319943876671,False,False,0.1792416530088607,1.140637640149154,0.2577902710710931,1.1983977414241254,1.4194423274917995,2.143355023095975,0.0,0.0,0.6463348281658016,15.0,88.0,88.0,88.0,88.0,96.0,96.0,75.0,73.0,93.0,93.0,84.61538461538461,BTU
2025-12-24,5.349999904632568,5.369999885559082,4.860000133514404,4.909999847412109,1487200.0,0.0851927162105972,5.26204166756988,5.465947658756543,5.79399995803833,5.935999965667724,5.193399991989136,3.8101000022888174,2.2998849987983703,4.570000171661377,7.769999980926514,2.700000047683716,7.769999980926514,1.399999976158142,7.769999980926514,0.8730000257492065,7.769999980926514,0.625,7.769999980926514,0.2240000069141388,7.769999980926514,4806360.0,4144580.0,2601374.074074074,17091754.24702406,1,False,202,202,140241605.5727005,49,0.0984170796375072,0.5547142710004535,0.1036849123156293,0.2908199381809019,0.7571466938041008,6.686753336924712,8.716222754883283,5.019999980926514,4.855000019073486,1473700.0,False,False,True,0.0953270581562195,0.358878436202262,0.4390654241092258,0.8173689306789601,0.6430156976098905,0.0301536397899235,0.6885456779621023,False,False,-0.088586029142143,0.881577646333753,0.9314079211087548,1.8402073411287907,4.144230866220579,4.557212603000807,0.0,0.0,1.8476235493777504,92.0,14.0,14.0,98.0,98.0,99.0,99.0,68.0,97.0,99.0,99.0,19.230769230769237,BW
2025-12-24,29.68000030517578,30.170000076293945,28.51000022888184,28.8700008392334,461600.0,0.0269896434927765,27.15226908028871,23.326055561860223,19.63439987182617,17.314333216349283,12.883599920272829,9.94519995689392,10.100899953842164,4.300000190734863,40.369998931884766,4.300000190734863,40.369998931884766,4.300000190734863,40.369998931884766,4.300000190734863,40.369998931884766,4.300000190734863,40.369998931884766,4.300000190734863,40.369998931884766,3733047.5,3176912.0,2319743.9814814813,140733433.98301125,1,False,21,21,1706494583.8523865,21,0.1466422875143522,2.002142769949777,0.067457639803347,19.326261271915065,0.3895829500036473,-3.777527947535829,-5.353975133323349,29.75,28.56999969482422,998800.0,False,True,False,0.0559299134212821,0.154312664306387,1.2041778453489869,0.1281477357372117,0.4107668075162295,1.303703971626221,0.7351994325106143,False,False,5.396551973967157,6.187152506071195,3.552147299386672,4.337196087205681,1.9155205712602663,2.582824806503481,0.0,0.0,1.6092497835109918,89.0,99.0,99.0,99.0,99.0,98.0,98.0,99.0,99.0,99.0,99.0,92.3076923076923,CAPR
2025-12-24,61.720001220703125,62.15999984741211,59.08000183105469,59.34999847412109,2857900.0,0.0399326505057189,56.623140677922535,54.71726338102082,52.53639999389648,51.595333353678384,53.992000045776365,60.75610004425049,73.1732999610901,43.40999984741211,62.15999984741211,43.40999984741211,66.8499984741211,43.40999984741211,70.51699829101562,43.40999984741211,93.69000244140624,43.40999984741211,93.69000244140624,43.40999984741211,134.72999572753906,4601047.5,4182216.0,4210612.962962963,194275241.9797325,1,False,133,133,1076327200.0,134,0.0419344932201497,2.267999649047852,0.0367465911242899,3.8951187895035417,1.0449749176888112,-15.195701165626293,-17.30103659302067,59.380001068115234,57.0,2723400.0,False,False,False,0.0499027536526405,0.1723104036162241,0.2180816399588418,0.7901187997703246,0.8005564514123613,0.1431323375384257,0.4581014115484562,False,False,0.3188034663861179,1.2756307156221889,-0.0142149717452851,0.9392365154678436,-0.2053559588549012,0.7039656526664634,0.0,0.0,1.0927262943593592,61.0,95.0,95.0,47.0,47.0,20.0,20.0,92.0,86.0,81.0,75.0,100.0,CAVA
2025-12-24,22.20347785949707,22.67249445940922,21.764397314952568,21.86418860735276,472600.0,0.0159818130706161,22.155657668102883,22.25731723086643,20.55092597961426,20.15012969970703,27.49845634460449,32.73114988327026,41.5669982624054,15.907533485093024,25.91569939052752,15.907533485093024,45.539795309128245,15.907533485093024,45.539795309128245,15.907533485093024,52.72448593717518,15.907533485093024,52.72448593717518,15.907533485093024,78.5823943514598,1875742.5,1701330.0,1143646.759259259,31573810.33885956,1,False,48,48,153642658.26473236,135,0.0650223570581847,1.500427532429437,0.067576239268645,-2.8494554146806736,0.2327802305639076,-17.140957373402777,-18.126339603404645,22.2833091920908,20.886236891369464,1425400.0,False,False,True,0.0408988695466116,0.2265168786162394,0.3653932124674017,0.6199263447906767,0.9194630083522892,-0.1925554808877974,0.2825502842302311,False,False,0.2966201713750436,1.2541736196931204,-0.4411261514844053,0.5324839706636921,-0.5245755410421276,0.4211728424485439,0.0,0.0,1.6401414902053493,90.0,95.0,95.0,7.0,7.0,7.0,7.0,91.0,85.0,80.0,74.0,69.23076923076923,CCOI
2025-12-24,18.69900131225586,18.848834583203104,18.05971980232857,18.77891150099677,12136700.0,-0.0193818792047677,17.844647366732552,17.184002555840877,16.490681495666504,16.219119803110758,16.82330804824829,16.011719484329223,11.792607383728027,13.534801031417633,19.707868585945334,13.534801031417633,23.59350622217566,11.217402731680815,23.59350622217566,8.56038701767104,23.59350622217566,7.531542501114283,23.59350622217566,4.574862546156672,23.59350622217566,18635865.0,18058802.0,16909811.574074075,312477712.0593977,-1,False,96,96,827569323.9028931,96,0.0622905889101585,1.145855923901935,0.0612789905068838,1.819444528385133,-0.3225405825654877,11.769957931774991,11.296202326079955,19.398216102772565,18.239517460605644,21214000.0,False,True,False,0.0422009051551499,0.1981837377402197,0.2430555077501999,0.8153846813621801,1.1927856565457664,0.1114937239827142,0.7925486418241885,True,False,0.2580645016406155,1.2168801200715311,0.0285713266520055,0.9800024559767868,1.0685080835268057,1.8324665732941856,0.0,0.0,1.1020740780206144,62.0,93.0,93.0,61.0,61.0,95.0,95.0,90.0,85.0,89.0,93.0,92.3076923076923,CDE
2025-12-24,102.61000061035156,102.8499984741211,101.0,102.36000061035156,237200.0,0.0025403237919559,101.43755334576784,99.46346148752622,100.70340057373046,98.84150060017905,87.5370002746582,69.36585014343262,41.19902505397797,79.23999786376953,112.63999938964844,44.41999816894531,112.63999938964844,44.41999816894531,112.63999938964844,13.3100004196167,112.63999938964844,10.260000228881836,112.63999938964844,7.574999809265137,112.63999938964844,910675.0,1131126.0,828639.3518518518,91049613.21552277,1,False,149,149,1016757897.302246,149,0.0459916954633929,4.691713605608259,0.045723746006244,3.765877988722605,0.0554173076378051,2.8093738261964845,8.686929237460774,103.5,99.7300033569336,587100.0,True,True,True,0.0180294168513479,0.1497904946414303,0.155345505765431,0.9642409280099248,0.8771790233802423,0.1721900486468575,0.9109552660365282,True,True,0.0144339996287505,0.9812251801581432,0.975548774034558,1.882263874453516,7.543713460020877,7.5687735774270095,0.0,0.0,1.099000425172681,61.0,45.0,45.0,98.0,98.0,99.0,99.0,85.0,98.0,96.0,99.0,65.38461538461539,CELC
2025-12-24,39.310001373291016,39.400001525878906,38.41999816894531,38.59000015258789,1055700.0,0.008724663637097,35.29301214598652,33.25463362233025,31.383200073242183,30.907333437601725,30.742600021362303,27.989399986267088,23.07930000782013,25.399999618530277,39.77999877929688,25.399999618530277,39.77999877929688,20.90999984741211,39.77999877929688,18.209999084472656,39.77999877929688,15.130000114440918,39.77999877929688,13.050000190734863,39.77999877929688,2271212.5,2300828.0,1882506.0185185184,59079838.6240387,1,False,43,43,168386363.2621765,42,0.0454657272943137,1.6335717609950475,0.0415561359431793,6.706151485634674,0.2081329762830795,6.200947163596375,2.597867522023701,39.77999877929688,37.209999084472656,2405000.0,True,False,False,0.02493012777149,0.2429406996548528,0.2907656575558708,0.835520610298249,0.8933783837818385,0.2786817427925885,0.9881850824427258,True,False,0.413520392959092,1.367246960123659,0.5142528027592781,1.4427501790314776,1.155153611105621,1.909224809956673,0.0,0.0,1.206483526563906,72.0,97.0,97.0,95.0,95.0,95.0,95.0,95.0,91.0,93.0,93.0,100.0,CENX
2025-12-24,26.6299991607666,26.96999931335449,26.399999618530277,26.600000381469727,1223400.0,0.0037692601407066,25.71159057988899,24.47762804146522,23.34240020751953,22.64133358001709,20.98210021972656,22.95360006332397,25.504117685205795,17.665000915527344,27.88999938964844,16.170000076293945,27.88999938964844,16.170000076293945,30.38999938964844,16.170000076293945,38.66999816894531,16.170000076293945,44.93999862670898,16.170000076293945,44.93999862670898,4530802.5,4147968.0,3679297.794117647,95916824.65546608,1,False,195,195,264173887.98179623,47,0.0551173511951448,1.3115713936941964,0.0492516498320625,5.465339903862417,0.0762432564493772,-12.18916340420799,-12.756599267083088,26.729999542236328,25.75,2763300.0,False,True,False,0.0214044203074548,0.1366879273136129,0.3184378448922269,0.4292452342147774,0.9364344180090108,0.2691770071582302,0.5925678677021524,True,True,0.3670431101924678,1.3222911717996957,0.2351576911137278,1.17683386600918,-0.1976498866337208,0.7107923698880019,0.0,0.0,1.2314313093231304,74.0,96.0,96.0,86.0,86.0,20.0,20.0,94.0,93.0,89.0,85.0,88.46153846153845,CHYM
2025-12-24,240.27999877929688,242.0,237.92999267578125,240.58999633789065,833200.0,-4.159352080901346e-05,225.9643142973436,216.87814980773675,209.25479919433596,206.85299987792968,197.8765997314453,159.46429939270018,116.68669977188112,168.22000122070312,248.0,143.19000244140625,248.0,84.41000366210938,248.0,76.88999938964844,248.0,70.7699966430664,248.0,49.209999084472656,248.0,3325945.0,3116124.0,2546404.6296296297,667963206.1446381,-1,False,30,30,2730978977.194214,30,0.0527108557839937,12.764286586216516,0.0531225514027941,4.033920236639104,-0.0007830055184384,12.624751228639193,13.877758127393935,243.0,234.75,1802100.0,True,True,False,0.0169386022344587,0.1926918731770325,0.2564091931219871,0.7515014217347468,1.0937658450048842,0.2142921351256324,0.9688709628197456,True,True,0.2341037624318576,1.1937037668978008,0.7516949915196194,1.6689804093598457,1.947859066151276,2.611473092381766,0.0,0.0,1.3061337390372845,79.0,92.0,92.0,97.0,97.0,98.0,98.0,92.0,94.0,98.0,97.0,92.3076923076923,CIEN
2025-12-24,16.219999313354492,16.40999984741211,15.609999656677246,15.6850004196167,11459900.0,0.0194845674994024,16.29604280924025,16.82043447392669,17.18119976043701,16.837666447957357,18.08319984436035,14.09199993133545,8.96899995803833,13.09000015258789,21.15999984741211,12.40999984741211,25.520000457763672,5.320000171661377,25.520000457763672,4.550000190734863,25.520000457763672,3.0799999237060547,25.520000457763672,1.8600000143051147,25.520000457763672,43034477.5,43713504.0,32761144.907407407,585374461.3622665,1,False,90,90,3091943755.0935745,51,0.0955037747351474,1.5367857388087682,0.0947463504232998,-1.087481373980167,0.2017193796857311,5.095028790419992,5.381980214554064,16.799999237060547,15.654999732971191,20712000.0,False,False,True,0.0493218387547153,0.3434032016412136,0.4617755911340505,0.7436581929284474,0.7470117243403778,-0.1030348913379365,0.6355798989972219,True,True,-0.0293237461379326,0.9388999012450338,0.3910805768110243,1.3253941135748175,2.871121501634163,3.4293802424065176,0.0,0.0,1.3135828317852762,79.0,24.0,24.0,92.0,92.0,99.0,99.0,80.0,79.0,98.0,98.0,38.46153846153847,CIFR
2025-12-24,308.5899963378906,312.6099853515625,302.1499938964844,304.010009765625,649000.0,0.0169050452358294,303.5113250732967,308.15853672643,312.7948010253906,312.2453348795573,312.1892010498047,269.3306005859375,194.20400024414064,263.0799865722656,353.3800048828125,230.2400054931641,363.3999938964844,173.22999572753906,363.3999938964844,152.42999267578125,363.3999938964844,110.54000091552734,363.3999938964844,58.04999923706055,363.3999938964844,2978762.5,3086232.0,3728043.518518519,788184691.9813538,1,False,148,148,2942594600.0,148,0.062980822032751,19.524278913225448,0.0632693189828724,-0.1822197777476918,0.2627500306470992,-1.19032230767833,2.5100215226653875,309.739990234375,301.70001220703125,1200000.0,False,False,True,0.0338960808166475,0.2781359978963352,0.2831589031393479,0.9822611784855628,0.9417924511183864,-0.0115289212433068,0.8491744675862417,False,False,-0.043250486257392,0.9254290711193348,0.2614045009311267,1.2018413082896595,1.0552115143650096,1.8206873016913685,0.0,0.0,0.7990149485121155,23.0,21.0,21.0,88.0,88.0,94.0,94.0,69.0,82.0,91.0,91.0,30.76923076923077,CLS
2025-12-24,39.72999954223633,40.400001525878906,39.59799957275391,39.900001525878906,581000.0,-0.0109534141589565,39.54813051348496,38.278840545787446,39.11080001831055,38.25166676839193,29.880799980163573,21.435049991607663,14.249899978637696,32.0,43.72999954223633,13.779999732971191,43.72999954223633,11.529999732971191,43.72999954223633,9.130000114440918,43.72999954223633,4.75,43.72999954223633,3.7200000286102295,43.72999954223633,3775947.5,3552416.0,2378169.907407407,104643008.63019945,-1,False,170,170,756032330.6762695,44,0.0516347132649956,2.1680006299700056,0.0545683527548304,6.0404302345453695,-0.2029513371105762,5.711702318136924,7.358156597307722,40.59000015258789,38.59999847412109,2122200.0,True,True,True,0.0201863066288839,0.1264787713006869,0.1637302074770947,0.7724828133402376,0.7585175835262536,0.3296163278296151,0.9085296125801092,True,True,0.030876974531403,0.9971298728410536,1.989465737868728,2.8483039428154355,4.420190989872317,4.801682376254845,0.0,0.0,1.587753460439838,89.0,52.0,52.0,99.0,99.0,99.0,99.0,80.0,99.0,98.0,98.0,46.15384615384615,COGT
2025-12-24,191.3699951171875,195.2400054931641,189.5800018310547,192.9600067138672,1566300.0,-0.0026059311654988,184.57814644852573,177.36910200106945,172.32799926757812,167.37966613769532,153.5431999206543,128.60769996643066,103.0949497795105,130.4199981689453,200.19000244140625,105.0199966430664,200.19000244140625,84.3499984741211,200.19000244140625,84.3499984741211,200.19000244140625,73.66000366210938,200.19000244140625,45.58000183105469,200.19000244140625,4891597.5,4599242.0,3965306.018518519,800142122.5675201,-1,False,132,132,1720981652.9693604,48,0.0624151497143112,11.433570861816406,0.0597458909627652,4.1234517665977455,-0.0437308699130734,2.8661491838381945,4.499749361308712,192.9900054931641,187.3000030517578,2052300.0,False,True,False,0.0295762335085153,0.1561895811898044,0.2779432711425569,0.5619476972683929,0.9215562042614848,0.2463592996373707,0.9559418191884969,True,True,0.2605888821210531,1.2193218616659685,0.7957210815914242,1.7109275989027068,1.1291722403775446,1.8862082243475955,0.0,0.0,1.233598990129784,74.0,93.0,93.0,97.0,97.0,95.0,95.0,93.0,96.0,95.0,94.0,80.76923076923077,COHR
2025-12-24,8.260000228881836,8.5,7.920000076293945,8.130000114440918,3868600.0,0.0235440571552283,8.140064372137918,8.472388676438152,8.277399959564208,8.372666629155477,10.591099996566772,9.083899996280673,5.669474998116494,6.909999847412109,10.779999732971191,6.050000190734863,32.150001525878906,5.329999923706055,32.150001525878906,2.799999952316284,32.150001525878906,1.3200000524520874,32.150001525878906,1.2300000190734863,32.150001525878906,7721137.5,11500912.0,7739984.259259259,57502500.71369648,1,False,79,79,2543095300.7349014,71,0.1059748910571556,0.8928570066179548,0.1080940656025649,-2.036188315283563,0.2128006306153306,1.0786088137523322,2.10794773554329,9.149999618530272,8.050000190734863,11702900.0,False,True,True,0.0702179064932749,0.3450362407775886,0.4418885614273617,0.780821842645289,0.4972640430602373,-0.2200998733314376,0.2569206792177913,False,False,0.1147099053944762,1.0782184234213854,0.1766382124393772,1.121077661906139,1.2568306107039646,1.9992992479154248,0.0,0.0,0.9975650132315562,49.0,79.0,79.0,83.0,83.0,96.0,96.0,73.0,83.0,86.0,97.0,46.15384615384615,CRML
2025-12-24,24.36000061035156,24.770000457763672,23.100000381469727,24.09000015258789,2549800.0,0.0179690889967425,24.383786145367043,24.353183247149524,24.475999908447264,25.24866663614909,23.00979997634888,17.62539999961853,13.997349982261658,20.270000457763672,34.59000015258789,13.130000114440918,34.59000015258789,9.40999984741211,34.59000015258789,9.40999984741211,34.59000015258789,9.40999984741211,34.59000015258789,6.570000171661377,34.59000015258789,6219535.0,5436082.0,2620687.037037037,92715603.81669998,1,False,41,41,407208233.9406967,41,0.0890796011810552,2.1807141985212053,0.089520285052642,0.6554868865959317,0.1971832464187076,2.6432929897260315,2.214632818098268,26.34000015258789,23.700000762939453,5790500.0,False,True,True,0.0685550096244371,0.267241382010289,0.3435960066572416,0.7777779043773315,0.665241988623424,0.0586793729363366,0.7042497977129683,False,False,-0.0228640067327187,0.945148172659414,0.8315789669929021,1.7450922842765115,1.186714529587317,1.9371842501932144,0.0,0.0,2.373245989353937,95.0,26.0,26.0,97.0,97.0,95.0,95.0,74.0,96.0,97.0,95.0,46.15384615384615,CSIQ
2025-12-24,88.31400299072266,88.69999694824219,87.31300354003906,87.39199829101562,4522000.0,0.0096490426230813,88.31852365151835,84.85525233193471,81.56872055053711,78.67646713256836,73.70788040161133,73.25906013488769,64.64341018676758,61.0,97.06600189208984,57.005001068115234,97.06600189208984,57.005001068115234,97.06600189208984,57.005001068115234,97.06600189208984,56.73400115966797,97.06600189208984,29.649999618530277,97.06600189208984,23972537.5,22166920.0,20037111.111111112,2528722005.8086395,1,False,5,5,6285383437.099457,16,0.0445873952409339,4.292498452322824,0.0486049585225318,4.076997470565549,0.1966224983873463,-4.509581184585374,-3.8376647869948415,87.5739974975586,84.80000305175781,11702000.0,False,False,True,0.0157052490118563,0.138890758259713,0.3060443300341506,0.4538256214196636,1.562549059589695,0.1981622929533055,0.9098345586429226,True,True,0.3344515349573944,1.2907665242687807,0.1889978166513002,1.13285364881996,0.4407791850067764,1.2763690492915318,0.0,0.0,1.1964068755753212,71.0,95.0,95.0,84.0,84.0,85.0,85.0,93.0,91.0,86.0,82.0,61.53846153846154,CVNA
2025-12-24,13.59363842010498,13.76829989854019,13.194412999534627,13.244316415063045,1168500.0,0.0248306012594794,13.294393045551503,12.785807711293725,11.969988098144531,11.58619893391927,11.78075496673584,11.63356861114502,10.701208605766295,8.922696850858134,15.519904290444344,8.922696850858134,15.519904290444344,8.922696850858134,15.519904290444344,8.922696850858134,15.519904290444344,8.922696850858134,15.519904290444344,6.385947632459767,15.519904290444344,5247760.0,4957772.0,3247206.0185185187,91897850.80471516,1,False,19,19,789271335.5775833,19,0.0754787458032113,1.1442095429387555,0.0841724273941603,1.8282134950470272,0.28784938062466,-1.9326293573499476,-3.1762171950191345,13.418978157372832,12.65545935238188,2512100.0,False,False,True,0.0422173138103175,0.196769367474633,0.4530103682899211,0.4343595229782975,0.7483502670151028,0.15388516767287,0.8758841656307526,False,False,0.4412697241064462,1.3940878807397812,0.1503418551445166,1.0960230117672036,0.3377291561613738,1.185078261143275,0.0,0.0,1.616084711001552,89.0,97.0,97.0,80.0,80.0,81.0,81.0,94.0,90.0,85.0,81.0,69.23076923076923,DBRG
2025-12-24,14.3100004196167,15.149999618530272,14.029999732971191,14.350000381469728,12768100.0,0.0113074774134194,13.257125733590408,12.616620748528597,11.697999954223633,11.660333315531412,13.029699993133544,15.10469997406006,17.948599967956543,10.18000030517578,17.09000015258789,10.18000030517578,17.969999313354492,10.18000030517578,18.96999931335449,10.18000030517578,20.920000076293945,10.18000030517578,27.0,10.18000030517578,30.290000915527344,10296390.0,9299080.0,7418981.481481481,206180901.7071772,1,False,6,6,1494074889.481163,6,0.0660286922318786,1.1289285932268416,0.0788908847046058,1.2455198332991513,0.1417280083491303,-15.367877976838,-18.44862935808257,15.09000015258789,13.729999542236328,15590700.0,False,True,False,0.0782669358991592,0.4703005100324736,0.4703005100324736,1.0,2.68855306116304,0.0982601615661031,0.4724331458267163,False,False,0.3512748076891905,1.3070390652356128,-0.1492270701990492,0.8105996532076986,-0.1969696596699152,0.7113949748202011,0.0,0.0,1.3878441435257411,83.0,96.0,96.0,25.0,25.0,20.0,20.0,91.0,86.0,80.0,75.0,88.46153846153845,DJT
2025-12-24,31.420000076293945,31.739999771118164,30.65999984741211,31.450000762939453,406400.0,0.0038338927207164,32.21977660623085,32.179741354306294,31.92680000305176,32.07833340962728,31.12260005950928,28.338999938964843,22.389949979782106,26.96999931335449,35.0099983215332,23.34000015258789,36.59000015258789,21.790000915527344,36.59000015258789,18.1200008392334,36.59000015258789,12.829999923706056,36.59000015258789,12.40999984741211,36.59000015258789,1068670.0,1043298.0,1097626.851851852,20502381.08493805,1,False,155,155,120702361.87171936,155,0.0483101972586177,1.6007135936192105,0.0509456903161159,0.1875675326315767,0.0749670894979262,-2.4104453262267045,-1.1026533387487727,33.2599983215332,31.100000381469727,1028800.0,False,True,True,0.0343730083094717,0.122215154145882,0.1397199038506892,0.8747154183307092,0.5428362749665004,0.0095557574308062,0.8587045625926764,False,False,0.0224536460896869,0.988982293037164,0.0161707632201251,0.9681874439267276,1.1713890460587777,1.9236075876172885,0.0,0.0,0.9736186739573676,45.0,49.0,49.0,57.0,57.0,95.0,95.0,67.0,82.0,82.0,87.0,11.538461538461538,DQ
2025-12-24,30.8799991607666,31.670000076293945,30.5,31.65999984741211,578200.0,-0.0307596180417696,31.19188379746651,29.638481748189875,27.53759994506836,26.708333269755045,26.18979995727539,26.75110006332397,31.892999992370605,19.711000442504883,40.97999954223633,19.711000442504883,40.97999954223633,19.711000442504883,40.97999954223633,19.711000442504883,40.97999954223633,19.711000442504883,50.5,19.711000442504883,55.380001068115234,1315495.0,1138210.0,708685.6481481482,72014355.9267044,-1,False,12,12,287630505.0628662,12,0.0842484876879245,3.70721367427281,0.1200522595539078,1.4917250023430084,-0.264349869117591,-6.458452697452035,-8.982321468715774,32.5,30.06999969482422,1333400.0,True,False,True,0.0378886045366362,0.400906719469589,0.6366580434493784,0.6297049469405875,2.8373059453000766,0.1790849571643367,0.5576019964821851,True,False,0.4511277332874184,1.4036231751385693,0.2317510784470362,1.1735881127070864,-0.2100281647422239,0.6998266013471813,0.0,0.0,1.8562461416249825,92.0,97.0,97.0,86.0,86.0,19.0,19.0,95.0,91.0,87.0,82.0,65.38461538461539,DXYZ
2025-12-24,20.350000381469727,20.739999771118164,20.229999542236328,20.32999992370605,971000.0,-0.0029397092793213,19.962390164332167,19.94786043162268,20.242400131225587,20.116333452860516,19.922100105285644,16.437800025939943,13.563824996948242,18.200000762939453,23.959999084472656,12.333999633789062,25.0,11.645000457763672,25.0,8.244999885559082,25.0,8.0600004196167,25.0,6.360000133514404,25.0,2991177.5,3061672.0,2720426.851851852,67525854.33470726,-1,False,140,140,306277406.9667816,58,0.0667555958667738,1.4903572627476285,0.0732362277548021,0.2932793480281255,-0.0402584450333523,2.585248299550296,4.097564855271178,21.0,20.26000022888184,1055700.0,False,True,True,0.025061435838902,0.1262899089262133,0.2825552772586592,0.4469564686650815,0.8266757510275431,0.0214786731279676,0.8140000152587891,True,True,-0.0609136912864269,0.9083440941340132,0.617647098957584,1.54126222343986,1.0248756214184431,1.7938130969259545,0.0,0.0,1.099525060916026,62.0,18.0,18.0,96.0,96.0,94.0,94.0,54.0,93.0,91.0,95.0,42.30769230769231,DYN
2025-12-24,106.9499969482422,107.54000091552734,106.30999755859376,106.58000183105467,1022100.0,0.0017796441383475,102.66260398712237,95.5110679693681,88.14919982910156,84.91366653442383,80.3088003540039,69.59670015335082,47.0326501083374,65.76000213623047,111.38999938964844,65.76000213623047,111.38999938964844,26.520000457763672,111.38999938964844,26.040000915527344,111.38999938964844,14.899999618530272,111.38999938964844,14.899999618530272,111.38999938964844,4849935.0,4371614.0,4147763.888888889,591381759.9493027,1,False,120,120,2369478767.2481537,120,0.0563649907214836,6.971429007393973,0.0651840037991563,5.089200441920376,0.0272533524776926,14.771047164442653,11.687480151226746,108.29000091552734,105.12000274658205,2539900.0,True,True,False,0.0115007329783173,0.1074333631755973,0.3826086894490357,0.2807917492158988,1.1250993340217137,0.3317344609408057,0.9601400263422672,True,True,0.5080372209467119,1.4586696565278303,0.4622641214210743,1.3932163897120018,3.200707022549267,3.721356113774125,0.0,0.0,1.1692890747692029,69.0,98.0,98.0,94.0,94.0,99.0,99.0,96.0,93.0,99.0,98.0,88.46153846153845,ECHO
2025-12-24,12.020000457763672,12.09000015258789,11.75,12.074999809265137,6957800.0,0.0050167574770338,12.983242742129631,13.534438980238397,13.688600044250489,13.832333374023438,14.629600048065186,11.794499998092652,8.366574993133545,11.579999923706056,19.649999618530277,11.119999885559082,19.86000061035156,5.769999980926514,19.86000061035156,4.449999809265137,19.86000061035156,3.690000057220459,19.86000061035156,3.069999933242798,19.86000061035156,21910795.0,22576092.0,15173230.555555556,217264391.41952515,1,False,208,208,820825581.5803528,64,0.0911721813152568,1.1683571679251534,0.0972010917995028,-1.8351445533983808,0.051354518347546,1.48684229016796,4.406928082574605,12.710000038146973,11.869999885559082,16865800.0,False,True,False,0.0282862013011227,0.3943427280035265,0.3943427280035265,1.0,0.6730602444391173,-0.1783780542002337,0.6052366610451425,True,True,-0.0838414205327972,0.8861669339948419,0.1458532621571659,1.0917463689739402,1.6475772155860633,2.3454569921258344,0.0,0.0,1.444042843728987,85.0,15.0,15.0,80.0,80.0,97.0,97.0,21.0,32.0,94.0,96.0,3.8461538461538463,EOSE
2025-12-24,14.56873893737793,14.858117952836627,14.379145231465358,14.84813913639232,3006200.0,-0.0194761623752091,14.306780944214225,13.93425906605924,13.750494689941409,13.584850120544434,12.694560508728028,11.09229856491089,8.774422144889831,11.749787517051896,15.067667869058146,10.218073315823936,15.067667869058146,7.5238556405724895,15.067667869058146,5.73768846237641,15.067667869058146,5.597988281642086,15.067667869058146,5.57803076603335,15.067667869058146,9871087.5,10769166.0,13417392.592592591,126892960.65362452,-1,False,96,96,732758561.71875,96,0.0433635642618028,0.6658569912784899,0.045704504291044,3.230236067464918,-0.4345965029479072,12.553432985492066,12.607668964326736,14.9778610005272,14.568739039758688,6542400.0,False,False,True,0.0328767454362439,0.1078766780721938,0.1486300888751583,0.725806456072328,1.0477329442224217,0.1476363382065355,0.9668874482756034,False,False,0.1459969179882094,1.1084812148697507,0.3721804443741825,1.307386440478698,1.4703894335769614,2.1884884550852544,0.0,0.0,0.7356934241791196,19.0,84.0,84.0,92.0,92.0,96.0,96.0,80.0,87.0,93.0,95.0,84.61538461538461,EQX
2025-12-24,3.950000047683716,4.039999961853027,3.869999885559082,3.900000095367432,2576600.0,0.0180412193758103,3.864169801068164,3.739471757160031,3.700800018310547,3.56866668065389,3.2640000104904177,2.846900007724762,1.9977500042319296,2.6600000858306885,4.130000114440918,2.299999952316284,4.130000114440918,2.0,4.130000114440918,1.100000023841858,4.130000114440918,0.7599999904632568,4.130000114440918,0.6899999976158142,4.130000114440918,6404827.5,6166162.0,5661478.703703703,22003284.46107149,1,False,153,153,70765345.09735107,29,0.0597793214348907,0.2057142768587385,0.0520795631330104,4.0355864508731525,0.3402774679117967,4.690466381928832,5.876092687406307,4.130000114440918,3.869999885559082,5186300.0,False,False,True,0.0430379934789199,0.1265822769529333,0.1367089098108399,0.9259255825248076,0.9840399911646824,0.21017157934697,0.9564164499347552,False,False,0.246056767387107,1.2052654746530005,0.5429688031144917,1.4701102173144238,2.8725491387713027,3.430644969072773,0.0,0.0,1.1312994069570557,65.0,93.0,93.0,95.0,95.0,99.0,99.0,94.0,94.0,94.0,98.0,76.92307692307693,ESPR
2025-12-24,27.290000915527344,27.3799991607666,22.149999618530277,22.459999084472656,3623300.0,0.2550011433565633,23.540820159099933,23.126616343563665,23.54460006713867,23.24583339691162,20.63700012207031,17.62905005455017,16.622100048065185,19.76000022888184,27.3799991607666,14.25,27.3799991607666,13.524999618530272,27.3799991607666,12.300000190734863,27.3799991607666,12.149999618530272,27.3799991607666,10.600000381469728,30.040000915527344,1638390.0,1441334.0,1261228.240740741,45006953.26403618,1,False,266,266,98879860.31723022,0,0.0893799171480265,2.2614284242902483,0.0828665572892506,3.890377207315309,2.451990085883107,1.4868693232342984,-0.047977618050924,22.290000915527344,21.020000457763672,1862300.0,False,False,False,0.1916452681121233,0.2792231101593394,0.2792231101593394,1.0,1.9141711775341452,0.3223821657267889,0.9084553955995868,False,False,0.1622658197432032,1.124217532916426,0.8333893514207473,1.7468171828222694,1.0895865266999958,1.851139714017956,0.0,0.0,1.2990432239590082,79.0,86.0,86.0,97.0,97.0,95.0,95.0,90.0,96.0,94.0,93.0,100.0,EWTX
2025-12-24,9.789999961853027,9.859999656677246,9.529999732971191,9.84000015258789,6296100.0,-0.0131048501452718,9.480016191726904,9.141490651839977,8.870399932861329,8.686999940872193,8.490399971008301,7.517499995231629,5.954150000810623,6.909999847412109,10.220000267028809,6.599999904632568,10.369999885559082,5.289999961853027,10.369999885559082,4.75,10.369999885559082,3.369999885559082,10.369999885559082,2.950000047683716,10.369999885559082,13294965.0,13471816.0,13279152.777777778,149384750.11295795,-1,False,77,77,296142927.39219666,77,0.0712279279325898,0.6078570229666573,0.0620895837931753,2.465260409287465,-0.2138662704042638,2.1651286588398424,1.433841717316731,10.09000015258789,9.520000457763672,14031800.0,True,True,False,0.0337078575068342,0.1481102977441364,0.2410623230551789,0.6144066640817784,1.098165236223535,0.1530669927544519,0.9440694377910512,True,True,0.2797385411513267,1.2378446316429446,0.2830930294907841,1.222505710168498,0.9898373597643262,1.7627731199595442,0.0,0.0,1.0011907553506487,49.0,94.0,94.0,89.0,89.0,94.0,94.0,92.0,89.0,92.0,92.0,88.46153846153845,EXK
2025-12-24,18.26000022888184,18.770000457763672,18.049999237060547,18.43000030517578,431600.0,-0.0065287778761661,17.459947361316395,16.54436871147822,16.038799896240235,15.438333257039387,13.987399940490723,13.275799961090089,10.435699980258942,11.300000190734863,19.11000061035156,9.649999618530272,19.11000061035156,9.649999618530272,19.11000061035156,9.399999618530272,19.11000061035156,5.460000038146973,19.11000061035156,3.910000085830689,19.11000061035156,1344120.0,1418522.0,967250.4629629628,21426245.42497635,-1,False,70,70,91960681.61010742,5,0.0637108596711359,1.0435715402875627,0.057150686046375,5.344829115810003,-0.1149886972307611,0.0902061429852452,-0.5798611598029768,18.989999771118164,17.610000610351562,1259100.0,True,True,False,0.0394305154259691,0.1746987700108393,0.3012048677291343,0.5799998231367939,1.0270619701351125,0.3054606507691819,0.955520651265218,True,False,0.2680556050421292,1.226544151678039,0.384382169051684,1.3190120028886732,0.7608486432396309,1.5599147545343532,0.0,0.0,1.3896297303209126,83.0,94.0,94.0,92.0,92.0,91.0,91.0,96.0,96.0,93.0,90.0,92.3076923076923,EYPT
2025-12-24,8.770000457763672,8.880000114440918,8.470000267028809,8.800000190734863,1005000.0,-0.0022752564477985,8.570109794737002,8.242785710281005,7.710000019073487,7.598666683832804,7.836800003051758,7.1245000100135805,6.079150000810623,5.710000038146973,10.899999618530272,5.710000038146973,11.989999771118164,3.7799999713897705,11.989999771118164,3.7799999713897705,11.989999771118164,3.7799999713897705,11.989999771118164,3.5799999237060547,11.989999771118164,3195732.5,3188570.0,2300964.814814815,24261039.318368435,-1,False,54,54,142157321.9704628,54,0.0972394050553773,0.9278571265084404,0.105798982677025,1.125523809111941,-0.0215545082513019,2.1386565998332863,1.0132848596261654,9.25,8.600000381469727,2841400.0,False,True,True,0.0467502652236643,0.3603192340331874,0.5621436226920974,0.640973622199295,1.2202303854078789,0.1190792739828134,0.7314429211991385,True,True,0.461666742960612,1.413817176590662,0.1129442043651416,1.060391268336396,0.4714765774549152,1.303563502142109,0.0,0.0,1.38886630487533,83.0,97.0,97.0,76.0,76.0,86.0,86.0,94.0,90.0,96.0,94.0,80.76923076923077,FCEL
2025-12-24,45.2400016784668,45.400001525878906,44.39099884033203,44.900001525878906,768200.0,0.0127603208615698,42.03497077514567,40.52047700265477,38.71360031127929,38.71366704305013,39.111500091552735,39.65662157213366,0.0,32.79999923706055,46.459999084472656,32.79999923706055,49.5,30.01000022888184,49.5,30.01000022888184,49.5,0.0,0.0,0.0,0.0,2186717.5,2102036.0,0.0,82579967.44728088,1,False,104,104,379336279.6066284,100,0.0646021268040133,2.618785858154297,0.0578865110741315,2.7069015137558834,0.2176594576248472,-6.044079094400141,-6.980541610670338,45.18000030517578,42.91999816894531,2042000.0,False,True,False,0.0223033299759389,0.1814766267587849,0.2760831391483292,0.6573260044731826,1.0660331221729789,0.1566930844526133,0.0,True,True,0.2647470254266579,1.2233438827295948,0.1217455894988663,1.0687770543519597,0.0,0.0,0.0,0.0,0.0,0.0,93.0,93.0,77.0,77.0,0.0,0.0,90.0,84.0,85.0,80.0,96.15384615384616,FIGR
2025-12-24,11.869999885559082,11.90999984741211,11.80500030517578,11.880000114440918,544200.0,0.003381230947675,11.76760589523967,11.296459429693025,11.017599983215332,10.74633331298828,9.656999988555908,8.280100011825562,6.63120001077652,8.949999809265137,12.347999572753906,6.670000076293945,12.347999572753906,6.494999885559082,12.347999572753906,5.664000034332275,12.347999572753906,4.25,12.347999572753906,3.565000057220459,12.347999572753906,2740102.5,2516488.0,2178621.75925926,30488912.09212303,1,False,180,180,62610238.44909668,23,0.0405187678102534,0.4329285621643066,0.0364724992702824,6.283095177692206,0.092393908253728,5.460652649286136,5.196219575514198,12.1899995803833,11.699999809265137,1697500.0,True,True,True,0.0088457913436098,0.0849199182716368,0.2340353752917363,0.362850779143025,0.8118496889315586,0.2291601842834942,0.9612893016088582,True,True,0.236458272279967,1.1959811987965154,0.8066970434427672,1.7213852786885473,1.03951882052448,1.8067853318916276,0.0,0.0,1.257722910530209,76.0,92.0,92.0,97.0,97.0,94.0,94.0,87.0,95.0,92.0,92.0,73.07692307692307,FIGS
2025-12-24,19.82999992370605,20.0,19.21999931335449,19.700000762939453,1517800.0,0.0081342067509668,20.45356958364588,20.463592446126192,20.18519992828369,19.741666571299238,19.590100021362304,14.563400025367736,10.151050013303756,14.579999923706056,25.850000381469727,10.949999809265137,25.850000381469727,6.602000236511231,25.850000381469727,6.602000236511231,25.850000381469727,4.402999877929688,25.850000381469727,3.4600000381469727,25.850000381469727,6700372.5,7072870.0,5801548.611111111,119614383.44298364,1,False,70,70,404963018.0873871,70,0.1025023529940167,2.232428550720215,0.1125783438885154,0.1087773719815258,0.0716707584484578,0.8651108104923289,2.0907877492323097,21.149999618530277,19.420000076293945,4026600.0,False,True,True,0.0393343766841393,0.3716591461214695,0.4357035466585281,0.8530092283429316,0.7127842021696992,0.0122459763902251,0.7671179741227764,True,True,0.2550632711596035,1.2139771387829457,0.6905371438680772,1.6107104193768922,2.1476189402135533,2.7884379758259046,0.0,0.0,1.1549282698704728,67.0,93.0,93.0,96.0,96.0,98.0,98.0,89.0,95.0,98.0,97.0,46.15384615384615,FLNC
2025-12-24,27.040000915527344,27.899999618530277,25.459999084472656,27.09000015258789,2101500.0,0.0219199490220332,23.78399572130504,22.29715808563708,20.28959991455078,20.305333264668786,22.023599967956542,31.60551016671317,0.0,16.0,28.739999771118164,16.0,33.31999969482422,16.0,49.59000015258789,16.0,73.80000305175781,16.0,73.80000305175781,0.0,0.0,2517202.5,2293468.0,0.0,62512108.95904541,1,False,139,139,201466911.88220975,5,0.1015519740410957,2.5635713849748885,0.0948066308497346,2.4025100767779306,0.2262475835290106,-17.317912622791113,-18.724613891065903,27.479999542236328,25.90999984741211,4372300.0,False,True,False,0.0902367030859263,0.3779585416909435,0.4508136139543427,0.8383920316328828,1.618213116555365,0.227773885961853,0.0,False,False,0.6037959630277563,1.551293611348525,-0.281996786375838,0.6840992885163004,0.0,0.0,0.0,0.0,0.0,0.0,98.0,98.0,15.0,15.0,0.0,0.0,96.0,94.0,90.0,86.0,96.15384615384616,FLY
2025-12-24,17.700000762939453,18.01499938964844,17.584999084472656,17.950000762939453,522400.0,-0.0117252421140026,16.723958577408816,15.453690052278503,14.44120002746582,13.766333357493084,12.480600032806397,10.796750020980834,8.354000005722046,9.600000381469728,18.290000915527344,8.390000343322754,18.290000915527344,7.400000095367432,18.290000915527344,4.400000095367432,18.290000915527344,3.9700000286102295,18.290000915527344,3.9700000286102295,18.290000915527344,1431690.0,1336930.0,2160081.0185185187,21622291.71177864,-1,False,180,180,80604081.45656586,266,0.0687540918212818,0.9742140088762556,0.0550403371120797,7.5980840120420226,-0.2155574468846816,4.188694560785056,3.949342900688427,17.969999313354492,17.110000610351562,821400.0,False,False,False,0.0242938015051458,0.1632769023969875,0.3488701061153905,0.4680163176348016,1.064999663407957,0.418201105428696,0.9677419287558916,True,True,0.4811716356025541,1.432683551143919,0.9843050012947304,1.890606634938578,2.403846425417622,3.015426840667632,0.0,0.0,0.6627945839651505,15.0,98.0,98.0,98.0,98.0,98.0,98.0,98.0,97.0,96.0,98.0,88.46153846153845,FTRE
2025-12-24,52.59914779663086,53.04490610585076,52.15339318398115,52.33750825531816,473800.0,0.0044412039292565,50.90347542142538,49.999176829323474,49.17120697021485,49.4858891805013,47.82442501068115,41.8134063911438,47.21483874320984,43.35643132758437,55.282832547164055,25.1290447379748,60.42452151186138,24.84821176563529,60.42452151186138,24.84821176563529,60.42452151186138,24.84821176563529,60.48500912891364,24.84821176563529,62.84747373246208,1748570.0,2308704.0,1945102.3148148148,63587955.49093247,1,False,58,58,692747879.1332245,58,0.0431176920980587,2.041891777187455,0.0388198642510752,2.571842640145187,0.1138995958511117,-8.889625729560366,-9.691198503870725,53.56817675422743,51.61072841930398,707200.0,True,True,False,0.0169491894681744,0.1400146064011421,0.1400146064011421,1.0,0.5058595645002564,0.0998385821655631,0.8369333669725895,True,True,0.1628899274378261,1.1248212096320314,0.7951003711717723,1.710336198267722,0.062082103029555,0.9408858333187315,0.0,0.0,0.8989604231520716,35.0,86.0,86.0,97.0,97.0,54.0,54.0,76.0,97.0,95.0,92.0,92.3076923076923,GGAL
2025-12-24,17.639999389648438,17.809999465942383,16.600000381469727,16.65999984741211,482300.0,0.0703883422107607,16.664048584221643,16.272915271070772,16.280800018310547,15.90833330154419,14.244800033569335,10.086050004959109,7.484624997377396,12.9399995803833,19.170000076293945,7.235000133514404,19.170000076293945,4.300000190734863,19.170000076293945,4.119999885559082,19.170000076293945,3.900000095367432,19.170000076293945,3.5,19.170000076293945,1086420.0,1080972.0,889603.2407407408,19023808.266129494,1,False,100,100,219739899.55687523,100,0.0707926698203724,1.325357164655413,0.0751336287139082,3.172302243981727,0.8752356559778391,10.365499404386023,9.095683445333544,17.040000915527344,15.9399995803833,947600.0,False,False,False,0.0685940547811306,0.2568027148362318,0.2568027148362318,1.0,1.4132003419144992,0.2383465789676209,0.920187757926118,False,False,0.1192892851182392,1.0826478911798658,1.6931295993854554,2.565960719761019,2.7854077182952395,3.3534474268231445,0.0,0.0,1.2212410547148826,73.0,80.0,80.0,99.0,99.0,98.0,98.0,89.0,98.0,99.0,98.0,92.3076923076923,GLUE
2025-12-24,69.69000244140625,72.0,68.65499877929688,71.0,745400.0,-0.0224435187764544,63.902992213710206,57.19573138725302,50.74600044250488,48.27766691843669,41.07330013275146,31.65040006637573,26.338000049591063,30.940000534057617,94.9000015258789,25.59000015258789,94.9000015258789,18.263999938964844,94.9000015258789,15.800000190734863,94.9000015258789,15.800000190734863,94.9000015258789,13.220000267028809,94.9000015258789,1864215.0,1646816.0,1106168.9814814816,156402723.2000351,-1,False,16,16,1366009665.5273438,16,0.1249512032471125,8.806072235107422,0.126360624574685,5.513764630107256,-0.1816926356500158,9.266071849769784,6.284816080164085,71.75,63.209999084472656,2133200.0,False,True,False,0.0479982939233719,0.1944181275896588,0.9177787164751126,0.2118355155765162,0.9139818899014828,0.6967227424181603,0.7343519633390314,False,False,0.9742210750033258,1.909592374369428,1.788715609431477,2.657033183259523,2.3059773573829365,2.928725803740941,0.0,0.0,1.6852895273769788,91.0,99.0,99.0,99.0,99.0,98.0,98.0,99.0,99.0,99.0,98.0,92.3076923076923,GPCR
2025-12-24,91.86000061035156,91.88999938964844,88.0999984741211,90.11000061035156,262200.0,0.0051428080079007,92.02463451283748,92.71279280471512,96.33340057373049,94.07783355712893,90.24750015258788,66.81940011978149,51.36337503433228,75.0,115.76000213623048,58.5,115.76000213623048,29.950000762939453,115.76000213623048,29.950000762939453,115.76000213623048,29.950000762939453,115.76000213623048,20.440000534057617,115.76000213623048,1076540.0,1129446.0,1231538.4259259258,83333228.91014099,1,False,180,180,325847054.586792,65,0.059832831932177,5.071213858468192,0.0552058983754973,0.3236526625671359,0.0926802209136361,6.755865671885276,6.1259316533581565,94.58999633789062,90.68000030517578,771100.0,False,False,True,0.0412584464439928,0.1284562959281491,0.3192902420659197,0.4023182640878465,0.7724140861980121,0.0178675359986404,0.7935383458463267,True,False,-0.1754039555465183,0.7976018179326294,0.903439780464402,1.8135598488155589,0.8602672868240528,1.6479885419087217,0.0,0.0,0.8741424362708041,31.0,7.0,7.0,98.0,98.0,93.0,93.0,78.0,91.0,98.0,97.0,26.923076923076923,GRAL
2025-12-24,63.25,64.4000015258789,62.59999847412109,63.869998931884766,299200.0,-0.0078431372549019,64.13917959344187,63.5956273918912,63.83640029907227,63.53500010172526,57.10220016479492,45.06360010147095,33.39475004196167,53.869998931884766,74.87999725341797,35.38999938964844,74.87999725341797,24.3700008392334,74.87999725341797,22.350000381469727,74.87999725341797,17.90999984741211,74.87999725341797,17.239999771118164,74.87999725341797,1151022.5,1119882.0,882510.6481481482,51470998.27121735,-1,False,55,55,284083625.17089844,55,0.0634138128145687,4.478571210588727,0.0708074499697822,1.520505245515189,-0.1116427486556081,8.198000466148827,8.651677382209586,65.77999877929688,61.68999862670898,652400.0,True,True,True,0.0284585462728507,0.3013438349184782,0.3013438349184782,1.0,0.7684291737879526,0.1076630991006082,0.8446848600426851,True,False,0.0561028659975628,1.0215299618636915,0.8253967450119946,1.7392019852105207,1.701836839481742,2.3935249440280666,0.0,0.0,1.3042590504888465,79.0,63.0,63.0,97.0,97.0,97.0,97.0,69.0,95.0,97.0,96.0,50.0,GSAT
2025-12-24,19.8215274810791,20.37129172888101,19.42169876390192,20.37129172888101,11256400.0,-0.0231526104530921,19.28442425197888,18.188522628788395,17.33410327911377,16.87698548634847,15.461314315795898,12.687756114006042,9.173942475318908,12.790705330109716,21.18094559598548,11.56159792662056,21.18094559598548,7.390779743864485,21.18094559598548,5.473172077846636,21.18094559598548,4.919933035391501,21.18094559598548,4.450893518139236,21.18094559598548,21509317.5,20838134.0,22657830.092592597,468183733.84474754,-1,False,96,96,2748496246.0590363,5,0.0612915145624497,1.2309021476503557,0.0620992579318283,4.541244681792866,-0.3816689533739139,16.571479619337875,15.928057015114351,21.18094559598548,19.85151400954425,19527700.0,False,False,True,0.0479071537693316,0.194150270194283,0.3101361746437185,0.6260162021322441,1.5645359608494696,0.2820079248261991,0.9358188184400966,False,False,0.3713693583963504,1.3264757946286003,0.7203758105190823,1.6391401119449711,2.307708974965456,2.9302598230483663,0.0,0.0,0.9493105655793548,42.0,96.0,96.0,96.0,96.0,98.0,98.0,95.0,94.0,97.0,98.0,84.61538461538461,HL
2025-12-24,14.18000030517578,14.279999732971191,13.68000030517578,13.6899995803833,2580600.0,0.0327750020351536,13.853139217547165,13.186380234153209,12.90839988708496,12.281666564941409,10.76479992866516,9.982499947547913,9.030149981975557,8.649999618530273,15.170000076293944,7.559999942779541,15.170000076293944,7.559999942779541,15.170000076293944,7.559999942779541,15.170000076293944,6.630000114440918,15.170000076293944,5.570000171661377,15.170000076293944,2263617.5,2039188.0,2038348.611111111,31715226.640911102,1,False,307,307,191708486.9422913,307,0.0475724215283293,0.6207142557416644,0.0437739240044374,7.247608864461301,0.7249724954387697,-2.6346196207131287,-2.788281634174004,13.81999969482422,13.479999542236328,1336100.0,False,False,False,0.0423130758027139,0.1212976184775538,0.2510578521156504,0.4831460854754615,1.2547004003554356,0.3172562796468161,0.9347396330824528,False,False,0.1866109231383979,1.147765667613864,0.6205714634486608,1.5440485001998343,0.7002398136378627,1.506222117229132,0.0,0.0,1.110515388614558,63.0,89.0,89.0,96.0,96.0,91.0,91.0,96.0,96.0,93.0,89.0,73.07692307692307,HLF
2025-12-24,52.79999923706055,53.880001068115234,51.55099868774414,51.72999954223633,2419800.0,0.0062892702245109,46.00161495212519,44.06565769229477,42.05999984741211,41.41866645812989,43.96039962768555,37.50559978485107,26.793249897956848,31.670000076293945,53.880001068115234,31.670000076293945,57.290000915527344,20.690000534057617,57.290000915527344,18.68000030517578,57.290000915527344,14.744000434875488,57.290000915527344,10.039999961853027,57.290000915527344,7860582.5,8108884.0,6464443.981481481,323484136.7908859,1,False,7,7,909724396.5435028,7,0.108307858344371,4.901214872087751,0.0928260405853863,2.166212890528309,0.0673298406557829,3.763879805219032,3.2207768832496826,53.880001068115234,47.90999984741211,11310600.0,False,True,False,0.0441098942050051,0.3731060804469091,0.3731060804469091,1.0,1.2227194272356097,0.2010809656927679,0.9216267829164956,True,False,0.3448803233417605,1.3008539126696286,0.5137613996613799,1.4422819798601256,1.8265523755067037,2.504008945882463,0.0,0.0,1.2159719416732513,73.0,96.0,96.0,95.0,95.0,97.0,97.0,96.0,93.0,97.0,96.0,100.0,HUT
2025-12-24,0.8700000047683716,1.1799999475479126,0.7699999809265137,0.8880000114440918,4539000.0,0.0,0.6802510609932686,0.6257815152148641,0.5689999961853027,0.565499997138977,0.7242799925804139,0.9447899997234344,1.224590908397328,0.3319999873638153,1.4700000286102295,0.3319999873638153,1.6699999570846558,0.3319999873638153,1.840000033378601,0.3319999873638153,1.840000033378601,0.3319999873638153,2.109999895095825,0.3319999873638153,6.289999961853027,8699477.5,6977754.0,2167321.590909091,21427241.58597276,-1,False,2,2,417324533.65917206,2,0.2293558592699787,0.1897857167891093,0.2181445008608222,0.9222919987191484,0.0,-13.051668161007916,-15.486852146212115,0.9890000224113464,0.6349999904632568,7912900.0,False,True,False,0.4712643268669373,1.3080460172519135,1.3080460172519135,1.0,4.818678044539833,0.2011929277085187,0.1383147869705345,False,False,0.4054926978534721,1.3594820620828312,-0.3602941208696282,0.6094991338045108,-0.4444444359862856,0.4921600301058418,0.0,0.0,4.01393015992194,98.0,97.0,97.0,10.0,10.0,9.0,9.0,99.0,98.0,97.0,96.0,92.3076923076923,HXHX
2025-12-24,24.959999084472656,26.5,24.030000686645508,26.450000762939453,6470700.0,-0.0803242577082468,19.062308096582203,15.837168792457817,13.574799842834471,12.924666531880696,10.861999940872192,8.117849969863892,5.722399990558625,8.15999984741211,29.799999237060547,5.920000076293945,29.799999237060547,3.5999999046325684,29.799999237060547,3.119999885559082,29.799999237060547,2.799999952316284,29.799999237060547,2.220000028610229,29.799999237060547,2639610.0,2512764.0,1052739.8148148148,75845781.05465889,-1,False,2,2,498006113.2972717,2,0.1133112262177276,2.389071464538574,0.0957160076990863,13.56010672917924,-0.9124885285073828,17.201802884404056,12.4210905880423,29.799999237060547,24.790000915527344,15863500.0,False,False,False,0.0989583094532664,0.7351762860925242,0.7892628036130809,0.9314721062832813,2.435210787801799,1.2979192800905532,0.837583883338874,False,False,1.5652621026471176,2.481284903447588,2.8818040047944757,3.698506228733491,6.77570055696362,6.888400131502879,0.0,0.0,2.5073716818284564,96.0,99.0,99.0,99.0,99.0,99.0,99.0,99.0,99.0,99.0,99.0,96.15384615384616,HYMC
2025-12-24,17.31999969482422,17.68000030517578,17.049999237060547,17.6200008392334,3434100.0,-0.0220214234788058,16.61523469174724,15.87152609218544,15.397999992370606,15.134999974568684,14.04159999847412,12.246500034332277,9.571000025272369,12.630000114440918,17.90999984741211,10.869999885559082,17.90999984741211,7.900000095367432,17.90999984741211,6.690000057220459,17.90999984741211,6.489999771118164,17.90999984741211,5.019999980926514,17.90999984741211,8754675.0,9698758.0,13485319.444444444,111854904.38973428,-1,False,259,259,348386350.6877899,96,0.0409370101266741,0.7157143184116909,0.0413229983269324,5.650065440943279,-0.5449093019599244,12.186401630720129,11.6518740411239,17.860000610351562,17.329999923706055,6533400.0,False,False,False,0.0363741962595703,0.1506928234795061,0.1876443451076506,0.8030768174391526,0.7902063336357088,0.2334776447631577,0.9670575009707136,False,False,0.2415770560312722,1.2009324124884886,0.4653130407785339,1.3961213398899457,1.3468833910900715,2.079075929091544,0.0,0.0,0.6492004165023075,15.0,92.0,92.0,94.0,94.0,96.0,96.0,90.0,92.0,95.0,95.0,92.3076923076923,IAG
2025-12-24,1.870000004768372,1.9900000095367432,1.830000042915344,1.899999976158142,869100.0,-0.0053191438769257,1.9036766192794776,1.7717286515899384,1.6000000047683716,1.5290000041325886,1.4324000024795531,1.1139000016450882,1.305349999666214,0.959999978542328,3.819999933242798,0.7799999713897705,3.819999933242798,0.6700000166893005,3.819999933242798,0.5600000023841858,3.819999933242798,0.5600000023841858,3.819999933242798,0.5600000023841858,6.889999866485596,7902640.0,9044828.0,3285084.722222222,28155836.189971566,-1,False,16,16,190140350.1138091,16,0.194722416119712,0.4864285928862435,0.2601222415218631,1.1744526570043476,-0.0205579824243502,3.659766701064672,0.6603687746447104,2.049999952316284,1.8799999952316284,1301500.0,False,True,True,0.085561479258508,0.577540128428566,1.5187165277687202,0.3802817167447837,0.3677770323548441,0.3055012577012788,0.2714078433969852,False,False,0.6846846672691569,1.6295343184039608,1.3374999711290003,2.2271238301076184,1.6338029032164094,2.3332544935286483,0.0,0.0,2.405612234759716,96.0,98.0,98.0,99.0,99.0,97.0,97.0,98.0,98.0,98.0,98.0,61.53846153846154,IBIO
2025-12-24,16.739999771118164,17.030000686645508,16.399999618530273,16.559999465942383,1165900.0,0.0176291182205934,15.532537851187252,14.94014245182751,14.344400062561036,14.066000048319498,14.251800022125243,12.334100008010864,10.01640001296997,11.050000190734863,17.030000686645508,11.050000190734863,17.899999618530273,8.5,17.899999618530273,8.5,17.899999618530273,6.525000095367432,17.899999618530273,4.5,17.899999618530273,2072505.0,2196534.0,1433484.259259259,29219536.880955696,1,False,77,77,96216768.72997284,77,0.0690311958500518,0.911071641104562,0.0544248299618528,3.207882418264034,0.3183053835668981,1.8460937655893552,0.4761244617443498,16.649999618530273,16.0,1099200.0,False,True,False,0.0376344729228842,0.188769465011489,0.2853047217361749,0.661641573482428,0.7646501260622417,0.1745884551516374,0.935195537869662,False,False,0.3743841832257304,1.3293919252368371,0.4594594055275027,1.3905441117738602,0.6892028283420848,1.496444583950186,0.0,0.0,1.4457814842493977,85.0,96.0,96.0,94.0,94.0,90.0,90.0,94.0,90.0,93.0,90.0,100.0,IE
2025-12-24,22.32999992370605,22.52899932861328,21.559999465942383,21.700000762939453,844200.0,0.0276116150073317,21.21937877462056,20.31109338917065,19.751999969482423,19.36233329772949,18.06559995651245,14.3694499874115,11.47567500114441,16.110000610351562,25.299999237060547,11.25,25.299999237060547,8.664999961853027,25.299999237060547,7.960000038146973,25.299999237060547,7.849999904632568,25.299999237060547,5.150000095367432,25.299999237060547,2173705.0,1975854.0,1317224.0740740742,61337373.71448517,1,False,9,9,293115544.0979004,9,0.0742884220240165,1.720285279410226,0.0770391977289677,3.0640354866168007,0.3487795824628736,-0.3894144353264313,0.175288360224365,22.450000762939453,21.434999465942383,4021600.0,False,False,False,0.0433945304962668,0.2906403848317181,0.3802059919447191,0.7644287333429937,2.4323760763700157,0.2360508357020456,0.8826087192522952,True,False,0.1973190552518513,1.1581232550626537,1.1989168400669818,2.0950845584707176,1.540386805530617,2.250498289779648,0.0,0.0,1.6502165749802122,90.0,90.0,90.0,98.0,98.0,96.0,96.0,90.0,97.0,97.0,96.0,92.3076923076923,IMNM
2025-12-24,26.8799991607666,27.15999984741211,26.56999969482422,26.899999618530277,508000.0,0.0044842649797607,26.229301340305813,25.260285817545668,24.44960006713867,24.30766671498617,23.13040004730225,19.47255002021789,17.812300057411193,21.86000061035156,27.690000534057617,15.949999809265137,27.690000534057617,14.470000267028809,27.690000534057617,14.31999969482422,27.690000534057617,13.789999961853027,27.690000534057617,12.720000267028809,27.690000534057617,1847595.0,1855494.0,1612467.5925925926,48292145.07372856,1,False,280,280,174309592.25177765,280,0.0517237341581278,1.3884285518101285,0.0516528495222814,3.138393593524148,0.0864278768456036,1.586091259726068,0.3157156466415143,27.489999771118164,26.34499931335449,1386500.0,True,True,True,0.0219494111238307,0.1826636905025885,0.2142857294909813,0.8524304951920577,1.4814060298766798,0.1621069720279948,0.970747513265854,True,True,0.1526586411891124,1.1149248578769466,0.7153796445369189,1.63437986362177,0.6400244149943908,1.4528780157047076,0.0,0.0,1.1458183770560992,66.0,85.0,85.0,96.0,96.0,90.0,90.0,79.0,94.0,92.0,89.0,84.61538461538461,IMVT
2025-12-24,41.97999954223633,42.88999938964844,40.84999847412109,41.83000183105469,10710700.0,-0.002139295299281,40.68283037172528,42.61403177891011,43.09360000610352,44.14399998982747,51.28670013427735,42.92715007781983,26.50262501478195,33.34000015258789,58.45000076293945,33.34000015258789,76.87000274658203,17.219999313354492,76.87000274658203,14.720000267028809,76.87000274658203,8.279999732971191,76.87000274658203,5.125,76.87000274658203,38576822.5,38702374.0,27621133.33333333,1459796869.902172,-1,False,22,22,5449857425.0,51,0.0890074017125099,3.453142983572824,0.082256860915365,-2.20606778959879,-0.0260632568694769,4.547556725196737,5.589525433833074,43.369998931884766,40.650001525878906,22761100.0,True,True,True,0.0485945911808523,0.2579799460326648,0.4325869472471343,0.5963655345460122,0.834120408220953,-0.1814642113388945,0.5461167951383082,True,True,-0.1342545248688122,0.8374041683515958,-0.0931086906037472,0.8640681375060562,2.202135823158079,2.8367338304428733,0.0,0.0,1.3966415510345944,83.0,9.0,9.0,32.0,32.0,98.0,98.0,82.0,74.0,96.0,97.0,26.923076923076923,IREN
2025-12-24,12.710000038146973,12.91800022125244,12.43000030517578,12.890000343322754,1128100.0,-0.0215550221635677,12.587856444170535,12.236160257721744,11.930400047302246,11.65433333714803,11.408400001525878,10.496199998855593,6.839749999046326,9.081000328063965,13.550000190734863,9.081000328063965,13.550000190734863,6.860000133514404,13.550000190734863,4.090000152587891,13.550000190734863,2.884999990463257,13.550000190734863,1.600000023841858,13.550000190734863,3248837.5,3028448.0,3621305.092592593,38490373.50072861,-1,False,307,307,164709342.88978577,99,0.064580781668607,0.8570000103541783,0.0674272232715998,1.6920669268179516,-0.3267208046537526,3.052334465957385,4.335960879310505,13.550000190734863,12.899999618530272,2498000.0,False,False,True,0.0383949578766332,0.1723053129413604,0.1841070138131208,0.9358976030987076,1.0506107418717443,0.1140913744650438,0.9380073696853332,False,False,0.2209414240583909,1.1809723148304077,0.1368514929523641,1.0831696609710475,2.7715134925111093,3.341138698366154,0.0,0.0,0.8971454812370053,35.0,91.0,91.0,79.0,79.0,98.0,98.0,91.0,85.0,92.0,97.0,76.92307692307693,JMIA
2025-12-24,2.6700000762939453,2.7100000381469727,2.5799999237060547,2.619999885559082,12724400.0,0.0075471623421736,2.635671411954187,2.76421850268772,2.7963999938964843,2.7893333276112875,3.401300005912781,2.8175999975204467,1.9013799992203717,2.240000009536743,3.566999912261963,2.240000009536743,6.599999904632568,1.1799999475479126,6.599999904632568,0.9800000190734864,6.599999904632568,0.699999988079071,6.599999904632568,0.6729999780654907,6.599999904632568,63121907.5,76937192.0,46158089.81481481,157555994.0518868,1,False,75,75,1237312860.9526155,71,0.0891513014845055,0.2367857183728899,0.0886837871186718,-2.424411643059158,0.084464473043166,5.459301131172779,7.022727606306906,2.7300000190734863,2.5999999046325684,24868100.0,False,False,True,0.0486891800472765,0.2846441830511719,0.4970036946842123,0.5727204568006884,0.5315876357951821,-0.2150060060410878,0.4045454719506678,True,True,-0.0430107122579965,0.9256609958042726,-0.0037313396321504,0.9492251131977364,2.354271436555798,2.97150895091695,0.0,0.0,1.3675155915949648,82.0,21.0,21.0,49.0,49.0,98.0,98.0,73.0,62.0,95.0,96.0,26.923076923076923,KEEL
2025-12-24,31.07999992370605,31.18000030517578,27.489999771118164,28.15999984741211,1242600.0,0.1322404029098427,26.88451649526896,25.14142219394261,24.139999923706053,23.372666613260904,21.179199924468996,16.110199990272523,10.065299996137618,18.049999237060547,31.18000030517578,10.9399995803833,31.18000030517578,8.289999961853027,31.18000030517578,3.7300000190734863,31.18000030517578,3.259999990463257,31.18000030517578,1.919999957084656,31.18000030517578,858237.5,937458.0,633101.3888888889,23549912.691717148,1,False,93,93,85920243.3101654,93,0.083868507586901,2.342857224600656,0.0753815067680762,6.201488226925355,1.5493898316340389,6.761270855885481,7.334229448444933,28.799999237060547,26.950000762939453,982000.0,False,False,False,0.1187258862006333,0.3114543220378977,0.3198198377882218,0.9738430367291238,1.306895882268859,0.4674775267501185,0.9967928037045872,False,False,0.4211247705098622,1.374602398461664,0.9821428136992394,1.888546545279301,7.222222264271355,7.283968371921153,0.0,0.0,1.355608303918321,81.0,97.0,97.0,98.0,98.0,99.0,99.0,97.0,99.0,99.0,99.0,100.0,KOD
2025-12-24,80.80999755859375,80.8499984741211,79.0,79.94000244140625,1436300.0,0.0103775214656602,73.2759432310543,70.60437824118027,67.33320037841797,66.2846669514974,71.61259994506835,66.46419994354248,54.115199966430666,55.369998931884766,81.0,55.369998931884766,88.81999969482422,48.2599983215332,88.81999969482422,43.4900016784668,88.81999969482422,41.290000915527344,88.81999969482422,25.024999618530277,88.81999969482422,1881310.0,1736876.0,1361106.4814814816,126893242.38788605,1,False,153,153,554197381.2885284,153,0.0531990328450777,4.046498707362583,0.0500742337534232,2.5648454928433653,0.205114164536859,2.3182317757514017,1.0148091939156578,81.0,76.22000122070312,1111000.0,True,False,False,0.0228931880956894,0.2081178233084666,0.2299220689566621,0.9051667995719656,1.496036562195574,0.1284326727500526,0.9098175842856118,True,True,0.2646321694666385,1.2232327867291617,0.1989613609662299,1.1423467171622863,0.6165232015465738,1.4320585717692746,0.0,0.0,1.3821916401076193,83.0,93.0,93.0,85.0,85.0,90.0,90.0,93.0,88.0,89.0,89.0,100.0,KRMN
2025-12-24,21.36000061035156,21.479999542236328,21.11000061035156,21.3799991607666,294300.0,-0.0009353859307785,20.941125720664463,20.21950229420411,19.616000061035155,19.245000012715657,17.674400024414062,16.463800020217896,14.903449993133544,16.309999465942383,22.549999237060547,13.600000381469728,22.549999237060547,13.600000381469728,22.549999237060547,13.128000259399414,22.549999237060547,13.128000259399414,22.549999237060547,9.119999885559082,22.549999237060547,1071790.0,1184180.0,818315.2777777778,16984008.506088257,-1,False,70,70,48564647.09186554,258,0.046947943554493,0.9324284962245396,0.0436530182388039,4.77693477336994,-0.0214478112756253,-0.8484375862507729,-0.4883795430724771,21.76000022888184,20.96500015258789,541000.0,True,True,True,0.0173220468779132,0.1100187413070981,0.2715355370472101,0.4051725328606615,0.5483963586616899,0.2085276207874946,0.9472284404891136,True,True,0.2557319413837349,1.214623919215561,0.3518987564871734,1.2880624486216428,0.5810510916711833,1.400634253852158,0.0,0.0,1.309751912380959,79.0,93.0,93.0,91.0,91.0,89.0,89.0,86.0,91.0,87.0,84.0,57.692307692307686,KROS
2025-12-24,21.220666885375977,21.25996344154799,20.87681311807256,20.92593428175064,1446000.0,0.0084034062821931,21.85991997786346,21.464729240184045,21.378907775878908,20.55287233988444,18.75969514846802,16.74590962409973,12.463682994842529,14.511308323182728,24.644792696279264,13.60251895362223,24.644792696279264,11.793290428460832,24.644792696279264,8.612205865174912,24.644792696279264,7.148386920490597,24.644792696279264,5.779954510724917,24.644792696279264,5423945.0,5114460.0,9712958.796296297,115874305.06976128,1,False,155,155,2911461718.200684,155,0.0529440945059207,1.0576729719151896,0.0498416462417623,2.632015672652958,0.1671970762106143,-0.2606886498385972,1.7783884101147125,21.456451190308083,20.817866712685674,3126800.0,True,False,True,0.0180555269796667,0.147685151602218,0.180339571996716,0.8189281474223933,0.7269545562972435,0.1311839940591428,0.8610608799553732,True,True,0.3805439651011804,1.3353500586222375,0.3530190472327861,1.2891298395294588,1.62671298974753,2.326973623976948,0.0,0.0,0.5584235569977127,11.0,96.0,96.0,91.0,91.0,97.0,97.0,93.0,91.0,92.0,95.0,26.923076923076923,KSS
2025-12-24,1.1699999570846558,1.1699999570846558,1.1200000047683716,1.1399999856948853,140500.0,0.0086206816818992,1.1439846854441516,1.08176796737423,1.0142399859428406,0.9623333235581716,0.8741599941253662,0.8115799987316131,0.914324999153614,0.2809999883174896,2.059999942779541,0.2809999883174896,2.059999942779541,0.2809999883174896,2.059999942779541,0.2809999883174896,2.059999942779541,0.2809999883174896,2.059999942779541,0.2809999883174896,3.7899999618530273,10953257.5,8776988.0,3887902.777777778,22142094.063447718,1,False,232,232,343411771.6907501,232,0.2081347858211333,0.0938571265765598,0.0802197692471956,4.218756933085808,0.106544817937717,-6.176239373726674,-6.155963131213715,1.1829999685287476,1.149999976158142,168300.0,False,True,True,0.0427350035472406,0.2572649658862737,1.327350402270234,0.1938184261264098,0.0619027848733529,0.3384277076821502,0.3087071157944321,False,False,1.7529409982753923,2.6628198857550918,0.6478873133020866,1.5700745027237288,0.5940053320981475,1.4121102605227989,0.0,0.0,2.8172663068135133,96.0,99.0,99.0,96.0,96.0,89.0,89.0,99.0,99.0,99.0,98.0,61.53846153846154,KTTA
2025-12-24,83.12999725341797,84.83000183105469,82.66999816894531,83.73999786376953,256500.0,-0.0047887170085538,82.77450966229362,79.34539088144639,76.31839935302735,74.28233273824056,68.65019950866699,58.15634952545166,47.39839968681336,61.5009994506836,103.0,54.09000015258789,103.0,39.84000015258789,103.0,36.650001525878906,103.0,28.059999465942383,103.0,19.44499969482422,103.0,1092387.5,1003586.0,847558.3333333334,124629367.41775513,-1,False,16,16,706825672.8744507,16,0.0543876735606894,6.899571010044643,0.0829973684350261,2.541302533020963,-0.0579748400728928,3.2425268522934374,2.551106303818562,85.1449966430664,82.55000305175781,343300.0,True,True,True,0.0259834444060512,0.1675688772454883,0.4728738442448914,0.3543627529517323,1.0504829680764778,0.210921422638006,0.8070873519749318,True,False,0.2674188427328006,1.225928234613038,0.5470363135606575,1.47398566097464,0.8186392237679263,1.6111107386896626,0.0,0.0,1.2888640899839736,78.0,94.0,94.0,95.0,95.0,92.0,92.0,89.0,90.0,94.0,94.0,57.692307692307686,KYMR
2025-12-24,8.989999771118164,9.229999542236328,8.763999938964844,8.859999656677246,860000.0,0.0123873485652732,8.341148751765283,8.105289672113772,7.9503999519348145,7.814666620890299,7.480999984741211,6.053899986743927,4.398199991583824,6.389999866485596,13.670000076293944,5.300000190734863,13.670000076293944,3.2699999809265137,13.670000076293944,2.5199999809265137,13.670000076293944,2.190000057220459,13.670000076293944,1.7799999713897705,13.670000076293944,1778525.0,1540822.0,675268.9814814815,24186593.136298656,1,False,9,9,210442502.06451416,9,0.1045763903281797,1.2512857573372975,0.1391864059170787,1.449214610651197,0.0879093013184473,2.8218848162708188,1.442237162533855,9.100000381469728,8.069999694824219,2220400.0,False,True,False,0.0518353298259899,0.7886540971186305,0.8031146218962356,0.9819944446491806,3.346110063329833,0.2017109730590587,0.6576444565430778,True,False,0.2002670288167536,1.160974722869708,0.4157480167140812,1.3488967633777655,1.5907780106615017,2.295139255761718,0.0,0.0,2.6338023051170967,96.0,90.0,90.0,93.0,93.0,97.0,97.0,91.0,94.0,98.0,98.0,92.3076923076923,KYTX
2025-12-24,18.426494598388672,18.67496403863229,18.138269137783816,18.48612673325915,1235200.0,-0.0005390026898406,18.247339196195725,18.15104014928549,18.198108901977537,17.799038378397622,17.222481307983397,14.280914459228516,13.26173146724701,14.601790417344803,20.83167917205996,11.39574809117509,20.83167917205996,9.793219054375124,20.83167917205996,9.793219054375124,20.83167917205996,9.793219054375124,20.83167917205996,9.262729139478225,20.83167917205996,3935545.0,4932588.0,3933899.074074074,65973062.52332688,-1,False,68,68,410118150.69007874,68,0.0481498268716866,0.9512829318766955,0.0516258220898879,1.35415562590608,-0.0104461943381542,-1.8105775839463585,-1.891959331028796,18.51594203057989,18.07863717643715,1712600.0,False,True,True,0.0291262615351376,0.2348975159269733,0.2348975159269733,1.0,0.910554459444008,0.0699093974250482,0.8845419731263341,False,False,0.0861461581339961,1.0505897476653347,0.5058533312799705,1.4347473284120442,0.621042090456484,1.43606180141183,0.0,0.0,1.0004183955650447,49.0,73.0,73.0,94.0,94.0,90.0,90.0,82.0,92.0,93.0,89.0,57.692307692307686,LBRT
2025-12-24,395.9200134277344,401.6000061035156,385.2000122070313,387.75,1522400.0,0.0219664171941393,362.1746051705172,338.3655280102363,327.31960021972657,312.8436665852865,266.4138003540039,205.17795013427732,141.18962493896484,215.3500061035156,401.6000061035156,147.80999755859375,401.6000061035156,111.1999969482422,401.6000061035156,88.93000030517578,401.6000061035156,71.04000091552734,401.6000061035156,45.650001525878906,401.6000061035156,4998580.0,4591710.0,3245469.4444444445,1350190202.1670532,1,False,49,49,2595790925.0,49,0.0709666259971621,24.517569405691965,0.0619255621695594,7.849896463561575,0.3470984266347923,11.64163799383737,12.384783928163667,390.4100036621094,380.9100036621094,1627000.0,False,False,False,0.0414224927770108,0.2337088190571755,0.309506982190706,0.7551003127715333,0.8430040224665757,0.4861092514788869,0.9858565921577273,False,False,0.3225548931089559,1.2792593345006114,1.488341473879525,2.370842636308364,3.1803401674052383,3.703313360375297,0.0,0.0,1.5401716409798616,88.0,95.0,95.0,99.0,99.0,99.0,99.0,97.0,99.0,98.0,98.0,100.0,LITE
2025-12-24,79.80000305175781,81.0,77.0,78.0,1017200.0,0.0111505943136067,79.89399059652187,77.9398483717233,76.89880004882812,75.86566670735677,69.58419998168945,61.71939994812012,48.40699997901916,64.05000305175781,85.19999694824219,47.04399871826172,85.19999694824219,47.04399871826172,85.19999694824219,35.70000076293945,85.19999694824219,28.709999084472656,85.19999694824219,24.309999465942383,85.19999694824219,2936017.5,2797942.0,2522282.407407407,183493917.2795868,1,False,49,49,1050604656.7962646,49,0.068272486672003,5.588784354073661,0.0700348889767436,2.096271015232233,0.1574590871753828,3.021164441665757,2.5168113241436223,81.43000030517578,77.53700256347656,2291400.0,False,False,True,0.0501253113662868,0.1276941656932337,0.1888219622534286,0.6762675494381749,0.8780203449535409,0.146812107816955,0.9366197876771662,False,False,0.0931507267364084,1.0573650125828626,0.5211590629893352,1.4493303274487013,0.8644860858469114,1.651725925509202,0.0,0.0,1.1640320256675227,68.0,75.0,75.0,95.0,95.0,93.0,93.0,80.0,94.0,90.0,93.0,73.07692307692307,LMND
2025-12-24,7.210000038146973,7.460000038146973,7.159999847412109,7.329999923706055,74600.0,-0.0399467618630858,6.036687223129566,5.308991299113678,4.766800003051758,4.742833328247071,4.473700022697448,4.198150002956391,3.6768750023841856,3.799999952316284,8.359999656677246,3.5999999046325684,8.359999656677246,3.5299999713897705,8.359999656677246,3.240000009536743,8.359999656677246,2.609999895095825,8.359999656677246,2.200000047683716,8.359999656677246,1589377.5,1277282.0,324094.8611111111,21207293.532007933,-1,False,6,6,406346291.3132668,6,0.0884780435076459,0.6640714747565133,0.0921042262472976,6.640752503424799,-0.4517588876180242,-1.6022393027798074,-4.612855110937812,7.769999980926514,7.059999942779541,247700.0,True,True,False,0.041608902794398,0.6324548793668132,0.6324548793668132,1.0,4.925239688651371,0.6116413710277457,0.8624402313686995,False,False,0.6330691054232425,1.579608459265016,0.892388489876722,1.80303039729673,1.3795379888534989,2.108004246724136,0.0,0.0,4.904050297345213,99.0,98.0,98.0,97.0,97.0,96.0,96.0,98.0,97.0,94.0,93.0,92.3076923076923,LONA
2025-12-24,35.790000915527344,36.40999984741211,35.130001068115234,35.40999984741211,409500.0,0.0156072420790098,34.61704439940082,33.4281207569517,32.9955997467041,32.22599983215332,29.051399955749517,26.94800001144409,20.996750040054323,26.399999618530277,36.40999984741211,21.350000381469727,36.40999984741211,21.149999618530277,36.40999984741211,12.210000038146973,36.40999984741211,11.850000381469728,36.40999984741211,11.260000228881836,36.40999984741211,1943367.5,1966002.0,2098900.462962963,38895990.040864944,1,False,197,197,257633824.07798767,134,0.0448349318874448,1.4757134573800224,0.0412325627166941,5.62551576168466,0.3727005634528901,0.079413397918163,2.385718391758794,36.09000015258789,35.060001373291016,627400.0,False,False,False,0.0357641449162845,0.1201452675905076,0.1651299160723988,0.7275802619425523,0.4949231994677523,0.2319544314574142,0.9829717403327912,False,False,0.1981921630386496,1.158967780527802,0.5942093407234808,1.518931190057104,1.7895558167072148,2.4712341368948247,0.0,0.0,0.9258978852463536,38.0,90.0,90.0,95.0,95.0,97.0,97.0,89.0,94.0,90.0,97.0,92.3076923076923,LQDA
2025-12-24,16.709999084472656,17.5,16.0,16.940000534057617,8590900.0,0.0121138008975283,13.92667469712137,12.558882501026096,11.262200012207032,10.901166661580405,11.150100021362304,10.522849979400634,10.213224983215332,7.78000020980835,17.5,7.78000020980835,17.5,7.78000020980835,17.5,7.78000020980835,17.5,7.78000020980835,17.5,6.135000228881836,22.399999618530277,7879377.5,7905998.0,8893489.814814815,124912856.9970894,1,False,292,292,658640339.5009041,5,0.0952713401272031,1.3670713560921806,0.0818115757625921,6.094995459539335,0.146297305330516,-1.0514394486951293,-4.03801190303022,16.93899917602539,14.68000030517578,17144900.0,False,True,False,0.0897666117405019,0.4395571914695055,0.5080790087539431,0.8651355082500133,1.6784016388569791,0.4986411828107575,0.7459821146893861,False,False,0.8566665649414062,1.7958861644473212,0.6544552924106979,1.5763323435661276,0.4709506680883355,1.3030976053237624,0.0,0.0,0.8859713862689197,33.0,99.0,99.0,96.0,96.0,86.0,86.0,98.0,97.0,95.0,93.0,96.15384615384616,LUNR
2025-12-24,32.11000061035156,32.63999938964844,31.0,32.060001373291016,230500.0,-0.00279503572843,30.89716516806606,29.97884036661597,30.578800048828125,29.663333447774253,25.40900005340576,19.697500019073487,15.151424989700317,23.06999969482422,35.54999923706055,12.9399995803833,35.54999923706055,9.630000114440918,35.54999923706055,9.630000114440918,35.54999923706055,9.43000030517578,35.54999923706055,4.807000160217285,35.54999923706055,884477.5,875392.0,685889.8148148148,28345720.049409863,-1,False,93,93,566070000.0,93,0.0769538449662372,2.253999710083008,0.0701961901974043,3.756977013067428,-0.0399290879165979,1.7146566782563166,1.179801749451699,35.099998474121094,32.0,683700.0,False,True,False,0.0510744116622575,0.2650264141941425,0.2650264141941425,1.0,1.1480570989910803,0.2637254729765572,0.903234917003238,False,False,0.0278489387198308,0.9942009637293492,0.8528563618992087,1.7653649661262392,1.844109895380491,2.519562942763059,0.0,0.0,1.2895329262744664,78.0,51.0,51.0,97.0,97.0,97.0,97.0,91.0,98.0,98.0,98.0,61.53846153846154,MBX
2025-12-24,37.43000030517578,37.65999984741211,36.5,36.650001525878906,665200.0,0.0021419500488097,37.30253255386606,38.07764793381036,38.91880020141602,39.76966679890951,40.43740013122559,34.67359996795654,24.595074982643126,33.630001068115234,47.650001525878906,33.630001068115234,47.650001525878906,14.260000228881836,47.650001525878906,12.59000015258789,47.650001525878906,12.59000015258789,47.650001525878906,8.241000175476074,47.650001525878906,1701780.0,1547902.0,1340288.4259259258,58408516.57680512,1,False,113,113,453638805.5938721,113,0.0497426980548898,1.8481431688581196,0.0493759859414844,-1.50623302011308,0.0432876805232123,4.78797051459069,4.35845072025347,38.22499847412109,36.505001068115234,1277800.0,False,False,True,0.0309911792133142,0.0913439087652427,0.2243922523835488,0.407072471509001,1.1619017224604655,-0.0743717404257031,0.7855193936320736,True,False,-0.1213614637119298,0.8498751583431396,-0.0280446134362341,0.926059905862631,1.6735714503696988,2.368484973847887,0.0,0.0,1.2697117777648057,77.0,10.0,10.0,43.0,43.0,97.0,97.0,52.0,42.0,97.0,97.0,23.07692307692308,MLYS
2025-12-24,32.75,32.790000915527344,32.14400100708008,32.15999984741211,2780200.0,0.0142458678052082,31.451545916959084,29.691202461978108,27.843199996948243,27.40666662851969,26.83819995880127,26.391999969482423,27.48254991531372,22.280000686645508,35.900001525878906,22.280000686645508,35.900001525878906,22.280000686645508,35.900001525878906,22.280000686645508,35.900001525878906,22.280000686645508,35.900001525878906,22.280000686645508,38.119998931884766,11783725.0,11083266.0,10625398.611111112,304983250.4932022,1,False,55,55,1370381388.2766724,55,0.05215868068893,1.6709288188389368,0.0510207272927919,4.317374347837696,0.2752954400489014,-5.039484609533949,-8.720675285855819,34.970001220703125,32.13800048828125,11927000.0,True,False,False,0.0197251880441913,0.2210687535409708,0.3658015709796934,0.6043406345929634,1.0273614293837214,0.2202755792219226,0.859129090179666,True,True,0.3561076818763571,1.3117137289857628,0.3307598207138831,1.2679216879006618,0.1891793359213436,1.05347975194403,0.0,0.0,1.109014864409662,63.0,96.0,96.0,91.0,91.0,71.0,71.0,93.0,88.0,83.0,78.0,92.3076923076923,MRNA
2025-12-24,286.44390869140625,289.06174621510235,277.0216817136172,277.7710640807415,18592600.0,0.0376806492699737,260.877943023864,250.5617325308844,241.40222412109372,241.10660095214843,232.73976470947267,189.20049118041996,144.05478706359864,192.43139181117184,289.06174621510235,165.26019419500858,289.06174621510235,113.29560228932478,289.06174621510235,103.23021586705364,289.06174621510235,90.71286544475002,289.06174621510235,61.39304206442101,289.06174621510235,27142817.5,26236320.0,24053712.962962963,6525807815.846024,1,False,6,6,16556386582.305908,5,0.0492056542928964,15.513636246637898,0.0541594210102444,4.260525752444301,0.6704720012040098,14.286580307881731,11.657605299995826,281.62784230536295,272.0957215109541,20767600.0,False,False,False,0.0420328871941775,0.2358378637344651,0.2358378637344651,1.0,1.2748060703635269,0.2307476079516195,0.9909436735992452,False,False,0.2802215585891121,1.2383118368752062,0.8291112254363195,1.74274106883476,1.2788060065666669,2.0187669882999097,0.0,0.0,1.1284252681402462,65.0,94.0,94.0,97.0,97.0,96.0,96.0,94.0,94.0,97.0,96.0,100.0,MU
2025-12-24,19.670000076293945,19.940000534057617,19.049999237060547,19.690000534057617,619500.0,-0.0174825361372056,19.32828028559345,18.941831801897127,18.549600143432617,18.3366668065389,18.6084001159668,16.18130006790161,12.47485003709793,15.899999618530272,20.670000076293945,14.93000030517578,24.8799991607666,9.864999771118164,24.8799991607666,9.81999969482422,24.8799991607666,7.420000076293945,24.8799991607666,6.380000114440918,24.8799991607666,1214155.0,1414640.0,1125448.611111111,22252855.880393986,-1,False,113,113,92279549.2111206,69,0.0551742232897978,1.1351430075509208,0.0577093545067639,0.9885659357121254,-0.3083315310419388,5.06010308107467,4.444871128164417,20.270000457763672,19.459999084472656,1383100.0,False,True,True,0.0452466341405707,0.1126080398574773,0.1596339286969667,0.7054141984517672,1.009429960979472,0.0570495020373218,0.7905948850396937,False,False,0.137651766034855,1.1004092523449596,0.3380952606473035,1.274910750267218,1.0236625036952427,1.792738410443006,0.0,0.0,1.0788186932865045,59.0,83.0,83.0,91.0,91.0,94.0,94.0,79.0,80.0,94.0,91.0,92.3076923076923,MUX
2025-12-24,6.099999904632568,6.150000095367432,5.769999980926514,5.929999828338623,2075400.0,0.0304053760167022,5.878113173757796,5.982804634061975,5.9620000267028805,5.930000019073487,6.555500011444092,6.163250012397766,4.35292500436306,5.03000020980835,7.090000152587891,5.03000020980835,12.579999923706056,3.5,12.579999923706056,2.309999942779541,12.579999923706056,2.1700000762939453,12.579999923706056,1.590000033378601,12.579999923706056,4743925.0,6573746.0,3999507.407407407,21794705.28551817,1,False,72,72,395174397.3464966,72,0.0834994960769985,0.4858572483062744,0.0796487304757654,-0.8723761879057884,0.3704788370784063,1.567673684853025,3.3376447144195933,6.269999980926514,5.610000133514404,3190800.0,True,False,True,0.0622951017019412,0.2245902268548907,0.3032787558020725,0.7405405837310413,0.5102646192901277,-0.0694836558639838,0.4848966567271262,False,False,0.077738528106434,1.0424573523675462,-0.1655266823007504,0.7950697045524796,1.2262773297084428,1.972232461677249,0.0,0.0,1.18612731938285,70.0,70.0,70.0,23.0,23.0,95.0,95.0,76.0,67.0,91.0,96.0,57.692307692307686,NB
2025-12-24,9.9399995803833,10.079999923706056,9.779999732971191,10.0,1033500.0,-0.0148662606477877,9.86213530381201,9.677024995728567,9.596399955749511,9.4389999071757,9.118799934387209,8.240099968910217,6.119499980211258,8.020000457763672,10.470000267028809,7.670000076293945,10.899999618530272,5.809999942779541,10.899999618530272,4.340000152587891,10.899999618530272,3.4200000762939453,10.899999618530272,2.259999990463257,10.899999618530272,2677442.5,2902294.0,3803166.6666666665,24033941.97728157,-1,False,246,246,109056237.60910034,246,0.0417082652596136,0.4135712896074567,0.0416067713346431,2.164447469063768,-0.3626958059563652,6.084228464193284,7.481382156983314,10.1899995803833,9.949999809265137,1480300.0,False,True,True,0.0301811069818269,0.0855130245148997,0.1348088741605579,0.6343278589587017,0.936345525298264,0.0900556709111832,0.9119265989225404,False,False,0.1425287124486618,1.1051265455599546,0.2518891068954196,1.1927752286868645,1.39518056673761,2.121861819397437,0.0,0.0,0.704003462027258,17.0,84.0,84.0,87.0,87.0,96.0,96.0,80.0,78.0,90.0,94.0,61.53846153846154,NG
2025-12-24,17.040000915527344,17.184999465942383,16.850000381469727,17.06999969482422,350200.0,-0.0087259810279288,16.702305680232953,15.962477148495273,15.26360019683838,14.81433350245158,14.006700134277343,14.80495008468628,14.076000051498411,10.869999885559082,17.40999984741211,10.869999885559082,17.40999984741211,10.869999885559082,18.25,10.869999885559082,18.25,10.84000015258789,18.25,9.045000076293944,18.25,1239505.0,1256474.0,1324682.4074074074,17580266.390919685,-1,False,286,286,42973526.21154785,119,0.045446614431184,0.6610715729849679,0.0387952780203538,5.582140681237975,-0.2269037493973202,-7.89951869251274,-8.034778435326622,17.350000381469727,16.93000030517578,583100.0,False,True,False,0.0196595696287431,0.0909624476206722,0.2347417714253221,0.3875000476837158,0.8671090687113303,0.2165606996773548,0.9336986803028682,True,True,0.3148148815872791,1.27177270234656,0.0723725958060057,1.0217354405871415,0.1299735412292761,1.0010300464860016,0.0,0.0,0.9356997519321544,40.0,95.0,95.0,70.0,70.0,64.0,64.0,95.0,91.0,87.0,82.0,80.76923076923077,NN
2025-12-24,19.36000061035156,19.84000015258789,19.209999084472656,19.46999931335449,480500.0,0.0036288072318271,18.870466749088237,18.10951014315238,18.040000076293943,17.129000091552733,14.911900043487549,12.205899991989137,11.811125011444092,12.010000228881836,22.5,8.850000381469727,22.5,8.194999694824219,22.5,8.194999694824219,22.5,8.194999694824219,22.5,8.180000305175781,22.5,1848180.0,1910580.0,1174334.7222222222,38143359.430389404,1,False,16,16,130146841.83769226,16,0.0617958623961107,1.299642562866211,0.0671302955523311,4.443478206816792,0.0538607281911747,-1.307875862917432,-2.266207054502708,19.6299991607666,19.100000381469727,902400.0,False,True,True,0.0325413764593778,0.1296487680656254,0.3347107096046035,0.3873457416967044,1.0095939452940992,0.2982920053039535,0.8604444715711805,False,False,0.1288630344593957,1.091908231355277,1.3241297464187984,2.214384943932744,0.6351351656123088,1.4485466881491058,0.0,0.0,1.5738102306152064,89.0,82.0,82.0,99.0,99.0,90.0,90.0,96.0,97.0,96.0,94.0,80.76923076923077,NRIX
2025-12-24,4.724999904632568,4.96999979019165,4.47599983215332,4.710000038146973,3334900.0,-0.0115063394898859,4.10514316461721,4.088323950418153,4.090600032806396,4.125166694323222,4.515500030517578,2.7139500111341475,1.7631800068914891,2.880000114440918,5.349999904632568,1.4700000286102295,7.590000152587891,0.3210000097751617,7.590000152587891,0.3210000097751617,7.590000152587891,0.3210000097751617,7.590000152587891,0.3210000097751617,7.590000152587891,8506422.5,12472890.0,10555294.444444444,23793191.419337988,-1,False,92,92,471949465.2767181,76,0.1322380022105735,0.4952857324055263,0.104822379344374,0.442612732866677,-0.1110476268085762,6.580553823676162,4.547659407153299,4.840000152587891,4.110000133514404,7015300.0,False,True,False,0.1045502577796867,0.4423279826316224,0.5227512888984335,0.8461537867533854,0.448539191799174,0.0463957197872009,0.6225296191886808,False,False,0.0738635914138536,1.0387092667792577,2.423912986202216,3.2622367050138723,8.762396550073289,8.6483903523116,0.0,0.0,0.8058915404749486,24.0,69.0,69.0,99.0,99.0,99.0,99.0,96.0,99.0,99.0,99.0,80.76923076923077,NUAI
2025-12-24,9.520000457763672,9.5600004196167,9.199999809265137,9.470000267028809,2341900.0,0.0192719809673564,8.991236475828643,8.384537572470864,8.26800006866455,7.688333400090536,6.461800041198731,4.797600028514862,3.456600013375282,4.53000020980835,9.75,3.359999895095825,9.75,2.569999933242798,9.75,2.032999992370605,9.75,1.5700000524520874,9.75,1.5399999618530271,9.75,9040445.0,9099834.0,6060906.944444444,52416228.00709248,1,False,35,35,422638650.6371975,35,0.0584827614975511,0.5062144143240792,0.0531737804604048,8.900509953907038,0.3555811531288099,11.121848605767806,9.722179919736934,9.538999557495115,9.0600004196167,7587300.0,False,True,False,0.0378151883446578,0.1859243588043168,0.2410714249937189,0.7712417961156576,0.6747002198062074,0.4732737622747009,0.9764103033603766,False,False,0.2847504256141739,1.2426924455340296,2.1627908597762118,3.0134446975209936,3.8324874718299977,4.281042858141987,0.0,0.0,1.4915993733061128,86.0,94.0,94.0,99.0,99.0,99.0,99.0,98.0,99.0,99.0,99.0,92.3076923076923,NUVB
2025-12-24,15.167450904846191,15.296239659552706,14.949499033013646,15.078288732514933,277100.0,0.0118969376171564,15.128965067343668,14.624218357223317,13.886121139526368,13.653313318888346,13.818471240997315,15.432157068252565,16.741604928970336,10.884243075224417,20.131904685159,10.884243075224417,20.131904685159,10.884243075224417,22.368489535190097,10.884243075224417,22.368489535190097,10.884243075224417,22.368489535190097,10.884243075224417,22.496732419349836,882132.5,811610.0,583610.1851851852,17837947.655129433,1,False,12,12,56028661.621284485,12,0.0564670100842252,1.0570698479488274,0.0696933093491062,1.4007296328379155,0.1686971771523731,-11.178421519192815,-11.687345402562665,15.157543428129811,14.840522273477577,604200.0,False,True,True,0.0228608372438028,0.3744026951342995,0.5258538183584512,0.7119900665608285,1.9516762977292048,0.0976214836158329,0.6742068413366735,False,False,0.2662142838319605,1.224763108518171,0.1404375478013975,1.0865863832422773,-0.1829462058036096,0.7238181848897135,0.0,0.0,1.5115097755192377,87.0,93.0,93.0,79.0,79.0,21.0,21.0,91.0,85.0,80.0,74.0,73.07692307692307,NX
2025-12-24,2.180000066757202,2.200000047683716,2.119999885559082,2.130000114440918,1484000.0,0.013953474446076,2.1612377283716664,2.0890929854786355,1.9896000146865844,1.9360000093777971,1.9252000045776367,1.9824999928474427,1.7882999992370603,1.559999942779541,3.7200000286102295,1.559999942779541,3.7200000286102295,1.559999942779541,3.7200000286102295,1.559999942779541,3.7200000286102295,1.4299999475479126,3.7200000286102295,1.3200000524520874,3.7200000286102295,7421867.5,6144038.0,3115663.888888889,29697870.159893632,1,False,13,13,197989626.63669583,13,0.1024600179267216,0.3156428847994123,0.1447903096943194,0.9140799407681192,0.0950440286618061,-5.736931998210976,-5.969056369842747,2.200000047683716,2.130000114440918,3369300.0,False,False,True,0.0366973209517538,0.7568807545138486,0.9174311645664506,0.8250000476837158,2.617767012508712,0.1323499177091811,0.5860215188147828,False,False,0.2674418781949994,1.2259505159793511,0.028301973791049,0.9797458218879084,0.3797468402182857,1.2223012249473368,0.0,0.0,2.38211429880737,95.0,94.0,94.0,61.0,61.0,83.0,83.0,91.0,85.0,80.0,74.0,73.07692307692307,NXDR
2025-12-24,27.450000762939453,27.86000061035156,25.850000381469727,26.989999771118164,1029900.0,-0.0079508244578204,29.23147920833553,27.67216296805517,28.159599914550785,25.23499992688497,18.57279993057251,13.073399968147278,8.783274986743926,7.820000171661377,36.25899887084961,6.650000095367432,36.25899887084961,5.340000152587891,36.25899887084961,4.369999885559082,36.25899887084961,3.890000104904175,36.25899887084961,2.859999895095825,36.25899887084961,5150200.0,4476058.0,1716990.2777777778,89052981.93003654,-1,False,36,36,1758785866.6992188,36,0.0889327456379356,2.8552141189575195,0.1040150834098473,4.595178043175061,-0.077051774118719,6.778085536079454,9.42219455439307,28.850000381469727,27.170000076293945,1493200.0,False,True,True,0.0732240500188094,0.3791984772340402,0.3875773309988405,0.9783814658530032,0.64986870143327,0.4779678274439529,0.757053465836528,False,False,0.0958084470648683,1.0599357289715654,2.351648616525908,3.193384640089106,5.019737084954292,5.332813091738238,0.0,0.0,2.999551055504909,97.0,75.0,75.0,99.0,99.0,99.0,99.0,99.0,99.0,99.0,99.0,30.76923076923077,OLMA
2025-12-24,15.359999656677246,17.649999618530273,13.920000076293944,16.440000534057617,24509200.0,0.7554285321916854,10.53797576096477,10.02490136850398,9.979599990844726,9.603666655222575,8.825599975585938,6.529899978637696,5.843200002908707,6.239999771118164,17.649999618530273,4.059999942779541,17.649999618530273,3.940000057220459,17.649999618530273,3.059999942779541,17.649999618530273,2.950000047683716,17.649999618530273,2.950000047683716,17.649999618530273,2252377.5,4925462.0,1893195.3703703703,33708322.34395027,1,False,70,70,1304802829.553604,70,0.083592520966091,1.3028570583888464,0.0848214249680971,8.72882711295433,5.073464977694005,4.153646364999725,1.5323118271648828,9.649999618530272,8.600000381469727,2520300.0,False,False,False,0.2428385172922081,0.6106770423454378,0.6106770423454378,1.0,0.8430214262134191,0.7403915540209474,0.8702549568642021,False,False,0.5737704197202647,1.5222509933447697,2.5068491450571257,3.3412566400062764,3.626506013713808,4.098566347790258,0.0,0.0,1.189722695951534,71.0,98.0,98.0,99.0,99.0,99.0,99.0,99.0,99.0,99.0,99.0,100.0,OMER
2025-12-24,9.130000114440918,9.199999809265137,8.850000381469727,8.979999542236328,26112000.0,0.0189732227198855,8.685607602667838,8.413496760747547,8.340400009155273,8.061833349863688,7.560900020599365,6.934750003814697,4.1237900039553645,5.480000019073486,9.859999656677246,4.949999809265137,11.699999809265137,3.200000047683716,11.699999809265137,1.7100000381469729,11.699999809265137,0.843999981880188,11.699999809265137,0.5699999928474426,11.699999809265137,100723565.0,89896060.0,40000781.94444445,687379606.7512131,1,False,41,41,1544033879.2822838,30,0.1172462400369385,0.9506427219935826,0.1041229693403783,1.9931069722177717,0.1788264637817244,3.2206516261935416,5.533228067152843,9.84000015258789,8.670000076293945,66186400.0,True,True,True,0.0383350956635604,0.280394294708758,0.2825848208685246,0.99224825256702,0.8028044833110595,0.2075282161603253,0.7803419028443866,True,True,0.0470183296854198,1.0127428196910142,0.1780645308956023,1.1224366299756217,4.217142922537668,4.621804521715191,0.0,0.0,2.5180399008172163,96.0,59.0,59.0,83.0,83.0,99.0,99.0,96.0,96.0,98.0,99.0,76.92307692307693,ONDS
2025-12-24,6.28000020980835,6.296000003814697,6.119999885559082,6.239999771118164,19550100.0,0.0015949328408704,6.487748631582513,6.7488362123987375,6.892399997711181,7.1240000089009605,7.234399995803833,6.7275499963760375,3.8721199986338615,6.079999923706055,9.454999923706056,5.239999771118164,9.6899995803833,3.059999942779541,10.869999885559082,0.6449999809265137,10.869999885559082,0.5080000162124634,10.869999885559082,0.5080000162124634,10.869999885559082,107629442.5,105976378.0,160599484.25925925,456123894.9010682,1,False,156,156,11059980509.260178,104,0.0719750828238667,0.4750714983258928,0.0756483252315673,-1.743927788722807,0.021049944938974,-3.310527131661876,1.8052396811416087,6.485000133514404,6.199999809265137,39541700.0,False,True,True,0.0280254956012153,0.1823248316358665,0.3471337949592695,0.525229275522596,0.5793889275966763,-0.1319252165416709,0.5777369159084722,True,True,-0.1833549852952474,0.7899110755082877,-0.3091309016072506,0.6582464391528083,10.672863112501442,10.340849832129956,0.0,0.0,0.6701730269958491,16.0,7.0,7.0,13.0,13.0,99.0,99.0,18.0,64.0,94.0,99.0,0.0,OPEN
2025-12-24,53.513858795166016,53.70274156193409,52.21155104619384,53.513858795166016,2268100.0,-0.0001856610910372,50.84471662111471,48.04431936930753,45.94854949951172,44.632656733194985,41.210739364624025,38.1039931678772,32.25022004127502,35.60962834301891,54.09044832082871,32.885722151752084,54.09044832082871,30.410344991491883,54.09044832082871,26.61278110815084,54.09044832082871,23.22280839505114,54.09044832082871,20.341176078874604,54.09044832082871,6122520.0,6199214.0,5550005.555555556,330811010.1137543,-1,False,226,226,827949500.4806519,15,0.0452988474766189,2.315605896510536,0.0432711441231314,6.899322645690112,-0.0042914411264576,9.509527566569531,7.557957175151009,54.05068216078064,52.4700201307742,5528000.0,False,True,False,0.027865501560036,0.1094184727201265,0.2684376893578523,0.4076121836016163,1.0505073707731334,0.2985415845536416,0.9893402709061914,False,False,0.3806104281216542,1.33541434588909,0.4627717983788315,1.3937000942957805,0.8479233064386684,1.6370531573106353,0.0,0.0,1.1031556524968442,62.0,96.0,96.0,94.0,94.0,92.0,92.0,94.0,93.0,91.0,91.0,92.3076923076923,PAAS
2025-12-24,37.310001373291016,37.790000915527344,36.77000045776367,37.36000061035156,319100.0,0.0018796909685612,35.366489814688066,32.474617926415675,32.174800338745115,28.9080002784729,22.3220001411438,17.09850004196167,14.0389000415802,10.3100004196167,37.790000915527344,10.3100004196167,37.790000915527344,7.5,37.790000915527344,7.5,37.790000915527344,7.5,37.790000915527344,7.5,37.790000915527344,1923910.0,1644048.0,913692.1296296295,40138596.09884262,1,False,34,34,349295741.84417725,34,0.0478366028065515,1.3932149069649833,0.0373415935589415,17.981162504378425,0.0502432858522221,3.212753455690743,0.1217546897839206,37.27000045776367,36.20000076293945,656700.0,False,True,False,0.0273385264063232,0.1798445656618162,0.2285178414028679,0.7870044831412414,0.661203322530729,0.6714452619557782,0.987298239465268,True,True,0.245327186696332,1.2045597777372743,1.940110528527225,2.801279273629528,1.9035019662017836,2.572177668016236,0.0,0.0,2.105643616280101,94.0,92.0,92.0,99.0,99.0,98.0,98.0,99.0,99.0,99.0,99.0,96.15384615384616,PACS
2025-12-24,17.15999984741211,17.349000930786133,16.690000534057617,16.979999542236328,34596900.0,0.0751879577942946,16.56393235782919,16.305984904106477,15.86080005645752,15.538333384195964,15.531200008392334,13.872999963760376,12.91019998073578,12.354999542236328,19.84000015258789,12.354999542236328,19.84000015258789,10.479999542236328,19.84000015258789,10.350000381469728,19.84000015258789,10.350000381469728,19.84000015258789,9.380000114440918,19.84000015258789,21394717.5,22494088.0,16683793.51851852,437998314.0024996,1,False,76,76,1848447493.8566208,76,0.0551858689979933,0.9443573270525252,0.0550324787558167,1.905652156246336,1.2707052456621568,0.7856311375601859,-2.1136161416452914,16.65999984741211,15.68000030517578,19389100.0,False,True,False,0.0384032868641254,0.190559468930113,0.3712121178439135,0.5133438801430482,0.929911005949652,0.1048727618046028,0.8649193404957607,False,False,0.2892561462373177,1.2470506655185771,0.4135090084120514,1.3467634804657442,0.3437744112984338,1.1904336803721958,0.0,0.0,1.2823652771926537,77.0,94.0,94.0,93.0,93.0,81.0,81.0,91.0,85.0,89.0,85.0,73.07692307692307,PATH
2025-12-24,3.549999952316284,3.640000104904175,3.400000095367432,3.4100000858306885,266800.0,0.0380116588076839,3.250768021406824,2.865038673116782,2.375600004196167,2.335666676362356,2.4380000042915344,2.645699995756149,3.1180999928712847,1.5700000524520874,4.099999904632568,1.5700000524520874,4.099999904632568,1.5700000524520874,4.099999904632568,1.5700000524520874,4.099999904632568,1.5700000524520874,4.320000171661377,1.5700000524520874,4.53000020980835,3956672.5,3191468.0,855183.3333333334,23525073.143316507,1,False,13,13,391181324.5037556,13,0.127894073017144,0.4521428942680359,0.1273641972792208,3.5811598116263457,0.2875194494271391,-11.220138430238704,-13.345102483826691,3.539999961853028,3.359999895095825,216400.0,False,False,False,0.0676056373973045,0.4788731921407295,0.7126760242714146,0.6719367227630434,4.776056034401724,0.4561115447363952,0.783664412339282,False,False,1.1646341361473316,2.0937720157200403,0.3396225753056301,1.276365945524392,0.0565476378430185,0.935982916798291,0.0,0.0,4.626695055641091,99.0,99.0,99.0,91.0,91.0,53.0,53.0,99.0,98.0,95.0,93.0,84.61538461538461,PETS
2025-12-24,4.190000057220459,4.230000019073486,4.059999942779541,4.059999942779541,2615700.0,0.029484000122314,4.051304090722952,3.959420465413844,3.835200004577637,3.945333329836528,3.965200009346008,3.702400010824204,2.617000006437302,3.4200000762939453,5.190000057220459,2.990000009536743,5.190000057220459,2.940000057220459,5.230000019073486,1.4700000286102295,5.230000019073486,1.2799999713897705,5.230000019073486,1.1100000143051147,5.230000019073486,4813770.0,4875478.0,4614737.037037037,19335043.939199448,1,False,131,131,510731811.94024086,131,0.0716127297303881,0.2907143490655081,0.0693828985907844,0.8171068693030935,0.4127759291717721,1.5538798396638658,1.8864384948419604,4.300000190734863,3.9600000381469727,4910000.0,True,False,True,0.0405728100172674,0.2529832764448023,0.2673030716620233,0.9464286170443758,1.4479852026816653,0.0566932430506899,0.8011472355525407,True,False,0.0968586728910143,1.0609515742861388,0.2005730790174504,1.143882330306082,1.9300700775585669,2.59571404013128,0.0,0.0,1.0431298601340793,55.0,75.0,75.0,85.0,85.0,98.0,98.0,78.0,86.0,81.0,96.0,76.92307692307693,PGEN
2025-12-24,17.65999984741211,17.96500015258789,17.3700008392334,17.5,356800.0,0.0237681070963542,16.472559489996986,15.748232706474422,15.319599990844727,15.21433334350586,14.547599983215331,12.967599973678588,9.653724995851515,13.789999961853027,18.309999465942383,10.329999923706056,18.309999465942383,9.81999969482422,18.309999465942383,7.610000133514404,18.309999465942383,3.700000047683716,18.309999465942383,2.2100000381469727,18.309999465942383,987740.0,973406.0,1601894.4444444445,15252034.182486534,1,False,201,201,475948904.0708542,201,0.0553871396395853,0.932143007005964,0.0527827301845962,4.053332086781657,0.439846508883895,1.7766902155220787,0.2282506386734124,18.309999465942383,16.770000457763672,849800.0,True,True,False,0.0336919206396076,0.2304643108714769,0.2372593214374971,0.9713604063062689,1.2102041696887014,0.2139459338851626,0.964500292873339,True,False,0.1916329427172485,1.1526232848347169,0.5145797665967959,1.4430617037215796,0.8492146067751218,1.6381971048356552,0.0,0.0,0.6166074196871065,13.0,89.0,89.0,95.0,95.0,92.0,92.0,84.0,94.0,91.0,94.0,92.3076923076923,PHAT
2025-12-24,20.31999969482422,20.93000030517578,20.11000061035156,20.729999542236328,3825200.0,-0.019778092448905,18.36587154474502,16.526509724235353,14.696799812316897,14.177666473388673,13.758399868011477,11.75659994125366,8.203899970054627,10.520000457763672,20.989999771118164,10.520000457763672,20.989999771118164,6.099999904632568,20.989999771118164,5.869999885559082,20.989999771118164,3.470000028610229,20.989999771118164,2.789999961853028,20.989999771118164,10856720.0,10699240.0,9170036.111111112,229610765.62573436,-1,False,202,202,1030287968.5052872,13,0.0702245524924152,1.574000017983573,0.0774606319696201,6.156881248146346,-0.2604827463327185,9.006344087351728,6.672674862613125,20.989999771118164,19.600000381469727,13811900.0,True,False,False,0.0403543162962292,0.2942913204747496,0.4719488334948447,0.6235661571520004,1.901588337115533,0.4769159124433197,0.9680800341305456,True,False,0.7608318684570732,1.703188741689749,0.6989966245829968,1.618770445611431,2.35313529483369,2.9705024565527904,0.0,0.0,1.1839342690096033,70.0,99.0,99.0,96.0,96.0,98.0,98.0,98.0,96.0,98.0,98.0,92.3076923076923,PL
2025-12-24,33.66999816894531,34.20000076293945,33.11000061035156,34.20000076293945,426200.0,-0.0154971515254606,33.1387303838778,30.83800114324752,28.279999771118163,27.114333216349284,25.64619995117188,24.106099910736084,21.72594996452332,20.049999237060547,39.79999923706055,20.049999237060547,39.79999923706055,20.049999237060547,39.79999923706055,18.61000061035156,39.79999923706055,16.59000015258789,39.79999923706055,16.459999084472656,39.79999923706055,1376997.5,1219922.0,833636.1111111111,73411826.56654358,-1,False,14,14,578357256.3720703,14,0.0511276098398973,2.440714427403041,0.0724892949253016,4.316016527066153,-0.2171505965808838,3.4400026452634886,2.122867384307754,34.43000030517578,33.849998474121094,805400.0,False,False,True,0.0323730386654201,0.2197801637544146,0.5197505480157908,0.4228570120675223,1.5706495989087828,0.3128649949329742,0.8459798697079581,False,False,0.546623677581864,1.4959929352008123,0.4081973393483553,1.341702627034508,0.7693114531821099,1.5674118566531392,0.0,0.0,1.651796847145537,90.0,98.0,98.0,93.0,93.0,91.0,91.0,96.0,94.0,89.0,88.0,69.23076923076923,PLAB
2025-12-24,7.610000133514404,7.989999771118164,6.96999979019165,6.96999979019165,58400.0,0.052558798539203,9.051191206497265,8.82446539447165,8.15331997871399,7.565233318010966,6.99505998134613,6.752589976787567,159.29442498803138,2.880000114440918,18.200000762939453,2.880000114440918,18.200000762939453,2.880000114440918,18.200000762939453,2.880000114440918,18.200000762939453,2.880000114440918,18.200000762939453,2.880000114440918,2235.0,4811447.9,3858314.34,1333011.851851852,80918544.85759115,1,False,22,22,1095642942.596054,22,0.2096527094129172,1.9016427653176444,0.2498873497968572,0.3518010546045601,0.199827286897097,-11.495285281420314,-9.717718468674397,7.730000019073486,6.389999866485596,177900.0,False,False,False,0.1340341607136692,1.0709592578684552,2.013140654364686,0.5319843179096855,0.0471112470322985,0.087910633190873,0.0034049217599617,False,False,0.8651961460337199,1.804136518582772,0.1965408763771952,1.1400405272263592,0.7990543969740342,1.593760774853711,0.0,0.0,3.6094562049960937,98.0,99.0,99.0,84.0,84.0,92.0,92.0,99.0,98.0,97.0,96.0,50.0,PLRZ
2025-12-24,7.019999980926514,7.159999847412109,6.659999847412109,7.159999847412109,4313900.0,-0.0181818339450298,6.697030239628573,6.340789500942616,5.8480000305175786,5.627000029881796,6.069200000762939,5.935500011444092,5.290400009155274,3.869999885559082,7.900000095367432,3.869999885559082,9.40999984741211,3.869999885559082,9.40999984741211,3.869999885559082,9.40999984741211,3.869999885559082,9.40999984741211,3.0899999141693115,9.40999984741211,9039690.0,10353380.0,4617506.018518519,53212889.00318861,-1,False,77,77,545950329.8117638,77,0.0924337390506917,0.6328571523938861,0.0901505917540416,1.7377573456542577,-0.2054177849601149,-3.302454811063808,-3.561754955498334,7.579999923706055,7.019999980926514,7343900.0,False,False,False,0.0712250714185912,0.2977208202658781,0.4757834988123562,0.6257485200916898,0.7461698498461372,0.156659853035664,0.7460148878596549,False,False,0.5161986625078503,1.4665639226595937,0.1340872239149471,1.0805359199990268,0.2880734360746833,1.141088852565973,0.0,0.0,1.957699668120908,93.0,98.0,98.0,79.0,79.0,78.0,78.0,97.0,95.0,92.0,88.0,84.61538461538461,POET
2025-12-24,26.57999992370605,27.47900009155273,26.200000762939453,27.450000762939453,1093300.0,-0.0404332421799741,26.91278380538704,26.26626024923965,25.750800018310542,25.21166667938233,24.717000007629395,21.952800064086915,17.706775031089784,20.3799991607666,29.850000381469727,19.8799991607666,31.652000427246094,16.280000686645508,31.652000427246094,12.199999809265137,31.652000427246094,11.68000030517578,31.652000427246094,7.809999942779541,31.652000427246094,2639042.5,3018584.0,2381109.722222222,56309990.0138855,-1,False,195,195,208438036.09542847,33,0.0674964757022675,1.958571297781808,0.0736859030625882,1.0228987954898128,-0.5718458350236534,-0.3065540762127092,1.640053380494219,28.46999931335449,27.1200008392334,1761000.0,False,False,True,0.0481188612597614,0.1693002262195855,0.2246050127102757,0.7537686900958466,0.7879257294148515,0.0753732214873006,0.8397573475585431,True,False,0.1201011561924851,1.0834331845960798,0.3989473644055819,1.3328894335040715,1.0620635543640589,1.8267574419809456,0.0,0.0,1.1083246082154738,63.0,80.0,80.0,93.0,93.0,94.0,94.0,86.0,82.0,88.0,93.0,61.53846153846154,PPTA
2025-12-24,274.760009765625,279.4800109863281,270.010009765625,279.4800109863281,208900.0,-0.0035179384980013,267.52270073258387,248.72245762709645,231.50840087890623,223.9176676432292,204.40540084838867,125.94480037689208,83.73837511062622,160.11000061035156,286.5,50.310001373291016,286.5,37.18999862670898,286.5,37.18999862670898,286.5,35.209999084472656,286.5,26.700000762939453,286.5,887307.5,1221394.0,635306.0185185185,204716065.22644043,-1,False,69,69,2235944641.2612915,69,0.0661426949389822,20.47392926897321,0.0745156811081708,4.619048380696091,-0.0473773845733213,6.504710770543223,5.651661188733948,286.5,274.07000732421875,405200.0,False,False,True,0.0344664466593271,0.1248362273717208,0.4196389538277811,0.2974848407971043,0.4632821186283869,0.3441915361591627,0.9590227216950262,True,True,0.4396270253143759,1.3924989578342155,4.578883447017766,5.315450020837884,5.238873843182684,5.526943725131227,0.0,0.0,1.3966615680253245,83.0,97.0,97.0,99.0,99.0,99.0,99.0,97.0,99.0,99.0,99.0,76.92307692307693,PRAX
2025-12-24,9.350000381469728,9.57800006866455,9.239999771118164,9.4399995803833,420200.0,-0.0042598466869568,9.585717092311556,9.743306257283107,9.902800064086914,9.909666728973388,9.298400049209596,7.14660002708435,6.569700014591217,8.789999961853027,11.649999618530272,4.869999885559082,11.65999984741211,4.510000228881836,11.65999984741211,4.510000228881836,11.65999984741211,4.510000228881836,11.65999984741211,4.510000228881836,11.65999984741211,3536207.5,3381228.0,2429186.574074074,22747936.93877697,-1,False,56,56,284459709.7759247,56,0.0555602743045624,0.5468572207859584,0.0584874009063941,0.0948815888537281,-0.0731451653788868,0.7280911075664989,-0.0917465320160341,9.550000190734863,9.244999885559082,972900.0,False,True,True,0.0361497629685932,0.2839571791069651,0.3058823037425034,0.92832169639341,0.6918433184629963,0.0055493775259236,0.8018868356627742,False,False,-0.0063761388857921,0.9610962886575418,0.7775665350982954,1.6936303053758477,0.5429043679464394,1.3668405275124005,0.0,0.0,1.4557167151098247,85.0,32.0,32.0,97.0,97.0,88.0,88.0,32.0,96.0,94.0,92.0,11.538461538461538,PUMP
2025-12-24,5.130000114440918,5.46999979019165,4.909999847412109,4.949999809265137,332100.0,0.0178571732676762,5.016804155266675,4.847611978016518,4.715200023651123,4.442500019073487,4.189499998092652,5.0762499952316285,12.710125000476838,2.5,8.170000076293945,2.5,8.170000076293945,2.5,10.100000381469728,2.5,17.399999618530273,2.5,33.599998474121094,2.5,66.0,5691380.0,4725168.0,1663989.1296296297,65111332.55216122,1,False,20,20,664463943.3258057,20,0.1957694825656155,0.9938571112496511,0.1937343253564361,1.1587508996092797,0.0905564306671073,-9.819915790804618,-10.18691972547448,5.269999980926514,4.800000190734863,702600.0,False,True,True,0.1091617797830344,0.3389864096765408,0.9590643209625233,0.3534553442008267,0.2748494868330607,0.2244898237919672,0.077727274461226,False,False,0.3753351442918182,1.330311755352682,0.0914894303459585,1.0399495831693937,-0.5928571461009329,0.3606829851269327,0.0,0.0,3.4203228246249338,97.0,96.0,96.0,73.0,73.0,5.0,5.0,98.0,97.0,94.0,91.0,69.23076923076923,QCLS
2025-12-24,3.200000047683716,3.2249999046325684,3.055000066757202,3.109999895095825,117500.0,0.0256410785445584,3.06948680633477,2.9939746264461724,2.897599987983704,2.793666660785675,2.788399994373321,2.41084999203682,2.1221749919652937,1.9049999713897705,6.369999885559082,1.9049999713897705,6.369999885559082,1.6200000047683716,6.369999885559082,1.350000023841858,6.369999885559082,1.3450000286102295,6.369999885559082,1.3450000286102295,6.369999885559082,4589870.0,3716038.0,1346967.1296296297,34469659.15567279,1,False,23,23,642269958.775878,23,0.1402718145328272,0.3027857201439993,0.0946205361350439,1.5600371646778033,0.2642137881753049,-1.1112529084666851,-1.3079536046473708,3.150000095367432,2.9200000762939453,168200.0,False,False,True,0.0531249485444285,0.1843749704305086,1.3631249761115762,0.1352590361570904,0.0646495003549479,0.1476115529124075,0.5023548045798526,True,True,0.568627503687307,1.5172764373728445,0.7021276892553687,1.62175366222387,1.064516223308078,1.8289302320662564,0.0,0.0,3.40755902578117,97.0,98.0,98.0,96.0,96.0,95.0,95.0,96.0,94.0,94.0,94.0,69.23076923076923,QTTB
2025-12-24,9.09000015258789,9.350000381469728,8.880000114440918,9.210000038146973,4856700.0,-0.0098039378644843,8.348740326837273,8.179412746460997,7.710000057220459,7.669000053405762,8.874400005340576,9.679800024032591,8.308525009155273,5.769999980926514,9.649999618530272,5.769999980926514,16.700000762939453,5.769999980926514,16.700000762939453,5.769999980926514,16.700000762939453,5.710000038146973,16.700000762939453,4.579999923706055,16.700000762939453,8086810.0,8651974.0,8549981.944444444,52775477.212269306,-1,False,166,166,460295467.2598839,82,0.084894415665558,0.744642802647182,0.0819188988060891,0.2965691327660464,-0.1208635231119442,-6.602215287952241,-6.259057497845953,9.649999618530272,8.850000381469727,10397700.0,True,True,False,0.0517051990252168,0.3063806161344485,0.3151814876815496,0.9720768132296108,0.8720819087066143,0.0242946167760713,0.5443113615156454,False,False,0.2572614285764221,1.2161033366510408,-0.1061946819669659,0.8516000632534048,0.2152406590119002,1.0765671663948548,0.0,0.0,0.9458277283561516,41.0,93.0,93.0,30.0,30.0,73.0,73.0,95.0,92.0,87.0,83.0,92.3076923076923,RCAT
2025-12-24,23.1200008392334,23.15999984741211,22.530000686645508,22.82999992370605,444800.0,0.0180537988238436,22.9548396668778,22.98969185907633,23.71359992980957,23.095999972025552,21.32979991912842,16.56199996948242,12.657099978923798,19.327999114990234,26.399999618530277,12.895000457763672,26.399999618530277,9.8100004196167,26.399999618530277,8.229999542236328,26.399999618530277,7.909999847412109,26.399999618530277,6.5,26.399999618530277,2137057.5,1993750.0,1293791.2037037036,52201477.45099068,1,False,12,12,124314082.33032228,51,0.0540519846012446,1.2842856815883092,0.0555486866336503,1.5109190580242315,0.3192449784643573,8.583462787224214,8.83585640803419,23.489999771118164,22.51000022888184,783300.0,True,False,True,0.0272490976599588,0.2487024131176742,0.2616781581942689,0.9504133429930308,1.2915310344827586,0.0839295692829982,0.8757576202010765,False,False,-0.0025884152352226,0.9647600162364474,0.8690380802851925,1.7807825879763512,1.7200000987333408,2.4096155581792487,0.0,0.0,1.651779277739947,90.0,34.0,34.0,97.0,97.0,97.0,97.0,73.0,95.0,96.0,96.0,42.30769230769231,RCUS
2025-12-24,7.820000171661377,8.579999923706055,7.539999961853027,8.300000190734863,9799300.0,-0.0237203560288764,7.47199509654784,7.062803267382282,6.472000026702881,6.3213333288828535,6.812199964523315,8.02309995174408,10.716999988555909,4.869999885559082,8.989999771118164,4.869999885559082,11.850000381469728,4.869999885559082,11.850000381469728,4.869999885559082,20.32999992370605,4.869999885559082,22.25,4.869999885559082,25.82999992370605,9002480.0,8554090.0,5003533.333333333,85706017.76168585,-1,False,5,5,282678400.0,5,0.1001265430565627,0.8764284678867885,0.1120752491876978,1.3200103681498456,-0.2167890069552167,-13.475044402988694,-14.693854561333245,8.989999771118164,7.909999847412109,15972800.0,False,False,True,0.1329923195682075,0.3414321663486024,0.4948848849880385,0.6899223975225167,1.8493247089988527,0.1479404909407387,0.3027487493131736,False,False,0.4508349471927162,1.4033399737783752,-0.1272321274142941,0.8315560005115755,-0.5389150593279924,0.4084696346896521,0.0,0.0,1.79922454798609,92.0,97.0,97.0,27.0,27.0,7.0,7.0,95.0,92.0,88.0,83.0,88.46153846153845,RDW
2025-12-24,16.235000610351562,16.329999923706055,15.40999984741211,15.5600004196167,1262100.0,0.0433804738130907,15.263142405665006,14.723069691108314,14.432399978637696,14.38500000635783,13.344199962615969,11.122249984741211,8.345299997329711,12.4399995803833,16.329999923706055,9.425000190734863,16.329999923706055,7.211999893188477,16.329999923706055,5.0,16.329999923706055,4.699999809265137,16.329999923706055,4.610000133514404,16.329999923706055,3760195.0,3629180.0,3546933.796296296,37268441.674404144,1,False,43,43,346906789.7415161,43,0.0482837868626899,0.7934285572596959,0.0488714830570317,4.432717800645738,0.8507384622834164,7.514313043160378,6.882976969556919,15.890000343322754,15.130000114440918,1736900.0,False,False,False,0.0566676958242518,0.1422851480812085,0.1533723238378273,0.927710714168078,0.7987920136229121,0.2166334928908611,0.9941825282426008,False,False,0.2115672442184917,1.171905010988456,0.6090188666833267,1.5330414140507498,2.3822916594230468,2.9963317312528828,0.0,0.0,1.0601255100747555,57.0,90.0,90.0,96.0,96.0,98.0,98.0,86.0,94.0,95.0,97.0,100.0,REAL
2025-12-24,10.09000015258789,10.270000457763672,9.84000015258789,9.949999809265137,607100.0,0.0380658308018939,9.898547267449226,9.80227795181752,9.871199951171874,9.70999994277954,9.184999980926513,7.1409999990463255,8.051049996614456,8.5,11.260000228881836,4.139999866485596,11.260000228881836,3.119999885559082,11.260000228881836,2.680000066757202,13.239999771118164,2.680000066757202,13.239999771118164,2.680000066757202,14.795000076293944,1957580.0,4522636.0,4580150.925925926,15792580.745120049,1,False,147,147,1525729708.5443497,147,0.0556830333740809,0.4574999128069196,0.0453419133685126,2.173049698979289,0.8087430733899056,-2.4556726052083158,-2.8892714767289087,9.989999771118164,9.670000076293944,808000.0,False,False,True,0.0426164815335007,0.0787908884312596,0.1892963150176198,0.4162304396888325,0.2960485875936069,0.0985302311965914,0.6819871646202366,False,False,0.0745473678031234,1.039370658857002,1.4913579450368082,2.3737166704817088,0.066596206331974,0.9448848234488432,0.0,0.0,0.4274051295818935,8.0,69.0,69.0,99.0,99.0,55.0,55.0,72.0,98.0,98.0,98.0,61.53846153846154,REPL
2025-12-24,24.51000022888184,25.21999931335449,24.040000915527344,25.20499992370605,18157100.0,-0.023894877215669,24.92057596358405,25.792990666901083,25.421599884033203,25.49733320871989,31.22250015258789,27.716150035858156,19.52447499275208,21.0,31.649999618530277,21.0,58.150001525878906,13.81999969482422,58.150001525878906,12.079999923706056,58.150001525878906,10.300000190734863,58.150001525878906,6.860000133514404,58.150001525878906,44141937.5,57086310.0,58041723.14814815,932967590.545416,-1,False,161,161,9947534009.35707,72,0.0826491009032235,2.1296424865722656,0.0868887175310084,-2.474304985761492,-0.2817376086609956,0.9228266174047076,3.089990086902029,26.729999542236328,24.90999984741211,34499800.0,False,False,True,0.0481435490333726,0.2211342319739019,0.3245613973651508,0.6813325114111238,0.6020618603654712,-0.2149891869933961,0.4214961235723094,True,False,-0.0775310308469316,0.8922707448476401,-0.2364485547050193,0.7274967445275392,1.206120700836478,1.954375945218684,0.0,0.0,0.7605207961750249,20.0,15.0,15.0,18.0,18.0,95.0,95.0,68.0,57.0,91.0,91.0,30.76923076923077,RGTI
2025-12-24,21.1299991607666,21.48500061035156,20.82999992370605,21.11000061035156,10629600.0,-0.0023607716566916,19.994200996213124,18.75621692101285,17.785200080871583,17.45033337275187,16.025999984741212,14.762699975967408,13.984374990463255,13.949999809265137,22.690000534057617,12.390000343322754,22.690000534057617,11.84000015258789,22.690000534057617,11.56999969482422,22.690000534057617,11.56999969482422,22.690000534057617,10.359999656677246,22.690000534057617,55991842.5,51559734.0,40081625.0,895528783.7872696,-1,False,49,49,3047772267.079544,49,0.0655905800438982,1.3649999073573522,0.0646000928335024,4.930061257063152,-0.0366308775111803,1.0427630139467272,-1.4660354037285537,21.700000762939453,20.690000534057617,38763700.0,True,True,False,0.0309986139451292,0.3293895536325605,0.3399432489288653,0.9689545377660576,1.1730805283052856,0.3184824148811336,0.9312471865767716,True,False,0.3928806232365354,1.347282860170533,0.3424396104210065,1.2790499609738877,0.5190509987458942,1.3457091130071606,0.0,0.0,1.3969454207507803,83.0,96.0,96.0,91.0,91.0,87.0,87.0,94.0,94.0,91.0,89.0,88.46153846153845,RIVN
2025-12-24,77.18000030517578,79.83000183105469,74.8010025024414,78.03500366210938,16720600.0,0.0,66.73883781020072,60.44018980632293,53.30699996948242,51.9841667175293,55.6331999206543,52.42514987945557,40.35604994773865,37.56999969482422,79.83000183105469,37.56999969482422,79.83000183105469,37.56999969482422,79.83000183105469,37.56999969482422,79.83000183105469,23.920000076293945,79.83000183105469,14.710000038146973,79.83000183105469,22082690.0,21440862.0,21294751.388888888,1521817186.6658974,-1,False,180,180,3744083127.3376474,2,0.0829919167648507,5.794214248657227,0.0750740376489563,5.158922146249988,0.0,0.7515141808662662,-1.7630575207345969,79.18000030517578,73.29000091552734,35673300.0,False,True,False,0.0651593587552244,0.3517750896414313,0.5163255005344431,0.6813048925093038,1.517861082264323,0.3873011154356061,0.9668044411236876,True,False,0.8181389615558501,1.758619812386084,0.655157592478592,1.5770014812073734,1.1355838851309557,1.8918882237558796,0.0,0.0,1.0370015407422055,54.0,99.0,99.0,96.0,96.0,95.0,95.0,98.0,97.0,94.0,92.0,92.3076923076923,RKLB
2025-12-24,8.649999618530273,8.760000228881836,8.3100004196167,8.3100004196167,866500.0,0.0409144623038728,8.277980466618178,7.979977041558325,7.8307999229431156,7.59366660118103,7.275599985122681,5.8005000019073485,4.478974995613098,6.039999961853027,9.039999961853027,5.164999961853027,9.039999961853027,3.309999942779541,9.039999961853027,3.025000095367432,9.039999961853027,2.75,9.039999961853027,1.774999976158142,9.039999961853027,2307650.0,2291642.0,2142758.796296296,17847861.082019806,1,False,153,153,48942597.77736664,5,0.0592007706463546,0.5155000005449567,0.0595953784137328,3.169798353527304,0.6595522765356873,5.732003567613063,5.324258748044231,8.529999732971191,8.125,1444100.0,False,False,False,0.0520231016312572,0.1722543163962972,0.2092485575261885,0.8232043194598304,1.1934673915035594,0.1889053323736871,0.9568583689194164,False,False,0.0587514734092957,1.024091863658877,0.9748857060553746,1.8816321163719505,1.6054216242352202,2.308111857899353,0.0,0.0,1.0769527601467388,59.0,64.0,64.0,98.0,98.0,97.0,97.0,92.0,93.0,97.0,97.0,96.15384615384616,RLAY
2025-12-24,20.15999984741211,20.239999771118164,19.3799991607666,19.459999084472656,2527200.0,0.0381050344083924,18.8514594226201,18.63557577381673,18.42,18.508333333333333,19.07440002441406,17.58110005378723,12.916900024414062,16.885000228881836,20.989999771118164,15.920000076293944,22.440000534057617,14.18000030517578,22.440000534057617,9.010000228881836,22.440000534057617,5.380000114440918,22.440000534057617,5.380000114440918,22.440000534057617,7730765.0,7509980.0,14845045.833333334,106637193.25876236,1,False,190,190,1063926485.8312608,131,0.0569894850833334,1.090714590890067,0.0541029067036466,1.0519577054325722,0.6784540862466086,-0.0975223779137888,-1.4566036547676768,20.26000022888184,19.149999618530277,4010200.0,True,False,False,0.0426587607569827,0.170882922663635,0.170882922663635,1.0,0.7480858803884963,0.0569139695932006,0.8983956937440751,False,False,0.1144278428614657,1.077945594573111,0.192193969800501,1.1358988804482713,1.601290302891885,2.3044519697289907,0.0,0.0,0.520763969798005,10.0,79.0,79.0,84.0,84.0,97.0,97.0,73.0,75.0,81.0,93.0,88.46153846153845,RUN
2025-12-24,29.84000015258789,30.1299991607666,29.15999984741211,29.21999931335449,603100.0,0.0010063967521967,28.70761773027295,27.443580179691715,26.55839988708496,25.662999852498373,24.19959987640381,23.10249994277954,21.944999980926514,20.413000106811523,30.1299991607666,19.815000534057617,30.1299991607666,19.815000534057617,30.1299991607666,18.07999992370605,30.1299991607666,18.07999992370605,30.1299991607666,16.799999237060547,31.26000022888184,1080195.0,1068288.0,1324335.648148148,28147580.827236176,1,False,231,231,84124803.10058594,141,0.0414654686029096,1.1396428516932895,0.0381917843788768,6.102837274870607,0.0263246389874973,-1.8679740281593595,-3.80463418676874,29.825000762939453,28.950000762939453,1084600.0,False,False,False,0.0325066792357361,0.1002010642033745,0.2191688664455829,0.4571865786797471,0.9595352564102564,0.2330782453012307,0.9545745340404068,False,False,0.2962640990097862,1.2538292038209424,0.3526745636896666,1.2888016224096996,0.4706751506231925,1.3028535276963873,0.0,0.0,0.8156504746439952,25.0,95.0,95.0,91.0,91.0,86.0,86.0,93.0,90.0,85.0,85.0,92.3076923076923,RVLV
2025-12-24,30.959999084472656,31.690000534057617,30.34000015258789,31.690000534057617,518500.0,-0.023035703290709,30.012599964412715,29.013643773644507,28.43480010986328,27.707000096639,26.252400093078613,22.92790006637573,18.11460004329681,22.11000061035156,31.8700008392334,21.670000076293945,31.8700008392334,15.979999542236328,31.8700008392334,14.56999969482422,31.8700008392334,11.93000030517578,31.8700008392334,9.399999618530272,31.8700008392334,990017.5,1043786.0,1042772.6851851852,32665029.745397568,-1,False,296,296,157933682.01007843,96,0.049550419575933,1.5657142911638533,0.0505721685227408,3.5458378392721888,-0.4662418001194355,7.439035252927081,7.542361388910152,31.8700008392334,30.26000022888184,1100900.0,True,False,False,0.0436046647736107,0.1188630624676409,0.206395396833259,0.5758997743717467,1.1238127355607377,0.1793207087619843,0.9714464471039332,False,False,0.2374100127110834,1.1969017827638586,0.4353268207000296,1.3675510613288584,1.114753986231523,1.8734352654318165,0.0,0.0,0.949408738899009,42.0,92.0,92.0,93.0,93.0,95.0,95.0,91.0,87.0,93.0,92.0,88.46153846153845,SA
2025-12-24,4.53000020980835,4.550000190734863,4.425000190734863,4.519999980926514,1011900.0,0.0,4.614503868610509,4.555335922148541,4.378000030517578,4.27766669591268,4.55790002822876,4.008300008773804,3.306349998116493,3.1600000858306885,5.489999771118164,3.1600000858306885,6.550000190734863,2.7699999809265137,6.550000190734863,2.7699999809265137,6.550000190734863,1.809999942779541,6.550000190734863,1.2599999904632568,6.550000190734863,4816760.0,5769924.0,4695727.777777778,26522081.190094948,-1,False,70,70,213283394.7486877,70,0.1045929289236431,0.4009285654340471,0.0885051979834255,-0.0691620414154744,0.0,-5.146157719562325,-4.2991778945794685,4.590000152587891,4.429999828338623,2146300.0,False,True,True,0.0275938177065312,0.2207505416522501,0.4503310439185949,0.4901961448879251,0.9092927393844356,-0.0061212001684144,0.6916030653275623,True,True,0.2796610900066514,1.2377697159624614,0.3362832063795464,1.2731842607309547,0.5783973485859202,1.398283334589825,0.0,0.0,1.025774965660275,53.0,94.0,94.0,91.0,91.0,89.0,89.0,92.0,87.0,89.0,84.0,53.84615384615385,SANA
2025-12-24,73.63999938964844,74.48999786376953,71.94999694824219,73.72000122070312,268100.0,0.0141155622947461,71.72097165625055,69.0576541477571,65.53619964599609,63.439833068847655,65.62009979248047,78.34294998168946,87.33364995956421,49.5,77.45999908447266,49.5,87.63999938964844,49.5,98.1999969482422,49.5,186.7400054931641,49.5,186.7400054931641,24.86000061035156,186.7400054931641,1039725.0,957690.0,1034150.0,69265262.51903534,1,False,230,230,471241823.097992,230,0.0651038736204689,4.871928078787668,0.0661587197062431,1.8473319969868411,0.2103892974819874,-16.51863441191591,-15.849586413224875,75.0,70.56999969482422,892700.0,True,True,True,0.0344921365640911,0.1546713672467728,0.2911053836547369,0.531324310477952,1.235900970042498,0.1222171197930268,0.3943450638505211,True,True,0.3782518991023644,1.3331330263920032,-0.1261421345303042,0.8325945242149189,-0.5514132690858018,0.3973976201350094,0.0,0.0,1.005390900739738,50.0,96.0,96.0,27.0,27.0,6.0,6.0,94.0,89.0,84.0,79.0,80.76923076923077,SEZL
2025-12-24,13.510000228881836,13.899999618530272,12.880000114440918,13.470000267028809,1720600.0,0.0014826136473695,12.166400240814587,11.207835497268482,11.004999961853027,10.29049998919169,8.53420000076294,7.401799983978272,7.260224990844726,5.289999961853027,14.470000267028809,4.614999771118164,14.470000267028809,4.614999771118164,14.470000267028809,4.614999771118164,14.470000267028809,4.25,14.470000267028809,4.25,14.470000267028809,7273025.0,6823644.0,3126391.6666666665,49843729.96433258,1,False,37,37,411190458.3734512,35,0.1161735606020202,1.3888572284153529,0.1028021617235977,5.671499160757601,0.0144006578606296,0.977717305476137,-1.3535299597080883,14.470000267028809,13.100000381469728,4399000.0,False,True,False,0.075499591917755,0.3515914078110372,0.3774981713595301,0.9313724793548226,0.6217411107613469,0.5830423739394517,0.9336558382563116,False,False,0.3523524062473211,1.3080813872001045,0.8763889703853653,1.787786370956802,1.899141774947589,2.5683150267289667,0.0,0.0,2.326332006812966,95.0,96.0,96.0,97.0,97.0,98.0,98.0,99.0,99.0,98.0,97.0,92.3076923076923,SGML
2025-12-24,2.200000047683716,2.359999895095825,1.8899999856948853,1.899999976158142,83738300.0,0.3333333814987036,1.4505162127217284,1.2103135038490185,0.983279993534088,0.9541666607062022,1.023939999341965,1.093979999423027,1.33793999761343,0.628000020980835,2.5899999141693115,0.628000020980835,2.5899999141693115,0.628000020980835,2.5899999141693115,0.628000020980835,2.5899999141693115,0.628000020980835,2.5899999141693115,0.628000020980835,2.75,16522205.0,13464824.0,4087377.777777778,64486263.64595801,1,False,2,2,876877625.3929138,2,0.1832043941331513,0.3604999865804399,0.1638636267121879,7.00926412640223,1.5256590624112265,-4.10841135243735,-9.257976294672773,1.659999966621399,1.350000023841858,84419200.0,False,False,False,0.2136363178245302,0.7904544843228408,0.8918181139378523,0.8863404678253989,4.44057939413096,1.1485634403359049,0.8000000173395331,False,False,1.9649596977803452,2.867897876728164,1.156862832179029,2.055016329903615,0.2222222810910088,1.0827521018994462,0.0,0.0,4.0422505328056015,98.0,99.0,99.0,98.0,98.0,74.0,74.0,99.0,99.0,98.0,98.0,96.15384615384616,SIDU
2025-12-24,4.829999923706055,4.988999843597412,4.760000228881836,4.880000114440918,1085100.0,-0.0222672332470168,4.8550769647807686,4.659628529304014,4.5371999835968015,4.345333321889242,4.178199982643127,3.709299988746643,2.73979999423027,2.9100000858306885,5.244999885559082,2.9100000858306885,6.400000095367432,2.6610000133514404,6.400000095367432,2.180999994277954,6.400000095367432,1.4900000095367432,6.400000095367432,1.0800000429153442,6.400000095367432,3942580.0,5312410.0,3063773.1481481483,18919815.114500523,-1,False,68,68,94699544.47431564,5,0.0646636990509728,0.301642826625279,0.0624519319647998,2.4979239729546587,-0.3646701456323835,2.2414129664361013,2.963751370640556,5.110000133514404,4.885000228881836,2610000.0,False,True,True,0.0474119292614532,0.1645962916877113,0.2619047383990355,0.6284586246657898,0.9740193245626748,0.1560001780122069,0.7546874768333514,False,False,0.2290075932979507,1.1887744275042431,0.2777777672654946,1.2174414332438246,1.5025907020581144,2.217015173728179,0.0,0.0,1.2868380945185296,78.0,92.0,92.0,89.0,89.0,96.0,96.0,96.0,93.0,92.0,93.0,69.23076923076923,SLI
2025-12-24,250.0800018310547,261.3699951171875,244.5,244.8999938964844,5642600.0,0.0211515233306205,231.48470532948323,225.4856308475767,220.6536010742188,226.93266805013025,211.81020111083984,145.39875064849855,93.47260031700134,183.0,284.760009765625,112.0,284.760009765625,43.20199966430664,284.760009765625,40.09999847412109,284.760009765625,35.790000915527344,284.760009765625,27.88500022888184,284.760009765625,12442182.5,11591788.0,5892966.666666667,2307103517.221451,1,False,28,28,4947071975.280762,40,0.0920050258505709,20.146284920828684,0.0805593600980489,2.2428143199502504,0.2571197595450884,21.18785029971074,20.46235249640337,245.5,234.0,5305700.0,False,False,False,0.0674583932888175,0.2474008103974051,0.2945857230867832,0.8398262067999892,0.7013775614253814,0.180679686433933,0.8782132085080553,False,False,0.1018681460753361,1.0657970558350442,1.6522430735269236,2.527004845025385,4.271501034366772,4.669959722899799,0.0,0.0,2.1113614252017943,94.0,77.0,77.0,99.0,99.0,99.0,99.0,89.0,97.0,99.0,99.0,88.46153846153845,SNDK
2025-12-24,21.600000381469727,21.76000022888184,21.34000015258789,21.65999984741211,453100.0,-0.0046083123481043,20.89399106039849,20.131961998973463,19.856800079345703,19.358666801452635,17.47120008468628,16.396200084686278,13.687725024223328,15.550000190734863,22.729999542236328,12.989999771118164,22.729999542236328,12.989999771118164,22.729999542236328,8.710000038146973,22.729999542236328,8.585000038146973,22.729999542236328,8.579999923706055,22.729999542236328,2372407.5,2814946.0,2339248.611111111,33572639.99081612,-1,False,61,61,114761583.21380617,141,0.0461511755483921,0.9460712160382952,0.0437995925615776,5.395492203435195,-0.1057006912106273,1.9614487965537692,2.2203892848709663,22.729999542236328,21.459999084472656,1498000.0,False,True,False,0.0194444476331702,0.1393518599871907,0.2023147617920281,0.688787406083789,0.5149548161847509,0.2363203601796302,0.9502860016047574,True,True,0.0931174155503544,1.057332791881911,0.4371257994160822,1.3692650927375698,1.3225806385454435,2.057546411256089,0.0,0.0,1.0141750170252912,51.0,75.0,75.0,93.0,93.0,96.0,96.0,91.0,93.0,89.0,95.0,92.3076923076923,SNDX
2025-12-24,2.369999885559082,2.950000047683716,1.940000057220459,1.940000057220459,143192100.0,0.82307690191551,1.6388144488920442,1.7314099219081804,1.6555999898910525,1.7879999995231628,2.361919996738434,2.88361000418663,3.4093799990415574,1.2699999809265137,2.950000047683716,1.2699999809265137,3.9700000286102295,1.2699999809265137,3.9700000286102295,1.2699999809265137,5.289999961853027,1.2699999809265137,5.289999961853027,1.2699999809265137,14.199999809265137,3650580.0,2926396.0,984502.4074074074,17152548.628201485,1,True,0,0,339365260.61296463,0,0.1153336595683873,0.279499990599496,0.1179324911796618,0.0290072614444422,3.828264648409355,-15.61985834443504,-16.94204537890613,1.3799999952316284,1.2899999618530271,1011200.0,False,False,False,0.4261603541069362,0.7004220109652431,0.7004220109652431,1.0,4.934595317926897,0.0034208986044428,0.1669014026333097,False,False,0.6808510224564097,1.6258261729519876,-0.3189655538593733,0.6488761766235879,-0.1595744887717951,0.7445229094988961,0.0,0.0,3.708045782857405,98.0,98.0,98.0,12.0,12.0,23.0,23.0,98.0,96.0,92.0,89.0,100.0,SOBR
2025-12-24,9.859999656677246,11.0,9.3100004196167,9.960000038146973,12493600.0,-0.0482625498619335,7.702936630315209,6.951503571931109,5.7979999351501466,5.679999939600626,7.570599985122681,15.778099999427797,20.042700016498564,3.7200000286102295,11.0,3.7200000286102295,20.739999771118164,3.7200000286102295,29.0,3.7200000286102295,32.18000030517578,3.7200000286102295,33.290000915527344,3.7200000286102295,35.0,9878282.5,9392402.0,4315405.092592592,80920954.89199162,-1,False,6,6,465578384.5710754,1,0.1479506505675132,1.2407143115997314,0.1258330988642086,2.403236019824783,-0.4029936588345776,-18.13678322528512,-19.33720766921034,10.770000457763672,7.900000095367432,44940000.0,False,True,False,0.1713995577311023,0.6044624995611261,0.7058823813886872,0.8563218398679436,1.7111703694113605,0.3024066356766393,0.2817142759050641,False,False,1.0670858901685074,1.9994171387445925,-0.5106699829607031,0.4662239808323154,-0.5576492036028265,0.3918732803237692,0.0,0.0,2.289074209268582,95.0,99.0,99.0,5.0,5.0,6.0,6.0,99.0,98.0,97.0,96.0,96.15384615384616,SOC
2025-12-24,11.479999542236328,11.6850004196167,10.960000038146973,11.09000015258789,985400.0,0.0407978078113624,10.688576466485822,10.222375297344094,9.721999912261962,9.433999919891358,9.382499961853028,10.724949932098388,12.81439998626709,6.659999847412109,11.6850004196167,6.659999847412109,11.699999809265137,6.659999847412109,15.09000015258789,6.659999847412109,18.6299991607666,6.659999847412109,18.899999618530277,6.659999847412109,18.899999618530277,2074307.5,1992298.0,1931972.6851851847,17126655.87553501,1,False,279,279,126912531.72149658,279,0.0672280750579652,0.7290713446480888,0.0635079593832513,3.520101229800804,0.6172232835215112,-15.6609792249528,-16.914877154625728,11.31999969482422,10.770000457763672,1274300.0,False,False,False,0.0631533458518322,0.1659408329797206,0.2321428630766199,0.7148220314873561,0.845847358176337,0.2235544459271226,0.6074073954467651,False,False,0.4296388448307704,1.382837753460087,0.2033542545220807,1.146532179426329,-0.3650442704270129,0.5624996872046515,0.0,0.0,1.0736733059976835,59.0,97.0,97.0,85.0,85.0,12.0,12.0,97.0,94.0,90.0,87.0,100.0,SPRY
2025-12-24,32.16999816894531,32.79999923706055,31.68000030517578,31.729999542236328,292800.0,0.0097299922365046,32.32239681627546,31.687750686568357,31.39199989318848,30.61266657511393,30.24699993133545,25.93479990005493,17.970799961090087,24.34000015258789,35.43000030517578,20.31999969482422,38.69300079345703,18.0,38.69300079345703,11.661999702453612,38.69300079345703,9.09000015258789,38.69300079345703,5.349999904632568,38.69300079345703,1061737.5,1130066.0,933083.7962962964,29595832.74346352,1,False,77,77,137042600.0,77,0.0663974285266864,2.2621427263532365,0.0703183977342265,0.904123202075685,0.1370371351826646,8.398366126302253,9.763618494990386,33.52000045776367,31.690000534057617,569700.0,False,False,True,0.0348150138524389,0.1221635228120569,0.2079577530257891,0.5874439449098457,0.8713119410724683,0.0635764949243005,0.8314164709185659,True,True,0.0603163482911628,1.025605510321397,0.4017427930065547,1.335552862693157,1.717060621144828,2.4070115101376706,0.0,0.0,1.1378801177497355,66.0,65.0,65.0,93.0,93.0,97.0,97.0,87.0,92.0,91.0,96.0,61.53846153846154,STOK
2025-12-24,284.5703125,287.7924012971281,280.8594352586329,280.8594352586329,1474900.0,0.0113805255235077,284.2792488458834,279.6839797076991,274.4234869384766,272.4392613728841,261.9629248046875,226.9064196777344,168.93541076660156,227.45256677456453,307.3659311320887,207.9418548968295,307.3659311320887,151.25116584281403,307.3659311320887,137.16742889634483,307.3659311320887,103.93536896598032,307.3659311320887,62.341483247873136,307.3659311320887,4479817.5,4438130.0,4180964.814814815,1180049628.791046,1,False,5,5,7292260189.373779,5,0.0500049202766021,15.545768407644658,0.0546289184949489,1.5797484892421805,0.2059800349493968,7.739978013305183,9.448418577771012,281.41795965200885,273.3191572321058,2084400.0,False,False,True,0.0243629280144788,0.1196427469923901,0.2041827580876743,0.5859591089518762,1.2361985791313008,0.0862999514613298,0.9258355714697202,True,True,0.1288120163859809,1.0918588834250065,0.3050714344246321,1.243446300534489,1.0393771160358294,1.8066597975798175,0.0,0.0,1.0714793590527794,58.0,82.0,82.0,90.0,90.0,94.0,94.0,81.0,84.0,93.0,92.0,61.53846153846154,STX
2025-12-24,12.140000343322754,12.270000457763672,11.90999984741211,11.9399995803833,313500.0,0.0,11.67586120681365,11.342737836505297,11.055200004577635,11.082999960581462,10.481199979782104,8.904400010108947,10.806492383480071,9.239999771118164,12.460000038146973,4.539999961853027,13.550000190734863,4.539999961853027,13.550000190734863,4.539999961853027,13.550000190734863,4.539999961853027,16.360000610351562,4.539999961853027,16.89699935913086,1670782.5,2259472.0,1657901.388888889,15219431.264586449,-1,False,58,58,165058116.63217545,58,0.0638649352254501,0.647571495601109,0.0533419668276439,2.9669763842974386,0.0,-8.116732733722927,-8.347322133267928,12.460000038146973,11.890000343322754,830900.0,True,False,False,0.0296540856812718,0.1680395308205299,0.2207578442656169,0.7611939289384609,0.4359956662441491,0.158264355869597,0.7184707820186131,False,False,0.2528380669798276,1.2118247795629389,1.0859106503870204,1.987414491692345,0.0966576944892612,0.9715159362931232,0.0,0.0,1.0077695279088603,50.0,93.0,93.0,98.0,98.0,60.0,60.0,87.0,99.0,97.0,96.0,92.3076923076923,SUPV
2025-12-24,8.580958366394043,8.660874082627126,8.361189670417822,8.660874082627126,2459000.0,-0.0057870793679802,8.50504280009541,8.16472456317567,7.881694869995117,7.694558715820312,7.226585159301758,6.31144947052002,5.195484162569046,6.098573832569844,9.160348010172337,5.943736743500315,9.160348010172337,4.285484349690852,9.160348010172337,4.2555159711418495,9.160348010172337,3.5505555102576745,9.160348010172337,3.137237090831968,9.160348010172337,5337912.5,5715272.0,6102646.296296297,48972645.94513893,-1,False,96,96,81126112.05554008,69,0.0530210247358757,0.478353143784265,0.0557458879718679,3.361958832899814,-0.1044160350914033,5.164054210319627,4.536578307347977,9.130379818124844,8.610926699236328,6767400.0,False,True,True,0.0349243522009115,0.1315483176967997,0.2724098367442976,0.4829059011561316,1.201925297693618,0.1874153804648648,0.9367502584907368,True,False,0.2840060052033584,1.2419723946958448,0.4510135080654265,1.3824970273944963,1.0452381566644506,1.8118520233787885,0.0,0.0,0.8746881665482703,31.0,94.0,94.0,94.0,94.0,94.0,94.0,91.0,88.0,94.0,91.0,73.07692307692307,SVM
2025-12-24,6.400000095367432,6.610000133514404,6.329999923706055,6.46999979019165,662800.0,-0.0062111741455933,6.344593291834568,6.110930319940895,6.042400016784668,5.737000020345052,5.082000026702881,4.20200001001358,3.4267500030994413,4.03000020980835,7.005000114440918,3.3399999141693115,7.005000114440918,2.9200000762939453,7.005000114440918,2.2300000190734863,7.005000114440918,1.8899999856948853,7.005000114440918,1.8899999856948853,7.005000114440918,3147982.5,2854248.0,1696005.5555555555,27241916.765048504,-1,False,211,211,41283785.74962616,26,0.075420481969761,0.3796428271702358,0.0593191908614245,4.3720543431996575,-0.1053620903394309,7.55829313127494,7.937593673090474,6.639999866485596,6.349999904632568,1799700.0,False,True,True,0.0437500321306283,0.1789062443538569,0.2992187395808288,0.5979112291044475,1.577665991182266,0.2593467260407804,0.9136331178887108,False,False,0.2284069190993141,1.188193417158583,0.8443804157346642,1.7572892519363266,1.8959275949758192,2.5654676231313087,0.0,0.0,1.8561156770319804,92.0,92.0,92.0,97.0,97.0,98.0,98.0,95.0,96.0,95.0,97.0,57.692307692307686,SVRA
2025-12-24,33.04999923706055,34.099998474121094,32.790000915527344,33.380001068115234,292000.0,-0.0054168013137344,33.20485551721929,31.944500804696336,31.273600158691405,29.99533348083496,27.265200080871583,21.923350038528444,18.77612505435944,22.125999450683597,35.310001373291016,15.859999656677246,35.310001373291016,14.505000114440918,35.310001373291016,14.505000114440918,35.310001373291016,13.93000030517578,35.310001373291016,10.90999984741211,35.310001373291016,781412.5,884562.0,712561.1111111111,30022114.51751709,-1,False,71,71,116751600.0,71,0.0524811768003354,1.495785849434989,0.0452582718294798,4.687935520234379,-0.1203382858874976,1.6390376535046869,1.4457295307222546,34.439998626708984,32.959999084472656,518300.0,False,True,True,0.0396368408119291,0.0922845120171046,0.2163389316469716,0.4265737623577492,1.106185886348272,0.2121678600938417,0.9359954106957366,False,False,0.225435672172801,1.1853194378737513,1.117232540932393,2.017257370708053,1.063046085684956,1.8276278547277447,0.0,0.0,1.0966252407200945,61.0,91.0,91.0,98.0,98.0,95.0,95.0,94.0,97.0,96.0,94.0,46.15384615384615,SYRE
2025-12-24,7.050000190734863,7.389999866485596,6.929999828338623,7.199999809265137,6062900.0,-0.008438810359049,6.326493845545418,5.695037246125531,5.093599996566772,4.809333324432373,4.502800006866455,3.243600008487701,2.2716500025987627,2.5199999809265137,7.739999771118164,2.1700000762939453,7.739999771118164,1.2899999618530271,7.739999771118164,1.149999976158142,7.739999771118164,0.959999978542328,7.739999771118164,0.9200000166893004,7.739999771118164,16572880.0,15876926.0,5292375.925925926,118672292.87225842,-1,False,12,12,189338644.947052,2,0.1365419351483152,0.8053571156093052,0.1142350487688934,4.95200469640587,-0.0745010401182674,11.000832947856562,8.43969545813451,7.739999771118164,6.840000152587891,19341900.0,True,True,False,0.0652482305960085,0.4198580824437221,0.6397162595785084,0.6563192292788604,1.7385304938751998,0.565692497997714,0.9108527647561392,True,True,1.245222915669301,2.1717226164827403,2.1057269823664777,2.959075361569228,4.423077268713337,4.804239296162239,0.0,0.0,3.131463114480194,97.0,99.0,99.0,99.0,99.0,99.0,99.0,99.0,99.0,99.0,99.0,92.3076923076923,TE
2025-12-24,5.639999866485596,5.650000095367432,5.510000228881836,5.619999885559082,3119900.0,0.010752678064499,5.415147704819992,5.241160407596773,5.129999980926514,5.013666645685832,4.704000020027161,4.15850001335144,3.371600006222725,3.930000066757202,5.730000019073486,3.660000085830689,5.730000019073486,3.009999990463257,5.730000019073486,2.9600000381469727,5.730000019073486,2.009999990463257,5.730000019073486,1.6699999570846558,5.730000019073486,6321962.5,6586614.0,9015788.425925924,35387841.77170515,1,False,201,201,144980655.2889347,201,0.0466398982515854,0.229285682950701,0.0406534908472566,4.894525764012529,0.2616820291934306,4.722281805357406,2.9459161911861305,5.730000019073486,5.570000171661377,5683600.0,False,True,False,0.0248226719503155,0.1117021505948163,0.205673736679524,0.5431036183723738,1.001071263626501,0.1989795583489453,0.9842931671399116,True,True,0.276018047315191,1.2342459330228517,0.3925924940418905,1.3268346384670535,0.79047609388333,1.5861613587361292,0.0,0.0,0.7012101661370488,17.0,94.0,94.0,92.0,92.0,92.0,92.0,92.0,91.0,92.0,90.0,100.0,TGB
2025-12-24,10.149999618530272,10.710000038146973,9.970000267028809,10.710000038146973,4533700.0,-0.036087381203921,10.691544060038014,10.448387582915927,9.56880002975464,9.807333389918009,11.478400011062622,12.086200017929077,8.646100016832351,6.900000095367432,15.699999809265137,6.900000095367432,23.200000762939453,6.900000095367432,23.200000762939453,4.900000095367432,23.200000762939453,3.5,23.200000762939453,3.5,23.200000762939453,12246481.5,11241047.6,6398006.111111111,227710307.90851927,-1,False,12,12,1023010527.8808594,12,0.1347243932539024,1.6271429061889648,0.1603096519549008,-0.7219181631521684,-0.2335382546889753,-3.660058964678949,-2.5751918717666684,10.949999809265137,9.81999969482422,13596000.0,True,False,True,0.0729063841310091,0.7507389331963801,0.8669950782886778,0.8659091060565528,2.9356107343589577,-0.1157304494748454,0.4374999691700123,True,False,0.0463917338261503,1.0121367362640756,-0.1470588282435706,0.8126655113416575,1.475609720639711,2.193113044963181,0.0,0.0,1.9141090657497373,93.0,59.0,59.0,25.0,25.0,96.0,96.0,93.0,89.0,83.0,92.0,57.692307692307686,TLRY
2025-12-24,7.619999885559082,7.75,6.900000095367432,7.25,6924100.0,0.0424076532429722,7.293964714521159,7.061052744434699,6.803399982452393,6.542666657765706,6.736499977111817,6.420549960136413,5.35274997651577,4.75,8.140000343322754,4.75,11.350000381469728,4.372000217437744,11.350000381469728,4.372000217437744,11.350000381469728,3.930000066757202,11.350000381469728,1.5700000524520874,11.350000381469728,8551087.5,8656450.0,9522144.907407409,71627127.2092843,1,False,244,244,318446100.0,189,0.095882661017008,0.6449285915919712,0.0846362993802922,1.549585450767304,0.4806732820052573,-2.1630977837396674,-3.795246132763943,7.650000095367432,7.120999813079834,9010600.0,False,False,False,0.1115485455903262,0.2434383889461886,0.3503937786391718,0.6947565961120457,0.929996707657296,0.1311511781264867,0.6713656061192448,False,False,0.4269662299290853,1.3802526300914313,0.1615853585404769,1.10673559985547,0.0612813464819079,0.9401764526696564,0.0,0.0,0.8980211478768814,35.0,97.0,97.0,82.0,82.0,54.0,54.0,95.0,92.0,91.0,87.0,73.07692307692307,TMC
2025-12-24,4.909999847412109,4.960000038146973,4.739999771118164,4.840000152587891,2494800.0,0.0144627464085493,4.66200745803507,4.5600021747727855,4.458800010681152,4.361000013351441,4.655399990081787,3.5647999942302704,2.5408999979496003,3.400000095367432,4.989999771118164,2.0,11.289999961853027,1.559999942779541,11.289999961853027,1.3300000429153442,11.289999961853027,1.1699999570846558,11.289999961853027,1.1299999952316284,11.289999961853027,4868607.5,7512284.0,4684580.555555556,15224808.380887508,1,False,78,78,1602360717.6652908,71,0.0738847410687868,0.3399999822889055,0.0692464343900352,0.7897756485353282,0.2058814660900142,4.199306886992574,3.3692936276478376,4.929999828338623,4.679999828338623,2945600.0,False,True,False,0.0448065730887472,0.1384928410327807,0.2219958675406545,0.6238532391032834,0.4305960743763148,0.0546891476291491,0.4348981279009881,True,False,0.2305763999189019,1.1902918771952429,1.2731479871788207,2.1658105301117576,2.409721980768231,3.0206319248852256,0.0,0.0,1.0392835478570652,54.0,92.0,92.0,98.0,98.0,98.0,98.0,93.0,98.0,98.0,98.0,100.0,TMQ
2025-12-24,22.479999542236328,22.790000915527344,22.1200008392334,22.43000030517578,597700.0,-0.0061892701946431,22.143455869181164,21.33987941218375,21.224400024414063,20.72866668701172,18.47380002975464,15.49730004310608,17.181525025367737,16.950000762939453,24.5,12.06999969482422,24.5,10.25,24.5,9.979999542236328,24.5,9.979999542236328,24.5,9.979999542236328,35.119998931884766,2247025.0,2105220.0,1953324.0740740744,35862155.79278946,-1,False,300,300,101458712.03536987,36,0.0558416989230283,1.148214340209961,0.0510771514053036,4.245703550950954,-0.1219295841327585,-2.763316127170886,-3.724355018166927,23.280000686645508,22.51000022888184,1133100.0,False,True,True,0.0298042744634012,0.1814946622236529,0.2301601375327359,0.7885581933050364,0.7740996190421904,0.216858443093957,0.6400911226061334,False,False,0.0470423968879034,1.012766099022249,0.8795986179377366,1.7908444597860738,0.1763474005364131,1.0421120938474446,0.0,0.0,1.1503595485378677,67.0,59.0,59.0,97.0,97.0,70.0,70.0,87.0,96.0,95.0,93.0,80.76923076923077,TNDM
2025-12-24,4.254285335540772,4.303639182650196,4.165448599013074,4.165448599013074,1332000.0,0.0189124833833544,4.274337469511541,4.13955765302833,3.992908515930176,3.874920352300008,3.711457567214966,3.846086673736573,4.593044143915177,2.832900094959293,5.182134607585295,2.781756972153195,5.182134607585295,2.781756972153195,5.182134607585295,2.781756972153195,5.714211735287438,2.781756972153195,5.972643165159668,2.781756972153195,7.774145955518183,4591800.0,4367772.0,3728831.944444445,20960443.62380981,1,False,15,15,140005311.33384705,15,0.067248560302082,0.3539363178366335,0.0831952466563091,1.7580006954101468,0.2231069826136359,-6.359308025508715,-10.479302178511954,4.352992678903576,4.175319671630859,2124700.0,False,False,True,0.0324826786963869,0.1554525062324413,0.3526682952186724,0.440789570086114,0.913445115724905,0.1462573014766102,0.5472350737795229,True,True,0.2713863287411819,1.2297658397946207,0.1215246750920395,1.068566571465998,-0.2105289145143446,0.6993829931126748,0.0,0.0,1.231431201087323,74.0,94.0,94.0,77.0,77.0,19.0,19.0,94.0,90.0,85.0,81.0,61.53846153846154,TROX
2025-12-24,12.970000267028809,13.1899995803833,12.729999542236328,12.729999542236328,690600.0,0.0117005129309908,12.77894544921497,12.644935305678604,12.64639991760254,12.449999968210856,11.818599967956542,10.036849975585938,8.228124985694885,10.460000038146973,14.390000343322754,8.989999771118164,14.390000343322754,6.929999828338623,14.390000343322754,5.789999961853027,14.390000343322754,5.380000114440918,14.390000343322754,3.963000059127808,14.390000343322754,2022440.0,1931330.0,2160939.351851852,31960711.974916454,1,False,289,289,350274215.9058571,289,0.0636226772051231,0.708714348929269,0.0546425855310813,1.7829085355980394,0.2116516653447356,0.3738110339935687,1.692041223506205,13.100000381469728,12.5,857000.0,False,False,True,0.0354664632749734,0.1734772516327352,0.2397841593155192,0.7234725268255346,0.9956765544987132,0.0974227321505107,0.9013203584145254,True,True,0.1367222121366216,1.0995101286054214,0.5330969513647519,1.460704511838194,1.2915195435842652,2.030029758698837,0.0,0.0,0.9359078024410252,40.0,83.0,83.0,95.0,95.0,96.0,96.0,80.0,88.0,92.0,93.0,53.84615384615385,TRVI
2025-12-24,122.47000122070312,123.6999969482422,121.3000030517578,122.0,418900.0,0.011396522624063,118.82982116585062,114.97026667798134,112.91880065917968,110.65933380126953,98.95460021972656,80.62780014038086,60.4499500656128,87.30000305175781,129.5800018310547,70.9000015258789,129.5800018310547,47.970001220703125,129.5800018310547,43.119998931884766,129.5800018310547,37.47999954223633,129.5800018310547,28.63999938964844,129.5800018310547,1841707.5,1633820.0,1035694.4444444444,198452459.97962952,1,False,44,44,517281291.9540405,44,0.0494929722927119,6.258572714669364,0.0511029039951652,4.650191309869956,0.2204983381559072,9.672818741225669,11.073436004469706,124.4800033569336,118.58000183105467,1137600.0,True,True,False,0.0195965858786867,0.1507307822362629,0.2408753140031252,0.6257626808295815,0.8889902192407977,0.2376382800674361,0.9451304174264366,True,True,0.2750650424728103,1.2333241260363952,0.7918069342323852,1.7071982765645088,1.7961187980359012,2.4770482035652663,0.0,0.0,1.778234410620893,92.0,94.0,94.0,97.0,97.0,97.0,97.0,91.0,94.0,97.0,96.0,88.46153846153845,TSEM
2025-12-24,5.909999847412109,6.019999980926514,5.860000133514404,5.920000076293945,1726700.0,0.035026236064622,5.61927301406209,5.349857198502882,5.088000001907349,4.93233335018158,4.820800018310547,4.075950014591217,3.141675008535385,3.900000095367432,6.019999980926514,3.0999999046325684,6.019999980926514,2.7109999656677246,6.019999980926514,2.3299999237060547,6.019999980926514,2.25,6.019999980926514,1.0499999523162842,6.019999980926514,3810630.0,3889014.0,4093246.7592592593,19580791.098034386,1,False,83,83,603506686.1528397,83,0.0617022059851373,0.317357131413051,0.0536983315747489,4.207534215366233,0.6302042382807846,3.210119665823374,2.86810571472652,5.840000152587891,5.690000057220459,1291500.0,False,True,False,0.0270727329176109,0.1099830985024569,0.3367173980536652,0.3266332513205276,1.0647377458656615,0.225937567408837,0.9817275525144644,False,False,0.3371040147961921,1.2933321717220825,0.931372535269978,1.8401736262001225,1.4522820070253344,2.1724473024552573,0.0,0.0,0.9309553574751004,39.0,95.0,95.0,98.0,98.0,96.0,96.0,94.0,96.0,95.0,95.0,96.15384615384616,TSHA
2025-12-24,9.369999885559082,9.529999732971191,9.260000228881836,9.470000267028809,806400.0,-0.0010661224690647,9.025746055064428,8.692425783711997,8.414400043487548,8.278666718800862,7.9578000354766845,6.438300018310547,4.7919500041008,7.050000190734863,9.529999732971191,5.380000114440918,9.529999732971191,4.03000020980835,9.529999732971191,3.1700000762939453,9.529999732971191,2.630000114440918,9.529999732971191,2.0299999713897705,9.529999732971191,2274522.5,2641678.0,1861009.2592592596,19557368.86599779,-1,False,71,71,84549695.54185867,71,0.0553047916111166,0.4607141358511789,0.0491690652591389,3.609201980467276,-0.02170593021497,9.739048732750168,10.810849524559384,9.420000076293944,9.149999618530272,1357800.0,False,True,False,0.0288153156229462,0.1366061631381564,0.2209177929675831,0.6183574500864295,0.8434941730218445,0.177461087711009,0.9832109284475052,False,False,0.2216427369433036,1.1816506693237483,0.6613475367682462,1.582899137936699,1.7080924226166343,2.3990666903148923,0.0,0.0,1.222198379015767,74.0,91.0,91.0,96.0,96.0,97.0,97.0,88.0,95.0,96.0,97.0,92.3076923076923,TTI
2025-12-24,40.27999877929688,42.130001068115234,36.0099983215332,36.040000915527344,3815000.0,0.1391402173082823,36.02978125416522,35.34183005495269,35.25359970092774,35.25466639200847,33.43159980773926,27.5113498878479,22.19724995613098,33.04999923706055,42.130001068115234,23.21999931335449,42.130001068115234,17.049999237060547,42.130001068115234,14.6899995803833,42.130001068115234,13.880000114440918,42.130001068115234,12.90999984741211,42.130001068115234,1910450.0,1897240.0,1837323.148148148,61643559.093875885,1,False,105,105,341140127.3288727,105,0.0512893387581101,1.9784289768763952,0.0491169075678638,4.1706224666263,2.486820718079634,10.535800398313416,9.138043918948869,36.4900016784668,35.22999954223633,942000.0,False,False,False,0.1519365176775425,0.2144985017747623,0.2154915731933221,0.9953915997556484,1.08943517952394,0.2048480781937405,0.9560882449106208,False,False,0.1254539745435312,1.088610771460066,0.6370656179104264,1.5597638049754454,1.662260308964003,2.3584645689498784,0.0,0.0,1.0398007568377707,54.0,81.0,81.0,96.0,96.0,97.0,97.0,77.0,95.0,96.0,96.0,100.0,TVTX
2025-12-24,6.349999904632568,6.400000095367432,5.960000038146973,6.150000095367432,5574000.0,0.0530679409104679,5.578712554651015,5.794039015884514,5.711600017547608,5.963666677474976,7.481999988555908,6.751999993324279,4.755299996733665,4.360000133514404,8.180000305175781,4.360000133514404,19.709999084472656,3.930000066757202,19.709999084472656,2.150000095367432,19.709999084472656,1.940000057220459,19.709999084472656,1.2100000381469729,19.709999084472656,10590230.0,13244078.0,7822109.259259259,46132300.30808687,1,False,71,71,939000234.0932846,71,0.1012277680684812,0.5978572028023856,0.0941507420128031,-1.606959786131005,0.535244358225104,2.659895210405253,3.667995348424813,6.360000133514404,5.519999980926514,14537700.0,False,False,False,0.0692913486344247,0.3212598413371265,0.4078739708108072,0.7876448715236679,0.6255512841286498,-0.1512964562489696,0.3221714966813487,False,False,0.0799319355517289,1.044578955760628,0.0063391382275366,0.958820065710633,1.4144485278786547,2.138931075741022,0.0,0.0,1.3538841825130523,81.0,71.0,71.0,52.0,52.0,96.0,96.0,93.0,88.0,88.0,97.0,76.92307692307693,UAMY
2025-12-24,4.840000152587891,4.909999847412109,4.800000190734863,4.849999904632568,1077000.0,0.0,5.050894608053122,4.966859285982362,4.869399995803833,4.70600000222524,4.43,4.541399993896484,4.297800011634827,3.5799999237060547,6.019999980926514,3.549999952316284,6.019999980926514,3.549999952316284,6.048999786376953,3.150000095367432,6.048999786376953,3.150000095367432,6.048999786376953,2.8910000324249268,9.4350004196167,4352182.5,4168524.0,4060899.537037037,23831666.788492203,-1,False,134,134,58944599.4758606,134,0.0646265382900463,0.3492141791752406,0.0721516876375551,1.2827257066647788,0.0,-6.080573792722136,-5.821021328143436,5.03000020980835,4.840000152587891,2285900.0,False,True,True,0.022727201076312,0.2469007556095358,0.386363600538156,0.6390373090675053,1.0502662333238335,0.0925508245119393,0.5129835651649624,True,True,0.2506460712436629,1.2097045416648486,0.0146750884572919,0.9667623945374062,0.3407203028351933,1.1877280822096008,0.0,0.0,1.071728679891326,58.0,93.0,93.0,56.0,56.0,81.0,81.0,89.0,83.0,78.0,81.0,42.30769230769231,ULCC
2025-12-24,13.06999969482422,13.350000381469728,12.75,13.3100004196167,1869400.0,0.0046117959175115,11.023510620403988,10.567061395650631,9.818000030517576,9.760333347320556,10.9996000289917,11.389600009918214,9.320349991321564,7.244999885559082,13.350000381469728,7.244999885559082,17.479999542236328,7.244999885559082,17.479999542236328,7.244999885559082,17.479999542236328,4.670000076293945,17.479999542236328,4.449999809265137,17.479999542236328,2612955.0,3283070.0,3063913.888888889,23027489.312934875,1,False,166,166,322865888.95139694,166,0.0934025015045969,1.027571541922433,0.0786206247831326,2.394091830327262,0.0583895753186515,-2.5652366407942973,-3.7813624619272033,13.199999809265137,11.81999969482422,6305800.0,False,True,False,0.0459066867237441,0.3588370806094876,0.3925019306980108,0.9142301032031744,0.7698617452567261,0.1882249954885229,0.7477116726029439,True,False,0.539458191658214,1.4890620208003416,-0.0030511031960748,0.9498732290461228,0.5939024388825589,1.4120191086536396,0.0,0.0,0.8528160694971664,29.0,98.0,98.0,49.0,49.0,89.0,89.0,97.0,95.0,92.0,88.0,100.0,UMAC
2025-12-24,5.800000190734863,5.860000133514404,5.659999847412109,5.789999961853027,2283500.0,-0.0119249908328663,5.549279760824788,5.207208517336475,4.878400011062622,4.728666687011719,4.489600005149842,3.762050008773804,2.7622750008106234,3.5199999809265137,5.980000019073486,3.5199999809265137,5.980000019073486,2.174999952316284,5.980000019073486,2.174999952316284,5.980000019073486,1.4500000476837158,5.980000019073486,1.0,5.980000019073486,3454705.0,3517756.0,1610385.1851851852,20057467.070879936,-1,False,33,33,38076229.87413406,13,0.0635473276715696,0.3614286354609898,0.0623152799267747,4.683836706997749,-0.1936750106558008,5.913970058422533,5.988160385390639,5.960000038146973,5.639999866485596,5502700.0,True,True,False,0.0344828068146933,0.1413793352923118,0.3344827574867131,0.4226804883893842,1.2655084661926523,0.2918745955278674,0.9698996943537616,True,True,0.4683544609413332,1.4202859634046705,0.7737003744848665,1.6899467038616056,1.7619049781574514,2.446738589708176,0.0,0.0,2.1452662579001114,94.0,97.0,97.0,97.0,97.0,97.0,97.0,96.0,93.0,97.0,96.0,84.61538461538461,USAS
2025-12-24,27.26000022888184,27.43000030517578,26.850000381469727,26.920000076293945,191800.0,0.0059040533269332,26.35598361189946,26.140388514775644,25.0907999420166,25.77799994150797,27.92259994506836,28.22829999923706,29.527950019836425,21.290000915527344,30.18000030517578,21.290000915527344,35.0,21.290000915527344,35.0,21.290000915527344,35.0,21.290000915527344,36.31999969482422,21.290000915527344,36.31999969482422,826067.5,789486.0,783594.9074074074,21973789.18956757,1,False,225,225,57314104.011535645,218,0.0400928828559701,0.9549997874668666,0.0350330073165241,-0.6773575432956868,0.1675391445232761,-8.626085978434055,-9.564526583672746,27.170000076293945,26.799999237060547,548600.0,False,False,False,0.0212765927672864,0.1096845101252154,0.1797505347538019,0.6102040824270507,0.9307701466523788,-0.0237298717701806,0.7505506734012038,False,False,0.2521818858832547,1.2111900794100097,-0.1120521318751994,0.8460192006072385,-0.1833433386279683,0.7234663696700434,0.0,0.0,1.0542022315243431,56.0,93.0,93.0,29.0,29.0,21.0,21.0,84.0,76.0,70.0,64.0,88.46153846153845,UTI
2025-12-24,15.100000381469728,15.300000190734863,14.6899995803833,15.199999809265137,3469000.0,-0.0052700870947135,14.812985357622656,14.954699151850916,14.67959991455078,14.794999917348228,16.71979991912842,15.126799974441528,10.31449999332428,12.079999923706056,16.6299991607666,12.079999923706056,27.32999992370605,8.15999984741211,27.32999992370605,5.570000171661377,27.32999992370605,4.360000133514404,27.32999992370605,3.200000047683716,27.32999992370605,13046295.0,17567886.0,14304600.925925924,124041730.0628233,-1,False,71,71,1590862587.2364044,71,0.0697865290155332,1.090714454650879,0.0722327435163095,-1.3412078424864953,-0.0733463496013367,-1.150234389101808,1.486005873249901,15.970000267028809,15.010000228881836,8067500.0,False,True,True,0.0403973903934557,0.1774835225924176,0.2165562530781258,0.8195723747048204,0.4560617025861848,-0.0968791220883898,0.5525064187201837,True,False,0.0808876229664705,1.0455033575019417,-0.1251448330688719,0.8335447333605832,1.559322057185382,2.267272802768309,0.0,0.0,0.9120348807742444,37.0,71.0,71.0,28.0,28.0,97.0,97.0,81.0,73.0,92.0,96.0,50.0,UUUU
2025-12-24,14.43000030517578,15.086999893188477,13.31999969482422,14.90999984741211,542500.0,-0.0321931285813956,11.989314539576547,9.987090282578084,8.164600009918212,7.609166653951009,6.751999988555908,5.461299998760223,6.054115002751351,4.019999980926514,16.290000915527344,3.130000114440918,16.290000915527344,2.809999942779541,16.290000915527344,2.809999942779541,16.290000915527344,2.809999942779541,16.290000915527344,1.4249999523162842,16.290000915527344,1087265.0,1092458.0,471118.9305555556,19129774.72602129,-1,False,121,121,110562722.08213806,2,0.2216454310500799,2.6005714620862688,0.1802197787309464,6.309765812557232,-0.1845746403181921,1.7044830503462691,-1.6145321610153955,16.1299991607666,12.9399995803833,1776300.0,True,True,False,0.1224532336101522,0.5412336249563147,0.7900208460115398,0.6850877767197664,2.2635012055383363,1.1371445985831548,0.8858194901279199,True,False,1.987577750126268,2.8897754976439423,3.8585859145355297,4.6291647506035964,0.9011857727375304,1.6842377392231516,0.0,0.0,2.3078355155838657,95.0,99.0,99.0,99.0,99.0,93.0,93.0,99.0,99.0,99.0,99.0,92.3076923076923,VELO
2025-12-24,55.66999816894531,56.04999923706055,54.16999816894531,54.34000015258789,481100.0,0.0326469732241649,50.37249346069046,45.79836959806189,41.912399749755856,39.79933312733968,35.27459987640381,30.02919996261597,26.592775020599365,27.190000534057617,56.04999923706055,23.049999237060547,56.04999923706055,21.149999618530277,56.04999923706055,19.06599998474121,56.04999923706055,18.76000022888184,56.04999923706055,18.530000686645508,56.04999923706055,1788622.5,1643324.0,1508660.1851851852,83915970.80327988,1,False,205,205,420678782.96642303,205,0.07935773242058,3.028285162789481,0.0543970767449883,10.629052030488827,0.5811864560046897,7.441037333311087,3.2665435926119764,55.0,53.262001037597656,845000.0,False,False,False,0.0337704532055107,0.211693914766216,0.4893120292271465,0.4326358276958367,0.8722869014266207,0.5781893590289755,0.9932203198342958,False,False,0.9038987210914208,1.84157211439036,1.064910981432781,1.9674064216474207,1.3902960919091405,2.117534721561781,0.0,0.0,1.1855701618986187,70.0,99.0,99.0,98.0,98.0,96.0,96.0,98.0,98.0,97.0,97.0,100.0,VERA
2025-12-24,5.130000114440918,5.170000076293945,5.019999980926514,5.059999942779541,839300.0,0.0098425573790927,5.146921080254032,5.148517132918517,4.946000032424927,4.862666710217794,5.458100018501281,4.624900009632111,3.296825001835823,3.5899999141693115,6.130000114440918,3.5899999141693115,9.420000076293944,2.200000047683716,9.420000076293944,1.4199999570846558,9.420000076293944,1.2200000286102295,9.420000076293944,1.2200000286102295,9.420000076293944,4376675.0,6266742.0,3377669.907407407,16951193.72576952,1,False,70,70,392022766.0417557,70,0.075333079211926,0.372000047138759,0.0725146274542141,-0.8289703427795766,0.1344090978467344,-1.1717578989073694,1.321320902267784,5.2230000495910645,4.929999828338623,2167800.0,True,True,True,0.0292397840197278,0.2514619752583797,0.3939570883747475,0.638297882380477,0.4665725826912932,-0.0601124755772531,0.544585994999183,True,True,0.2542787097929524,1.2132182610554454,-0.0806451282110881,0.8759431737223421,2.4897959282973168,3.091568477373134,0.0,0.0,1.295767532049749,78.0,93.0,93.0,34.0,34.0,98.0,98.0,92.0,87.0,96.0,98.0,57.692307692307686,VERI
2025-12-24,14.529999732971191,15.270000457763672,13.392000198364258,13.5,850500.0,0.0739098314660793,13.069600761793636,12.542309844499034,10.383199996948242,10.284666697184244,15.906499977111816,26.635449962615965,22.45662506699562,6.5,16.799999237060547,6.5,49.63999938964844,6.5,50.20000076293945,6.5,65.80000305175781,3.299999952316284,65.80000305175781,2.619999885559082,65.80000305175781,2274712.5,1900916.0,790961.9444444445,40046412.042610645,1,False,15,15,449114411.187172,15,0.1434059743867741,1.9312856537955148,0.1329171155738619,-0.6510596126218832,0.517789793568197,-15.821290034102097,-16.10025416515097,13.859999656677246,12.960000038146973,719000.0,False,False,False,0.129249848170189,0.467997203167879,0.6600137216212149,0.709071929623404,1.136936087654583,-0.0865369657763366,0.2208206543933135,False,False,0.7380383169472837,1.6811413668040278,-0.5702455148537942,0.40946159006901,-0.1837078451824336,0.7231434576726847,0.0,0.0,2.875881091343417,97.0,99.0,99.0,4.0,4.0,21.0,21.0,99.0,98.0,95.0,93.0,92.3076923076923,VOR
2025-12-24,28.350000381469727,29.11000061035156,28.100000381469727,28.420000076293945,593700.0,-0.0021119136312789,26.455024026287195,25.45123506650934,23.806799850463868,23.180333264668786,25.956999855041506,28.453299942016603,32.57532840923671,17.40999984741211,29.489999771118164,17.40999984741211,39.18999862670898,17.40999984741211,39.18999862670898,17.40999984741211,46.86000061035156,17.40999984741211,73.94999694824219,17.40999984741211,73.94999694824219,1686345.0,1507996.0,1498352.5547445256,46593076.47580147,-1,False,196,196,200299076.06506348,194,0.0818948002992425,2.253999982561384,0.0795061711545744,1.1595446065659871,-0.0266191066577565,-12.072102126305554,-13.38975601547132,28.899999618530277,26.790000915527344,2165700.0,False,True,False,0.0356261098868272,0.2430334849008296,0.3100528708960468,0.7838452977341173,1.2348772808415938,0.0921909519509991,0.3833671609386538,True,True,0.3590603812063806,1.3145697678538562,-0.0317623047597792,0.9225177629569982,-0.4208375906107482,0.5130730521027589,0.0,0.0,1.1254660958532072,65.0,96.0,96.0,42.0,42.0,10.0,10.0,96.0,93.0,88.0,84.0,88.46153846153845,VOYG
2025-12-24,35.150001525878906,35.7599983215332,34.56999969482422,35.68000030517578,647900.0,-0.0206184975300658,35.04330226032888,35.01114559507881,34.460800094604494,34.65033346811931,35.76020015716553,32.77690004348755,22.11570003032684,29.1299991607666,39.09999847412109,26.100000381469727,43.59000015258789,25.5,43.59000015258789,14.0,43.59000015258789,8.609999656677246,43.59000015258789,7.360000133514404,43.59000015258789,2006532.5,2024308.0,3113575.925925926,55917823.66142273,-1,False,140,140,495910968.5600281,140,0.0569157348324576,2.1057137080601285,0.0599065040298736,-0.2848375962088037,-0.3514237766212047,-0.5209661613054575,4.179880743278996,37.459999084472656,35.709999084472656,1370800.0,False,False,True,0.0338548670000158,0.1877666625209645,0.1877666625209645,1.0,0.8900276044949682,-0.0170636246051422,0.8063776417259794,True,False,0.0868893432292132,1.0513086036275878,0.2204861964248603,1.1628551554857771,1.4477717525246967,2.1684517219326147,0.0,0.0,0.6444463047430875,15.0,73.0,73.0,86.0,86.0,96.0,96.0,75.0,82.0,79.0,95.0,50.0,VSAT
2025-12-24,6.739999771118164,6.929999828338623,6.670000076293945,6.670000076293945,826600.0,0.0074737987249702,6.915879961437319,6.757878700678523,6.704400005340577,6.477666664123535,5.942000007629394,5.272400007247925,6.27739999294281,5.0,7.710000038146973,4.449999809265137,7.710000038146973,3.9800000190734863,7.710000038146973,3.9800000190734863,7.710000038146973,3.9800000190734863,7.710000038146973,3.9800000190734863,13.724193692433431,2908827.5,2692874.0,2538284.25925926,23872091.32922411,1,False,180,180,75490799.77035522,230,0.0711718371001113,0.4728571006229946,0.0701568422374809,1.9142562839205348,0.1057395856630468,-4.276200757962149,-4.475839600916763,7.440000057220459,6.619999885559082,2074800.0,True,True,True,0.0385756321771423,0.1899109460591034,0.3575667550819947,0.5311202547774734,1.1482230509114055,0.1342981761131194,0.491103515599181,False,False,0.1103788435764419,1.0740291445582637,0.6047619231433834,1.5289854822782023,0.094155834102775,0.9692995680972264,0.0,0.0,1.1459817746531176,67.0,78.0,78.0,95.0,95.0,59.0,59.0,89.0,90.0,90.0,86.0,50.0,VSTS
2025-12-24,54.27000045776367,54.790000915527344,53.4900016784668,54.59999847412109,848200.0,-0.0065897968755793,53.511405318028544,50.10188153104155,47.19959991455078,45.18933334350586,40.626799964904784,32.85039999008179,26.247049951553343,33.61000061035156,56.95000076293945,27.25,56.95000076293945,21.229999542236328,56.95000076293945,17.530000686645508,56.95000076293945,17.530000686645508,56.95000076293945,13.760000228881836,56.95000076293945,2838045.0,2663150.0,3371989.351851852,165464811.20298386,-1,False,265,265,595226645.7416534,19,0.0536206954179658,2.989928381783621,0.0550935757612637,6.095406657799017,-0.1204044259203314,10.077765942885542,9.76937416704734,56.15999984741211,54.220001220703125,1540300.0,False,True,True,0.0239542883009976,0.0958172234950766,0.3362815523505163,0.2849315486542166,0.9168841409608922,0.3358177484971616,0.9529411717423574,True,True,0.4799564539854071,1.431508150081212,1.12075029832602,2.0206090205119667,1.869910147841206,2.5424190778651283,0.0,0.0,0.8416530136553911,27.0,98.0,98.0,98.0,98.0,98.0,98.0,96.0,97.0,97.0,97.0,69.23076923076923,VSXY
2025-12-24,5.670000076293945,5.755000114440918,5.545000076293945,5.71999979019165,3501200.0,-0.0173310060594681,5.418429588816371,5.189262099535216,5.014800024032593,4.948333334922791,4.645999994277954,4.247399995326996,3.4681499999761582,3.859999895095825,5.949999809265137,3.7799999713897705,5.949999809265137,3.2300000190734863,5.949999809265137,2.8299999237060547,5.949999809265137,2.630000114440918,5.949999809265137,1.690000057220459,5.949999809265137,6555030.0,6134438.0,4006411.111111111,32202378.82365465,-1,False,34,34,55377509.29865837,222,0.0552843041508537,0.301142930984497,0.0531116273249385,4.149838334581821,-0.3320679130858177,4.817493478002078,3.3597611547908333,5.949999809265137,5.619999885559082,7228100.0,False,True,False,0.037037043266538,0.1693121737618128,0.2610229275412729,0.6486486660641765,0.9833696257098042,0.2204046670850532,0.9529412198408502,True,False,0.3216783512149122,1.278411487348195,0.3931203531078593,1.3273375721651404,0.8900000254313152,1.674328419458248,0.0,0.0,1.6361351389578371,90.0,95.0,95.0,92.0,92.0,93.0,93.0,93.0,90.0,91.0,91.0,92.3076923076923,VZLA
2025-12-24,179.4273223876953,182.41511859429676,177.64863883253216,179.07759014786834,3067000.0,0.0073492524731948,175.52001871512635,170.69350451701433,166.15404724121095,164.96777801513673,155.1639131164551,125.62436431884764,88.71891337394715,132.22581547771188,188.63052328088332,112.34652150919072,188.63052328088332,72.942326427254,188.63052328088332,63.49791707230577,188.63052328088332,48.77668665036893,188.63052328088332,28.698609016377397,188.63052328088332,9269185.0,9066984.0,8297499.805555556,1339422465.991745,1,False,5,5,6562846205.200195,5,0.0560257772766132,10.510084034798547,0.0585757168693016,2.6695833678722183,0.124550503169017,12.4878462070995,16.221512456800397,178.268169194648,174.37105711178555,3721100.0,False,True,True,0.0265649606667231,0.1297616580340147,0.2086860511186264,0.6218032175051913,1.0628539765814078,0.1563727595154798,0.9512104365024536,False,False,0.1906472576517568,1.1516698674548576,0.6761904938390217,1.5970412144329065,1.8328384958860848,2.509577744748977,0.0,0.0,1.1171057809237737,64.0,89.0,89.0,96.0,96.0,97.0,97.0,89.0,92.0,97.0,96.0,88.46153846153845,WDC
2025-12-24,26.32999992370605,26.69499969482422,25.75,25.88999938964844,1365100.0,0.0205426628805549,25.91178678085529,24.41554687682674,22.727999954223638,21.78566659291585,21.135999908447264,23.60329992294312,21.682399964332586,16.260000228881836,31.0,14.960000038146973,31.0,14.960000038146973,31.0,14.960000038146973,31.0,14.960000038146973,31.0,13.630000114440918,31.0,4488537.5,3943372.0,2617598.1481481483,141708218.5217762,1,False,14,14,698703608.7890625,14,0.0741837595373258,2.1325719015938893,0.0809939957376848,3.034075078946101,0.2485265262331291,-10.261081512680963,-9.955981277620896,27.290000915527344,25.709999084472656,2259700.0,True,False,True,0.0358906075792804,0.2009115431392205,0.5001899018023321,0.4016705303631218,1.173767019697863,0.2457418640119761,0.8493548362485824,True,False,0.4027703399876801,1.3568488241508472,-0.0414997968017505,0.9132400727580616,0.2257914564631682,1.0859139916768143,0.0,0.0,1.7147542311547976,91.0,97.0,97.0,40.0,40.0,74.0,74.0,96.0,95.0,91.0,87.0,65.38461538461539,WRBY
2025-12-24,12.3100004196167,12.43000030517578,11.949999809265137,12.25,8167800.0,-0.0088566550725874,12.83312293064437,13.2488163002167,13.623200073242188,13.298000081380208,13.6832000541687,11.799400029182436,7.781300017833709,10.470000267028809,16.75,10.470000267028809,17.049999237060547,8.600000381469727,17.049999237060547,4.639999866485596,17.049999237060547,3.400000095367432,17.049999237060547,2.059999942779541,17.049999237060547,40661210.0,40252944.0,44024244.44444445,428215505.23458,-1,False,132,132,2519607036.035061,132,0.0890670273844089,1.2392858096531458,0.1006730923971596,-0.9968563816461202,-0.0887605230532197,3.2011667340684493,4.445628818610994,13.0,12.210000038146973,20575900.0,False,True,True,0.0389927278268598,0.4411048026060796,0.4411048026060796,1.0,0.7510412157679697,-0.100356614616158,0.7219941918155163,True,True,-0.0253364760035383,0.9427566428934722,0.1221513327228773,1.0691636384864025,1.80410040865706,2.4841190169601,0.0,0.0,0.9236094909320168,38.0,26.0,26.0,77.0,77.0,97.0,97.0,69.0,59.0,82.0,96.0,19.230769230769237,WULF
2025-12-24,18.25,18.5,17.489999771118164,17.489999771118164,1862900.0,0.0440503705908656,16.537905468587045,14.606062554224795,12.604399909973145,11.669333267211917,10.121799993515015,9.09739999294281,8.21780000448227,6.510000228881836,21.729999542236328,6.510000228881836,21.729999542236328,6.510000228881836,21.729999542236328,6.510000228881836,21.729999542236328,5.889999866485596,21.729999542236328,5.28000020980835,21.729999542236328,8646720.0,7405652.0,2961450.462962963,247717297.11996555,1,False,16,16,2727095995.4063416,16,0.1093041098717266,2.489285707473755,0.1363992168478769,5.887416400722825,0.309325866232167,0.0580979992472272,-0.5326149932753239,18.21999931335449,17.06999969482422,2803800.0,False,False,False,0.0553424782948951,0.2613698880966396,0.810958888432751,0.322297334457681,0.7702427821345103,0.80303898631594,0.8398527558423415,True,False,1.4463806845412843,2.366295223546243,1.7402403030221452,2.610846868218053,1.5960169922238916,2.299780406873303,0.0,0.0,2.919758445443948,97.0,99.0,99.0,99.0,99.0,97.0,97.0,99.0,99.0,98.0,96.0,88.46153846153845,WVE
2025-12-24,1.590000033378601,1.815000057220459,1.5499999523162842,1.6100000143051147,3332400.0,-0.0421686353315228,1.438169366492245,1.2053372692691782,0.9362799990177154,0.8921999981005987,0.9176199942827225,0.8921699979901314,1.1117899982631207,0.4699999988079071,2.559999942779541,0.4699999988079071,2.559999942779541,0.4699999988079071,2.559999942779541,0.4699999988079071,2.559999942779541,0.4699999988079071,2.559999942779541,0.4699999988079071,3.9600000381469727,16340667.5,13138420.0,4149979.638888889,49227503.507665694,-1,False,12,12,365122814.5086765,12,0.246639303196773,0.4018571376800537,0.2527403328578207,2.8991947596718965,-0.174191091010382,-7.260121029469621,-9.764104570585433,1.7599999904632568,1.3200000524520874,8872800.0,False,True,True,0.1666667291453286,1.2264150236090618,1.2779873603667506,0.9596456597638894,4.8079715825799445,0.7327434485791247,0.401515156076266,True,False,2.0285716296864296,2.929427389113985,1.64119607710346,2.516479484901456,0.8192219793556519,1.6116269948954816,0.0,0.0,3.93752955963298,98.0,99.0,99.0,99.0,99.0,92.0,92.0,99.0,99.0,98.0,98.0,88.46153846153845,YCBD
2025-12-24,26.86000061035156,27.280000686645508,26.739999771118164,27.11000061035156,232900.0,0.0026129037861901,26.5032842884974,25.70720920706542,25.881000137329103,25.01016680399577,22.34979995727539,18.84174998283386,15.597499990463255,18.200000762939453,28.489999771118164,16.003000259399414,28.489999771118164,13.479999542236328,28.489999771118164,11.510000228881836,28.489999771118164,11.020000457763672,28.489999771118164,9.029999732971191,28.489999771118164,1323520.0,1252842.0,727465.7407407408,19624247.74438858,1,False,37,37,266810035.74142456,37,0.0466932200552541,1.1228570938110352,0.0418040606215882,4.827294050976735,0.0623406978590981,4.691025212777388,3.708110662553101,27.68000030517578,25.940000534057617,756800.0,True,True,True,0.0201042778576569,0.117274741137433,0.1377512573162369,0.851351511574259,0.4982431942734998,0.2018004931452639,0.9427869717844288,True,True,0.074829966240921,1.0396440060665215,0.6621287663349187,1.5836434780463078,1.1713824461476603,1.92360174083496,0.0,0.0,1.8193571544033509,92.0,69.0,69.0,96.0,96.0,95.0,95.0,93.0,94.0,94.0,94.0,73.07692307692307,ZYME
