date,close,high,low,open,volume,price_chg_pct0,ema10,ema20,sma25,sma30,sma50,sma100,sma200,min30,max30,min60,max60,min90,max90,min120,max120,min150,max150,min252,max252,vol_sma40,vol_sma50,vol_sma252,avg_dollar_vol,price_up_down,highest_volume,days_since_highest_volume,days_since_vol_max,up_dollar_vol_max,days_since_up_vol_max,adr_pct,atr14,atr_pct,atr_multi_50sma,vars_norm_change,vars,vars_20ema,previous_session_high,previous_session_low,previous_session_volume,inside_day,tight_day,close_to_ma,range_pct,range10_pct,range20_pct,range_contraction_10_20,vol_dry_10_50,dist_sma50_pct,close_vs_252h,nr7,nr20,perf_1mo,rela_perf_1mo,perf_3mo,rela_perf_3mo,perf_6mo,rela_perf_6mo,perf_12mo,rela_perf_12mo,vol_ratio,vol_ratio_rank,perf_1mo_rank,rela_perf_1mo_rank,perf_3mo_rank,rela_perf_3mo_rank,perf_6mo_rank,rela_perf_6mo_rank,c0_c30_rank,c0_c60_rank,c0_c90_rank,c0_c120_rank,rs_sts_pct,ticker
2026-06-16,15.710000038146973,16.190000534057617,15.579999923706056,15.600000381469728,133093749.0,0.0161707632201251,14.58690066575178,14.08954875773736,13.793200035095214,13.648666699727375,12.88660005569458,12.684100036621096,13.118950009346008,11.869999885559082,16.190000534057617,10.09000015258789,16.190000534057617,10.09000015258789,16.190000534057617,10.09000015258789,16.5,10.09000015258789,16.5,10.09000015258789,16.5,77725601.225,74645462.98,67124664.87698413,1475745348.3979473,1,False,1,1,2786712932.87611,1,0.0459428181656964,0.6607144219534737,0.0420569331858134,5.2095049743182935,0.3783783003568288,-4.333841534544107,-6.840165834982571,15.899999618530272,15.199999809265137,180253100.0,False,True,False,0.0388288102399975,0.1915977225698894,0.2686187305398992,0.7132701512839235,1.6976867694417508,0.2190958026360672,0.95212121443315,False,False,0.2761981724315929,1.2587236698512547,0.4465930510861218,1.293435770151403,0.0501336897117348,0.9545146112674642,0.5149469827887074,1.2054814215118077,1.1579290767029324,68.0,94.0,94.0,91.0,91.0,57.0,57.0,86.0,87.0,83.0,80.0,100.0,AAL
2026-06-16,170.80999755859375,196.3999938964844,169.8699951171875,195.0449981689453,13010608.0,-0.1082746288840309,178.2632906273648,177.7736619771432,181.9672009277344,179.9893341064453,168.2574005126953,120.9250003051758,75.47987517356873,143.5800018310547,233.6699981689453,78.57499694824219,233.6699981689453,39.63999938964844,233.6699981689453,31.670000076293945,233.6699981689453,18.5,233.6699981689453,15.895000457763672,233.6699981689453,12687542.7,12623510.16,7651863.523809524,2401035085.941797,-1,False,106,106,4116284352.6123047,34,0.1387264259142122,26.394142150878903,0.1545234033612394,0.0981779189891903,-0.7857806241478257,8.078515330386539,9.604147561195386,194.97000122070312,176.60000610351562,14611900.0,False,False,True,0.1553187703207838,0.285521954039787,0.3547216041444304,0.8049184225146104,1.2514657650499328,0.0151707861771337,0.7309881409555057,False,False,-0.1027001627919448,0.8850134473202262,0.9785705309362088,1.769090413201486,4.327822527821052,4.842701932971155,10.04137004591014,8.785895882561087,1.6580984044633658,88.0,16.0,16.0,97.0,97.0,99.0,99.0,73.0,95.0,98.0,99.0,19.230769230769237,AAOI
2026-06-16,130.66000366210938,136.1199951171875,130.3300018310547,131.50999450683594,708140.0,-0.0045710107407883,131.3984330610015,130.9420670009994,135.12905731201172,132.67923227945963,116.60956298828124,104.03048667907714,96.92516250610352,88.42839612419729,150.355273162131,76.78650600661538,150.355273162131,76.78650600661538,150.355273162131,73.64588340125636,150.355273162131,73.04706278982306,150.355273162131,61.73724547957327,150.355273162131,1217241.0,1148274.8,1092721.984126984,137672161.96533966,-1,False,40,40,994222161.6455078,40,0.0581955964163762,8.732499106630472,0.0668337583183678,1.8028512440457327,-0.0687078048792466,-2.3240201705686605,0.8434546919622162,134.89999389648438,131.07000732421875,852100.0,False,True,True,0.0443134327556419,0.2429609035820452,0.2429609035820452,1.0,0.8598237982754651,0.1204913243285212,0.8690084552020744,False,False,-0.0349766467732607,0.9518096506526972,0.6467383444719319,1.472390785522372,0.6799139849159708,1.5269507682540984,0.7977269695029634,1.4304965700498045,1.1139530618783136,64.0,28.0,28.0,94.0,94.0,93.0,93.0,93.0,90.0,88.0,87.0,11.538461538461538,AAON
2026-06-16,60.369998931884766,61.16999816894531,59.91999816894531,60.459999084472656,917063.0,-0.0109764412449762,59.48168762573124,58.23092647333844,56.30279983520508,56.25833333333333,56.53432083129883,54.3318790435791,52.56781635284424,47.130001068115234,62.470001220703125,47.130001068115234,62.470001220703125,46.33418142547975,64.91165282301284,37.49990794619031,64.91165282301284,37.49990794619031,64.91165282301284,37.49990794619031,68.93513032322925,1979481.575,1860817.26,1964180.8055555555,141088285.44993955,-1,False,390,390,513877047.1298218,390,0.050589019865411,2.437143053327288,0.0403701026411663,1.6806222935447228,-0.2749128668207899,-0.7579062601104489,0.5084715763881998,62.470001220703125,60.27999877929688,1034600.0,False,True,True,0.0207056488672522,0.1313566414689384,0.2363756950511868,0.555711285969961,0.8482059651574814,0.0678468944914327,0.8757508493683334,True,True,0.279838907681573,1.262314553879932,0.1679154682943375,1.0442630303462512,0.31546246194351,1.1956840855602155,0.2700801470778249,1.0106347209028643,1.0077898986698002,52.0,94.0,94.0,74.0,74.0,83.0,83.0,84.0,69.0,66.0,82.0,80.76923076923077,AAP
2026-06-16,7.0,7.380000114440918,6.829999923706055,7.289999961853027,3805592.0,-0.0371389245715106,6.680953895110883,6.285578612022968,5.968000049591065,5.939666716257731,5.1117000389099125,3.9405000257492064,3.65767501950264,4.489999771118164,8.170000076293945,2.7100000381469727,8.170000076293945,2.240000009536743,8.170000076293945,2.240000009536743,8.170000076293945,2.240000009536743,8.170000076293945,2.240000009536743,8.170000076293945,5164199.8,4898717.84,4686254.73015873,30294597.79321165,-1,False,326,326,86027500.0,244,0.1108173366699944,0.8429286139351981,0.120418373419314,3.0676998611210102,-0.3203117991997249,3.155697077145378,1.7671202317311796,8.170000076293945,7.130000114440918,6727800.0,False,False,True,0.0785714558192661,0.3528571810041155,0.5257143293108258,0.6711956690750397,1.0438913542323964,0.3694074274148475,0.8567931376538398,False,False,0.364522386713997,1.3458384938181691,1.310231044916251,2.065636544130638,0.923076867654178,1.7479726502920403,1.517985637424513,2.003624509658612,1.1019887089716698,62.0,96.0,96.0,98.0,98.0,95.0,95.0,95.0,97.0,97.0,97.0,92.3076923076923,ABSI
2026-06-16,91.18000030517578,99.97000122070312,90.70999908447266,96.3499984741211,1354780.0,-0.0423274741944,87.97182168950418,82.70717633898519,79.94339935302735,76.34949938456218,65.88469955444336,59.51059967041016,48.77099987030029,52.380001068115234,99.97000122070312,37.15999984741211,99.97000122070312,37.15999984741211,99.97000122070312,37.15999984741211,99.97000122070312,28.459999084472656,99.97000122070312,23.030000686645508,99.97000122070312,1652734.5,1536197.6,1438415.7936507936,151285621.5966797,-1,False,264,264,312397268.6920166,21,0.0973367625612899,9.160499572753906,0.1004661059672525,3.8215162272329537,-0.4399322053661035,2.1022729232933965,3.0713263433143423,98.9980010986328,91.55999755859376,1373100.0,False,False,True,0.1015573821587806,0.2827374280874343,0.4006361315171057,0.7057212414087082,1.0284991982802212,0.3839328542407609,0.9120736140022474,False,False,0.4320716652642895,1.4124628454505066,0.9260667514001124,1.7221454437996613,1.3481842906392465,2.1343722588113057,2.741485316585816,2.97719398054505,1.1489963523031483,67.0,97.0,97.0,96.0,96.0,97.0,97.0,96.0,97.0,96.0,95.0,84.61538461538461,ACMR
2026-06-16,31.799999237060547,32.57040023803711,31.434999465942383,32.540000915527344,1386511.0,-0.0170015228130698,31.245568693074876,30.456221167703383,29.67701019287109,29.580963198343916,29.389268188476564,25.15276880264282,20.34134641170502,25.662138734049723,33.63537128936618,22.53297740429031,34.27607547663534,17.239870570777853,34.27607547663534,16.526473420205868,34.27607547663534,11.514944624004572,34.27607547663534,11.514944624004572,34.27607547663534,2292171.025,2051329.2,1019184.4761904762,67282728.57887316,-1,False,36,36,177864665.18039703,36,0.073057081555506,2.6661999566214427,0.0838427679430313,0.978350298580246,-0.2062858172713705,4.945356242063193,6.903717747879,33.25,31.540000915527344,1407524.0,False,False,True,0.0357044276520453,0.1669811792669039,0.2499327694020569,0.6681043852968634,1.2466075654751076,0.082027597050859,0.9277608009335072,True,False,0.0660634381086475,1.0514662315756376,0.3580267005514421,1.21424633555035,1.4373552339734763,2.215423813624665,1.4704864191733606,1.9658281868904732,2.2490246648651016,92.0,68.0,68.0,88.0,88.0,97.0,97.0,79.0,80.0,90.0,90.0,65.38461538461539,ADEA
2026-06-16,17.219999313354492,18.059999465942383,15.899999618530272,16.155000686645508,6818392.0,-0.0137456920791936,17.038229306220344,16.2173643229384,15.27759994506836,15.072999954223633,14.685399971008302,15.086499967575072,15.418749995231629,12.50100040435791,19.524999618530277,12.020000457763672,19.524999618530277,12.0,19.524999618530277,12.0,19.799999237060547,12.0,20.76000022888184,9.954999923706056,20.76000022888184,2071354.8,2025391.84,2121563.0634920634,41308569.33302288,-1,False,410,410,101771325.51269533,5,0.0741719719192124,1.3925713811601912,0.0808694214105003,2.1342200839271097,-0.1723428862355431,-7.527547699412481,-6.966099370308074,18.3799991607666,17.1299991607666,2852800.0,False,False,True,0.1254355362103285,0.2767130998636611,0.4062137145461036,0.6812007816448434,1.6723624204983467,0.1725931433498548,0.8294797265655901,False,False,0.3421667510330233,1.3237889654658466,0.2860342697408264,1.1498760656111389,0.1152849599317802,1.013733584981886,0.6686046339701759,1.3277506796949743,0.976334305420353,48.0,95.0,95.0,84.0,84.0,67.0,67.0,90.0,81.0,77.0,73.0,76.92307692307693,ADPT
2026-06-16,104.83000183105467,118.69000244140624,104.45999908447266,113.19000244140624,1266852.0,-0.0953572288942848,104.24117470419554,101.1844959464296,99.8759994506836,99.26233317057292,92.18300010681152,63.29260000228882,44.34135000228882,76.76000213623047,126.62000274658205,29.1299991607666,126.62000274658205,23.799999237060547,126.62000274658205,19.899999618530277,126.62000274658205,18.700000762939453,126.62000274658205,10.890000343322754,126.62000274658205,2561806.3,3132881.04,1870277.984126984,202544291.20653385,-1,False,69,69,682454837.1200562,61,0.125678276985697,13.805714743477958,0.1316962177080509,1.0417498277092463,-0.8003928538059557,5.186724360297834,7.767475476226636,126.62000274658205,115.38999938964844,1624100.0,False,False,True,0.1357436145032873,0.4006486622759743,0.4756272034670623,0.842358593779886,0.6050485721602759,0.1371945121073214,0.8279102792381234,False,False,0.0535678575985396,1.0391417483594951,1.8263683310807528,2.527128065697675,3.282271396704369,3.8923526191118407,8.260601118124193,7.368893252871793,1.369746273945373,80.0,65.0,65.0,99.0,99.0,99.0,99.0,89.0,99.0,99.0,99.0,69.23076923076923,AEHR
2026-06-16,23.93000030517578,27.100000381469727,23.86000061035156,27.100000381469727,3011664.0,-0.1094157217057048,24.418233230249307,23.62167031291533,23.772200088500977,22.29583336512248,19.37810001373291,16.62350001335144,15.837150030136108,12.53499984741211,29.81999969482422,11.461000442504885,29.81999969482422,11.461000442504885,29.81999969482422,11.1850004196167,29.81999969482422,8.829999923706055,29.81999969482422,8.829999923706055,38.79999923706055,2441276.6,2171259.28,2483774.0634920634,66565139.10150223,-1,False,161,161,379986219.2962647,161,0.1203799067729178,2.99221420288086,0.125040291045616,1.878588119334594,-0.9825501567458066,-2.533925070705949,-1.120912202942669,28.239999771118164,26.450000762939453,2181200.0,False,False,True,0.1353948905055964,0.3121604353569029,0.5219389724962403,0.598078418754506,1.1330090434892697,0.234899205196434,0.6167525973123884,False,False,0.1687423618723298,1.1527392113746486,0.527121900999721,1.3654386702961252,0.4946908159318053,1.358592945937989,0.0377277042229906,0.8257460374792465,0.9828899640604531,49.0,87.0,87.0,92.0,92.0,90.0,90.0,97.0,95.0,93.0,92.0,57.692307692307686,AEVA
2026-06-16,74.69000244140625,75.73999786376953,72.0,72.5,5969065.0,0.0388039062074725,68.72796115265817,67.8006715358514,67.72280044555664,67.44266700744629,64.51660011291504,58.19270008087158,66.81350011825562,59.75,75.73999786376953,42.095001220703125,75.73999786376953,42.095001220703125,75.73999786376953,42.095001220703125,84.6500015258789,42.095001220703125,84.6500015258789,42.095001220703125,100.0,5031899.125,5149613.3,6091263.75,338021500.841568,1,False,291,291,3820843894.455719,291,0.0609415025510853,4.325356619698661,0.0579107842859139,2.722922623963154,0.6450337303567163,-5.138948166255826,-6.825866598001615,73.44999694824219,68.47000122070312,6543900.0,False,False,False,0.0500736074644465,0.1949390424778197,0.1949390424778197,1.0,0.8780011695247097,0.1576865847035649,0.7469000244140624,True,False,0.1347615130311148,1.119223649542603,0.5704373482913951,1.4041681173130969,0.1106320065636616,1.00950430254011,0.2635764112701813,1.0054595347243334,0.8260845912311711,29.0,83.0,83.0,93.0,93.0,67.0,67.0,81.0,92.0,89.0,87.0,100.0,AFRM
2026-06-16,2.690000057220459,3.380000114440918,2.359999895095825,3.009999990463257,38859774.0,0.3937824509467658,1.636745902795702,1.4520336483225031,1.2912000036239624,1.3133333365122477,1.225420001745224,5.203559995293618,6.371500012714688,1.0199999809265137,5.400000095367432,0.7559999823570251,8.470000267028809,0.7559999823570251,9.5,0.7559999823570251,39.5,0.7559999823570251,39.5,0.7559999823570251,39.5,6497901.85,6908595.48,3125112.646341464,15698901.789335275,1,False,41,41,658425409.0061188,197,0.2856756867076842,0.6167143157550267,0.2292618225414721,5.213104255269476,1.232337389058496,-15.0549736322489,-8.96780838515743,2.4600000381469727,1.7999999523162842,49683700.0,False,False,False,0.3791822296089634,1.628252796011727,1.628252796011727,1.0,2.3854729152559964,1.1951657826617836,0.068101267271404,False,False,1.2605041410700628,2.229551906300183,-0.4554655817688361,0.4868821221628006,-0.6350067708289526,0.3317590642702772,0.0,0.0,2.0792536414989797,92.0,99.0,99.0,4.0,4.0,5.0,5.0,99.0,98.0,98.0,98.0,100.0,AHMA
2026-06-16,10.93000030517578,11.199999809265137,10.631999969482422,10.899999618530272,6891815.0,-0.0090661314792682,10.80601844558209,10.459087706647198,10.0696000289917,9.98933334350586,9.559599990844726,9.686500015258789,12.763150000572203,8.319999694824219,11.81999969482422,7.675000190734863,11.81999969482422,7.675000190734863,12.0600004196167,7.675000190734863,14.5600004196167,7.675000190734863,17.454999923706055,7.675000190734863,30.11000061035156,6359187.875,6082586.3,7106410.376984127,87642597.26420116,-1,False,309,309,418494428.5829544,383,0.0692316062429627,0.832714148930141,0.0761861048197609,1.8816201686314524,-0.1200885416969172,-8.117914172448067,-9.590671168784317,11.359999656677246,10.829999923706056,7008100.0,False,True,True,0.0519670470195453,0.1317474419192289,0.2974381848044523,0.4429405794210483,1.6058533357759348,0.143353311398332,0.3630023275860758,False,False,0.2635839060340796,1.2462821258690169,0.2406356168654209,1.1092839713095326,-0.2842174212497367,0.6506075717801018,-0.5399831565704427,0.3660469736809135,0.8948523287644361,37.0,93.0,93.0,81.0,81.0,20.0,20.0,86.0,81.0,76.0,72.0,73.07692307692307,AI
2026-06-16,0.4059999883174896,0.4298999905586242,0.3817000091075897,0.3817000091075897,5432109.0,0.0410256492550795,0.4549119539534144,0.4639398611540094,0.4278399950265884,0.4301999951402346,0.4697199931740761,0.6879805667698383,1.2824480823427438,0.209999993443489,1.25,0.209999993443489,1.25,0.209999993443489,1.6200000047683716,0.209999993443489,1.823472023010254,0.209999993443489,1.823472023010254,0.209999993443489,19.738117218017575,42494280.225,34078614.18,7964003.432539683,34729711.44890553,1,False,20,20,323969391.4177418,15,0.402666003995104,0.1762999934809548,0.4342364496402134,-0.3123996072232691,0.0907544141476828,-14.856632853151693,-14.284026064202608,0.4399999976158142,0.3899999856948852,29662100.0,False,True,True,0.1187191695516563,1.034482829494229,2.5615764445373257,0.4038461673475758,0.549436394364555,-0.1356552963096295,0.0205693371780607,False,False,0.6239999532699585,1.6017631314448542,-0.428169013256829,0.5112886807933084,-0.6944627854654067,0.2777167692232473,-0.9375244800632676,0.049713342736513,5.335793810858363,98.0,98.0,98.0,5.0,5.0,4.0,4.0,97.0,94.0,92.0,90.0,46.15384615384615,AIM
2026-06-16,41.560001373291016,44.93999862670898,41.290000915527344,43.150001525878906,1281722.0,-0.0474444108216393,38.518479135742055,36.66294339749974,36.41799957275391,35.55766633351644,30.68539978027344,23.169099922180177,18.444199957847594,29.209999084472656,44.93999862670898,14.68000030517578,44.93999862670898,13.635000228881836,44.93999862670898,13.520000457763672,44.93999862670898,12.0600004196167,44.93999862670898,8.010000228881836,44.93999862670898,1092280.55,975882.44,787966.753968254,40562177.1454258,-1,False,315,315,284962600.0,315,0.0759730759369268,3.065214157104492,0.0737539474451121,4.805032169539649,-0.675319761924763,8.650955617151078,7.691581543831599,43.81900024414063,41.1349983215332,1338800.0,False,False,False,0.087824773594145,0.3132097656613924,0.317131808525334,0.9876327673273168,1.0442161455431045,0.3543900901043002,0.9247886658499106,False,False,0.2328686592113908,1.2159874513927342,1.688227766542255,2.4036130610121145,1.5512583816785883,2.3189556018332027,4.234257062189474,4.165030008027961,1.3862013143310947,80.0,92.0,92.0,98.0,98.0,98.0,98.0,91.0,98.0,97.0,97.0,96.15384615384616,AIP
2026-06-16,19.100000381469727,19.75,17.235000610351562,17.649999618530273,115866.0,0.0760563595194212,17.296992298839275,18.167973803469334,19.006199989318848,20.837833309173583,17.89726215839386,11.079396841526032,25.573482276201247,11.84000015258789,38.0,2.2972970008850098,78.9000015258789,2.2972970008850098,78.9000015258789,2.2972970008850098,78.9000015258789,2.2972970008850098,78.9000015258789,2.2972970008850098,209.23423767089844,3730694.15,2995985.28,690049.7698412698,16426950.43799076,1,False,55,55,819654032.6728821,47,0.2416905084751979,2.988857133047921,0.1564846635263748,0.4294501245372342,0.4516777889925599,3.3915708464264505,1.3480893774429148,18.959999084472656,16.40999984741211,178500.0,False,False,True,0.1316753580847264,0.6559685880657298,0.9424083581413476,0.6960555712381998,0.1984210683438338,0.0672023582395688,0.0912852532839861,False,False,-0.067382773027929,0.91984724932186,4.287032012162828,4.727270269501543,-0.0978297699479205,0.8200238454130765,-0.7863206249963725,0.1700300536279913,5.406413150254598,99.0,22.0,22.0,99.0,99.0,34.0,34.0,95.0,99.0,99.0,99.0,53.84615384615385,AKAN
2026-06-16,13.0,13.449999809265137,12.640000343322754,12.859999656677246,34871.0,-0.0129081302436699,13.96059028109052,12.963317195330657,11.724599952697751,10.75116662979126,8.503859972953796,8.531629946231842,16.169014979600906,3.015000104904175,29.31999969482422,3.015000104904175,29.31999969482422,3.015000104904175,29.31999969482422,3.015000104904175,29.31999969482422,3.015000104904175,29.31999969482422,3.015000104904175,49.959999084472656,1178376.775,960401.42,202034.0833333333,38358986.0193645,-1,False,25,25,621967452.5836945,25,0.3090232324912496,3.3742144448416576,0.2595549572955121,2.0370158114547023,-0.0503821197712651,-6.258846030875306,-6.893703859029508,14.045000076293944,12.68000030517578,61800.0,False,True,True,0.0623076512263371,0.2669230974637545,2.013076892265907,0.132594586172666,0.0580247996717872,0.5287175519524083,0.2602081713015952,False,False,2.7249283565834714,3.673924310672113,0.5046295698410224,1.345327702907675,-0.1645244441246461,0.7594020011478168,-0.7268907475476545,0.2173199020260359,5.83256426617786,99.0,99.0,99.0,92.0,92.0,29.0,29.0,99.0,99.0,98.0,98.0,38.46153846153847,AKTX
2026-06-16,361.7099914550781,397.6600036621094,360.8900146484375,383.6400146484375,5763120.0,-0.070632116880125,353.752504603681,328.03844782302406,311.8743994140625,294.308332824707,247.0846997070313,189.7334000396729,184.042850151062,189.69000244140625,398.1300048828125,97.88999938964844,398.1300048828125,97.88999938964844,398.1300048828125,97.88999938964844,398.1300048828125,97.88999938964844,398.1300048828125,84.77999877929688,398.1300048828125,6147090.5,6115050.4,5741561.587301588,2071919479.9254,-1,False,270,270,3005559322.480774,314,0.1012217514687789,35.363577706473215,0.0977677657291508,4.745029429299633,-0.7773540612923093,4.807897754377231,4.321320131369002,398.1300048828125,364.4100036621094,5332800.0,False,False,True,0.1016559948088645,0.2630007661666348,0.5185922597174119,0.5071436398027762,0.9309722124285352,0.4639109256216926,0.908522309343516,False,False,0.554538434076232,1.5332527227624932,1.8353844345878247,2.5351895939724574,1.4300300747285966,2.208765640862854,3.0310930338010307,3.207642125988882,1.070630421102737,59.0,98.0,98.0,99.0,99.0,97.0,97.0,97.0,99.0,98.0,98.0,88.46153846153845,ALAB
2026-06-16,53.290000915527344,58.130001068115234,53.255001068115234,54.90999984741211,3523147.0,-0.0310908924449574,50.200017687491965,48.85646532176777,47.72860000610351,47.98449999491374,45.25090003967285,40.236850109100345,34.47310004234314,39.56999969482422,58.130001068115234,27.649999618530277,58.130001068115234,27.649999618530277,58.130001068115234,26.18000030517578,58.130001068115234,22.40999984741211,58.130001068115234,22.40999984741211,58.130001068115234,2498618.675,2338424.94,2166600.98015873,110701818.2137371,-1,False,470,470,381961057.3963165,138,0.0729229427173483,4.238214220319476,0.0795311343123765,2.2337937934856185,-0.4034716027977832,2.8229104197901336,4.112603379319655,55.45000076293945,52.52999877929688,2663100.0,False,False,False,0.0914805763979551,0.2788515735608054,0.3482829997077952,0.8006465253680431,0.9332241812302944,0.1776561542158579,0.9167383439935516,False,False,0.2364269791685658,1.219497048610278,0.6621958400763797,1.4862117268829982,0.965695304897165,1.7867105000119017,0.8600349607355802,1.480076605982399,1.1532435819432454,67.0,92.0,92.0,94.0,94.0,96.0,96.0,88.0,94.0,92.0,91.0,96.15384615384616,ALGM
2026-06-16,20.600000381469727,20.729999542236328,19.862199783325195,20.059999465942383,6271569.0,0.041455999310346,18.62539956625968,17.837175490110752,16.848600120544432,17.033166726430256,18.67569997787476,19.10414998054505,18.654000024795533,13.050000190734863,21.25,13.050000190734863,22.739999771118164,13.050000190734863,22.739999771118164,13.050000190734863,23.8700008392334,13.050000190734863,23.8700008392334,11.625,23.8700008392334,6550696.725,5978785.38,3687962.5753968256,106537677.61133929,1,False,34,34,323422785.72158813,70,0.0613646925670112,1.2127855164664132,0.0588730822334036,1.7501658647279454,0.6761291948912616,-8.00795847566611,-7.682766303050557,19.8700008392334,19.149999618530277,4684500.0,False,False,False,0.0421262011087991,0.3638349391634499,0.3980582357969888,0.9140243975482196,1.2879048854568518,0.1030376588762242,0.8630079454212248,False,False,0.3095995537798364,1.291667698621219,0.1495535878217493,1.02784520434283,0.0640495729351966,0.9671633949372198,0.3788487925072092,1.0971846680612565,1.7762373101888496,89.0,95.0,95.0,72.0,72.0,60.0,60.0,95.0,87.0,84.0,81.0,96.15384615384616,ALHC
2026-06-16,49.11000061035156,50.95000076293945,49.09000015258789,49.43000030517578,2207945.0,0.0006112220492602,45.88750085798368,44.24670366527228,42.70560012817383,42.23833338419596,41.53500015258789,44.382400016784665,46.863699989318846,35.84000015258789,51.5,33.029998779296875,51.5,33.029998779296875,60.630001068115234,33.029998779296875,60.630001068115234,33.029998779296875,60.630001068115234,33.029998779296875,65.87999725341797,3589093.625,3906496.9,3498820.8134920634,151428665.7135086,1,False,452,452,412072426.3477325,144,0.0515702644678777,2.4664290291922435,0.0502225412042117,3.6313638281755063,0.0121628390445516,-4.9833519270426745,-6.860882119443259,51.5,48.869998931884766,4355900.0,True,True,False,0.0378741720064142,0.2079006100097779,0.3188759855993821,0.6519795136626332,0.9022212458430467,0.1823763194880283,0.7454463062808286,False,False,0.3294532332452016,1.3112495291053357,0.2608472310244278,1.127355691415011,-0.0445525456720925,0.8684499548858724,0.0347661516584127,0.8233894556080728,1.0258009244599864,54.0,95.0,95.0,83.0,83.0,40.0,40.0,89.0,84.0,80.0,77.0,100.0,ALK
2026-06-16,18.56999969482422,18.790000915527344,17.670000076293945,18.100000381469727,5036364.0,0.033964400971431,17.825012931763485,18.278641862282186,18.526599960327147,18.83250001271566,19.60410003662109,17.689650039672852,12.395525026321412,14.699999809265137,22.299999237060547,13.520000457763672,24.40999984741211,12.300000190734863,24.40999984741211,8.279999732971191,24.40999984741211,5.434999942779541,24.40999984741211,3.1600000858306885,24.40999984741211,4877234.1,5085473.28,3366738.619047619,94917606.63618489,1,False,11,11,224803660.5194092,61,0.0815250487076879,1.702214309147426,0.0916647462100854,-0.5754577341222813,0.3583571158305492,1.9585334633229683,4.545910966428959,18.90999984741211,17.0,5492000.0,True,False,True,0.0603123779019534,0.352180940728601,0.352180940728601,1.0,1.2838011411201438,-0.0527491871529497,0.7607537816839833,False,False,0.0641833170725949,1.049611854331267,0.0225770842982984,0.914312271564896,1.7470412819639596,2.49691164761058,2.582175856513224,2.8504274358603823,1.4486524354479495,83.0,67.0,67.0,50.0,50.0,98.0,98.0,82.0,77.0,81.0,93.0,46.15384615384615,ALM
2026-06-16,23.6200008392334,25.6299991607666,23.16959953308105,24.93000030517578,585975.0,-0.0525471099039822,24.25874423716821,24.056483831578536,24.36859992980957,24.719166564941407,21.778199939727784,18.496899976730347,17.67457498550415,18.96999931335449,31.790000915527344,10.239999771118164,31.790000915527344,10.239999771118164,31.790000915527344,10.239999771118164,31.790000915527344,10.239999771118164,31.790000915527344,10.239999771118164,31.790000915527344,1725371.875,1941235.5,726216.9642857143,30529221.8080163,-1,False,64,64,206667800.135994,64,0.1311811568890317,3.1223855699811662,0.1321924411109591,0.6397555727679404,-0.4195508327148349,-4.56245353790889,-4.611465896548832,27.0,24.01000022888184,1051500.0,False,False,True,0.1041659415861985,0.3120236524142292,0.4157494180043207,0.7505089337514996,0.531572547483291,0.0845708508785338,0.7430009486944232,False,False,-0.0498793137841612,0.9371110402677668,0.6482903674101865,1.4737784888456575,0.3013774840589263,1.1828816040076957,0.7646619675259116,1.4041859162523929,2.375835266664453,93.0,25.0,25.0,94.0,94.0,83.0,83.0,80.0,96.0,95.0,94.0,42.30769230769231,ALMU
2026-06-16,14.59000015258789,16.559999465942383,14.479999542236328,15.630000114440918,2655910.0,-0.0525973692212133,13.765173255643512,12.573271071430042,11.32159999847412,11.057000001271566,10.64279998779297,11.950599975585938,10.04209000825882,8.210000038146973,17.784000396728516,7.429999828338623,17.784000396728516,7.429999828338623,26.899999618530277,7.429999828338623,26.899999618530277,6.0,26.899999618530277,4.974999904632568,26.899999618530277,2123357.75,2102192.2,722704.8015873015,33079262.47756195,-1,False,246,246,67581360.93406677,13,0.1402809707096404,1.926642758505685,0.1320522781601169,2.808583575589853,-0.4204201647484575,-0.5150848928627907,0.6800017267732974,17.784000396728516,15.170000076293944,2753200.0,False,False,True,0.1425633928685817,0.50747088449991,0.6356408547536383,0.7983610252625998,1.5063517978993546,0.3708798595597271,0.5423791955200422,False,False,0.6886573579668283,1.6655352065670384,0.0610909201882101,0.9487484752701127,0.5901907192679108,1.4453971823909362,1.8833992722484825,2.294393330582315,2.938070627642705,95.0,98.0,98.0,59.0,59.0,92.0,92.0,97.0,94.0,92.0,91.0,92.3076923076923,ALOY
2026-06-16,568.22998046875,600.9099731445312,567.6500244140625,581.9849853515625,10891982.0,-0.0299601351196467,529.275736896677,496.78985694289935,472.6797888183594,464.7830383300781,435.94834716796873,390.9577197265625,312.72300682067873,396.8766214635549,600.9099731445312,320.2918354254672,600.9099731445312,307.53364352266414,600.9099731445312,255.3237729742501,600.9099731445312,202.49746578230435,600.9099731445312,153.7846009301305,600.9099731445312,8095097.05,7572679.64,7637327.706349206,4269685195.607636,-1,False,305,305,6868044310.046387,5,0.052953709130127,34.95499311174665,0.0615155734706416,4.932640178467204,-0.5020755910899405,5.0966787056018905,5.358458632737514,599.6199951171875,580.510009765625,11664400.0,False,False,False,0.0585325482175924,0.2604578684150601,0.3590682623128459,0.7253714564951738,1.366696954316161,0.3034341893027381,0.9456158257704252,False,False,0.3030470138704213,1.2852048801814222,0.6141871366352469,1.4432859197510417,1.1976234202165077,1.9975205873416464,2.3554041399408976,2.669979476718562,1.059938418416985,58.0,95.0,95.0,94.0,94.0,97.0,97.0,91.0,92.0,91.0,93.0,92.3076923076923,AMAT
2026-06-16,2.490000009536743,2.539999961853028,2.200000047683716,2.220000028610229,47711493.0,0.0921052810447919,2.139533655355591,1.949856919673004,1.76239999294281,1.7239999930063885,1.6591999959945678,1.426999997496605,1.9012999984622,1.2400000095367432,2.539999961853028,0.9300000071525574,2.539999961853028,0.9300000071525574,2.539999961853028,0.9300000071525574,2.539999961853028,0.9300000071525574,2.539999961853028,0.9300000071525574,3.5999999046325684,32107804.825,33677217.86,25307877.353174604,74373474.76733126,1,False,15,15,247897310.61811447,15,0.1058006350290643,0.2328571336609976,0.0935169207908236,5.3543598875157326,0.901840690234978,-1.576791001735308,-4.329095755945243,2.4600000381469727,2.25,40149100.0,False,False,False,0.1365461497458256,0.3293172410048931,0.4779116198608229,0.6890756100485622,1.13964845491545,0.500723249486372,0.6916666876386719,False,False,0.9453125509317044,1.9186761163049009,1.30555547277133,2.06145599573548,0.1745283697881359,1.0675826338060612,-0.2095238304282345,0.6290017719382355,1.2686881786619857,75.0,99.0,99.0,98.0,98.0,74.0,74.0,98.0,97.0,96.0,95.0,100.0,AMC
2026-06-16,507.2900085449219,548.9500122070312,507.25,546.8900146484375,26857508.0,-0.0730365831733641,501.8051186252059,483.59098372355567,481.5004028320312,471.2200032552083,399.11720184326174,305.0414007568359,257.52575035095214,344.8800048828125,558.3699951171875,192.8699951171875,558.3699951171875,188.22000122070312,558.3699951171875,188.22000122070312,558.3699951171875,188.22000122070312,558.3699951171875,117.77999877929688,558.3699951171875,39189207.7,38031318.16,47063348.047619045,15726785291.852924,-1,False,253,253,50695190786.8103,253,0.063098014857535,36.88000706263951,0.0727000462091176,3.728060616782761,-1.0837850750086724,8.002876729181583,10.560555675726205,558.3699951171875,530.5,33482400.0,False,False,True,0.0822015247779882,0.2387982851827291,0.3252774684818436,0.7341371853921029,0.8375039925253015,0.2710301791104983,0.9085194637624732,False,False,0.1961565697810929,1.1797780468238768,1.5841272215059157,2.310534106608757,1.4067274479686005,2.187584816039079,3.3671659138419647,3.475063770287979,0.8326906037442995,30.0,90.0,90.0,98.0,98.0,97.0,97.0,93.0,97.0,96.0,96.0,73.07692307692307,AMD
2026-06-16,86.55000305175781,96.66220092773438,86.18000030517578,86.20999908447266,14157564.0,0.0129915798061077,77.6447512586603,74.55135476430958,72.3205487060547,72.90290679931641,70.05593643188476,58.570132675170896,47.04325820922852,62.37981187578381,96.66220092773438,40.6442679847199,96.66220092773438,40.09795885356027,96.66220092773438,39.35023480633647,96.66220092773438,29.60838890222909,96.66220092773438,19.62080478325077,96.66220092773438,5662901.6,5303193.28,3647258.587301587,448612796.780719,1,True,0,0,1225337207.4054563,0,0.083858239852935,6.924908444728272,0.080010493362861,2.9426313217976974,0.1602910160056445,1.1414201821462884,1.5199358983769284,88.63999938964844,82.61000061035156,6110100.0,False,True,False,0.1211114991675982,0.373682265655949,0.3960992240687656,0.9434056997573796,1.2871860480257662,0.2354413838420417,0.8953862235814748,False,False,0.2316614682811626,1.214796790074819,0.869818445537782,1.6718523978333957,0.9592287110369242,1.7808327166542164,3.388957002522117,3.492403487688574,1.5526460393338,86.0,91.0,91.0,96.0,96.0,96.0,96.0,90.0,95.0,94.0,93.0,100.0,AMKR
2026-06-16,31.8799991607666,31.88500022888184,30.423599243164062,30.649999618530277,899009.0,0.0323834205692115,30.55941111169369,29.42961681796792,29.35279998779297,28.592000007629395,25.146400032043456,22.32569995880127,20.19859998703003,20.36000061035156,32.52000045776367,17.450000762939453,32.52000045776367,15.649999618530272,32.52000045776367,14.970000267028809,32.52000045776367,14.970000267028809,32.52000045776367,14.869999885559082,32.52000045776367,1137210.225,1048400.18,1063010.353174603,31113678.18044748,1,False,153,153,110775483.3744049,39,0.0521547263307466,1.5029569353376115,0.0471441962014615,5.67993286322478,0.6653550587431625,3.228768958562096,4.244357436953805,31.51000022888184,30.489999771118164,1251200.0,False,False,False,0.0458406845730491,0.1126097944508717,0.2189460390835369,0.5143267031558697,0.985969784934604,0.2677758693149985,0.9803197635919996,False,False,0.1142956476985148,1.09903801562256,0.7279131621936845,1.5449712619721956,0.9474647236645792,1.770139889689726,0.4772937568802211,1.175519802518968,1.06980164549085,59.0,80.0,80.0,95.0,95.0,96.0,96.0,95.0,92.0,93.0,92.0,96.15384615384616,AMN
2026-06-16,8.779999732971191,8.8100004196167,7.5,7.5,5567347.0,0.1706666310628255,7.263052447659595,6.140477201993206,5.33919997215271,4.835666648546854,3.686799988746643,3.1981499862670897,3.3806249952316283,2.0999999046325684,9.300000190734863,1.6399999856948853,9.300000190734863,1.6399999856948853,9.300000190734863,1.6399999856948853,9.300000190734863,1.6399999856948853,9.300000190734863,1.6399999856948853,9.300000190734863,5222978.675,4272372.94,1377375.9801587302,55375227.55982323,1,False,27,27,120268507.05833437,5,0.1951157811471249,1.181500060217721,0.1345672091288203,10.266014792256248,1.0833683180137286,0.9299010459688146,-0.4021807577821823,8.899999618530273,7.289999961853027,8154200.0,True,False,False,0.149202785815278,0.5453303248781811,0.6673121166497963,0.8172042905739251,2.2803216940139124,1.3814689594691094,0.944085973430224,True,False,1.9762710478140777,2.9355180854385567,2.158273317744646,2.823892785893435,1.8506493345644404,2.591085752318404,3.346534562314237,3.45864688491185,3.791977463116569,96.0,99.0,99.0,99.0,99.0,98.0,98.0,99.0,99.0,99.0,99.0,96.15384615384616,AMPG
2026-06-16,89.05999755859375,93.3499984741211,88.94999694824219,91.6999969482422,1195351.0,-0.0223929851777862,85.4823565731187,82.69628700651073,78.69559967041016,78.47099990844727,83.7063998413086,88.25620002746582,89.89780017852783,69.68000030517578,94.80999755859376,69.68000030517578,105.22000122070312,69.68000030517578,105.22000122070312,69.68000030517578,133.11000061035156,65.44999694824219,133.11000061035156,65.44999694824219,133.11000061035156,1395116.275,1350613.02,1794775.996031746,132392554.07328492,-1,False,384,384,1155983396.634674,384,0.049968499791047,3.909288133893694,0.0438949948468359,1.4570419913060129,-0.5218343712862834,-8.332150789516987,-11.065017678814536,94.80999755859376,90.72000122070312,1622200.0,False,False,False,0.0494049140635119,0.234560969709264,0.2821693009466411,0.8312774243064097,1.0010677225664537,0.063956850700001,0.6690706720022945,False,False,0.2620093232779996,1.2447291032836283,0.0305484777318256,0.9214396978975008,-0.2054598941182396,0.7221938956270622,0.1928742725710914,0.9492000645044498,0.7773205559270936,24.0,93.0,93.0,52.0,52.0,25.0,25.0,83.0,69.0,63.0,58.0,88.46153846153845,ANF
2026-06-16,3.4800000190734863,3.559999942779541,3.050100088119507,3.130000114440918,960798.0,0.1153846624099779,3.2393263533729475,3.00042919357106,2.775599999427796,2.615000001589457,2.1537000012397765,1.914300001859665,3.842500006556511,1.4700000286102295,6.199999809265137,1.2699999809265137,6.199999809265137,1.0839999914169312,6.199999809265137,1.0839999914169312,6.199999809265137,1.0839999914169312,6.46999979019165,1.0839999914169312,12.600000381469728,4563749.95,3677347.96,918703.5238095238,37715176.13170497,1,False,15,15,515566605.55381775,15,0.201005584262085,0.9418499980654036,0.2706465496848362,2.275380711679919,0.3822266117257085,-3.21350499913809,-5.866193216816045,3.240000009536743,2.970000028610229,457800.0,False,False,True,0.1465229459383134,0.9956896250511608,1.2959769331396205,0.7682927061356047,0.965997734954622,0.6158239388355973,0.2761904693424749,False,False,0.5196506886653098,1.4988426821550842,1.18867921133235,1.956953947206184,-0.1906977058810874,0.73561192468821,-0.4813710880343721,0.4126860709558208,4.967598176913284,98.0,98.0,98.0,98.0,98.0,26.0,26.0,98.0,97.0,98.0,97.0,76.92307692307693,ANY
2026-06-16,45.16999816894531,49.29999923706055,44.90999984741211,47.09000015258789,678576.0,-0.0462416050080788,44.814578935920224,44.18155386741997,43.85599990844727,43.44799995422363,40.21800003051758,30.96680000305176,27.743549938201905,35.0,54.34000015258789,20.76000022888184,54.34000015258789,17.010000228881836,54.34000015258789,17.010000228881836,54.34000015258789,17.010000228881836,54.34000015258789,17.010000228881836,54.34000015258789,1135726.9,1067629.52,452371.7301587302,44278977.18291168,-1,False,41,41,135766031.0394287,41,0.1082588990774735,5.5628572191510886,0.1231538066117432,0.9997977670739858,-0.3936830220748416,4.919477474954931,6.692207737874659,49.09000015258789,46.77999877929688,585700.0,False,False,True,0.0971883898075203,0.3666150552265493,0.3982732434741396,0.920511385672219,0.8155990291463653,0.1231289008570823,0.8312476636383325,False,False,0.1620787087774449,1.1461668011805266,1.1286521974823178,1.9032822619794985,1.2196558880694734,2.017546906556021,0.990744693952091,1.5840856286039156,2.510605381113208,93.0,87.0,87.0,97.0,97.0,97.0,97.0,84.0,95.0,96.0,95.0,69.23076923076923,AOSL
2026-06-16,158.80999755859375,162.10000610351562,157.06500244140625,158.58999633789062,6744370.0,0.0013872326488639,151.4792360373976,146.5765351489459,140.09279998779297,138.81999994913738,141.43640029907226,139.84032180786133,135.72118755340577,118.01000213623048,162.10000610351562,118.01000213623048,162.10000610351562,118.01000213623048,162.10000610351562,118.01000213623048,166.71049306441407,118.01000213623048,166.71049306441407,91.73383918763768,166.71049306441407,10697891.75,9972775.4,9196708.214285716,1537839048.0533905,1,False,139,139,3038447689.0563965,140,0.0407253017181694,6.861783708844866,0.0432075046554495,2.84295097007316,0.0320618122106563,-5.312877143286968,-4.89607309719263,159.36000061035156,154.80999755859375,9036400.0,False,True,False,0.0317045761571256,0.1504943613292066,0.2776273826905509,0.5420731913067479,0.937144037155394,0.1228368172746507,0.9526094886974648,False,False,0.2704799804687501,1.2530837749447532,0.1776485821006392,1.0529656558307114,0.2336018799328709,1.1212772530001989,0.7292058770362808,1.37597261317956,1.163230527786281,68.0,93.0,93.0,75.0,75.0,79.0,79.0,88.0,75.0,70.0,66.0,100.0,APH
2026-06-16,46.27000045776367,49.34000015258789,45.922000885009766,45.922000885009766,20693251.0,-0.0043038682523285,43.791519474742586,43.24788331590912,44.07459991455078,43.77849998474121,38.77639995574951,34.45884996414185,30.91315001964569,35.68000030517578,50.72499847412109,20.0,50.72499847412109,20.0,50.72499847412109,20.0,50.72499847412109,19.0049991607666,50.72499847412109,9.020000457763672,50.72499847412109,23267876.275,23875507.02,28395800.996031743,989450600.4263788,-1,False,379,379,3671875300.321579,249,0.0962994550544316,4.207785470145089,0.0909398190731822,2.125049076648505,-0.0475311216216916,-3.0257454408348656,-2.4541334723759856,46.98500061035156,44.70000076293945,18805500.0,False,True,False,0.0738707420307495,0.2517830432379895,0.3251566462092157,0.7743438314220544,0.8917664065590177,0.1932515785520481,0.9121735209389848,False,False,0.0871710283073652,1.0722848034640646,0.6819338448854804,1.5038599807802109,0.6608040001467823,1.5095808277769995,3.1386403573122426,3.293220236575586,0.8194125701279438,28.0,74.0,74.0,94.0,94.0,93.0,93.0,85.0,96.0,95.0,94.0,73.07692307692307,APLD
2026-06-16,9.399999618530272,10.229999542236328,8.949999809265137,9.710100173950195,6359768.0,-0.0437436732973711,9.308944614336694,8.226327378096126,7.211200046539306,6.672333375612895,5.377000021934509,4.685000009536744,5.05684999704361,3.7899999618530273,10.800000190734863,2.740000009536743,10.800000190734863,2.740000009536743,10.800000190734863,2.740000009536743,10.800000190734863,2.740000009536743,10.800000190734863,2.740000009536743,10.800000190734863,6396569.2,5586995.36,4319147.095238095,87301591.39024743,-1,False,495,495,581250303.0592918,495,0.1273406727793136,1.093571356364659,0.1163373830578562,6.431179930975403,-0.3932073592392033,1.497866395641907,-0.1240045610363731,10.25,9.529999732971191,5385700.0,False,False,True,0.1361701898846805,0.2882978880982861,0.7265957914147799,0.3967789127114695,1.3610547906379502,0.7481866431438828,0.8703703196778064,False,False,1.227488172008505,2.1969880125111194,1.7167628655762992,2.429127021394915,0.9624216478895028,1.783734923209914,1.008547000709448,1.5982513718938518,1.480979707093626,84.0,99.0,99.0,99.0,99.0,96.0,96.0,99.0,98.0,98.0,97.0,76.92307692307693,APPS
2026-06-16,396.3399963378906,428.6000061035156,395.8800048828125,399.6199951171875,12303217.0,-0.0392921874553849,365.978004604693,338.3807372446312,317.9755993652344,301.1586659749349,253.2202996826172,189.5465502929688,164.8949751663208,200.88999938964844,428.6000061035156,133.00999450683594,428.6000061035156,111.26000213623048,428.6000061035156,100.0199966430664,428.6000061035156,100.0199966430664,428.6000061035156,100.0199966430664,428.6000061035156,12493755.425,11206160.34,6559417.130952381,4589348354.1770525,-1,False,83,83,8480162401.596069,15,0.1066086919879649,42.72707257952009,0.1078040898579766,5.2428284960418585,-0.3793845558904002,11.63447273721926,10.632497936629631,416.1740112304688,369.25,14035500.0,False,True,False,0.0825553855856839,0.3285562961697336,0.5606802323105805,0.5859958622328149,1.0700838945875728,0.565198354297257,0.924731662841289,False,False,0.8949129345884117,1.868966602991736,2.1131883115108634,2.783581131059693,2.0280387973570084,2.75232316025917,1.9239394128715284,2.3266521402316127,1.9047051247960496,90.0,99.0,99.0,99.0,99.0,98.0,98.0,98.0,98.0,98.0,98.0,84.61538461538461,ARM
2026-06-16,16.079999923706055,16.21660041809082,12.6899995803833,14.539999961853027,486074.0,-0.0490833785449783,23.047556921118375,21.48312474854164,18.730800037384032,16.07333335876465,10.986400022506714,6.958700003623963,5.510349997282028,2.240000009536743,68.8499984741211,1.919999957084656,68.8499984741211,1.919999957084656,68.8499984741211,1.919999957084656,68.8499984741211,1.919999957084656,68.8499984741211,1.919999957084656,68.8499984741211,6486501.85,5218747.48,1671207.0396825396,310226990.24515617,-1,False,20,20,2020991367.4077988,20,0.4650225973707464,13.39285673413958,0.8328891043335805,0.5566500337202382,-0.0619733295279946,-0.2715954849368929,-1.6437816627624875,21.0,15.729999542236328,573500.0,False,False,True,0.2193159735348259,2.3774874856934023,4.142412859491627,0.573937839210256,0.2682765175677746,0.4636277480125066,0.2335512023250095,False,False,5.330708726458043,6.244024707968124,5.644627858165777,5.941131367002853,2.828571584273365,3.479964078169421,1.8714286067047905,2.2848679708964674,3.88132750519778,96.0,99.0,99.0,99.0,99.0,99.0,99.0,99.0,99.0,99.0,99.0,50.0,ASTC
2026-06-16,6.789999961853027,6.96999979019165,6.409999847412109,6.71999979019165,1404765.0,0.010416692536739,7.161204116578837,6.760842500704814,6.345199947357178,6.003666623433431,5.483199977874756,5.568450002670288,4.10272499859333,3.829999923706055,9.800000190734863,3.299999952316284,9.800000190734863,3.299999952316284,9.869999885559082,3.069999933242798,9.869999885559082,1.399999976158142,9.869999885559082,1.100000023841858,9.869999885559082,2129249.125,2184727.3,2061362.5595238092,22746178.126121283,1,False,355,355,320392034.3170881,355,0.2396695223044214,1.765357153756278,0.2599936912627761,0.916668325840292,0.0396521301723181,-5.623410313303643,-3.597653012470582,8.244999885559082,6.599999904632568,2063000.0,False,True,True,0.0824742188403067,0.500000070226386,0.8792342121603729,0.5686767681592282,1.3055892604994683,0.2383279816988868,0.6879432665229874,True,True,0.4825327674587993,1.4622330027122052,0.3082851420023798,1.169771138436599,1.17628211888101,1.9781225010334296,3.140243915292495,3.2944962279967203,1.032932860433767,55.0,97.0,97.0,86.0,86.0,97.0,97.0,97.0,95.0,93.0,93.0,57.692307692307686,ASTI
2026-06-16,36.84000015258789,38.130001068115234,36.62099838256836,37.79999923706055,11796751.0,-0.0431168791535613,36.91959490343729,36.24750814036321,36.09559982299805,35.7619997660319,32.856399879455566,27.373799877166743,20.73114993572235,29.88999938964844,41.09999847412109,20.61000061035156,41.09999847412109,20.020000457763672,41.09999847412109,15.390000343322754,41.09999847412109,13.350000381469728,41.09999847412109,9.300000190734863,41.09999847412109,9813216.275,9208775.02,8084108.535714285,418077142.0249338,-1,False,11,11,583195347.9091644,5,0.0512260910323909,2.38564327784947,0.0647568748091301,1.8722761136223,-0.6958290297736845,10.047152176873864,12.99231054470437,38.83000183105469,37.790000915527344,11471500.0,False,False,True,0.0409609847800413,0.2100977645604892,0.304288790392016,0.6904551570559655,1.4356431850367868,0.121242749897964,0.896350401954016,False,False,0.0896184163331768,1.0746986803242156,0.6875859038635124,1.5089136309769289,1.3375634275102843,2.1247184698316866,2.797434209381593,3.0217139218933022,1.2138897234799355,72.0,74.0,74.0,95.0,95.0,97.0,97.0,79.0,92.0,90.0,94.0,57.692307692307686,ASX
2026-06-16,32.43000030517578,33.47999954223633,32.310001373291016,32.70000076293945,655524.0,-0.0082568945401884,31.711999027153844,30.77551144331295,30.10528396606445,29.642632293701173,28.317985649108888,24.34923294067383,20.95783886909485,26.413338788982827,33.63999938964844,21.603655190808325,33.63999938964844,18.67992764121657,33.63999938964844,16.71460863058461,33.63999938964844,16.436035041719826,33.63999938964844,16.436035041719826,33.63999938964844,1039233.1,1075996.48,840517.5555555555,33181764.82455635,-1,False,88,88,60848636.781692505,60,0.0448433832464059,1.5292854309082031,0.0471565037470607,3.0792907556309648,-0.1765533446580509,12.379934135860829,11.355024109847982,33.63999938964844,31.520000457763672,1312900.0,True,True,True,0.0360776490266817,0.1174837937122779,0.1831636932103565,0.641414199796421,1.0075705823870351,0.1452085860562011,0.9640309421395236,False,False,0.1602862046492901,1.144398841138619,0.5279533525915201,1.3661820923865151,0.7988781623165842,1.6350827581700402,0.8564093314303383,1.477191601544348,1.236420456813778,73.0,87.0,87.0,92.0,92.0,94.0,94.0,78.0,85.0,89.0,90.0,88.46153846153845,ATEN
2026-06-16,196.30999755859372,198.97000122070312,194.7050018310547,197.22000122070312,1189986.0,0.0025534957674997,188.8142374099274,180.73910739268683,173.60479919433592,171.42533315022786,165.46019989013672,154.9943000793457,125.8529502105713,146.33999633789062,203.6000061035156,135.47999572753906,203.6000061035156,130.58999633789062,203.6000061035156,114.0,203.6000061035156,93.11000061035156,203.6000061035156,70.41999816894531,203.6000061035156,1840137.15,1781485.72,1809416.2142857143,317593209.60624087,1,False,452,452,683551654.4952393,133,0.0415086035099978,7.778931753976004,0.0396257544226915,4.705234055069748,0.0642761777341005,4.838662063456527,4.2088013853992745,202.80999755859372,195.0,1963100.0,False,True,False,0.0217258389419287,0.1459426901919353,0.2916815774934452,0.5003493585233886,1.0163475236837711,0.1864484491674787,0.964194458121895,True,False,0.2729217741196612,1.2554921340316796,0.3190216699818111,1.1793709421446297,0.8016703304705599,1.6376206876986292,1.3103447656625713,1.8383994449538568,1.0169783687532683,53.0,94.0,94.0,86.0,86.0,94.0,94.0,88.0,82.0,81.0,86.0,92.3076923076923,ATI
2026-06-16,2.8299999237060547,2.8299999237060547,2.7249999046325684,2.8299999237060547,40556.0,-0.0207613076194367,3.0932773662753914,3.115920290745586,3.082799978256225,2.9976666450500487,2.800939989089966,2.8282700073719025,24.57288500726223,1.9800000190734863,8.5,1.9800000190734863,8.5,1.7209999561309814,8.5,1.7209999561309814,8.5,1.7209999561309814,73.5,1.7209999561309814,84.5,3194618.9,2565137.12,1181486.650793651,29083111.14382243,-1,False,98,98,328277749.2837906,19,0.2343234165174021,1.1646428789411272,0.4115345972928357,0.0252106751857411,-0.0515180939007425,-6.002908675207864,-6.610369957299718,2.890000104904175,2.75,74600.0,False,True,True,0.0371024812382265,0.8038869811657742,2.3038869811657743,0.3489263960157476,0.2823184750451079,0.0103750650600444,0.0334911233574681,True,True,0.2805429297996464,1.2630089360873828,0.0639097114247939,0.9512688284622212,-0.5807407520435475,0.381083934363915,-0.9661077853448377,0.0269688877332724,2.7038975834843746,94.0,94.0,94.0,59.0,59.0,7.0,7.0,91.0,81.0,86.0,83.0,38.46153846153847,ATPC
2026-06-16,9.56999969482422,9.81999969482422,9.545000076293944,9.710000038146973,4290264.0,-0.0144181609446698,9.451330117256733,9.12628423506449,8.761199893951416,8.66999994913737,8.442999982833863,8.760800018310547,10.556000022888185,7.423999786376953,10.0600004196167,7.264999866485596,10.0600004196167,7.264999866485596,11.345000267028809,7.264999866485596,12.899999618530272,7.264999866485596,12.899999618530272,7.264999866485596,15.93000030517578,10042451.6,9821781.28,11196273.26984127,92027345.38313188,-1,False,319,319,753923810.8119965,294,0.0480328619044228,0.4997143745422363,0.05221675971552,2.5563310684538467,-0.2801607287182829,-11.203199641543804,-11.04236208285957,9.890000343322754,9.529999732971191,8349700.0,True,False,True,0.028735593239256,0.1290491797005482,0.2754441710865868,0.4685130173256822,0.9388975519927278,0.1334833251547731,0.6007532650024402,True,False,0.2559054906235165,1.238708848118735,0.2269230077957982,1.0970231775365804,-0.1432408568076379,0.7787476285410755,-0.2677888356329508,0.5826388416861935,0.8969459174465444,37.0,93.0,93.0,80.0,80.0,31.0,31.0,84.0,73.0,67.0,63.0,80.76923076923077,AVTR
2026-06-16,93.04000091552734,110.78500366210938,92.9000015258789,108.51000213623048,11413080.0,-0.1598338205678532,97.5819385473116,100.47821007173494,108.3563998413086,109.06266657511394,94.84180000305176,66.06930006027221,38.05040002822876,76.0,143.16000366210938,39.70000076293945,143.16000366210938,20.81999969482422,143.16000366210938,14.050000190734863,143.16000366210938,8.4399995803833,143.16000366210938,1.7999999523162842,143.16000366210938,10675734.5,11118785.6,5782378.095238095,964198607.4643784,-1,False,56,56,1919817600.0,46,0.1554989367820869,15.251785278320312,0.1639271832356029,-0.1158925712198891,-1.1605196785324463,6.025695178400785,6.820056527148546,116.75,105.01000213623048,12086700.0,False,False,True,0.1922291698220056,0.4379836586308467,0.7218401010451959,0.6067599430908088,0.8138422958708729,-0.0189979427580079,0.6499021970907685,False,False,-0.2483438210286283,0.7413640330314225,1.0973850233405122,1.8753254835087323,5.2822416123831095,5.710217155473041,42.074072786319455,34.27512321069623,1.8462532757571977,90.0,5.0,5.0,97.0,97.0,99.0,99.0,77.0,96.0,99.0,99.0,19.230769230769237,AXTI
2026-06-16,1.7999999523162842,1.8450000286102293,1.590000033378601,1.7699999809265137,751804.0,0.0112359445213352,1.6027723225111865,1.4843074325463492,1.3527999925613403,1.3396666566530864,1.392999997138977,4.699499996900559,32.7297500127554,1.0099999904632568,7.0,1.0099999904632568,7.0,1.0099999904632568,17.899999618530273,1.0099999904632568,46.0,1.0099999904632568,64.0,1.0099999904632568,292.5,5977200.1,4819232.08,1353565.4206349207,22542131.29696832,1,False,7,7,352699544.54541206,7,0.3176550137721288,0.7432857155799866,0.4129365195946301,0.7075545903077495,0.0269075276267184,-16.152785750518774,-16.209741761599652,1.899999976158142,1.7100000381469729,1538200.0,False,True,True,0.1416666677704564,3.3277778712319765,3.3277778712319765,1.0,4.9407976218485,0.2921751299448865,0.0061538459908249,False,False,0.475409762380715,1.4552075302691814,-0.6210526416176243,0.3388265054696212,-0.8928571408297739,0.0973870523085745,-0.9910000002384186,0.0071615261982473,4.41589302510126,97.0,97.0,97.0,2.0,2.0,1.0,1.0,97.0,92.0,89.0,87.0,92.3076923076923,AZI
2026-06-16,23.1299991607666,23.399999618530277,22.81999969482422,22.93000030517578,597601.0,0.0078430671827174,22.62961323731906,22.147759830567853,20.86999992370605,20.68266658782959,22.15499988555908,24.61149991989136,28.72909987449646,15.93000030517578,25.350000381469727,15.93000030517578,27.68000030517578,15.93000030517578,30.739999771118164,15.93000030517578,41.72999954223633,15.93000030517578,41.72999954223633,15.93000030517578,41.72999954223633,1288212.525,1196284.02,833571.8293650794,24690931.401756383,1,False,354,354,63812225.313186646,270,0.0497883354115256,1.0200001852852958,0.0440985828921011,0.9979479884245144,0.1764689854216081,-16.191347981822595,-13.933590939799515,23.34000015258789,22.690000534057617,739100.0,False,True,True,0.0250756569282483,0.1119757996784142,0.3549503367793976,0.3154689207916076,0.7840446619022796,0.044008092089544,0.5542774841719315,True,True,0.4438201310760423,1.4240504439294444,0.0499318402104229,0.9387708570350374,-0.3447592164114548,0.595578361080191,-0.2441176839078307,0.601474572543185,1.5454127402328537,86.0,97.0,97.0,56.0,56.0,16.0,16.0,92.0,82.0,78.0,74.0,88.46153846153845,AZTA
2026-06-16,51.77999877929688,53.032501220703125,49.2599983215332,52.59999847412109,5251112.0,-0.0198751280591589,60.561063653666025,59.40623055547864,60.38779968261719,58.39649988810221,44.72750003814697,29.8959499835968,22.60622500896454,44.790000915527344,75.9800033569336,15.399999618530272,75.9800033569336,12.5,75.9800033569336,12.5,75.9800033569336,12.5,75.9800033569336,12.5,75.9800033569336,1362570.3,1187970.24,467271.873015873,86165693.80390015,-1,True,0,0,184899464.51568604,46,0.0951029503512455,6.675465992518833,0.1289197788700581,1.2230630352192162,-0.1572928471112798,14.795892128568685,15.14408828632848,62.09999847412109,52.540000915527344,3275700.0,False,True,False,0.0728563728873295,0.516029464374646,0.516029464374646,1.0,1.4586318256592017,0.1576770160446035,0.6814950841216522,False,False,-0.0405781432624121,0.946284853352565,2.4428190765046542,3.078312411612456,2.3909624903102444,3.082201128267322,2.763081244040402,2.994378403249333,2.916011809582457,95.0,27.0,27.0,99.0,99.0,99.0,99.0,65.0,98.0,98.0,98.0,15.384615384615383,BAND
2026-06-16,9.170000076293944,9.324999809265137,8.979999542236328,9.140000343322754,20683732.0,-0.007575724735732,9.146552792175989,8.639363236548379,8.268799953460693,7.899999936421712,6.646199970245362,5.040099992752075,4.653350001573562,5.360000133514404,10.93000030517578,3.119999885559082,10.93000030517578,3.119999885559082,10.93000030517578,3.119999885559082,10.93000030517578,3.119999885559082,10.93000030517578,3.119999885559082,10.93000030517578,34540918.3,31573954.64,14028460.444444444,407917287.883794,-1,False,12,12,1006270202.8495789,12,0.0931384118871818,0.8210715566362653,0.0895388822033795,4.241015715001089,-0.0852540734829383,7.797802456606464,6.244204064967934,9.6899995803833,9.210000038146973,26697000.0,False,True,True,0.0376227114676579,0.2977099752668676,0.5288986195330386,0.562886655914727,1.4861275293198433,0.3797358065281642,0.8389752809020136,True,True,0.4814216464501322,1.4611370958664731,1.7537538397563632,2.4622015955754826,1.142523277283802,1.9474375436040148,1.2475490803353757,1.7884313385626422,2.462203064747486,93.0,97.0,97.0,99.0,99.0,97.0,97.0,96.0,98.0,97.0,96.0,65.38461538461539,BB
2026-06-16,6.019999980926514,6.5,5.95389986038208,6.099999904632568,2052488.0,-0.0131147417961924,5.924666916053131,5.8082138008820685,5.650000038146973,5.5690000534057615,5.421800041198731,5.323700003623962,6.515000007152557,4.460000038146973,6.71999979019165,4.260000228881836,7.699999809265137,4.260000228881836,7.699999809265137,4.260000228881836,7.71999979019165,4.260000228881836,7.71999979019165,4.260000228881836,12.649999618530272,3847094.7,3497573.76,2526524.9523809524,15210840.96254921,-1,False,49,49,102590845.44410706,330,0.0810171967303396,0.4604356288909912,0.0764843239783744,1.4425485413505807,-0.1737483345907507,-8.201811119595778,-6.4981426265679145,6.519999980926514,5.920000076293945,3482800.0,True,True,True,0.0907143091940461,0.1910299167792422,0.3704318980297199,0.5156951056194297,0.6141511079955037,0.1103323499911892,0.4758893409062364,False,False,0.3172865984243507,1.2992494874485905,0.2161616591698871,1.0874011810550044,-0.0489731353105679,0.864431878481238,-0.0738461567805364,0.7369639097255047,1.5226822503274968,85.0,95.0,95.0,79.0,79.0,39.0,39.0,88.0,80.0,75.0,71.0,65.38461538461539,BBBY
2026-06-16,280.8800048828125,297.9700012207031,271.010009765625,274.1000061035156,9259248.0,0.0232422764401183,268.3862845879062,270.2248369059471,278.57200012207034,278.28700103759763,254.6960003662109,202.74280067443848,151.52810047149657,230.60499572753903,322.8299865722656,116.50499725341795,322.8299865722656,116.50499725341795,322.8299865722656,84.13999938964844,322.8299865722656,75.69999694824219,322.8299865722656,20.93000030517578,322.8299865722656,10397523.7,10587792.96,11819396.222222222,2884683560.684659,1,False,327,327,5725563549.27063,48,0.0878134451169512,25.04664284842355,0.0891720393513714,1.1528830209160306,0.2547249514205478,1.059036431743789,3.466573536126428,280.5,269.5299987792969,9171700.0,False,False,True,0.095984018037618,0.2417224547571045,0.3283430263510721,0.7361887884247286,0.9671566906045732,0.1028049301086522,0.8700554984533241,False,False,0.0178655280220916,1.0039282773818017,0.7549515746774464,1.5691469967086151,1.957254105659158,2.687983711728376,11.796355130750264,10.182381659845982,0.8797000713497622,35.0,51.0,51.0,95.0,95.0,98.0,98.0,77.0,96.0,95.0,97.0,46.15384615384615,BE
2026-06-16,5.650000095367432,5.835000038146973,5.600500106811523,5.650000095367432,4077947.0,0.0035523944085211,5.275822709635889,5.000986205416689,4.671599969863892,4.625333301226298,4.741599984169007,4.252900002002716,3.4870999962091447,3.759999990463257,5.96999979019165,3.690000057220459,5.96999979019165,2.819999933242798,5.96999979019165,2.819999933242798,5.96999979019165,1.899999976158142,5.96999979019165,1.3200000524520874,5.96999979019165,5110373.675,5058346.94,5426901.773809524,23821190.62349851,1,False,110,110,301816033.9307785,110,0.0771145441529153,0.3987499305180141,0.0705752077499889,2.714564096384647,0.0501567007184974,-2.013729623179021,-1.421397184250526,5.789999961853027,5.420000076293945,6474100.0,False,True,False,0.0415044119251823,0.2867256386220875,0.3876105808560096,0.7397260363452279,1.167439633944919,0.1915809250530076,0.9463987092009688,True,False,0.4751958767404556,1.4549965732847163,0.3231850399543754,1.1830935175039163,0.8770764495909062,1.7061607632951976,1.4565218315232695,1.9547162132290128,0.9416742531922904,43.0,97.0,97.0,86.0,86.0,95.0,95.0,93.0,86.0,93.0,91.0,96.15384615384616,BFLY
2026-06-16,12.09000015258789,12.270000457763672,11.5600004196167,12.020000457763672,2115504.0,-0.0041186317397728,11.35419099724506,10.87583128356451,10.320400009155271,10.214666652679444,10.108199996948242,10.378600006103516,11.588199996948244,8.220000267028809,12.270000457763672,8.029999732971191,12.270000457763672,8.029999732971191,13.079999923706056,8.029999732971191,14.006999969482422,7.480000019073486,14.006999969482422,7.480000019073486,18.56599998474121,2468760.1,2322286.08,2736303.984126984,33227906.11354046,-1,False,223,223,111594602.72884367,490,0.0892686230469388,0.982285840170724,0.0812477938604875,2.413095194306178,-0.0509018746785285,-7.811394974859175,-7.1683004704256605,12.220000267028809,11.125,4471500.0,False,True,False,0.0587262224306089,0.1957816832059611,0.3349876046004806,0.5844445600888966,1.3737370376004665,0.1960586609127215,0.6511903567017272,False,False,0.3801369676597725,1.3612392701676663,0.2686254450521963,1.1343103911101706,0.0485689880820483,0.9530923822861048,-0.2179818808048986,0.6222714884978798,0.9022243560368371,38.0,96.0,96.0,83.0,83.0,57.0,57.0,92.0,85.0,81.0,78.0,100.0,BHVN
2026-06-16,48.970001220703125,49.560001373291016,47.81999969482422,48.150001525878906,2141548.0,0.0216983289986552,45.88197321831993,43.73991717048652,41.24840019226074,40.85866680145264,40.0062000656128,39.04310003280639,41.16580004692078,31.1200008392334,50.72999954223633,31.1200008392334,50.72999954223633,31.1200008392334,50.72999954223633,31.1200008392334,50.72999954223633,31.1200008392334,50.72999954223633,31.1200008392334,53.52999877929688,2741813.7,2639508.96,2348765.6666666665,127416519.01645966,1,False,180,180,324564057.01904297,26,0.0521243586034514,2.045928955078125,0.0417792302241798,5.362959010041351,0.5083269939290882,-3.4280891090868524,-6.061486239465712,50.72999954223633,47.63999938964844,2993200.0,True,False,False,0.035531991731525,0.1866448675068504,0.3906473082275313,0.4777835750454977,0.9730653841008368,0.2240602991633573,0.9148141665873274,False,False,0.5700545169029674,1.5485563496907249,0.3149838618030713,1.175760634790069,0.0760273132669575,0.978050511757338,-0.0493107587574558,0.7564873431012232,1.1673423785571344,68.0,98.0,98.0,86.0,86.0,62.0,62.0,95.0,87.0,84.0,81.0,96.15384615384616,BIRK
2026-06-16,4.539999961853027,4.920000076293945,4.539999961853027,4.619999885559082,89759.0,-0.0541667121979907,4.42597266645501,3.803435250606984,3.143120021820069,2.9234333515167235,2.518840005397797,2.444500005245209,4.169809992313385,1.6230000257492063,7.0,1.6230000257492063,7.0,1.6230000257492063,7.0,1.6230000257492063,7.0,1.6230000257492063,7.0,1.6230000257492063,16.68000030517578,2023711.475,1621865.18,644834.0634920635,17484776.478948712,-1,False,14,14,349442668.95194054,435,0.1753252547241897,0.94864273922784,0.208952146960073,3.8401948879840337,-0.2740760226483855,-3.908955750945073,-3.6432836059612574,4.889999866485596,4.610000133514404,61700.0,False,True,True,0.0837004664391712,0.5418502332195856,1.1843612377600417,0.4575041937748452,0.3012802210847143,0.8024169665893612,0.272182246929832,False,False,1.7185629212701143,2.6813386595459088,1.402116400114063,2.1477935855160397,0.0809524209591285,0.9825271677300966,-0.3162650522377271,0.5440650967524473,3.138344559592124,95.0,99.0,99.0,98.0,98.0,63.0,63.0,99.0,97.0,97.0,96.0,69.23076923076923,BJDX
2026-06-16,4.130000114440918,4.429999828338623,4.019999980926514,4.110000133514404,7001234.0,-0.0072114745364363,4.65525642601958,4.816138386302234,5.054399986267089,4.948999993006388,4.193400001525879,3.2445000076293944,3.063700008988381,3.2100000381469727,6.570000171661377,2.2799999713897705,6.570000171661377,1.919999957084656,6.570000171661377,1.919999957084656,6.570000171661377,1.919999957084656,6.570000171661377,1.3899999856948853,6.570000171661377,10455675.85,9053544.68,6195302.515873016,59760411.85618858,-1,False,32,32,146184718.73426437,32,0.108994078662419,0.5042856761387416,0.1221030658995531,-0.1238213756108924,-0.0594895599670725,-0.327316095724445,0.7550685132152358,4.519999980926514,4.150000095367432,5955500.0,False,True,False,0.0992735680511261,0.5811138084417031,0.6368038841560525,0.9125475250702112,0.970730659717692,-0.0151189695859901,0.6286149172803677,False,False,-0.071910046862915,0.9153819657482772,0.5410447804347314,1.3778874721697598,0.5183823790439888,1.3801272928272428,1.5182927746740154,2.003868906493838,1.68767801462664,88.0,21.0,21.0,92.0,92.0,90.0,90.0,84.0,92.0,94.0,93.0,0.0,BLDP
2026-06-16,55.79999923706055,57.31999969482422,55.720001220703125,56.79999923706055,1683736.0,-0.0146565745258657,55.5773515451256,53.30801876590022,51.59119964599609,50.04166628519694,45.20819961547851,42.02098403930664,41.56929587364197,36.52999877929688,64.54000091552734,33.11000061035156,64.54000091552734,32.32146939688683,64.54000091552734,32.32146939688683,64.54000091552734,32.32146939688683,64.54000091552734,28.414164588334742,64.54000091552734,2671185.9,2508386.72,2883917.603174603,163631406.94588852,-1,False,286,286,502296987.8768921,285,0.0562711192226017,3.474285670689174,0.0622631849138389,3.762887307042405,-0.2388985563441145,-4.10861636691562,-4.061362753321596,56.68000030517578,53.47999954223633,3499100.0,False,False,True,0.0286738081719977,0.2086021424515993,0.4107527293373125,0.5078533325588545,1.1945022576104214,0.2342893482083188,0.8645800812753927,True,False,0.3013059199420678,1.2834876263987458,0.6563063785805299,1.480945809035583,0.2382845521586629,1.1255335482729674,0.4647706752563036,1.16555487146249,0.9262351660323342,41.0,94.0,94.0,94.0,94.0,79.0,79.0,94.0,90.0,88.0,86.0,57.692307692307686,BRKR
2026-06-16,66.02999877929688,67.9800033569336,65.80500030517578,66.75,2187011.0,-0.0072170100964726,61.95772476230335,59.2613566221629,56.51599990844726,56.2169999440511,55.66399993896484,54.07109992980957,56.30599994659424,48.31999969482422,68.5,44.58000183105469,68.5,44.58000183105469,68.5,44.58000183105469,68.5,44.58000183105469,68.5,44.58000183105469,74.6500015258789,4127252.775,4231600.22,4009469.0912698414,207266451.33761367,-1,False,137,137,1078901335.4724884,123,0.0473431262702812,2.8782149723597934,0.0435895051578015,4.2722317790163125,-0.1667711972674675,-5.149033980270277,-7.638391454737691,68.5,66.41000366210938,3794300.0,False,False,False,0.032939619748104,0.2195971568690434,0.252915357741542,0.8682634333872796,0.8909847112164108,0.1862244691667554,0.8845277619506312,False,False,0.2944520868847622,1.2767276403050485,0.2873854084745628,1.1510841532397498,0.0796271900594327,0.9813226046640264,-0.0309656681721677,0.7710849931363469,1.029376379028989,54.0,94.0,94.0,84.0,84.0,63.0,63.0,89.0,84.0,80.0,76.0,88.46153846153845,BROS
2026-06-16,35.91999816894531,38.63999938964844,35.209999084472656,36.650001525878906,1310313.0,-0.0411105433306239,32.84730879346799,30.709707692997352,29.878799896240235,28.174333254496258,22.64719993591309,16.818649969100953,14.44636998653412,16.399999618530273,42.0,10.630000114440918,42.0,10.59000015258789,42.0,10.59000015258789,42.0,10.59000015258789,42.0,10.1850004196167,42.0,1680975.325,1509366.26,520595.6865079365,68426599.53602906,-1,False,273,273,156930083.71505737,13,0.1606922559862098,5.337071691240583,0.1485821816064221,3.94440270159699,-0.2885479162767956,10.4359180692715,9.09207423490522,38.0,31.542999267578125,2510000.0,False,True,False,0.0954899910919592,0.4106347648077592,0.5723830878064342,0.7174124699970621,1.3603002494570138,0.5860679585375461,0.8552380516415551,False,False,0.2135134360144146,1.1968972520024088,2.3167126890111183,2.9655574717859112,2.09388451603327,2.812173349984205,2.528486944217736,2.8077058178442527,3.2289459336009565,95.0,91.0,91.0,99.0,99.0,98.0,98.0,98.0,98.0,98.0,97.0,84.61538461538461,BRUN
2026-06-16,18.25,19.159900665283203,18.049999237060547,18.190000534057617,5498752.0,-0.0038209441042728,17.75712140506559,16.934668983858014,16.305199813842773,15.856333192189537,14.170399913787842,11.933999943733216,13.737499997615814,12.119999885559082,20.71999931335449,7.875,20.71999931335449,6.915999889373779,20.71999931335449,6.915999889373779,20.71999931335449,6.915999889373779,23.299999237060547,6.915999889373779,27.799999237060547,9444793.8,9005709.04,7246203.777777778,205277046.2979042,-1,False,117,117,851330397.4611282,244,0.1005167830461883,1.898564066205706,0.1040309077372989,2.767407396197638,-0.036869809173263,-1.3935798559172694,-0.3940055067406026,19.3799991607666,18.13999938964844,7587700.0,False,True,True,0.06081651661494,0.2602739203466128,0.4668492878953071,0.5575116576058273,1.2975530464173202,0.2878959035053552,0.6564748381600919,False,False,0.3670411594393394,1.3483227779339533,0.972972972972973,1.764085493753194,0.713615084853735,1.5575832416444255,0.4392744133098034,1.145266854493126,1.303412668156632,77.0,96.0,96.0,97.0,97.0,93.0,93.0,93.0,96.0,96.0,95.0,76.92307692307693,BTDR
2026-06-16,5.329999923706055,5.619999885559082,5.079999923706055,5.199999809265137,5392050.0,-0.0037383142585097,4.591697397627268,4.259743145767873,3.982799997329712,3.845333329836528,3.4978000020980837,3.224400005340576,4.982182310431043,2.625,5.864999771118164,2.0899999141693115,5.864999771118164,2.0899999141693115,5.864999771118164,2.0899999141693115,6.300000190734863,2.0899999141693115,7.920000076293945,2.0899999141693115,16.0,3290498.75,3273059.0,3895864.917127072,19674950.567928556,-1,False,252,252,383130326.940155,252,0.1520034554788263,0.7134999888283866,0.1338649153923957,3.913011449997071,-0.0280308076239145,-6.2431590144685805,-8.994986378347146,5.864999771118164,4.400000095367432,12880700.0,True,True,False,0.1013133151186904,0.3780487608496111,0.6078798907121424,0.6219135829723205,1.434222542276201,0.5238149466833335,0.3331249952316284,False,False,0.8191125605007474,1.794204134976341,0.8833922499637739,1.6839890828315955,-0.0966101970250695,0.8211323711043977,0.0,0.0,0.8446131526620058,31.0,99.0,99.0,96.0,96.0,35.0,35.0,98.0,97.0,96.0,95.0,100.0,BTQ
2026-06-16,16.6299991607666,17.360000610351562,15.949999809265137,16.040000915527344,2437597.0,0.018371049507786,16.52418096153264,17.027634016791406,18.23920009613037,17.842666753133138,17.28900011062622,14.453700075149536,9.649550037384031,14.201000213623049,22.030000686645508,12.96500015258789,22.030000686645508,7.949999809265137,22.030000686645508,4.855000019073486,22.030000686645508,4.570000171661377,22.030000686645508,0.8730000257492065,22.030000686645508,3572017.425,3399969.94,3263126.1785714286,53520294.27419405,1,False,376,376,279214599.8746872,32,0.0908367427883445,1.5419999531337194,0.0927239946452671,-0.4110778063104367,0.1945520403232667,-0.0437990392216418,2.936524324711772,16.900999069213867,15.960000038146973,2431000.0,False,False,True,0.0847865828167262,0.2507517282265476,0.3613950438065129,0.6938438490617415,0.7079944065623122,-0.038116776311117,0.7548796478634536,False,False,-0.2389016535272026,0.7506769124771748,0.1161073548005213,0.99794007370917,1.7949579317416,2.540465285384356,14.542054528554578,12.367203736600397,1.0946611407358453,62.0,6.0,6.0,67.0,67.0,98.0,98.0,69.0,70.0,93.0,97.0,26.923076923076923,BW
2026-06-16,185.4900054931641,191.9718017578125,185.0,187.5,297716.0,-0.0240963942472111,182.8480447004763,181.2877444636767,168.97080078125,166.65333404541016,230.37799926757813,172.77309982299803,157.24854988098144,140.44000244140625,191.9718017578125,101.6500015258789,847.7000122070312,85.95999908447266,847.7000122070312,85.95999908447266,847.7000122070312,85.95999908447266,847.7000122070312,85.95999908447266,847.7000122070312,2434780.4,3087778.32,1357984.5873015872,152735366.15682068,-1,False,54,54,8778117995.800781,56,0.0592639142554607,8.807984488351005,0.0474849545932845,-4.1032990163853125,-0.5199829583160559,11.79853416817688,10.810502131857492,191.0800018310547,185.0,456900.0,False,True,True,0.0375858620483432,0.1230352427919313,0.2737171993422655,0.4494976679857221,0.2258133608503346,-0.1948449674757258,0.2188156220621386,False,False,0.2356115875727669,1.2186928218655595,0.820671481093322,1.627908842485127,0.4156300635062817,1.2867310067322513,0.5215322772631157,1.210721505973028,1.7929366966072002,89.0,92.0,92.0,96.0,96.0,87.0,87.0,86.0,92.0,94.0,93.0,84.61538461538461,CAR
2026-06-16,3.75,4.229599952697754,3.059999942779541,3.400000095367432,13034637.0,0.0,1.8341256600514788,1.5487199707999897,1.2515999937057496,1.3303333282470704,2.0199999904632566,2.674057963965596,0.0,0.5,4.949999809265137,0.5,4.949999809265137,0.5,33.0,0.5,33.0,0.0,0.0,0.0,0.0,10576040.925,8471578.74,0.0,48799016.231468976,-1,False,4,4,593072250.0,1,0.3445679392969929,0.5335428416728973,0.1422780911127726,6.019448571671216,0.0,-8.332134898862238,-13.504331365786822,4.949999809265137,3.259999990463257,158152600.0,False,False,False,0.3118933359781901,1.1866666158040364,1.1866666158040364,1.0,4.636126854910163,0.8564356523288863,0.0,False,False,1.6041665631863848,2.5685086878570966,0.5624999379118307,1.397071076096431,0.0,0.0,0.0,0.0,0.0,0.0,99.0,99.0,93.0,93.0,0.0,0.0,99.0,99.0,99.0,99.0,100.0,CAST
2026-06-16,43.75,44.65999984741211,43.25,43.36000061035156,1038801.0,0.0059783470107781,40.69853979822275,37.55693510544847,34.805600051879885,34.14800001780192,32.38034805297852,31.13567476272583,33.06817687988281,28.229999542236328,48.90999984741211,26.12849774702777,48.90999984741211,26.12849774702777,48.90999984741211,24.47325092207785,48.90999984741211,24.47325092207785,48.90999984741211,24.47325092207785,70.39991631164284,1336177.525,1293804.02,1427032.146825397,68139598.89185905,1,False,6,6,504859192.0467377,6,0.0583802410608389,2.7071424211774557,0.0618775410554846,5.674565462462433,0.0960416118115124,0.0875968680527989,-1.2443274421163106,46.97999954223633,43.22999954223633,1798500.0,True,True,False,0.0322285679408482,0.3782856968470982,0.4726857212611607,0.8002900866939746,1.896500599835824,0.3511281573755547,0.6214496023877313,True,False,0.4246174309435433,1.4051106791625207,0.5282606560695287,1.3664568602698877,0.6254481965629015,1.477444318450096,-0.1380889199018956,0.6858443271333635,0.9363331638831586,42.0,97.0,97.0,92.0,92.0,92.0,92.0,94.0,90.0,87.0,87.0,88.46153846153845,CBRL
2026-06-16,30.899999618530277,31.049999237060547,30.21500015258789,30.51000022888184,24454648.0,0.0258963730930867,28.575628778245523,27.785868202059625,26.93691757202149,26.824289894104005,26.93756130218506,27.663930015563963,28.14794930458069,23.450000762939453,31.149999618530277,23.450000762939453,31.149999618530277,23.32712129316908,33.66720664953175,23.32712129316908,33.66720664953175,23.32712129316908,33.66720664953175,22.339278140662945,33.66720664953175,27737761.2,27636528.96,23657344.634920634,729403937.0911744,1,False,260,260,2594863209.651947,179,0.0439529662660393,1.1814282281058175,0.0382339237116796,3.8472939491757874,0.6602168127872196,-3.2918743471508507,-6.87218641004379,31.149999618530277,29.989999771118164,37900600.0,True,False,False,0.0270226244265685,0.1779935297054738,0.2491909045517672,0.7142858204461363,0.8848811960212242,0.1470971433491938,0.917807050052964,False,False,0.2617394817198661,1.244462956564671,0.2391095757503629,1.1079194989975332,0.1308098715544254,1.0278448882641555,0.3937068845967097,1.1090076256805612,1.1724799054183053,69.0,93.0,93.0,81.0,81.0,69.0,69.0,86.0,73.0,68.0,64.0,100.0,CCL
2026-06-16,1.4800000190734863,2.0899999141693115,0.8299999833106995,0.9090999960899352,120371210.0,0.8998716931568127,0.9252114955119244,0.7836512876632116,0.655959997177124,0.6409333308537801,0.6051199984550476,0.5931699988245964,3.892684995085001,0.3529999852180481,5.639999866485596,0.3529999852180481,5.639999866485596,0.3529999852180481,5.639999866485596,0.3529999852180481,5.639999866485596,0.3529999852180481,5.639999866485596,0.3529999852180481,26.100000381469727,7298837.75,5854374.2,1479096.7063492064,20768880.47884285,1,True,0,0,212424840.58566093,7,0.4646832081558689,0.6534285566636494,0.4415057758395912,3.27469308915273,1.0728028759385098,-8.240023876744605,-10.445923383056789,0.824999988079071,0.7379999756813049,544100.0,False,False,False,0.8513512936624154,3.560810671486588,3.560810671486588,1.0,4.7932810649514,1.445795912962924,0.0567049807449139,False,False,2.083333441987636,3.041114514432367,2.0204081434053665,2.7006240146141187,-0.1294117779055265,0.7913175117871406,-0.8629629636170606,0.1090438169094074,4.934658916262089,98.0,99.0,99.0,99.0,99.0,32.0,32.0,99.0,99.0,98.0,98.0,96.15384615384616,CCTG
2026-06-16,130.08999633789062,132.86000061035156,128.76499938964844,131.5,1332881.0,-0.0092155878579089,130.4364652519713,127.2417853294042,120.25578582763671,118.88013661702476,124.28965087890624,123.95422630310058,135.43576091766357,96.54753314386257,141.4600067138672,96.54753314386257,142.79331112031738,96.54753314386257,142.8877661422094,96.54753314386257,142.8877661422094,96.54753314386257,148.97081953736853,96.54753314386257,180.42309965476448,2224514.525,2055201.62,1613074.924603175,264542270.2431244,-1,False,179,179,601470010.3683472,18,0.0420308558741748,6.041073390415737,0.0464376474784801,1.0049597817014968,-0.2002966419489098,-3.1731827417585365,-4.714089404599174,135.8000030517578,131.10000610351562,2851200.0,False,False,True,0.0314782176645384,0.1113844715279128,0.2993915491804437,0.372036124041635,0.9441594834865884,0.0466679680727044,0.7210273883267436,False,False,0.2820745793501489,1.2645196133354637,0.1142826185918226,0.996308530489984,-0.0925175507447876,0.8248523647695386,-0.221898002079057,0.6191553322930633,1.3790522009058217,80.0,94.0,94.0,67.0,67.0,35.0,35.0,88.0,75.0,70.0,66.0,57.692307692307686,CDW
2026-06-16,92.5500030517578,96.61000061035156,92.37000274658205,95.0,569107.0,-0.0258920011489461,90.27642648207124,86.4620247994723,84.47599975585938,84.35299962361654,77.33219985961914,70.8433999633789,62.32984987258911,73.13999938964844,101.23999786376952,56.68999862670898,101.23999786376952,50.09999847412109,101.23999786376952,50.09999847412109,101.23999786376952,45.810001373291016,101.23999786376952,27.5,101.23999786376952,964477.675,845478.14,543688.123015873,90890149.69470902,-1,False,112,112,199996111.4646912,49,0.0689052204242108,6.5449981689453125,0.0707185084076666,2.782649500576283,-0.3758593999529064,1.592495675366651,3.3821588715544357,100.0,94.6999969482422,851200.0,False,False,True,0.0458130494214932,0.2610480306435384,0.3036196385472446,0.8597863823716992,1.1781034338747065,0.1967848221020933,0.914164411345552,False,False,0.144854122270396,1.129178064471624,0.573979664160017,1.4073353923461205,0.5182087342801742,1.3799694591477267,2.3351352451083898,2.653851007252134,1.77395391617161,89.0,85.0,85.0,93.0,93.0,90.0,90.0,82.0,89.0,90.0,89.0,80.76923076923077,CECO
2026-06-16,6.050000190734863,6.159999847412109,5.239999771118164,5.239999771118164,7089493.0,0.1612284350167974,5.436681123764985,5.42967163636327,5.23519998550415,5.368999989827474,5.621799983978272,6.309699988365173,8.347374999523163,4.449999809265137,6.454999923706055,4.449999809265137,6.480000019073486,4.449999809265137,7.519999980926514,4.449999809265137,10.204999923706056,4.449999809265137,10.204999923706056,4.449999809265137,13.880000114440918,3799384.825,3678113.86,2637837.273809524,22575601.142258883,1,False,77,77,56988598.09303284,431,0.0670140477931937,0.3812142099652971,0.0630106112309052,1.2088092934250256,2.203485942101576,-16.621247567516427,-15.727182694068343,5.352000236511231,5.159999847412109,4205600.0,False,False,False,0.1520661235189477,0.1975206044876286,0.2801653087973694,0.7050144978173801,1.2406954960333936,0.0761678124403095,0.4358789726838958,False,False,0.3504464653966832,1.3319553088083456,-0.087481133287275,0.815906410070258,-0.2948717663715759,0.6409233494835355,-0.4504995399669219,0.4372513383027445,1.440340866634653,82.0,96.0,96.0,26.0,26.0,19.0,19.0,89.0,76.0,71.0,67.0,92.3076923076923,CERT
2026-06-16,45.79999923706055,49.415000915527344,45.73500061035156,47.959999084472656,552614.0,-0.0546955930681006,45.26439295986583,43.10159509641333,42.23600021362304,41.04766693115234,34.481000099182125,27.408000030517577,25.860999994277957,32.09000015258789,51.25,17.020000457763672,51.25,17.020000457763672,51.25,17.020000457763672,51.25,17.020000457763672,51.25,17.020000457763672,51.25,996907.85,859774.28,481916.3253968254,41975971.15006065,-1,False,209,209,89590700.10223389,14,0.0793209119515965,4.186428070068359,0.0914067279433659,3.5912861459298067,-0.6329982222376115,5.424688631079341,5.349718565769087,50.43999862670898,47.25,957200.0,False,False,True,0.0803493529798574,0.2491266383729399,0.3565502642594094,0.698713935580446,1.1786132983647757,0.3282677157077849,0.8936585216987424,False,False,0.254450872161454,1.2372741472013125,1.4756756344357052,2.213564774465914,1.0980302060067588,1.9069957531442112,1.3026646879082722,1.8322882138984105,2.0686326597861444,91.0,93.0,93.0,98.0,98.0,96.0,96.0,91.0,97.0,96.0,96.0,73.07692307692307,CEVA
2026-06-16,26.209999084472656,27.38999938964844,25.950000762939453,26.0,18847949.0,0.0069150362304637,24.31190717038105,23.42671199542148,22.939400024414063,22.633666674296062,20.61840015411377,17.917500143051146,17.01290002346039,17.6200008392334,28.6200008392334,11.720000267028809,28.6200008392334,11.720000267028809,28.6200008392334,11.720000267028809,28.6200008392334,11.720000267028809,28.6200008392334,3.289999961853028,28.6200008392334,25411978.725,25805786.98,35205789.083333336,569944979.4622338,1,False,264,264,3091943755.0935745,225,0.0968857787520807,2.493214334760393,0.0951245487161205,2.850942378540956,0.0721953164305253,-2.039637113607452,-2.4998746185363294,26.88999938964844,25.63999938964844,23514500.0,False,True,False,0.0549408117897291,0.3024800336031032,0.4196871569719598,0.7207274003462358,0.9446716319441616,0.2711946071743716,0.9157930927990394,False,False,0.2892277020576943,1.2715747910185522,0.7369117839258417,1.5530171593458175,0.5372434168502234,1.3972709540068595,6.045698624433764,5.606439624501896,0.7218125026213432,20.0,94.0,94.0,95.0,95.0,91.0,91.0,93.0,96.0,94.0,93.0,100.0,CIFR
2026-06-16,13.270000457763672,13.8149995803833,13.149999618530272,13.880000114440918,16294227.0,-0.0264123003414965,13.298306261673345,12.825168381102348,12.417599983215332,12.171666622161863,11.17059995651245,10.931500000953674,11.713150017261505,10.06999969482422,15.0600004196167,7.920000076293945,15.0600004196167,7.730000019073486,15.0600004196167,7.730000019073486,15.350000381469728,7.730000019073486,15.350000381469728,6.71999979019165,16.700000762939453,18690893.175,17688618.54,21732269.154761903,253139455.69449463,-1,False,379,379,1255537281.6810608,239,0.0665861835039431,0.9367856979370116,0.0705942475977038,2.6622539720791973,-0.3842924347265729,-4.367095685370687,-3.557023150460794,14.239999771118164,13.300000190734863,18159300.0,False,False,True,0.0501130323220121,0.2087415495259513,0.3760362134632074,0.5551102315478859,1.0223773359748194,0.1879398160729293,0.7946107695523213,False,False,0.2870998950218295,1.2694761192458008,0.5892215391046427,1.420963541771248,0.0440598283191149,0.948993800438454,0.8507671292275238,1.4727019593263837,0.8600525348686155,33.0,94.0,94.0,93.0,93.0,56.0,56.0,86.0,90.0,88.0,85.0,65.38461538461539,CLF
2026-06-16,4.940000057220459,5.050000190734863,4.804999828338623,4.820000171661377,8047619.0,0.0270270511408354,4.500763333198186,4.126446032203349,3.93519998550415,3.7603333155314127,3.176799998283386,2.6017999935150145,2.685324990749359,2.569999933242798,5.179999828338623,1.5800000429153442,5.179999828338623,1.5800000429153442,5.179999828338623,1.5800000429153442,5.179999828338623,1.5800000429153442,5.179999828338623,1.5800000429153442,5.179999828338623,8444952.975,7689354.38,7713853.25,39507885.650031306,1,False,354,354,131106217.70882608,235,0.0717692352252661,0.3546428339821951,0.0717900465332663,7.731210231769932,0.366566308364896,4.321654057994856,2.364047092203512,4.954999923706055,4.5,7145600.0,False,False,False,0.0495952144855018,0.3248987372599296,0.3785424825705885,0.8582887052824891,1.395382677108452,0.5550239422972283,0.953667996318228,False,False,0.4236311286714829,1.4041378819572834,1.5595855914383765,2.288590808759134,0.8296296185099705,1.6630341652545957,0.7123050514905624,1.36252420116578,1.094777499818265,62.0,97.0,97.0,98.0,98.0,95.0,95.0,97.0,98.0,97.0,97.0,92.3076923076923,CLOV
2026-06-16,17.260000228881836,18.100000381469727,16.979999542236328,16.989999771118164,17528538.0,0.0070012160738974,16.60601253659669,16.18593166648818,16.061199989318848,15.730666637420654,14.02900001525879,12.062850008010864,12.970299978256223,12.399999618530272,19.170000076293945,8.0,19.170000076293945,8.0,19.170000076293945,8.0,19.170000076293945,8.0,19.170000076293945,8.0,23.61000061035156,22759288.45,22380232.76,26849786.26190476,410866200.377404,1,False,452,452,1119806244.6784973,245,0.0847879439761505,1.4677143096923828,0.0850355903956709,2.70837963587349,0.0817603524343571,-2.047892311385482,-1.4691710619294267,17.780000686645508,17.03499984741211,19689800.0,False,True,True,0.0648899666501311,0.2438586634790591,0.3545770454462825,0.6877452068904528,0.9996506309794072,0.2303086613521145,0.7310461576741496,False,False,0.3165523021269412,1.2985252455947782,0.7072206543036135,1.5264695625073303,0.2302209948243965,1.11820421166587,0.8559139650424021,1.476797426048913,0.8476525000234927,31.0,95.0,95.0,95.0,95.0,79.0,79.0,90.0,95.0,94.0,93.0,76.92307692307693,CLSK
2026-06-16,11.489999771118164,11.899999618530272,11.149999618530272,11.789999961853027,2024155.0,-0.0254453088808757,11.787777835117312,11.586112178192442,11.657399978637695,11.315499973297118,9.842499990463256,8.185999989509583,7.116449983119964,9.119999885559082,14.760000228881836,4.880000114440918,14.760000228881836,4.880000114440918,14.760000228881836,4.880000114440918,14.760000228881836,4.880000114440918,14.760000228881836,2.25,14.760000228881836,4229208.875,4633565.1,2865100.2182539683,46565021.08501387,-1,False,57,57,376049191.5163994,57,0.0824274428581417,1.0221427508762904,0.0889593360519988,1.8816047879618705,-0.2935012653346814,0.6981465214593463,1.402795752926407,12.489999771118164,11.640000343322754,2077400.0,False,False,True,0.0652741527362983,0.2694516779273279,0.4290687905467218,0.6279917902767784,0.6502672208058543,0.16738631264935,0.7784552569745187,False,False,0.1080038474367541,1.0928323666202855,0.8960395840941286,1.6952973870910244,0.7047477984130519,1.5495233588382191,1.6173121003569544,2.082661074693468,1.476112021511533,84.0,79.0,79.0,96.0,96.0,93.0,93.0,82.0,96.0,95.0,94.0,42.30769230769231,CMPS
2026-06-16,3.839999914169312,3.969899892807007,3.4100000858306885,3.7799999713897705,349361.0,0.0158730008554686,4.674858653085138,4.669714891901996,4.675799980163574,4.216166647275289,3.144699985980988,2.7633299899101256,6.402174983024597,1.2599999904632568,13.539999961853027,1.2599999904632568,13.539999961853027,1.2599999904632568,13.539999961853027,1.2599999904632568,13.539999961853027,1.2599999904632568,13.539999961853027,1.2599999904632568,46.5,8644449.025,6943439.22,1901287.0515873013,74938616.86717209,1,False,28,28,1405911625.6236649,232,0.4049931823300512,1.962706991604396,0.5111216238214368,0.4325822656554692,0.0305699949285321,1.8864956214641264,-0.5522411739167306,4.170000076293945,3.7100000381469727,356400.0,False,True,True,0.1458072446591287,0.8177083789293355,3.057291737485989,0.2674616782243153,0.0930945140468875,0.2211021500581795,0.082580643315469,False,False,1.988326859078196,2.9474088210039366,0.6768558856490337,1.499319647815899,-0.624633422678544,0.3411878755486272,-0.536231879467541,0.3690319592321348,4.546630146028254,97.0,99.0,99.0,94.0,94.0,6.0,6.0,99.0,98.0,97.0,97.0,42.30769230769231,CODX
2026-06-16,382.80999755859375,424.0,381.85101318359375,423.739990234375,4208175.0,-0.0749806665713422,384.5646010614731,379.1678643121847,382.3839990234375,375.804667154948,352.60680114746094,296.96220031738284,220.95090015411375,308.1700134277344,440.0,215.5500030517578,440.0,204.57000732421875,440.0,167.5,440.0,130.4199981689453,440.0,77.83999633789062,440.0,6261901.875,6127089.5,5225857.837301588,2206540772.9106903,-1,False,88,88,3942493961.480713,109,0.0932304204660305,40.41207013811384,0.1055669141240969,0.8113988641206982,-0.7678398724254304,1.5630390280036952,2.800224405547597,420.5700073242188,394.0,5158700.0,False,False,True,0.1101041955153087,0.2730335928535247,0.2730335928535247,1.0,0.9546698314101664,0.0856568742090195,0.8700227217240767,False,False,0.0009412611846582,0.9872357481779972,0.5574043645474891,1.3925149938907817,1.1465179175696822,1.9510684551317432,3.947783171372644,3.937075527078276,1.198253391108967,71.0,40.0,39.0,93.0,93.0,97.0,97.0,80.0,92.0,91.0,94.0,57.692307692307686,COHR
2026-06-16,62.40999984741211,69.62999725341797,62.130001068115234,64.52999877929688,1956756.0,-0.0256050449056254,58.07872582741756,54.902765140161726,52.50440017700196,51.966000111897785,47.91940002441406,38.98129997253418,31.0531999874115,41.54999923706055,69.62999725341797,28.13999938964844,69.62999725341797,26.6299991607666,69.62999725341797,23.170000076293945,69.62999725341797,21.100000381469727,69.62999725341797,17.709999084472656,69.62999725341797,1637223.9,1502301.12,827068.4761904762,92254508.45046844,-1,False,264,264,268259979.71076965,14,0.0664769450849482,4.29714230128697,0.0688534259220184,4.3918696007324245,-0.3816497312305742,7.942534808779264,8.923316571437901,65.2300033569336,62.41999816894531,1272900.0,False,False,False,0.1201729883614753,0.3244671724853789,0.4499278654864759,0.7211537612469388,0.962593704250184,0.3023952682131945,0.896309095349685,False,False,0.3239287368577446,1.305800677573406,1.1610111378464278,1.9322152164961204,1.6134841725601057,2.375515473377164,2.494400767894689,2.78058258993289,1.979550602074867,91.0,95.0,95.0,97.0,97.0,98.0,98.0,93.0,96.0,95.0,96.0,96.15384615384616,COHU
2026-06-16,83.70999908447266,84.2300033569336,82.12999725341797,83.18000030517578,767899.0,0.0070981270259267,78.40906865413774,72.37747773984344,68.15320037841796,65.39466705322266,57.3736001586914,47.61200019836426,59.85950023651123,49.83000183105469,84.79000091552734,33.0,84.79000091552734,28.65999984741211,84.79000091552734,28.65999984741211,85.16000366210938,28.65999984741211,89.0,28.65999984741211,91.0,1112394.975,1104703.98,1371639.6785714286,71475876.86316033,1,False,167,167,475255412.3352051,442,0.0442733344101313,3.3892860412597656,0.0404884252577711,11.337398284137766,0.1740768795280934,10.426904309401134,7.232321081234841,83.68000030517578,79.4000015258789,1042200.0,False,True,False,0.0250866817164397,0.1758451962930858,0.3607693357213433,0.4874172466501085,0.857487541594627,0.4590334030448952,0.91989009982937,True,False,0.4850097688599293,1.464676087462841,1.4980603783164446,2.2335795453230585,-0.048641878431721,0.8647329730314272,0.1948330288544888,0.950758696150132,0.8109964973881234,27.0,97.0,97.0,98.0,98.0,39.0,39.0,96.0,97.0,97.0,96.0,92.3076923076923,CORT
2026-06-16,28.07999992370605,29.07999992370605,27.98500061035156,28.0,8571410.0,-0.0049609990451766,27.370726904802403,26.529580769014668,26.204400024414063,25.672000058492024,23.247200050354003,20.05944997787476,18.56902501106262,20.809999465942383,30.459999084472656,13.5600004196167,30.459999084472656,13.5600004196167,30.459999084472656,13.5600004196167,30.459999084472656,13.354999542236328,30.459999084472656,10.93000030517578,30.459999084472656,14975435.25,14474214.2,15138248.849206349,342408305.5737562,-1,False,344,344,1504395308.1253052,355,0.0606632813604501,1.7968570164271764,0.0639906346620112,3.2487159518478603,-0.0779134835819093,0.5043124112822257,1.133350205931191,28.84000015258789,27.600000381469727,11319200.0,False,True,True,0.038995702148491,0.1609686777081413,0.3078703195834644,0.522845716098665,0.7294766302408321,0.2078873955953444,0.9218647658469618,False,False,0.1598513418249347,1.1439699327277006,0.7101096098194304,1.5290526513723903,0.6987295073975239,1.5440530584703127,1.3616483694616006,1.8792230129987848,0.9892448855327884,49.0,86.0,86.0,95.0,95.0,93.0,93.0,88.0,95.0,93.0,92.0,88.46153846153845,CORZ
2026-06-16,7.289999961853027,7.46999979019165,6.900000095367432,6.9475998878479,1136397.0,0.0110956897756986,7.593787351150738,7.350505021120938,7.185600051879883,6.63166671593984,5.96920003414154,5.203000004291535,4.426000003814697,3.2100000381469727,14.390000343322754,3.2100000381469727,14.390000343322754,3.2100000381469727,14.390000343322754,3.049999952316284,14.390000343322754,3.0299999713897705,14.390000343322754,2.0999999046325684,14.390000343322754,2557107.425,2098393.94,628989.2738095238,43639667.43954864,1,False,21,21,278564893.13316345,21,0.2459355264661316,1.6292856761387415,0.2234959786919666,0.9900364638284792,0.049101225695206,-2.9294797558124146,2.0797252763546545,8.359999656677246,6.840000152587891,2513200.0,True,True,True,0.0781892589584228,0.4279835256358515,1.3950618115704374,0.3067846328286095,1.4867226027158658,0.2212691684240797,0.5066017920726271,True,True,0.5882352330081837,1.566488124074071,0.8644500771933488,1.6670524026731637,1.1441175756982471,1.9488866744587028,1.8038462420187087,2.2310909833342105,4.065422943562574,97.0,98.0,98.0,96.0,96.0,97.0,97.0,98.0,96.0,95.0,94.0,57.692307692307686,CPSH
2026-06-16,239.17999267578125,258.3599853515625,238.97000122070312,256.1300048828125,7447627.0,-0.0779846987422984,238.63629930609056,225.35234830833133,214.7380010986328,211.5775009155273,191.24510055541992,152.35125061035157,152.23565044403077,148.94500732421875,270.2120056152344,86.48500061035156,270.2120056152344,86.48500061035156,270.2120056152344,86.48500061035156,270.2120056152344,86.48500061035156,270.2120056152344,75.50499725341797,270.2120056152344,7949718.175,8104098.54,6462006.05952381,2203341687.096405,-1,False,378,378,3720746200.0,14,0.1162417015865941,27.212501525878903,0.1137741548590421,2.203016846589567,-0.7434087221672554,2.247980806817898,1.0642008556539413,264.25,243.3300018310547,7921300.0,False,False,True,0.0810685873594089,0.2935530051228397,0.5070114641879693,0.5789869181616927,1.343477333877532,0.2506463798609601,0.8851567943149024,False,False,0.3892083128274244,1.3701864048106809,1.298481628745999,2.0551310912380023,0.6620108858961546,1.5106778215152183,2.2545924565021203,2.5897610843672534,1.230224500220574,73.0,96.0,96.0,98.0,98.0,93.0,93.0,95.0,97.0,97.0,96.0,84.61538461538461,CRDO
2026-06-16,127.08000183105467,129.64999389648438,126.3499984741211,126.3499984741211,939281.0,0.0064148666312073,123.20240524502849,118.54972514756156,113.92920043945313,112.16833368937176,108.20260025024416,96.9558002471924,90.25040004730224,94.8000030517578,129.64999389648438,77.69999694824219,129.64999389648438,75.12999725341797,129.64999389648438,75.12999725341797,129.64999389648438,73.20999908447266,129.64999389648438,73.20999908447266,129.64999389648438,1214979.525,1276043.62,1578233.257936508,153998959.26530075,1,False,313,313,486787738.1790161,488,0.0401604142529639,4.741428375244141,0.0373105784303307,4.675978817766464,0.1708356899826781,4.668268902031802,3.430268824884955,129.27999877929688,125.26000213623048,1270100.0,False,True,False,0.0259678578439936,0.1097733455086653,0.2667610435003959,0.4115044088455981,0.9768146483895276,0.1744634744188409,0.980177460960919,False,False,0.3385295825064272,1.3202015993227485,0.5998992992925112,1.4305107996968396,0.4134133762093239,1.284716158114131,0.3035183569152766,1.0372423455825484,0.7698352058481829,24.0,95.0,95.0,93.0,93.0,87.0,87.0,87.0,89.0,87.0,85.0,92.3076923076923,CROX
2026-06-16,8.390000343322754,8.645000457763672,8.17199993133545,8.5,2064272.0,-0.0152582285746778,8.863122407220299,8.806954267116765,8.74140001296997,8.526500018437703,7.658300008773804,6.555349998474121,6.866149983406067,6.659999847412109,13.100000381469728,5.170000076293945,13.100000381469728,4.480000019073486,13.100000381469728,4.480000019073486,13.100000381469728,4.480000019073486,13.100000381469728,4.480000019073486,13.100000381469728,2936906.8,2527191.44,1494114.5714285714,48117259.94095163,-1,False,123,123,318055141.2131309,123,0.0898255576225253,1.04342862537929,0.1243657428702861,0.7682456497237496,-0.1245893693913778,1.945987580935292,0.8002825706042108,8.75,8.430000305175781,2551100.0,False,True,True,0.0563766992935421,0.3861739736037964,0.7675804851644542,0.5031055127998187,1.0016088057025074,0.0955434409347597,0.6404580228249929,False,False,0.2485119948319933,1.2314165886900883,0.5565863731260587,1.3917836068822786,0.3532259034564695,1.2300090072811432,-0.0729281583980294,0.737694384129997,1.9656503297413987,91.0,92.0,92.0,93.0,93.0,85.0,85.0,82.0,89.0,91.0,89.0,46.15384615384615,CRSR
2026-06-16,4.519999980926514,7.449999809265137,2.990000009536743,3.3499999046325684,199721988.0,0.8225806234530433,3.020815407085289,3.0700114514726686,3.092800006866455,3.2143333355585733,3.4808000135421757,4.0135000133514405,6.074049997329712,2.130000114440918,7.449999809265137,2.130000114440918,7.449999809265137,2.130000114440918,7.449999809265137,2.130000114440918,8.550000190734863,2.130000114440918,10.0,2.130000114440918,13.130000114440918,5318159.7,4260791.76,979791.619047619,46631992.60712685,1,True,0,0,902743381.9506054,0,0.1547695849708812,0.5757142645972115,0.1273704130589843,2.3439670116202254,3.543424381329648,-14.86144764230068,-17.474116495503207,2.6600000858306885,2.4200000762939453,9533400.0,False,False,False,0.9867256235727192,1.1769910878923766,1.1769910878923766,1.0,4.948908556845313,0.2985520464667013,0.3442498051432026,False,False,0.3139534609713643,1.295961989395723,-0.0022075559423118,0.892151692116882,-0.4650887475795576,0.4862053385858395,-0.3651685318009536,0.5051513679351965,5.427847714363366,99.0,95.0,95.0,40.0,40.0,10.0,10.0,98.0,95.0,94.0,92.0,100.0,CRVO
2026-06-16,679.489990234375,700.8699951171875,665.9600219726562,693.0980224609375,2140217.0,-0.0193675707238767,681.6786618685671,662.4363391901627,663.44919921875,636.8860005696614,555.1926000976563,483.7791998291016,486.75300048828126,457.4599914550781,785.6599731445312,361.8070068359375,785.6599731445312,342.7200012207031,785.6599731445312,342.7200012207031,785.6599731445312,342.7200012207031,785.6599731445312,342.7200012207031,785.6599731445312,3301182.925,3500098.34,3188010.781746032,2543714078.5387816,-1,False,468,468,5086866964.416504,271,0.0525098680024045,42.0489240373884,0.0618830661845137,3.617816348103109,-0.319151636275489,3.253438349224602,1.9906436216988084,697.4949951171875,668.8599853515625,2546000.0,False,False,True,0.0513767290854274,0.2196647660904336,0.2536755472405594,0.8659280268828057,1.087732780673814,0.2238815685130804,0.864865226002006,False,False,0.1437684666838652,1.128107274359561,0.5685364060184721,1.4024684363067863,0.3461111610554639,1.2235420920267357,0.413778030746927,1.124978741546277,1.0354992975249555,55.0,85.0,85.0,93.0,93.0,85.0,85.0,93.0,93.0,92.0,91.0,65.38461538461539,CRWD
2026-06-16,5.269999980926514,6.789999961853027,5.080100059509277,5.960000038146973,988359.0,-0.3733650325156454,4.035677644498773,3.335667016822443,2.788360013961792,2.682033348083496,2.676900010108948,2.898210005760193,4.634985003471375,1.7599999904632568,14.800000190734863,1.7599999904632568,14.800000190734863,1.7599999904632568,14.800000190734863,1.7599999904632568,14.800000190734863,1.7599999904632568,14.800000190734863,1.7599999904632568,76.0,3528310.7,2948121.64,701513.1111111111,38045920.03280624,-1,False,4,4,408357634.5909119,1,0.3035004189629833,1.833707085677556,0.3479520099267957,2.783990579831338,-1.7123781060841372,-7.185045267468733,-9.25435017441786,14.800000190734863,7.0,48556200.0,False,False,False,0.3244591856797567,2.4459203549840023,2.455408012004353,0.9961360161024294,4.571807932592632,0.9686951178695796,0.0693421050121909,False,False,1.3867754134721402,2.354094193562587,0.93749997260816,1.7323681787059564,0.1127533600104389,1.0114324978550964,-0.8850349048127348,0.0914806180975865,5.029571998179174,98.0,99.0,99.0,96.0,96.0,67.0,67.0,99.0,98.0,97.0,97.0,96.15384615384616,CUPR
2026-06-16,125.20999908447266,129.5,124.58000183105467,127.51000213623048,773642.0,-0.0167268518507422,123.41506786188936,118.36539561661202,114.41480010986328,112.560999806722,104.46280014038086,95.10180015563964,121.70029983520509,97.13999938964844,130.13999938964844,71.75,130.13999938964844,71.75,130.13999938964844,71.75,130.13999938964844,71.75,132.33999633789062,71.75,200.67999267578125,770223.55,932656.84,829197.3888888889,86054225.45965195,-1,False,140,140,527671906.8054199,286,0.0466845884466144,5.837142399379185,0.0466188199190159,4.260264198837052,-0.3649041102105898,-4.166669323412664,-5.344682831331295,130.13999938964844,126.02999877929688,752100.0,False,False,True,0.0392939717667919,0.1055027488304712,0.2506988229308367,0.4208346397365318,0.8406352329973799,0.1986084894930153,0.6239286608245099,False,False,0.2051010322005237,1.1886000360765183,0.56258584021269,1.39714788353622,0.029772208698175,0.9360071285298872,-0.3217961087855319,0.5396638959279563,0.9288784073863128,41.0,90.0,90.0,93.0,93.0,53.0,53.0,84.0,91.0,89.0,86.0,84.61538461538461,CVLT
2026-06-16,27.8799991607666,27.94050025939941,26.8700008392334,27.780000686645508,1232047.0,0.0039610623402843,25.73169334452146,24.12746873575972,22.798000030517574,22.418999989827476,21.56799999237061,20.115799922943115,19.583949966430666,19.309999465942383,27.94050025939941,18.459999084472656,27.94050025939941,15.739999771118164,27.94050025939941,15.739999771118164,27.94050025939941,15.739999771118164,27.94050025939941,15.739999771118164,27.94050025939941,1082838.675,1033938.94,1052200.9801587302,26637223.91114264,1,False,88,88,63725309.10873413,40,0.0404642102150218,1.0621788842337472,0.0380982394622332,7.681608179991459,0.1035594894943542,1.5693340757176628,-1.1747327007700326,27.850000381469727,26.559999465942383,1493900.0,False,True,False,0.0383966805017859,0.2442790998436152,0.258267600610762,0.9458371830842652,1.2994236390787255,0.292655747896364,0.9978346451183364,False,False,0.3442622694524502,1.325855790738066,0.3747533637474547,1.229202072049121,0.4751322605018466,1.3408152790408296,0.3527413068956251,1.0764102850467316,1.0291177212519305,54.0,95.0,95.0,89.0,89.0,89.0,89.0,92.0,85.0,89.0,87.0,100.0,CXW
2026-06-16,14.710000038146973,14.9399995803833,14.5649995803833,14.850000381469728,481475.0,-0.0080916983261247,14.919898068013628,14.596453016738815,14.571199951171875,14.2896666208903,12.60780002593994,10.595600013732913,10.095950021743777,10.989999771118164,16.729999542236328,7.800000190734863,16.729999542236328,7.610000133514404,16.729999542236328,7.610000133514404,16.729999542236328,7.610000133514404,16.729999542236328,6.159999847412109,16.729999542236328,827604.375,756489.5,616835.2182539683,15536968.369778397,-1,False,314,314,84795375.0,314,0.0452452424564966,0.7096428871154785,0.048242208380366,3.456269048843577,-0.1690989760312425,-0.2836102428557705,1.2393301607687937,14.949999809265137,14.399999618530272,545000.0,True,False,True,0.0254928619325305,0.1658735264483839,0.2549286193253056,0.6506665547688802,1.2436887755877644,0.1667380516729213,0.8792588428356084,False,False,0.1194824698480341,1.104153816563153,0.7595694548142589,1.5732759612067788,0.5648936845858019,1.4224035488541995,1.2053972818423555,1.7548900922062134,1.341694427472285,79.0,81.0,81.0,95.0,95.0,91.0,91.0,87.0,93.0,92.0,90.0,53.84615384615385,CYRX
2026-06-16,231.1100006103516,236.5200042724609,225.19000244140625,231.6999969482422,3950158.0,-0.0084945547155478,233.0764216764078,226.14387963826545,228.0135998535156,219.3663335164388,181.7256002807617,151.86005020141602,150.55070037841796,140.71400451660156,278.7049865722656,100.79499816894533,278.7049865722656,98.01000213623048,278.7049865722656,98.01000213623048,278.7049865722656,98.01000213623048,278.7049865722656,98.01000213623048,278.7049865722656,6406178.95,6128955.16,5714937.928571428,1454912146.9903946,-1,False,343,343,4901317989.044189,40,0.0547656410103072,15.67914036342076,0.067842760252749,4.00562383949751,-0.1262821609887726,3.568221276083525,2.8831232719837634,238.6699981689453,228.25,5812800.0,False,True,True,0.049024281948564,0.1865778644891976,0.3098307311654378,0.6021928934788983,0.9278670917866528,0.2717525778057255,0.8292280789544714,False,False,0.1112126423596699,1.095997224718677,0.7933577199269113,1.6034869114634875,0.5829452096599421,1.4388114068324134,0.918721514867787,1.526774973319779,1.1209533734343398,64.0,79.0,79.0,96.0,96.0,91.0,91.0,96.0,96.0,95.0,94.0,53.84615384615385,DDOG
2026-06-16,404.0799865722656,421.8200073242188,402.2699890136719,413.1400146484375,6276127.0,-0.0121984517628009,391.7544581236887,363.391494171977,339.0639978027344,322.3163314819336,272.90336517333986,205.92342720031735,169.965050239563,210.94000244140625,469.4700012207031,154.8907446648073,469.4700012207031,110.85698684434615,469.4700012207031,109.8800132652644,469.4700012207031,109.8800132652644,469.4700012207031,109.33750123841833,469.4700012207031,9154500.675,8748474.54,7440433.043650794,4674173184.948824,-1,False,18,18,17607928183.19702,18,0.0702459291548507,36.569287981305806,0.0905001217494491,5.311270086177673,-0.1364538668213616,16.476173155477863,13.92095289985232,415.9100036621094,394.1000061035156,7036600.0,False,False,True,0.0483815555340565,0.1953325957697868,0.5993862725119824,0.3258876699847708,1.0639926603707073,0.4806705894432865,0.8607152438315289,True,False,0.669820973592566,1.6469567417341628,1.6490443076797496,2.3685781303154907,2.132047711305232,2.84686162620715,2.7442872364612425,2.9794235386700305,1.2303720255653514,73.0,98.0,98.0,98.0,98.0,98.0,98.0,97.0,97.0,98.0,98.0,73.07692307692307,DELL
2026-06-16,6.730000019073486,7.150000095367432,6.699999809265137,6.869999885559082,5889746.0,-0.0413105359887412,6.718554390712417,6.759127249376128,7.343199977874756,7.1726666450500485,5.532999982833863,4.016100002527237,3.683675007224083,4.710000038146973,9.199999809265137,1.8600000143051147,9.199999809265137,1.8600000143051147,9.199999809265137,1.8600000143051147,9.199999809265137,1.8600000143051147,9.199999809265137,1.8600000143051147,9.199999809265137,14423096.15,12050938.92,4859052.166666667,76760143.02751108,-1,False,42,42,591929640.4659748,42,0.1136653018464666,0.8100000790187291,0.1203566235844143,1.79747764944351,-0.3580246093362688,4.084089722670329,4.309281755815971,7.650000095367432,6.760000228881836,11520600.0,False,True,True,0.0668648268687889,0.4323923203569151,0.4754829534967574,0.9093750200234336,0.7809959591098815,0.2163383408554704,0.7315217563695857,True,True,-0.1074270486575009,0.8803512849286877,1.815899465972333,2.517767586194505,1.0965731897493978,1.9056714043302168,1.977876127200321,2.3695709405589094,2.9682941559967477,95.0,16.0,16.0,99.0,99.0,96.0,96.0,91.0,99.0,98.0,98.0,23.07692307692308,DGXX
2026-06-16,174.17999267578125,185.9900054931641,172.91009521484375,180.6999969482422,1516908.0,-0.0392189358136813,172.11408067523033,165.09263337495338,164.07559936523438,163.09166615804037,134.1139991760254,100.80339973449708,72.02044981956482,129.50999450683594,185.9900054931641,72.16999816894531,185.9900054931641,51.02999877929688,185.9900054931641,47.20000076293945,185.9900054931641,41.959999084472656,185.9900054931641,25.559999465942383,185.9900054931641,3479675.2,4096572.16,3097494.476190476,482975882.7805176,-1,False,69,69,2283942117.874145,42,0.0829223498081792,14.262063162667411,0.081881179023901,3.6485282700790975,-0.4985253906996293,9.215752202821124,10.001600977636674,185.91799926757807,172.2449951171875,3405500.0,False,False,True,0.0750942176388034,0.1853255261032355,0.2685727451279275,0.6900384698937364,0.6745544059939127,0.2987457964561104,0.9365018954321344,False,False,0.1246852080287224,1.109285315602674,1.244876928686249,2.007201760695829,2.65463687019376,3.321866849576378,5.504107102679811,5.17548162733101,1.1233838273957335,65.0,82.0,82.0,98.0,98.0,99.0,99.0,88.0,96.0,98.0,98.0,84.61538461538461,DOCN
2026-06-16,5.340000152587891,5.590000152587891,4.699999809265137,4.820000171661377,272130.0,0.0308880945080232,3.990689022065665,3.2429038468576934,2.5990799951553343,2.520400003592173,2.4739400029182432,3.0741099870204924,8.493454996943473,1.6699999570846558,19.899999618530277,1.6699999570846558,19.899999618530277,1.6699999570846558,19.899999618530277,1.6699999570846558,19.899999618530277,1.6699999570846558,19.899999618530277,1.6699999570846558,146.60000610351562,3640953.25,2915246.6,602863.253968254,48551519.87035298,1,False,6,6,817831418.3348656,6,0.2631051965374007,2.033571353980473,0.3808185947326155,3.0421315589756084,0.0786794738901519,-14.941562298429156,-16.585475492668042,5.420000076293945,4.760000228881836,760400.0,False,False,False,0.1666667261968969,3.404494207946714,3.4138575169536143,0.9972572642647208,4.979833609959446,1.158500265280832,0.0364256475461349,False,False,1.592233155784787,2.5567386801240897,0.7800000508626301,1.591543478608882,-0.2100591757714816,0.7180133978653354,-0.7998500715327219,0.1592643326963689,6.039434691091204,99.0,99.0,99.0,95.0,95.0,25.0,25.0,99.0,98.0,97.0,97.0,96.15384615384616,DSY
2026-06-16,3.0299999713897705,3.200000047683716,2.630000114440918,2.75,385239.0,0.1222221918066839,2.9176361382415914,2.774143059789059,2.4887199926376344,2.399933326244354,2.428819999694824,7.2854099941253665,21.44545496463776,1.5,7.679999828338623,1.5,7.679999828338623,1.5,17.0,1.5,62.0,1.5,62.0,1.5,62.0,2598855.975,2088746.78,902685.488095238,22375984.08411204,1,False,14,14,378410655.4189682,14,0.3617759112176366,1.528499960899353,0.5044554374032801,0.4906664525177315,0.2158978947646725,-10.153401161494209,-9.542201842947309,3.900000095367432,2.5,7367100.0,True,False,True,0.188118791625386,1.782178187438079,2.039603923000713,0.8737864088906522,0.7716655342970774,0.247519359923948,0.0488709672804801,False,False,0.7022472022985695,1.678938970261014,-0.2751195943005409,0.6481340727508602,-0.92078431447347,0.0720027649978521,-0.904566930034968,0.075938494315433,2.879027091134323,95.0,98.0,98.0,10.0,10.0,1.0,1.0,98.0,94.0,93.0,91.0,73.07692307692307,DXST
2026-06-16,6.150000095367432,7.800000190734863,5.579999923706055,7.0,201383.0,-0.1666666666666666,5.344671391691201,4.375867612229457,3.543520040512085,3.3841000398000083,3.0783400201797484,3.1181299972534178,7.105945031642914,2.0,17.489999771118164,2.0,17.489999771118164,2.0,17.489999771118164,2.0,17.489999771118164,2.0,18.07999992370605,2.0,110.08000183105467,3773597.075,3025527.66,748853.9166666666,39346062.85532725,-1,False,5,5,391069277.2473335,5,0.3434798855808716,2.309857198170253,0.3755865304636634,2.6567247125105315,-0.5325004593564604,-6.620717230024519,-8.576305572284404,8.300000190734863,6.900000095367432,447700.0,False,False,True,0.360975647577803,2.421138152128109,2.4894308076342018,0.9725669597657972,4.674840189694383,0.9978300171689044,0.0558684592393643,False,False,1.7212389917341544,2.683978087581493,0.8468469177989999,1.6513129685515684,-0.409562223584614,0.5366759396010455,-0.9255087175723,0.0592745871976864,5.039163167894229,98.0,99.0,99.0,96.0,96.0,13.0,13.0,99.0,98.0,97.0,97.0,92.3076923076923,EDHL
2026-06-16,42.54999923706055,44.02000045776367,40.95000076293945,42.5099983215332,3453842.0,0.0044853310663681,40.1691826472469,39.78975866079272,39.89160018920899,40.0233336130778,41.66960021972656,35.68410018920898,27.987875080108644,33.45000076293945,47.36000061035156,28.959999084472656,48.52999877929688,25.290000915527344,48.52999877929688,14.78499984741211,48.52999877929688,14.78499984741211,48.52999877929688,14.78499984741211,48.52999877929688,1114868.55,1167608.84,866403.7380952381,64615681.64377861,1,False,159,159,283510373.5645294,4,0.0699930730605378,3.314071655273437,0.0778865267848682,0.2712675703912004,0.057330874667919,-0.3989278843387005,1.4479742631663368,47.0,41.41999816894531,2790500.0,False,True,False,0.0721504054023645,0.3269095204894073,0.3269095204894073,1.0,2.083732254031238,0.0211280888871403,0.8767772575179329,False,False,0.029269450411381,1.0151760501420424,0.5311262265301411,1.3690190399602038,1.5237246557948554,2.2939289372131286,0.9420355788859728,1.5453265605061008,1.286777169788076,76.0,56.0,56.0,92.0,92.0,98.0,98.0,83.0,83.0,87.0,96.0,80.76923076923077,ELVN
2026-06-16,22.649999618530277,23.5492000579834,22.31999969482422,22.96999931335449,791134.0,-0.0147890454968609,21.24699402049653,20.308765787001747,18.773765754699703,19.211806201934813,20.467123126983644,20.488041772842408,19.60053365707397,15.616179079745509,25.047437446398565,15.616179079745509,25.047437446398565,15.616179079745509,25.047437446398565,15.616179079745509,25.047437446398565,15.616179079745509,25.047437446398565,15.616179079745509,26.453610257123405,844173.35,773010.68,769000.9285714285,15616250.70895977,-1,False,315,315,58075263.50727081,314,0.0489493851435365,0.9666568949651329,0.0426780093265121,2.4990112288628907,-0.3517278512766977,-0.8184697836608112,-1.0401834103653544,23.3799991607666,22.739999771118164,856100.0,False,False,False,0.0542693326208073,0.2402288235374296,0.3502437576973634,0.6858903785089159,1.087544353203503,0.1066528245324691,0.8562158207661316,False,False,0.4322088308900909,1.412598132918876,0.1107636418602118,0.9931621235750754,0.3206001367627138,1.2003539535312329,0.0070517485247798,0.8013364079004998,1.097753355861636,62.0,97.0,97.0,66.0,66.0,84.0,84.0,92.0,82.0,78.0,74.0,92.3076923076923,EPC
2026-06-16,13.380000114440918,14.520000457763672,13.324999809265137,14.460000038146973,3917104.0,-0.0727650844441248,13.44424019355564,13.059990265120325,12.249799995422364,11.936499945322671,13.89549991607666,13.674499969482422,8.425774999260902,9.770000457763672,15.029999732971191,8.699999809265137,24.280000686645508,8.699999809265137,24.280000686645508,3.319999933242798,24.280000686645508,2.2100000381469727,24.280000686645508,1.2100000381469729,24.280000686645508,7302040.1,6977002.08,3868832.952380952,64782165.896915816,-1,False,49,49,213928916.15695956,160,0.082474344028196,1.1153568540300642,0.0833600033251322,-0.4450374959022682,-0.9414029123871424,3.1808756818521307,7.892406584030832,14.489999771118164,13.850000381469728,2916400.0,False,False,True,0.0893124542808322,0.2088938753653167,0.3707025407865048,0.5635080755640762,0.6808512231373737,-0.0370983271382215,0.5510708293266313,False,False,0.3079179582754883,1.2900091285729596,0.0014970402902425,0.8954640661653791,2.7166667969138567,3.3782486912125944,8.040540501355602,7.193785484656273,1.8874012369818625,90.0,95.0,95.0,41.0,42.0,99.0,99.0,89.0,86.0,82.0,98.0,76.92307692307693,ERAS
2026-06-16,73.33999633789062,74.6698989868164,72.2249984741211,72.44999694824219,3358458.0,0.0159300991493631,69.61947356826342,67.460924871074,65.00560104370118,64.71066741943359,63.14580032348633,57.93380016326904,59.35232507705688,56.290000915527344,74.6698989868164,46.90499877929688,74.6698989868164,44.0,74.6698989868164,44.0,74.6698989868164,44.0,74.6698989868164,44.0,76.51499938964844,3223023.95,3079557.16,4287773.642857143,200335204.9090996,1,False,260,260,1916804767.5750728,260,0.0408000194608397,2.7557065146309987,0.0375744021302504,4.296515956445954,0.4173136327757182,-1.7284110761799392,-2.169235662483451,72.66000366210938,70.26000213623047,4122500.0,False,False,False,0.0333365235175526,0.1195786460164655,0.2448854758541198,0.4883043618630099,0.9028914404043727,0.1614390183065379,0.9585048281110312,False,False,0.2629584419375745,1.24566522601763,0.3353969188469667,1.194012470120601,0.3616783421238048,1.2376918159443224,0.3098766590338657,1.042301806516428,0.7516777279904052,23.0,93.0,93.0,87.0,87.0,86.0,86.0,85.0,87.0,87.0,84.0,100.0,ETSY
2026-06-16,9.140000343322754,9.210000038146973,8.760000228881836,9.119999885559082,1391728.0,-0.0086767810617249,9.218302446532125,8.801907359775326,8.960400047302246,8.622000026702882,6.589400014877319,4.7956073236465455,3.6820472753047935,3.799999952316284,10.119999885559082,2.940000057220459,10.119999885559082,2.802814583526525,10.119999885559082,2.79298012875563,10.119999885559082,2.4780306776022702,10.119999885559082,1.8875624864489975,10.119999885559082,3518805.7,2881108.56,832085.8253968254,23556849.055923466,-1,False,41,41,310140009.3077183,41,0.0860727386609936,0.6628571919032505,0.0725226659742417,5.337314301439984,-0.1206895311437328,9.809017003507812,11.02167401841912,9.8100004196167,9.06999969482422,2498900.0,False,True,True,0.0492341129498846,0.1772429735647541,0.2910284187631762,0.6090229068281652,0.7049761429329827,0.3870762622828751,0.903162099474452,True,True,0.1673052914918364,1.1513218182595004,1.865203817985729,2.561851865785356,1.969288005664087,2.6989218746477937,3.7433218672355295,3.7743805243121344,4.228897539892434,97.0,87.0,87.0,99.0,99.0,98.0,98.0,98.0,98.0,98.0,97.0,57.692307692307686,EVC
2026-06-16,31.51000022888184,32.20000076293945,31.290000915527344,31.86000061035156,1777889.0,-0.0050520949487421,29.935575764126494,28.222679073010937,27.12960006713867,26.578666750590006,23.306600074768067,18.99370000839233,18.88510000228882,22.32999992370605,32.20000076293945,14.800000190734863,32.20000076293945,13.479999542236328,32.20000076293945,13.479999542236328,32.20000076293945,13.479999542236328,32.20000076293945,13.479999542236328,32.20000076293945,2779239.725,2650761.78,1743320.988095238,57251829.029038906,-1,False,48,48,181632498.1710434,48,0.0468405531142792,1.5150000708443778,0.048079976510306,7.32066823766137,-0.1056104553994735,9.656787069685102,5.69564340061569,32.060001373291016,31.1200008392334,2280600.0,False,False,False,0.028879715671281,0.146302779335624,0.2856236094771801,0.5122222900390625,0.7806506475281985,0.3519775569065024,0.9785714124935124,True,False,0.2777777949657443,1.2602816632069247,1.093687696315123,1.8720196090439023,0.863394471508768,1.6937245867222632,0.95957713795931,1.5592848203049583,1.5942214566214867,87.0,94.0,94.0,97.0,97.0,95.0,95.0,91.0,95.0,95.0,94.0,96.15384615384616,EXTR
2026-06-16,16.709999084472656,17.209999084472656,16.299999237060547,16.90999984741211,2769348.0,-0.0164803231558301,16.224335820264013,15.818983887128784,15.750800018310548,15.565666739145914,14.251300048828124,12.82805004119873,13.687975034713745,12.399999618530272,17.25,10.4350004196167,17.25,8.819999694824219,17.25,8.819999694824219,17.25,8.819999694824219,17.25,8.819999694824219,18.549999237060547,1435723.7,1338424.96,1021376.7777777778,26163595.19896946,-1,False,1,1,235092325.83293915,1,0.0437196588410979,0.778571469443185,0.0465931485398256,3.7027878333513664,-0.3596338905736648,-3.352307655841916,-4.160383609241689,17.25,16.479999542236328,13837100.0,False,False,False,0.0544584019910392,0.1077199455030172,0.1639736637486856,0.6569344310566504,1.856125576139883,0.1725245435307993,0.900808613031541,False,False,0.1237390190366094,1.1083520824212971,0.5646066111416304,1.3989547064024097,0.1500343696878847,1.0453189151832505,-0.0596511730998804,0.7482592153039183,1.4056749000341695,81.0,82.0,82.0,93.0,93.0,71.0,71.0,88.0,88.0,91.0,90.0,92.3076923076923,FA
2026-06-16,19.75,20.87989997863769,16.951900482177734,17.0,14265772.0,0.1285714285714285,18.56501681638464,18.75262736690368,20.335599899291992,19.222333240509037,15.31379997253418,11.424699993133546,9.622249999046325,11.720000267028809,27.690000534057617,6.179999828338623,27.690000534057617,6.179999828338623,27.690000534057617,6.179999828338623,27.690000534057617,5.710000038146973,27.690000534057617,3.7799999713897705,27.690000534057617,11564689.3,9709037.44,4027522.111111111,232182890.38313252,1,False,26,26,589848867.234993,26,0.1689839876171865,3.0969997133527483,0.1568101120684935,1.8473708430761369,0.7265095925902415,1.3478669848501583,3.919743131460556,18.6200008392334,16.700000762939453,7418700.0,False,False,True,0.1988860504536689,0.450632843790175,0.6394936766805528,0.7046713051633196,1.142486808661436,0.2896864289348364,0.7132538685114242,False,False,-0.0753745582559262,0.9119648926094376,1.8093882518587323,2.511945743461801,1.2545661511382145,2.049278443701022,2.2752901016279914,2.606230721226989,2.871415471089627,95.0,20.0,20.0,99.0,99.0,97.0,97.0,96.0,98.0,97.0,97.0,46.15384615384615,FCEL
2026-06-16,146.92999267578125,149.75999450683594,142.17999267578125,149.4499969482422,5583992.0,-0.0153465254402112,148.52588473250108,144.07974138430166,144.67520111083985,142.27700068155926,118.72340042114256,91.53709991455078,76.2257500076294,92.62999725341795,166.86000061035156,60.290000915527344,166.86000061035156,58.52999877929688,166.86000061035156,55.15999984741211,166.86000061035156,53.06999969482422,166.86000061035156,43.150001525878906,166.86000061035156,6042772.3,5541933.84,4567470.603174604,809082747.0423645,-1,False,354,354,2536777197.555542,41,0.0598360762056802,9.69428471156529,0.0659789368734054,3.6008827485074204,-0.2362225386458779,10.216354307492969,10.751249070903894,155.6999969482422,145.32000732421875,4655900.0,False,False,True,0.0515892071660336,0.1979173979489893,0.310079628596507,0.6382792666671132,0.9401500181027064,0.2375824155523056,0.8805585049642275,False,False,0.0657913247154637,1.0511978441290146,1.2469795694636605,2.0090817854832013,1.1356102639304644,1.9411539891211005,2.406677232484521,2.710778766190076,1.3230019030226474,78.0,68.0,68.0,98.0,98.0,97.0,97.0,95.0,97.0,96.0,95.0,57.692307692307686,FLEX
2026-06-16,140.24000549316406,154.76499938964844,139.9600067138672,152.58999633789062,1146277.0,-0.0809960689121284,132.97049707381555,130.53021987675524,127.57240020751954,130.91266606648762,132.063798828125,111.64479942321778,80.5008496761322,112.30999755859376,157.6300048828125,90.6999969482422,159.08999633789062,81.01000213623047,159.08999633789062,55.720001220703125,159.08999633789062,47.33000183105469,159.08999633789062,26.07999992370605,159.08999633789062,1970861.925,1953537.54,1262054.6706349207,195832269.47850263,-1,False,495,495,629369459.0881348,47,0.0763335031579215,11.606069837297712,0.0827586236643683,0.7480916637367462,-1.064960041049468,1.5803694497156986,5.033637791077028,152.89999389648438,146.4499969482422,1739600.0,False,False,False,0.105568968167952,0.295671667952921,0.3027310337143714,0.976681063468006,0.7457689807179236,0.0619110364656405,0.8815136634695048,False,False,0.1106360118911491,1.0954284898347353,0.4807307237758793,1.3239591346411612,1.52958169132424,2.299252665083477,3.1700862634264464,3.318242535067839,1.5616295956564934,86.0,79.0,79.0,91.0,91.0,98.0,98.0,81.0,86.0,88.0,95.0,84.61538461538461,FORM
2026-06-16,59.369998931884766,62.25,59.0099983215332,60.27000045776367,2915078.0,-0.0188398516157742,57.769030665959335,54.56396821885755,52.54359985351562,50.710666529337566,44.20339977264404,39.1537361564217,0.0,39.36000061035156,65.55999755859375,27.270000457763672,65.55999755859375,27.270000457763672,65.55999755859375,25.950000762939453,65.55999755859375,25.950000762939453,65.55999755859375,0.0,0.0,6070141.95,5597981.56,0.0,390512454.51235616,-1,False,18,18,1753197631.1058044,18,0.0823080770630801,5.012856347220285,0.0844341660334462,4.063631494716645,-0.2274151323487629,3.994470436404676,3.1890863191511847,62.0,60.040000915527344,4619200.0,False,True,True,0.0545730459281977,0.2314299833411389,0.4008758575920862,0.5773108531186032,1.0714018500625428,0.3431093363236466,0.0,False,False,0.3187471863218616,1.3006900760642222,0.649166636996799,1.474561983849155,0.0,0.0,0.0,0.0,0.0,0.0,95.0,95.0,94.0,94.0,0.0,0.0,94.0,95.0,94.0,94.0,76.92307692307693,FPS
2026-06-16,78.4800033569336,82.6594009399414,78.0999984741211,80.38999938964844,2487491.0,-0.0237591248565277,79.92430690139582,77.1113336191272,76.39080078125,73.81900087992351,62.65480056762695,54.62270027160645,55.008800144195554,51.619998931884766,89.16000366210938,41.0,89.16000366210938,34.04999923706055,89.16000366210938,34.04999923706055,89.16000366210938,34.04999923706055,89.16000366210938,34.04999923706055,89.16000366210938,2593232.275,2639137.82,2120919.8055555555,193188766.24085277,-1,False,116,116,648798993.0648804,39,0.0563189645390787,5.084529876708984,0.0647875848524638,3.8985502942709056,-0.3756485022271339,1.6355650922931826,0.4831895675714798,80.58999633789062,78.19999694824219,2307000.0,False,False,True,0.0580963592099221,0.1437308651478326,0.2777141292822624,0.5175497030680345,0.854358223702012,0.2525776579916743,0.880215344700412,False,False,0.1862152208718819,1.1699728210739984,0.7905544165715386,1.6009804063812862,0.1377210718712598,1.0341267947951474,0.9292036078708794,1.5351158383911934,1.2226922810599743,72.0,89.0,89.0,96.0,96.0,70.0,70.0,94.0,94.0,95.0,94.0,53.84615384615385,FROG
2026-06-16,147.02000427246094,148.8800048828125,144.33230590820312,148.8800048828125,5072650.0,-0.0165228518960491,143.99438460353463,137.47445376044462,135.93200012207032,130.52166671752929,111.61899978637696,96.68199996948242,89.22930004119873,87.29000091552734,150.07000732421875,76.01000213623047,150.07000732421875,74.30999755859375,150.07000732421875,73.55000305175781,150.07000732421875,73.55000305175781,150.07000732421875,70.12000274658203,150.07000732421875,6256756.25,6282319.0,6283124.404761905,893336963.3798599,-1,False,313,313,1955347519.107056,40,0.0409384421301357,6.359837123325893,0.0432583113760471,7.331754192636931,-0.3883749179116448,9.85048814662844,7.968979029516161,149.5,143.97999572753906,5207300.0,True,False,True,0.0309325183135042,0.1157665880686485,0.1789552742715879,0.6469023533386206,0.9980176110127488,0.3171593057977273,0.9796761317858242,False,False,0.1974263376296059,1.1810304282178212,0.7679172414400508,1.5807399302997345,0.7881294343187273,1.6253127469543156,0.4580978042507599,1.1602451001525265,0.99580333715151,50.0,90.0,90.0,95.0,95.0,94.0,94.0,96.0,94.0,92.0,91.0,76.92307692307693,FTNT
2026-06-16,15.979999542236328,16.690000534057617,15.899999618530272,16.670000076293945,829876.0,-0.0390859682100134,16.19770533911396,15.534128866120266,15.087999954223632,15.111999956766764,13.181800022125245,12.326799993515015,12.397625021934507,13.0,17.555999755859375,8.550000190734863,17.555999755859375,8.550000190734863,17.555999755859375,8.550000190734863,18.670000076293945,8.550000190734863,18.670000076293945,4.355000019073486,18.670000076293945,1441861.9,1330009.52,1613506.650793651,18980209.22529907,-1,False,354,354,61437197.87092209,42,0.063530389684566,1.1312144143240792,0.0707893896576276,2.9987191363122374,-0.5746033734185219,-4.414097490780121,-4.344211677470849,17.08099937438965,16.3799991607666,948700.0,False,False,True,0.0494368547032377,0.1931163690383119,0.2851063758680048,0.6773484754606774,0.912427754652463,0.2122774974141916,0.8559185579504512,False,False,0.1698389253835712,1.153820760053303,0.6474226656141511,1.473002654522401,0.016539393816223,0.9239792169632296,1.703891701322751,2.151554641024119,0.8936200537449149,36.0,87.0,87.0,94.0,94.0,50.0,49.0,78.0,93.0,91.0,89.0,69.23076923076923,FTRE
2026-06-16,2.640000104904175,2.640000104904175,2.4649999141693115,2.559999942779541,3234477.0,0.0114943337218977,2.7009642286559146,2.6738606376636183,2.7548000049591064,2.5570000052452087,2.068600001335144,1.6251600009202958,1.503580001890659,1.3200000524520874,3.930000066757202,1.059999942779541,3.930000066757202,1.0399999618530271,3.930000066757202,0.9549999833106996,3.930000066757202,0.9549999833106996,3.930000066757202,0.9549999833106996,3.930000066757202,8173634.425,6753481.54,2573232.448412698,28168292.391099345,1,False,138,138,220101460.3340864,138,0.1558972333331063,0.3610714503696987,0.13676948334167,2.019642903073304,0.0830866294680252,3.6473191612635993,1.915018869338004,2.740000009536743,2.539999961853028,3969600.0,False,True,True,0.0662879484018866,0.4469696141854714,0.6704545115882714,0.6666665768668242,0.7640352119774951,0.2762255163880063,0.6717557404731911,False,False,0.4426229743133951,1.42286967938502,1.237288323944591,2.0004165955030118,0.8206896676461559,1.654908234425858,0.9270073691353924,1.5333682359846983,3.1764073354670765,95.0,97.0,97.0,98.0,98.0,95.0,95.0,98.0,97.0,96.0,96.0,50.0,GCTS
2026-06-16,1.2300000190734863,1.350000023841858,1.0499999523162842,1.149999976158142,2052706.0,0.0603448745399266,0.8869167893492278,0.7301155915865396,0.5810799968242645,0.5639333297808965,0.6138799959421157,0.7033599969744683,0.9194349984824658,0.3869999945163727,2.009999990463257,0.3869999945163727,2.009999990463257,0.3869999945163727,2.009999990463257,0.3869999945163727,2.009999990463257,0.3869999945163727,2.009999990463257,0.3869999945163727,2.119999885559082,5662120.15,4536006.12,1739648.8333333333,15697343.068370093,1,False,5,5,234652117.6121235,5,0.285413432512267,0.2678571513720921,0.2177700383889904,4.6087559765018415,0.2613335208468907,-8.01793023596079,-10.01544885880361,1.9600000381469729,1.0800000429153442,60616100.0,False,False,False,0.2439024933930917,1.2601625675470838,1.3195121713651925,0.9550215563705604,4.904171205130561,1.0036489659282952,0.5801887195617057,False,False,1.821101029055077,2.782472751506545,0.5530303355282442,1.3886040629009473,0.2178218125619209,1.1069340269710526,-0.4142856786040205,0.4660676187205725,3.254748913406183,95.0,99.0,99.0,93.0,93.0,77.0,77.0,99.0,98.0,97.0,97.0,96.15384615384616,GELS
2026-06-16,6.869999885559082,7.150000095367432,6.710000038146973,6.829999923706055,5408002.0,0.0,6.577853000773271,6.121236378045908,5.71,5.50233333905538,5.071600008010864,5.5762000036239625,8.40439997434616,4.01200008392334,7.21999979019165,3.825000047683716,7.21999979019165,3.825000047683716,7.21999979019165,3.825000047683716,11.470000267028809,3.825000047683716,11.574999809265137,3.825000047683716,13.729999542236328,6270350.05,6006496.04,5836464.69047619,41172122.7652256,-1,False,354,354,401407060.4255676,354,0.071200839685583,0.4507857731410435,0.0656165619578257,5.404155028427875,0.0,-11.334587873242697,-14.23315011806478,7.050000190734863,6.769999980926514,4563200.0,False,True,False,0.0640465887263478,0.2212518204143777,0.3413391308958972,0.6481876831222608,1.1784375038062955,0.3546020732525334,0.5003641744069646,False,False,0.6202830793425584,1.5980971512770898,0.3767535472290504,1.2309904871531612,-0.3731751951051447,0.5697497764701329,-0.2975460047919698,0.5589603136680387,1.0743404410947288,60.0,98.0,98.0,89.0,89.0,14.0,14.0,96.0,92.0,90.0,88.0,84.61538461538461,GENI
2026-06-16,79.91999816894531,84.83000183105469,79.8499984741211,83.32499694824219,2014023.0,-0.0483449038544612,80.08696324438581,78.41342114252807,78.40559906005859,77.55066604614258,68.96669967651367,56.97579998016357,46.383674974441526,65.51000213623047,92.5500030517578,40.540000915527344,92.5500030517578,40.540000915527344,92.5500030517578,34.880001068115234,92.5500030517578,32.02000045776367,92.5500030517578,31.51000022888184,92.5500030517578,5478515.575,5088898.46,3752226.6785714286,512862887.1963509,-1,False,179,179,1926016445.1618197,179,0.0637459218885427,5.179000854492188,0.0648023144788384,2.45084001084982,-0.7839359950031083,5.0120233200027045,8.009993079541701,86.0,82.54000091552734,2067100.0,False,False,True,0.0623123557436301,0.2254129104403378,0.3383383575455878,0.6662351619708553,0.7090183324270927,0.1588201051204099,0.8635331770248643,False,False,0.1251583773395701,1.109752005983743,0.847861229339776,1.6522198903896983,1.0635166308687904,1.875624783829522,1.1764704660163674,1.73187229722204,1.4600705246000265,83.0,82.0,82.0,96.0,96.0,96.0,96.0,77.0,94.0,92.0,94.0,57.692307692307686,GFS
2026-06-16,54.43999862670898,56.20000076293945,54.119998931884766,55.709999084472656,985303.0,-0.027162267380834,52.18581600550603,49.75993182223954,47.47720001220703,46.57553901672363,45.866336517333984,45.89108280181885,44.457817001342775,39.29773291222049,56.59999847412109,38.65646471513708,56.59999847412109,38.65646471513708,56.59999847412109,38.65646471513708,56.59999847412109,38.65646471513708,56.59999847412109,24.848215499567505,60.42452151186138,1321627.575,1230920.06,1795702.392857143,77252663.4426035,-1,False,232,232,692747934.9029541,232,0.0465815482026472,2.2342861720493863,0.0410412606247424,4.554614439072945,-0.6803069708700117,-6.522191137060728,-7.846511063030106,56.59999847412109,55.52000045776367,1229800.0,False,False,False,0.0382072351859724,0.1761572445720619,0.3093313845956998,0.5694774385803165,1.1192930757826791,0.186927118239208,0.9009587045885398,False,False,0.3346407797207369,1.3163660444540206,0.3404529567960896,1.1985332027023927,0.1604973760341197,1.0548292209025218,0.0445614346098357,0.8311838086452038,0.7359947729964083,21.0,95.0,95.0,87.0,87.0,72.0,72.0,90.0,80.0,75.0,71.0,88.46153846153845,GGAL
2026-06-16,127.33999633789062,133.10000610351562,126.76499938964844,130.19000244140625,2581492.0,-0.0191034574519352,128.31119153958244,123.17911003785186,119.93759979248048,115.49599965413412,104.29879974365234,100.74179977416992,93.27459980010988,87.56999969482422,135.0,74.55000305175781,135.0,74.55000305175781,135.0,74.55000305175781,135.0,74.55000305175781,135.0,40.34999847412109,135.0,2238867.3,2292751.84,2325088.4603174604,319712409.7197097,-1,False,229,229,1025325954.6325684,229,0.0578350966940148,6.463214874267578,0.0507555760965921,4.3525318447243215,-0.3837116720661656,-4.671678916759086,-3.121073776000932,135.0,128.52999877929688,1649000.0,False,False,True,0.0497487584109673,0.0961206079454508,0.3268415575900075,0.2940893093711946,0.9152840544661826,0.220915261257746,0.9432592321325232,False,False,0.341550766902059,1.3231814157743904,0.4348168601452464,1.2829063772529476,0.2475751613463344,1.1339782085139338,1.583485371731368,2.055744295841179,0.9629170408829572,46.0,95.0,95.0,90.0,90.0,80.0,80.0,92.0,90.0,88.0,85.0,53.84615384615385,GH
2026-06-16,177.4199981689453,187.8800048828125,176.2041015625,187.38999938964844,10002538.0,-0.0556738686503199,181.5116605897265,182.5613609324053,187.09466552734372,186.5452723185221,177.86170989990234,154.07662086486818,119.05320373535156,160.07466912799111,211.46588845889576,126.48614560707315,211.46588845889576,112.94576961571238,211.46588845889576,83.66537664367436,211.46588845889576,77.1276159759439,211.46588845889576,49.27139875390009,211.46588845889576,13468463.45,12820616.76,9029723.563492063,2239997510.831136,-1,False,41,41,5979214859.303284,41,0.062564968609537,14.26901383131664,0.0804250590608686,-0.0308791318388549,-0.7330574374320313,5.187232422704504,7.284257233081488,190.0,185.22999572753903,9190800.0,False,False,True,0.0658093982685892,0.2399391712521728,0.2399391712521728,1.0,0.9131225134601092,-0.0024834560018882,0.8390005568365311,False,False,-0.0736045345059573,0.91371068008854,0.3680185433305991,1.223180297213298,1.0156653821940846,1.8321305921138584,2.616117749487511,2.877435853881802,1.491569853196186,84.0,21.0,21.0,88.0,88.0,96.0,96.0,52.0,79.0,84.0,92.0,11.538461538461538,GLW
2026-06-16,2.240000009536743,2.342600107192993,1.7200000286102295,1.75,1537903.0,0.1914893697969186,1.5636570906869116,1.3885024981135936,1.1864000010490416,1.1698333283265432,1.386399997472763,1.772309986948967,2.7152900007367133,0.7200000286102295,4.789999961853027,0.7200000286102295,4.789999961853027,0.7200000286102295,4.789999961853027,0.7200000286102295,4.789999961853027,0.7200000286102295,4.789999961853027,0.7200000286102295,7.809999942779541,4771377.575,3819666.06,905415.8849206348,18330753.227828123,1,False,5,5,236891815.31085968,5,0.3474657640903342,0.6678285726479122,0.2981377543770754,2.0651370945442857,0.5390605150027197,-7.933117552828985,-8.161970648231062,3.2100000381469727,1.559999942779541,54768400.0,True,False,False,0.2779464624696695,1.816964248176284,1.816964248176284,1.0,4.980935506178779,0.6156953358482316,0.2868117830919648,False,False,1.8176100157393744,2.7790295393258937,-0.0508474113954185,0.8486615558613494,-0.0666666997803568,0.848349387292471,-0.5511021819075551,0.3571992855297847,5.269818714764696,98.0,99.0,99.0,31.0,31.0,37.0,37.0,99.0,98.0,97.0,97.0,100.0,GLXG
2026-06-16,9.880000114440918,9.890000343322754,9.5,9.600000381469728,2573535.0,0.0270270511408354,9.203081941853693,8.798287008928199,8.453000049591065,8.373500029246012,8.051500015258789,8.189849972724915,10.66349999666214,7.235000133514404,9.890000343322754,6.0,9.890000343322754,5.65500020980835,10.604999542236328,5.65500020980835,10.604999542236328,5.65500020980835,12.18000030517578,5.65500020980835,19.40999984741211,3073138.375,3113302.7,3205360.853174603,24134706.205605745,1,False,314,314,419307864.27822113,314,0.0564121723437036,0.4394284657069615,0.0444765648397796,5.10607221978974,0.591678166464574,-5.414914756151207,-7.316283010002177,9.800000190734863,9.420000076293944,2471000.0,False,False,False,0.0394737185025653,0.1649797667571338,0.2424089504071021,0.6805844688492996,0.7726885985098718,0.2271005521600757,0.5090159810463984,True,False,0.3351351333935823,1.3168536291275692,0.6888889359839176,1.510078705254676,-0.0877192812518546,0.8292137316932686,-0.2751283909401361,0.5767985729074911,0.9587495810202932,45.0,95.0,95.0,95.0,95.0,36.0,36.0,89.0,89.0,89.0,86.0,100.0,GO
2026-06-16,0.2599999904632568,0.3300000131130218,0.2199999988079071,0.2257000058889389,339259123.0,-0.0370371106230152,0.2018091170453613,0.1854003153375062,0.1724000003933906,0.1643333330750465,0.1582000005245208,0.1691000008583069,0.262850000038743,0.1099999994039535,0.3300000131130218,0.1099999994039535,0.3300000131130218,0.1099999994039535,0.3300000131130218,0.1099999994039535,0.4000000059604645,0.1099999994039535,0.4099999964237213,0.1099999994039535,4.239999771118164,69567478.075,71471748.46,45689456.440476194,24056513.4555342,-1,False,231,231,434573709.4191313,407,0.188286532277859,0.0457142857568604,0.1758241824371174,3.6598446212423448,-0.2187504431058183,-8.241865963953973,-9.926984029038062,0.3000000119209289,0.1899999976158142,710020300.0,False,False,False,0.4230769936149668,0.6923077452112251,0.7692308662205793,0.8999999552965204,1.8942927130958849,0.643489188376817,0.0613207557779396,False,False,0.7333332008785725,1.709599319929952,0.6249999767169352,1.4529539560575078,0.0,0.9089458043475224,-0.9420935403748344,0.0460776265154597,1.5226155768701666,85.0,99.0,99.0,94.0,94.0,46.0,46.0,98.0,96.0,95.0,94.0,96.15384615384616,GPUS
2026-06-16,17.260000228881836,18.190000534057617,17.049999237060547,17.489999771118164,1311275.0,-0.0108882822779665,17.29407891618533,17.41728306559652,18.01319999694824,17.712333393096923,16.2182000541687,14.297300024032593,16.875100021362304,14.949999809265137,22.38999938964844,10.270000457763672,22.38999938964844,9.170000076293944,22.38999938964844,9.170000076293944,22.38999938964844,9.170000076293944,22.38999938964844,9.170000076293944,43.08000183105469,2146104.375,2085499.5,1458577.2817460315,32000753.215944767,-1,False,56,56,155738510.4232788,404,0.0876985443893068,1.4235717228480749,0.0824780825011784,0.7788309776528546,-0.1334674825357529,-7.469187487376495,-7.521966867140241,17.889999389648438,17.299999237060547,1028200.0,False,True,True,0.0660487417079787,0.2039397688925587,0.39397445810469,0.5176471842201664,0.6851679897309974,0.0642364856293256,0.4006499418586323,False,False,-0.011454688778803,0.9750095313048204,0.598148141116599,1.4289450444747906,0.0720496782563564,0.9744350571032264,-0.4907052068536232,0.4052586778188821,1.4713682996837467,83.0,34.0,34.0,93.0,93.0,61.0,61.0,65.0,90.0,91.0,89.0,34.61538461538461,GRPN
2026-06-16,17.700000762939453,18.20499992370605,16.8700008392334,17.149999618530273,836404.0,0.0120069179284993,17.441591757821747,16.96755676860453,16.432000007629394,16.190000025431313,14.854200038909912,13.331850023269654,14.412274980545044,12.42099952697754,23.489999771118164,9.039999961853027,23.489999771118164,9.039999961853027,23.489999771118164,9.039999961853027,23.489999771118164,9.039999961853027,23.489999771118164,9.039999961853027,27.899999618530277,1413962.6,1239302.08,1364625.4126984128,35301630.65261765,1,False,361,361,310351701.36909485,468,0.1043131739416707,2.243571622031076,0.1267554534081547,1.5114318308766774,0.0936011980893117,-1.981537428047797,-0.7473338399155223,18.290000915527344,17.399999618530273,836100.0,False,False,True,0.0754236738377943,0.2459886951343646,0.6203389304494511,0.3965391869830572,1.563380253505263,0.1915822270182907,0.6344086381701485,False,False,0.3460077016274252,1.3275773233653811,0.5553603325960095,1.3906873727506197,0.2882096839728711,1.170912787366989,-0.0833764240046993,0.7293804363688179,1.0361543811528673,55.0,96.0,96.0,93.0,93.0,82.0,82.0,91.0,94.0,92.0,90.0,76.92307692307693,GRRR
2026-06-16,74.43000030517578,78.68499755859375,73.30000305175781,77.44999694824219,1161970.0,-0.0322455238440639,74.59053434734065,70.7273928227336,67.07079940795899,64.8929993947347,62.822199478149415,61.97629974365234,63.61089994430542,51.0,81.98999786376953,51.0,81.98999786376953,51.0,81.98999786376953,51.0,86.11000061035156,51.0,87.31999969482422,47.31999969482422,87.31999969482422,974606.75,907191.4,886386.7857142857,75898919.08248138,-1,False,313,313,299914592.72766113,222,0.0462914604875033,3.2932139805385043,0.044245787545825,4.176042217415854,-0.7530647481728671,-7.167534138963242,-10.818468946229558,78.43000030517578,75.93000030517578,886400.0,False,False,True,0.0723497848281141,0.2274620480419169,0.352545986244539,0.6451982348882587,1.3005711914817537,0.1847722767341781,0.8523820495339228,False,False,0.3222597103324012,1.3041545044018392,0.2394671315705938,1.108239198782739,-0.1085159634735759,0.8103106746434864,0.0619204479104666,0.8449968121809226,1.0995276167329404,62.0,95.0,95.0,81.0,81.0,33.0,33.0,92.0,83.0,78.0,75.0,76.92307692307693,HAE
2026-06-16,31.46999931335449,32.0,29.690000534057617,29.979999542236328,20016448.0,0.0430891360216476,28.50243060485556,27.454956446276316,26.112400131225584,26.302666727701823,26.0746000289917,23.5106000328064,33.43964994430542,21.530000686645508,32.0,18.6200008392334,32.0,13.739999771118164,32.0,13.739999771118164,36.45000076293945,13.739999771118164,42.70000076293945,13.739999771118164,70.43000030517578,23746848.7,26412432.96,29748489.07936508,494666579.62206495,1,False,358,358,4746169483.446121,406,0.0778747646813395,2.344857352120536,0.0745108803076929,2.7770662490914177,0.5544044015662243,-3.629276025054645,-6.352818737303124,30.280000686645508,27.8700008392334,22980500.0,False,False,False,0.0734032258132945,0.2097235629321725,0.3326977928757527,0.6303725706124375,0.7128841492381776,0.2069216508925844,0.4468266246910951,False,False,0.2562874360010276,1.2390855636615472,0.2598078418754506,1.1264263470473013,-0.154259605276728,0.7687321833509354,-0.4327685729449814,0.4513603147707144,0.798253942801818,26.0,93.0,93.0,83.0,83.0,30.0,30.0,92.0,90.0,95.0,94.0,100.0,HIMS
2026-06-16,16.790000915527344,17.90999984741211,16.760000228881836,17.579999923706055,2372203.0,-0.0593837223131255,18.584622126230197,18.840711087211115,19.955600128173828,19.26233348846436,15.849200115203857,11.999700078964231,10.22720003604889,11.579999923706056,25.09000015258789,7.369999885559082,25.09000015258789,7.019999980926514,25.09000015258789,7.019999980926514,25.09000015258789,6.849999904632568,25.09000015258789,6.849999904632568,25.09000015258789,5328632.575,4767764.06,2170259.138888889,94247056.04243164,-1,False,96,96,398159569.0551758,40,0.0916222533054049,2.052143233163016,0.1222241287232569,0.4856611670946789,-0.5165328856254254,4.615448360940919,6.429378174382,19.0,17.649999618530273,3150000.0,False,False,False,0.0684931242300741,0.5056580886345656,0.5366289301717319,0.942286299161592,0.901061849105008,0.0593595130028672,0.6691909451341933,False,False,-0.1190975138520448,0.8688406190337834,0.8532008982222186,1.6569942246284326,0.9343318347023172,1.758202805368516,0.9678974675503448,1.56590551585193,2.4552978395603526,93.0,14.0,14.0,96.0,96.0,95.0,95.0,92.0,96.0,95.0,94.0,3.8461538461538463,HIMX
2026-06-16,4.070000171661377,4.269899845123291,3.880000114440918,3.900000095367432,26557770.0,0.0277778112259508,3.9326311770318094,3.8357384653251465,3.837600002288818,3.680666661262512,3.1485999965667726,2.690399993658066,3.3008000022172928,2.609999895095825,5.019999980926514,1.7300000190734863,5.019999980926514,1.7300000190734863,5.019999980926514,1.7300000190734863,5.019999980926514,1.7300000190734863,5.039999961853027,1.600000023841858,7.840000152587891,27658239.25,26422531.4,22111245.51587301,143743625.46632957,1,False,29,29,507786184.378624,252,0.1204553204360316,0.4571356432778494,0.1123183351344298,2.6054343969705243,0.2406290892691245,-3.2240037859281743,-3.5760246425388824,4.099999904632568,3.910000085830689,20873000.0,False,False,True,0.0957984555866039,0.3759212944570084,0.4692874705828391,0.8010469446161155,0.955080216121912,0.2926380537697064,0.5191326648530636,False,False,0.513011184046908,1.4922940897814203,0.8416290051623554,1.6466474996799367,0.3300654404471672,1.208957401602092,1.153439260564324,1.7135457877118836,1.2508675384272208,74.0,97.0,97.0,96.0,96.0,84.0,84.0,95.0,96.0,95.0,94.0,65.38461538461539,HIVE
2026-06-16,14.800000190734863,15.260000228881836,14.630000114440918,15.130000114440918,1497994.0,-0.017916357634837,14.55512059815918,14.25852051789945,14.30120002746582,13.984000047047934,12.551400032043455,11.204000015258789,10.627800011634829,11.760000228881836,17.68000030517578,8.470000267028809,17.68000030517578,8.470000267028809,17.68000030517578,8.470000267028809,17.68000030517578,8.470000267028809,17.68000030517578,7.800000190734863,17.68000030517578,3512102.35,2998367.88,1454235.6904761903,78109113.21122885,-1,False,21,21,316119562.8644943,21,0.0703082572629145,1.0092856543404716,0.0681949757657643,2.6270460529737982,-0.2675154481074929,2.714096507671762,3.668926463935468,15.56999969482422,14.899999618530272,2358700.0,False,False,True,0.0425675747514728,0.1729729346588117,0.3851351817216721,0.4491226532085949,0.9769813169156548,0.179151341918095,0.8371040687370461,True,False,0.1802233042868268,1.1640629495537995,0.5513627096346598,1.387112996024625,0.4396887719040117,1.3085990687883884,0.672316333649357,1.330704172494602,2.415084688816817,93.0,89.0,89.0,93.0,93.0,88.0,88.0,82.0,91.0,89.0,86.0,65.38461538461539,HLIT
2026-06-16,67.80999755859375,70.72000122070312,67.05999755859375,69.02999877929688,1383936.0,-0.007900525641296,64.00957884089473,60.70916703650146,58.75079971313477,57.97066650390625,51.69199996948242,45.976100063323976,47.72440007209778,48.08000183105469,70.72000122070312,34.63999938964844,70.72000122070312,30.07999992370605,70.72000122070312,30.07999992370605,70.72000122070312,30.07999992370605,70.72000122070312,30.07999992370605,70.72000122070312,1691208.4,1496282.72,1281331.888888889,105533627.7668045,-1,False,390,390,296002550.0,42,0.0561952306534556,3.843143735613142,0.0566751787933973,5.501673992113912,-0.140510205362171,1.9801344543367296,-1.7537553617872417,68.67500305175781,66.0,1881600.0,False,False,False,0.053974396016558,0.2057218885885585,0.2723787330141611,0.75527882192573,1.2621368774478663,0.3118083571660404,0.9588517588817932,False,False,0.2442201386897935,1.2271834993231838,0.537293054189629,1.374532957974086,0.3643862478400332,1.240153155483657,0.9457675904619648,1.548296215992951,1.319883173645617,77.0,92.0,92.0,92.0,92.0,86.0,86.0,91.0,94.0,95.0,93.0,96.15384615384616,HNGE
2026-06-16,96.70999908447266,101.87999725341795,94.56999969482422,100.2699966430664,31425516.0,-0.0143701959095031,90.56872275556448,86.87764594603185,83.47640045166015,82.56933364868163,81.36510025024414,80.2946501159668,102.74867488861084,73.18000030517578,101.87999725341795,63.51499938964844,101.87999725341795,63.51499938964844,101.87999725341795,63.51499938964844,124.3499984741211,63.51499938964844,139.75,63.51499938964844,153.86000061035156,29293547.9,31076046.32,33999504.428571425,2691782308.364703,-1,False,270,270,25254024304.943848,270,0.068103664491858,7.435357775006976,0.0768830301457501,2.45298772015402,-0.1896349449180409,-8.575921534258812,-11.332389366019532,100.87000274658205,97.4499969482422,36576900.0,False,False,False,0.0755867813855394,0.2373073846086608,0.2967634910550851,0.7996515466405937,1.0376616532215286,0.1885931288357563,0.628558421297485,False,False,0.2536945793319562,1.23652821000567,0.2502908984132537,1.117917004985087,-0.1907113047324463,0.7355995640693234,0.3320936792987095,1.0599804483929378,0.8615874964160718,33.0,93.0,93.0,82.0,82.0,26.0,26.0,86.0,86.0,82.0,78.0,96.15384615384616,HOOD
2026-06-16,48.380001068115234,50.34000015258789,47.97999954223633,49.1349983215332,23165705.0,-0.0130558829798435,47.6837801656089,44.66889729192228,42.16720016479492,40.21700026194255,34.88320011138916,28.519642601013185,25.87539001464844,28.95499992370605,64.25,21.670267283504817,64.25,19.712889088724488,64.25,19.712889088724488,64.25,19.67898935160942,64.25,17.183251323795663,64.25,27765942.625,25247736.1,23609395.654761903,1919950580.2838776,-1,False,14,14,8602056703.761292,14,0.0655978639511096,4.403999873570034,0.0910293463484953,4.250432264918961,-0.1453222997324094,13.687474536614616,10.121172269020548,49.59999847412109,48.09999847412109,30500700.0,False,False,True,0.0487804993437033,0.2325340998682676,0.6690781340343293,0.3475440132322971,1.28262749466872,0.3869140707741274,0.7529961255737779,False,False,0.4616315195887595,1.4416179477843958,1.246975625083547,2.0090782587122646,1.052149153426564,1.865292362902395,1.810420505156637,2.236322289883509,1.176054780521235,69.0,97.0,97.0,98.0,98.0,96.0,96.0,96.0,96.0,96.0,95.0,69.23076923076923,HPE
2026-06-16,14.640000343322754,15.015000343322754,14.251500129699709,14.369999885559082,609331.0,-0.033663319343172,14.48524178321798,13.496590628671184,12.871199989318848,12.541000016530354,10.622800006866456,8.76729998111725,12.011099989414214,9.029999732971191,15.6899995803833,5.260000228881836,15.6899995803833,5.260000228881836,15.6899995803833,5.260000228881836,15.6899995803833,5.260000228881836,15.890000343322754,5.260000228881836,21.700000762939453,1282023.275,1279182.62,1184564.599206349,16635399.880106116,-1,False,369,369,91663656.24989893,369,0.05979148885717,0.8277497972760882,0.0565402853732596,6.688465465974739,-0.6161273332664001,0.1585774942364581,-2.136972448713371,15.630000114440918,14.779999732971191,969000.0,False,False,True,0.0521516527129916,0.1946720874972713,0.3599726352802294,0.540796906258511,0.9149773313836924,0.378167746155404,0.6746543699816736,False,False,0.3001776239552143,1.2823747797453575,1.3804878237889016,2.1284549233709327,0.2039474117623807,1.0943229485764747,-0.2367048951833381,0.6073731149941681,1.0822738378801355,61.0,94.0,94.0,98.0,98.0,76.0,76.0,95.0,97.0,97.0,96.0,76.92307692307693,HPP
2026-06-16,121.4800033569336,124.9499969482422,119.23999786376952,121.30999755859376,3350208.0,0.0108171330375825,118.19584382858778,114.50284565334285,114.21400024414062,111.5543337504069,95.80490013122558,74.20495006561279,58.839849901199344,77.00199890136719,140.8000030517578,42.060001373291016,140.8000030517578,42.060001373291016,140.8000030517578,42.060001373291016,140.8000030517578,31.670000076293945,140.8000030517578,15.260000228881836,140.8000030517578,4649195.2,4918720.16,5895557.571428572,469616730.70091856,1,False,181,181,2154713414.28833,41,0.0889625951148354,11.293357304164342,0.0929647431024685,2.882744832623128,0.1151121864601278,3.345329207800031,3.007071243876136,128.60000610351562,118.73999786376952,3643800.0,True,True,True,0.0470036131600646,0.2556799201538791,0.4443529952689339,0.5753982146539488,0.7722681259427452,0.2679936327947776,0.8627840960506071,True,True,0.1855177311385614,1.169284881805808,1.345626592188614,2.0972846063909847,1.940692309816201,2.67292993688446,5.949657124612938,5.530016987245631,0.7885929606609606,25.0,89.0,89.0,98.0,98.0,98.0,98.0,95.0,98.0,97.0,96.0,76.92307692307693,HUT
2026-06-16,7.429999828338623,7.920000076293945,7.090000152587891,7.300000190734863,4777208.0,0.0026990528121939,7.063658144871152,6.355188327139635,5.966799983978271,5.385333323478699,3.987399988174439,2.9859999883174897,2.4830999928712845,2.119999885559082,8.220000267028809,1.6399999856948853,8.220000267028809,1.6399999856948853,8.220000267028809,1.6399999856948853,8.220000267028809,1.559999942779541,8.220000267028809,1.3049999475479126,8.220000267028809,4831395.2,4016066.16,1756127.015873016,47503927.67671852,1,False,25,25,120827280.38311005,25,0.1627298391086793,0.9938570771898542,0.1337627321873148,6.454485211555621,0.0201235986396192,8.692692535232489,8.968509386049632,8.220000267028809,7.079999923706055,5651600.0,True,True,True,0.1117092789881861,0.2920592363969362,0.5935397612566784,0.4920634731842913,1.6271770781784132,0.8633695767602985,0.9038928937923576,False,False,0.5910063612322207,1.5692213082794222,2.8497409483241305,3.442151643574133,2.829896705768132,3.48116854179234,4.124137644138414,4.077405217116872,2.751165010463773,94.0,98.0,98.0,99.0,99.0,99.0,99.0,99.0,99.0,99.0,98.0,88.46153846153845,HYLN
2026-06-16,6.71999979019165,7.215000152587891,6.684999942779541,7.119999885559082,12612268.0,-0.0575035508651484,7.115690798240432,7.293343349880788,7.504799919128418,7.598666604359945,7.540799961090088,7.644799976348877,5.087149986028671,6.684999942779541,8.6899995803833,6.539999961853027,9.539999961853027,5.610000133514404,12.43000030517578,1.950000047683716,12.43000030517578,1.950000047683716,12.43000030517578,1.950000047683716,12.43000030517578,13097569.2,13608947.36,17721809.396825396,104981236.96339008,-1,False,147,147,1367572252.0253658,147,0.063119429665019,0.3937856810433524,0.0585990615086197,-1.857502287968559,-1.0411763149004143,-7.190505432516554,6.506110304224132,7.340000152587891,7.050000190734863,8140200.0,False,False,False,0.0788690813029377,0.1168154571310963,0.2909226877353009,0.4015343665372092,0.7644762320544387,-0.1088478908250715,0.5406274839264067,False,False,-0.1568381471651132,0.8316167540474994,-0.1814860220502046,0.7318542396248201,1.847457664788918,2.588184697467081,1.1889250606899555,1.741782731489405,0.7390650077946465,21.0,11.0,11.0,16.0,16.0,98.0,98.0,3.0,10.0,51.0,97.0,0.0,IBRX
2026-06-16,85.7699966430664,90.9999008178711,85.62999725341797,88.16449737548828,919650.0,-0.0413546946144508,79.26832256863482,75.32043150632705,72.90859970092774,72.85316632588705,69.05929977416992,56.0043500328064,37.66252501487732,56.60100173950195,92.55999755859376,41.58000183105469,92.55999755859376,29.19499969482422,92.55999755859376,18.280000686645508,92.55999755859376,14.06999969482422,92.55999755859376,13.119999885559082,92.55999755859376,1114936.25,1043025.0,910522.0238095238,85604853.29408646,-1,False,126,126,258039002.60925293,126,0.0801527209173964,6.893705640520368,0.0803743256422017,3.0106138038553967,-0.536722159398356,5.5719971885232695,9.344006176397478,92.55999755859376,88.2699966430664,1234900.0,False,False,False,0.0626081820522867,0.3511717396612449,0.3543196989515697,0.9911154832778432,1.0178806835886005,0.2419760542539812,0.9266421662205746,False,False,0.1706018912610785,1.1545732789254133,0.8011339472256407,1.610439834773504,3.8131312071783103,4.37487541653885,3.873295158184764,3.877803541296949,1.2245022315168497,72.0,88.0,88.0,96.0,96.0,99.0,99.0,94.0,95.0,97.0,99.0,92.3076923076923,ICHR
2026-06-16,3.930000066757202,4.28980016708374,3.910000085830689,4.110000133514404,3806348.0,-0.0484261603248865,4.209036603974515,4.312835822395731,4.442800025939942,4.460000022252401,4.064000034332276,3.707500014305115,3.984850021600723,3.7200000286102295,5.485000133514404,2.5199999809265137,5.485000133514404,2.319999933242798,5.485000133514404,2.319999933242798,5.485000133514404,2.319999933242798,5.485000133514404,2.319999933242798,6.050000190734863,6128701.2,5499110.96,4492216.46031746,27540312.10433388,-1,False,104,104,85100247.1241951,245,0.097816156523665,0.4274143150874546,0.1087568213300645,-0.3031757666739088,-0.4679301572826196,-6.457911627067403,-3.0289508179720697,4.389999866485596,4.079999923706055,3847400.0,False,False,False,0.0966412404075198,0.3460559470722896,0.4491094338226172,0.7705381383927238,0.9537514042087996,-0.0329724326877596,0.6495867674146047,False,False,-0.0620525028430988,0.9251045341176568,0.5000000909994617,1.341188367711548,-0.0839160602090836,0.8326706535031017,0.2319749204586305,0.98031343357479,1.3642933848220866,79.0,23.0,23.0,92.0,92.0,36.0,36.0,31.0,87.0,87.0,85.0,3.8461538461538463,INDI
2026-06-16,39.4900016784668,39.4900016784668,39.4900016784668,39.4900016784668,0.0,0.0,28.01870416729194,18.74389940475669,10.469200406074524,9.018667002518972,6.948800196647644,14.64020005941391,357.2803000152111,1.0099999904632568,43.369998931884766,1.0099999904632568,43.369998931884766,1.0099999904632568,43.369998931884766,1.0099999904632568,43.369998931884766,1.0099999904632568,1656.0,1.0099999904632568,7651.2001953125,8277349.125,6956717.6,1399115.253968254,550778559.1062254,-1,False,7,7,11013765417.124556,7,1.9805516677720467,3.11428564786911,0.0788626365029322,59.38167823861061,0.0,-11.07044004261124,-15.870027261619246,39.4900016784668,39.4900016784668,0.0,False,True,False,0.0,1.0719168693556562,1.0726765545953287,0.999291785360258,4.014735340126499,4.682995705865628,0.0051612819780431,True,True,26.047945648403804,26.858002155841795,0.7473451775180313,1.5496001702426672,-0.4123511388120714,0.536829373784697,-0.9314409693082174,0.0548638121740316,5.916130998874674,99.0,99.0,99.0,95.0,95.0,13.0,13.0,99.0,99.0,99.0,99.0,80.0,INHD
2026-06-16,107.41999816894533,113.81890106201172,98.8000030517578,99.0,2290734.0,0.0778646821361324,103.24143125193872,98.689254797796,100.20920013427734,94.39133338928222,73.56920013427734,59.77599998474121,61.693350067138674,43.65999984741211,125.13999938964844,34.22999954223633,125.13999938964844,34.22999954223633,125.13999938964844,34.22999954223633,125.13999938964844,34.22999954223633,125.13999938964844,34.22999954223633,125.13999938964844,2359803.35,2099314.68,1829383.0714285716,184148663.7331528,1,False,39,39,1628393924.2919922,39,0.1159966731243442,12.909920828683036,0.1201817263893348,3.828551021089889,0.6010876913818803,-1.2491057505637313,-1.2658667886097166,110.0,92.3000030517578,2190900.0,False,False,True,0.1398147297175788,0.3308508799230441,0.373580319656153,0.8856218128073836,0.7899165455271335,0.4601218712842336,0.8583985831298564,False,False,0.1177939633149172,1.102488430116248,1.3645167829045135,2.114174808067664,1.0499999053605666,1.8633388128903048,1.7410054078372903,2.1810869508640067,1.2899448928196442,76.0,80.0,80.0,98.0,98.0,96.0,96.0,98.0,98.0,97.0,97.0,84.61538461538461,INOD
2026-06-16,117.0500030517578,128.67999267578125,116.9000015258789,125.1050033569336,131400739.0,-0.0845455772484844,116.2997952068112,113.37592652019876,115.0127993774414,115.34866638183594,98.56079986572266,72.32729995727539,54.479249992370605,98.33000183105467,132.75,40.630001068115234,132.75,40.630001068115234,132.75,34.95000076293945,132.75,32.88999938964844,132.75,18.96999931335449,132.75,144486495.975,139776146.78,111344201.74206348,14865289573.92694,-1,False,271,271,28441947579.10309,39,0.074472437874252,10.130713871547156,0.0865503084785696,2.167431374580915,-1.0670519072653324,6.759468419458042,10.558965188779275,132.61000061035156,126.66000366210938,134507500.0,False,False,True,0.1006406735819853,0.2928662783899182,0.2928662783899182,1.0,0.9702817470956756,0.1875918540761083,0.8817326030264242,False,False,0.0761239925000882,1.0613890305718188,1.6566046165108164,2.375337995412417,2.095741835503924,2.813861552724389,4.811817606703563,4.624609461381732,1.297656220210846,76.0,70.0,70.0,98.0,98.0,98.0,98.0,73.0,98.0,97.0,97.0,50.0,INTC
2026-06-16,6.010000228881836,6.169899940490723,5.849999904632568,5.985000133514404,889090.0,0.0,5.934724827335686,6.0429871335471,6.243000011444092,6.313166666030884,6.008300018310547,4.73450001001358,4.631274998188019,5.079999923706055,7.860000133514404,3.5299999713897705,7.860000133514404,2.619999885559082,7.860000133514404,2.5199999809265137,7.860000133514404,2.5199999809265137,7.860000133514404,2.359999895095825,7.860000133514404,2561092.25,2393543.8,1337299.9603174604,15653837.200535774,-1,False,19,19,44054849.40724373,57,0.1088396254794026,0.6637785094124931,0.1104456712368527,0.0025621373208359,0.0,-1.1995065927416624,-1.7929927663335037,6.119999885559082,5.670000076293945,1372800.0,False,True,True,0.0532279573502897,0.2886854560070531,0.3510815396269912,0.8222746667733336,0.5891928946526903,0.0002829769762007,0.7646310593883684,False,False,-0.1056546999221804,0.8820993655579902,0.5529716812933696,1.3885516186524416,0.0713012630744538,0.973754788263726,0.1984048631876664,0.9536008945757412,1.9151217572697936,91.0,16.0,16.0,93.0,93.0,61.0,61.0,71.0,90.0,95.0,94.0,34.61538461538461,INV
2026-06-16,56.060001373291016,60.8849983215332,55.90999984741211,59.95000076293945,21745166.0,-0.0836874616924711,59.63769184584848,59.28900678348815,60.20320022583008,58.64866689046224,51.35460014343262,43.01920015335083,49.15640007972717,44.790000915527344,73.6500015258789,25.88999938964844,73.6500015258789,25.88999938964844,73.6500015258789,25.88999938964844,73.6500015258789,25.88999938964844,73.6500015258789,25.88999938964844,84.63999938964844,31915029.15,34044437.32,25396182.404761903,1938240558.1544373,-1,False,390,390,4194082250.0,390,0.098531979120632,6.083714348929269,0.1085214805547216,0.8443093512788669,-0.8415909489218347,-4.052331748644886,-3.117911016820308,63.560001373291016,60.59000015258789,25313600.0,False,False,False,0.0887441732474048,0.363628284639012,0.5019622282377004,0.7244136394796992,0.8449949203037673,0.0916257008469791,0.6623346145740546,False,False,0.0791145437919529,1.064338633367286,0.6829780565017223,1.5047936370389914,0.1134062179188495,1.0120259103117812,0.4815010874004199,1.1788676812459995,1.2566860893240308,74.0,71.0,71.0,95.0,95.0,67.0,67.0,81.0,95.0,94.0,93.0,23.07692307692308,IONQ
2026-06-16,43.45000076293945,45.5,42.17169952392578,45.400001525878906,3187403.0,-0.0427406621016923,46.57051388000032,46.33814241259968,46.71275497436523,45.72634162902832,42.70764099121094,33.26398639678955,25.646672415733335,38.27827722340383,53.65936449350368,24.8908469753738,53.65936449350368,18.270638083712445,53.65936449350368,16.804229576672824,53.65936449350368,15.382078604271596,53.65936449350368,15.382078604271596,53.65936449350368,2505820.075,2560896.06,2420166.281746032,125551699.76050778,-1,False,179,179,318385578.24935913,179,0.0764285919358733,3.9987292840014144,0.0920305918017869,0.1888759368389454,-0.4851537798447018,6.646485197411044,10.892083630211964,48.2400016784668,44.66999816894531,3125800.0,False,False,False,0.0766007000605874,0.2643881419531819,0.2954929705604279,0.8947358086107667,1.149328294097184,0.017382364244405,0.8097375206186008,False,False,0.0472890941469574,1.0329489576592503,0.6611345377924045,1.4852627894219714,1.3602135642649942,2.1453062166027776,0.5566588684462352,1.238672618159372,1.035391697628385,55.0,63.0,63.0,94.0,94.0,97.0,97.0,60.0,91.0,95.0,95.0,19.230769230769237,IRDM
2026-06-16,25.6299991607666,25.78499984741211,25.25,25.350000381469727,7545240.0,0.0182756886403787,23.815471385394368,22.95791956368676,22.0807999420166,21.8486665725708,21.53019989013672,21.877799949646,21.086599979400635,18.51000022888184,25.78499984741211,17.360000610351562,25.78499984741211,17.360000610351562,27.43000030517578,17.360000610351562,27.43000030517578,16.459999084472656,27.43000030517578,16.459999084472656,29.82999992370605,7494971.0,7402560.8,7114060.079365079,193644785.5063858,1,False,300,300,650093458.5674286,299,0.0420324278064003,0.8939286640712193,0.0348782166735147,5.459592903959234,0.5145814235083171,-7.091326670519759,-6.407726732101502,25.350000381469727,24.940000534057617,9443400.0,False,False,False,0.0208739705396114,0.147678500637879,0.2838470486439405,0.5202749203960468,1.0078625764208515,0.1904208642534739,0.859202119554761,False,False,0.3300466295754838,1.3118348002823863,0.2526881870790269,1.1200604819701048,0.242967900951815,1.129790458508799,-0.0243624395068454,0.7763393482843979,1.05354339384057,57.0,95.0,95.0,82.0,82.0,79.0,79.0,90.0,83.0,79.0,76.0,100.0,JHX
2026-06-16,5.960000038146973,6.320000171661377,5.53000020980835,5.590000152587891,63435911.0,0.0530035686965664,5.60330447922948,5.309809421292398,5.18939998626709,4.988833332061768,4.101899995803833,3.147999997138977,3.115049998164177,3.240000009536743,6.449999809265137,1.7949999570846558,6.449999809265137,1.7949999570846558,6.449999809265137,1.6799999475479126,6.449999809265137,1.6799999475479126,6.449999809265137,0.699999988079071,6.599999904632568,44028172.775,41157696.22,50590319.88492064,285839275.5452272,1,False,249,249,1237312860.9526155,245,0.1079771582756941,0.6534999098096576,0.109647635172304,4.131281190460156,0.4590669198749288,2.7048832738538966,1.443734966706438,6.039999961853027,5.550000190734863,41521800.0,False,False,False,0.1325503283215828,0.2751677610719427,0.4295301489892092,0.6406250218278754,1.5542789557039012,0.4529852127657772,0.903030321858584,False,False,0.3576310294784215,1.3390414973506912,1.5147680700165989,2.24851831892315,1.1751824881032171,1.977122996251624,6.103695033362972,5.652588825941187,0.8702884835508502,34.0,96.0,96.0,98.0,98.0,97.0,97.0,97.0,98.0,98.0,98.0,88.46153846153845,KEEL
2026-06-16,237.3300018310547,255.84500122070312,237.1199951171875,254.4250030517578,13841774.0,-0.0744482122962673,228.0959225062673,213.99244310519944,202.68872253417967,198.95831349690755,190.0709765625,168.70285629272462,142.48025901794435,169.0279998779297,267.1700134277344,137.26779304312,267.1700134277344,131.93360783031022,267.1700134277344,121.09688842920316,267.1700134277344,106.92042372318416,267.1700134277344,82.87100394695247,267.1700134277344,11258264.35,10650491.48,10387137.198412698,2493208195.669759,-1,False,433,433,4709974090.643311,1,0.0600891943067216,16.056930541992188,0.0676565559268079,3.67501459096854,-1.1888954459107466,3.395752567796009,3.970964740203831,267.1700134277344,251.1100006103516,18368200.0,False,False,False,0.0788986051449372,0.3134749836035366,0.4135255247655873,0.7580547386554538,1.3243949752448418,0.2486388302056983,0.8883107755476047,False,False,0.3170219376091845,1.2989884505346312,0.6041645867282741,1.434324502061337,0.9929450964518676,1.811479083714893,1.7528855799102558,2.190540302618905,1.0838659521817449,61.0,95.0,95.0,93.0,93.0,96.0,96.0,91.0,91.0,90.0,91.0,88.46153846153845,KLAC
2026-06-16,117.2699966430664,124.63999938964844,114.31999969482422,114.31999969482422,1718975.0,0.0158523402889652,109.64986600303676,105.89620507653991,104.9411996459961,103.79299977620444,94.8915998840332,80.31886722564697,61.7892053604126,88.33000183105469,124.63999938964844,61.2400016784668,124.63999938964844,59.115055305292685,124.63999938964844,45.36806061383975,124.63999938964844,34.754381883882644,124.63999938964844,30.92816314825944,124.63999938964844,868331.875,833623.5,634396.3293650794,91198597.74435996,1,False,131,131,266153359.13772583,40,0.0626464249729055,7.432142530168805,0.0633763344667771,3.721123494972355,0.2462270057701102,7.431149578729272,9.19666747019154,117.95999908447266,112.62000274658205,899900.0,False,False,False,0.0880020464760061,0.2403001715003624,0.2586339447366902,0.929113043320771,0.978748199876803,0.2358311672095505,0.9408696824240026,False,False,0.1492551508319473,1.1335188314009177,0.7727076509913549,1.5850231577510754,1.45770072272886,2.23391676026627,2.517813797797512,2.799212926763027,1.3687529936830647,80.0,85.0,85.0,95.0,95.0,98.0,98.0,87.0,94.0,92.0,95.0,100.0,KLIC
2026-06-16,52.11000061035156,53.4900016784668,51.400001525878906,52.77999877929688,6766698.0,-0.0019153126963151,49.21529253305152,46.48723240414838,43.6731997680664,42.927999877929686,42.12060005187988,42.67900005340576,43.588450002670285,35.16999816894531,53.4900016784668,35.16999816894531,53.4900016784668,35.16999816894531,53.4900016784668,35.16999816894531,53.4900016784668,31.809999465942383,53.4900016784668,30.26000022888184,71.98999786376953,3062347.45,3419915.96,3963261.103174603,157726450.02705613,-1,False,229,229,854251913.1980896,382,0.0479877352782736,2.197857175554548,0.0421772625179733,5.622979363746314,-0.045498167594017,-3.272643151878051,-3.467078943775664,52.90999984741211,51.119998931884766,5015200.0,False,False,False,0.0401074674363507,0.1913260622515249,0.3515640624629401,0.544213936177545,1.135024908623778,0.2371618767578749,0.7238505647543158,False,False,0.4110479333802845,1.3917269836363635,0.2310417754842133,1.1007058728551706,0.2706657581839027,1.1549663096293217,-0.1971961535911867,0.6388112144905465,0.7726837496391635,24.0,96.0,96.0,80.0,80.0,81.0,81.0,93.0,84.0,80.0,76.0,96.15384615384616,KMX
2026-06-16,40.33000183105469,42.59999847412109,40.13999938964844,41.630001068115234,975064.0,-0.0251389201760053,39.19005699644309,37.97596786298886,37.475999908447264,36.98299980163574,34.1220000076294,29.983400020599365,26.38120001792908,32.040000915527344,42.59999847412109,24.43000030517578,42.59999847412109,23.75,42.59999847412109,21.3799991607666,42.59999847412109,20.56999969482422,42.59999847412109,16.770000457763672,42.59999847412109,1065974.1,967907.28,730158.5873015873,37301170.31645813,-1,False,452,452,62446969.10934448,36,0.04151874620048,1.8400001525878904,0.0456236069687223,3.9877483111642578,-0.5652157687961936,5.762253711087764,6.866145120852524,41.470001220703125,40.18999862670898,1357100.0,False,False,False,0.0609967511228432,0.1510042121520188,0.2315893808215985,0.6520342669266977,1.0436912924138766,0.1819354616387443,0.9467136919160832,False,False,0.1483486064243544,1.132624699965645,0.6229376745252755,1.451109999029267,0.7626749698579718,1.6021760182807987,1.4020249929681432,1.911351707965335,1.459921335636783,83.0,85.0,85.0,94.0,94.0,94.0,94.0,82.0,89.0,87.0,90.0,96.15384615384616,KN
2026-06-16,4.860000133514404,5.204999923706055,4.809999942779541,5.110000133514404,5453210.0,-0.068965454242677,5.182327222705804,5.185774579212462,5.315999984741211,5.258666642506918,4.474399991035462,3.3833999955654144,3.0772499960660933,4.199999809265137,6.610000133514404,1.809999942779541,6.610000133514404,1.809999942779541,6.610000133514404,1.809999942779541,6.610000133514404,1.809999942779541,6.610000133514404,1.440000057220459,6.610000133514404,10752700.25,9264330.2,4854658.76984127,41185849.71781469,-1,False,49,49,215248686.163044,35,0.112615201746864,0.6299999441419329,0.1296296145750025,0.664810929280415,-0.5714280771366888,-1.552910579108068,0.918668344722308,5.460000038146973,5.070000171661377,5715500.0,False,False,False,0.0812757140072088,0.4218107272463077,0.4958848267575103,0.8506223713365902,0.811324816552847,0.0861791845278694,0.7352496271328273,False,False,-0.0376237722859987,0.9491987712360608,1.249999972405258,2.0117824048467465,0.9133859080725528,1.7391640932402208,2.115384815242406,2.478990062557528,2.2149240059464725,92.0,28.0,28.0,98.0,98.0,95.0,95.0,66.0,97.0,96.0,96.0,11.538461538461538,KOPN
2026-06-16,2.490000009536743,2.5299999713897705,2.440000057220459,2.5,13328583.0,-0.0196850208926016,2.7717490491622905,2.841079130635878,2.921199998855591,2.918666672706604,2.869799995422363,2.513699997663498,1.945500001013279,2.440000057220459,3.3399999141693115,2.3299999237060547,3.3399999141693115,1.2899999618530271,3.3399999141693115,0.8399999737739563,3.3399999141693115,0.8399999737739563,3.3399999141693115,0.8399999737739563,3.3399999141693115,13322417.075,14913907.66,15710514.615079366,32203896.37674464,-1,False,97,97,187686659.20128825,89,0.0605010607019864,0.1892856870378766,0.076018347916831,-1.7409443410933891,-0.2641507295069755,0.2162393428801046,4.14424259233115,2.7300000190734863,2.5199999809265137,13603100.0,False,True,False,0.0361445437046627,0.265060178668393,0.3413654222397807,0.7764704958377722,0.6797493005263786,-0.1323437126250753,0.7455090040491898,False,False,-0.2291021687823424,0.7603422165554589,0.0374999627470984,0.927655198080966,1.441176525586755,2.218897160603743,0.106666670905219,0.8806025073741,0.8479936782091653,31.0,6.0,6.0,54.0,54.0,98.0,98.0,14.0,24.0,92.0,96.0,0.0,KOS
2026-06-16,16.520000457763672,17.309999465942383,16.260000228881836,16.90999984741211,4281566.0,-0.0395348997100608,16.325339484966605,15.47965122254504,14.35559669494629,14.298002433776857,14.26219072341919,14.894928359985352,16.43860821723938,11.291370579466786,18.1200008392334,11.291370579466786,18.1200008392334,11.291370579466786,20.071215795795798,11.291370579466786,21.928021337159738,11.291370579466786,24.64479070277189,7.690853847059494,24.64479070277189,5411731.65,5201765.32,6741301.055555556,96355543.22340564,-1,False,329,329,2911461718.200684,329,0.0646614147019239,1.2029384482184666,0.0728170953320487,2.1740411010938017,-0.5652827093379975,-5.703015868805544,-8.276411013212254,18.010000228881836,16.93000030517578,6765800.0,False,False,True,0.0635592740899164,0.1911287238201534,0.4133553311469466,0.462383594496832,1.0362475560508368,0.1583073581141396,0.67032423431803,False,False,0.4145854599440453,1.3952160721766245,0.3250832935240457,1.1847907944720215,-0.277382656959504,0.656820002105413,1.0977445566647337,1.66922811086225,0.8027725813461709,26.0,96.0,96.0,86.0,86.0,20.0,20.0,92.0,83.0,79.0,75.0,88.46153846153845,KSS
2026-06-16,77.4800033569336,80.63999938964844,76.8499984741211,78.62000274658203,621099.0,-0.0219641231628106,75.77880608501574,73.51592369027153,70.47475387573242,70.86480089823405,71.5389037322998,68.99743106842041,70.52514698028564,61.22338408218526,84.34714042295444,61.22338408218526,84.34714042295444,61.22338408218526,84.34714042295444,55.3598370658978,84.34714042295444,55.3598370658978,84.34714042295444,52.05056560841146,85.11846577563921,819514.975,765683.98,740302.7738095238,58792518.027283095,-1,False,105,105,223926929.1748047,105,0.0430151146537527,3.448980549267895,0.0445144605038178,1.8656210788681693,-0.5044962819923341,0.6264229619293706,-0.6869981706651394,80.95999908447266,78.56500244140625,618600.0,False,False,True,0.0489158589483744,0.2047723324810226,0.2679202978712582,0.7643031681736201,1.164331399489382,0.0830471158303671,0.9102608071104152,False,False,0.2640952070240436,1.2467864258064316,0.127372078470431,1.0080121506658462,0.1818735672394567,1.0742590202115434,0.2831935835892076,1.021069412193214,1.106999735774132,63.0,93.0,93.0,69.0,69.0,74.0,74.0,82.0,68.0,61.0,70.0,80.76923076923077,KTB
2026-06-16,2.380000114440918,2.569999933242798,2.1600000858306885,2.259999990463257,29877505.0,0.2081218679574994,2.263788710449519,1.9828632750022943,1.6574000024795532,1.51053333679835,1.2792000031471251,1.1873299974203109,2.1816399988532065,0.6800000071525574,4.489999771118164,0.5600000023841858,4.489999771118164,0.3799999952316284,4.489999771118164,0.3799999952316284,4.489999771118164,0.3799999952316284,4.489999771118164,0.3799999952316284,6.769999980926514,20753817.625,17106350.1,5369845.654761905,109723608.62130876,1,False,14,14,716444819.1950798,13,0.2487318044331055,0.7620714051382882,0.3201980539892979,2.687517648254933,0.5380074400722179,-2.647658486477958,-5.154011861887861,2.2850000858306885,1.8600000143051147,6271800.0,False,False,True,0.1722688351670192,1.1218485673448306,1.5441174776437514,0.7265305804689921,2.9016394619446024,0.8605379210331239,0.3515509780127357,True,False,1.701475779912585,2.6644854860016807,1.6096492469260308,2.3333540009669567,-0.1959459176457132,0.730841584624426,0.0484582090038199,0.83428457005081,3.864881592377949,96.0,99.0,99.0,98.0,98.0,26.0,26.0,99.0,99.0,99.0,99.0,73.07692307692307,LASE
2026-06-16,33.380001068115234,35.224998474121094,33.11000061035156,35.0099983215332,2004943.0,-0.0591882328414689,33.815677760184975,32.05371423533389,30.85600006103516,30.371333376566568,27.012800025939946,22.60940000534057,25.7616250705719,24.299999237060547,37.5,16.700000762939453,37.5,16.700000762939453,37.5,16.239999771118164,37.5,16.239999771118164,37.5,16.239999771118164,45.297000885009766,2725226.075,2732792.86,1945939.0595238092,91275984.28212756,-1,False,14,14,530870710.13793945,14,0.0864314989621193,2.8660712923322404,0.0858619293176095,2.745227346082016,-0.7327097828094284,2.640853374207717,0.7088082081376723,36.18000030517578,34.810001373291016,1449900.0,False,False,True,0.0633612281633444,0.2270820755289463,0.3801677689632903,0.5973206938299754,0.907955497219793,0.2357105163500628,0.7369141536070604,False,False,0.2116153173322816,1.1950251235469704,0.7994610480320787,1.6089440529050747,0.4955197815641421,1.35934643077145,-0.0936736516811803,0.721186673287931,1.4004683557083697,81.0,91.0,91.0,96.0,96.0,90.0,90.0,89.0,94.0,92.0,91.0,69.23076923076923,LEGN
2026-06-16,85.43000030517578,89.9999008178711,84.52999877929688,87.55999755859375,906617.0,-0.0149890810727598,85.41412949428609,85.42435697355097,86.00000061035156,88.23733367919922,82.62050025939942,67.31355003356934,54.01816755564425,77.55000305175781,107.23799896240234,49.59999847412109,107.23799896240234,44.709999084472656,107.23799896240234,42.81999969482422,107.23799896240234,33.0099983215332,107.23799896240234,26.959999084472656,107.23799896240234,1415420.425,1796462.34,1342477.5759162304,94969431.82627754,-1,False,277,277,543968555.8128357,69,0.0593147799769016,5.525778634207589,0.0646819456217748,0.5257244172923613,-0.2352615147682687,3.771013901362252,5.475586572552851,89.5199966430664,85.90499877929688,727900.0,False,False,True,0.0640278826996893,0.1095622310053484,0.1498302162781075,0.7312425605926135,0.5594170707747761,0.0340048781713437,0.7966392615655533,False,False,0.0134044746442556,0.9995283075335034,0.6272381010509673,1.4549551201509685,1.046717701720845,1.8603554676629657,0.0,0.0,1.054334500920052,58.0,49.0,49.0,94.0,94.0,96.0,96.0,50.0,91.0,92.0,91.0,38.46153846153847,LGN
2026-06-16,16.360000610351562,16.700000762939453,14.300000190734863,14.4399995803833,16272281.0,0.1384830021322618,14.33492428541348,13.854250048217626,13.613200035095216,13.41800003051758,12.659599990844727,10.970399985313415,9.150549972057345,11.880000114440918,16.700000762939453,9.109999656677246,16.700000762939453,7.889999866485596,16.700000762939453,7.889999866485596,16.700000762939453,6.46999979019165,16.700000762939453,5.545000076293945,16.700000762939453,4078029.525,4079683.62,2792150.7182539683,60201537.8942072,1,True,0,0,266214527.09181213,0,0.0502129737850276,0.6461430277143206,0.0394952936190896,7.400880891162452,3.0798145912553587,7.166701349982301,4.322975527405644,14.460000038146973,14.18000030517578,2665500.0,False,False,False,0.1466992960065064,0.2145477415407459,0.2732274482847387,0.7852349494446075,0.9925250282030448,0.2922999638363708,0.9796407103559888,False,False,0.294303810600286,1.2765813943120832,0.6900826543986847,1.5111460393580638,0.9975581744273908,1.8156721215858729,1.5763780875675786,2.050088851053876,1.4605334512709034,83.0,94.0,94.0,95.0,95.0,96.0,96.0,90.0,92.0,93.0,92.0,100.0,LION
2026-06-16,875.3599853515625,961.6799926757812,863.4099731445312,959.0,6048659.0,-0.0855375932035231,901.1397468328082,905.2516240607612,918.9420043945312,925.3953369140625,905.40580078125,761.3803015136718,505.1811254119873,776.010009765625,1085.6800537109375,642.3699951171875,1085.6800537109375,513.280029296875,1085.6800537109375,317.44000244140625,1085.6800537109375,215.3500061035156,1085.6800537109375,83.41999816894531,1085.6800537109375,6024043.975,5989129.18,4659579.202380952,5258591753.644049,-1,False,88,88,10057956954.553225,36,0.0972106914379273,92.4383544921875,0.1056003884562559,-0.3142499423381637,-0.8857795590653083,3.799370052836178,4.541320831140121,998.5,923.9500122070312,5266100.0,False,False,True,0.1122624076673812,0.3124657559271444,0.3124657559271444,1.0,0.9892983974675263,-0.0331849159832661,0.806278039611684,False,False,-0.0982178074137436,0.8894344274885938,0.3476199098492059,1.2049413583581496,1.698812914688811,2.453074675525302,9.614927838775108,8.446565091523452,1.2928300418033098,76.0,17.0,17.0,87.0,87.0,98.0,98.0,58.0,76.0,88.0,96.0,11.538461538461538,LITE
2026-06-16,68.01000213623047,73.22000122070312,66.55000305175781,71.66999816894531,2250491.0,-0.0527855258278371,66.51023521147874,62.57490629169748,61.9152001953125,58.928666814168295,50.710800094604494,44.06900024414063,36.48070015907288,38.5,73.22000122070312,34.209999084472656,73.22000122070312,29.1200008392334,73.22000122070312,29.1200008392334,73.22000122070312,26.3799991607666,73.22000122070312,11.850000381469728,73.22000122070312,1716674.775,1616697.82,2073689.25,120816913.5090969,-1,False,371,371,366602320.3701019,36,0.0666012062300973,4.632856369018555,0.0681202209013095,5.007829804601822,-0.818070022820551,3.0737466992299733,3.53914079894041,72.62000274658203,68.55999755859375,2103800.0,False,False,True,0.0980737826707412,0.2964269844754558,0.2964269844754558,1.0,1.4832574587129708,0.341134472525638,0.928844591674228,False,False,0.1946250091631802,1.1782674572906653,0.8450895553466407,1.6497416659275883,1.037447572198972,1.851929422328301,3.823404276329629,3.8381041116386942,0.8278360776572478,29.0,90.0,90.0,96.0,96.0,96.0,96.0,97.0,94.0,95.0,94.0,88.46153846153845,LQDA
2026-06-16,369.3399963378906,393.0,368.7699890136719,385.135009765625,11616679.0,-0.0503445860686774,349.6541252219085,331.60666871394665,319.7315979003906,314.7626637776693,292.3121984863281,259.4348655700684,207.0118867111206,263.7099914550781,393.0700073242188,198.6000061035156,393.0700073242188,194.0800018310547,393.0700073242188,170.5556478709316,393.0700073242188,135.115402285449,393.0700073242188,87.32849950740702,393.0700073242188,10036804.475,9781583.58,11031161.027777778,3430198806.96519,-1,False,179,179,6619193380.184937,179,0.0560885476298369,23.74357169015067,0.0642864892120399,4.099027517375192,-0.8246449752951849,2.624604972760933,3.355164330581376,393.0700073242188,382.3900146484375,13459800.0,False,False,False,0.0656035393582483,0.2445714463245008,0.350246431883309,0.69828390544742,1.2222057708982943,0.263512088275595,0.9396290468767444,False,False,0.2972042524388498,1.279442121489173,0.6308561590811119,1.45819011818387,1.303653762878013,2.093896422437352,3.1560118466189424,3.307043167583158,0.9098593021828012,39.0,94.0,94.0,94.0,94.0,97.0,97.0,90.0,93.0,91.0,93.0,92.3076923076923,LRCX
2026-06-16,143.47999572753906,151.0,143.1300048828125,147.67999267578125,1287899.0,-0.0368530942349289,143.26410133951413,140.55533507714506,139.5296011352539,137.05900115966796,127.8674006652832,109.78180046081545,91.09365016937257,115.01000213623048,155.82000732421875,84.4800033569336,155.82000732421875,83.02999877929688,155.82000732421875,73.43000030517578,155.82000732421875,60.5,155.82000732421875,46.43000030517578,155.82000732421875,2382229.975,2184325.98,2143067.456349206,293712395.40423965,-1,False,270,270,1006756975.4821776,270,0.0601571361859158,9.322142464773997,0.0649717224865008,1.8792773450853717,-0.5889210032896833,3.0897043140402545,4.405702713755098,152.47000122070312,147.38999938964844,1639700.0,False,False,True,0.0548508178947273,0.1821857779956727,0.268121062138517,0.6794907365447914,0.827701504516281,0.1220998861400548,0.9208059875712654,False,False,0.194571601019319,1.1782147804444725,0.5568575306657606,1.3920260557596138,0.8973815196538624,1.724616971535904,1.998537101419928,2.3860113974561026,1.1115982224181669,63.0,90.0,90.0,93.0,93.0,95.0,95.0,81.0,90.0,88.0,90.0,53.84615384615385,LSCC
2026-06-16,9.390000343322754,10.010000228881836,9.260000228881836,9.90999984741211,3467035.0,-0.0684523398418451,10.217913662284897,11.024680478978327,11.836000061035156,12.538333384195964,12.449400081634522,8.750300042629242,6.47770003080368,8.829999923706055,18.709999084472656,6.409999847412109,18.709999084472656,3.140000104904175,18.709999084472656,3.0,18.709999084472656,2.8399999141693115,18.709999084472656,1.190000057220459,18.709999084472656,8150168.375,8458744.7,3679060.456349206,65483564.54669547,-1,False,96,96,272636397.67074585,46,0.1119112421251968,1.2457141876220703,0.1326639128940926,-1.852400965604648,-0.5538987893366079,3.8534884320663103,5.624153891519401,10.399999618530272,9.770000457763672,4479200.0,False,False,False,0.0798722015525086,0.4621938225672241,0.5133119828107067,0.9004150264258816,0.5657368403611945,-0.2457467603459081,0.5018707003099467,False,False,-0.3120878677113254,0.6784928096549331,0.275815240894435,1.1407389710867266,1.2626506331420662,2.056626799698746,6.696721412391629,6.124474832849174,2.215285253313709,92.0,3.0,3.0,84.0,84.0,97.0,97.0,34.0,83.0,97.0,97.0,0.0,LWLG
2026-06-16,24.940000534057617,25.57999992370605,24.799999237060547,25.06999969482422,7248717.0,0.0105348551728869,23.567002225134985,22.419420239475883,21.35389701843262,20.9872371673584,20.29956920623779,19.789839668273927,19.61432975769043,17.79430682570851,25.57999992370605,17.169073585762458,25.57999992370605,16.563690603074193,25.57999992370605,16.563690603074193,25.57999992370605,16.563690603074193,25.57999992370605,10.15509061832265,25.57999992370605,6308620.425,6005636.34,7523580.623015873,169629965.89381513,1,False,286,286,761272447.5631714,286,0.0473281879110665,1.169240025368557,0.0468821170942584,4.87600692050314,0.2223668564543717,-0.0211844174171069,-3.547282231838204,25.450000762939453,24.489999771118164,6024300.0,False,True,False,0.031275087006528,0.1804628643335062,0.2950660783474357,0.6116015278483282,1.414223442640218,0.2285975273994427,0.9749804772651574,True,False,0.365029055458788,1.3463382249380056,0.4852354966901859,1.3279869670847075,0.0603462054616039,0.9637972346101408,1.3029628685731065,1.8325254837539204,0.8385130353625626,30.0,96.0,96.0,91.0,91.0,59.0,59.0,90.0,82.0,81.0,78.0,92.3076923076923,M
2026-06-16,34.209999084472656,34.25,33.459999084472656,33.560001373291016,490503.0,0.0257871259280237,32.87285405756469,31.635272371189195,30.05600944519043,29.87259559631348,29.63964939117432,29.21217750549316,30.369289608001708,24.61659559595349,34.790000915527344,24.61659559595349,34.790000915527344,24.57750593907565,36.51934025146308,24.57750593907565,36.73433355261995,24.57750593907565,36.73433355261995,24.57750593907565,45.1042210132543,900947.575,992978.06,1106478.1865079366,25745864.914434053,1,False,270,270,126811789.7125244,334,0.0478851167344207,1.517215648679575,0.0443500639954186,3.476819284451949,0.5668281968354444,-3.444852483338841,-3.631809716442326,34.2400016784668,33.20000076293945,932600.0,False,False,False,0.0230926903440319,0.1385560305559378,0.2662442824138931,0.520409412362681,0.7867246331706463,0.1541971577659495,0.7584655785191307,True,True,0.3479733418929955,1.3295160488565578,0.3250139254364903,1.184728770694371,0.1923319616824108,1.083765133960678,-0.1094800923214934,0.7086090908717784,0.814247931848892,28.0,96.0,96.0,86.0,86.0,75.0,75.0,90.0,78.0,74.0,70.0,92.3076923076923,MAN
2026-06-16,14.420000076293944,15.260000228881836,14.390000343322754,14.539999961853027,38447822.0,-0.0150273402916379,13.887360594844274,13.601917947254917,13.565599975585938,13.445333290100098,12.436800003051758,10.519799990653992,12.558999965190887,11.529999732971191,15.31999969482422,7.630000114440918,15.31999969482422,7.119999885559082,15.31999969482422,6.659999847412109,15.31999969482422,6.659999847412109,16.6200008392334,6.659999847412109,23.450000762939453,42047580.55,42946980.44,47687726.277777776,542059222.7225186,-1,False,328,328,1976393632.4148176,273,0.076698657968248,1.1857143129621233,0.082227067038051,1.9392914363245544,-0.1855423896159347,-2.3206499775950853,-2.7456394909346087,15.229999542236328,14.600000381469728,34567900.0,False,True,True,0.0603328627570076,0.2371706004299074,0.2628293995700926,0.9023746993975748,0.865151911015237,0.1594622469409774,0.6149253563813701,False,False,0.1591640323712644,1.143292034344412,0.5606061075203828,1.3953777540048733,0.251736067994327,1.1377602471539083,-0.0412233967507732,0.7629226604812085,0.8817275184200581,35.0,86.0,86.0,93.0,93.0,80.0,80.0,81.0,93.0,93.0,93.0,92.3076923076923,MARA
2026-06-16,2.380000114440918,2.380000114440918,2.150000095367432,2.289999961853028,518199.0,-0.0124481204652862,2.804828793343633,2.8181270347574463,2.7165999841690063,2.675499991575877,2.276899991035461,3.1022000062465667,7.403349983096123,1.2949999570846558,7.059999942779541,1.184999942779541,7.059999942779541,1.184999942779541,7.059999942779541,1.184999942779541,12.875,1.184999942779541,16.625,1.184999942779541,94.25,8716772.475,7316789.98,2103618.821428572,49568106.38042696,-1,False,19,19,618956096.1510658,19,0.3617501767989188,1.3341428637504578,0.5605642015121748,0.0807773999625827,-0.0224863260186667,-11.932065115203276,-11.795024885070928,2.549999952316284,2.240000009536743,915300.0,False,True,True,0.0966386588294409,1.310924358804317,2.4222687850790847,0.541196900558464,0.6823237941291845,0.0452809187102547,0.0252519906041476,True,False,0.4691358687873657,1.4490195427460288,-0.179310332353844,0.7337995793151425,-0.6837209190327981,0.2874805436480284,-0.9727999986921038,0.0216437252354585,4.14370340586724,97.0,97.0,97.0,16.0,16.0,5.0,5.0,97.0,94.0,93.0,91.0,50.0,MASK
2026-06-16,8.859999656677246,9.300000190734863,8.84000015258789,9.239999771118164,2521571.0,-0.0338059342461843,8.79344484907269,8.578578874947198,8.18239995956421,8.112666654586793,8.421199979782104,9.338499970436096,10.718149988651277,6.605000019073486,9.6850004196167,6.605000019073486,9.6850004196167,6.605000019073486,13.954999923706056,6.605000019073486,13.954999923706056,6.605000019073486,13.954999923706056,6.605000019073486,14.220000267028809,3664626.775,3309613.42,2054505.4404761903,36804468.75383105,-1,False,41,41,99558722.92032242,314,0.0626578211613524,0.469928503036499,0.0530393364837596,0.9824133057873208,-0.659675711546745,-12.27650632992276,-9.95316464732235,9.350000381469728,8.989999771118164,2883500.0,False,False,True,0.0519187422090133,0.1546275863976759,0.3476298555183355,0.4448052546209462,1.0062707263254933,0.0521065498917763,0.6230660682349266,False,False,0.2657142366681779,1.2483832866853182,0.0791716949464205,0.9649149574793016,-0.2394849831080943,0.6912669337471827,-0.1201588952151496,0.700111698792359,1.7837026385048742,89.0,93.0,93.0,62.0,62.0,23.0,23.0,88.0,75.0,70.0,65.0,73.07692307692307,MBC
2026-06-16,18.549999237060547,18.670000076293945,16.600000381469727,16.770000457763672,6374344.0,0.1074626410185402,16.10970508932587,15.231280593706437,14.467200050354004,14.33900006612142,13.76700002670288,13.21550000190735,15.655799975395205,12.350000381469728,18.670000076293945,11.359999656677246,18.670000076293945,10.81999969482422,18.670000076293945,10.81999969482422,18.670000076293945,10.81999969482422,18.670000076293945,10.81999969482422,26.649999618530277,2837213.6,2639796.88,2717335.888888889,43159443.2496355,1,False,222,222,216025056.63585663,494,0.0539083308713661,0.9621429443359376,0.0518675463023037,6.698310765647516,1.8708230909523431,-1.4356908198125895,-5.707958735687479,17.139999389648438,15.9399995803833,5843800.0,False,False,False,0.111590284634008,0.2517520360304855,0.3202156753834387,0.786195228353602,1.289328139519583,0.3474249437844423,0.6960600188587757,False,False,0.4469578532478191,1.4271452024492026,0.5032414106713219,1.3440865143623502,0.1380368162769161,1.0344137893479148,0.0847952528212865,0.8631988698462939,1.0441158973394815,56.0,97.0,97.0,92.0,92.0,70.0,70.0,93.0,89.0,88.0,85.0,100.0,MGNI
2026-06-16,366.30999755859375,379.989990234375,365.3599853515625,375.0,1048747.0,-0.0240062069428708,342.86383848264603,329.9811914182309,323.80095947265625,320.3003621419271,301.11916412353514,268.3421014404297,207.76788215637208,279.96861773733707,379.989990234375,208.31271198964373,379.989990234375,200.34872594073096,379.989990234375,159.28587375480933,379.989990234375,134.30302634682934,379.989990234375,88.01864574846539,379.989990234375,1209818.675,1164694.94,1180059.7103174604,341050176.5799896,-1,False,270,270,920126421.09375,119,0.0511319515162314,21.598294298804376,0.0589617931335591,3.671786784726469,-0.4171630241247231,1.9712420262310408,5.313349682645294,377.6600036621094,367.8800048828125,914900.0,False,False,False,0.0399388632041699,0.2238267881871287,0.2712780720637448,0.8250824937097533,0.8461912782071501,0.2164951328315785,0.963999070956202,False,False,0.2091782028009081,1.192621379510154,0.6015841254416425,1.43201724576067,1.3556550114537282,2.141162739151081,3.120752074194675,3.2789860797331625,1.0252181855056588,54.0,90.0,90.0,93.0,93.0,97.0,97.0,86.0,92.0,90.0,94.0,96.15384615384616,MKSI
2026-06-16,3.869999885559082,4.039999961853027,3.8420000076293945,4.0,3159722.0,-0.0325000286102294,3.6815200586352006,3.5403277480646698,3.4516000080108644,3.43799999554952,3.1521999931335447,3.578599998950958,4.545699998140335,2.8299999237060547,4.289999961853027,2.2300000190734863,4.289999961853027,2.2300000190734863,6.050000190734863,2.2300000190734863,6.510000228881836,2.2300000190734863,6.510000228881836,2.2300000190734863,6.510000228881836,5968340.55,5452646.44,4722488.579365079,18638783.25412073,-1,False,41,41,159099591.65592194,287,0.0642582449389941,0.2427142177309308,0.0627168539814742,3.630825359575629,-0.5356098033986374,-9.315727361588,-9.555014230253802,4.059999942779541,3.700000047683716,5605200.0,True,False,False,0.0511627803821055,0.1963824322835769,0.2919896406816282,0.6725664370322749,0.709290844832404,0.2277139439087383,0.5944700076030254,False,False,0.2524271822186956,1.2352781668853898,0.4175823657585509,1.267496575924586,-0.3484848740270896,0.5921919402220244,0.0431266430638701,0.8300421089210195,1.2638125957739046,75.0,93.0,93.0,90.0,90.0,16.0,16.0,89.0,91.0,89.0,86.0,96.15384615384616,MNKD
2026-06-16,9.3100004196167,10.079999923706056,9.229999542236328,10.06999969482422,3609389.0,-0.0899314920612902,12.18091155679188,11.79669865946576,11.407999897003174,10.340999905268353,8.286599955558778,6.665399987697601,11.763653556108476,4.380000114440918,22.200000762939453,3.109999895095825,22.200000762939453,3.109999895095825,22.200000762939453,3.109999895095825,22.200000762939453,3.109999895095825,22.200000762939453,3.109999895095825,43.57143020629883,7521729.725,7149947.78,2372972.964285714,197712631.7550815,-1,False,21,21,1324914584.8205566,21,0.244356063592517,3.309428487505232,0.355470283388181,0.3474288956091902,-0.2779933532611722,-2.340056346949612,-2.3367234236336585,12.335000038146973,10.109999656677246,7173500.0,False,False,False,0.0912997146250098,0.9087003878104652,1.7980665918682828,0.5053763814533028,1.1462291966557552,0.1235006479794416,0.2136721327607652,True,True,0.7082570175120859,1.6848664953304724,1.0283224640782684,1.8135748865036392,-0.3793333053588867,0.5641523879922846,-0.5958449239021679,0.3215963602559802,3.1697494401349435,95.0,98.0,98.0,97.0,97.0,14.0,14.0,98.0,98.0,97.0,97.0,42.30769230769231,MNTS
2026-06-16,284.9700012207031,298.4200134277344,283.25830078125,288.7900085449219,918099.0,-0.0026249474898352,279.4062021124455,276.9124728243444,276.2932019042969,276.02000122070314,263.82400085449217,234.79030044555665,190.16180004119872,232.30999755859372,323.25,197.0399932861328,323.25,180.82000732421875,323.25,111.18000030517578,323.25,111.18000030517578,323.25,86.4800033569336,323.25,1195867.475,1151493.98,1147789.2817460315,403532660.6440781,-1,False,161,161,1073186365.7104492,21,0.0764033509473414,20.488689967564174,0.0718977081089181,1.1148049457782845,-0.0366055614676844,4.681902841903007,6.062830532780692,291.75,278.739990234375,1125600.0,False,True,True,0.0532045919975343,0.2359195009325975,0.3191213182154397,0.7392784106429632,1.0113121911414595,0.0801519205899454,0.8815777299944412,False,False,0.0505418821850072,1.0361572064915625,0.4532612909516289,1.299398013616848,1.0372461486503588,1.851746339238892,2.04065298238336,2.419524063330761,1.0418876478623595,56.0,64.0,64.0,91.0,91.0,96.0,96.0,78.0,82.0,84.0,95.0,73.07692307692307,MOD
2026-06-16,26.15999984741211,28.75639915466309,26.11000061035156,27.950000762939453,2337910.0,-0.0606822445568825,26.08193344087769,26.72231538105853,30.321999969482423,29.567333285013834,22.967599983215333,16.728749961853026,13.109374985694885,17.479999542236328,51.5,8.0,51.5,8.0,51.5,8.0,51.5,7.349999904632568,51.5,5.699999809265137,51.5,4737235.25,3881534.2,1061754.4047619049,104310223.17467116,-1,False,36,36,1117208055.1071167,36,0.1460548368103538,3.653099741254534,0.1396444863364905,0.9953547083619472,-0.4626209667840176,3.90761252071326,7.887500340325364,28.940000534057617,26.01000022888184,3531600.0,True,False,True,0.1011620244551843,0.3845565567515694,0.5921254498783628,0.6494511540258351,0.5299608077651358,0.1389957969718114,0.507961162085672,False,False,-0.3036997588526463,0.6867660632873146,1.8129031517089689,2.5150885051330136,1.8558952274221765,2.5958539846215003,3.58143601972753,3.645563883338101,4.461705295267704,97.0,3.0,3.0,99.0,99.0,98.0,98.0,93.0,98.0,98.0,97.0,23.07692307692308,MRAM
2026-06-16,278.6700134277344,317.0,278.1300048828125,299.1300048828125,58399992.0,-0.0978049435946482,273.9884911720156,250.8733854557629,231.43120056152344,220.9220001220703,190.4127604675293,137.923197555542,110.632609539032,157.9600067138672,324.20001220703125,86.56667089751132,324.20001220703125,75.20235332344933,324.20001220703125,70.65463146973819,324.20001220703125,70.65463146973819,324.20001220703125,61.32450038161137,324.20001220703125,41968022.3,39521659.84,23421437.666666668,15346734685.293926,-1,False,13,13,34853484914.782715,13,0.1036478802198428,35.656427655901226,0.1279521510668307,3.622486412421442,-0.8472523312379079,13.096063371635507,11.4828733626098,312.9800109863281,288.0899963378906,54963600.0,False,False,True,0.139483953221495,0.2877956304682527,0.5790002451963043,0.497056146100039,1.878952440272812,0.4635049286796902,0.8595620078193525,False,False,0.5753859143494466,1.553814746313,2.070927511542934,2.745794671133944,2.3046325590552144,3.0037318994634528,3.1587050777623045,3.309186239350055,1.7918636292651149,89.0,98.0,98.0,99.0,99.0,99.0,99.0,97.0,98.0,98.0,98.0,73.07692307692307,MRVL
2026-06-16,61.45000076293945,63.7599983215332,61.34999847412109,62.790000915527344,527112.0,-0.0167999877929687,59.77002000535153,57.62038174235272,56.41287612915039,55.90035845438639,54.071118392944335,46.83525016784668,40.64370800971985,47.673936940915446,63.7599983215332,35.66820209130458,63.7599983215332,33.85722360443342,63.7599983215332,33.85722360443342,63.7599983215332,30.967942819167646,63.7599983215332,27.589790323806856,63.7599983215332,920500.3,1027402.24,972149.6507936508,48652667.90069351,-1,False,354,354,104668466.27426147,425,0.0476543090720036,2.9967855725969588,0.0487678687614325,2.798281865617952,-0.3503751641965618,3.644410202815688,3.939271888174729,63.130001068115234,60.38999938964844,633900.0,False,False,False,0.0392188741658337,0.226525597984052,0.226525597984052,1.0,0.956607998051474,0.1364662427799527,0.963770426295422,False,False,0.0961469721300511,1.0811378430569227,0.6646511215514967,1.488407056719072,0.5959419899880796,1.4506247757817003,0.5919589256535989,1.2667617616246098,0.946870987659683,44.0,76.0,76.0,94.0,94.0,92.0,92.0,84.0,91.0,90.0,88.0,80.76923076923077,MRX
2026-06-16,3.059999942779541,3.490000009536743,2.5199999809265137,3.2699999809265137,2752960.0,-0.097345177555374,2.2093119170458237,1.7923530484764325,1.4413199949264526,1.3770999908447266,1.3077400016784668,1.5001500010490418,410.3500748050213,0.800000011920929,9.520000457763672,0.800000011920929,9.520000457763672,0.800000011920929,9.520000457763672,0.800000011920929,318.0,0.800000011920929,500.0,0.800000011920929,5206.0,4384976.5,3513625.2,807738.4206349206,18906022.68116832,-1,False,7,7,122179671.78087234,1,0.6615135242266263,1.3747143149375916,0.4492530524980579,2.982538700019576,-0.2400499933250603,-7.5458073424590175,-10.228022088744996,5.650000095367432,2.700000047683716,36041200.0,False,True,False,0.3169934793296542,2.773856428380538,2.8496734016020797,0.9733945043741092,4.95103063354623,1.339914615177384,0.0005877833159392,False,False,2.0,2.958922125988372,1.0536912236201443,1.836257741928111,-0.9830939229680687,0.0153667077861498,-0.9987334437322932,0.0010078306814468,5.428708586813539,99.0,99.0,99.0,97.0,97.0,0.0,0.0,99.0,99.0,98.0,98.0,96.15384615384616,MTEN
2026-06-16,368.3200073242188,385.53070068359375,367.3999938964844,382.30999755859375,1576916.0,-0.0427527670014529,371.77972986867377,366.74702031514914,374.56920043945314,368.2613342285157,329.055400390625,280.01359954833987,218.85604984283447,285.2699890136719,418.8999938964844,205.69000244140625,418.8999938964844,197.6300048828125,418.8999938964844,163.88999938964844,418.8999938964844,150.8000030517578,418.8999938964844,118.16000366210938,418.8999938964844,1540457.9,1419130.32,1138020.6984126985,618430830.7206116,-1,False,270,270,1016859841.2322998,14,0.0598311694771778,24.66790989467076,0.066974124142424,1.781661472307298,-0.6668575391953644,2.577898767909229,6.3538499928596135,399.0,382.3399963378906,1444800.0,False,False,True,0.0492254192728378,0.178784765405237,0.2328138528855897,0.7679301003325437,1.1653838810236965,0.1193252166260829,0.8792552224654255,False,False,-0.0193823180537715,0.9671904520820412,0.664422334940256,1.4882024927703597,1.0767972633124003,1.8876961589682224,1.855857981220935,2.2724780325320544,1.353629070322374,79.0,32.0,32.0,94.0,94.0,96.0,96.0,84.0,92.0,91.0,93.0,34.61538461538461,MTSI
2026-06-16,1.649999976158142,1.7300000190734863,1.590000033378601,1.7300000190734863,181866.0,-0.0350877547662801,2.018029348390736,2.1150989946219263,2.2255999994277955,2.0639999985694883,1.820400002002716,1.7429999947547912,5.448480027914047,0.9660000205039978,4.309999942779541,0.9660000205039978,4.309999942779541,0.9660000205039978,4.309999942779541,0.9660000205039978,10.0,0.9660000205039978,13.420000076293944,0.9660000205039978,19.030000686645508,5751949.15,4629887.32,1066802.9682539685,30087324.2021948,-1,False,28,28,179035795.49882412,27,0.222753118441892,0.360928578036172,0.2187445959099694,-0.4279228688036465,-0.1662380471928642,-6.55802580855526,-9.633658382086187,1.919999957084656,1.649999976158142,812300.0,False,False,False,0.0848484774047458,0.7278787111207025,1.684848491854357,0.4320143411349668,0.4678897023351315,-0.0936058150170885,0.0867051979307623,True,False,0.4864864458502549,1.4661325448693785,0.0855263137256008,0.9705967843265249,-0.8227712242975308,0.1610913520844074,-0.7950819713390787,0.1630584299582831,5.391763353840485,99.0,97.0,97.0,62.0,62.0,2.0,2.0,96.0,90.0,88.0,85.0,26.923076923076923,MTVA
2026-06-16,1020.760009765625,1110.39990234375,1020.0,1099.3800048828125,43671087.0,-0.0617928299636905,982.4585466149722,921.601014741739,892.7007958984375,860.4359985351563,704.941801147461,553.9500033569336,390.9217066574097,605.469970703125,1110.39990234375,311.489990234375,1110.39990234375,311.489990234375,1110.39990234375,272.0957215109541,1110.39990234375,192.43139181117184,1110.39990234375,103.23020834677516,1110.39990234375,51556909.675,49203229.74,33667092.40873016,50248485770.14766,-1,False,11,11,68589289877.83203,21,0.0727666504976998,85.69570486886161,0.0839528430277534,5.336401456856588,-0.784519837623492,8.520612449671503,11.089440943488215,1097.469970703125,1051.5,44994600.0,False,False,True,0.0885613674898045,0.250842435350307,0.4488713076409585,0.5588292926732351,1.1068799545840544,0.448006073840556,0.9192724239358092,False,False,0.4086054806314485,1.389317974476293,1.2118495824545268,1.977671167432429,3.23654873461844,3.850793197245235,7.851240306379951,7.043154557815755,1.5313739912280295,85.0,96.0,96.0,98.0,98.0,99.0,99.0,96.0,98.0,98.0,98.0,84.61538461538461,MU
2026-06-16,5.5,6.050000190734863,5.494999885559082,5.789999961853027,1564963.0,-0.0725126207059425,6.352709536361204,6.240196096553603,6.123200035095215,5.793000038464864,4.919400024414062,3.878500003814697,3.3781500017642974,3.549999952316284,9.859999656677246,2.6700000762939453,9.859999656677246,2.400000095367432,9.859999656677246,2.400000095367432,9.859999656677246,2.180000066757202,9.859999656677246,2.180000066757202,9.859999656677246,3690604.075,3020315.26,859518.503968254,34149068.12394066,-1,False,18,18,142728083.09354782,18,0.1638262729584858,1.226785659790039,0.2230519381436434,0.5291257206981865,-0.3505093370688864,4.783482026386565,7.158982107504616,6.739999771118164,5.800000190734863,2551500.0,False,False,False,0.1009091463955965,0.7936363220214844,1.0745453834533691,0.7385786903396295,1.12613618354529,0.1180225175233826,0.5578093500515864,False,False,0.267281061435082,1.2499286575087645,0.8835615946217996,1.6841404982127284,1.0295202666346666,1.8447239311958448,0.4322916986808809,1.1397105328181656,4.293804098412187,97.0,93.0,93.0,96.0,96.0,96.0,96.0,94.0,95.0,95.0,94.0,34.61538461538461,MX
2026-06-16,84.38999938964844,94.8000030517578,84.18499755859375,87.65019989013672,2402447.0,-0.0492339188982315,84.13584263140545,84.23160810814278,89.22599975585938,89.26766662597656,69.23459995269775,43.47449993133545,30.03374997615814,67.7699966430664,106.27999877929688,15.859999656677246,106.27999877929688,14.699999809265137,106.27999877929688,14.699999809265137,106.27999877929688,12.770000457763672,106.27999877929688,11.739999771118164,106.27999877929688,6210498.675,5408036.94,2114946.2182539683,404181355.91499406,-1,False,53,53,1751934071.1364746,53,0.1229293365050521,10.448928833007812,0.1238171454980424,1.767923271420502,-0.4182249507506779,14.085961580909167,15.22522360075635,90.75,86.54000091552734,2617600.0,False,False,True,0.1257851116238559,0.4056168219516821,0.4563337174399154,0.8888600742176999,0.6842657957140359,0.2188992129268474,0.7940346288947026,False,False,-0.0860948371619113,0.9013914024588756,4.0202261791040135,4.488712364149922,3.847214252112271,4.405855057230961,6.231362368289569,5.754176935714269,2.936480663856875,95.0,19.0,19.0,99.0,99.0,99.0,99.0,80.0,99.0,99.0,99.0,19.230769230769237,MXL
2026-06-16,2.130000114440918,2.299999952316284,2.109999895095825,2.2300000190734863,7714294.0,-0.0318181507843591,2.076487440539426,2.0823481654541447,2.1076000261306764,2.1106666922569275,2.042400004863739,1.8353000032901765,1.7827500015497209,1.840000033378601,2.430000066757202,1.0800000429153442,2.430000066757202,1.0800000429153442,2.430000066757202,1.0800000429153442,2.6600000858306885,1.0800000429153442,2.6600000858306885,0.7300000190734863,2.9800000190734863,7214962.35,8121515.88,11611404.34126984,15266595.375873351,-1,False,333,333,215098391.25676155,245,0.0779630217697626,0.1728571397917611,0.0811535823964651,0.5285135798844715,-0.4049582986686342,-3.6925244300659656,-3.0993445465477434,2.2300000190734863,2.119999885559082,9061000.0,False,False,True,0.0892019000056862,0.24882620831201,0.276995305952584,0.8983047833836,0.8729120899040833,0.0428907703528051,0.7147651344992801,False,False,0.0441177226817883,1.029821010593245,0.6511629282385931,1.4763469188022422,-0.0093023162973839,0.9004905029783015,0.7459016922051394,1.3892578932795971,0.6213686250125848,15.0,62.0,62.0,94.0,94.0,44.0,44.0,66.0,94.0,92.0,91.0,42.30769230769231,NAK
2026-06-16,19.030000686645508,19.84000015258789,18.8700008392334,19.84000015258789,5758344.0,-0.0532338146525935,20.574990551338317,20.28298746777416,20.17320007324219,19.871666717529298,17.979400005340576,14.339349994659424,14.929203823113896,17.020000457763672,24.5,8.350000381469727,24.5,8.104999542236328,24.5,8.104999542236328,24.5,8.104999542236328,24.5,8.104999542236328,24.5,3878688.6,3646298.88,2798228.305732484,97059706.80027428,-1,False,82,82,352156731.9402695,5,0.0684883918026197,1.840285437447684,0.0967044335809784,0.6042492191936285,-0.581431376378338,-2.27228175120918,-2.052450733946585,20.88999938964844,19.375,5658500.0,False,False,False,0.0509721113165906,0.310036752792692,0.3300052790356734,0.939490282393868,1.5719211695559088,0.0584335784838683,0.7767347219038983,False,False,0.0308776614540733,1.016762240554536,1.0684783783887446,1.849479314437472,0.3079038101156464,1.1888136806947551,0.0,0.0,1.3861229950587206,80.0,57.0,57.0,97.0,97.0,83.0,83.0,55.0,96.0,95.0,94.0,34.61538461538461,NAVN
2026-06-16,265.1000061035156,277.34521484375,253.3999938964844,255.47000122070312,14356390.0,0.0193409414297673,239.03714109769837,227.876593490226,224.77080017089844,217.94000040690105,190.6908006286621,145.49695068359375,122.87922561645507,168.7100067138672,278.8399963378906,89.65299987792969,278.8399963378906,77.12000274658203,278.8399963378906,73.5199966430664,278.8399963378906,73.5199966430664,278.8399963378906,43.88999938964844,278.8399963378906,17284559.75,17464977.8,16208115.833333334,3867446344.450272,1,False,280,280,8459570983.883667,280,0.0985872569476786,27.3016597202846,0.102986265906097,3.788938999806939,0.1842378386820082,5.78853008228244,4.761007441926085,262.8949890136719,245.2400054931641,16699200.0,False,False,False,0.0903252372537311,0.2906269710228062,0.3615239310876034,0.8038941437389447,0.9118797162169884,0.3902086793360986,0.95072446415569,False,False,0.2053287403874624,1.188824626340719,1.2788618751035408,2.0375885687271547,2.0231497174453072,2.7478792515863093,4.624867390102039,4.4758484714453735,1.0664138834973569,59.0,90.0,90.0,98.0,98.0,98.0,98.0,95.0,98.0,98.0,98.0,100.0,NBIS
2026-06-16,20.32999992370605,20.63999938964844,20.165000915527344,20.479999542236328,19465484.0,0.009433989067312,19.12633315712049,18.53153200390472,17.636399879455567,17.549333222707112,18.245399990081783,19.8189000415802,21.06105006694794,14.529999732971191,20.63999938964844,14.529999732971191,22.21999931335449,14.529999732971191,25.100000381469727,14.529999732971191,25.1299991607666,14.529999732971191,25.1299991607666,14.529999732971191,27.18000030517578,23032342.1,22592087.68,18762294.777777776,400601427.0678949,1,False,119,119,1456941423.0613708,119,0.0485858820060027,0.9271425519670758,0.0456046510303214,2.5053026283160933,0.2049313060375686,-6.137516719240639,-9.09459816861886,20.59000015258789,20.020000457763672,23959600.0,False,True,False,0.0233644110134607,0.1446138041191412,0.3005410565473049,0.4811781983483484,0.9292079907508574,0.1142534520897025,0.7479764420692332,True,True,0.3099226368602485,1.2919863578462738,0.0029600130531521,0.8967721474539514,-0.0254075106010543,0.8858517541877786,0.1434195241047342,0.90984767715424,1.2275866237470965,73.0,95.0,95.0,42.0,42.0,42.0,42.0,90.0,79.0,74.0,70.0,100.0,NCLH
2026-06-16,10.489999771118164,11.039999961853027,10.050000190734863,10.210000038146973,4968093.0,-0.0541028289643182,10.844261369156756,10.401137405468344,9.917599906921389,9.745999908447263,9.21379997253418,9.484500045776366,9.975900037288666,8.180000305175781,11.81999969482422,7.070000171661377,11.81999969482422,7.070000171661377,11.81999969482422,7.070000171661377,13.739999771118164,7.070000171661377,13.739999771118164,4.71999979019165,13.739999771118164,1945122.325,2035901.86,2394080.9246031744,16869221.038821507,-1,False,413,413,88257397.44186401,246,0.0570872491788898,0.6521427971976144,0.062168046847164,2.2279870840594818,-0.9200444811290502,-8.9062804882419,-8.105218086587223,11.369999885559082,10.869999885559082,834100.0,False,False,True,0.0943755760456643,0.1830314697985247,0.3450905590604426,0.5303867781745566,0.9725023287713878,0.1385096054166863,0.7634643337599186,False,False,0.2730582600119025,1.2556267510738257,0.2684400472155248,1.1341446221722655,-0.1147679803013546,0.8046279301791669,0.4837340192953803,1.1806444813224757,0.8124714185768007,28.0,94.0,94.0,83.0,83.0,33.0,33.0,84.0,84.0,80.0,76.0,69.23076923076923,NEO
2026-06-16,13.979999542236328,14.789999961853027,13.75,14.760000228881836,118954336.0,-0.0566801734065659,14.57822346148118,14.518426848376416,14.783600006103516,14.5096666653951,12.988400020599364,10.32050000667572,8.10740000486374,12.130000114440918,17.450000762939453,7.789999961853027,17.450000762939453,6.880000114440918,17.450000762939453,6.059999942779541,17.450000762939453,5.860000133514404,17.450000762939453,4.0,17.450000762939453,125510803.4,117899672.72,53674758.07936508,1906295717.4021535,-1,False,231,231,3149090812.8433228,21,0.0645639524891104,1.085714408329555,0.0776619773877243,0.9830423067493942,-0.7736842636916716,10.591807565707215,11.539501781418323,14.920000076293944,14.270000457763672,131110900.0,False,False,True,0.0743919882623016,0.305436380370626,0.3118741597364966,0.9793577660575984,1.113158930573832,0.0763450093979478,0.8011460705450076,False,False,0.0021505185219621,0.9884284476084512,0.6350876292828203,1.4619735836962406,1.2296650055444678,2.026644651890139,1.7236915924967495,2.1673099124820507,2.3383580642211004,93.0,41.0,40.0,94.0,94.0,97.0,97.0,64.0,92.0,93.0,94.0,23.07692307692308,NOK
2026-06-16,2.380000114440918,2.400000095367432,2.130000114440918,2.25,138028.0,0.0530974002141757,2.239670066462466,2.1097493106124308,1.6939999866485596,1.6549999872843424,2.866599991321564,5.846369987726211,5.58826993652648,1.1399999856948853,12.239999771118164,1.1399999856948853,14.789999961853027,1.1399999856948853,22.37700080871582,1.1399999856948853,22.37700080871582,1.1399999856948853,22.37700080871582,1.1399999856948853,22.37700080871582,3897370.7,3509872.56,1517799.5582822086,35721492.5628052,1,False,8,8,705108167.8305626,8,0.5532359122938644,1.178571377481733,0.4951980339541241,-0.3427882980196629,0.1018182914250529,0.512444759176593,0.8980782397191917,2.5799999237060547,2.190000057220459,148800.0,False,True,True,0.1134453646822361,4.6218484170810274,4.647058525948155,0.9945750395166406,4.162510903244875,-0.1697480912418174,0.1063592093858221,True,False,0.6081081647085735,1.586088943179584,-0.8488888816227989,0.1351123079361584,-0.5817223039530973,0.3801917568739804,0.0,0.0,2.567776936508603,94.0,98.0,98.0,0.0,0.0,7.0,7.0,98.0,95.0,93.0,92.0,84.61538461538461,NPT
2026-06-16,34.95000076293945,37.0,33.5,36.459999084472656,612290.0,-0.0350635122849677,35.58321085405545,34.43228451229283,33.23288589477539,32.76978594462077,31.564657440185545,29.5151300239563,35.15981525421142,27.18571406076561,38.29999923706055,23.24732147288409,38.29999923706055,18.23839341556949,39.09726079378844,18.23839341556949,45.98441001396246,18.23839341556949,45.98441001396246,18.23839341556949,58.796896662765576,754404.75,805191.8,869240.0396825396,24335123.776859283,-1,False,179,179,95533286.37313844,155,0.0582974939672555,2.255497263301017,0.0645349703595062,1.66190625965914,-0.5630689420145745,-9.026603780248522,-6.41105913755547,36.970001220703125,35.119998931884766,652100.0,False,False,True,0.1001430593303836,0.1620426591712633,0.2539341974465844,0.6381285419635114,0.9420972742146652,0.1072510712073804,0.5944191402379287,False,False,0.1771569998697177,1.1610386308921998,0.5136305392806684,1.3533756994264865,-0.0533420154001984,0.8604608032540709,-0.3783788093065012,0.4946396178298307,0.8678900137590541,34.0,88.0,88.0,92.0,92.0,39.0,39.0,84.0,85.0,92.0,90.0,69.23076923076923,NSP
2026-06-16,161.25999450683594,163.99989318847656,157.39999389648438,163.51800537109375,2493970.0,-0.0034607143247792,162.21950156218205,155.04844831403804,148.79919921875,143.1529993693034,127.89959976196288,114.08904220581054,113.63795104980468,110.41999816894533,192.8300018310547,94.88999938964844,192.8300018310547,94.88999938964844,192.8300018310547,93.21255900816844,192.8300018310547,93.21255900816844,192.8300018310547,93.21255900816844,192.8300018310547,3253739.25,3021941.4,2269218.134920635,679632941.6006851,-1,False,18,18,2772640071.194458,18,0.0529025778599547,10.777850559779576,0.0668352407721475,3.902621910918272,-0.0519596012467133,6.568500391320978,3.7179823810146257,164.14999389648438,159.17999267578125,3001700.0,False,False,True,0.0409270712936332,0.1640208225799049,0.4665757661921201,0.3515416668948183,0.932518744407155,0.2608326750588814,0.8362806252946138,False,False,0.3446176444300108,1.3262062996994417,0.5903256550536797,1.4219507600229926,0.4082386009310497,1.2800125678365024,0.6357813347911674,1.301632354893811,1.4338591781586474,82.0,96.0,96.0,93.0,93.0,87.0,87.0,92.0,90.0,87.0,86.0,57.692307692307686,NTAP
2026-06-16,22.09000015258789,23.790000915527344,21.899999618530277,23.11000061035156,21777684.0,-0.0691108057852867,23.74752320985904,23.714167354222003,24.484799957275392,23.432999960581466,19.525399951934816,14.24364999294281,11.590624988079073,14.949999809265137,34.16999816894531,7.659999847412109,34.16999816894531,7.659999847412109,34.16999816894531,7.105000019073486,34.16999816894531,6.849999904632568,34.16999816894531,5.440000057220459,34.16999816894531,39694232.1,36585285.68,29758115.01587301,968791644.2653416,-1,False,390,390,3463304261.135483,13,0.1292042475560384,3.4273569924490794,0.1551542312709109,0.8465568134092168,-0.4785026459926914,1.805567712262535,4.717492929994493,26.18000030517578,22.959999084472656,35937300.0,False,False,True,0.0855591346284193,0.6292438938509118,0.7546400205430686,0.8338331876410202,1.098547616971895,0.131346871611659,0.6464735538869277,True,False,0.0361163446897516,1.0219291924669005,1.2494909204763789,2.0113272485239766,1.5715948498479229,2.337440349250966,2.0177595129173684,2.401307153809348,1.3338960508361182,78.0,59.0,59.0,98.0,98.0,98.0,98.0,93.0,98.0,97.0,97.0,26.923076923076923,NVTS
2026-06-16,4.739999771118164,4.849999904632568,4.684999942779541,4.769999980926514,8063354.0,-0.0042017766390675,4.396476463188289,4.148998766135742,3.8773725509643553,3.955980364481608,3.9869215536117553,4.026266798973084,4.124885635375977,3.200000047683716,5.03000020980835,3.200000047683716,5.03000020980835,3.200000047683716,5.03000020980835,3.200000047683716,5.03000020980835,3.038604031119734,5.03000020980835,2.9060792193344023,6.2854614187863245,8458491.35,7849431.08,7671145.849206349,39258372.02444434,-1,False,228,228,76112254.2987585,476,0.0661382280627684,0.3029621720490806,0.0639160731388837,2.95523696451247,-0.0660163532245595,-3.38580592195511,-3.520777608930052,5.03000020980835,4.71999979019165,7808800.0,False,True,False,0.0348101202152809,0.3860760022131683,0.3860760022131683,1.0,1.5955443486739933,0.1888871419665116,0.754121210091434,True,False,0.2590624345128893,1.2418225651603247,0.2557921922584305,1.122835852228355,0.2884990201613382,1.1711757782815415,-0.032961512442163,0.7694968496468095,1.102637274309562,63.0,93.0,93.0,83.0,83.0,82.0,82.0,93.0,84.0,80.0,76.0,96.15384615384616,NWL
2026-06-16,302.8900146484375,319.2900085449219,302.75,311.8999938964844,4262853.0,-0.0411231797947898,305.87583601869136,303.9111400205042,307.5664013671875,305.867333984375,276.7075997924805,245.8284718322754,231.8607384490967,279.3599853515625,339.95001220703125,184.67999267578125,339.95001220703125,184.67999267578125,339.95001220703125,184.67999267578125,339.95001220703125,181.2456912706042,339.95001220703125,181.2456912706042,339.95001220703125,4180941.325,3892113.06,2954649.4166666665,1243825207.1174622,-1,False,48,48,3098041050.0,48,0.0470259565702626,16.114290509905135,0.0532017885390143,1.778534852037342,-0.8061161753531941,0.2324095434296431,1.2390112910938471,320.9700012207031,313.510009765625,3543800.0,False,False,True,0.0546073087424811,0.1612796848394474,0.2000396973330243,0.8062383966265978,1.1462733048150455,0.0946212351073578,0.8909839793268663,False,False,0.0390738066841767,1.0248461590442584,0.5692295603189559,1.4030882032590797,0.334422910593759,1.212918105809406,0.463555368543491,1.164587821341015,1.4150380418793624,81.0,60.0,60.0,93.0,93.0,84.0,84.0,43.0,89.0,86.0,83.0,42.30769230769231,NXPI
2026-06-16,0.3917999863624573,0.4239999949932098,0.3680999875068664,0.3851000070571899,4493050.0,0.0150258519700146,0.484831771945959,0.5161532683354244,0.5535919976234436,0.5186933308839798,0.4663159990310669,0.5614579984545708,1.1135289983451366,0.2750000059604645,1.090000033378601,0.2750000059604645,1.090000033378601,0.2750000059604645,1.090000033378601,0.2750000059604645,1.919999957084656,0.2750000059604645,2.220000028610229,0.2750000059604645,3.150000095367432,24978491.25,21002075.0,5299732.738095238,27136179.89775434,1,False,28,28,325629295.1596558,28,0.2919896066006617,0.0894214298043932,0.2282323453724389,-0.7001516208926462,0.0648611745995183,-13.567036022058392,-12.8620034263502,0.4740000069141388,0.3860000073909759,4880600.0,False,True,False,0.1426748581727357,0.9236856665733094,1.842521875955093,0.5013159836132236,0.2275415643454277,-0.1597972465526433,0.124380944285894,False,False,0.3992856596227814,1.380125766278694,-0.2068825991776368,0.7091465117870799,-0.7735260219405728,0.2058525721510091,-0.8676351414482639,0.1053260474841387,4.713160546842491,98.0,96.0,96.0,14.0,14.0,3.0,3.0,91.0,81.0,76.0,72.0,26.923076923076923,NXXT
2026-06-16,1.1100000143051147,1.2999999523162842,0.7802000045776367,0.9068999886512756,482457048.0,1.0943397626880302,0.6358740041805352,0.5963715912110975,0.5367999958992005,0.5403333306312561,0.6369999986886978,2.267717403238234,0.0,0.4300000071525574,1.2999999523162842,0.4300000071525574,1.659999966621399,0.4300000071525574,23.15999984741211,0.4300000071525574,38.5,0.4300000071525574,38.5,0.0,0.0,12778193.7,10569618.96,0.0,27029774.10634035,1,True,0,0,535527330.1816034,0,0.1394187353574136,0.1171428603785378,0.1055341070890633,7.036049459650827,4.951219741784691,-10.480372604231151,-14.56847976397628,0.5699999928474426,0.5199999809265137,244500.0,False,False,False,0.4682882351709284,0.7297296687753824,0.7837837242807304,0.9310344756712664,4.621674157305666,0.7425431971587368,0.0,False,False,1.1346154904224504,2.1053870016961693,-0.396739133603744,0.5393909384146424,0.0,0.0,0.0,0.0,0.0,0.0,99.0,99.0,6.0,6.0,0.0,0.0,99.0,97.0,96.0,95.0,100.0,OBAI
2026-06-16,20.229999542236328,21.8700008392334,18.799999237060547,20.40999984741211,582303.0,-0.0236486383859264,19.796738952080435,17.38115594325424,15.28159996032715,14.463333320617677,12.99199996948242,9.807799987792968,8.552899994850158,9.470000267028809,27.979999542236328,7.159999847412109,27.979999542236328,4.869999885559082,27.979999542236328,4.019999980926514,27.979999542236328,4.019999980926514,27.979999542236328,2.559999942779541,27.979999542236328,983372.575,828514.06,300312.3134920635,32031328.91054039,-1,False,8,8,360971500.0,8,0.1645055851613102,3.482856954847063,0.1721629774422649,3.2359572636669425,-0.1406890312954815,6.950122405012364,5.813749013361889,23.8799991607666,19.399999618530277,1011900.0,False,True,True,0.15175490220666,0.7998022598923323,0.908057355473789,0.8807838569569504,3.4926628764755057,0.5571120373888252,0.7230164357829516,False,False,0.7173174873352777,1.6938029035410365,2.028443123069318,2.7078082950183355,1.2279735365877995,2.025107198278792,6.721374208350183,6.144091682715201,3.274499681898618,95.0,99.0,99.0,99.0,99.0,97.0,97.0,98.0,98.0,98.0,99.0,80.76923076923077,OCC
2026-06-16,116.2699966430664,119.90989685058594,114.05010223388672,116.98999786376952,3122935.0,-0.015662089912787,116.50026176727162,110.56980032343726,105.10839965820313,100.97899983723958,89.91779983520507,85.25760002136231,86.97782501220703,75.5,142.35000610351562,62.65999984741211,142.35000610351562,62.65999984741211,142.35000610351562,62.65999984741211,142.35000610351562,62.65999984741211,142.35000610351562,62.65999984741211,142.35000610351562,3890393.375,4137824.7,3301110.853174603,573335415.2129879,-1,False,18,18,2167567293.9720154,18,0.0595805062520891,9.040915352957589,0.0777579393995512,3.769002368424658,-0.2046259732882495,-1.519490625356923,-2.1627860727075725,119.30999755859376,114.93499755859376,2854000.0,False,True,True,0.0503981662155544,0.1674980565614599,0.507439660555911,0.330084677216523,0.8648441534993012,0.2930698577607298,0.8167895444873808,False,False,0.4047360318795696,1.3855015086338551,0.4805806500753322,1.323824949914986,0.2893102267642509,1.1719131211197182,0.1927574132033132,0.9491070765660028,1.178510370610153,69.0,96.0,96.0,91.0,91.0,82.0,82.0,94.0,93.0,91.0,89.0,53.84615384615385,OKTA
2026-06-16,118.25,127.83999633789062,118.06999969482422,125.34500122070312,10072152.0,-0.0607625213118558,119.53907287620972,117.54377949263404,118.26359985351564,115.86933288574218,103.55099975585938,83.46099975585938,67.82734998703003,96.08000183105467,134.9199981689453,55.02999877929688,134.9199981689453,54.9900016784668,134.9199981689453,53.5,134.9199981689453,44.560001373291016,134.9199981689453,44.560001373291016,134.9199981689453,12737603.8,12052269.04,9432932.349206349,1393430629.040271,-1,False,179,179,2509885205.379486,179,0.0606200578185567,8.660714830671038,0.0732407173841102,1.9381211075429496,-0.8832990896764324,7.544091527066859,9.581079960304407,126.22000122070312,121.27999877929688,11015800.0,False,False,True,0.0826215360935848,0.2251162377774841,0.261057041160148,0.862325860957661,1.0188849219383174,0.1419493802937319,0.8764453128136621,False,False,0.045442483970582,1.031127632422933,0.9391603950094652,1.7338528047559685,1.1515648102222782,1.9556558070333128,1.317718520953208,1.8442669275196657,1.350333420028364,79.0,62.0,62.0,97.0,97.0,97.0,97.0,78.0,95.0,94.0,93.0,50.0,ON
2026-06-16,316.1499938964844,341.44000244140625,316.0599975585937,332.8500061035156,1037784.0,-0.0589653472510062,297.4402648058614,285.9698408862671,275.4032000732422,277.6830001831055,277.20899993896484,242.3765003967285,193.2473002624512,238.1199951171875,348.760009765625,188.27999877929688,348.760009765625,175.49000549316406,348.760009765625,156.99000549316406,348.760009765625,121.5749969482422,348.760009765625,89.4000015258789,348.760009765625,1208337.1,1138501.68,1090888.4285714286,384958729.6730835,-1,False,403,403,586352360.8398438,4,0.0631750287503669,21.67393057686942,0.0685558468932503,2.049062504436426,-0.9140011539824312,-0.4631884120682707,1.4113958603250336,348.760009765625,332.6499938964844,1512000.0,False,False,False,0.0802783658794646,0.3117033538833486,0.3499605148961789,0.8906814929559129,1.0955788839942686,0.1404752153288437,0.9064972618533436,False,False,0.16329987370526,1.1473712451553242,0.6080056605210091,1.4377589041798768,1.021936509736456,1.8378307071820248,2.33843721314241,2.656478466275228,1.1076633213374316,63.0,87.0,87.0,93.0,93.0,96.0,96.0,87.0,90.0,90.0,91.0,92.3076923076923,ONTO
2026-06-16,1.2899999618530271,1.399999976158142,1.2799999713897705,1.3799999952316284,14162518.0,-0.0514706262616133,1.182208289894438,1.1061681685598497,0.9417200016975404,0.9904333293437958,1.2026599943637848,1.3472299975156783,1.7199149999022485,0.5830000042915344,1.5199999809265137,0.5830000042915344,1.75,0.5830000042915344,1.899999976158142,0.5830000042915344,2.0199999809265137,0.5830000042915344,2.140000104904175,0.5830000042915344,2.9800000190734863,9722572.95,8309266.36,4403165.547619048,17234902.60041697,-1,False,15,15,145099291.82481766,15,0.1454219415766986,0.1658571575369153,0.1285714437531215,0.5648402551180898,-0.4220502358272193,-11.8655510693134,-12.383482075262688,1.4299999475479126,1.2599999904632568,13088300.0,True,False,False,0.093023262261184,0.3178294408880852,0.6565891227157097,0.4840613861733118,1.6168914580324032,0.0726223270904142,0.4328858904685853,False,False,0.6044775245272367,1.582508015991564,-0.0583941917057657,0.8419137869601034,-0.3174603324778647,0.6203915670949977,-0.3707317112883523,0.5007246060796432,2.2080870784559417,92.0,98.0,98.0,30.0,30.0,18.0,18.0,98.0,95.0,94.0,93.0,92.3076923076923,OPTU
2026-06-16,11.380000114440918,13.09000015258789,11.31149959564209,12.774999618530272,3555872.0,-0.0695011823066661,12.17253299888928,11.461386789149952,10.652399997711182,10.11866666475932,9.83839997291565,8.39279998779297,5.2958499950170514,6.323999881744385,14.920000076293944,6.323999881744385,14.920000076293944,5.03000020980835,14.920000076293944,2.1600000858306885,14.920000076293944,1.1799999475479126,14.920000076293944,1.1799999475479126,14.920000076293944,1296521.8,1378087.44,1090836.7936507936,17514869.864279747,-1,False,175,175,235958127.9037237,175,0.1758070092013295,1.9258927617754256,0.1692348631290011,0.9258858191715936,-0.4413534567790887,0.0266262180380598,3.371354960646669,13.800000190734863,11.84000015258789,1114000.0,False,False,True,0.1562829999174543,0.3831282612330137,0.7521968239628687,0.5093457576895145,0.8927932758751506,0.1566921598805877,0.7627345882204348,False,False,0.5893855247153494,1.5676226652686287,0.4702842959899596,1.3146187169207335,6.437908710615159,6.760655915633538,7.306569397687671,6.609746214998471,1.1885570853003806,70.0,98.0,98.0,91.0,91.0,99.0,99.0,97.0,92.0,95.0,99.0,53.84615384615385,OPTX
2026-06-16,1.0800000429153442,1.1200000047683716,1.0299999713897705,1.0399999618530271,35020622.0,0.0285715161537676,0.9575775917268894,0.9339809570843112,0.9129599976539612,0.9016999979813892,0.910279997587204,1.023520000576973,3.577035000026226,0.7250000238418579,1.2100000381469729,0.7250000238418579,1.4600000381469729,0.7250000238418579,1.4600000381469729,0.7250000238418579,2.5,0.7250000238418579,4.670000076293945,0.7250000238418579,83.12000274658203,20401463.05,21697378.44,11317564.373015871,25408579.00142273,1,False,96,96,9234295767.077637,281,0.1362838470319936,0.1186428495815822,0.1098544859880917,1.697228606227512,0.2528605028019926,-9.445968089256173,-11.837453306022931,1.059999942779541,0.968999981880188,32452900.0,False,False,False,0.0833333609280752,0.2592592776557538,0.4490740694749504,0.577319634506787,1.1533422007271767,0.1864481761414087,0.0129932628396087,False,False,0.3170732345558367,1.2990390450914462,0.1261731518053868,1.0069401597329488,-0.6058394017677606,0.3582706220023033,-0.067357469748841,0.7421271212144736,1.8026372439853395,89.0,95.0,95.0,69.0,69.0,6.0,6.0,93.0,84.0,80.0,77.0,100.0,ORBS
2026-06-16,67.70999908447266,69.5999984741211,66.68000030517578,69.05000305175781,813191.0,-0.0167005738554412,65.54183935807708,63.75429650310548,61.713599853515625,62.53066635131836,64.23879974365235,50.64999980926514,38.133549914360046,53.619998931884766,71.72000122070312,39.04999923706055,91.0,31.0,91.0,25.229999542236328,91.0,25.229999542236328,91.0,10.770000457763672,91.0,1777289.775,1690455.82,701830.5198412698,71435568.2816639,-1,False,48,48,527251414.7872925,50,0.0623688939314497,4.081428527832031,0.0602780768426858,0.8964431417268068,-0.2817644650731549,3.326799300540438,4.653423629126293,71.72000122070312,67.72000122070312,1002300.0,False,False,False,0.0431250658459236,0.2538768671368699,0.2673165342424155,0.9497237716939804,0.6621167419802785,0.0540358685821071,0.744065924005194,True,False,0.0933311601940007,1.078360586976855,0.6390703663411292,1.4655346505563756,1.243538714373723,2.03925510132123,4.390923313881466,4.2896932853163445,2.5323631913328053,93.0,75.0,75.0,94.0,94.0,97.0,97.0,82.0,91.0,94.0,96.0,84.61538461538461,ORKA
2026-06-16,28.559999465942383,29.799999237060547,28.07200050354004,29.190000534057617,4341994.0,-0.0199039099469607,26.983554387642968,25.164878154147686,24.41319976806641,23.74299983978272,20.752599925994872,17.014999980926515,17.247349977493286,17.80500030517578,29.799999237060547,10.6899995803833,29.799999237060547,10.6899995803833,29.799999237060547,10.6899995803833,29.799999237060547,10.6899995803833,29.799999237060547,10.6899995803833,29.799999237060547,7977987.35,7726937.88,14751439.65873016,183222848.09556103,-1,False,329,329,1499356345.4832077,361,0.0679610491515583,1.8908568790980749,0.0662064745958034,5.682421280985268,-0.306739198570497,5.329540075258427,3.318063544341888,29.184999465942383,27.142000198364254,6243400.0,False,False,False,0.0605041584675495,0.3399859686990459,0.3399859686990459,1.0,1.073139130762625,0.3762130801822041,0.9583892683602472,False,False,0.224699821599104,1.207930466607867,1.113989561960664,1.8901720253070904,0.717378286664077,1.5610037881408492,1.0473118176656715,1.6290975118445796,0.5408277113670386,12.0,91.0,91.0,97.0,97.0,93.0,93.0,95.0,97.0,96.0,95.0,84.61538461538461,OSCR
2026-06-16,18.040000915527344,20.709999084472656,18.010000228881836,18.46999931335449,2804212.0,0.0470111082304696,17.182391058543644,16.768359223260237,17.123199920654297,16.66266663869222,13.70919997215271,11.431949977874757,8.9307749915123,9.5,20.8799991607666,6.880000114440918,20.8799991607666,6.880000114440918,20.8799991607666,6.369999885559082,20.8799991607666,4.170000076293945,20.8799991607666,3.4600000381469727,20.8799991607666,1930495.3,1786730.24,1304189.7301587302,24830402.52755375,1,False,41,41,262284034.69467163,41,0.0939869696269075,1.742142949785505,0.0965711120494463,3.271213416977309,0.4649454129988266,-0.6328050837629728,1.2946771592392752,17.93000030517578,16.860000610351562,789800.0,False,False,True,0.1496673347320556,0.3381374234047313,0.361973306424635,0.9341501635705104,0.7707997375138174,0.3159047174285678,0.8639847529028833,False,False,0.0953249342821669,1.0803270610647544,0.6875586177413584,1.5088892337586537,1.3830912161747193,2.166100762319445,3.6979170100918735,3.7382507373592473,1.4802258102163122,84.0,76.0,76.0,95.0,95.0,97.0,97.0,97.0,97.0,96.0,96.0,84.61538461538461,OSS
2026-06-16,1.5700000524520874,1.5750000476837158,1.1749999523162842,1.1943999528884888,41294902.0,0.3534483600243967,1.042255559292815,0.8298136639503588,0.6467600059509278,0.5776000047723452,0.4556000030040741,0.4197400021553039,0.8677799999713898,0.2070000022649765,1.5750000476837158,0.1609999984502792,1.5750000476837158,0.1609999984502792,1.5750000476837158,0.1609999984502792,2.0299999713897705,0.1609999984502792,2.5380001068115234,0.1609999984502792,3.390000104904175,24621077.55,20832756.04,7292226.595238095,30047956.557759453,1,False,21,21,138506522.06390798,21,0.2332804213922519,0.1819999814033508,0.1159235511610946,21.10015898999953,2.252747954528856,2.9823987189871684,-3.8133998370612,1.399999976158142,1.1299999952316284,23475000.0,False,False,False,0.2547771222954393,0.5732484112705166,0.8662420373702128,0.661764710716207,1.056259678640196,2.4460053601844423,0.4631268447988637,False,False,5.885965138733405,6.791678202594287,2.964646618584081,3.544891736232434,-0.2070706882181004,0.7207297710883259,-0.1373626334038699,0.6864222515690116,3.3763456508712766,96.0,99.0,99.0,99.0,99.0,25.0,25.0,99.0,99.0,99.0,99.0,100.0,OTLK
2026-06-16,42.72999954223633,47.45989990234375,42.619998931884766,44.880001068115234,2623825.0,-0.05422755082759,41.5201419773286,39.72207019238261,39.06199996948242,37.03516667683919,32.13650001525879,26.25264991760254,26.680375022888185,23.600000381469727,49.38999938964844,16.399999618530273,49.38999938964844,16.399999618530273,49.38999938964844,16.399999618530273,49.38999938964844,16.399999618530273,49.38999938964844,16.399999618530273,49.38999938964844,4780568.125,4153438.5,2834583.4325396824,194546364.19874668,-1,False,370,370,501950439.10217285,34,0.1220231481289153,5.396065030779157,0.1262828244462168,2.610337056845735,-0.4540346991677542,-1.3718226693081208,-0.5164185542531846,48.380001068115234,44.0,4633800.0,False,False,True,0.1132670494338526,0.3166394275436501,0.511116320771317,0.6195056089498666,1.0077439451673595,0.3296407362951044,0.8651548910768367,False,False,0.2257601489986145,1.208976275342268,0.9976624946943784,1.78616102530536,0.761335496253035,1.6009585093675571,1.3646928756991326,1.8816456031941629,1.6865152283476048,88.0,91.0,91.0,97.0,97.0,94.0,94.0,97.0,97.0,96.0,95.0,73.07692307692307,OUST
2026-06-16,279.8999938964844,283.6300048828125,275.2099914550781,283.20001220703125,4963420.0,-0.0163070728512505,275.09400595456094,264.3641310890837,262.39999816894533,251.52433166503903,220.05979888916016,191.21709976196288,195.19299995422364,179.19000244140625,302.95001220703125,143.5,302.95001220703125,139.57000732421875,302.95001220703125,139.57000732421875,302.95001220703125,139.57000732421875,302.95001220703125,139.57000732421875,302.95001220703125,8375040.5,8492070.4,7921650.476190476,2533302468.691956,-1,False,125,125,5053631752.044678,301,0.0496996797595008,14.694290161132812,0.052498358276375,5.1797233666433335,-0.31576990773672,2.927943930332608,1.0871734327682985,285.1199951171875,274.3299865722656,7394100.0,True,False,True,0.0300822208336608,0.1316541868777028,0.2418364386432575,0.5443935066870178,0.96932568999899,0.271926973074553,0.9239147800568668,True,True,0.1526582044471611,1.1368752882802446,0.6543530342073205,1.4791992739738833,0.4601700158152024,1.3272154095092834,0.4260966413794373,1.1347809698915845,1.057234287876276,58.0,86.0,86.0,94.0,94.0,89.0,89.0,95.0,94.0,93.0,91.0,80.76923076923077,PANW
2026-06-16,7.019999980926514,7.039999961853027,7.010000228881836,7.019999980926514,18799584.0,-0.0014225076221027,6.32022530703984,5.854035966530434,5.4419999694824215,5.371666638056437,5.222399978637696,5.21354998588562,5.561674993038178,4.519999980926514,7.050000190734863,4.380000114440918,7.050000190734863,4.079999923706055,7.050000190734863,4.079999923706055,7.050000190734863,4.079999923706055,7.050000190734863,4.079999923706055,7.664999961853027,7997537.1,7061787.68,4142987.634920635,77340149.37611552,-1,False,1,1,552756262.4968529,1,0.0526610499775255,0.3482143538338797,0.0496031844415933,6.939263366752029,-0.0287186004015408,-1.9932645693925128,-3.0817102344272094,7.050000190734863,6.985000133514404,78628200.0,True,True,False,0.0042734662468235,0.3062678206850465,0.330484355835451,0.9267241104675408,2.832792390042517,0.344209560669793,0.9158512740852534,True,True,0.5260869840142413,1.505190847727534,0.4810127257180223,1.324211279775514,0.1778523382541967,1.070603940997071,0.0783409729821584,0.8580630370259369,1.9303791864088449,91.0,98.0,98.0,91.0,91.0,74.0,74.0,94.0,88.0,88.0,85.0,100.0,PAYO
2026-06-16,5.849999904632568,5.994999885559082,4.789999961853027,4.789999961853027,153518.0,0.2187499317030139,6.050018134250376,5.811005926702819,5.517200007438659,4.896833340326945,3.8192399978637694,3.8411100029945375,7.289955016374588,1.350000023841858,14.100000381469728,1.350000023841858,14.100000381469728,1.350000023841858,14.100000381469728,1.350000023841858,14.699999809265137,1.350000023841858,15.0,1.350000023841858,112.1999969482422,2234547.95,1788468.36,543252.3492063492,21051514.70941012,1,False,26,26,295907909.22592163,175,0.3354126703290512,1.5769999367850167,0.2695726431612765,1.9724491402145687,0.665821024722619,-4.675078317394156,-7.198987246837264,5.659999847412109,4.800000190734863,202400.0,False,False,True,0.2059828962991648,0.8564103094966645,2.1794872761504225,0.3929411834004014,0.0580954085203945,0.5317183282288287,0.0521390380013216,False,False,3.270072908227207,4.211604402579,1.543478272136984,2.2741888434448194,-0.2382812453918934,0.6923610660938584,-0.833333328804965,0.1326208626396885,4.113278024962996,97.0,99.0,99.0,98.0,98.0,23.0,23.0,99.0,99.0,99.0,98.0,46.15384615384615,PCLA
2026-06-16,8.1899995803833,8.739999771118164,8.050000190734863,8.699999809265137,8728353.0,-0.0693182496738813,10.064609483371818,10.575133390599644,11.500600051879882,11.038166697820028,9.330100021362306,8.436650009155274,9.83055000305176,7.289999961853027,14.19499969482422,4.929999828338623,14.19499969482422,4.929999828338623,14.19499969482422,4.929999828338623,14.19499969482422,4.929999828338623,14.19499969482422,4.929999828338623,17.3700008392334,5851748.825,5386969.06,4209922.035714285,71430707.50625901,-1,False,5,5,294841129.61034775,364,0.0855408897177227,1.050999982016427,0.1283272327063097,-0.9522215042607864,-0.5804002100753872,-8.966879313895394,-3.797684645347352,9.324999809265137,8.619999885559082,7264200.0,False,False,False,0.0842490373303545,0.755189228673064,0.755189228673064,1.0,1.75345081710939,-0.1221959505652262,0.4715025437353263,False,False,-0.3494837584493725,0.6416089668129827,0.5110700120106657,1.3510862666388872,-0.0671981970992876,0.8478662850344069,-0.2777778244990351,0.5746903519802457,1.3899898324381086,80.0,2.0,2.0,92.0,92.0,37.0,37.0,57.0,89.0,86.0,84.0,0.0,PCT
2026-06-16,8.819999694824219,9.345000267028809,8.800000190734863,8.979999542236328,2445260.0,-0.0167224713198671,8.881529786349162,8.559739787311683,8.196800003051758,8.019333330790202,7.411599998474121,7.505200023651123,11.048550004959106,6.409999847412109,10.699999809265137,5.699999809265137,10.699999809265137,5.699999809265137,10.699999809265137,5.699999809265137,13.55799961090088,5.699999809265137,16.31999969482422,5.699999809265137,18.0,2183206.5,2331867.2,2471414.126984127,20719658.430552483,-1,False,202,202,144998138.46302032,326,0.0632867475828553,0.7257143429347447,0.0822805405946454,2.309493869733425,-0.2066936855595228,-10.859824672821215,-13.262463610253691,9.210000038146973,8.885000228881836,2118800.0,False,False,True,0.0617913940080705,0.1768708019947147,0.4648526129812163,0.3804879160738669,0.8081875331494005,0.1900264041016859,0.4899999830457899,False,False,0.3028064578542511,1.2849676180084937,0.2782608076695316,1.142925614761552,-0.3215384850135216,0.6166847474582231,-0.3866481484957114,0.4880594966282146,0.8833835156005087,35.0,95.0,95.0,84.0,84.0,18.0,18.0,90.0,86.0,83.0,80.0,53.84615384615385,PD
2026-06-16,61.5,66.12999725341797,61.31999969482422,65.0199966430664,566078.0,-0.0551543484386523,59.35219042970899,55.47984323843587,52.2479997253418,51.83533312479655,47.746600036621096,40.22009981155396,33.6614999294281,41.040000915527344,66.9800033569336,30.700000762939453,66.9800033569336,27.549999237060547,66.9800033569336,26.59000015258789,66.9800033569336,23.549999237060547,66.9800033569336,18.1200008392334,66.9800033569336,870009.45,784497.56,394628.0873015873,41653817.80295716,-1,False,33,33,88321466.52374268,7,0.0678704070793103,4.347143173217773,0.0706852548490694,4.075104904880569,-0.8258288707876384,3.1140302462853047,3.942024220885736,66.9800033569336,64.44000244140625,719700.0,False,False,True,0.0782113424161585,0.2603252379874873,0.4217886575838415,0.6171935477798876,1.0520081158697294,0.2880498287381761,0.9181844866783464,False,False,0.3758389026916828,1.3570000569899945,0.8557634620599919,1.6592854783632571,1.0404778117255749,1.8546837458321748,2.173374750423224,2.5251341126723825,2.2046313427637783,92.0,96.0,96.0,96.0,96.0,96.0,96.0,93.0,94.0,94.0,94.0,88.46153846153845,PDFS
2026-06-16,60.380001068115234,66.30999755859375,60.02999877929688,63.79999923706055,2093043.0,-0.0546422095214296,62.02996514295315,58.345388012283856,56.7968002319336,54.070333607991536,43.23580020904541,31.010300159454346,26.61570008277893,33.0,73.23999786376953,16.040000915527344,73.23999786376953,16.040000915527344,73.23999786376953,16.040000915527344,73.23999786376953,16.040000915527344,73.23999786376953,16.040000915527344,73.23999786376953,3178171.075,2843182.86,1504388.6626984128,179020241.73478413,-1,False,34,34,440980243.1819916,34,0.1124994757571431,7.619000026157924,0.1261841651437346,3.1424536895053827,-0.4580650809538653,10.909511646159206,11.085795049926457,67.72000122070312,61.5099983215332,2362700.0,False,False,True,0.1040079275953034,0.2626697636599865,0.5082808559755956,0.5167807533412162,0.9827979548244744,0.3965278953130853,0.8244129277614862,False,False,0.2896198518085429,1.2719615712100478,2.4267876386061635,3.0639782937972897,1.8973128899242024,2.633500395178598,2.131742682454263,2.492006428967362,2.112599724927024,92.0,94.0,94.0,99.0,99.0,98.0,98.0,97.0,99.0,98.0,98.0,61.53846153846154,PENG
2026-06-16,21.864999771118164,22.36000061035156,21.63999938964844,21.82999992370605,2444196.0,0.0011446711701286,20.77461787231054,19.70422902888531,18.66939998626709,18.334499994913735,17.519500007629393,15.68435004234314,15.995425014495847,15.5,22.36000061035156,13.649999618530272,22.36000061035156,11.649999618530272,22.36000061035156,11.649999618530272,22.36000061035156,11.649999618530272,22.36000061035156,11.649999618530272,22.36000061035156,3984037.4,3835477.92,3944492.8412698414,71214578.72175904,1,False,110,110,214399877.02789307,110,0.0445906095892483,0.8549999509538923,0.03910358837887,6.343097840891427,0.029239321595729,2.1231696902127783,0.1303329430832861,22.170000076293945,21.6200008392334,3028700.0,False,True,False,0.0329293953002545,0.1632746275872314,0.2959067155159607,0.551777364371525,0.8423564591919226,0.2480378870171176,0.977862217096531,False,False,0.3496912803324343,1.3312104642097382,0.5651395385240385,1.3994312103775823,0.5311624775898218,1.3917437097796257,0.4007046926336934,1.1145759575599787,1.010025258080435,52.0,96.0,96.0,93.0,93.0,91.0,91.0,91.0,88.0,91.0,89.0,92.3076923076923,PENN
2026-06-16,12.645000457763672,14.18000030517578,12.53499984741211,13.550000190734863,23768935.0,-0.0922469360560358,12.680586042195127,12.719293708342708,13.72419994354248,13.215499941507977,11.197899980545044,8.665849981307984,7.490674991607666,7.03000020980835,20.809999465942383,4.869999885559082,20.809999465942383,4.869999885559082,20.809999465942383,4.869999885559082,20.809999465942383,3.869999885559082,20.809999465942383,3.869999885559082,20.809999465942383,57319975.875,49060252.7,15781302.916666666,527367292.4050827,-1,False,50,50,2738070602.3780823,33,0.1436769805455946,1.9667857033865792,0.1555386027826538,0.8308524586172922,-0.6533502074981973,0.8073910667191253,0.9451493972207275,15.079999923706056,12.84000015258789,44768000.0,False,False,True,0.1300909765292802,0.4610517764059549,0.4610517764059549,1.0,0.7509169128270715,0.1292296305318663,0.6076405950157981,False,False,-0.2082028649761411,0.7809553540387661,0.9246575536338366,1.7208854441081447,0.9453846858097956,1.7682492480087366,2.0323741550148404,2.4129363921462006,3.6321447080560287,96.0,7.0,7.0,96.0,96.0,96.0,96.0,97.0,97.0,96.0,95.0,26.923076923076923,POET
2026-06-16,79.33000183105469,84.45989990234375,79.19999694824219,84.11509704589844,561796.0,-0.0477733266615432,79.20792164977533,78.00544590983544,77.25595581054688,76.84111658732097,71.31945289611816,59.28091701507569,49.2426675605774,64.32078459508278,89.0,46.79416541606652,89.0,42.96171798315662,89.0,34.97716170052519,89.0,30.456414020801404,89.0,30.456414020801404,89.0,1384377.4,1250213.92,980220.2222222222,109188519.30112152,-1,False,179,179,363568439.0258789,179,0.0662479650870693,5.760222363839806,0.0726108941243575,1.5468652746861085,-0.6909448066664511,5.662920675295846,8.74420275334896,83.6500015258789,80.94999694824219,885700.0,False,False,True,0.0663040820962455,0.2267742020488285,0.3110956111847238,0.7289533953411302,0.8433593508541324,0.1123192706848783,0.8913483351803897,False,False,0.0858326350604552,1.0709647363335462,0.6696697767209674,1.49289436440341,1.1903147231025883,1.9908773777647024,0.4646680320825784,1.1654731957072482,1.412312629973627,81.0,73.0,73.0,94.0,94.0,97.0,97.0,79.0,90.0,90.0,94.0,65.38461538461539,POWI
2026-06-16,45.9900016784668,47.040000915527344,45.470001220703125,46.2400016784668,931814.0,-0.0058365035205962,43.89473986177399,41.71176683091717,39.7668000793457,39.23233337402344,37.70119995117187,35.98099996566773,39.60010010719299,33.34000015258789,47.040000915527344,28.770000457763672,47.040000915527344,28.770000457763672,47.040000915527344,28.770000457763672,47.040000915527344,28.770000457763672,47.040000915527344,28.770000457763672,56.95000076293945,1035400.35,1041004.28,1037281.8015873017,39104834.88034096,-1,False,284,284,324446345.8190918,284,0.0471095251718045,2.007856913975307,0.0436585527439851,5.035785732877716,-0.134470061679767,-3.771804432948018,-4.007518699288926,46.63999938964844,45.11000061035156,853600.0,False,True,False,0.034137848174059,0.1933028716067837,0.2978908515533713,0.6489050288009628,0.8374618786389619,0.2198551170262495,0.8075505015338834,False,False,0.2729034131984298,1.2554740245196512,0.3957511567099596,1.2479767346894164,0.2551856562383003,1.1408957359149945,0.1200681963050951,0.8912664382396743,0.9981861712174817,50.0,94.0,94.0,89.0,89.0,80.0,80.0,90.0,88.0,84.0,82.0,96.15384615384616,PRKS
2026-06-16,36.4900016784668,36.95000076293945,35.91999816894531,36.40999984741211,1191840.0,0.0035753868518424,34.11286293074951,32.987800159638404,32.72720001220703,32.30200004577637,30.76360000610352,27.72859998703003,26.36804997444153,25.42200088500977,36.95000076293945,21.01000022888184,36.95000076293945,20.3799991607666,36.95000076293945,20.3799991607666,36.95000076293945,20.3799991607666,36.95000076293945,13.045000076293944,36.95000076293945,1398696.0,1324524.8,1158222.380952381,43584459.10504341,1,False,452,452,88037346.29917145,229,0.042341177206421,1.317500114440918,0.0361057838815718,5.155465366244028,0.0986725288979579,-1.017964225297158,-2.4112175633735218,36.41999816894531,35.34000015258789,1419700.0,False,True,False,0.0282269812720221,0.2006029395852967,0.2006029395852967,1.0,1.1135420038945287,0.1861421183225358,0.9875507692835008,True,True,0.0981041884182667,1.0830682599171046,0.6290179598164212,1.4565465373026871,0.2844069649578229,1.1674563218731482,1.7749051511033542,2.2080618293023497,1.2076230117828346,71.0,76.0,76.0,94.0,94.0,82.0,82.0,92.0,91.0,90.0,88.0,100.0,PRM
2026-06-16,9.6899995803833,10.40999984741211,9.579999923706056,9.770000457763672,2599642.0,-0.010214543601571,9.854755987842646,9.460771089175058,9.146399936676026,8.601333284378052,7.604999971389771,7.876399998664856,8.001499991416932,5.420000076293945,12.529999732971191,4.954999923706055,12.529999732971191,4.954999923706055,12.529999732971191,4.954999923706055,12.529999732971191,4.954999923706055,12.529999732971191,3.839999914169312,12.529999732971191,2794433.55,2543766.84,1598947.388888889,31095764.82126913,-1,False,354,354,67118702.11601257,12,0.0997581758188324,1.046428680419922,0.1079905805711633,2.5387555457815187,-0.0955634945227202,-7.752248625437666,-5.169091715078181,10.3100004196167,9.59000015258789,2519500.0,False,True,True,0.0856553105932356,0.3560371474369731,0.6247678186770775,0.5698711373944779,1.248056288051935,0.2741616853172068,0.7733439574531856,False,False,0.5235848076985508,1.5027229327729936,0.3609550191196971,1.2168646199253064,0.1049029731583648,1.0042969216633988,0.6123126807577728,1.2829577565437962,1.747670729767948,89.0,98.0,98.0,88.0,88.0,66.0,66.0,97.0,94.0,92.0,90.0,53.84615384615385,PSNL
2026-06-16,19.170000076293945,19.450000762939453,18.020000457763672,19.450000762939453,2534222.0,-0.0219387906534079,19.890378470478726,19.163539182045945,18.859999923706056,18.28900000254313,16.28980001449585,14.122900018692016,14.220322603820472,13.640000343322754,21.399999618530277,10.970000267028809,21.399999618530277,8.920000076293945,21.399999618530277,8.920000076293945,21.399999618530277,8.920000076293945,21.399999618530277,8.920000076293945,21.399999618530277,1425618.05,1260488.44,1165374.8494623655,30812907.785865974,-1,False,270,270,78998868.55583191,40,0.054509488356544,1.1839996065412248,0.0617631508518033,2.8627106868605146,-0.3631760541136711,0.6580086780765555,2.010229865981797,19.71999931335449,17.5,3466300.0,True,False,True,0.0745957381056117,0.2034428587902355,0.2556076994798619,0.7959183514589856,1.272175252951943,0.1768100319976355,0.895794412056654,False,False,0.1611144645993902,1.1452157600360928,0.6356654982529126,1.462490271092061,0.5070754460582849,1.3698499035298486,0.0,0.0,1.2233128685226864,72.0,87.0,87.0,94.0,94.0,90.0,90.0,91.0,91.0,94.0,92.0,57.692307692307686,PTRN
2026-06-16,10.039999961853027,10.979999542236328,9.869999885559082,10.33199977874756,26233603.0,0.0749464451637276,9.03845184975428,8.686819745178989,8.492799911499024,8.190333271026612,7.326199951171875,6.073699975013733,5.4232089377161286,5.954999923706055,11.619999885559082,4.505000114440918,11.619999885559082,3.6649999618530273,11.619999885559082,3.009999990463257,11.619999885559082,3.009999990463257,11.619999885559082,3.009999990463257,11.619999885559082,14368037.575,12620346.06,6922761.216417911,197600630.68471,1,False,15,15,452664840.2342796,15,0.1047926195374651,1.1289284910474504,0.1124430772247822,3.29432430096312,0.6200568192017707,6.194778658847737,4.779909462084273,9.65999984741211,9.1850004196167,14466200.0,False,False,False,0.1105577351488734,0.3565736989350858,0.4402390530963876,0.8099547198894601,1.5055498644543508,0.3704239617766727,0.8640275439529373,False,False,0.436337666753166,1.416670434182152,0.6595040736078916,1.4838049497782535,1.8685714176722932,2.607375954564455,0.0,0.0,2.0754778513702004,91.0,97.0,97.0,94.0,94.0,98.0,98.0,96.0,96.0,96.0,97.0,88.46153846153845,PURR
2026-06-16,214.07000732421875,231.19000244140625,213.8000030517578,225.8300018310547,19093912.0,-0.0305239360033346,215.7628863620332,214.8458528655864,219.36221618652343,217.2841542561849,187.12826049804687,162.28699279785155,164.67679168701173,164.18358938734664,258.9635412258548,121.54109371821322,258.9635412258548,121.54109371821322,258.9635412258548,121.54109371821322,258.9635412258548,121.54109371821322,258.9635412258548,121.54109371821322,258.9635412258548,25915812.8,22549774.24,12170526.23809524,4847691450.739673,-1,False,232,232,15120759620.362854,232,0.0780384783915075,17.905859883085586,0.083644879107078,1.721262124402399,-0.3764125419490073,-0.8946027518685344,-2.5970865314770437,226.4600067138672,216.27999877929688,13993800.0,False,False,True,0.0812351043801782,0.2992072511410904,0.3216869844734587,0.9301192326162544,0.840362346793943,0.1439747623072309,0.8266414890330752,False,False,0.066358919562,1.0517576671123523,0.6328040011419731,1.459931733487657,0.2128565128710626,1.102420838649719,0.412758182503129,1.124167222645202,2.129391309217208,92.0,68.0,68.0,94.0,94.0,77.0,77.0,85.0,92.0,89.0,87.0,34.61538461538461,QCOM
2026-06-16,14.119999885559082,14.989999771118164,14.09000015258789,14.75,881088.0,-0.0308853684756762,13.966484486678723,13.500898046526189,12.85120002746582,12.514333375295005,12.856800003051758,17.366800022125243,22.752349977493285,9.920000076293944,15.760000228881836,9.920000076293944,18.0,9.920000076293944,30.5,9.920000076293944,35.58000183105469,9.920000076293944,35.58000183105469,9.920000076293944,35.58000183105469,2068079.7,2373905.76,1584275.746031746,22590033.12624378,-1,False,61,61,312286799.0779877,354,0.0790722049596532,1.080714293888637,0.0765378401308567,1.2836983588674824,-0.416391095972223,-15.031008231392343,-15.228105918750488,14.649999618530272,14.079999923706056,1339500.0,False,False,True,0.0637393502708685,0.216713912494167,0.3626062271286169,0.5976563453150469,0.7227029939048635,0.0982514997672425,0.3968521404975016,False,False,0.3682170836342828,1.3494826006402545,-0.2615063145507051,0.6603060536436863,-0.5097222132079393,0.4456359372694326,-0.5114186826319009,0.3887764441108189,1.3053786281713105,77.0,96.0,96.0,11.0,11.0,9.0,9.0,91.0,81.0,76.0,72.0,73.07692307692307,QDEL
2026-06-16,113.66999816894533,117.91000366210938,112.73999786376952,114.83999633789062,824060.0,-0.0085477832000934,110.99293666230976,107.26908816483972,104.26359985351564,102.34499969482422,95.39319946289062,99.38139938354492,117.7975998687744,84.30999755859375,117.91000366210938,74.51000213623047,117.91000366210938,74.51000213623047,131.30999755859375,74.51000213623047,141.3300018310547,74.51000213623047,155.47000122070312,74.51000213623047,155.47000122070312,758136.5,841121.2,535707.7777777778,73688363.4439621,-1,False,130,130,209389683.99658203,223,0.0420976548902793,5.017857142857143,0.0441440769216799,4.340205306916646,-0.195303160100645,-8.886970757905257,-10.66973496833601,116.51000213623048,110.5,889700.0,False,False,False,0.0454825889119464,0.0981789728325894,0.1799067907720233,0.5457213283127328,0.799380636226979,0.191594356924412,0.7311378225795528,False,False,0.2627194224373534,1.2454294793217144,0.1955195201922979,1.0689445177204169,-0.2547695595709012,0.6773740821000854,-0.1809338581295437,0.6517515320547027,1.4152053254572872,81.0,93.0,93.0,77.0,77.0,22.0,22.0,88.0,86.0,82.0,79.0,92.3076923076923,QLYS
2026-06-16,14.40999984741211,16.149900436401367,13.5600004196167,13.699999809265137,1630409.0,0.0314960323531103,13.19282549801133,12.02668563761615,10.984399967193603,10.714666636784871,9.174199962615967,7.382099976539612,8.042749979496001,7.409999847412109,18.479999542236328,4.190000057220459,18.479999542236328,4.190000057220459,18.479999542236328,4.190000057220459,18.479999542236328,4.190000057220459,18.479999542236328,4.190000057220459,18.479999542236328,1088820.225,974896.18,1027289.7182539684,21264963.322244644,1,False,270,270,263943902.5425911,270,0.1633481269902001,2.297135761805943,0.1594126152762233,3.580075211934128,0.1915426975188378,1.2188706048574236,-0.8695901384110976,16.0,13.699999809265137,2448200.0,False,False,False,0.179729357682803,0.467036753192261,0.7647466773615849,0.6107077899358277,2.2779665625523324,0.5707091524199988,0.7797619158202806,False,False,0.7257484058792021,1.7021183806817108,1.6105072277542725,2.3341211435247886,0.5957918353858807,1.450488293386028,0.4496982349828669,1.1535613516014664,1.059895962796758,58.0,99.0,99.0,98.0,98.0,92.0,92.0,97.0,98.0,98.0,97.0,92.3076923076923,QMCO
2026-06-16,2.0799999237060547,2.309999942779541,1.9600000381469729,2.200000047683716,18385680.0,-0.0545455097166948,1.771600580362558,1.597753356423553,1.432079976797104,1.2669999808073045,0.9565199893712998,0.7782999950647355,0.9220549947023392,0.2829999923706054,3.849999904632568,0.2829999923706054,3.849999904632568,0.2829999923706054,3.849999904632568,0.2829999923706054,3.849999904632568,0.2829999923706054,3.849999904632568,0.2829999923706054,3.849999904632568,42090147.0,33777639.6,7202044.761904762,122654923.4579244,-1,False,25,25,573286535.3959322,25,0.4394486219375124,0.6871428745133537,0.3303571633257716,3.5553924148290976,-0.174636350646359,-4.526856636159868,-7.499805822429483,2.619999885559082,1.4500000476837158,122263000.0,True,True,True,0.1682691910915811,0.6538461273943874,1.7149038668743966,0.3812727582136104,0.8451113913833103,1.1745493526729058,0.5402597338257761,False,False,4.265822448632681,5.193719518261836,2.636363333224961,3.251365271614413,0.8086956233293205,1.6440062981669123,1.86501362573653,2.2797634091761925,5.844194029817193,99.0,99.0,99.0,99.0,99.0,94.0,94.0,99.0,99.0,99.0,99.0,73.07692307692307,QTEX
2026-06-16,12.75,13.039999961853027,12.210000038146973,12.84000015258789,427792.0,-0.0085536282747978,12.289814713244336,11.037763336523888,9.829200038909912,9.077666680018108,7.748199996948242,6.446500000953674,4.580599992871284,4.989999771118164,14.850000381469728,4.769999980926514,14.850000381469728,3.4200000762939453,14.850000381469728,2.9200000762939453,14.850000381469728,1.9049999713897705,14.850000381469728,1.3450000286102295,14.850000381469728,960267.3,836323.84,1326381.7142857143,20281843.07789793,-1,False,197,197,642269958.775878,197,0.1563995424121749,1.7207142966134208,0.1349579840481114,4.783292268833566,-0.0639267407109588,4.622235620197476,5.3020476515371096,13.25,11.970000267028809,361100.0,True,True,True,0.0650980332318474,0.295686310412837,0.743137284821155,0.3978892143515548,0.6989149083685094,0.6455434817146952,0.8585858365303364,True,True,1.0238094625379333,1.9960981991627087,1.0799347083149042,1.8597227114384636,3.307432376920437,3.9152225865125065,6.634730735118023,6.075147291615548,0.7239750741867887,20.0,99.0,99.0,97.0,97.0,99.0,99.0,99.0,97.0,98.0,98.0,73.07692307692307,QTTB
2026-06-16,1.940000057220459,2.0799999237060547,1.8799999952316284,2.0799999237060547,1879475.0,-0.0849055839883471,2.0853307161669807,2.113742262051602,2.459319989681244,2.109999991456668,1.4625999933481215,1.115419997870922,1.240539996176958,0.3000000119209289,4.929999828338623,0.3000000119209289,4.929999828338623,0.3000000119209289,4.929999828338623,0.3000000119209289,4.929999828338623,0.3000000119209289,4.929999828338623,0.3000000119209289,4.929999828338623,27952294.375,22628213.5,4815919.345238095,26860009.5649004,-1,False,34,34,806877000.0,33,0.2025606575047864,0.3681428177016122,0.189764333424335,1.720054930235845,-0.4889402147307864,-3.314504637398868,-3.078981133374433,2.359999895095825,1.7799999713897705,11542200.0,True,False,True,0.1030927435955732,0.4768040850687297,1.634020486791734,0.2917981071368913,0.1927393649525182,0.3264050772894462,0.3935091530975217,False,False,-0.439306348025522,0.5530162842428356,2.409490400195428,3.0485123914355405,0.8834952535026122,1.711995108179672,0.0601092960248652,0.84355563306744,5.8041450388156495,99.0,1.0,1.0,99.0,99.0,95.0,95.0,99.0,99.0,99.0,99.0,23.07692307692308,QUCY
2026-06-16,26.989999771118164,27.899999618530277,26.649999618530277,27.729999542236328,596683.0,-0.0315752078082621,27.123873842567324,26.470792350700407,26.750800018310542,26.40666662851969,22.89680000305176,21.12895002365112,27.224700016975405,19.76000022888184,31.0,13.210000038146973,31.0,8.729999542236328,31.0,8.729999542236328,31.0,8.729999542236328,31.43000030517578,8.729999542236328,71.5,1710789.575,1710571.66,2779275.726190476,35551750.03917112,-1,False,265,265,3328785750.0,265,0.0635472176126508,2.0803572790963307,0.0770788179599211,2.319279579598891,-0.4230047775723844,-1.6836780499218111,-1.7530556910481512,28.5,27.26000022888184,1093700.0,False,False,True,0.0463134498184626,0.1982215793567634,0.2593553189833909,0.7642857687813897,0.8461781133448687,0.1787673285140654,0.3774825142813729,False,False,-0.0022180949217986,0.9841196519489064,0.7279129301448211,1.544971054491384,0.3833931037665099,1.2574293574318656,0.7594523795728185,1.4000405160750051,0.6155523033855159,15.0,37.0,37.0,95.0,95.0,86.0,86.0,89.0,95.0,97.0,97.0,42.30769230769231,QURE
2026-06-16,8.779999732971191,8.960000038146973,8.625,8.899999618530273,1535028.0,-0.0200893196885529,8.629311774636522,7.759305571209549,7.05279993057251,6.459333276748657,5.112499978542328,6.351449989080429,7.008899990916252,2.5199999809265137,10.859999656677246,1.5,10.859999656677246,1.5,10.859999656677246,1.5,10.859999656677246,1.5,11.260000228881836,1.5,13.239999771118164,7486023.2,8927498.56,5757927.492063492,53889268.71884661,-1,False,321,321,1525729708.5443497,321,0.1007373009035468,1.0982856409890311,0.1250894845548436,5.734769559033342,-0.1638920681997507,-3.3257283473260664,-5.204307308241929,9.079999923706056,8.694000244140625,1980800.0,False,True,True,0.0381549029994796,0.2972664847444147,0.7277904397296822,0.4084506590315012,0.4188320809989578,0.7173593681802888,0.6631419852531983,True,True,0.6819923536144121,1.6589614636176473,0.2542856761387415,1.1214888377130756,-0.137524610042771,0.7839433870546164,-0.1022494915443312,0.7143626617902754,1.3001246039166785,76.0,98.0,98.0,82.0,82.0,31.0,31.0,99.0,99.0,99.0,99.0,69.23076923076923,REPL
2026-06-16,131.69000244140625,134.11000061035156,129.6999969482422,131.32000732421875,577074.0,0.0062658161138042,128.34659757051097,124.73310333190156,119.29319946289064,119.98333307902018,120.83179946899412,125.85189918518068,138.0813995361328,100.98999786376952,135.72999572753906,100.98999786376952,141.4600067138672,100.98999786376952,146.36000061035156,100.98999786376952,175.77000427246094,100.98999786376952,175.77000427246094,100.98999786376952,175.77000427246094,1203631.85,1120897.48,896696.3253968254,123203873.85716552,1,False,32,32,283215596.8978882,481,0.0491027421655696,5.958572932652065,0.0452469650101438,1.986036650429997,0.1376180728988371,-10.966279668838194,-11.198631609153086,134.58999633789062,130.4199981689453,633200.0,False,True,False,0.0334877635382499,0.1377477337182038,0.2447414012455454,0.5628297174780149,0.8193589658172842,0.0898621308308693,0.7492177233908107,False,False,0.2801594140696355,1.2626306716943183,0.1041335302080086,0.9872339715183388,-0.1632886272819471,0.7605252916819301,0.03270079915397,0.8217460026679603,1.3422959545053816,79.0,94.0,94.0,65.0,65.0,29.0,29.0,85.0,72.0,66.0,62.0,84.61538461538461,RGEN
2026-06-16,6.099999904632568,8.699899673461914,6.099999904632568,7.900000095367432,8198514.0,-0.3510638135976512,3.68628357010311,2.9445793443159234,2.3691599941253663,2.357499996821085,2.620659990310669,3.3488400053977965,4.220669167382376,1.2319999933242798,15.5,1.2319999933242798,15.5,1.2319999933242798,15.5,1.2319999933242798,15.5,1.2319999933242798,15.5,1.2319999933242798,15.5,8044420.35,6436240.28,2433104.616541353,104473510.57263264,-1,False,1,1,1753421408.8428495,1,0.7244484450274782,1.9373571617262704,0.3175995396745775,4.180289089241441,-1.703351234914919,-19.784083490927376,-19.44366522625517,15.5,1.6859999895095823,186534200.0,True,False,False,0.4262130835206873,2.339016431105198,2.339016431105198,1.0,4.988052030897765,1.3276578904497405,0.3935483809440366,False,False,1.8385295974653293,2.7996626770710105,0.8117017279575409,1.6198887572603733,-0.1504178202683822,0.7722241577154765,0.0,0.0,3.306236935029577,96.0,99.0,99.0,96.0,96.0,30.0,30.0,99.0,99.0,99.0,99.0,96.15384615384616,RGNT
2026-06-16,32.34000015258789,32.994998931884766,32.029998779296875,32.27000045776367,1041970.0,0.0084190976093849,31.26220824245464,29.983280093603383,28.62550743103027,28.223319498697915,27.285113105773927,26.15452892303467,27.18448289871216,23.077930057046533,33.25,22.51051999184398,33.25,21.35613333017309,33.25,21.35613333017309,33.93747064147749,21.35613333017309,33.93747064147749,21.35613333017309,40.25881598296681,2365946.75,2461211.4,2487325.6746031744,61957764.960392,1,False,137,137,376375951.9931793,137,0.0494640603431839,1.4667855671473913,0.0453551502853044,4.084689856018216,0.1840762984113414,-2.000298555841608,-2.56762639470468,33.25,31.770000457763672,2893700.0,True,True,False,0.0298392129880886,0.1264687734474424,0.2870075614632081,0.440646137692977,0.8897313737454654,0.1852617222885646,0.803302316845848,True,False,0.3159865975692766,1.297967287017296,0.4575654429018245,1.303246465735687,0.2257851131168136,1.1141722355991808,-0.1746609949703188,0.6567430070594661,0.951201032561794,44.0,95.0,95.0,91.0,91.0,78.0,78.0,90.0,81.0,81.0,78.0,96.15384615384616,RHI
2026-06-16,27.420000076293945,28.46910095214844,27.170000076293945,27.239999771118164,12126852.0,0.0014609538624332,26.406907805239705,25.65590538375348,25.67319999694824,25.31366672515869,22.14020009994507,18.53230006217957,17.666700029373168,19.059999465942383,28.940000534057617,11.5,28.940000534057617,11.5,28.940000534057617,11.5,28.940000534057617,11.5,28.940000534057617,8.869999885559082,28.940000534057617,17624051.3,18202907.04,25778549.41269841,404528982.200785,1,False,330,330,1793209932.5496674,330,0.0703263070605997,2.0977931703839983,0.076505950566997,3.1170280648332653,0.0190680931237952,0.2675856929491553,1.128884507954078,28.475000381469727,27.239999771118164,10722000.0,False,True,True,0.0473778582144364,0.1814368512136601,0.2629467896338454,0.690013563072254,0.8177729616093232,0.2384711950440761,0.947477524888955,False,False,0.167305250892674,1.151321778216247,0.8678473778114553,1.6700900158692986,0.7921568453900101,1.6289734453499407,1.8209875846717067,2.244730780860273,0.6836711801680533,18.0,87.0,87.0,96.0,96.0,94.0,94.0,92.0,96.0,95.0,94.0,88.46153846153845,RIOT
2026-06-16,1.1699999570846558,1.1699999570846558,0.9200000166893004,0.9605000019073486,4711073.0,0.1359223199841301,1.29699675633101,1.2497671567960085,1.1584400129318235,1.0811666786670684,0.92510000705719,0.930569998025894,1.1267599987983703,0.5400000214576721,2.450000047683716,0.488999992609024,2.450000047683716,0.488999992609024,2.450000047683716,0.488999992609024,2.450000047683716,0.488999992609024,2.450000047683716,0.488999992609024,2.450000047683716,11301814.325,11740289.46,2882960.6071428573,33867225.93114664,1,False,20,20,225494394.3718553,20,0.2994270643365451,0.4410714294229235,0.3769841415395963,0.7022260416034641,0.3174088738371797,-4.045068900024573,-5.189725526387274,1.2200000286102295,1.024999976158142,6721200.0,False,False,True,0.2136751705686314,1.2222221712780794,1.6324787147730169,0.7486910305277822,0.8960867051739625,0.2647280814606307,0.4775509935972448,False,False,0.8483411170908264,1.8230324759113703,0.125,1.0058912147599548,0.0,0.9089458043475224,-0.0999999999999999,0.7161526387963008,3.92021115272907,96.0,99.0,99.0,69.0,69.0,46.0,46.0,98.0,96.0,95.0,94.0,53.84615384615385,RKTO
2026-06-16,44.540000915527344,48.09999847412109,42.0,43.900001525878906,1141415.0,0.096504236502221,41.07345961829554,42.642770955485226,48.3379997253418,46.30899976094564,39.03279983520508,34.88901398887097,0.0,31.600000381469727,77.38999938964844,23.690000534057617,77.38999938964844,21.0,77.38999938964844,21.0,77.38999938964844,0.0,0.0,0.0,0.0,970972.875,835036.3,0.0,34232748.321554184,1,False,102,102,323129893.98651123,34,0.1183607200691152,4.949999673025949,0.1111360478508724,1.269539683682374,0.7919196449656066,7.733504077573571,7.16949076809723,43.18999862670898,37.209999084472656,918200.0,False,True,True,0.1369555085032461,0.3051189913166392,0.6436910955169686,0.4740146219850821,0.8882985086995618,0.1410916230343057,0.0,False,False,-0.1759481675443294,0.8127684000047822,0.9248056218813944,1.721017835707614,0.0,0.0,0.0,0.0,0.0,0.0,9.0,9.0,96.0,96.0,0.0,0.0,91.0,93.0,94.0,92.0,42.30769230769231,RVI
2026-06-16,156.5800018310547,158.6999969482422,153.94000244140625,158.06109619140625,1973657.0,-0.0217418204462056,153.36228813074965,151.5954859306666,151.8379998779297,150.7566665649414,143.94199951171876,121.293999710083,93.96519981384276,140.52999877929688,166.5,91.5199966430664,166.5,91.5199966430664,166.5,76.27999877929688,166.5,61.5,166.5,34.0,166.5,2876538.925,3387741.14,2764823.638888889,436264609.0266716,-1,False,354,354,2466976419.308472,158,0.0410042671442481,7.014142717633929,0.0447959039188285,1.959984311213132,-0.4961398516728448,0.4941767147859162,3.461018689597709,160.4149932861328,152.88499450683594,2131800.0,True,False,True,0.0303997601939731,0.1211839993794356,0.1600459654204932,0.7571824698051307,0.6916247739046556,0.0877992688875148,0.940420431417746,True,False,0.0749690916820011,1.0602499433771655,0.5795420777705698,1.4123088883316457,0.9840345345150838,1.8033798658280749,2.8576004247950624,3.0695896929319053,1.0404059356769702,56.0,70.0,70.0,93.0,93.0,96.0,96.0,54.0,91.0,88.0,91.0,92.3076923076923,RVMD
2026-06-16,27.209999084472656,28.25,26.84000015258789,27.540000915527344,1792118.0,-0.0180440280230891,27.51856273887176,26.133500971955524,24.93,24.2206667582194,21.76259998321533,18.236799964904787,16.657249999046325,16.75,29.86000061035156,12.979999542236328,29.86000061035156,11.18000030517578,29.86000061035156,11.18000030517578,29.86000061035156,10.425000190734863,29.86000061035156,10.425000190734863,29.86000061035156,2593535.45,2464744.36,2195358.404761905,67296856.34939842,-1,False,124,124,165013382.63931274,27,0.0643592461394755,1.491499764578683,0.0548143996605205,4.566503064731512,-0.3352330398397611,2.101503390782785,3.906623608725098,28.899999618530277,27.149999618530277,2510400.0,False,True,True,0.0518191802592424,0.1345093704725878,0.4016905796741819,0.3348581651620775,0.9137709518889008,0.2503101240411851,0.9112524624343032,False,False,0.455858657408253,1.435924131239002,1.093076852651743,1.87147343813316,0.7634477346928785,1.6028784196352344,0.7726383327859803,1.410532910729061,1.1813722280491503,69.0,97.0,97.0,97.0,97.0,94.0,94.0,96.0,95.0,96.0,95.0,69.23076923076923,RXO
2026-06-16,6.210000038146973,7.159999847412109,5.970099925994873,6.751999855041504,81693080.0,0.0498732169393842,5.464800515625923,5.090280728666079,5.252000007629395,4.990666667620341,3.554840005636215,2.4117500045895577,1.8312950010597704,1.919999957084656,7.650000095367432,0.8619999885559082,7.650000095367432,0.3930000066757202,7.650000095367432,0.3930000066757202,7.650000095367432,0.3930000066757202,7.650000095367432,0.3930000066757202,7.650000095367432,28438724.5,24405737.6,11495008.253968254,115924264.25462057,1,False,118,118,846086373.7260818,39,0.1731171050329583,0.8485714367457798,0.136645963209847,5.4660529800656805,0.3476431842029149,6.3493497146201126,2.537228197594512,6.0,5.309999942779541,14533800.0,False,False,False,0.1916102921268734,0.5056360462475219,0.5603864346663222,0.902298869080582,0.9118277171020636,0.7469140744171296,0.811764700749158,False,False,0.0670102843612574,1.0524001130178895,2.5084746356304044,3.137016722834451,4.4955752781875375,4.99518009158453,3.8897638830014314,3.890908119891467,2.47400644450886,93.0,68.0,68.0,99.0,99.0,99.0,99.0,99.0,99.0,99.0,99.0,92.3076923076923,RXT
2026-06-16,249.0500030517578,262.2900085449219,248.3800048828125,262.2900085449219,687033.0,-0.0414517895807057,252.7591202428392,249.19816895964135,250.130400390625,248.1526672363281,219.57860076904296,180.25049964904784,161.79439971923827,213.47000122070312,288.67999267578125,122.16999816894533,288.67999267578125,118.0999984741211,288.67999267578125,118.0999984741211,288.67999267578125,118.0999984741211,288.67999267578125,86.56999969482422,288.67999267578125,937503.325,877532.66,780011.2420634921,202143208.76369703,-1,False,253,253,696862299.7146606,49,0.0617228441254347,17.16856929234096,0.0689362340171221,1.9469878127792548,-0.6273093633530388,1.8924753808269568,4.163275069193864,269.5400085449219,258.82000732421875,600800.0,False,False,True,0.055852252526247,0.2393896582478548,0.3019875146897626,0.7927137600168148,0.8111758484293907,0.1342180074902355,0.8627199992050292,False,False,0.0582561694875825,1.0437658649535029,0.99064824423917,1.7798894049400087,0.5504575451731577,1.4092818805041003,1.8848603934833856,2.2955559815022903,1.2019100167324104,71.0,66.0,66.0,97.0,97.0,91.0,91.0,68.0,94.0,93.0,92.0,42.30769230769231,SANM
2026-06-16,6.139999866485596,6.769999980926514,6.125,6.610000133514404,9326019.0,-0.0822122849074198,7.090082922923707,7.597257054053021,8.412800102233886,8.245000076293945,7.706700029373169,5.850900006294251,4.234075004458427,6.03000020980835,12.0,3.640000104904175,12.0,2.7300000190734863,12.0,1.8200000524520876,12.0,1.2549999952316284,12.0,1.2549999952316284,12.0,9700762.975,10066378.38,6401438.567460317,87436513.24870698,-1,False,243,243,173036662.1632576,83,0.1163994557908745,0.8874285902295794,0.1445323468284576,-1.4065409441449337,-0.6197683923982855,-0.1008894908982451,6.2617935060846985,7.099999904632568,6.570000171661377,7703700.0,False,False,False,0.1050488591127116,0.4315961161224316,0.9723126905552768,0.4438861287267081,0.9222554080070254,-0.2032906635675817,0.5116666555404663,False,False,-0.3760162834071914,0.615439741760973,1.0331125514119668,1.8178578258519948,1.9805825422504355,2.7091879962900047,0.9068322397300272,1.5173143780272438,1.5154035882357368,85.0,2.0,2.0,97.0,97.0,98.0,98.0,13.0,90.0,94.0,97.0,0.0,SATL
2026-06-16,8.670000076293945,23.86000061035156,8.670000076293945,23.01000022888184,209185.0,-0.6305922313614771,15.449475537488508,13.30027324790568,8.751200017929078,8.532000009218851,16.430800070762633,31.075800120830536,63.525700038671495,2.630000114440918,39.86000061035156,2.630000114440918,39.86000061035156,2.630000114440918,60.20000076293945,2.630000114440918,93.1999969482422,2.630000114440918,106.0,2.630000114440918,460.0,2766879.0,2213615.2,450553.7182539682,38505089.37478238,-1,False,13,13,354784050.0,13,0.5809862116628484,9.041999867984227,1.0429065499904004,-0.4529000670761406,-1.6368059558886032,-12.546260307817713,-14.135797398690872,26.93000030517578,20.0,1020000.0,False,False,False,1.7520185006215931,3.9688581889603896,4.294117666470065,0.9242546425661756,3.465917879494141,-0.4723324464447987,0.0188478262528129,False,False,1.2345360362297917,2.203939372972895,-0.7853960458209333,0.1918828730324187,-0.8382462626285343,0.1470253809213247,-0.9747965114061222,0.0200550498481978,6.14106351340855,99.0,99.0,99.0,1.0,1.0,2.0,2.0,99.0,98.0,98.0,97.0,69.23076923076923,SDOT
2026-06-16,9.149999618530272,9.220000267028809,8.760000228881836,8.800000190734863,4160269.0,0.0327313739379744,8.697699816354584,8.487067749928691,8.5403999710083,8.26033329963684,7.564999971389771,6.610999965667725,6.968699967861175,6.159999847412109,10.630000114440918,4.489999771118164,10.630000114440918,4.489999771118164,10.630000114440918,4.489999771118164,10.630000114440918,4.489999771118164,10.630000114440918,4.489999771118164,16.700000762939453,5704769.225,5455863.38,5395989.956349206,58457315.9175458,1,False,312,312,182331512.56656647,474,0.0928385478471973,0.7807142734527588,0.0853239678689912,2.4555523407151765,0.3714546687746388,-2.0259186495563704,-2.8770122974734025,9.300000190734863,8.78499984741211,4654300.0,False,False,False,0.050273230308709,0.2327868553447975,0.3628415639425627,0.6415661227324204,1.0199846499821996,0.2095174690198078,0.5479041437432686,False,False,0.1310258894869491,1.1155391764895377,0.6109154744827892,1.4403606431138682,0.2603304862346443,1.1455721075542526,-0.2726550338615031,0.5787666853503228,1.0572238405090928,58.0,83.0,83.0,93.0,93.0,80.0,80.0,93.0,94.0,93.0,91.0,69.23076923076923,SG
2026-06-16,9.960000038146973,10.520000457763672,9.93000030517578,10.234999656677246,4172048.0,-0.03300972294095,10.428923284690624,10.397151328767226,10.558600044250488,10.21416670481364,9.065100021362303,8.455899968147278,8.532224996089935,7.724999904632568,13.18000030517578,6.110000133514404,13.18000030517578,5.429999828338623,13.18000030517578,5.429999828338623,13.18000030517578,5.429999828338623,13.18000030517578,3.990000009536743,13.18000030517578,5581843.7,5743286.96,5444419.238095238,57410474.52954845,-1,False,397,397,127206489.47238922,244,0.0875652467016963,0.9495714051382882,0.0953384941266479,1.0354607182935336,-0.3580564355119515,-3.1730454921070943,-1.4274156868271275,10.81999969482422,10.05500030517578,3817200.0,False,False,True,0.0592369628843554,0.3709839036819584,0.4216868219732306,0.8797616722903167,0.8765685634485517,0.0987192656094027,0.7556904254574018,True,False,-0.0358179949943637,0.9509798226970028,0.6142625469997591,1.4433533460827437,0.1254236846137748,1.02294913624302,0.9491193303153556,1.5509632797046893,1.0252413445575952,54.0,28.0,28.0,94.0,94.0,68.0,68.0,84.0,89.0,90.0,88.0,42.30769230769231,SHLS
2026-06-16,3.2300000190734863,3.430000066757202,3.1619999408721924,3.3399999141693115,11610922.0,-0.0596797458867415,3.91709757464641,4.076468999821743,4.255199975967408,4.089999985694885,4.053899979591369,3.2345499813556677,2.381664992272854,2.9100000858306885,6.789999961853027,2.000999927520752,6.789999961853027,1.7999999523162842,6.789999961853027,1.350000023841858,6.789999961853027,0.628000020980835,6.789999961853027,0.628000020980835,6.789999961853027,24774328.05,27465536.44,16848919.531746034,140345489.87382823,-1,False,176,176,876877625.3929138,176,0.1654325788377426,0.6894999742507935,0.2134674830276236,-0.952071847434667,-0.2973167967537727,-3.655152760659544,-1.0198443400436448,3.869999885559082,3.380000114440918,21751500.0,False,False,False,0.0829721747066381,0.5845201977442207,1.1232198141043706,0.5203969787608346,0.8370297900505889,-0.203236380933338,0.4756995636553733,True,True,-0.1945137569295969,0.7944570222667546,0.362869272169408,1.21857620243689,2.1980198510615647,2.9068267258424973,1.097402661742239,1.6689560564723216,1.4703808160114509,83.0,8.0,8.0,88.0,88.0,99.0,99.0,52.0,88.0,90.0,94.0,0.0,SIDU
2026-06-16,282.67999267578125,294.9100036621094,270.3299865722656,276.5299987792969,984342.0,0.0227206907307271,274.7002225388675,268.0589250223986,271.80759887695314,267.86377716064453,222.14462463378905,172.89027702331543,132.81509574890137,222.57474427663456,314.3399963378906,104.77568872158189,314.3399963378906,104.77568872158189,314.3399963378906,87.46611891528518,314.3399963378906,79.29413020087527,314.3399963378906,66.16488794793443,314.3399963378906,1171181.05,1066800.84,574998.1825396825,295679137.1013428,1,False,48,48,949424782.019043,48,0.0825237462783157,24.28357696533203,0.0859048308848089,3.1721651615006143,0.2586109446834126,7.769381496004472,9.40040829764182,298.0,273.9599914550781,756600.0,False,False,True,0.0869535083016494,0.2659898273297507,0.2981816735180438,0.8920394878448319,0.8362143771840298,0.2725043117373931,0.899281020452525,False,False,0.0872726000756864,1.0723849844482851,1.2448738575063685,2.007199014675508,2.241828807256096,2.9466466927683608,3.299154346671568,3.4209452555127,2.0368430467502794,91.0,74.0,74.0,98.0,98.0,99.0,99.0,83.0,97.0,96.0,97.0,76.92307692307693,SIMO
2026-06-16,36.130001068115234,37.70000076293945,35.875,37.540000915527344,665514.0,-0.0467018571636489,36.59099855151244,36.36176655391749,36.60000030517578,36.14966697692872,34.291200180053714,31.743200092315675,24.94820001125336,32.18000030517578,39.93000030517578,25.799999237060547,39.93000030517578,25.799999237060547,39.93000030517578,17.25200080871582,39.93000030517578,12.800000190734863,39.93000030517578,8.3100004196167,39.93000030517578,1087650.35,1143322.28,1602389.738095238,33541186.15153923,-1,False,141,141,510638255.9143066,141,0.0450604453911176,1.8599997929164345,0.0514807566545544,1.0416146939848312,-0.9516132552834076,-3.402193242923322,-0.1641015752375558,39.0,37.18000030517578,970500.0,False,False,True,0.0505120594792901,0.1666205446939864,0.1923609343336786,0.8661870211389093,0.6410715620795914,0.0536231125888413,0.904833478386726,False,False,0.040610593255721,1.0263619029740798,0.3052745906711358,1.167079327649326,1.0575172076849642,1.8701716332980776,3.411477767917579,3.510323827205988,0.6787676706497702,18.0,60.0,60.0,85.0,85.0,96.0,96.0,57.0,79.0,74.0,92.0,42.30769230769231,SKYT
2026-06-16,1.7599999904632568,1.8600000143051147,1.5099999904632568,1.534999966621399,31242844.0,0.1354838997466765,1.5501882478664726,1.574514270851733,1.7048000049591066,1.6956666707992554,1.4764000022411343,1.1824000000953674,1.577499996870756,1.25,2.359999895095825,0.5899999737739563,2.359999895095825,0.5899999737739563,2.359999895095825,0.5899999737739563,2.359999895095825,0.5899999737739563,2.759999990463257,0.4199999868869781,5.139999866485596,26410408.6,23294092.88,10589083.904761905,34670581.04171455,1,False,267,267,258896178.2427311,267,0.1322332790675202,0.2000000136239188,0.1136363719929771,1.690381813220343,1.0500001192092814,-4.486879966009834,-6.240379182806509,1.7100000381469729,1.5499999523162842,22404100.0,False,False,False,0.1988636509877099,0.3465909190968542,0.5056818805265528,0.6853931937129297,0.8134501951895712,0.19208885653727,0.3424124584008273,False,False,-0.207207221720147,0.7819373643253502,1.199999955296517,1.967076113337831,-0.0785340203034019,0.8375626360942019,1.838709640205217,2.2588326662327374,2.4941164729201226,93.0,7.0,7.0,98.0,98.0,36.0,36.0,91.0,98.0,97.0,97.0,57.692307692307686,SLNH
2026-06-16,7.53000020980835,7.849999904632568,7.42519998550415,7.599999904632568,4267033.0,-0.0258731964775736,7.831278917404576,7.701467313874743,7.885599994659424,7.411666663487752,6.388800010681153,5.467900021076202,3.8396500092744823,4.829999923706055,9.510000228881836,3.950000047683716,9.510000228881836,3.4600000381469727,9.510000228881836,2.5999999046325684,9.510000228881836,1.3899999856948853,9.510000228881836,1.3899999856948853,9.510000228881836,8322948.325,7513816.66,5845755.686507937,81800481.71865737,-1,False,34,34,240817125.85401532,18,0.1050715781326347,0.7046285697392055,0.0935761686727946,1.9088741002901843,-0.283837212759,3.1594741189918576,5.436216674675316,8.119999885559082,7.53000020980835,5860900.0,False,True,True,0.0564143303176919,0.2855245731025222,0.3532536852767191,0.8082706140173974,0.8339334832798542,0.1786251247838834,0.7917981102607933,True,False,0.0635593631287414,1.0489964439545785,0.4940476719844733,1.3358661579393285,2.7093597615438343,3.371606992070794,3.536144795914769,3.6095245172849655,1.4237591803929557,82.0,67.0,67.0,92.0,92.0,99.0,99.0,95.0,93.0,94.0,96.0,30.76923076923077,SLS
2026-06-16,161.58999633789062,174.1999969482422,161.1999969482422,172.44500732421875,2329795.0,-0.0729202896806203,162.00949345508852,155.16647680433286,153.6132012939453,148.41133448282878,128.47120101928712,106.10380043029784,87.87985027313232,107.1999969482422,177.35000610351562,69.16000366210938,177.35000610351562,69.16000366210938,177.35000610351562,69.16000366210938,177.35000610351562,60.27999877929688,177.35000610351562,39.970001220703125,177.35000610351562,3238644.875,3093537.9,2083621.4087301588,604724625.5635757,-1,False,21,21,1471160544.0582275,21,0.086332137852769,14.321427481515068,0.0886281812369649,2.9086864638441834,-0.8874818330974499,3.922804075449213,4.55059252495507,177.35000610351562,169.47000122070312,2889900.0,False,False,True,0.0804505247516468,0.2088000882344998,0.3248344989339905,0.6427891400689247,0.9395519285540352,0.2577915910790889,0.9111361194065808,False,False,0.1740046284106813,1.157929423672374,1.040020176815868,1.82403411003745,1.2169021496910457,2.0150439076106785,3.1285130009641025,3.2851616443836407,1.5543346125310538,86.0,88.0,88.0,97.0,97.0,97.0,97.0,93.0,96.0,95.0,94.0,69.23076923076923,SMTC
2026-06-16,136.27999877929688,139.0,133.47999572753906,133.41000366210938,1466601.0,0.0239687619594446,129.05654435193998,124.00621179355235,118.44919982910156,117.54699986775717,116.6302000427246,115.87939994812012,110.4153999710083,100.09500122070312,139.5,97.06999969482422,139.5,96.86000061035156,139.5,96.86000061035156,139.5,83.20999908447266,139.5,83.12000274658203,139.5,2248287.525,2073736.02,1812856.75,264125403.3623856,1,False,32,32,966136702.1621704,18,0.0460931167649882,5.771212986537388,0.0423482025112413,3.978433514092987,0.5527438423859292,-4.997168196918934,-5.55033827445483,139.5,132.9600067138672,1338600.0,True,False,False,0.0405048746837787,0.1665688079804318,0.2891473373368061,0.5760689671729825,0.9453035878693952,0.1684795081323193,0.9769175539734544,False,False,0.2901638012197063,1.2724980725260844,0.2945758822561237,1.1575133393791577,0.2095500221358757,1.0994154177688569,0.659320629937381,1.3203631641542173,1.2401903928702585,73.0,94.0,94.0,85.0,85.0,77.0,77.0,89.0,80.0,75.0,71.0,96.15384615384616,SN
2026-06-16,1991.550048828125,2167.330078125,1980.1800537109373,2134.199951171875,9501905.0,-0.0551792114591556,1841.552265299085,1708.8059304998787,1634.2624072265626,1604.0906697591147,1346.818800048828,985.0543014526368,593.0598259544372,1277.3299560546875,2167.330078125,558.5830078125,2167.330078125,517.0,2167.330078125,234.0,2167.330078125,183.0,2167.330078125,40.09999847412109,2167.330078125,13167605.125,13914472.1,11568795.654761905,18503776451.1474,-1,False,202,202,32133583481.00586,39,0.0836509375637895,157.38593401227678,0.0790268535329485,6.057520035780375,-0.7390117758851138,12.117610144407363,15.254226961771524,2119.89990234375,2021.1099853515625,9156400.0,False,False,False,0.0939720417893519,0.3278702903588391,0.4464964831271378,0.7343177443695105,0.8251042811749933,0.478706748640517,0.9188955890609216,False,False,0.4148450704054351,1.3954721278894062,1.7653888610858388,2.47260476512114,8.659278880467536,8.779761011423599,45.86000114889706,37.28768164086702,1.138200165164124,66.0,97.0,97.0,99.0,99.0,99.0,99.0,95.0,98.0,98.0,99.0,92.3076923076923,SNDK
2026-06-16,238.32000732421875,246.7700042724609,234.35389709472656,240.0,3962433.0,-0.0102167599781948,236.21551102574372,222.24565009974447,209.439599609375,199.1703333536784,176.45380065917968,175.3720002746582,205.7315005493164,136.1999969482422,284.989990234375,118.3000030517578,284.989990234375,118.3000030517578,284.989990234375,118.3000030517578,284.989990234375,118.3000030517578,284.989990234375,118.3000030517578,284.989990234375,9100210.825,9326262.66,6041769.575396826,2539760106.030365,-1,False,292,292,10162343400.0,292,0.0562063857627563,20.015651157924108,0.0839864490717899,4.174584450524455,-0.1229033937326703,-5.385695142121322,-7.365074764602778,244.6300048828125,230.0200042724609,5917500.0,False,True,True,0.0520984675904405,0.1428331969569498,0.5186471334708622,0.275395712690224,0.7532881665591005,0.3506085243498584,0.8362399224205209,False,False,0.5134311645187566,1.492708319618299,0.3649484478421223,1.2204352464752242,0.093562223345605,0.9939887947029358,0.1447786324758759,0.9109291538724656,1.5062161360899458,85.0,97.0,97.0,88.0,88.0,65.0,65.0,96.0,94.0,93.0,91.0,57.692307692307686,SNOW
2026-06-16,17.149999618530273,18.02199935913086,17.1200008392334,18.13999938964844,1023340.0,-0.0699566636749704,18.36340741358517,18.85028595926808,19.62400009155273,19.288333320617674,19.00620002746582,15.000499992370605,12.470599992275238,15.300000190734863,25.93000030517578,11.619999885559082,25.93000030517578,8.300000190734863,25.93000030517578,7.360000133514404,25.93000030517578,6.599999904632568,25.93000030517578,6.599999904632568,25.93000030517578,1563918.5,2075818.8,921743.4126984128,31597674.984127045,-1,False,68,68,134907384.65824127,67,0.1124969803281916,2.238642760685512,0.1305331084827954,-0.7481848123911375,-0.5762424171386429,-0.6171569950304452,3.03614688422199,19.25,17.760000228881836,1383900.0,False,False,False,0.052594667053104,0.3656559238635343,0.619825093346089,0.5899340439567596,0.678673880398424,-0.0976628892810322,0.6613960438367998,True,True,-0.1429285645995907,0.8453358779196283,0.5821032635719994,1.4145989099290022,0.7808929817988832,1.6187352037980431,0.5733945154800595,1.251989593476302,1.6966961504195768,88.0,12.0,12.0,93.0,93.0,94.0,94.0,56.0,83.0,93.0,94.0,7.6923076923076925,SPIR
2026-06-16,8.050000190734863,8.295000076293945,7.920000076293945,8.09000015258789,22213.0,-0.0347721770440304,8.790958203888225,8.301268000712835,7.415040035247802,7.256533352533976,6.572320003509521,5.897110013961792,15.103730034828184,4.0,15.789999961853027,2.9800000190734863,15.789999961853027,2.9800000190734863,15.789999961853027,2.9800000190734863,15.789999961853027,2.9800000190734863,29.8799991607666,2.9800000190734863,80.0999984741211,1581705.325,1340990.26,476791.2222222223,24912203.247517634,-1,False,19,19,550705768.3237038,272,0.1744851556823596,2.587857246398926,0.321472942246314,0.6993866277566017,-0.1120618079905954,-5.351365191591842,-7.295800159329269,8.710000038146973,7.929999828338623,58000.0,False,True,True,0.0465838498279299,0.9776397141725596,1.464596233851362,0.6675148355405218,0.7040030999181157,0.2248338769926423,0.1004993800759643,True,True,0.6697780595566729,1.6469144153040565,0.7424243268700221,1.5579460646956294,-0.5138888616940689,0.4418486796097742,-0.8673127897145966,0.1055825508671236,3.3173960662027477,96.0,98.0,98.0,95.0,95.0,9.0,9.0,98.0,97.0,96.0,96.0,50.0,SPRC
2026-06-16,15.81999969482422,16.361000061035156,15.479999542236328,15.960000038146973,2033125.0,-0.0087719513150458,15.50115215567932,14.840925347978018,14.014799880981446,13.88799991607666,14.353199939727784,16.1656999874115,20.50677499294281,12.020000457763672,17.424999237060547,11.65999984741211,20.06999969482422,11.65999984741211,20.36000061035156,11.65999984741211,24.170000076293945,11.65999984741211,24.170000076293945,11.65999984741211,32.220001220703125,4400858.125,4041778.5,2590089.384920635,44071953.93424988,-1,False,55,55,145489736.04278564,354,0.0491877654881935,0.8595715250287738,0.0543344842990102,1.8808170137847076,-0.1628722441894145,-6.655040725474859,-10.854320578204128,16.209999084472656,15.65999984741211,2450100.0,False,True,True,0.0556890351323497,0.2749051268857071,0.3106826234507916,0.8848422992966286,0.8875059580825619,0.1021932225047965,0.4909993511936616,False,False,0.2666132894098474,1.249270029035237,-0.1264495217199713,0.7810637793344334,-0.3154478893549646,0.6222207688280458,-0.3497739521400522,0.5174012222099904,1.699114382160541,88.0,93.0,93.0,21.0,21.0,18.0,18.0,86.0,76.0,71.0,67.0,80.76923076923077,SRAD
2026-06-16,20.82999992370605,22.100000381469727,19.0,21.549999237060547,1252030.0,-0.00334926775607,20.965980874858577,16.71620570019336,12.324399986267087,11.14433331489563,8.930599961280823,7.235249981880188,7.997449992895127,4.370999813079834,46.0,3.6050000190734863,46.0,2.940000057220459,46.0,2.940000057220459,46.0,2.940000057220459,46.0,2.940000057220459,46.0,4264843.25,3423070.6,1599940.1984126985,220405325.7722087,-1,False,12,12,2399374991.2719727,12,0.2199058828024658,7.610928807939802,0.3653830454064481,3.646666396288044,-0.009197260490887,-0.5153296278459107,-2.6078687233104776,23.350000381469727,20.700000762939453,1088900.0,False,True,True,0.1488238306684629,1.9817570984639663,1.998511778175445,0.9916164218322624,4.913749953039239,1.332430073457083,0.4528260852979577,False,False,2.7531530104232305,3.701762494920388,3.0525292733029348,3.623469860953748,1.7847593409880995,2.531195319108704,5.429012303208091,5.115726806440397,2.6656266616909514,94.0,99.0,99.0,99.0,99.0,98.0,98.0,99.0,99.0,99.0,99.0,73.07692307692307,STI
2026-06-16,74.55000305175781,78.55999755859375,74.38999938964844,77.44000244140625,12620973.0,-0.0557314004631173,74.91512964467529,71.53075549121866,69.97040008544921,67.98600006103516,59.048200073242185,45.66516481399536,35.938611116409305,55.20000076293945,81.41999816894531,30.71999931335449,81.41999816894531,28.58849848665184,81.41999816894531,25.82637332420403,81.41999816894531,20.978391985654756,81.41999816894531,20.978391985654756,81.41999816894531,13259104.325,12618953.46,8200974.099206349,989481802.3064286,-1,False,54,54,1653505906.425476,14,0.0500441939807609,5.232857295445034,0.0701925832492859,3.74010955145053,-0.8408396499393116,15.142019249444797,16.357292047010816,80.43000030517578,78.63999938964844,10457100.0,False,False,True,0.055935586830898,0.1836350670905696,0.2996645932043845,0.6128020168379467,1.2375207935825132,0.2625279510516409,0.9156227551991298,False,False,0.2139717185636735,1.1973492594607276,1.2125636812260303,1.9783096613708528,1.885295866741707,2.622577572376122,1.5869995266239605,2.0585405972850337,1.6167718815601615,87.0,91.0,91.0,98.0,98.0,98.0,98.0,88.0,97.0,96.0,96.0,69.23076923076923,STM
2026-06-16,11.5,11.619999885559082,11.109999656677246,11.460000038146973,7719997.0,0.0,10.65330558208791,10.042736229776244,9.744399948120115,9.392333285013835,8.423599977493286,8.801799969673157,12.04521277356655,6.894999980926514,11.649999618530272,5.739999771118164,11.649999618530272,5.739999771118164,11.649999618530272,5.739999771118164,16.6299991607666,5.739999771118164,19.86000061035156,5.739999771118164,27.88999938964844,5510784.925,5166863.94,4644696.260638298,61999047.7717556,-1,False,272,272,207870484.76200104,251,0.0608627372446375,0.5780714579990932,0.0502670833042689,7.265431033663687,0.0,-5.676323911178268,-6.395944925492757,11.649999618530272,11.18000030517578,7055400.0,False,True,False,0.0443478459897248,0.217391304347826,0.217391304347826,1.0,1.206460973694616,0.3652120270105936,0.4123341789770101,False,False,0.3038549203973859,1.2860017243475443,0.6106442878213183,1.4401181681980162,-0.1756272288719262,0.7493101715352029,0.0,0.0,1.186468310468741,70.0,95.0,95.0,93.0,93.0,28.0,28.0,96.0,94.0,92.0,91.0,96.15384615384616,STUB
2026-06-16,1031.3399658203125,1097.0,1013.260009765625,1047.728515625,5495487.0,0.0123085769312867,924.9892708612786,879.055518621385,860.073193359375,848.0783284505209,737.3569970703124,569.9916091918946,412.1544533538818,695.1400146484375,1097.0,351.4200134277344,1097.0,341.40447161248795,1097.0,273.5140702703657,1097.0,227.61473970579453,1097.0,125.98621128636958,1097.0,4115172.175,4012263.74,4103474.551587302,3012231063.6848083,1,False,179,179,7297459588.961792,179,0.0614954468147554,63.31999424525669,0.0613958503924483,6.493896257367463,0.1980413639769577,12.01241416148698,11.61307908172612,1032.52001953125,990.780029296875,5774200.0,False,False,False,0.0811953313258538,0.2861422955880861,0.3896484172723095,0.7343602152709705,0.8807518470857053,0.398698283081413,0.9401458211671034,False,False,0.2965165296041274,1.2787638153851038,1.4534875186298724,2.193725813789324,2.601200934960368,3.2732964804446008,7.208002444310214,6.531314010821385,1.0028506630821368,51.0,94.0,94.0,98.0,98.0,99.0,99.0,93.0,98.0,97.0,98.0,100.0,STX
2026-06-16,2.859999895095825,3.200000047683716,2.5,2.5999999046325684,2249486.0,0.1259842275782341,2.5251267394893997,2.19333346778873,1.8531999969482424,1.812333329518636,1.6617999982833862,1.6131000018119812,1.4681000006198883,1.090000033378601,9.449999809265137,1.090000033378601,9.449999809265137,0.959999978542328,9.449999809265137,0.6800000071525574,9.449999809265137,0.6800000071525574,9.449999809265137,0.6800000071525574,9.449999809265137,9116342.15,7343205.72,2489791.611111111,99946728.48081616,1,False,8,8,1882969488.647747,8,0.3223553682116795,1.052857152053288,0.3681318848503006,1.9586060389609563,0.3039348050385868,0.4204079616972596,-0.6249876997228252,3.049999952316284,2.470000028610229,1879300.0,False,False,True,0.2447552704054424,2.9160839513529377,2.923076951933396,0.9976076577197762,4.843438949712552,0.7210253328018781,0.3026454976530024,False,False,0.7333332948010371,1.7095994125663716,1.1185184033973412,1.894221378030819,1.2698412037640616,2.063162638696473,0.7987420346266241,1.431304282901871,3.661488017437604,96.0,99.0,99.0,97.0,97.0,97.0,97.0,99.0,97.0,97.0,98.0,92.3076923076923,SUNE
2026-06-16,41.400001525878906,45.290000915527344,39.95500183105469,41.0,438651.0,-0.01334598595835,50.755426209009855,50.20510480853037,47.88359962463379,44.80099970499675,42.804599838256834,42.71406236290932,0.0,26.399999618530277,83.30000305175781,25.75,83.30000305175781,11.25,83.30000305175781,11.25,83.30000305175781,0.0,0.0,0.0,0.0,666016.275,791679.02,0.0,42834524.06409492,-1,False,90,90,1213542000.0,90,0.1820560564520124,11.226785387311663,0.2711783810030505,-0.1210059254086371,-0.0498804902093034,-3.6566738720485,-3.274326045098779,48.29999923706055,41.43000030517578,543900.0,False,True,False,0.1288647074357661,0.9600240012634572,1.2975845687945613,0.7398546687059532,0.7263361608344755,-0.0328141909440901,0.0,False,False,0.3967612138459613,1.377635886790397,0.3354839201896422,1.1940902602417296,0.0,0.0,0.0,0.0,0.0,0.0,96.0,96.0,87.0,87.0,0.0,0.0,95.0,88.0,98.0,98.0,42.30769230769231,SWMR
2026-06-16,134.94000244140625,142.7198944091797,134.5,138.80999755859375,342213.0,-0.0377236928425145,135.8269295354414,132.66750420414434,134.49039978027344,131.05266672770182,112.13860031127928,95.85280029296877,84.11735019683837,100.0999984741211,149.11000061035156,64.52999877929688,149.11000061035156,64.52999877929688,149.11000061035156,64.52999877929688,149.11000061035156,58.27999877929688,149.11000061035156,58.27999877929688,149.11000061035156,977730.325,903942.26,604042.5119047619,116621181.11508484,-1,False,497,497,273086196.6644287,39,0.0678538003574855,9.827134813581194,0.0728259569866862,2.792030914367815,-0.5383047435985097,1.1759434050560549,2.8899541798093837,146.0,139.55999755859375,463000.0,False,False,True,0.0609151790459536,0.1911960497671265,0.2620423889921419,0.7296378669973889,0.9232794360117648,0.2033323232752488,0.9049694982835268,False,False,0.0523279024989169,1.0379187714996598,0.809817688571707,1.6182041895568426,0.7427353985479221,1.5840520285980408,1.1923639986035297,1.74451918089103,1.6186448896069696,87.0,64.0,64.0,96.0,96.0,94.0,94.0,88.0,95.0,93.0,92.0,53.84615384615385,SYNA
2026-06-16,83.41000366210938,84.92500305175781,81.69999694824219,83.54000091552734,1313827.0,-0.0020339574685454,78.62342198582783,76.07410469730885,74.72400085449219,74.55616734822591,71.27790008544922,55.60790012359619,40.17462506771088,64.66999816894531,84.92500305175781,40.90999984741211,84.92500305175781,32.349998474121094,84.92500305175781,28.0,84.92500305175781,21.6299991607666,84.92500305175781,13.93000030517578,84.92500305175781,1083373.175,1254654.54,847942.9642857143,77715211.8517044,-1,False,245,245,339196799.4541168,64,0.0595781707006122,4.5967864990234375,0.0551107336914267,3.088481612429674,-0.0369819588056629,7.176487115312636,6.8571653928608525,84.69000244140625,80.79000091552734,1156400.0,False,True,False,0.0386645002028773,0.1811533382921499,0.2428366382150601,0.7459884950792206,1.0031069588286827,0.1702084876534799,0.982160737883929,True,False,0.1133209516906155,1.0980766657612646,0.8978385031666327,1.6969058465497764,1.4809638998234598,2.2550617274822,3.824175780534675,3.838718016941235,1.2776486398617697,75.0,80.0,80.0,96.0,96.0,98.0,98.0,84.0,95.0,96.0,96.0,100.0,SYRE
2026-06-16,7.599999904632568,10.5,7.144000053405762,9.289999961853027,17753753.0,0.3996317025589821,5.883329592170982,4.488520653672685,3.663399938344956,3.245833280682564,2.3134999722242355,1.567949985563755,4.937024973481893,0.202000007033348,30.0,0.202000007033348,30.0,0.202000007033348,30.0,0.202000007033348,30.0,0.202000007033348,30.0,0.202000007033348,39.5,18619051.725,15690184.18,3766420.744493392,25982024.134572577,1,False,32,32,2518385291.6431427,34,0.3531754744516671,3.1176428124308586,0.4102161646779106,5.570394617319536,0.6960387083605558,1.2254549411870723,-0.467475270583719,6.5,5.300000190734863,265100.0,False,False,False,0.4415789458824327,3.5260526748996366,3.5260526748996366,1.0,0.39132663004852,2.2850659156592976,0.1924050608767739,False,False,6.307692484037417,7.207630993645747,8.440993586466236,8.441433339761302,4.170067861711388,4.699311491094532,0.0,0.0,4.943433829643582,98.0,99.0,99.0,99.0,99.0,99.0,99.0,99.0,99.0,99.0,99.0,80.76923076923077,TDIC
2026-06-16,8.630000114440918,8.975000381469727,8.260000228881836,8.789999961853027,30661298.0,-0.0325112062076927,8.97731046041122,8.811423004767716,8.796400032043458,8.26233336130778,6.929200024604797,6.984100015163421,5.656950013041496,5.019999980926514,12.489999771118164,3.740000009536743,12.489999771118164,3.740000009536743,12.489999771118164,3.740000009536743,12.489999771118164,2.5199999809265137,12.489999771118164,1.149999976158142,12.489999771118164,34384174.95,31999399.96,15352842.055555556,466982099.6492828,-1,False,27,27,930324039.6039964,27,0.1549228626151118,1.2659285749707905,0.1466892883179065,1.673292137238395,-0.2290808246110715,-4.159463598028088,-2.8278846517552725,9.5649995803833,8.569999694824219,31049000.0,False,True,True,0.0828505380192814,0.5944379570771419,0.7427577940220423,0.8003119749955813,1.181067765246933,0.245454032759449,0.6909527840342241,True,False,0.5220458550825458,1.501205052457545,0.10783057210543,0.9905395910429748,0.6130841622946936,1.466206081377199,5.488721681184356,5.163239060438828,2.2395967356127264,92.0,98.0,98.0,66.0,66.0,92.0,92.0,96.0,96.0,95.0,94.0,50.0,TE
2026-06-16,26.920000076293945,28.36000061035156,26.795000076293945,27.68000030517578,1899558.0,-0.0288600020518448,27.22162673741033,26.46204784351641,25.95520011901856,25.19133345286052,22.83880012512207,21.553400077819823,24.44105002403259,20.059999465942383,30.93000030517578,15.729999542236328,30.93000030517578,15.729999542236328,30.93000030517578,15.729999542236328,30.93000030517578,15.729999542236328,30.93000030517578,15.729999542236328,35.689998626708984,3600486.45,3636321.16,2197871.261904762,101892597.838365,-1,False,131,131,224669226.6023636,131,0.060181443532183,1.674642835344587,0.0622081289226776,2.8725490292066387,-0.4777133488860823,-4.5203973617998905,-5.453211547737824,28.3700008392334,26.729999542236328,1915900.0,True,False,True,0.0581352351271267,0.1983654617423913,0.2949480130592448,0.6725438143655051,0.8136013486773538,0.1786959003455992,0.7542729367366263,False,False,0.2526756799910961,1.2355232620710612,0.3300395445017707,1.1892223049757005,0.0243530963822866,0.9310814491270726,-0.1550533722354221,0.6723452856840423,1.638169856627397,87.0,93.0,93.0,87.0,87.0,52.0,52.0,88.0,91.0,88.0,85.0,53.84615384615385,TENB
2026-06-16,409.3500061035156,436.25,409.2200012207031,431.135009765625,3972486.0,-0.0533290103450361,392.1314461217711,381.7625826706974,371.6189074707031,370.3295166015625,368.7833465576172,332.4174835205078,250.2026607513428,309.29317720231205,437.7699890136719,272.96690613152737,437.7699890136719,262.9206973192305,437.7699890136719,193.24617523087468,437.7699890136719,151.28516580197692,437.7699890136719,83.90521568173003,437.7699890136719,4004779.65,3780003.72,3668304.706349206,1401422073.2139068,-1,False,321,321,3335094922.6379395,133,0.0678120443954359,30.05857195172991,0.0734300024515664,1.4980434275325696,-0.767168766221664,4.469143176043316,5.485927843653792,437.7699890136719,423.0299987792969,4558000.0,False,False,False,0.0660315094082631,0.2380114601760708,0.3138556489452472,0.7583469055788522,1.0785514782509262,0.1100013325562696,0.9350801022834192,False,False,0.2119823750175289,1.195387155249101,0.3677509053449896,1.2229409952591108,1.118611184402087,1.925702747106012,3.939791783150582,3.9307165784528593,1.0917249167083676,62.0,91.0,91.0,88.0,88.0,97.0,97.0,86.0,85.0,83.0,92.0,96.15384615384616,TER
2026-06-16,50.540000915527344,50.79990005493164,49.0,50.4900016784668,1934214.0,0.0047714052108764,46.04790234387903,43.37260141711614,41.68720001220703,41.64250005086263,38.99560005187988,34.50000003814697,33.42074997901916,34.869998931884766,50.79990005493164,29.71999931335449,50.79990005493164,26.76000022888184,50.79990005493164,26.76000022888184,50.79990005493164,26.76000022888184,50.79990005493164,25.280000686645508,50.79990005493164,2183232.85,2080066.28,2009321.880952381,86390309.04201737,1,False,470,470,276741794.04907227,41,0.0463647825153614,2.3406358446393694,0.0463125406062321,6.392300532114993,0.1025369576461283,3.7499370780429215,1.0422888683742353,50.59999847412109,48.02999877929688,2580400.0,False,True,False,0.0356133759858848,0.2540542290832092,0.2834369078218501,0.896334323696796,1.2810800432763132,0.2960436779608149,0.9948838651429774,True,False,0.2794936940639834,1.2619740671428392,0.6039352760525449,1.4341194695331891,0.6121212217081946,1.4653308205712652,0.4034991188906973,1.1167995528242844,1.0865520704752334,61.0,94.0,94.0,93.0,93.0,92.0,92.0,92.0,90.0,91.0,90.0,100.0,TGTX
2026-06-16,16.690000534057617,17.204999923706055,16.600000381469727,16.950000762939453,1704120.0,-0.004176592712904,16.98096272432367,17.013178803522838,16.196200065612793,16.369166723887126,17.77300012588501,19.693300046920776,18.498250045776366,12.260000228881836,20.6200008392334,12.260000228881836,26.3799991607666,12.260000228881836,29.649999618530277,12.260000228881836,29.649999618530277,12.260000228881836,29.649999618530277,9.979999542236328,29.649999618530277,2659373.0,2436978.4,2098557.222222222,44574223.304561615,-1,False,116,116,312014426.12457275,116,0.0761457105013896,1.4200000081743511,0.0850808845258392,-0.7162020382993364,-0.0492955594515912,-9.218090063935872,-9.324545625906085,17.010000228881836,16.295000076293945,1682900.0,False,False,True,0.0362492224611836,0.3139604887429293,0.4285800241292736,0.7325597812935598,1.0079867757547625,-0.0609351029177165,0.5629005311563956,True,True,0.3018721475317836,1.2840461008465975,-0.3019656779352069,0.6241303041474633,-0.2197287980225636,0.7092242352905889,-0.1960500794774526,0.6397231744914428,1.2672387351839347,75.0,95.0,95.0,9.0,9.0,24.0,24.0,89.0,76.0,71.0,67.0,61.53846153846154,TNDM
2026-06-16,32.15999984741211,33.13999938964844,31.950000762939453,32.84000015258789,3094263.0,-0.0224924511898492,28.843532361997447,26.44098242854688,24.216399993896484,24.10700003306071,23.95860000610352,19.5243999671936,14.109349975585936,19.34199905395508,33.13999938964844,18.51000022888184,33.13999938964844,10.800000190734863,33.13999938964844,8.300000190734863,33.13999938964844,7.489999771118164,33.13999938964844,4.400000095367432,33.13999938964844,4029629.075,3779885.26,3061853.821428572,129477766.15065822,-1,False,236,236,675068907.660675,8,0.0852764525626557,2.73299993787493,0.0849813417550389,4.028125238402363,-0.2707653477087863,6.247900826635558,6.3585393208751775,33.0,30.75200080871582,3225300.0,False,False,False,0.0370024450359175,0.4263681579056932,0.4263681579056932,1.0,1.8028024215740348,0.3423154875167691,0.9704284984826392,True,False,0.5642023678398005,1.542784331908196,0.7216273726987756,1.539350977144854,2.4395720358630486,3.126384570748783,5.857142740947389,5.456400965035968,1.316074936954336,77.0,98.0,98.0,95.0,95.0,99.0,99.0,96.0,91.0,97.0,98.0,96.15384615384616,TNGX
2026-06-16,46.900001525878906,47.970001220703125,46.560001373291016,46.59999847412109,1254114.0,0.0114298599569235,44.24272164448592,42.65428252915637,41.10080017089844,40.79700012207032,40.62000007629395,40.23310005187988,42.1783500289917,35.689998626708984,47.970001220703125,35.11000061035156,47.970001220703125,35.11000061035156,47.970001220703125,34.970001220703125,47.970001220703125,29.770000457763672,47.970001220703125,29.770000457763672,68.77999877929688,1997810.35,1966834.28,2063444.5,78171647.56022568,1,False,223,223,259137877.04353333,477,0.0462799653761101,2.027857644217355,0.0432379014550437,3.575651771217574,0.2613608482358205,-5.38289037361126,-4.68210144127848,47.90999984741211,46.33000183105469,2456800.0,False,True,False,0.0300639616532653,0.1872068722460367,0.2618337354897135,0.7149837735611093,1.0455488908806287,0.1546036789214582,0.681884302969718,True,False,0.2526710268739522,1.235518672667304,0.2316176279075545,1.1012207572050705,0.3369441014213552,1.215209731634109,-0.1526648090549268,0.6742459254892017,0.9681919479782471,47.0,93.0,93.0,80.0,80.0,84.0,84.0,86.0,74.0,69.0,65.0,96.15384615384616,TREX
2026-06-16,12.8100004196167,12.850000381469728,12.229999542236328,12.5600004196167,4713503.0,0.0199044579337386,12.064196679568369,11.600768663343151,10.959999961853027,10.926666609446208,11.029199924468994,10.94989999771118,13.2925,9.039999961853027,14.199999809265137,9.039999961853027,14.199999809265137,9.010000228881836,14.199999809265137,9.010000228881836,15.229999542236328,9.010000228881836,16.040000915527344,9.010000228881836,20.15999984741211,3914520.075,3805460.06,3364765.0912698414,53577357.410453655,1,False,354,354,307122887.8678322,354,0.0577684274395617,0.7121429443359375,0.0555927338804291,2.904378590616412,0.3510531164963253,-7.76934914500326,-10.23643636507025,14.199999809265137,12.550000190734863,13726700.0,False,False,False,0.0483997516724476,0.2224823836407561,0.4028102793431842,0.5523254868359673,1.3521624767755411,0.1614623460761541,0.6354166922903568,False,False,0.3541226604609957,1.3355811671134268,0.3470031662788793,1.2043899121900152,-0.1555701809365974,0.767540941103617,-0.0368420875256461,0.76640897844005,1.1633858438309834,68.0,96.0,96.0,87.0,87.0,30.0,30.0,91.0,80.0,76.0,72.0,100.0,TRIP
2026-06-16,268.5299987792969,285.510009765625,268.0299987792969,279.010009765625,1415004.0,-0.0638987224021545,260.4367703749716,256.117481007914,261.6735998535156,254.4713333129883,236.3160000610352,188.53780029296877,141.07290018081665,200.88999938964844,302.8599853515625,153.25999450683594,302.8599853515625,108.43000030517578,302.8599853515625,108.43000030517578,302.8599853515625,86.5199966430664,302.8599853515625,38.41999816894531,302.8599853515625,2353180.1,2341654.08,1842257.9523809524,510332435.89617,-1,False,89,89,1654377555.8746338,34,0.0788356852892724,22.88714381626674,0.0852312364365574,1.5993839049403145,-0.8008857164273082,3.0961661406789496,3.973849228722493,291.44000244140625,275.7699890136719,2167200.0,False,False,True,0.0650951888645217,0.3038766859362412,0.3464044592281268,0.877230872296945,0.7730392014178284,0.1363174677547924,0.8866473346341377,False,False,-0.0198920066738124,0.9666877424369734,0.9478456230264488,1.7416184888097206,1.2576928978253852,2.052120486983583,6.049881798466009,5.609768281303825,1.277334749435456,75.0,32.0,32.0,97.0,97.0,97.0,97.0,87.0,91.0,96.0,95.0,61.53846153846154,TSEM
2026-06-16,199.5800018310547,209.3699951171875,198.80999755859372,206.6499938964844,1935949.0,-0.0342591779037735,188.4101896749513,181.10667199878145,179.22440063476563,175.9633341471354,157.41520004272462,127.81250015258787,96.2801999092102,148.3800048828125,209.3699951171875,86.75,209.3699951171875,85.87999725341797,209.3699951171875,65.19999694824219,209.3699951171875,55.43999862670898,209.3699951171875,35.52000045776367,209.3699951171875,2538778.725,2388868.98,2367856.146825397,478748402.6402855,-1,False,138,138,927754621.1578368,47,0.0807568443112789,15.313572474888392,0.0767289925563353,3.4909521938553003,-0.4623350849492935,2.9291022429082343,4.8440213073152245,209.0800018310547,201.8000030517578,2313900.0,False,False,False,0.0529111006198548,0.2358452331575517,0.3055916909250421,0.7717658567339831,0.8697651136982824,0.2678572448968459,0.9532407053806672,False,False,0.1925903468901157,1.1762606548844372,1.0461349185745563,1.8295014567179748,1.7179626991910433,2.4704807918027654,4.641040017121931,4.4887174375748895,1.0721845279341655,59.0,89.0,89.0,97.0,97.0,98.0,98.0,88.0,96.0,95.0,97.0,96.15384615384616,TTMI
2026-06-16,53.380001068115234,54.380001068115234,52.720001220703125,53.880001068115234,1739631.0,-0.0078066575260468,49.646444697224965,47.50283709385212,46.183600158691405,45.76399993896485,42.88379997253418,36.071549949646,33.247349910736084,41.31999969482422,54.380001068115234,26.479999542236328,54.380001068115234,26.149999618530277,54.380001068115234,22.59000015258789,54.380001068115234,22.59000015258789,54.380001068115234,13.880000114440918,54.380001068115234,2246738.275,2535082.62,2020203.6944444445,92631149.70284596,-1,False,154,154,629628652.9628754,63,0.0502337032944102,2.479928970336914,0.0464580164989583,5.2683936449868245,-0.1693589509897346,2.3990036102165373,-0.2891330780714429,53.880001068115234,52.060001373291016,2105900.0,False,True,False,0.0310977859534674,0.2115024482880921,0.2446609425246335,0.8644716484193106,0.8426246478704509,0.2447591188818054,0.981610886716471,True,False,0.2533458764233349,1.236184281755098,0.9229106854465384,1.719323524674414,0.5325868005129195,1.3930383421246113,2.6813793840079474,2.9293661780751017,1.1121345244435128,64.0,93.0,93.0,96.0,96.0,91.0,91.0,85.0,94.0,93.0,94.0,96.15384615384616,TVTX
2026-06-16,192.67999267578125,200.25999450683597,189.8000030517578,200.05999755859372,2463134.0,-0.0461386501198948,205.20823555762263,202.3794330577215,202.34999877929687,201.4363321940104,177.61199920654298,149.60889984130858,135.02125,180.3600006103516,238.47999572753903,112.98999786376952,238.47999572753903,105.1500015258789,238.47999572753903,105.0,238.47999572753903,105.0,238.47999572753903,91.83999633789062,238.47999572753903,2965293.35,2890648.68,2751936.246031746,582900467.0732758,-1,False,302,302,1658925829.0512085,15,0.0616698773444877,14.360642569405693,0.0745310520826625,1.1382715174077396,-0.6489965389205041,2.3044478632968897,2.268980829513628,209.8500061035156,201.63999938964844,1813900.0,False,False,False,0.0542868582763491,0.2526468472400977,0.3016400110362514,0.8375773703632916,0.8851692762608564,0.0848365737481275,0.8079503359934481,False,False,-0.028291899744312,0.9584028659495608,0.5186002273545187,1.3578192243807825,0.449593705462433,1.3176021165886564,0.699267957605892,1.3521502576238444,1.0775298135179956,60.0,30.0,30.0,92.0,92.0,88.0,88.0,36.0,90.0,90.0,88.0,26.923076923076923,TWLO
2026-06-16,84.94999694824219,86.94000244140625,80.62999725341797,81.0199966430664,2371980.0,0.0514914715382224,74.67885791612099,69.8436697983792,65.08320007324218,63.83033332824707,61.07540000915528,53.98009998321533,42.60159999847412,48.0,86.94000244140625,42.68000030517578,86.94000244140625,41.52000045776367,86.94000244140625,31.0,86.94000244140625,23.299999237060547,86.94000244140625,23.299999237060547,86.94000244140625,1668557.0,1590513.6,1479093.9682539685,128417511.45598602,1,False,214,214,213511814.4195557,1,0.0790772805832886,5.319999422345843,0.0626250690225119,6.241967610771695,0.7819542263936002,2.824617433585804,3.56360670390162,82.98999786376953,77.29000091552734,2642800.0,False,False,False,0.0742790513792814,0.2414361727255467,0.4580341972915693,0.527113857771315,1.2985855638078163,0.3909036524608611,0.977110588483072,False,False,0.7276794816294041,1.704023014936455,0.7967427906415341,1.606513589590759,1.7465242841923536,2.496441724655221,1.534307750242487,2.016612425397859,1.1280939790253406,65.0,99.0,99.0,96.0,96.0,98.0,98.0,97.0,94.0,93.0,96.0,100.0,TWST
2026-06-16,31.75,33.540000915527344,31.600000381469727,32.31999969482422,2930113.0,-0.0145872502450783,30.137885481010954,28.57489722149232,26.99820022583008,26.140833536783852,24.885100135803224,22.45115003585816,18.90352504730225,19.81999969482422,35.64500045776367,18.299999237060547,35.64500045776367,15.899999618530272,35.64500045776367,15.899999618530272,35.64500045776367,15.119999885559082,35.64500045776367,10.170000076293944,35.64500045776367,3009307.825,2884554.26,2851954.8134920634,92418781.87725754,-1,False,354,354,210078426.80168152,354,0.0818173865319416,2.4522146497453963,0.0772351070785951,3.5717418389119446,-0.1916639804561657,-1.4039690632047686,0.4107638584869723,32.33000183105469,29.660999298095703,4479400.0,False,False,False,0.0611023790254367,0.2404724481537586,0.4650394109290416,0.5171012230411828,1.1563385533264332,0.2758638633854624,0.8907280009049539,False,False,0.4976414555372759,1.4771348131955588,0.7551133074732428,1.569291606129442,1.05368692895589,1.866690117517804,2.048487769206969,2.425758400284244,1.0551737393466156,58.0,97.0,97.0,95.0,95.0,96.0,96.0,95.0,91.0,92.0,91.0,88.46153846153845,TXG
2026-06-16,118.51000213623048,123.01000213623048,118.4000015258789,121.08999633789062,6228839.0,-0.0121697013388102,112.16471517424566,108.283319188862,105.1531997680664,103.94799982706704,99.94239990234377,100.72380004882812,102.13864990234374,88.33999633789062,124.79000091552734,84.63999938964844,124.79000091552734,84.63999938964844,124.79000091552734,84.63999938964844,124.79000091552734,84.63999938964844,124.79000091552734,71.55000305175781,124.79000091552734,6140230.975,6667402.78,6419332.694444444,648222453.9117725,-1,False,433,433,2135770376.5808103,433,0.0461903124553202,5.395000457763672,0.0455235875496987,4.081027958194144,-0.2706207526584442,-4.732457950970565,-6.769391504162163,124.79000091552734,118.55999755859376,7737200.0,False,False,False,0.0388996753628629,0.1942452439246336,0.3075690146029737,0.6315501064870777,0.8031544031002729,0.1857830335476193,0.9496754649152706,False,False,0.2763597639612376,1.258883048768734,0.2717029620290472,1.1370620775904274,0.1092288112911614,1.0082288740844907,0.6014865153544657,1.2743431044086588,0.9565216927164424,45.0,94.0,94.0,83.0,83.0,66.0,66.0,88.0,79.0,74.0,70.0,96.15384615384616,UAL
2026-06-16,9.699999809265137,12.864299774169922,8.827799797058105,9.8100004196167,2023764.0,0.0,6.141060559482514,6.336379761764868,4.082799959182739,4.957333254814148,13.750899968147278,29.953199999332423,41.36610000729561,2.75,14.050000190734863,2.75,83.5,2.75,83.5,2.75,83.5,2.75,83.5,2.75,112.5,1296611.5,1037654.8,209628.96825396825,17425280.162551593,-1,False,4,4,278141535.9554291,4,0.226204186037644,1.286535722868783,0.1326325513573644,-2.221111152215147,0.0,-3.5987164856003933,-9.878293049784084,11.399999618530272,7.900000095367432,3533000.0,False,True,False,0.4161340264415549,1.030340214962128,1.0427113374279715,0.9881356210278108,4.239633835838277,-0.2945916389665903,0.0862222205268012,False,False,1.7517729210881194,2.7140939273010973,-0.7717647103702321,0.2040709979882465,-0.8161137476916562,0.1671426375128589,-0.8748387121385144,0.0995939850857181,6.18526871929808,99.0,99.0,99.0,1.0,1.0,2.0,2.0,99.0,98.0,98.0,97.0,96.15384615384616,UBXG
2026-06-16,109.30999755859376,119.0,108.93000030517578,114.01000213623048,1500659.0,-0.0373404260608553,99.96317007467644,93.80238669884804,89.52800048828125,88.57500025431315,83.54980026245117,69.68180015563965,48.8368500328064,72.29000091552734,119.0,54.540000915527344,119.0,45.20000076293945,119.0,25.290000915527344,119.0,21.489999771118164,119.0,19.51000022888184,119.0,1176518.975,1112493.18,836942.6944444445,111071030.38342284,-1,False,109,109,433048890.1779175,109,0.07873125478279,8.71500015258789,0.0797273840200789,3.8671966291112834,-0.4865181203588398,5.9862881374203045,9.411137198319256,116.5199966430664,112.19000244140624,1457400.0,False,False,False,0.0921233182667154,0.3416887687157825,0.4273168065842702,0.7996146265508488,1.160327023308134,0.3083214707303099,0.9185714080554096,False,False,0.2719338428355424,1.2545177301198345,0.8653583686843811,1.6678645292787375,3.196161257581986,3.814083169444769,4.501257822936812,4.377489229549989,1.40573420714421,81.0,94.0,94.0,96.0,96.0,99.0,99.0,94.0,94.0,96.0,98.0,92.3076923076923,UCTT
2026-06-16,6.510000228881836,6.824999809265137,6.449999809265137,6.659999847412109,4508928.0,-0.0091324111433575,6.113803291852174,5.769443616195296,5.514199981689453,5.425166654586792,4.838899993896485,4.615599992275238,4.644899997711182,3.7200000286102295,7.105000019073486,3.3399999141693115,7.105000019073486,3.0199999809265137,7.105000019073486,3.0199999809265137,7.105000019073486,3.0199999809265137,7.105000019073486,3.0199999809265137,7.105000019073486,5758263.2,5818476.56,4475007.650793651,27084217.27737856,-1,False,46,46,69184400.0,46,0.0769874845044285,0.4777856894901821,0.073392576450377,4.705477702442632,-0.1255791960691906,-1.7453854658324754,-2.289437208431272,7.105000019073486,6.53000020980835,6461100.0,False,False,False,0.0576036846106855,0.2757296487226477,0.4508448294300075,0.6115843650047984,0.793861202733796,0.3453471320120653,0.9162561873899558,False,False,0.3705263639751233,1.3517602608721284,0.9549550684783996,1.7479752254514382,0.1341464265622565,1.0308776359394982,0.8979592134633787,1.5102538878328335,1.286760526315248,76.0,96.0,96.0,97.0,97.0,70.0,70.0,96.0,94.0,94.0,93.0,96.15384615384616,ULCC
2026-06-16,25.200000762939453,26.924999237060547,23.57999992370605,24.729999542236328,5884077.0,0.0190053064861732,25.172731775961505,23.764093365337533,22.264400062561037,20.890666739145917,18.31840000152588,16.589500036239624,14.43500002384186,12.94499969482422,34.36000061035156,10.640000343322754,34.36000061035156,10.640000343322754,34.36000061035156,10.640000343322754,34.36000061035156,7.244999885559082,34.36000061035156,7.244999885559082,34.36000061035156,6764709.425,6329391.54,4394842.765873016,263139385.5606953,1,False,19,19,1442257058.5870745,19,0.1593441277815901,5.131999833243234,0.2036507808678578,1.8446579824718656,0.091582469987358,-0.168002834531217,1.3125982968567036,27.09000015258789,24.25,5411600.0,False,True,True,0.1327380639715629,0.4361110888250717,0.845436494450751,0.515841333663266,1.0087458896562431,0.3756660385645227,0.7334109521333216,False,False,0.5555555293916523,1.5342558913735052,0.2051650381077496,1.0775688214830503,1.514970021125503,2.285971448761825,1.9822486783145856,2.373050289468634,1.5392380991487464,85.0,98.0,98.0,78.0,78.0,98.0,98.0,97.0,96.0,95.0,94.0,65.38461538461539,UMAC
2026-06-16,21.6200008392334,22.68000030517578,21.59000015258789,22.459999084472656,16443297.0,-0.0632581927772475,21.082744324354664,20.09490838126558,19.853999938964844,19.05866661071777,15.969599952697754,12.925699996948245,10.299700002670289,13.420000076293944,23.690000534057617,8.289999961853027,23.690000534057617,8.289999961853027,23.690000534057617,7.699999809265137,23.690000534057617,6.96999979019165,23.690000534057617,6.559999942779541,23.690000534057617,16880889.925,15870979.94,9895071.813492063,375005436.105812,-1,False,11,11,609574573.1628418,20,0.0497901318096336,1.370000158037458,0.0633672573939657,5.5836773345037125,-1.0656926394549635,7.8950470875979715,12.567132155828176,23.36000061035156,22.3799991607666,15920000.0,False,False,True,0.0504162863217788,0.2155411501629406,0.3038852654853633,0.7092846368140947,1.2370723026696735,0.3538223188603493,0.9126213740751796,False,False,0.256976737223038,1.2397654265406397,1.271008382315994,2.0305665603714447,1.7471411885157253,2.497002457251634,1.830954642091165,2.2526618191624723,1.705989632332196,88.0,93.0,93.0,98.0,98.0,98.0,98.0,95.0,97.0,96.0,96.0,73.07692307692307,UMC
2026-06-16,31.950000762939453,32.040000915527344,30.140100479125977,30.649999618530277,541294.0,0.0351531184146185,29.3854830765702,28.604562275643797,28.82900001525879,28.604166666666668,26.20150009155273,22.97895008087158,21.963075046539306,22.989999771118164,32.369998931884766,16.5,32.369998931884766,16.5,32.369998931884766,16.5,32.369998931884766,16.5,32.369998931884766,12.609999656677246,32.369998931884766,822304.85,828685.88,1068710.2936507936,18293664.422739796,1,False,369,369,100042649.89089966,368,0.0567720030474394,1.646064213344029,0.0515200054471794,4.258459584181502,0.6591486425776044,2.178438569762452,-0.347835321628813,31.149999618530277,29.459999084472656,804900.0,False,False,False,0.059464800971309,0.181846674007919,0.1890454075523362,0.9619206113619856,0.7365992527832138,0.2193958609736246,0.987025079307877,False,False,0.1101459346998865,1.0949451230865124,0.7186659763685765,1.536703117098659,0.4655964165642561,1.332147713702844,1.655860471498812,2.1133349832651795,0.7694366330008348,24.0,79.0,79.0,95.0,95.0,89.0,89.0,90.0,94.0,92.0,90.0,100.0,URGN
2026-06-16,4.440000057220459,4.804999828338623,4.130000114440918,4.130000114440918,79789.0,0.0647481956802442,5.219385391283579,4.799883096945465,4.172800028324128,3.625000023841858,2.607300012111664,7.661299979686737,142.5341501557827,0.7099999785423279,11.579999923706056,0.7099999785423279,11.579999923706056,0.7099999785423279,23.399999618530277,0.7099999785423279,68.4000015258789,0.7099999785423279,130.8000030517578,0.7099999785423279,5445.0,4108517.225,3356793.78,848886.5515873015,29036745.52132416,1,False,21,21,231087087.5993729,21,0.4546612444676294,2.278928484235491,0.5132721745193292,1.3694704415054593,0.1184767239491019,-4.795256066712939,-8.275276399987295,4.710000038146973,4.170000076293945,89700.0,False,True,True,0.1520269606303271,1.367117030765125,2.448198154296555,0.5584176380354886,0.1270345835781428,0.7029110714514528,0.0008154270077539,False,False,4.648854938676983,5.571507288183338,1.324607400425446,2.0784908105368287,-0.9142526040576946,0.0779397357754842,-0.999146482111261,0.0006791656536447,4.839889638159111,98.0,99.0,99.0,98.0,98.0,1.0,1.0,99.0,99.0,99.0,99.0,50.0,VCIG
2026-06-16,50.91999816894531,52.45000076293945,49.41999816894531,50.0,1768888.0,0.0360121381101983,48.39578545555902,46.54429074371917,45.58639984130859,44.48999977111816,39.9247998046875,37.48509986877441,38.21194993019104,32.209999084472656,52.45000076293945,29.45499992370605,52.45000076293945,29.45499992370605,52.45000076293945,29.45499992370605,52.45000076293945,29.45499992370605,52.45000076293945,22.61000061035156,52.45000076293945,1140372.2,1057433.76,1074718.2063492064,59779329.27216263,1,False,323,323,204357752.0637512,223,0.0519647731805954,2.594714573451451,0.0509566902347984,5.404544660838245,0.6821546620875463,-4.82947688604603,-5.6789198268328285,49.619998931884766,46.68000030517578,1426600.0,False,False,False,0.0595051591310161,0.1258837407288319,0.2323252603388638,0.5418426758468756,1.2324164872511731,0.2753977081424683,0.9708293122642768,False,False,0.3232847914422301,1.3051655494607743,0.5209079708829669,1.359882636772947,0.1886087298687677,1.080380918025054,0.925869785946289,1.532463032426113,1.061089496077133,58.0,95.0,95.0,92.0,92.0,75.0,75.0,95.0,91.0,88.0,86.0,100.0,VCYT
2026-06-16,75.19999694824219,84.15989685058594,74.62000274658203,82.05000305175781,2045077.0,-0.0944123781412336,70.4073978028009,65.4719786924079,62.63600021362305,61.86000010172526,55.21300010681152,43.50179998397827,36.48780002593994,49.27999877929688,86.62999725341797,31.0,86.62999725341797,27.299999237060547,86.62999725341797,27.299999237060547,86.62999725341797,26.0,86.62999725341797,19.290000915527344,86.62999725341797,1706416.925,1606275.54,1026571.3373015872,105660337.53369446,-1,False,41,41,348353567.5708771,41,0.0792023821593137,6.04713385445731,0.0804140172853911,4.501678121244176,-1.2964826239965452,7.496748476518434,6.873995628681636,86.62999725341797,80.0,3344400.0,False,False,False,0.1268602990844523,0.3832446416183083,0.4613031919480665,0.830786884434682,1.375080205728589,0.3619980222549963,0.8680595559556616,False,False,0.2824010527107379,1.264841616418861,1.4447333026231188,2.185898445813053,1.4559110021933264,2.2322900012945426,2.6808612738586626,2.92895390479666,1.6622487527125325,88.0,94.0,94.0,98.0,98.0,98.0,98.0,94.0,97.0,97.0,96.0,92.3076923076923,VECO
2026-06-16,25.040000915527344,26.549999237060547,22.290000915527344,22.989999771118164,4612699.0,0.0844521762690806,23.117278048626765,21.601379231416264,21.28520000457764,19.97566665013631,17.083200016021728,14.591500024795533,11.17912499666214,11.649999618530272,31.75,8.359999656677246,31.75,8.300000190734863,31.75,8.300000190734863,31.75,4.019999980926514,31.75,2.809999942779541,31.75,4235617.475,3706821.98,1706610.8095238097,114468292.88106231,1,False,5,5,516133586.2915039,5,0.1843773135983095,4.1294997079031805,0.1649161164903341,2.8242696943614094,0.4722123503744228,-1.8093983757877288,-1.8392355736845103,27.31999969482422,22.31999969482422,5688400.0,False,False,True,0.1701277222754242,0.6801117855555213,0.6801117855555213,1.0,1.803615047086777,0.4657675899154265,0.7886614461583416,False,False,0.3469607697685553,1.3285173415021694,0.6333986327557579,1.4604634087910566,1.1006712043002391,1.9093962774623592,1.9703440105634984,2.363577445886485,2.4818883434717325,93.0,96.0,96.0,94.0,94.0,96.0,96.0,98.0,98.0,97.0,97.0,80.76923076923077,VELO
2026-06-16,3.130000114440918,3.1988000869750977,2.9600000381469727,3.140000104904175,686822.0,0.0,3.0188839742744262,2.8241614084095765,2.6083999824523927,2.545666654904684,2.476999998092652,2.4527999925613404,2.734499994516373,2.049999952316284,7.329999923706055,2.049999952316284,7.329999923706055,2.049999952316284,7.329999923706055,2.049999952316284,7.329999923706055,2.049999952316284,7.329999923706055,2.049999952316284,7.329999923706055,2858143.05,2298260.44,578093.380952381,22898021.17880325,-1,False,12,12,392821489.7712708,12,0.2074680026238524,0.6599143062319074,0.2108352338989551,1.2503858845086862,0.0,-7.632959336309308,-6.45016125000707,3.190000057220459,3.0199999809265137,496600.0,False,True,True,0.0762939425229955,1.6677315775570278,1.6805111176178984,0.992395444500846,4.893288856331704,0.2636254004243408,0.4270122983655349,False,False,0.4834124502640176,1.4631006403509423,0.2987551879534713,1.1612501632767207,0.2933884362657899,1.1756199925353925,-0.486885219118794,0.4082983381482903,4.944085409335335,98.0,97.0,97.0,85.0,85.0,82.0,82.0,94.0,86.0,82.0,79.0,84.61538461538461,VERU
2026-06-16,50.09999847412109,54.38999938964844,50.0099983215332,54.34999847412109,5918505.0,-0.0730804961830795,50.632476858517,50.26227355886374,50.58000015258789,50.95533345540365,48.41780006408691,38.84509994506836,27.198949971199035,44.2599983215332,57.5,30.809999465942383,60.43000030517578,25.13999938964844,60.43000030517578,16.979999542236328,60.43000030517578,15.510000228881836,60.43000030517578,9.140000343322754,60.43000030517578,6679497.625,6587668.1,4460071.051587301,340581074.519228,-1,False,47,47,1115606512.486267,47,0.087792255859993,4.623571940830776,0.0922868678971928,0.3764716336706789,-0.8543180064004166,9.159247385943749,10.95281085687602,57.5,51.7599983215332,6475400.0,False,False,True,0.0874251736829433,0.264271498636988,0.264271498636988,1.0,0.8637047910777412,0.0347433879236063,0.8290583852575303,False,False,-0.0258604282162688,0.9608010442505732,0.6245135611621271,1.4525190394945708,1.783333248562283,2.5298990783816464,4.457515992224334,4.34268275456052,1.4976213490192771,84.0,31.0,31.0,94.0,94.0,98.0,98.0,59.0,89.0,92.0,96.0,38.46153846153847,VIAV
2026-06-16,320.4599914550781,343.3900146484375,319.4949951171875,326.239990234375,580057.0,-0.0060482372906607,304.72486981741304,298.5973368828754,298.51040222167967,294.662668355306,267.48540100097654,219.13010055541992,152.48595043182374,231.0,361.8900146484375,137.6699981689453,361.8900146484375,126.0,361.8900146484375,105.25,361.8900146484375,80.29000091552734,361.8900146484375,41.7599983215332,361.8900146484375,900438.925,849621.14,593586.3373015873,225200967.24118197,-1,False,88,88,580376500.0,55,0.0859090027969315,27.09463936941964,0.0845492107966237,2.3423833153907654,-0.0719704064130165,1.782355483807729,4.772530668390772,335.0,308.3800048828125,672700.0,False,False,False,0.074564751196405,0.2636210860605059,0.4084441681912282,0.6454274698741247,0.8213257264290763,0.1980466606994682,0.885517639292681,False,False,0.1709722502706683,1.1549385667480914,0.6322517621674522,1.4594379625250624,2.2766869269470678,2.9783308344089128,6.341580303613187,5.841880119297256,1.5169468507198949,85.0,88.0,88.0,94.0,94.0,99.0,99.0,90.0,96.0,96.0,97.0,69.23076923076923,VICR
2026-06-16,10.699999809265137,10.720000267028809,10.300000190734863,10.670000076293944,1870447.0,0.0084825782752264,10.444869944902248,10.355533874253956,9.77359992980957,9.877999941507976,11.081399993896484,16.196799926757812,26.53199996948242,7.949999809265137,13.43000030517578,7.949999809265137,14.67300033569336,7.949999809265137,28.96999931335449,7.949999809265137,33.41999816894531,7.949999809265137,36.095001220703125,7.949999809265137,53.125,3464871.175,3263132.94,1932838.281746032,24661376.56783872,1,False,40,40,273420628.9367676,188,0.0623045006081408,0.534428528376988,0.049946592327434,-0.6890970714706278,0.1684044690900261,-20.489938079579066,-20.888290259648752,10.800000190734863,10.44499969482422,1807000.0,False,True,True,0.0392523442785734,0.1355140924099733,0.2514019235522176,0.5390336338529498,0.5971637490196767,-0.0344180505027721,0.201411761115579,False,False,0.2617924984514037,1.2445152473580023,-0.3184713414486362,0.6093721691057367,-0.688046645852284,0.2835486924047031,-0.6619273321254463,0.2690129257814078,1.7926337695826289,89.0,93.0,93.0,8.0,8.0,4.0,4.0,88.0,75.0,70.0,66.0,88.46153846153845,VITL
2026-06-16,60.40999984741211,65.01000213623047,59.85049819946289,63.369998931884766,4029751.0,-0.0519460343672367,58.55634012324086,53.9241723846789,50.81440048217773,47.923000462849934,38.9998002243042,28.742132053375244,22.00115617275238,30.86000061035156,66.6500015258789,16.309999465942383,66.6500015258789,15.520799111449325,66.6500015258789,14.40719985961914,66.6500015258789,11.619449773229242,66.6500015258789,11.619449773229242,66.6500015258789,6778338.775,6000359.02,2659046.234126984,491486007.1673716,-1,False,7,7,1103863980.5038452,7,0.1036898338804106,6.790678296770368,0.1124098380056737,4.883756612337262,-0.487433099999045,15.31321485195966,17.429375346975608,64.75,60.59000015258789,7047000.0,False,False,True,0.0854081104088697,0.2150306523965878,0.5312034470061762,0.404799053184773,1.6143942500293924,0.5489822896519694,0.9063765711086454,False,False,0.6226161856080272,1.600398311194149,2.416855136010785,3.05509738970727,2.963286567478882,3.6024126969368235,3.087014085201319,3.2521399132384152,2.549161683616028,94.0,98.0,98.0,99.0,99.0,99.0,99.0,98.0,99.0,98.0,98.0,84.61538461538461,VSH
2026-06-16,2.75,2.900000095367432,2.1700000762939453,2.220000028610229,2144771.0,-0.1538461538461538,1.7698027048635832,1.4039070367122164,1.1242799973487854,1.0911333322525023,1.0380999982357024,1.172370001077652,10.8074349963665,0.7009999752044678,5.380000114440918,0.6800000071525574,5.380000114440918,0.6800000071525574,5.380000114440918,0.6800000071525574,5.380000114440918,0.6800000071525574,6.139999866485596,0.6800000071525574,64.19999694824219,10356844.275,8758023.42,1963066.1547619049,42281895.60288616,-1,False,6,6,464143359.2038632,6,0.2907606558468456,0.8160714166504996,0.2967532424183635,5.5570426397752,-0.612691475033166,-11.09909698041704,-12.199953191732323,3.7699999809265137,2.640000104904175,64723600.0,False,False,False,0.2654545523903586,1.701454596085982,1.701454596085982,1.0,4.521554145375876,1.6490704216103924,0.0428348930018959,False,False,2.103837550294784,3.061337867680261,1.41228073202452,2.1568817741139354,0.7187499743886296,1.5622505779429563,-0.8646653522981862,0.1076891834135796,5.275850867214485,98.0,99.0,99.0,98.0,98.0,93.0,93.0,99.0,99.0,98.0,98.0,96.15384615384616,VSME
2026-06-16,13.170000076293944,13.350000381469728,12.850000381469728,13.100000381469728,1172444.0,0.0022830846413512,12.978584384082804,12.526262910093056,12.492000045776368,11.95400005976359,10.906400032043456,9.216300024986268,7.408150019645691,9.039999961853027,13.520000457763672,7.295000076293945,13.520000457763672,6.849999904632568,13.520000457763672,6.03000020980835,13.520000457763672,5.0,13.520000457763672,3.9800000190734863,13.520000457763672,1616346.1,1526628.88,2120247.0,17565419.47835083,1,False,354,354,112537200.0,35,0.0455260734144078,0.5827142170497349,0.0442455743108629,4.690816392058155,0.0514827544848299,7.078604518986907,6.900040736437824,13.350000381469728,12.93000030517578,973300.0,False,True,True,0.037965071913705,0.1025057231320547,0.1706909743307371,0.6005339387977001,0.7924613610087082,0.2075478652534232,0.9741123986967956,False,False,0.0751020470444037,1.0603810782316927,0.7193211930341434,1.5372889630432438,0.7328947686257459,1.575107429318142,1.2512821010244335,1.7914017970261424,0.7623385860232322,23.0,70.0,70.0,95.0,95.0,94.0,94.0,92.0,92.0,92.0,93.0,88.46153846153845,VSTS
2026-06-16,78.70999908447266,80.87000274658203,78.4000015258789,80.0999984741211,1092455.0,-0.0089398023273976,74.95611552759269,68.80119545185076,62.20719940185547,59.96966616312663,56.65959976196289,55.26219989776612,47.44979995727539,43.119998931884766,82.95999908447266,41.9900016784668,82.95999908447266,41.9900016784668,82.95999908447266,41.9900016784668,82.95999908447266,33.61000061035156,82.95999908447266,17.530000686645508,82.95999908447266,2458263.875,2377821.1,2610249.821428572,209392633.1743374,-1,False,439,439,797269479.6875,14,0.0635936890392359,6.126499993460519,0.0778363621486702,4.999889730314547,-0.1158898368122934,-2.384456636484153,-2.6659818168343525,82.95999908447266,78.4800033569336,1870900.0,False,False,False,0.0313810348041331,0.1392453209497593,0.5061618678184846,0.2751003775726824,1.1091816369196152,0.3891732277521804,0.9487704912379216,False,False,0.712576167371257,1.689126504691726,0.7103432920803918,1.529261592646476,0.4444851653505646,1.312958730487633,3.327102626363416,3.443184404680627,0.9417734098932375,43.0,98.0,98.0,95.0,95.0,88.0,88.0,97.0,93.0,91.0,89.0,84.61538461538461,VSXY
2026-06-16,83.16000366210938,85.87000274658203,82.5199966430664,83.37999725341797,2502614.0,0.0020485094916968,75.81479851464933,72.8347858401516,69.1711996459961,68.410666402181,70.77039947509766,77.05939979553223,86.57344985961915,55.59999847412109,85.87000274658203,55.59999847412109,86.48999786376953,55.59999847412109,94.44000244140624,55.59999847412109,119.9800033569336,55.59999847412109,119.9800033569336,46.59000015258789,119.9800033569336,4287957.85,4089366.28,3888463.15079365,300125230.677327,1,False,439,439,1861990845.3201292,231,0.064663568325757,4.750071934291294,0.0571196696141512,3.0649267407660523,0.035790152379073,-10.820263216264332,-12.253251906546112,84.91000366210938,80.0,4588600.0,False,True,False,0.0402838619046623,0.2299182528210226,0.3639971493441987,0.6316484984436239,0.8607889729065795,0.1750676028241342,0.6931155303831186,True,False,0.4283751617740872,1.408816956795189,0.0409313343027093,0.9307232749719582,-0.145411512192919,0.7767746204359399,0.8039046944609436,1.4354123411947104,1.1027384557122035,63.0,97.0,97.0,55.0,55.0,31.0,31.0,93.0,84.0,80.0,77.0,100.0,W
2026-06-16,681.0800170898438,729.9199829101562,667.3499755859375,686.7750244140625,15704479.0,0.0421556570592622,577.1092788465858,544.1008283899149,526.656533203125,519.1311879475911,463.732216796875,370.2442025756836,259.47643886566163,433.8868772669748,729.9199829101562,248.9950803184717,729.9199829101562,237.937972200892,729.9199829101562,171.1334519759695,729.9199829101562,132.22581547771188,729.9199829101562,56.11791873881367,729.9199829101562,7640856.975,7385973.58,8503874.51984127,3885541633.05278,1,False,179,179,10696006825.707092,0,0.0636449394522356,44.9965740782944,0.0660665016579964,7.094252956446603,0.6122685639362577,9.626613747288442,9.229793848483984,658.7999877929688,612.0,9522900.0,False,True,False,0.0918688050657708,0.3656692041224808,0.434652461113289,0.8412910010583646,1.0922605953865328,0.4686924747093255,0.9330886029101576,False,False,0.4133388775200413,1.3939865587378737,1.1709237308134457,1.941078318879244,2.8651678660293083,3.5132281149262057,11.260786101758164,9.7562159116568,0.8985147837226813,37.0,96.0,96.0,97.0,97.0,99.0,99.0,95.0,97.0,97.0,98.0,100.0,WDC
2026-06-16,60.59999847412109,62.56999969482422,58.7599983215332,60.61000061035156,709531.0,-0.0117417029400914,57.1183679904186,54.57373261810967,50.1568000793457,48.13400001525879,55.13199966430664,68.55699970245361,100.13292497634887,32.209999084472656,63.310001373291016,32.209999084472656,73.63999938964844,32.209999084472656,97.3000030517578,32.209999084472656,140.83099365234375,32.209999084472656,170.8699951171875,32.209999084472656,170.8699951171875,1601485.775,1413548.62,833918.376984127,65832985.10839577,-1,False,42,42,304957401.9439697,483,0.0790068438735913,4.090929303850446,0.0675070859217505,1.469181007019227,-0.1759994287912648,-11.244586782479775,-14.799177475646465,63.19300079345703,59.0099983215332,980000.0,False,True,False,0.0628713113733502,0.2031353413077714,0.3704620681224374,0.5483296639175359,0.8633046523719856,0.0991801284754509,0.3546555873227472,False,False,0.4871165269722968,1.4667539985271043,-0.1973510135878,0.717668945749346,-0.6000263964672845,0.363554328780821,-0.0614836803386472,0.7468010431987447,1.9204346842574531,91.0,97.0,97.0,15.0,15.0,6.0,6.0,97.0,93.0,91.0,89.0,88.46153846153845,WGS
2026-06-16,162.72999572753906,168.07000732421875,162.1199951171875,166.3300018310547,756102.0,-0.0209963028969667,154.4219032414044,150.8799152000711,142.95255249023438,141.87129084269205,157.00543746948242,191.66447532653808,223.6493407058716,116.05657753529384,172.74000549316406,116.05657753529384,204.123924752732,116.05657753529384,301.6529766275964,116.05657753529384,301.6529766275964,116.05657753529384,301.6529766275964,116.05657753529384,379.1564705999572,1394755.05,1350474.04,972403.5793650794,170871109.71355134,-1,False,48,48,1082726711.6485596,321,0.0648717742781961,9.42928750174386,0.057944372576101,0.6292395640563153,-0.3701239878960757,-12.391837022350934,-12.730006139798611,172.74000549316406,164.97999572753906,1241400.0,False,False,False,0.0365637089857326,0.2271861500113505,0.3240951691627113,0.7009859190381583,0.7894118423779549,0.0364608917393025,0.4291895519283732,True,True,0.2594225467993449,1.2421777465644026,-0.1763862504724436,0.7364140755602443,-0.3075214566169506,0.6294254666087064,-0.5376083965432426,0.3679366299697884,1.4343376346996692,82.0,93.0,93.0,17.0,17.0,18.0,18.0,90.0,79.0,74.0,71.0,92.3076923076923,WING
2026-06-16,2.369999885559082,2.4100000858306885,2.259999990463257,2.299999952316284,13201741.0,0.0304347542148,2.2148861756617872,2.164553899008182,2.1012000036239624,2.078333338101705,2.099200005531311,2.2028999972343444,2.476800005435944,1.7999999523162842,2.5,1.7999999523162842,2.5,1.7999999523162842,2.559999942779541,1.7999999523162842,3.059999942779541,1.7999999523162842,3.0899999141693115,1.7999999523162842,3.0899999141693115,11619816.025,11586500.82,9518090.638888888,25026468.89451921,1,False,179,179,144146499.304533,179,0.060948134087793,0.1692857231412615,0.0714285786141829,1.8060203549019036,0.4135016937275093,-9.009925392382945,-12.302659630617663,2.3399999141693115,2.2100000381469727,15047400.0,False,False,False,0.0632911825360897,0.1645570142346964,0.244725768321513,0.6724139242194823,0.8203291267708208,0.1290014668989252,0.7669902755308691,False,False,0.2539682029085932,1.2367980869573711,0.0675675022593382,0.9545393526096858,-0.1474820467806415,0.774892616709673,-0.185905039698646,0.6477958378339826,1.2208137604325715,72.0,93.0,93.0,60.0,60.0,30.0,30.0,86.0,73.0,67.0,63.0,92.3076923076923,WIT
2026-06-16,45.0,51.34000015258789,44.66999816894531,47.90999984741211,5568069.0,-0.0833163605596827,49.99936431705295,52.06088366171443,58.15519973754883,55.855333201090495,44.13779983520508,30.8857998752594,27.100833283530346,32.0,80.81999969482422,14.579999923706056,80.81999969482422,14.243000030517578,80.81999969482422,13.484999656677246,80.81999969482422,13.484999656677246,80.81999969482422,8.050000190734863,80.81999969482422,9246344.225,7934011.38,4067149.827777778,496585270.46982193,-1,False,259,259,2111792168.5249329,34,0.17124412728893,8.858213697160993,0.1968491932702442,0.0992347503408185,-0.4617183884261803,3.1453667300790045,4.197865569514052,51.869998931884766,46.18999862670898,8279700.0,False,False,False,0.1482222663031684,0.6664444817437066,0.906888919406467,0.7348689210800763,0.9232727997423166,0.0195342805489642,0.5567928751536712,False,False,-0.2757122287722968,0.7143703706228184,1.5153718018592013,2.249058130973412,1.4245690352833815,2.203801851971749,0.0,0.0,2.273421097459802,93.0,4.0,4.0,98.0,98.0,97.0,97.0,91.0,98.0,97.0,97.0,7.6923076923076925,WOLF
2026-06-16,28.43000030517578,28.799999237060547,28.309999465942383,28.489999771118164,1393170.0,0.0045936774424004,27.283223037194663,26.35583884948925,25.90029609680176,25.717219479878743,23.72114562988281,21.803603649139404,21.25308015346527,21.93970306490213,29.06999969482422,16.474721619860475,29.06999969482422,16.474721619860475,29.06999969482422,16.474721619860475,29.06999969482422,14.76774340634574,29.06999969482422,14.76774340634574,31.482927182572983,2764446.75,2578667.4,2471149.484126984,48473989.01686287,1,False,452,452,373720113.2331848,39,0.0438021472475755,1.1348997147772888,0.039919089081778,4.972777241298152,0.1145485071698565,0.8847758888872983,0.022381763288784,29.06999969482422,28.225000381469727,1834000.0,True,True,False,0.017235306572577,0.1394653573699064,0.226913938605593,0.6146178512740728,0.7612718879526689,0.1985087376792194,0.9030291287816744,True,True,0.1645480375514683,1.1486023183624592,0.6133635855304673,1.4425495616877493,0.4021471074516993,1.2744757303962366,0.0778200013001371,0.8576484867539172,1.1186885972528016,64.0,87.0,87.0,94.0,94.0,87.0,87.0,85.0,91.0,88.0,86.0,92.3076923076923,WSC
2026-06-16,28.01000022888184,29.295000076293945,27.799999237060547,28.0,23202580.0,-0.0056797957748944,26.131155875061747,25.23501834869808,24.663199920654296,24.552999941507974,22.75819999694824,19.00270001411438,15.883400030136109,19.600000381469727,29.295000076293945,13.199999809265137,29.295000076293945,12.56999969482422,29.295000076293945,11.130000114440918,29.295000076293945,10.470000267028809,29.295000076293945,3.400000095367432,29.295000076293945,28338887.0,30717669.6,38813208.253968254,676463153.9683399,-1,False,306,306,2519607036.035061,306,0.0750261004255734,2.101071766444615,0.0750114869430863,3.0763979541885806,-0.0761515384516624,2.8546355770194385,1.7011827408046414,28.450000762939453,27.030000686645508,31171200.0,False,True,False,0.0533738245989682,0.2250981882775756,0.3461263697108954,0.6503352762911147,0.8647683351604251,0.2307651849723542,0.9561358646845692,False,False,0.2549283428250706,1.237745080038341,0.7462592662178136,1.5613749818503675,0.9546406404751628,1.7766624091670529,5.967661781537173,5.544343745653312,0.730135133755727,21.0,93.0,93.0,95.0,95.0,96.0,96.0,91.0,95.0,94.0,95.0,100.0,WULF
2026-06-16,35.650001525878906,37.5,29.200000762939453,29.6299991607666,4953888.0,0.1891261531093282,27.922644336119102,26.89028390442653,27.61280014038086,26.660666783650715,22.27840005874634,19.436500082015996,21.30190006732941,17.25,37.5,10.510000228881836,37.5,10.510000228881836,37.5,10.510000228881836,37.5,10.510000228881836,37.5,10.510000228881836,40.75,1660532.2,1496423.76,1250198.0925925926,41553021.19976845,1,False,313,313,229978313.24481964,33,0.1239518367881447,3.384214128766741,0.0949288635039772,6.322679158685272,1.6754264854123793,1.071720358173568,-0.5254370901007814,30.63999938964844,25.76000022888184,1976200.0,False,False,False,0.2328190429679349,0.4407854145671565,0.4407854145671565,1.0,0.9674323802503644,0.6002047468342762,0.8748466632117523,False,False,0.4731405124777641,1.4529693523534353,1.3239896461060123,2.077938460632119,0.9135804150198336,1.7393408895138682,0.0,0.0,1.3282152723145488,78.0,97.0,97.0,98.0,98.0,95.0,95.0,98.0,98.0,98.0,97.0,100.0,WYFI
2026-06-16,85.9800033569336,87.2300033569336,84.88999938964844,86.80000305175781,436624.0,-0.0120647528104189,85.50167560881093,83.88290954836691,87.3852001953125,84.52383359273274,69.3785001373291,59.42989997863769,57.94104995727539,53.20000076293945,99.86000061035156,36.7599983215332,99.86000061035156,35.86000061035156,99.86000061035156,35.86000061035156,99.86000061035156,35.86000061035156,99.86000061035156,29.600000381469727,99.86000061035156,931738.1,879488.48,850521.9206349206,76710623.43193206,-1,False,112,112,363439300.0,40,0.054085366895896,5.130713871547154,0.0596733388139999,4.009979655240714,-0.2046489920605644,1.363495487596344,1.2922143251941685,89.40499877929688,86.01000213623047,421100.0,False,True,True,0.0272156766215856,0.1463712327647609,0.2679692953706933,0.5462238968919159,0.8327822554310206,0.2392888746044259,0.8610054359244701,True,True,-0.0016256315046854,0.9847040029868184,1.2171223843058745,1.982385714151932,0.4824138509816136,1.3474338501563907,1.850795881695309,2.268449992606358,1.0954898132483768,62.0,38.0,38.0,98.0,98.0,89.0,89.0,95.0,96.0,95.0,95.0,38.46153846153847,XMTR
2026-06-16,3.309999942779541,3.440000057220459,3.0364999771118164,3.3399999141693115,710490.0,-0.0293255544088313,3.633815768800473,3.3340593210922447,2.999999985694885,2.8083333214124044,2.376899998188019,2.261549994945526,2.353624996542931,1.7519999742507937,8.270000457763672,1.600000023841858,8.270000457763672,1.600000023841858,8.270000457763672,1.600000023841858,8.270000457763672,1.600000023841858,8.270000457763672,1.600000023841858,8.270000457763672,4314477.25,3456487.8,819350.3571428572,49181082.07766104,-1,False,13,13,802974262.1060371,13,0.1713187025433495,1.154892819268363,0.3489102233332828,1.1251322120642986,-0.0865882455780603,-1.7110304441333604,-1.3706574252850725,3.700000047683716,3.2100000381469727,767400.0,False,True,True,0.1219033495722079,1.5811179973184752,1.9063445706038096,0.8293978023173831,3.995911398848276,0.392570131390825,0.4002418088952093,True,False,0.5539904999715688,1.532712291313869,0.7421052549024036,1.557660774305315,0.4267241543205404,1.296814934030922,0.0746753327177798,0.8551461948612561,5.265729382293725,98.0,98.0,98.0,95.0,95.0,88.0,88.0,97.0,95.0,93.0,92.0,65.38461538461539,XOS
2026-06-16,3.289999961853028,3.4600000381469727,3.2799999713897705,3.4200000762939453,2782228.0,-0.0380117285207173,3.3325216271807725,3.151896954210385,3.0439999961853026,2.972333327929179,2.4545999932289124,2.1026663994789123,2.547441130876541,2.299999952316284,3.75,1.190000057220459,3.75,1.190000057220459,3.75,1.190000057220459,3.75,1.190000057220459,3.75,1.190000057220459,6.556095499983132,8126915.7,7221330.56,4680614.396825396,18880697.722284555,-1,False,47,47,136892025.0,47,0.097969808061467,0.3107142959322248,0.0944420363327971,3.6036979548078754,-0.4183911591543715,-1.6525803357753803,-3.0035861667407304,3.569999933242798,3.4100000858306885,3217800.0,False,False,True,0.0547112671259183,0.182370793796189,0.4194529271859505,0.4347825035330865,0.7075971329028871,0.3403405731803921,0.5018230686025688,False,False,0.2751938213730989,1.257733070994842,1.3141639290707614,2.0691530362370294,0.2987388475408707,1.1804832264154108,-0.3355365810580019,0.5287302565099153,1.736292505853941,89.0,94.0,94.0,98.0,98.0,83.0,83.0,91.0,97.0,97.0,96.0,69.23076923076923,XRX
2026-06-16,32.4900016784668,32.540000915527344,29.024999618530277,29.729999542236328,1856008.0,0.0652459566710426,30.313800938576357,30.334933285593756,29.626400299072262,30.476333618164062,32.04300018310547,28.38229179382324,0.0,23.38999938964844,37.97999954223633,20.309999465942383,44.540000915527344,16.93000030517578,44.540000915527344,16.93000030517578,44.540000915527344,16.93000030517578,44.540000915527344,0.0,0.0,2353920.2,2485086.16,0.0,60862422.46219101,1,False,138,138,212124097.11265564,68,0.1312465182156423,4.221785817827497,0.1299410772460976,0.1073567463382342,0.4713649067803346,-5.634295762891547,-5.721041892958357,30.899999618530277,26.26000022888184,2120000.0,False,False,False,0.1081871688337488,0.2440751555202329,0.3733456584015679,0.6537511553374151,0.8064351378464881,0.0139500512688262,0.0,False,False,0.3526228584215316,1.3341019013003692,0.7392934233231567,1.5551466439204715,0.0,0.0,0.0,0.0,0.0,0.0,96.0,96.0,95.0,95.0,0.0,0.0,90.0,88.0,92.0,90.0,76.92307692307693,YSS
