date,close,high,low,open,volume,price_chg_pct0,ema10,ema20,sma25,sma30,sma50,sma100,sma200,min30,max30,min60,max60,min90,max90,min120,max120,min150,max150,min252,max252,vol_sma40,vol_sma50,vol_sma252,avg_dollar_vol,price_up_down,highest_volume,days_since_highest_volume,days_since_vol_max,up_dollar_vol_max,days_since_up_vol_max,adr_pct,atr14,atr_pct,atr_multi_50sma,vars_norm_change,vars,vars_20ema,previous_session_high,previous_session_low,previous_session_volume,inside_day,tight_day,close_to_ma,range_pct,range10_pct,range20_pct,range_contraction_10_20,vol_dry_10_50,dist_sma50_pct,close_vs_252h,nr7,nr20,perf_1mo,rela_perf_1mo,perf_3mo,rela_perf_3mo,perf_6mo,rela_perf_6mo,perf_12mo,rela_perf_12mo,vol_ratio,vol_ratio_rank,perf_1mo_rank,rela_perf_1mo_rank,perf_3mo_rank,rela_perf_3mo_rank,perf_6mo_rank,rela_perf_6mo_rank,c0_c30_rank,c0_c60_rank,c0_c90_rank,c0_c120_rank,rs_sts_pct,ticker
2026-01-06,38.61000061035156,39.18999862670898,34.02000045776367,35.0099983215332,5061800.0,0.1034580954053669,36.40172890224072,34.346233965255735,32.71659996032715,31.201499938964844,30.006799964904783,28.678150005340576,23.98410005569458,18.5,41.959999084472656,18.5,41.959999084472656,18.5,41.959999084472656,18.5,41.959999084472656,15.289999961853027,41.959999084472656,9.711000442504885,41.959999084472656,5289635.0,5318436.0,4844608.016877637,190814382.23700523,1,False,208,208,433973148.3535767,26,0.1123395145054251,3.776785441807338,0.0978188392153187,2.931013803204689,0.9584867839758608,0.5978425708567219,-1.8597474981061104,41.34999847412109,34.810001373291016,6609600.0,False,False,False,0.1339030843620138,0.2504531990696921,0.3926443824853923,0.6378626824719944,0.952182182882336,0.2867083679535593,0.9201620937270047,False,False,0.471417719021812,1.4528365454067975,0.1426457402849406,1.1089923395822416,0.436383996123995,1.2876125731037489,0.0,0.0,1.0918602664182486,63.0,98.0,98.0,81.0,81.0,86.0,86.0,98.0,97.0,95.0,92.0,84.61538461538461,AAOI
2026-01-06,4.369999885559082,4.980000019073486,4.289999961853027,4.760000228881836,8130600.0,-0.0622317535083346,3.964737621172593,3.939931409200918,3.93120002746582,3.868333347638448,4.059100003242492,4.098300006389618,2.8369750019907958,3.2100000381469727,4.980000019073486,3.2100000381469727,11.489999771118164,2.220000028610229,11.489999771118164,1.8600000143051147,11.489999771118164,1.2000000476837158,11.489999771118164,0.8600000143051147,11.489999771118164,6547777.5,7037506.0,5926935.021097046,24295974.772520065,-1,False,82,82,499595213.6358261,84,0.1036656084597047,0.4074999604906354,0.0932494213185777,0.8213810162127088,-0.7116564171045893,4.665870286276803,3.682206503965828,4.699999809265137,3.839999914169312,12747700.0,False,False,False,0.1578947540709564,0.4050343311851291,0.4050343311851291,1.0,0.804192564809181,0.0765933044439004,0.380330719983453,False,False,0.0429593856516627,1.0297888160930158,-0.1847015341968296,0.7912861538550002,1.2182740213673875,1.9885194545536384,0.0,0.0,1.104749331094917,65.0,70.0,70.0,22.0,22.0,95.0,95.0,88.0,80.0,94.0,94.0,96.15384615384616,ABAT
2026-01-06,119.0999984741211,124.58000183105467,116.1999969482422,123.51000213623048,1810300.0,-0.0335146049688078,129.46908782634313,127.20280253175804,124.70920013427734,124.71000010172526,116.52530014038086,100.31575004577635,58.67561000108719,107.05500030517578,148.8300018310547,87.5999984741211,148.8300018310547,78.0,148.8300018310547,9.78499984741211,148.8300018310547,5.690000057220459,148.8300018310547,4.769999980926514,148.8300018310547,1659092.5,1573864.0,952132.0675105484,242350674.60597992,-1,False,167,167,1909268297.5318909,167,0.061835331175549,8.706358228410993,0.0731012455075956,0.3022604643008596,-0.4743665232307207,5.609557808278035,8.732863454789365,133.10000610351562,121.0199966430664,1858700.0,False,False,False,0.0703610830409319,0.2739714970685124,0.3384131051347875,0.8095770905780717,1.1146515836184068,0.0220956164080969,0.8002418666185209,False,False,0.0764642003899376,1.062870529511018,0.374177927660275,1.333705400781714,14.367741738596273,13.77604981413317,0.0,0.0,1.7425024916321488,91.0,80.0,80.0,93.0,93.0,99.0,99.0,48.0,80.0,85.0,99.0,34.61538461538461,ABVX
2026-01-06,46.900001525878906,47.85499954223633,45.619998931884766,45.88999938964844,2658900.0,0.0422222561306424,42.29526356629155,40.23965431099055,38.773600311279296,37.69200013478597,36.812600173950194,35.344850082397464,30.00840005874634,28.459999084472656,47.85499954223633,28.459999084472656,47.85499954223633,26.100000381469727,47.85499954223633,23.030000686645508,47.85499954223633,22.61000061035156,47.85499954223633,16.80500030517578,47.85499954223633,1280685.0,1312298.0,1505658.2278481012,54289600.64167023,1,False,103,103,179077178.70903015,105,0.0555207284037142,2.1932146889822826,0.0467636379024868,5.859688338730369,0.8663089552626351,6.122765009936227,1.2075979540585224,46.130001068115234,44.11000061035156,1484700.0,False,False,False,0.0476545956852115,0.1828358312143734,0.2644988992687331,0.6912536563284926,0.9842200475806562,0.2740203436938118,0.980043923822117,False,False,0.3547083469920142,1.3376009881042186,0.1225467423689616,1.0894853008420091,0.6438836451844929,1.473620742065448,0.0,0.0,0.8505814774647532,33.0,97.0,97.0,79.0,79.0,90.0,90.0,96.0,92.0,92.0,91.0,100.0,ACMR
2026-01-06,18.435009002685547,18.57444120023422,18.091407416031508,18.3553331898547,1163800.0,0.0037960460510622,17.039612424966815,15.847589116872452,14.632477493286132,14.225134499867757,14.276882495880129,15.09818127632141,14.107585911750794,11.514943704390076,18.932983925192552,11.514943704390076,18.932983925192552,11.514943704390076,18.932983925192552,11.514943704390076,18.932983925192552,11.514943704390076,18.932983925192552,10.428206336833735,18.932983925192552,961378.925,985828.22,668433.7974683545,17182623.65770769,1,False,15,15,59797040.34611511,15,0.0428885633379285,0.9404601416841182,0.0510149000495261,5.709095041582228,0.0741291382674522,0.4572578234477413,-1.3756368735806126,18.932983925192552,17.608372306420613,1403981.0,True,True,False,0.0262019825502848,0.1842247988092843,0.3580497394791286,0.5145229237627282,1.310266711577804,0.2912489129195628,0.9736980222201324,True,False,0.4879421354279643,1.4691522902398402,0.0320482881262147,1.001652222783876,0.2737043627346169,1.1417822506375346,0.0,0.0,1.438256007761957,85.0,98.0,98.0,63.0,63.0,79.0,79.0,95.0,92.0,87.0,83.0,96.15384615384616,ADEA
2026-01-06,27.87381362915039,28.140783800552736,26.45985260605847,26.45985260605847,7020900.0,0.0499069668966816,26.51966501847979,25.504782778046497,25.281616897583007,24.29705193837484,21.345664558410643,18.525791149139405,14.560162024497986,17.30371582375563,28.140783800552736,13.902299200464926,28.140783800552736,12.355881000880824,28.140783800552736,9.46303414921433,28.140783800552736,8.978114761954862,28.140783800552736,8.978114761954862,28.140783800552736,8214037.5,7629114.0,9267510.548523206,188765974.4901085,1,False,124,124,1945935204.0138245,124,0.0413972255659023,0.9831331312468122,0.0352708511410384,8.6709052923463,1.347703694035443,8.842331823181414,8.067333954806562,27.260765028090976,25.945682844236757,5525500.0,False,False,False,0.0603050309820666,0.0943597232876134,0.2249023700982763,0.4195585988995172,0.6815850438202916,0.3058302098243888,0.9905130513316726,False,False,0.1658396416906746,1.151117331017454,0.8035866230375426,1.750467076718686,1.8693929871419384,2.572199702439976,0.0,0.0,0.8863262099344382,38.0,92.0,92.0,98.0,98.0,98.0,98.0,95.0,97.0,96.0,97.0,92.3076923076923,AEO
2026-01-06,18.69825935363769,18.708247969026957,16.960280283711775,17.200001337653255,25774800.0,0.0985913141197831,17.048941101911666,16.43162456351193,16.329414978027344,15.749688975016277,14.249233417510986,12.676661701202391,9.98226901292801,10.707551084395815,18.708247969026957,10.178165915434564,18.708247969026957,8.859698865207253,18.708247969026957,7.73101147855844,18.708247969026957,6.752150174351304,18.708247969026957,5.079597452668729,18.708247969026957,18817442.5,18480876.0,21205015.611814342,352520099.26887035,1,False,215,215,499277173.8238335,82,0.0642847703172526,1.0787456977493797,0.057692305863728,5.411971980822209,1.5555522273026037,6.629806409739645,4.852767519882409,18.05900544301656,16.52079468038959,24960700.0,False,False,False,0.0934829094118386,0.1704059260328871,0.2355768802088855,0.7233558992792016,1.1029861355056978,0.3122291428435209,0.9994660849372,False,False,0.2463381017819099,1.2305992505007028,0.457943884926324,1.4150042685328477,1.342928585149418,2.1002630997443568,0.0,0.0,0.8874052650786961,38.0,95.0,95.0,95.0,95.0,96.0,96.0,97.0,96.0,95.0,95.0,100.0,AG
2026-01-06,9.739999771118164,9.970000267028809,9.520000457763672,9.600000381469728,2303700.0,0.0135275878340528,9.042706368860506,8.504082426272333,8.05040002822876,7.7423333644866945,7.310000009536743,6.556900005340577,5.502590006589889,5.434999942779541,9.970000267028809,5.434999942779541,10.68000030517578,3.9800000190734863,10.68000030517578,3.1600000858306885,10.68000030517578,3.1600000858306885,10.68000030517578,1.5637500286102295,10.68000030517578,2448725.0,2491006.0,1087227.2025316455,26449501.85198307,1,False,28,28,89200764.34164047,84,0.0676982413052817,0.5521429606846401,0.0566881903141208,5.864031039590038,0.2354464761802303,7.256143539175788,6.021017852631238,9.640000343322754,8.770000457763672,6661000.0,False,False,False,0.0462012135359091,0.144763848105331,0.3665298003648245,0.3949579214602489,0.8668024083442593,0.332421307580192,0.9119849712361834,False,False,0.3527777818250068,1.3356948022593298,0.4559042881630273,1.413024742327491,0.8481973067115238,1.6567729076068125,0.0,0.0,2.252266126434346,95.0,97.0,97.0,95.0,95.0,93.0,93.0,97.0,95.0,97.0,97.0,100.0,ALM
2026-01-06,16.229999542236328,22.299999237060547,15.270000457763672,22.200000762939453,65139600.0,0.9530684383509264,11.06400394659795,10.50627085939497,10.561799983978272,10.04283332824707,8.09039999961853,6.26400000333786,5.348249999284744,6.670000076293945,22.299999237060547,4.275000095367432,22.299999237060547,3.759999990463257,22.299999237060547,3.244999885559082,22.299999237060547,2.759999990463257,22.299999237060547,2.759999990463257,22.299999237060547,2867605.0,2397340.0,1081158.6497890295,63858986.30904198,1,True,0,0,1057215678.1814576,0,0.08987152356614,1.6454998084477015,0.1013863126838368,9.923245045607857,4.813126736302108,6.8050297902659,5.213365176654749,8.970000267028809,7.849999904632568,1926000.0,False,False,False,0.433148427453881,0.8903265397404266,0.8903265397404266,1.0,3.0518699892380723,1.0060812250323332,0.7278026949554134,False,False,0.9554215866589468,1.9307283758034923,2.9393203866640216,3.8232988387819495,3.6637929463452696,4.180747246050738,0.0,0.0,2.65234431649746,96.0,99.0,99.0,99.0,99.0,99.0,99.0,99.0,99.0,99.0,99.0,100.0,ALMS
2026-01-06,51.134368896484375,52.908966529379,49.03077077490858,49.22019287852608,8804000.0,0.0656554763538097,43.77110310622388,42.08274857461363,42.4367610168457,41.01171410878499,37.846036987304686,32.548306407928465,26.00368658542633,29.877012980636657,52.908966529379,28.04638475517451,52.908966529379,23.170195966595376,52.908966529379,20.691569683392323,52.908966529379,17.58087831878111,52.908966529379,13.849505724420217,52.908966529379,3454985.0,3764350.0,2594533.333333333,158746253.2936859,1,False,291,291,450186983.7646485,0,0.0444221022786932,2.249581892570496,0.0439935397877798,7.98107055854105,1.4004423261455472,10.914216286432367,7.795822280621612,48.26310837113553,45.31209087386936,7952900.0,False,False,False,0.0758432310433199,0.2651588748555912,0.2807564583311989,0.9444444356923472,0.8647043978376081,0.3511155451662537,0.9664594160630744,False,False,0.1878184472864983,1.172818586603279,0.6812629156007664,1.6317460683483616,1.3337248824873766,2.092012657454042,0.0,0.0,1.3316402435890846,81.0,93.0,93.0,97.0,97.0,96.0,96.0,96.0,95.0,95.0,95.0,100.0,AMKR
2026-01-06,128.85000610351562,131.27999877929688,123.19000244140624,123.41999816894533,1665700.0,0.0368553116936514,124.46281812786069,117.8155773208476,114.85999938964844,109.6743329366048,94.1715998840332,90.09790016174315,85.93934993743896,65.44999694824219,131.91000366210938,65.44999694824219,131.91000366210938,65.44999694824219,131.91000366210938,65.44999694824219,131.91000366210938,65.44999694824219,131.91000366210938,65.4000015258789,131.91000366210938,2200217.5,2111484.0,2290386.919831224,229692009.59705356,1,False,223,223,1804327980.895996,223,0.0422490516297431,4.427142007010324,0.0343588808482759,10.717664832766408,1.0345296024380586,-4.230330762055645,-6.193582462114383,127.7699966430664,122.58999633789062,1275800.0,False,False,False,0.0627861540913803,0.0835079676099207,0.3022118789045504,0.2763225850440365,0.7435244595744036,0.3682469689607786,0.976802384401171,False,False,0.3469579884048521,1.3299485016281674,0.6544685496616489,1.6057408547263037,0.4812048427142261,1.3277911644570837,0.0,0.0,0.9606313592474288,48.0,97.0,97.0,97.0,97.0,87.0,87.0,98.0,96.0,94.0,91.0,96.15384615384616,ANF
2026-01-06,78.25,80.22000122070312,72.87000274658203,75.0,1701700.0,0.0095471273819465,76.83132490166622,75.5471389710623,75.929599609375,74.85433298746744,68.41049987792968,55.033049964904784,46.70995005607605,62.88999938964844,80.98999786376953,51.060001373291016,80.98999786376953,35.38999938964844,80.98999786376953,34.34000015258789,80.98999786376953,34.34000015258789,80.98999786376953,26.200000762939453,80.98999786376953,899772.5,861842.0,770272.5738396625,80490037.08442688,1,False,183,183,216543412.27416992,89,0.0444783795929017,3.3106422424316406,0.0423085270598292,3.39955729993498,0.2235209393165987,7.826571267963816,5.98808493958389,77.86499786376953,72.55999755859375,1163800.0,False,False,True,0.0939296929600139,0.1007029377995207,0.1335718319438897,0.7539234607624725,1.0727140241482778,0.1438302620157392,0.9661686882819976,False,False,0.0364238410596027,1.0233358028495754,0.9650929331918324,1.9072166749893076,1.149134862068991,1.9265412850344388,0.0,0.0,1.1681222083694411,71.0,67.0,67.0,98.0,98.0,95.0,95.0,77.0,90.0,96.0,94.0,76.92307692307693,APGE
2026-01-06,30.26000022888184,30.628999710083008,28.8799991607666,29.82999992370605,30638800.0,0.0019867372326696,27.267984793553147,26.98657696131071,27.56199996948242,26.990333366394044,27.945899963378903,25.222450065612797,16.91637505054474,19.0049991607666,34.86100006103516,19.0049991607666,40.20000076293945,13.15999984741211,40.20000076293945,9.789999961853027,40.20000076293945,9.020000457763672,40.20000076293945,3.309999942779541,40.20000076293945,26833562.5,26768194.0,35324319.4092827,709013320.2402306,1,False,218,218,3671875300.321579,88,0.0930724383446286,2.304857390267508,0.0761684525060784,1.0871486723656294,0.0260317476455318,3.404626389179404,3.103595908626422,30.68000030517578,28.559999465942383,34572600.0,True,True,False,0.05779909240209,0.2399206931251932,0.4273297970274734,0.5614415254777296,0.8854108723210837,0.0828064320181276,0.7527363098156619,True,False,-0.0282594469497367,0.959469340265779,0.0920245842172573,1.0598620865907429,2.28199559137684,2.94206758062702,0.0,0.0,0.7596342392076928,23.0,32.0,32.0,75.0,75.0,98.0,98.0,95.0,91.0,96.0,97.0,73.07692307692307,APLD
2026-01-06,16.399999618530273,16.559999465942383,16.010000228881836,16.299999237060547,1199900.0,0.0061349930153591,16.153543949842373,15.605775995910896,15.446799926757812,15.058999951680502,13.20459997177124,11.228799958229065,8.727149977684022,11.25,16.989999771118164,8.75,16.989999771118164,8.029999732971191,16.989999771118164,6.651000022888184,16.989999771118164,6.239999771118164,16.989999771118164,3.539999961853028,16.989999771118164,1752290.0,1618560.0,1389258.6497890295,31858503.924651142,1,False,109,109,100201166.41159058,109,0.0422309616304903,0.721928596496582,0.0440200373956642,5.497301122686268,0.1385183825034973,12.395901607652668,9.451418925355236,16.674999237060547,15.890000343322754,2336500.0,True,True,True,0.0335365396252269,0.1051219522690645,0.1902438998860591,0.5525641154960773,1.1122293890865955,0.2419914009958765,0.9652736809572624,False,False,0.1590106049934792,1.1443745319092542,0.5754082477347258,1.52900905053636,1.3733719219505192,2.127553311371684,0.0,0.0,1.261313003353335,77.0,92.0,92.0,96.0,96.0,96.0,96.0,92.0,96.0,94.0,95.0,80.76923076923077,ARIS
2026-01-06,4.409999847412109,4.5,4.130000114440918,4.130000114440918,201300.0,0.0575539008938008,4.280678763343301,4.169525911973102,4.028599987030029,3.928833317756653,3.9014999961853034,3.484250001907349,2.907425001859665,2.9600000381469727,7.25,2.7100000381469727,7.360000133514404,2.220000028610229,7.360000133514404,2.220000028610229,7.360000133514404,1.4700000286102295,7.360000133514404,1.4700000286102295,7.360000133514404,1469827.5,1249874.0,962898.7341772153,16755378.583819866,1,False,81,81,603001352.9644012,81,0.1368029729090412,0.4510713645390102,0.1022837596703567,1.2742438208279112,0.5320660764254922,-1.203435308020082,-2.0537483840659765,4.304999828338623,4.119999885559082,129200.0,False,False,True,0.0839002037100311,0.1609977466470021,0.9727891406550726,0.1655011758648814,0.144462561826232,0.1303344487309992,0.5991847510071079,False,False,0.1682118505967538,1.1534595834910633,0.5051193675544545,1.4607903306570942,1.6094672769805882,2.3391954268564263,0.0,0.0,1.526461140543454,87.0,92.0,92.0,96.0,96.0,97.0,97.0,93.0,92.0,94.0,91.0,73.07692307692307,ARTV
2026-01-06,70.80999755859375,76.76000213623047,69.11000061035156,72.06500244140625,8165300.0,0.1084846019819107,67.7828987783088,65.70548329052592,66.79860061645508,63.72916717529297,54.2669002532959,42.2189001083374,28.67482503414154,37.43000030517578,76.76000213623047,34.61000061035156,76.76000213623047,21.61000061035156,76.76000213623047,14.300000190734863,76.76000213623047,14.300000190734863,76.76000213623047,9.56999969482422,76.76000213623047,2790740.0,2572546.0,2097554.0084388186,182768443.6279297,1,True,0,0,578184873.0651855,0,0.0599169693986236,4.234643663678851,0.0598029065058895,5.097526793648879,1.6365005041434997,14.776448200814237,16.391258359562872,68.29499816894531,60.619998931884766,2693600.0,False,False,False,0.1080356134675572,0.2279339607516607,0.2436097219241288,0.9356521527603476,0.7377555153532726,0.3048469182518509,0.9224856121411136,False,False,0.095112798456092,1.0812836316783094,0.8882666015625,1.83265304581594,3.03705780288238,3.618925300870046,0.0,0.0,1.3304734890126193,81.0,84.0,84.0,98.0,98.0,99.0,99.0,98.0,97.0,98.0,99.0,92.3076923076923,ARWR
2026-01-06,5.289999961853027,5.392000198364258,4.429999828338623,4.900000095367432,1159100.0,0.0601202814619847,4.365461976543612,3.826006260804437,3.374799995422363,3.067999994754792,2.573399987220764,2.348099993467331,2.057614995241165,1.399999976158142,7.400000095367432,1.399999976158142,7.400000095367432,1.399999976158142,7.400000095367432,1.399999976158142,7.400000095367432,1.100000023841858,7.400000095367432,1.100000023841858,7.400000095367432,1786455.0,1635032.0,1145446.4135021097,15893979.18246448,1,False,194,194,320392034.3170881,194,0.3661751593652669,1.395642910684858,0.2638266390829953,4.001287458444092,0.2149548343907323,-0.2050168715686853,-1.809435957142341,6.650000095367432,4.329999923706055,8500600.0,True,False,False,0.1818526232443784,0.818525556398659,1.1001890537657786,0.7439862754469074,3.159100250025688,1.0556462221662453,0.7148648504970544,True,False,1.726804023620644,2.6923697373387725,1.1859503285447324,2.1215693399941014,1.260683827303024,2.0265367253481967,0.0,0.0,1.5596146436375478,88.0,99.0,99.0,99.0,99.0,96.0,96.0,99.0,99.0,99.0,98.0,100.0,ASTI
2026-01-06,97.48999786376952,97.94000244140624,90.19000244140624,90.9000015258789,18215500.0,0.0722613267393166,82.02248480489851,77.249667289871,74.29879959106445,71.03566627502441,69.84949935913086,63.46854969024658,49.50954975128174,49.310001373291016,97.94000244140624,49.310001373291016,102.79000091552734,36.08000183105469,102.79000091552734,36.08000183105469,102.79000091552734,23.799999237060547,102.79000091552734,17.5,102.79000091552734,13511330.0,12724992.0,12660172.99578059,1277336868.4409332,1,False,90,90,3517721907.792664,90,0.1105946922602665,8.430856432233538,0.0864791939375631,4.57584116278363,0.7792802246881183,2.256695073429162,-1.0498969145137096,92.4499969482422,80.87999725341797,20610000.0,False,False,False,0.0794953345965776,0.2942866249878993,0.3748076901856903,0.7851669874812371,1.43487477241636,0.3957150553438497,0.9484385348326504,False,False,0.3419132252742249,1.3249674441457493,0.3373113281645321,1.2979246027742493,1.1445226534786332,1.9224067793683028,0.0,0.0,1.0672310721585785,61.0,97.0,97.0,92.0,92.0,95.0,95.0,98.0,96.0,97.0,96.0,100.0,ASTS
2026-01-06,31.049999237060547,32.470001220703125,30.82999992370605,31.46999931335449,839200.0,-0.0223551947954846,31.845617137515017,31.17504029517713,31.218000106811523,30.707666714986164,27.58020000457764,22.05869993209839,17.690249948501588,25.209999084472656,34.2400016784668,15.270000457763672,34.2400016784668,15.239999771118164,34.2400016784668,11.25,34.2400016784668,9.220000267028809,34.2400016784668,9.220000267028809,34.2400016784668,848910.0,907082.0,860722.3628691983,24793657.17991829,-1,False,161,161,104015045.93200684,33,0.0489679799615778,1.4464289801461356,0.0465838652395106,2.7006693437382374,-0.4908647445307382,8.41556153590385,9.616899069627582,31.8799991607666,30.57999992370605,593300.0,False,False,True,0.0528180784957831,0.1133655569808285,0.1597423869144946,0.7096773697359976,0.6680211932328058,0.1258076167651796,0.906834045413835,False,False,-0.0550822075371729,0.9329852995162692,0.8094405310698869,1.7561485744354413,1.7047038741442266,2.424568029348812,0.0,0.0,0.9862762217193682,51.0,24.0,24.0,98.0,98.0,97.0,97.0,76.0,97.0,94.0,96.0,38.46153846153847,AXGN
2026-01-06,20.170000076293945,20.350000381469727,16.1299991607666,16.530000686645508,9566000.0,0.209958007437401,16.418038442766647,15.080178572991867,14.460400047302246,13.67200002670288,11.766999979019165,7.850799987316131,4.811199991106987,8.4399995803833,20.350000381469727,4.0,20.350000381469727,2.75,20.350000381469727,1.850000023841858,20.350000381469727,1.5499999523162842,20.350000381469727,1.1299999952316284,20.350000381469727,4347375.0,4410656.0,1552659.0717299578,82734470.86256504,1,False,67,67,192946220.72982788,0,0.1517913071267735,2.276428699493408,0.112862106637715,6.32732967905319,1.5374959913213548,18.099975114025398,14.765527218598525,17.5,14.619999885559082,9076400.0,False,False,False,0.2092216759911144,0.3222607821226303,0.4243926815685725,0.7593457571689065,1.3452534044822355,0.7141157569692806,0.991154776324246,False,False,0.6669421025128923,1.6458918322785767,2.7351851333479504,3.6251758123838025,7.510548966349781,7.629080999689113,0.0,0.0,2.799954657886484,96.0,99.0,99.0,99.0,99.0,99.0,99.0,99.0,99.0,99.0,99.0,100.0,AXTI
2026-01-06,31.399999618530277,31.420000076293945,29.1299991607666,29.440000534057617,851500.0,0.0618870457420521,30.55315860429927,30.209614542725497,30.00399993896484,30.220999972025552,28.76090000152588,24.785049953460693,19.48265001296997,27.86000061035156,32.709999084472656,19.46299934387207,32.709999084472656,18.1200008392334,32.709999084472656,12.5,32.709999084472656,12.260000228881836,32.709999084472656,8.890000343322754,32.709999084472656,789547.5,832414.0,671231.0638297872,28821041.59412384,1,False,341,341,78888515.69595337,69,0.0572462134874469,1.7121428080967491,0.0545268416846206,1.6828405505632027,1.068836031113735,3.826350639457811,2.661763680461545,29.88999938964844,28.36000061035156,473600.0,False,False,True,0.0729299663486598,0.1240446020727048,0.1399681691451366,0.8862343690734409,0.9737342235954706,0.0917599802810196,0.9599511005011236,False,False,0.0466666539510092,1.0334492687294698,0.4305238508941771,1.3883918141030502,1.352059829310161,2.108448588319264,0.0,0.0,1.17626781975069,71.0,71.0,71.0,95.0,95.0,96.0,96.0,53.0,92.0,90.0,95.0,73.07692307692307,BBNX
2026-01-06,103.0500030517578,107.44000244140624,98.37999725341795,105.0,11218600.0,-0.0078944803421717,95.36115032600702,95.90501885665724,97.09200073242188,97.25066706339518,107.02360046386718,90.43530010223388,56.78520006179809,75.69999694824219,119.89700317382812,75.69999694824219,147.86000061035156,48.869998931884766,147.86000061035156,24.040000915527344,147.86000061035156,18.391000747680664,147.86000061035156,15.149999618530272,147.86000061035156,13456480.0,13856864.0,9909609.28270042,975945302.0920944,-1,False,166,166,3587492964.135742,69,0.0864919049019219,7.465786525181362,0.0724481931498012,-0.5124797956408501,-0.1098343345417714,5.716952232188746,7.526339061486103,107.3499984741211,100.51000213623048,11384800.0,False,False,False,0.0879185339124911,0.2261038560091567,0.4288889366008809,0.5271850978510234,0.5179252679394125,-0.037128235219959,0.6969430720030942,False,False,-0.1273604348593501,0.8616198070844613,0.1848913603007616,1.1499937342636457,3.240740999472693,3.8015123009809897,0.0,0.0,1.3579223575940058,82.0,13.0,13.0,85.0,85.0,99.0,99.0,88.0,80.0,95.0,99.0,61.53846153846154,BE
2026-01-06,2.575000047683716,2.7960000038146973,2.4600000381469727,2.7699999809265137,1777900.0,-0.0602189639703411,2.520469222148617,2.324843648188999,2.068440008163452,1.8369666735331216,1.7623800039291382,1.6290900015830994,1.582869997620583,0.5400000214576721,4.0,0.5400000214576721,4.0,0.5400000214576721,4.0,0.5400000214576721,4.0,0.5400000214576721,4.0,0.5400000214576721,4.0,19700920.0,15781186.0,3405051.054852321,68624435.91507554,-1,False,27,27,419147267.105484,27,0.2517745290768727,0.480357153075082,0.1865464637591663,2.4717295677406126,-0.3434943370713939,-0.3208092004550442,-1.8372578416438192,2.875,2.4800000190734863,2768400.0,False,False,True,0.1304854211439591,0.372815541891162,1.2718446273832482,0.2931297847742691,0.1637266045783884,0.4610924102309841,0.643750011920929,False,False,2.5763888130033488,3.531225906107414,0.3844086171395655,1.3436347742184438,0.9507575343654632,1.7487106060105442,0.0,0.0,5.785792836182434,99.0,99.0,99.0,94.0,94.0,94.0,94.0,99.0,99.0,99.0,99.0,65.38461538461539,BEAT
2026-01-06,4.059999942779541,4.090000152587891,3.809999942779541,3.839999914169312,5163800.0,0.0490956234726116,3.793223493565397,3.5725316537693046,3.415999975204468,3.36333331267039,2.935399990081787,2.4046999895572663,2.2740499931573868,2.3299999237060547,4.090000152587891,1.899999976158142,4.090000152587891,1.4700000286102295,4.090000152587891,1.3200000524520874,4.090000152587891,1.3200000524520874,4.090000152587891,1.3200000524520874,4.980000019073486,5692660.0,6045164.0,4606036.70886076,17272970.942816734,1,False,193,193,64054719.38972473,341,0.0674235553670419,0.2494285787854875,0.061435611404153,6.236064346283818,0.7617413295044348,7.18220339912099,3.2586219215280856,3.9149999618530273,3.75,3624500.0,False,False,False,0.0689655698902934,0.1145320589018393,0.2795567105611328,0.40969168177701,0.6677469792382804,0.3831164258695865,0.815261029564191,False,False,0.3267973917318616,1.310042494486158,0.5859375130967239,1.5392282061470683,1.1036269705280657,1.8857468084309283,0.0,0.0,1.235912859541235,76.0,97.0,97.0,97.0,97.0,95.0,95.0,97.0,97.0,98.0,97.0,100.0,BFLY
2026-01-06,24.780000686645508,24.950000762939453,22.549999237060547,22.86000061035156,2724300.0,0.0906690772688614,21.006491051920676,19.96800606527015,19.245599975585936,18.83733323415121,18.367999935150145,19.74259991645813,16.742699959278106,13.25,24.950000762939453,12.40999984741211,33.198001861572266,12.40999984741211,33.198001861572266,12.40999984741211,33.198001861572266,10.800000190734863,33.198001861572266,6.150000095367432,33.198001861572266,1598905.0,1627686.0,1717856.9620253164,28026748.67266655,1,False,172,172,168182727.87208557,91,0.0950514483181657,2.033428737095424,0.0820592687953912,4.254064325991584,1.0130678964602164,-0.0430474218155882,-3.19339140265648,23.31999969482422,20.690000534057617,1826400.0,False,False,False,0.0968523591354184,0.2711864824251067,0.3474576421215227,0.7804878913276563,0.9328949195360776,0.3490854079994283,0.746430486689295,False,False,0.2872727629426237,1.2710169856817537,-0.1329600856264728,0.8415037042999047,0.1003552479104283,0.9863875230533082,0.0,0.0,0.9307556073323622,44.0,96.0,96.0,28.0,28.0,63.0,63.0,97.0,97.0,94.0,91.0,100.0,BKSY
2026-01-06,4.670000076293945,4.909999847412109,4.070000171661377,4.164999961853027,16150000.0,0.2900553104776406,2.93993260523021,2.737435864481147,2.5305999898910523,2.7444999972979227,3.339499990940094,3.5146499884128573,3.472824999690056,1.1799999475479126,4.909999847412109,1.1799999475479126,8.470000267028809,1.1799999475479126,9.449999809265137,1.1799999475479126,9.449999809265137,1.1799999475479126,9.449999809265137,1.1799999475479126,10.5,8325257.25,6681661.0,1885526.4556962023,43081737.67396832,1,False,8,8,376827167.2153473,8,0.2324695449425928,0.6529285652296883,0.1398133949813218,2.849605095143039,1.6081394606552286,-3.05339480791716,-7.635209466460081,4.0,3.299999952316284,3807400.0,False,False,False,0.1798714479716552,0.7987151689351317,0.7987151689351317,1.0,4.171013764391818,0.3984129627080208,0.4447619120279948,False,False,0.6560284350516916,1.6351159834308475,-0.0734126762618161,0.8992973130267043,0.2759562750758852,1.1438009243709992,0.0,0.0,4.41534894662935,98.0,99.0,99.0,35.0,35.0,79.0,79.0,99.0,99.0,99.0,98.0,100.0,BNAI
2026-01-06,32.096439361572266,33.190521599614364,30.942678461859032,31.02224811366373,5011200.0,0.0538863165573562,30.40540217565872,29.81122567194631,29.326219940185545,28.8569574991862,28.68019920349121,26.0292156791687,19.97267996311188,25.32306638088643,33.190521599614364,24.402347720464064,35.708094694058886,16.331068346924376,35.708094694058886,14.080499532847202,35.708094694058886,12.430362262395526,35.708094694058886,9.447178060356505,35.708094694058886,2597555.0,2913254.0,4619807.172995781,73201300.75094223,1,False,272,272,410753961.41052246,95,0.0482775179430416,1.3764136895454158,0.0428836879393338,2.7776281380454777,1.192319386102449,7.255370070956163,6.499553553088473,31.4897201276525,29.26176794134564,2298200.0,False,False,False,0.0700340343809781,0.1224046572272579,0.1973968833297106,0.6200941735377162,0.6453779862655299,0.1191149382834551,0.8988561175433556,False,False,0.0935276062177754,1.079718457366794,0.0342019420857708,1.0037424469531475,1.277897403111263,2.041967429601776,0.0,0.0,0.562264809488916,12.0,83.0,83.0,63.0,63.0,96.0,96.0,80.0,76.0,94.0,94.0,100.0,BTU
2026-01-06,6.460000038146973,6.590000152587891,6.380000114440918,6.519999980926514,2136200.0,-0.0122324043077498,6.009725701454802,5.828050453467974,5.794799957275391,5.831333303451538,5.560799994468689,4.144200001955032,2.480754998922348,4.570000171661377,6.919000148773193,3.059999942779541,7.769999980926514,1.8200000524520876,7.769999980926514,0.8730000257492065,7.769999980926514,0.7599999904632568,7.769999980926514,0.2240000069141388,7.769999980926514,3719445.0,4265284.0,2487446.4135021097,15402782.838180063,-1,False,215,215,140241605.5727005,62,0.0914689579548251,0.4524285452706473,0.0700353781113018,2.308881088558096,-0.1768233338552896,7.491431691250224,8.339361729264644,6.625,5.991000175476074,3414000.0,True,True,False,0.032507745651223,0.2933436485659971,0.3181114266569094,0.9221411869696056,0.5196113553048285,0.1617033600512003,0.8314028383532462,True,True,-0.0429629573115596,0.944951506938595,1.063897700304353,2.0031114269486228,5.09433998761123,5.463127418567927,0.0,0.0,1.4952864832828068,87.0,27.0,27.0,98.0,98.0,99.0,99.0,90.0,97.0,99.0,99.0,88.46153846153845,BW
2026-01-06,26.1299991607666,26.440000534057617,24.65999984741211,24.729999542236328,1189500.0,0.0532043419281904,27.40714662739259,25.57954753102068,26.026799850463867,22.539999866485594,15.93499990463257,11.346099953651429,10.634099955558776,4.300000190734863,40.369998931884766,4.300000190734863,40.369998931884766,4.300000190734863,40.369998931884766,4.300000190734863,40.369998931884766,4.300000190734863,40.369998931884766,4.300000190734863,40.369998931884766,3668555.0,3237358.0,2207169.620253165,44208300.32165527,1,False,34,34,1706494583.8523865,34,0.0697382756352809,1.7535711015973772,0.0671094970500539,9.533473181417104,0.7527494571630394,-5.005782216381688,-4.724983507404196,28.489999771118164,24.34000015258789,3207200.0,True,False,True,0.068120962258511,0.2437810614800602,0.2717183547456887,0.8971828999488239,0.3809464384229362,0.639786590345079,0.6472628152617754,False,False,0.0287401398897566,1.0157491320359613,2.345710544457067,3.247172096696538,1.5693214321281157,2.303207630605977,0.0,0.0,1.662108324768992,90.0,63.0,63.0,99.0,99.0,97.0,97.0,99.0,99.0,99.0,99.0,23.07692307692308,CAPR
2026-01-06,19.60798072814941,19.6279587519472,18.59911529408116,18.768924685943883,25923100.0,0.0553763554559791,18.353002392402765,17.830254186812827,17.41923858642578,17.093138217926025,16.509660205841065,16.52444369316101,12.219927501678466,13.534801031417633,19.707868585945334,13.534801031417633,23.59350622217566,12.446023578521256,23.59350622217566,8.56038701767104,23.59350622217566,8.450510080864047,23.59350622217566,4.574862546156672,23.59350622217566,18275145.0,18498542.0,17307595.35864979,352419928.5308504,1,False,327,327,827569323.9028931,109,0.0636761891999504,1.1223108992960114,0.0572374542211177,3.278746949724004,0.916719987322037,8.649204040704364,9.86420447088646,19.32829458484529,17.78003214890872,22413100.0,False,False,False,0.0524706481575137,0.142129350457342,0.2287315135907784,0.6213807106248787,1.0650320441470469,0.1876671284374571,0.8310753197725131,False,False,0.2192545657872218,1.2038577274353957,0.0149948323301432,0.9851010283283386,1.2205880431125773,1.9905938047981289,0.0,0.0,1.0559031813085842,59.0,95.0,95.0,56.0,56.0,96.0,96.0,92.0,86.0,87.0,94.0,100.0,CDE
2026-01-06,105.0199966430664,106.88999938964844,102.0,103.1500015258789,546700.0,0.0117533097826623,102.09143374845632,100.76572694650696,101.7186004638672,101.40616709391276,93.16940032958983,73.2317501449585,44.40177506446838,92.0999984741211,112.63999938964844,45.02999877929688,112.63999938964844,44.41999816894531,112.63999938964844,13.470000267028809,112.63999938964844,11.085000038146973,112.63999938964844,7.574999809265137,112.63999938964844,884745.0,877246.0,782830.8016877638,86203758.1980896,1,False,162,162,1016757897.302246,162,0.0425462640283853,3.560284205845424,0.0339010123752511,3.751925761074948,0.3426674728117371,3.704470572120052,6.059539343941272,105.68000030517578,98.5,769700.0,False,False,False,0.0465625551890672,0.0800799495480662,0.1463531064357235,0.5471694554241412,0.6466601158625973,0.1271940816572252,0.9323508275224448,False,False,-0.0080287719038816,0.97944454082569,1.1968412503429278,2.1321395004728654,6.837313405430165,7.02557485144474,0.0,0.0,1.1301867505628442,67.0,40.0,40.0,99.0,99.0,99.0,99.0,57.0,98.0,96.0,99.0,84.61538461538461,CELC
2026-01-06,42.22999954223633,45.58000183105469,42.09999847412109,43.81999969482422,4182700.0,-0.0365047278570889,39.77322927711179,37.1443425212736,34.94080009460449,33.85133336385091,32.0242000579834,29.26050001144409,23.810400004386903,25.399999618530277,45.58000183105469,25.399999618530277,45.58000183105469,20.90999984741211,45.58000183105469,19.38999938964844,45.58000183105469,16.59000015258789,45.58000183105469,13.050000190734863,45.58000183105469,2298407.5,2215640.0,1882543.037974684,70443313.45160484,-1,False,56,56,168386363.2621765,55,0.049526295798693,2.021428653172084,0.0478671246763891,6.657810051851161,-0.7915205348987161,6.465325381800934,4.485930881330044,44.34000015258789,41.400001525878906,2743900.0,False,False,False,0.082405952987356,0.2192754495999716,0.3855079983534382,0.5687961093843178,0.8438780668339622,0.3186902238236766,0.9265028048652704,False,False,0.3684380656839927,1.3511573268759995,0.4492107215773628,1.4065283158268909,1.2728740428225436,2.03746435668782,0.0,0.0,1.2209056864233607,75.0,97.0,97.0,95.0,95.0,96.0,96.0,96.0,93.0,94.0,93.0,96.15384615384616,CENX
2026-01-06,9.529999732971191,9.777999877929688,8.300000190734863,8.59000015258789,977600.0,0.1146198269443661,7.576370285885684,6.543638444612915,5.66040002822876,5.446333344777425,5.199299993515015,4.787499997615814,4.804525001049042,3.5,12.699999809265137,3.5,12.699999809265137,3.470000028610229,12.699999809265137,2.907999992370605,12.699999809265137,2.7300000190734863,12.699999809265137,2.7300000190734863,12.699999809265137,3195530.0,2566530.0,629137.2194092827,62644850.50109863,1,False,7,7,1175892931.520462,7,0.1121154968779125,1.1209285599844796,0.1176210484147626,7.081547151984661,0.8742747550743977,6.241324688804882,1.258812804823456,8.550000190734863,7.75,767100.0,False,False,False,0.1550891635475444,0.8289611584351295,0.902413446548054,0.9186046169924694,4.710523547357717,0.8329390004150123,0.7503936910312936,False,False,1.341523177155307,2.3119542463779696,0.7358834481390495,1.684757907480369,1.754335152572729,2.469058818926111,0.0,0.0,5.079225805461624,99.0,99.0,99.0,97.0,97.0,98.0,98.0,99.0,99.0,98.0,98.0,96.15384615384616,CHRN
2026-01-06,254.19000244140625,254.82000732421875,221.1199951171875,230.1999969482422,3456200.0,0.1008662155069743,237.79981391373667,229.05745513117847,223.05999877929688,218.33999888102213,207.7511993408203,169.70009925842285,122.8365496635437,168.22000122070312,254.82000732421875,153.27000427246094,254.82000732421875,90.0,254.82000732421875,83.19999694824219,254.82000732421875,70.7699966430664,254.82000732421875,49.209999084472656,254.82000732421875,3241792.5,3061762.0,2510064.135021097,669597995.2929688,1,False,43,43,2730978977.194214,43,0.0587841157712643,12.975715637207031,0.0510473091489823,4.378895933425678,1.7948920272373472,14.823449125144286,13.716625039265734,252.6000061035156,223.2700042724609,3215900.0,False,False,False,0.132578039589891,0.132578039589891,0.2089775753010637,0.6344127564830452,0.6251139049998008,0.223530854444802,0.9975276474974316,False,False,0.2986767894035258,1.2822770012388578,0.6586623324072185,1.6098111214544226,2.2315025503088037,2.896804284246046,0.0,0.0,1.2915177962067304,79.0,96.0,96.0,97.0,97.0,98.0,98.0,93.0,93.0,98.0,97.0,100.0,CIEN
2026-01-06,17.540000915527344,18.200000762939453,16.329999923706055,18.020000457763672,25670100.0,-0.0341409106329435,16.354450390549363,16.482672539805762,16.959599838256835,17.062333170572916,17.71639986038208,14.86499994277954,9.4199999666214,13.09000015258789,21.15999984741211,13.09000015258789,25.520000457763672,6.949999809265137,25.520000457763672,4.550000190734863,25.520000457763672,3.255000114440918,25.520000457763672,1.8600000143051147,25.520000457763672,35858390.0,39805198.0,31252607.59493671,461039000.0909996,-1,False,103,103,3091943755.0935745,64,0.0887172337502062,1.3039284433637346,0.0743402722521768,-0.1339357031399358,-0.4754853957210711,8.568977460220998,6.3499633227392005,18.309999465942383,16.639999389648438,26979000.0,False,False,False,0.1066134972420653,0.2160774692334024,0.4030786388708496,0.5360677753569467,0.4989461426620714,-0.0099568166357095,0.6873040987815241,False,False,-0.1154815439732351,0.8733486904431044,0.1434159544365003,1.1097398692529028,1.9087894370213985,2.607515721232533,0.0,0.0,1.1473727397329072,69.0,15.0,15.0,81.0,81.0,98.0,98.0,87.0,78.0,97.0,98.0,53.84615384615385,CIFR
2026-01-06,34.779998779296875,35.08000183105469,33.75,34.459999084472656,2698000.0,0.0151780643093855,36.56537094241092,37.06556131152112,38.62879989624023,38.71166661580404,32.72339994430542,23.181149969100957,15.25932496547699,32.93000030517578,43.72999954223633,13.779999732971191,43.72999954223633,11.600000381469728,43.72999954223633,10.380000114440918,43.72999954223633,5.409999847412109,43.72999954223633,3.7200000286102295,43.72999954223633,3713537.5,3477940.0,2318920.253164557,102087479.22008514,1,False,183,183,756032330.6762695,57,0.053334796336836,1.743929181780134,0.0501417263653909,1.2534063270038986,0.2981775081215603,4.958235166104238,6.88072538757952,34.7400016784668,32.93000030517578,3164200.0,False,True,False,0.0382404220165293,0.2202415214566309,0.3105232782092376,0.7092592952346304,0.6056487460968274,0.0628479570732791,0.7953349907014027,False,False,-0.1152379149259462,0.8735892429244618,1.1874213593542078,2.122997045748809,2.556237191095568,3.187904997932411,0.0,0.0,1.601408023812916,89.0,15.0,15.0,99.0,99.0,99.0,99.0,26.0,98.0,98.0,98.0,3.8461538461538463,COGT
2026-01-06,194.1100006103516,194.22999572753903,176.99000549316406,182.32000732421875,4647500.0,0.0415861771550645,188.62988662850836,183.59337135255268,183.92559997558592,178.55233306884764,163.66960021972656,134.01510009765624,107.40519987106325,130.4199981689453,200.19000244140625,108.19000244140624,200.19000244140625,85.94000244140625,200.19000244140625,84.3499984741211,200.19000244140625,76.87999725341797,200.19000244140625,45.58000183105469,200.19000244140625,4427262.5,4585930.0,3969612.658227848,716198391.8844604,1,False,145,145,1720981652.9693604,61,0.0587123645582752,10.205713544573102,0.0525769590051139,3.537422025141134,0.7593785545863247,3.347992672174289,3.669721776666069,200.17999267578125,179.75,5235400.0,False,False,False,0.0888155694202579,0.1194682762850937,0.15491220045164,0.7711999179973491,0.6009010168057515,0.1859868927996326,0.9696288438138452,False,False,0.0945023621654315,1.0806809040230358,0.6912956895348861,1.6414833552829144,1.147234483782431,1.9248377357175217,0.0,0.0,1.115288286584732,66.0,84.0,84.0,97.0,97.0,95.0,95.0,93.0,95.0,96.0,94.0,84.61538461538461,COHR
2026-01-06,11.8100004196167,12.0,9.824999809265137,10.229999542236328,29350800.0,0.2563830743498732,8.692094462671758,8.526649715086826,8.490599975585937,8.327833286921184,9.203899974822995,9.348399991989137,5.891924995779991,6.75,12.0,6.75,32.150001525878906,5.329999923706055,32.150001525878906,3.190000057220459,32.150001525878906,1.3200000524520874,32.150001525878906,1.2300000190734863,32.150001525878906,7298192.5,8572056.0,7370664.978902954,70223884.78806019,1,False,92,92,2543095300.7349014,84,0.1081348288210621,0.9153570788247244,0.0775069471889513,3.653243571047846,2.6328531857543,5.13327448689493,1.8618781289082664,9.899999618530272,8.680000305175781,15361100.0,False,False,False,0.1841659706567101,0.4445385108775798,0.4445385108775798,1.0,1.0784938875807624,0.2831517565295813,0.3673405865971834,False,False,0.1881288650075867,1.1731250843460403,0.0189819037215186,0.9889706718009518,2.8594773334829293,3.459737475223554,0.0,0.0,0.9901674436281676,52.0,93.0,93.0,58.0,58.0,99.0,99.0,97.0,95.0,96.0,98.0,100.0,CRML
2026-01-06,23.479999542236328,25.0,22.440000534057617,24.770000457763672,5462900.0,-0.0675139294017409,24.33727319934385,24.335040717281903,24.295599975585937,24.473666636149087,24.330799999237065,18.506200008392334,14.50484998703003,20.270000457763672,30.049999237060547,13.199999809265137,34.59000015258789,9.40999984741211,34.59000015258789,9.40999984741211,34.59000015258789,9.40999984741211,34.59000015258789,6.570000171661377,34.59000015258789,5487330.0,5617656.0,2575756.11814346,84205572.30912209,-1,False,54,54,407208233.9406967,54,0.0843363927919269,2.159285681588309,0.0919627650632675,-0.3802413164513509,-0.7872977519533131,3.878474906847842,3.026548819044012,25.75,22.86000061035156,6090300.0,False,False,True,0.1090289401981205,0.2448892722360056,0.277257255357757,0.8832564973638451,0.7263100481766772,-0.0349680428521631,0.6788088880791648,False,False,-0.050545896608899,0.9374643255689836,0.554966817818779,1.509169665162868,0.7640870625090863,1.5813742619423308,0.0,0.0,2.1303763820447137,94.0,25.0,25.0,96.0,96.0,92.0,92.0,61.0,95.0,97.0,95.0,11.538461538461538,CSIQ
2026-01-06,7.579558372497559,7.629097685618003,7.014806801310352,7.064346586877205,877700.0,0.0699300948772478,7.42803341711918,7.07558717595596,6.955413131713867,6.447079531351725,5.330032248497009,4.488139252662659,3.713935562372208,3.2937203700362234,8.669429331179801,3.0486518410600327,8.669429331179801,3.0486518410600327,8.669429331179801,2.464688829766071,8.669429331179801,2.097401829080754,8.669429331179801,2.097401829080754,8.669429331179801,1335497.5,1221622.0,1412457.3839662448,15636316.661093237,1,False,28,28,82182384.86151695,28,0.0815416271037103,0.4798264162593176,0.0633053263367386,6.6668541232418805,1.0324486532017376,6.777965515184569,6.20659122268841,7.232781115919305,6.935543354600715,740800.0,False,False,True,0.0810457356640469,0.1542484145108283,0.5215685825536408,0.2957394668130046,0.8826216292764865,0.4220473759112588,0.8742857324227217,False,False,0.6416309846179904,1.6209003450839956,1.2154961657199004,2.1502449880437187,1.7134645179484345,2.4324213019703533,0.0,0.0,0.9455134825022912,46.0,99.0,99.0,99.0,99.0,97.0,97.0,99.0,98.0,97.0,97.0,53.84615384615385,DBI
2026-01-06,15.35002613067627,15.35002613067627,15.310052141523014,15.310052141523014,8440100.0,0.0032657920530565,14.7469206708445,13.989536740351378,13.583081169128418,12.891848627726237,12.142956638336182,11.953363046646118,10.90481160402298,8.928346968393031,15.5297323661045,8.928346968393031,15.5297323661045,8.928346968393031,15.5297323661045,8.928346968393031,15.5297323661045,8.928346968393031,15.5297323661045,6.3899920647331125,15.5297323661045,8340707.5,7461650.0,3734867.932489452,165024190.44758797,1,False,8,8,1323812460.361004,8,0.0439747028604307,0.48317494253241,0.0314771413689523,8.390515457243552,0.1034135004433459,-0.2206969269327974,-0.9861875029982088,15.43996780368114,15.30005931854248,16621000.0,True,True,False,0.0026041642413473,0.1808787825788977,0.1867266268535058,0.9686823225313445,2.208239464461614,0.2641094412060354,0.9884282464635088,True,True,0.5812817231766771,1.56131317865478,0.2905171258816463,1.2525085914603302,0.4777229781651291,1.3246699290608668,0.0,0.0,2.2332001159785477,94.0,98.0,98.0,91.0,91.0,87.0,87.0,96.0,94.0,90.0,86.0,84.61538461538461,DBRG
2026-01-06,18.1200008392334,18.38999938964844,17.670000076293945,18.040000915527344,2541300.0,-0.0060339388790481,19.068926919904836,19.42194181669474,19.674400177001957,19.952666791280112,20.26690013885498,16.975100049972536,13.800825004577638,17.575000762939453,23.959999084472656,13.725000381469728,25.0,11.920000076293944,25.0,8.880000114440918,25.0,8.0600004196167,25.0,6.360000133514404,25.0,2810230.0,3052940.0,2637499.156118144,63632935.81875801,-1,False,153,153,306277406.9667816,71,0.0635563959503233,0.9741428920200892,0.053760642765031,-1.970424932689715,-0.1129184474926715,-0.0208227678314685,2.696575452158524,18.61000061035156,17.575000762939453,3224900.0,True,True,False,0.039735059603063,0.1890176091849148,0.3523729594817906,0.5364134905893156,0.6054557246457513,-0.1059313109016421,0.724800033569336,False,False,-0.122518102955633,0.8664009896567266,0.4324111767316125,1.3902235540922874,1.1597139568241306,1.9360246651441664,0.0,0.0,1.065490388302562,61.0,14.0,14.0,95.0,95.0,95.0,95.0,15.0,76.0,85.0,91.0,0.0,DYN
2026-01-06,14.149999618530272,14.225000381469728,13.359999656677246,13.510000228881836,14680000.0,0.0512629701655107,12.809242071522316,13.042784724567367,13.400200119018557,13.438166745503745,14.17140007019043,12.21340000629425,8.653774996995926,11.173999786376951,16.489999771118164,11.173999786376951,19.86000061035156,6.510000228881836,19.86000061035156,4.900000095367432,19.86000061035156,3.690000057220459,19.86000061035156,3.069999933242798,19.86000061035156,20034330.0,20328702.0,14572256.11814346,187158046.26324177,1,False,221,221,820825581.5803528,77,0.076902810798106,0.8070714814322335,0.0570368553491213,-0.0264761362492119,0.8549423393809229,5.75257203131601,3.9449884714207535,13.760000228881836,12.899999618530272,13011400.0,False,False,False,0.0611307949195779,0.2156184224271854,0.375689054986234,0.5739278788281073,0.5797153207322336,-0.0015101155534499,0.7124873707785747,False,False,-0.0923669352125426,0.8961714061860133,0.0209235186895055,0.9908551019878432,1.954070925097941,2.648107243787461,0.0,0.0,1.3748269202499044,83.0,18.0,18.0,59.0,59.0,98.0,98.0,80.0,70.0,95.0,97.0,65.38461538461539,EOSE
2026-01-06,14.468953132629396,14.618631577486417,14.209509606687035,14.468953132629396,7202400.0,0.0146955591694741,14.213659863823407,14.058588426793293,14.142054405212402,13.940087795257568,13.027645721435547,11.624356875419616,9.03152046918869,11.749787517051896,15.067667869058146,10.218073315823936,15.067667869058146,8.15749578174519,15.067667869058146,5.992142139910913,15.067667869058146,5.597988281642086,15.067667869058146,5.57803076603335,15.067667869058146,8899600.0,9627788.0,12950191.139240509,132128946.95267676,1,False,109,109,732758561.71875,109,0.0447747286285553,0.6430490184456346,0.0444433686771349,2.48933709211138,0.3258692539118539,12.200495786845316,12.333654005344744,14.633600305390932,13.830323609700333,10073300.0,True,True,True,0.0282758515456626,0.1178621186404447,0.1227586115114531,0.9601128359899088,0.7353090865731567,0.110634526146373,0.9602649367087372,False,False,0.0394265264897337,1.0263005701422752,0.3063063272497837,1.2678327665288158,1.470187376607019,2.214341243444762,0.0,0.0,0.6872176560416341,18.0,68.0,68.0,91.0,91.0,97.0,97.0,75.0,84.0,91.0,95.0,73.07692307692307,EQX
2026-01-06,3.7200000286102295,3.839999914169312,3.690000057220459,3.819999933242798,2617700.0,-0.0236220250711219,3.7919070446057184,3.7598471895314,3.8176000118255615,3.778000020980835,3.416600012779236,2.9845000100135803,2.0759000054001806,2.950000047683716,4.130000114440918,2.4200000762939453,4.130000114440918,2.0899999141693115,4.130000114440918,1.1100000143051147,4.130000114440918,0.9100000262260436,4.130000114440918,0.6899999976158142,4.130000114440918,5974937.5,5965944.0,5479875.105485232,19136316.941913366,-1,False,166,166,70765345.09735107,42,0.0539280902751189,0.1907142741339547,0.0512672775987059,1.7321328765149997,-0.471909690965748,3.0122360147579226,4.705693946967746,3.890000104904175,3.630000114440918,2981500.0,True,False,True,0.0403225418804342,0.1344086011168115,0.1344086011168115,1.0,0.6603179647680233,0.0888017370181395,0.900726374220406,False,False,-0.0184696395639468,0.9691355212276505,0.1923077452112251,1.1571916905182642,2.179487320563267,2.8501764577080437,0.0,0.0,1.090341911993436,63.0,35.0,35.0,85.0,85.0,98.0,98.0,79.0,90.0,91.0,98.0,3.8461538461538463,ESPR
2026-01-06,10.600000381469728,10.600000381469728,9.779999732971191,10.029999732971191,15429900.0,0.0849539288451619,9.727624350086916,9.459113291407716,9.362799949645996,9.176333300272624,8.61099998474121,7.818800001144409,6.127650004625321,6.909999847412109,10.600000381469728,6.599999904632568,10.600000381469728,5.75,10.600000381469728,4.909999847412109,10.600000381469728,3.849999904632568,10.600000381469728,2.950000047683716,10.600000381469728,14205452.5,13757236.0,13171953.58649789,144595135.54192066,1,False,90,90,296142927.39219666,90,0.0716215757764655,0.7107141358511788,0.0670485009692646,3.445023658062865,1.1678393348853469,3.891917743562706,2.0004416748858938,10.460000038146973,9.25,20344000.0,False,False,False,0.0773585489611878,0.1783019127647143,0.2169811422606722,0.8217392115601904,1.0878624165493709,0.2309836720767677,1.0,False,False,0.2197929681605552,1.2043893308230678,0.3554987402535736,1.3155763560451648,1.1900826543986849,1.9632479681963444,0.0,0.0,1.0784620828425568,62.0,95.0,95.0,93.0,93.0,95.0,95.0,94.0,92.0,92.0,93.0,100.0,EXK
2026-01-06,56.0099983215332,56.880001068115234,52.09999847412109,52.22999954223633,5668800.0,0.0524238451115393,46.45161488023335,43.74599816947356,41.65520004272461,40.574666849772136,39.92470016479492,40.20740735089338,0.0,32.79999923706055,56.880001068115234,32.79999923706055,56.880001068115234,30.01000022888184,56.880001068115234,30.01000022888184,56.880001068115234,30.01000022888184,56.880001068115234,0.0,0.0,2458877.5,2271902.0,0.0,113444453.55714798,1,False,117,117,487351517.1783447,1,0.0676412112895195,3.0047144208635603,0.0536460366167943,7.5101707372193,0.9285398577174028,-0.4581474941276493,-5.47756222069086,53.52999877929688,44.70000076293945,9157300.0,False,False,False,0.0853419521020848,0.296018609675274,0.3515444212008907,0.8420517915319544,1.1654684048871826,0.402890894367244,0.0,False,False,0.4354176746399574,1.4172911122928105,0.2849276927155035,1.2470837792501053,0.0,0.0,0.0,0.0,0.0,0.0,98.0,98.0,90.0,90.0,0.0,0.0,96.0,94.0,93.0,89.0,100.0,FIGR
2026-01-06,21.82999992370605,22.63999938964844,21.309999465942383,22.3799991607666,3733200.0,-0.0188764079233233,21.12125807214224,20.81769154070661,21.304799957275392,20.64066661198934,20.02219995498657,15.439300026893616,10.697400013208387,14.579999923706056,25.850000381469727,12.979999542236328,25.850000381469727,6.602000236511231,25.850000381469727,6.602000236511231,25.850000381469727,4.402999877929688,25.850000381469727,3.4600000381469727,25.850000381469727,6060207.5,6261708.0,5968802.953586498,97467738.1940651,-1,False,329,329,404963018.0873871,83,0.0953034059838231,1.7728572572980608,0.0812119680940926,1.1117792008453882,-0.2369057489343785,5.201844406675205,2.6271271420166173,23.56999969482422,21.709999084472656,3825900.0,False,False,True,0.0609253288297887,0.2043059596912489,0.3376088348598675,0.6051558448582985,0.5324074517687506,0.0902897769867314,0.8444874120525986,False,False,-0.0646958105831208,0.9234930977725846,0.4305373260997409,1.3884048924345205,1.5957194197124145,2.3268714842898817,0.0,0.0,1.0153137148477285,55.0,22.0,22.0,95.0,95.0,97.0,97.0,93.0,93.0,98.0,98.0,61.53846153846154,FLNC
2026-01-06,26.450000762939453,27.21999931335449,25.0,26.1299991607666,4122400.0,0.0263872833952907,24.297257732296792,23.26778928965395,22.111599960327148,21.296999994913737,21.553600006103515,29.98995002746582,31.09857141403925,16.0,28.739999771118164,16.0,31.959999084472656,16.0,49.59000015258789,16.0,73.80000305175781,16.0,73.80000305175781,0.0,0.0,2896815.0,2591666.0,0.0,82084011.13975525,1,False,152,152,201466911.88220975,18,0.111379056469125,2.5047856739589145,0.0946988885334365,2.3989006145030585,0.2714804353304262,-14.673986867568903,-17.498354172339425,26.06999969482422,23.75,3835900.0,False,True,False,0.0839319186888287,0.2692627423504505,0.3890358681046464,0.6921283213866074,1.4699425003067526,0.2271732218956175,0.0,False,False,0.3081108635582543,1.2915919411956631,-0.0907528145686028,0.8824678794835243,0.0,0.0,0.0,0.0,0.0,0.0,97.0,97.0,33.0,33.0,0.0,0.0,96.0,92.0,88.0,84.0,88.46153846153845,FLY
2026-01-06,238.70184326171875,238.91114137389425,225.4666536669853,228.2372722136137,2353700.0,0.0600133054214917,200.8240470816664,188.35141932100225,180.5852014160156,177.97062072753906,172.75923431396484,168.036473236084,141.16022342681885,151.586775708543,238.91114137389425,148.99555718677493,238.91114137389425,147.165934833002,238.91114137389425,109.05786197011494,238.91114137389425,107.63882173380836,238.91114137389425,80.61986813289408,238.91114137389425,1059295.0,1219640.0,1576619.8312236287,219984216.4313507,1,False,193,193,1026063628.515625,160,0.042145412550389,8.861925228690707,0.0371254997766157,10.281406875855868,1.524979207140187,6.783014415497611,1.7718474110247162,225.5563534316503,208.31472442657144,3023000.0,False,False,False,0.0563233510189866,0.297941699588571,0.3242036329414648,0.9189955611705454,1.1562510248925912,0.3817023686728826,0.9991239499716428,False,False,0.36209057998082,1.344889997699655,0.3998731273691862,1.3586438210081897,1.1915550072312544,1.9645678241849776,0.0,0.0,0.6718772522212103,17.0,97.0,97.0,94.0,94.0,95.0,95.0,95.0,92.0,88.0,93.0,100.0,FTAI
2026-01-06,17.540000915527344,18.670000076293945,17.360000610351562,18.1200008392334,2830900.0,0.0553549957784706,17.045115503172,16.31366291280009,16.0092000579834,15.373333358764649,13.46980001449585,11.514250025749206,8.621200003623962,9.869999885559082,18.670000076293945,9.079999923706056,18.670000076293945,8.305000305175781,18.670000076293945,4.454999923706055,18.670000076293945,3.9700000286102295,18.670000076293945,3.9700000286102295,18.670000076293945,1358685.0,1386136.0,2087389.029535865,22711099.95316029,1,False,193,193,80604081.45656586,279,0.0568218946020642,0.8911427770342145,0.050806313028486,5.947535166484244,1.032382352192507,4.166771732726218,4.16525750986932,16.940000534057617,15.949999809265137,1272800.0,False,False,False,0.0746863966684689,0.1550741234352456,0.2651082882449479,0.5849463419716407,0.7951744994719133,0.3021723334163275,0.9394751389314986,False,False,0.2096552355536098,1.1943796182658994,0.8289885960840284,1.7751209064453015,2.661795627393269,3.282530369797358,0.0,0.0,0.6509016674779144,16.0,94.0,94.0,98.0,98.0,99.0,99.0,97.0,96.0,95.0,98.0,84.61538461538461,FTRE
2026-01-06,16.010000228881836,16.34000015258789,13.6899995803833,14.170000076293944,1679200.0,0.1118056009029175,15.886853865690725,15.994571625951872,16.479200057983398,16.33800007502238,15.04720006942749,10.885100030899048,7.80712501168251,13.270000457763672,19.170000076293945,8.524999618530273,19.170000076293945,4.599999904632568,19.170000076293945,4.119999885559082,19.170000076293945,4.119999885559082,19.170000076293945,3.5,19.170000076293945,1060855.0,1080288.0,864395.7805907173,19711019.08955097,1,False,113,113,219739899.55687523,113,0.0808885683613394,1.4703572818211146,0.0918399288445111,0.6967049874754134,1.094972378657174,12.098291236800538,10.426542842231076,15.48799991607666,13.760000228881836,947800.0,False,False,True,0.1655215824059779,0.2573391521960539,0.3422860972871689,0.7518247285987584,0.8048872152611155,0.0639853364753579,0.8351591113805035,False,False,-0.0724217835123968,0.9158646890104978,1.0900784004964086,2.028521048613732,2.164031701567032,2.836321632397852,0.0,0.0,1.2272792438609834,75.0,21.0,21.0,98.0,98.0,98.0,98.0,71.0,96.0,99.0,98.0,19.230769230769237,GLUE
2026-01-06,2.559999942779541,2.759999990463257,2.5199999809265137,2.7100000381469727,5604400.0,-0.0656934547922264,3.031345161613687,3.157748997339465,3.3157999992370604,3.302833326657613,3.0121000003814697,2.790450004339218,2.0401600018143653,2.5199999809265137,3.869999885559082,2.0799999237060547,3.869999885559082,2.0799999237060547,3.869999885559082,1.6349999904632568,3.869999885559082,1.159999966621399,3.869999885559082,0.7599999904632568,3.869999885559082,3837185.0,3647440.0,2767706.329113924,15774981.022353172,-1,False,193,193,51664672.85938263,18,0.08185611701811,0.283928564616612,0.1109095980323867,-1.353306117232859,-0.6339625144805552,-1.291570137522072,0.9431948485940882,2.970000028610229,2.7249999046325684,4470100.0,False,False,False,0.0937500058207662,0.4882812609139366,0.5273437245341478,0.9259259913356916,1.182911850503367,-0.1500946374770665,0.6614987127860622,False,False,-0.2289156643810319,0.7613470246387257,0.062240602326431,1.0309553077049736,1.015748016714081,1.806969791875864,0.0,0.0,1.3864133487126389,83.0,6.0,6.0,70.0,70.0,94.0,94.0,6.0,64.0,60.0,82.0,0.0,GOSS
2026-01-06,63.2400016784668,68.08999633789062,62.0099983215332,63.400001525878906,1218900.0,0.0074876727302142,65.47919998431493,61.82051142056257,59.6464005279541,55.49933376312256,46.57330017089844,35.11310007095337,27.92285004615784,30.940000534057617,94.9000015258789,25.59000015258789,94.9000015258789,18.263999938964844,94.9000015258789,15.800000190734863,94.9000015258789,15.800000190734863,94.9000015258789,13.220000267028809,94.9000015258789,1852425.0,1643860.0,1079823.6286919832,164208804.92004395,1,False,29,29,1366009665.5273438,29,0.121226133132982,4.344428743634905,0.0686974798913419,5.209209679270272,0.1081848151823715,7.339526500763693,7.906969342597001,68.25,61.9900016784668,1275000.0,True,True,True,0.0961416485608294,0.1601834408483973,0.7931688569909,0.201953769914891,0.605227939118903,0.3578595771914534,0.6663856760973967,False,False,0.9251142957673696,1.9008038076605795,1.2050209555630338,2.140078295594857,2.375500379942613,3.025887744126185,0.0,0.0,1.7154884842109706,91.0,99.0,99.0,99.0,99.0,98.0,98.0,98.0,98.0,99.0,98.0,38.46153846153847,GPCR
2026-01-06,103.9800033569336,104.91000366210938,96.0,96.33000183105467,803800.0,0.0859530376703248,92.87987588542656,92.434783674149,93.61940002441406,95.78916702270509,91.46870010375976,70.88020013809204,53.5549750328064,84.08000183105469,115.76000213623048,65.2699966430664,115.76000213623048,30.81999969482422,115.76000213623048,29.950000762939453,115.76000213623048,29.950000762939453,115.76000213623048,20.440000534057617,115.76000213623048,983980.0,989822.0,1233346.4135021097,71403735.45928955,1,False,193,193,325847054.586792,78,0.0570541150786285,5.275499616350446,0.0507357130797655,2.695977571762892,1.560042451984302,10.72324718467252,7.235070554414595,96.08999633789062,87.2699966430664,590800.0,False,False,False,0.0856895881367101,0.2003269971010796,0.2003269971010796,1.0,0.5901263055377634,0.1367823445504452,0.8982377456642255,False,False,-0.0069242009592904,0.9805351631653229,0.6852512491278595,1.635616936784052,1.4271709380620146,2.17578017114783,0.0,0.0,0.7978131603804407,27.0,41.0,41.0,97.0,97.0,96.0,96.0,76.0,91.0,98.0,98.0,88.46153846153845,GRAL
2026-01-06,67.30000305175781,67.55999755859375,62.11000061035156,63.630001068115234,721500.0,0.0502497055039508,63.83644857477438,63.475889074920296,64.85680068969727,64.02633387247721,59.76280029296875,47.58740020751953,34.84670007705689,53.869998931884766,74.87999725341797,40.5,74.87999725341797,27.63999938964844,74.87999725341797,22.350000381469727,74.87999725341797,18.32999992370605,74.87999725341797,17.239999771118164,74.87999725341797,891057.5,1064430.0,899201.6877637131,49302055.87556839,1,False,68,68,284083625.17089844,68,0.0676453705893316,4.390714645385742,0.0652409278794387,1.933121408056213,0.7333660874744081,8.381991270489603,7.999573308135616,66.66000366210938,62.59999847412109,644400.0,False,False,False,0.0809806344889881,0.1331351958124262,0.2832094605394809,0.4700944507956027,0.5810527700271507,0.1261186343651945,0.8987714412434202,False,False,-0.0144969666202542,0.973058026958642,0.5042467708298961,1.4599434338027475,1.4972171111885846,2.2385714118320434,0.0,0.0,0.9909428686861482,52.0,37.0,37.0,96.0,96.0,97.0,97.0,78.0,93.0,97.0,97.0,65.38461538461539,GSAT
2026-01-06,22.26048469543457,22.2704806513124,19.891496535331942,20.021442055210034,29408700.0,0.1287380140122878,19.888277461745936,19.076079009659452,18.77477416992188,18.16476821899414,16.309928760528564,13.576686124801636,9.666209287643431,12.790705330109716,22.2704806513124,11.801425367070593,22.2704806513124,8.014176437884116,22.2704806513124,5.61299748936452,22.2704806513124,5.473172077846636,22.2704806513124,4.450893518139236,22.2704806513124,21482867.5,20970662.0,22374173.839662448,505448110.3044415,1,False,109,109,2748496246.0590363,18,0.0654918720263306,1.2187644896448655,0.0547501326372656,6.663774651806697,2.0831880611282703,14.712479157910092,14.945859806796074,20.4512566801815,19.101835050292145,22053100.0,False,False,False,0.1068702747729639,0.1903907015331936,0.2891783044490124,0.6583851506286258,0.9514969055340264,0.3648425460512656,0.9995511567067484,False,False,0.3240190653036794,1.3072992529730572,0.7864202485671479,1.733806289289224,2.9871655338830263,3.5742005524479006,0.0,0.0,0.9601636088979322,48.0,97.0,97.0,98.0,98.0,99.0,99.0,97.0,96.0,98.0,98.0,100.0,HL
2026-01-06,14.100000381469728,14.210000038146973,13.06999969482422,13.1899995803833,2464700.0,0.0921766497383933,13.352108800215596,13.160885389178327,13.34639991760254,13.183333237965902,11.384199953079223,10.258499960899352,9.202649986743928,9.779999732971191,15.170000076293944,7.559999942779541,15.170000076293944,7.559999942779541,15.170000076293944,7.559999942779541,15.170000076293944,7.360000133514404,15.170000076293944,5.039999961853027,15.170000076293944,2173450.0,2109436.0,2042018.143459916,30454945.561761856,1,False,320,320,191708486.9422913,320,0.0477252718487775,0.5592857088361468,0.0396656520358086,6.014239790312268,2.1277148964416863,-0.9740179042607684,-2.345874011162472,13.109999656677246,12.68000030517578,1245200.0,False,False,False,0.0808510859915256,0.1226949996760213,0.2524822924327906,0.485954870315042,0.7963360822513695,0.2385587427824409,0.9294660718890636,False,False,0.1672185819968077,1.152478857961697,0.6040956134995583,1.5568515110246472,0.4071856025260756,1.2614383614635716,0.0,0.0,1.0643637065424851,61.0,92.0,92.0,97.0,97.0,85.0,85.0,91.0,96.0,93.0,89.0,69.23076923076923,HLF
2026-01-06,26.790000915527344,27.290000915527344,25.170000076293945,25.799999237060547,6116800.0,0.1047423057949419,23.603030290826247,22.56112234506448,21.65759994506836,21.10899988810221,21.18019998550415,23.726099977493288,21.2703000164032,14.6899995803833,27.290000915527344,14.6899995803833,27.290000915527344,14.6899995803833,30.850000381469727,14.6899995803833,30.850000381469727,14.6899995803833,30.850000381469727,10.40999984741211,30.850000381469727,2629582.5,2531140.0,3790085.2320675114,41350349.21835899,1,False,301,301,645765397.9539871,301,0.0419893980454666,1.1581430435180664,0.0432304219462274,6.126718396420216,2.19316683698383,-4.249636221422483,-7.52131666346924,24.489999771118164,23.790000915527344,1474300.0,False,False,False,0.0791340338478546,0.2011945170883907,0.293019787726842,0.6866243356777927,0.7262972415591393,0.2648606214229598,0.8683954808512401,False,False,0.3401701461864905,1.3232463767918246,-0.0103435087718308,0.9605089564471588,0.1744849426904855,1.0528393404619625,0.0,0.0,0.6938056373380156,18.0,97.0,97.0,47.0,47.0,71.0,71.0,97.0,95.0,92.0,89.0,100.0,HSAI
2026-01-06,58.34999847412109,60.41999816894531,56.27000045776367,57.630001068115234,5939100.0,0.0017167120020789,51.11362297339508,48.04979989933235,45.51319992065429,44.62533315022787,44.58219970703125,39.641749744415286,28.14929988861084,31.670000076293945,60.41999816894531,31.670000076293945,60.41999816894531,24.20199966430664,60.41999816894531,18.68000030517578,60.41999816894531,15.260000228881836,60.41999816894531,10.039999961853027,60.41999816894531,7242940.0,7469318.0,6264894.092827004,339776625.87135315,1,False,20,20,909724396.5435028,20,0.1055928254735456,5.286714553833008,0.0906035080048498,3.408458444926956,0.0189150507565406,5.8898169073239846,4.314883914815461,59.7599983215332,52.75,9875400.0,False,True,False,0.0711224990523729,0.2618680236311185,0.4497000608390294,0.5823170740571779,0.855655094615064,0.3088182919991376,0.9657398252638784,False,False,0.3629992198628009,1.3457871632088707,0.4087397646934003,1.3672493165907098,1.793202497795912,2.5039005343222587,0.0,0.0,1.156115313791627,69.0,97.0,97.0,94.0,94.0,98.0,98.0,97.0,96.0,97.0,97.0,96.15384615384616,HUT
2026-01-06,28.56999969482422,30.32999992370605,28.0,29.149999618530277,4073200.0,0.0149200739604085,24.22551778627162,20.73347113542446,17.759199867248537,16.51666653951009,13.268399925231934,9.634699964523316,6.499599988460541,9.1899995803833,30.32999992370605,6.480000019073486,30.32999992370605,4.130000114440918,30.32999992370605,3.220000028610229,30.32999992370605,2.930000066757202,30.32999992370605,2.049999952316284,30.32999992370605,3319560.0,2916232.0,1122835.0210970463,114323662.05491066,1,False,15,15,498006113.2972717,15,0.1222981567831449,3.167714187077113,0.1108755415090529,10.401178059890704,0.1325877435557038,19.275849410876948,15.758139075681562,28.989999771118164,25.040000915527344,6654100.0,False,True,False,0.0815540759045986,0.3563178303785563,0.6755337905807286,0.5274611504958835,2.6606147933360584,1.1532362497224629,0.9419716375433878,False,False,1.386800255428554,2.3566595623016813,3.457098342421755,4.325827108302027,7.956112596348385,8.028496012423927,0.0,0.0,2.9564093901851067,97.0,99.0,99.0,99.0,99.0,99.0,99.0,99.0,99.0,99.0,99.0,100.0,HYMC
2026-01-06,16.829999923706055,17.0,16.389999389648438,16.6200008392334,6549100.0,0.0312500146089818,16.606009334275967,16.2542631404716,16.11919994354248,15.839999961853028,14.531399974822998,12.871100025177002,9.945800020694731,12.630000114440918,17.90999984741211,10.869999885559082,17.90999984741211,8.859999656677246,17.90999984741211,6.690000057220459,17.90999984741211,6.690000057220459,17.90999984741211,5.019999980926514,17.90999984741211,7595670.0,8732902.0,13238677.637130802,114999758.66533756,1,False,272,272,348386350.6877899,109,0.0406525735752281,0.7114285060337612,0.0422714503421756,3.742043115155524,0.7168678574957659,10.763180405567024,11.320637057013112,16.920000076293945,16.270000457763672,10916500.0,False,False,True,0.0362448373806787,0.1319073248420997,0.183600722911201,0.7184466528810839,0.7069494195629357,0.1581815897205771,0.9396984962084124,False,False,0.1101583174869902,1.0961391547633743,0.2266763554043824,1.1905480704377265,1.4426705732710827,2.189674453754412,0.0,0.0,0.5737483915082472,13.0,86.0,86.0,88.0,88.0,97.0,97.0,86.0,90.0,93.0,95.0,76.92307692307693,IAG
2026-01-06,2.059999942779541,2.680000066757202,2.039999961853028,2.25,18371700.0,0.095744653193861,1.925251870001281,1.8457907168176,1.8196000003814696,1.7083333333333333,1.555,1.204400001168251,1.201599998474121,0.959999978542328,3.819999933242798,0.7799999713897705,3.819999933242798,0.7699999809265137,3.819999933242798,0.5600000023841858,3.819999933242798,0.5600000023841858,3.819999933242798,0.5600000023841858,6.889999866485596,7735582.5,7029956.0,3116944.7257383964,30264995.6846118,1,False,29,29,190140350.1138091,29,0.2067547244349692,0.2500000085149492,0.1213592308054272,2.676012393047268,0.7199997656686046,4.777159733625096,3.4833253777613105,2.059999942779541,1.8200000524520876,1085500.0,False,False,False,0.3106796712045671,0.4757281778130441,1.106796133359783,0.4298245751626605,0.41831129526273,0.3247588056460071,0.2989840323219471,False,False,0.6093749912688506,1.589051682844708,1.4235292764683534,2.3521510715004927,1.452380960828323,2.198379101774824,0.0,0.0,2.481783663381281,96.0,98.0,98.0,99.0,99.0,97.0,97.0,98.0,98.0,97.0,98.0,84.61538461538461,IBIO
2026-01-06,19.75,19.84000015258789,19.149999618530277,19.649999618530277,1976300.0,0.0020294732311203,20.753951795213027,20.53094247683485,20.492799911499024,20.16166655222575,18.721399936676026,15.127449970245362,11.8992249917984,16.809999465942383,25.299999237060547,13.489999771118164,25.299999237060547,8.664999961853027,25.299999237060547,8.664999961853027,25.299999237060547,7.960000038146973,25.299999237060547,5.150000095367432,25.299999237060547,2226472.5,2031532.0,1333675.105485232,66245646.75001144,1,False,22,22,293115544.0979004,22,0.0659218308170725,1.3223570414951868,0.0669547869111487,0.8205907053695057,0.0302497088699393,1.6903041357180406,1.043961628940038,20.850000381469727,19.32999992370605,2107300.0,False,True,False,0.0349367359016515,0.1710885929155953,0.3286075833477551,0.5206471231509519,0.9433028866884696,0.0549424758192844,0.7806324346077187,False,False,-0.0169238501744906,0.970661790272444,0.370576003409667,1.330209561029418,1.3099414689372666,2.0706925770291105,0.0,0.0,1.6694264523966955,90.0,36.0,36.0,93.0,93.0,96.0,96.0,65.0,87.0,96.0,94.0,26.923076923076923,IMNM
2026-01-06,25.899999618530277,26.38500022888184,24.979999542236328,25.82999992370605,2853300.0,0.0372447068782415,25.745930485382114,25.43103660779284,25.075999984741213,24.820333353678382,24.13800006866455,20.1705500125885,18.03485003948212,21.86000061035156,27.690000534057617,16.594999313354492,27.690000534057617,14.470000267028809,27.690000534057617,14.31999969482422,27.690000534057617,14.31999969482422,27.690000534057617,12.720000267028809,27.690000534057617,1703482.5,1813696.0,1611900.4219409283,54335313.59725952,1,False,293,293,174309592.25177765,293,0.0514453970813053,1.0837857382638114,0.0418450098156917,1.7444592738769364,0.8581034722468398,3.161075939637774,1.5526678795404494,25.899999618530277,24.700000762939453,1930100.0,False,True,True,0.054247131557496,0.1135134621625843,0.2069498335635775,0.5485071440161925,0.784287995342108,0.0729969154384548,0.9353556922714495,False,False,0.130510684898844,1.1162345109489344,0.5649547318728689,1.5188634134383652,0.5334517794242133,1.3746266992412848,0.0,0.0,1.0568162132179328,59.0,89.0,89.0,96.0,96.0,88.0,88.0,67.0,91.0,92.0,88.0,57.692307692307686,IMVT
2026-01-06,10.699999809265137,12.75,9.899999618530272,10.975000381469728,1782400.0,-0.0272727446122602,7.820885324527856,7.1715635565389855,6.70899995803833,6.701833295822143,7.352099990844726,10.433849983215332,12.978424983024595,4.03000020980835,15.25,4.03000020980835,15.25,4.03000020980835,19.0,4.03000020980835,22.700000762939453,4.03000020980835,22.700000762939453,4.03000020980835,27.5,3326071.25,2668988.0,579935.8227848101,64503272.08451891,-1,False,6,6,1033307375.0469208,6,0.2357935350802833,2.0659284591674805,0.1930774295321567,2.358465569485244,-0.1452132523774594,-14.557698648670426,-17.113316742349493,15.25,8.130000114440918,19687300.0,True,True,False,0.2663551805862565,1.0485981299248477,1.0485981299248477,1.0,4.949426524210675,0.4553664697963051,0.3890909021550959,False,False,0.4323962663713296,1.4143078585950266,-0.0614034940955009,0.9109527986750996,-0.3742690309609523,0.5609217766900815,0.0,0.0,5.735240209905374,99.0,98.0,98.0,37.0,37.0,12.0,12.0,99.0,98.0,97.0,96.0,96.15384615384616,INBS
2026-01-06,45.90999984741211,47.900001525878906,43.18000030517578,47.20500183105469,38993600.0,-0.0483002021141045,42.41300031095961,42.49652457975071,41.84759979248047,42.68899993896484,48.886599960327146,44.60025009155274,27.719025020599364,33.34000015258789,51.5,33.34000015258789,76.87000274658203,22.6299991607666,76.87000274658203,14.720000267028809,76.87000274658203,8.609999656677246,76.87000274658203,5.125,76.87000274658203,36244445.0,36824172.0,26927686.075949367,1266821411.0169983,-1,False,35,35,5449857425.0,64,0.0839954386815979,3.489214488438197,0.0760011871059694,-0.8011434470452685,-0.6677726000437469,6.821981994476856,5.406710483433766,48.29999923706055,44.16999816894531,47924800.0,False,False,False,0.1028098722803456,0.2417773581139924,0.3391417936522141,0.7129093572051229,0.7284285984760228,-0.0608878530176087,0.5972420737223594,False,False,-0.0116254231788557,0.9758933083335056,-0.2050216476638595,0.7715645118973112,1.718176524952954,2.4366452695722933,0.0,0.0,1.345991812953136,81.0,38.0,38.0,21.0,21.0,97.0,97.0,89.0,81.0,94.0,97.0,73.07692307692307,IREN
2026-01-06,4.300000190734863,4.659999847412109,4.059999942779541,4.550000190734863,5372400.0,-0.0631808174754683,3.79799901059492,3.586691478098598,3.5532000064849854,3.5266666730244958,3.059000000953674,2.2071999979019163,1.5222999992966653,3.059999942779541,5.78000020980835,1.409999966621399,5.78000020980835,1.0099999904632568,5.78000020980835,0.7200000286102295,5.78000020980835,0.5600000023841858,5.78000020980835,0.5299999713897705,5.78000020980835,5438532.5,4716568.0,3016648.101265823,29279000.204143524,-1,False,4,4,363139159.3779087,4,0.0877431058285505,0.4178571701049804,0.0971760817604915,4.174774161923997,-0.6940169574693887,7.3709455983340675,6.6984864782028914,5.019999980926514,4.5,13464900.0,False,False,False,0.1395348553531178,0.6279070154275666,0.6279070154275666,1.0,2.4426850201248027,0.4056881952907141,0.7439446426728488,False,False,0.1528150586452175,1.1382572233862196,1.9054054968369267,2.819834989774524,4.733333587646484,5.139511741409268,0.0,0.0,1.80283954821178,92.0,91.0,91.0,99.0,99.0,99.0,99.0,90.0,99.0,99.0,99.0,92.3076923076923,IRWD
2026-01-06,14.170000076293944,14.489999771118164,13.880000114440918,13.979999542236328,4833400.0,0.0194244938973762,12.961158111705604,12.576347995494894,12.461199989318848,12.263000011444092,11.64099998474121,10.965999989509582,7.201899995803833,9.081000328063965,14.489999771118164,9.081000328063965,14.489999771118164,7.76200008392334,14.489999771118164,4.360000133514404,14.489999771118164,3.0199999809265137,14.489999771118164,1.600000023841858,14.489999771118164,3461337.5,3149870.0,3554244.3037974685,41168014.50279713,1,False,320,320,164709342.88978577,112,0.065907035315138,0.7791428565979004,0.054985381256376,3.951038992305343,0.3465352412298552,1.716466498315981,3.2427269915605903,13.920000076293944,12.612000465393066,6078700.0,False,False,False,0.0430486699642126,0.2124206219248714,0.2251234695277165,0.943573863580309,0.9292351747849912,0.2172493853507171,0.9779158247150528,False,False,0.1614754342481805,1.1468082351147575,0.1947723850325877,1.159583741339754,2.3498817996217545,3.002922571710439,0.0,0.0,0.9738603213914688,49.0,92.0,92.0,86.0,86.0,98.0,98.0,95.0,90.0,92.0,97.0,100.0,JMIA
2026-01-06,2.869999885559082,2.9200000762939453,2.7049999237060547,2.9200000762939453,44126900.0,-0.003472301557105,2.640800232322443,2.6853152117158414,2.7264000034332274,2.7576666673024497,3.075000004768372,2.909899997711181,1.953579998910427,2.240000009536743,3.566999912261963,2.240000009536743,6.599999904632568,1.2300000190734863,6.599999904632568,1.0099999904632568,6.599999904632568,0.699999988079071,6.599999904632568,0.6729999780654907,6.599999904632568,55754712.5,60883448.0,45452401.26582278,102797710.26331902,-1,False,88,88,1237312860.9526155,84,0.087951940873503,0.2295000723430088,0.0799651851896509,-0.8336966290070443,-0.0435739683205401,7.548025186254309,6.606719336205499,2.950000047683716,2.680000066757202,55181800.0,True,True,False,0.0749129481397202,0.2195122437498608,0.3205575306546492,0.6847826763001587,0.5462855848768617,-0.0666667053305359,0.434848473792343,False,False,-0.0741935568223016,0.914115289787198,-0.1705202734344099,0.8050497456636214,1.7864077332804338,2.4978095278469588,0.0,0.0,1.2266615392644586,75.0,21.0,21.0,24.0,24.0,98.0,98.0,82.0,72.0,96.0,97.0,53.84615384615385,KEEL
2026-01-06,25.049999237060547,25.690000534057617,23.950000762939453,24.350000381469727,818200.0,0.0019999694824219,26.651602663701013,26.026976208176603,25.76039978027344,25.16866652170817,22.67759986877441,17.44129997253418,10.897999987602232,19.25,31.18000030517578,10.9399995803833,31.18000030517578,8.289999961853027,31.18000030517578,4.599999904632568,31.18000030517578,3.430000066757202,31.18000030517578,1.919999957084656,31.18000030517578,922522.5,886632.0,630970.0421940929,29195479.225711823,1,False,106,106,85920243.3101654,106,0.0877451155605015,2.6114283970424106,0.1042486417795533,1.0035067685958363,0.019146317439595,4.811471433974626,6.446415246318087,26.239999771118164,23.920000076293945,995600.0,True,False,True,0.0694610708228644,0.2898203772453986,0.3864271696605315,0.75,1.2553911882269082,0.1046142176427045,0.8033995828057233,False,False,0.0117123992527445,0.998936418988299,0.7098976033675575,1.6595374023201503,5.423076570386726,5.7578155788113605,0.0,0.0,1.4620702066806248,86.0,55.0,55.0,97.0,97.0,99.0,99.0,84.0,98.0,98.0,99.0,42.30769230769231,KOD
2026-01-06,90.41000366210938,90.48999786376952,83.5,85.0,2254800.0,0.0764377421315452,79.03839648854526,75.33324691717701,71.76840057373047,70.58666712443033,71.8102001953125,68.60040000915528,55.70804996490479,55.369998931884766,90.48999786376952,55.369998931884766,90.48999786376952,51.83000183105469,90.48999786376952,44.43000030517578,90.48999786376952,42.70000076293945,90.48999786376952,25.024999618530277,90.48999786376952,1867167.5,1767130.0,1418551.5555555555,144172315.77587128,1,False,327,327,554197381.2885284,166,0.0578219946539375,4.692357199532645,0.0519008628411238,4.990541137513002,1.368183521701901,5.940011420399724,2.8249611500654908,84.47000122070312,78.76000213623047,2110200.0,False,False,False,0.0773144296055263,0.2050658131241445,0.2981970798854367,0.6876855172523086,0.8149202378998716,0.2590133910810486,0.999115988467802,False,False,0.3599578684840723,1.34278421824408,0.2181353028176744,1.182258570414503,1.0077727318011065,1.7998205357189156,0.0,0.0,1.3162493056297488,80.0,97.0,97.0,87.0,87.0,94.0,94.0,96.0,92.0,91.0,91.0,100.0,KRMN
2026-01-06,21.72171211242676,21.928023262624222,20.84734072303812,21.00453070619401,2921400.0,0.0336606770238165,21.140986523604536,21.148034003999168,21.999414138793945,21.67321449915568,19.47861017227173,17.378854322433472,12.912669606208802,14.67742987314749,24.644792696279264,13.60251895362223,24.644792696279264,13.60251895362223,24.644792696279264,9.1359201661876,24.644792696279264,7.690854313888927,24.644792696279264,5.7799541711676286,24.644792696279264,5240867.5,4998156.0,9380986.075949367,79027936.38528824,1,False,168,168,2911461718.200684,168,0.0458124980073595,0.8961243561339387,0.0412547754751466,2.791366210513781,0.7893518369123382,-0.7071383515172665,0.8587833404178897,21.53504768109328,20.641028975089668,3637300.0,False,False,False,0.0497512596609664,0.1374942517838486,0.1904115057640721,0.7220900398435472,0.6437654206871494,0.1151571862836569,0.8813915531821934,False,False,-0.0155581369134719,0.972010257203693,0.3463775745625177,1.3067238285094485,1.466645722201231,2.2111664108409546,0.0,0.0,0.558669148165175,12.0,37.0,37.0,93.0,93.0,97.0,97.0,92.0,91.0,87.0,94.0,34.61538461538461,KSS
2026-01-06,91.93000030517578,92.02999877929688,86.69999694824219,89.88999938964844,2910600.0,0.0222395195509066,81.86329157232967,79.4014498120165,77.31200012207032,76.76566670735677,78.17859985351562,78.74249988555908,60.31954997062683,64.80000305175781,92.02999877929688,64.80000305175781,102.6500015258789,61.400001525878906,112.56999969482422,54.36000061035156,112.56999969482422,37.900001525878906,112.56999969482422,23.899999618530277,112.56999969482422,2331732.5,2589906.0,3480469.1983122365,173786902.02579498,1,False,109,109,2861495210.071564,109,0.0515882938264575,4.240716116768973,0.0461298390372159,3.8130904030740616,0.4716184589889058,1.4279734500183885,0.2379684451271203,90.11000061035156,82.12999725341797,4446500.0,False,False,False,0.0579789167122911,0.1925377666646831,0.2471445789761839,0.7790491195974688,0.8808813910620694,0.1758972465281594,0.8166474243084019,False,False,0.183444901442032,1.168500270224653,-0.0829925156590944,0.8899996207223856,1.0732972482818162,1.858558443893035,0.0,0.0,0.6699477475998676,17.0,93.0,93.0,34.0,34.0,95.0,95.0,91.0,84.0,84.0,85.0,100.0,KTOS
2026-01-06,7.940000057220459,8.255000114440918,7.769999980926514,8.109999656677246,1283900.0,-0.0233702404115556,8.610980011769286,8.46185075118394,8.329999980926514,8.18566664059957,7.758399972915649,6.449899988174439,4.624799992442132,6.449999809265137,13.670000076293944,6.199999809265137,13.670000076293944,3.549999952316284,13.670000076293944,2.799999952316284,13.670000076293944,2.5199999809265137,13.670000076293944,1.7799999713897705,13.670000076293944,1817000.0,1627194.0,668525.3164556962,26439978.086192608,-1,False,22,22,210442502.06451416,22,0.1042549036227442,0.9805714402879988,0.1234976616147866,0.1895331349603511,-0.1937646248035278,3.6396827128496447,3.0721481542024707,8.960000038146973,7.775000095367432,1398200.0,False,False,False,0.0610831398009066,0.3217883891594135,0.8929471160570588,0.3603666817138267,0.8613416716138333,0.0234068989661231,0.5808339438848826,False,False,0.0127550896283541,0.999965942191429,0.3480475784727044,1.3083446471745648,1.8156029238234868,2.523980868184107,0.0,0.0,2.717922500875723,96.0,55.0,55.0,93.0,93.0,98.0,98.0,75.0,72.0,96.0,97.0,34.61538461538461,KYTX
2026-01-06,6.980000019073486,7.039999961853027,6.300000190734863,6.320000171661377,6730200.0,0.1461411895215467,5.875103592681727,5.575109581691268,5.419199962615966,5.378999964396159,4.957799978256226,4.317799992561341,3.278799991607666,4.639999866485596,7.039999961853027,3.619999885559082,7.039999961853027,2.970000028610229,7.039999961853027,2.5199999809265137,7.039999961853027,1.7100000381469729,7.039999961853027,1.7100000381469729,7.039999961853027,3335675.0,3258562.0,2013755.696202532,18378661.53814316,1,False,91,91,61066124.06759262,91,0.0823355463524537,0.4342857428959438,0.0622185876374238,6.555638018330158,2.049341662820468,3.4698319681462024,2.169630646385728,6.159999847412109,5.820000171661377,3481300.0,False,False,False,0.1060171588962818,0.2564469852380643,0.3424068567270348,0.7489540007737132,0.9874539750969906,0.4078825385627025,0.9914772808089976,False,False,0.3346080293724394,1.317754498807205,0.5791854974188222,1.5326750520070416,1.982906100469389,2.673955857010748,0.0,0.0,1.6564447247947187,90.0,97.0,97.0,96.0,96.0,98.0,98.0,93.0,96.0,96.0,96.0,100.0,LAR
2026-01-06,46.0,46.79999923706055,44.0099983215332,44.88999938964844,2624500.0,0.0330114812710609,44.39991084635055,44.039837763350704,44.55679992675781,44.50699996948242,42.29650001525879,38.42668750286102,0.0,40.04999923706055,50.20000076293945,30.649999618530277,50.20000076293945,26.959999084472656,50.20000076293945,26.959999084472656,50.20000076293945,26.959999084472656,50.20000076293945,0.0,0.0,1282887.5,1232312.0,0.0,75738882.54116058,1,False,116,116,365358922.6272583,18,0.0473226141995952,1.5872140611921035,0.0345046535041761,2.53764136596208,0.9261518383973084,-1.069311636485856,-2.972983194194725,45.47999954223633,44.4900016784668,2333200.0,False,False,False,0.0606521938158118,0.0865217291790506,0.2106522269870923,0.4107325634129289,0.955399282000013,0.0875604360503858,0.0,False,False,-0.046434527374129,0.941523776123858,0.5047432273212689,1.460425268571353,0.0,0.0,0.0,0.0,0.0,0.0,26.0,26.0,96.0,96.0,0.0,0.0,59.0,88.0,90.0,86.0,69.23076923076923,LGN
2026-01-06,397.4200134277344,399.7200012207031,339.02099609375,355.67498779296875,5619700.0,0.113065472664779,374.3616935254752,358.2630818074252,353.79599853515623,344.15199788411456,296.58679931640626,223.6104496002197,152.1177247238159,233.72000122070312,401.6000061035156,147.80999755859375,401.6000061035156,125.0,401.6000061035156,97.5510025024414,401.6000061035156,75.62000274658203,401.6000061035156,45.650001525878906,401.6000061035156,4468245.0,4691764.0,3227798.3122362867,1318649248.3184814,1,False,62,62,2595790925.0,62,0.0705113921312623,25.139929635184156,0.063257835000188,5.374492602027045,1.6058129923429243,11.530997218081549,11.95410517079922,393.0,344.6700134277344,5787800.0,False,False,False,0.1527326331742234,0.1574631571017869,0.2328267214859883,0.6763105029216467,0.6022851959305711,0.3399787662287583,0.989591651861918,False,False,0.2122007199299933,1.1968929580741428,1.474595257310109,2.401713048209598,3.352426065642039,3.901629745769869,0.0,0.0,1.384301176148861,83.0,94.0,94.0,99.0,99.0,99.0,99.0,96.0,98.0,98.0,98.0,100.0,LITE
2026-01-06,6.949999809265137,7.0,6.5,6.570000171661377,167600.0,0.0562309862992653,6.805028009840474,6.212118008199138,5.502000007629395,5.3309999942779545,4.93810001373291,4.4318500018119815,3.811475002765656,3.799999952316284,8.359999656677246,3.5999999046325684,8.359999656677246,3.5299999713897705,8.359999656677246,3.240000009536743,8.359999656677246,2.7300000190734863,8.359999656677246,2.200000047683716,8.359999656677246,1612377.5,1294002.0,301215.1476793249,21565970.63169837,1,False,19,19,406346291.3132668,19,0.091634640142133,0.8772142614637103,0.126217882811203,3.227940893692653,0.421789637735374,-0.4191306571095881,-2.491398660694245,7.150000095367432,6.40500020980835,163200.0,True,False,True,0.0719424480175443,0.1964028501552568,0.6561150833820119,0.2993420744770542,0.1566690005115911,0.4074238654415891,0.8313397242443756,False,False,0.7843388557891398,1.7618060905255302,0.6087961882168906,1.5614136435993993,0.8783783026208323,1.6838279499259163,0.0,0.0,5.352909747143742,99.0,99.0,99.0,97.0,97.0,93.0,93.0,97.0,96.0,94.0,93.0,65.38461538461539,LONA
2026-01-06,11.520000457763672,11.6899995803833,11.06999969482422,11.630000114440918,1893600.0,-0.0145422693517371,10.385769872074652,9.499911207022192,8.9292000579834,8.580333375930786,8.196599988937377,7.380699985027313,5.038599994778633,5.829999923706055,12.100000381469728,5.829999923706055,12.100000381469728,4.710000038146973,12.100000381469728,2.9100000858306885,12.100000381469728,2.75,12.100000381469728,1.6100000143051147,12.100000381469728,1643290.0,1599290.0,850687.7637130802,18846985.6431222,-1,False,125,125,44858225.83370209,8,0.0976389832583881,0.8707142216818673,0.0755828287398258,5.364457315568775,-0.1952410083428515,6.669160289925925,4.987164327699564,12.100000381469728,10.899999618530272,2816400.0,True,True,False,0.0538194323717448,0.387152807097191,0.4539930805632903,0.8527724841463057,1.5244639808915206,0.4054608585647408,0.9520661235189478,True,True,0.2771618484617932,1.2610337525893869,0.3747017064966045,1.3342137531928293,2.905084837815158,3.5006212473656326,0.0,0.0,1.93171933357472,93.0,96.0,96.0,93.0,93.0,99.0,99.0,98.0,96.0,97.0,98.0,92.3076923076923,LPTH
2026-01-06,30.71999931335449,31.920000076293945,29.299999237060547,31.88999938964844,1914500.0,-0.0444790713733976,33.11961577384904,33.16841782663921,33.73799987792969,33.30133323669433,30.47419998168945,27.766100025177003,21.64425005435944,27.76000022888184,36.40999984741211,21.940000534057617,36.40999984741211,21.149999618530277,36.40999984741211,14.039999961853027,36.40999984741211,11.850000381469728,36.40999984741211,11.260000228881836,36.40999984741211,1568897.5,1853322.0,1999544.3037974683,40080426.652565,-1,False,210,210,257633824.07798767,147,0.0506423526027752,1.7357145036969863,0.0565011244301181,0.1427549885981188,-0.8238694839955417,-5.218374193567825,0.1876363297189807,32.54999923706055,30.280000686645508,1728000.0,False,False,False,0.0852864875584304,0.2314453375414213,0.2314453375414213,1.0,0.6461532318722812,0.0080658173738024,0.8437242362564293,False,False,-0.0943395939956301,0.894223658286394,0.3438319550806894,1.3042531830545108,1.4037558650412016,2.1547902809074087,0.0,0.0,0.7846275258919754,25.0,17.0,17.0,92.0,92.0,96.0,96.0,46.0,83.0,81.0,93.0,0.0,LQDA
2026-01-06,18.81999969482422,19.1200008392334,17.920000076293945,18.290000915527344,8738200.0,0.0250544155327154,16.540850523896193,14.86657512246319,13.484799919128418,12.763999938964844,11.787299976348876,10.975349960327147,10.550524973869324,7.78000020980835,19.1200008392334,7.78000020980835,19.1200008392334,7.78000020980835,19.1200008392334,7.78000020980835,19.1200008392334,7.78000020980835,19.1200008392334,6.135000228881836,23.88999938964844,8982577.5,8391880.0,9163543.88185654,181938654.45628643,1,False,305,305,658640339.5009041,18,0.1047398373122168,1.691000052860805,0.0898512263698843,6.640239276240611,0.2720278356552607,2.724375094618262,-1.2606699927845864,18.6299991607666,17.350000381469727,12844300.0,False,False,False,0.0637619969393236,0.2454835767348055,0.4763550080570786,0.5153374533335248,1.6877541146918211,0.5966336423596921,0.7877773200353846,True,False,0.6508772214547283,1.630029819746588,0.5709516205299501,1.5246836806896764,0.7621722057164737,1.579657733709968,0.0,0.0,0.9802514852125228,50.0,99.0,99.0,96.0,96.0,92.0,92.0,99.0,98.0,97.0,95.0,100.0,LUNR
2026-01-06,28.700000762939453,30.700000762939453,27.850000381469727,29.43000030517578,490800.0,-0.0208119656812595,30.29524182659705,30.123974964051623,30.591599960327148,30.76733334859212,27.640600051879883,20.99070001602173,15.91447498559952,26.0,35.54999923706055,12.9399995803833,35.54999923706055,9.630000114440918,35.54999923706055,9.630000114440918,35.54999923706055,9.43000030517578,35.54999923706055,4.807000160217285,35.54999923706055,765685.0,818300.0,659958.6497890295,23534949.954767227,-1,False,106,106,566070000.0,106,0.0733407499171434,2.1812853131975447,0.0760029705648738,0.5042921713515646,-0.2796510384552734,1.846908404499434,1.9662645274922077,31.0,27.84000015258789,748600.0,True,False,False,0.0993031465403288,0.2686410759413164,0.2965156130769945,0.9059930205818872,0.6328974703653917,0.0383277030553292,0.8073136815434856,False,False,-0.0602488571522074,0.9278838947411356,0.7650676727520003,1.713082593243726,1.1958685105635305,1.9684345625639563,0.0,0.0,1.1602014766300408,70.0,23.0,23.0,98.0,98.0,95.0,95.0,45.0,98.0,98.0,97.0,11.538461538461538,MBX
2026-01-06,35.709999084472656,36.09000015258789,35.14500045776367,35.529998779296875,1086000.0,0.0014021098506586,36.28674308013218,37.04762839594946,37.14680038452149,38.06066691080729,39.48900009155273,36.27199996948242,25.33932498455048,34.209999084472656,44.130001068115234,33.630001068115234,47.650001525878906,14.9399995803833,47.650001525878906,12.59000015258789,47.650001525878906,12.59000015258789,47.650001525878906,8.241000175476074,47.650001525878906,1693202.5,1552634.0,1269717.299578059,54494889.77371216,1,False,126,126,453638805.5938721,126,0.0444810893424736,1.424285616193499,0.039884784449989,-2.399350093608128,0.0351047827009397,4.984638259950277,4.749941238569368,35.77000045776367,34.209999084472656,1549600.0,False,True,True,0.0264631677135808,0.1124334778096992,0.1402968990388159,0.8013967420519561,0.6957145083773768,-0.0956975613036212,0.7494228319190801,False,False,-0.0822410890642109,0.9061693823876612,-0.0605103746020837,0.911819613858154,1.559856600195452,2.294723105136676,0.0,0.0,1.3335271564486595,81.0,19.0,19.0,37.0,37.0,97.0,97.0,21.0,20.0,96.0,97.0,0.0,MLYS
2026-01-06,35.65999984741211,36.2599983215332,32.279998779296875,32.380001068115234,20701900.0,0.1084862255862919,31.937576089969603,30.759107446203583,29.87479995727539,29.015999921162923,27.482999954223637,26.75209997177124,27.39614992141724,22.280000686645508,36.2599983215332,22.280000686645508,36.2599983215332,22.280000686645508,36.2599983215332,22.280000686645508,36.2599983215332,22.280000686645508,36.2599983215332,22.280000686645508,45.150001525878906,10234525.0,11211282.0,10728878.902953586,332402234.6137047,1,False,68,68,1370381388.2766724,68,0.0523293720677049,1.8532859257289345,0.0519710020655939,5.7249113271522605,1.883142600942221,-1.3121657750218327,-6.04656128418027,32.53300094604492,31.270000457763672,10030300.0,False,False,False,0.1116096343036064,0.2019068672574134,0.2626191223735846,0.76882012791968,0.8480769639011846,0.2975293784087722,0.7898117085770783,False,False,0.398979998729432,1.3813135740940092,0.2948438148855188,1.256707850068561,0.0958819558728401,0.9823775458561894,0.0,0.0,0.9539230606081784,47.0,97.0,97.0,91.0,91.0,63.0,63.0,95.0,92.0,87.0,83.0,100.0,MRNA
2026-01-06,343.2857666015625,344.40529136816224,317.92642580949723,318.14633463899094,48732400.0,0.1002081720335876,298.61528445790424,279.1591273941732,264.5465374755859,257.84362945556643,247.0850341796875,202.24094841003415,151.1976640319824,192.43137763993107,344.40529136816224,179.4620729381871,344.40529136816224,114.0844673213942,344.40529136816224,103.23021586705364,344.40529136816224,96.72846760266587,344.40529136816224,61.39304893165705,344.40529136816224,28423687.5,27229240.0,23956729.11392405,8272563629.043426,1,False,19,19,16729139292.333984,0,0.0515780255976585,16.918516714503884,0.0492840611540428,7.899970136144946,1.848084334504372,15.56081902767476,12.98744833161721,325.39330746509376,309.42000654760994,34608600.0,False,False,False,0.0771335957817264,0.2223693437738421,0.3580045449458841,0.6211355328113376,1.0335176450022108,0.3893426113048797,0.9967493973099184,False,False,0.515855842343709,1.4967135007653791,0.799165864818663,1.7461765194382992,1.7630918497263846,2.4769085536658,0.0,0.0,1.186459443809451,72.0,98.0,98.0,98.0,98.0,98.0,98.0,97.0,96.0,98.0,98.0,100.0,MU
2026-01-06,6.480000019073486,6.699999809265137,6.289999961853027,6.489999771118164,3943000.0,0.0302066865457475,5.902244697413585,5.906545226337898,5.969600009918213,5.934833335876465,6.15020001411438,6.259350011348724,4.491250002384186,5.03000020980835,7.090000152587891,5.03000020980835,12.579999923706056,4.159999847412109,12.579999923706056,2.640000104904175,12.579999923706056,2.1700000762939453,12.579999923706056,1.590000033378601,12.579999923706056,4197512.5,4898410.0,3784097.890295359,21811495.13658524,1,False,85,85,395174397.3464966,85,0.0783759633859824,0.4101428985595703,0.0632936569988178,0.8472298111271281,0.4632533146075253,0.2857899666286849,1.3177535429736311,6.309999942779541,5.994999885559082,4443100.0,False,True,False,0.0632715812045215,0.2407407312018172,0.2561728887906107,0.9397588181105014,0.7068069026480021,0.0536242730646536,0.5151033432728738,False,False,-0.0635838225967339,0.9245910434910516,-0.2429906890864792,0.7347137412739807,1.781115979079741,2.493065859537528,0.0,0.0,1.109250506115309,65.0,23.0,23.0,18.0,18.0,98.0,98.0,82.0,73.0,86.0,95.0,80.76923076923077,NB
2026-01-06,100.23999786376952,100.68000030517578,90.94000244140624,95.71499633789062,18739600.0,0.0798232886626526,90.53185535738508,90.48270874982354,90.94659942626951,90.90883305867511,97.5109001159668,96.77425048828124,68.3537001800537,75.25,103.83999633789062,75.25,141.10000610351562,63.2599983215332,141.10000610351562,49.0,141.10000610351562,35.720001220703125,141.10000610351562,18.309999465942383,141.10000610351562,17603345.0,17154290.0,15119904.219409283,975761649.3041612,1,False,119,119,8459570983.883667,119,0.0676048407624525,5.9046445574079245,0.0589050746532595,0.4751308336453007,1.254943622883839,-0.8811552558576716,-0.5278637747154196,95.44000244140624,90.88999938964844,10025600.0,False,False,False,0.0971667804403448,0.1773742932782247,0.2557163186465709,0.6936369732561971,0.516258032247327,0.0279876172259418,0.7104180972907269,False,False,-0.0249027734629478,0.9627836254273352,-0.1976949263245004,0.7786754453678869,1.128237815524474,1.907808620270656,0.0,0.0,1.164249769347265,70.0,33.0,33.0,22.0,22.0,95.0,95.0,86.0,77.0,87.0,92.0,84.61538461538461,NBIS
2026-01-06,9.960000038146973,10.0,9.65999984741211,9.800000190734863,1993600.0,0.0257466528339693,9.680039265044844,9.64415603722536,9.761999969482424,9.66666660308838,9.133199939727785,8.508299965858459,6.338099980354309,8.020000457763672,10.470000267028809,7.670000076293945,10.899999618530272,6.440000057220459,10.899999618530272,5.070000171661377,10.899999618530272,3.609999895095825,10.899999618530272,2.259999990463257,10.899999618530272,2562012.5,2602572.0,3653435.443037975,24231373.90566826,1,False,259,259,109056237.60910034,259,0.0437632479544132,0.4478571074349539,0.044965572863419,2.01324868369293,0.5582137602590345,6.533787202345705,6.668206303012463,10.100000381469728,9.390000343322754,2876000.0,True,False,False,0.0341365613740646,0.1475903876906307,0.1475903876906307,1.0,0.8012227903781336,0.0905268803787768,0.9137615033687452,False,False,0.0010050481480938,0.9883642811186532,0.0310559208564824,1.000689082887244,1.2432432229251271,2.010902506685147,0.0,0.0,0.7012611937299175,19.0,47.0,47.0,62.0,62.0,96.0,96.0,77.0,74.0,86.0,91.0,53.84615384615385,NG
2026-01-06,5.690000057220459,5.900000095367432,4.980000019073486,4.989999771118164,6314500.0,0.1565040587370327,4.98370987448477,4.750552954288311,4.660399990081787,4.416999991734823,3.989799990653992,3.324899989366531,2.10570999532938,2.890000104904175,5.900000095367432,2.859999895095825,5.900000095367432,1.6399999856948853,5.900000095367432,0.7919999957084656,5.900000095367432,0.6539999842643738,5.900000095367432,0.5960000157356262,5.900000095367432,3647975.0,3334412.0,2288235.864978903,18682467.912054066,1,False,193,193,56908565.49396515,56,0.1158636778842683,0.5150000708443778,0.0905096776213308,4.708188973103834,1.495145388357027,9.942125257419828,8.916945807660284,5.171000003814697,4.639999866485596,3526500.0,False,False,False,0.1616871822569649,0.2811950594977958,0.319507961043494,0.8800878030689109,0.988846009431348,0.4261366661359327,0.9644067737707562,False,False,0.377723946622873,1.3603259450120313,0.7347561301378749,1.6836637914446635,5.6162790262486375,5.931007365961322,0.0,0.0,1.594230322071118,89.0,97.0,97.0,97.0,97.0,99.0,99.0,98.0,96.0,99.0,99.0,100.0,NRGV
2026-01-06,17.43000030517578,17.760000228881836,16.976999282836914,17.389999389648438,1686100.0,-0.0034305012422848,18.382717777956653,18.240752605664905,18.60720001220703,18.36566670735677,16.063300018310546,12.782999982833864,11.975875010490418,15.25,22.5,9.0,22.5,8.194999694824219,22.5,8.194999694824219,22.5,8.194999694824219,22.5,8.180000305175781,22.5,1748080.0,1818970.0,1144776.7932489451,36906128.724126816,-1,False,29,29,130146841.83769226,29,0.0542972575631617,0.8395001547677177,0.0481640929471717,1.766506048883266,-0.0714704644205624,-0.4041420220102152,-0.6609955019268343,18.059999465942383,17.059999465942383,1400100.0,False,True,False,0.0449226008224688,0.1642570751361844,0.3168675054769247,0.5183777834491338,0.5914995849299328,0.0850821615301546,0.7746666802300347,False,False,-0.0327414060821344,0.9550439796503746,0.751758858220831,1.7001657522284988,0.4275184480524385,1.2796652615246755,0.0,0.0,1.5270050985562384,88.0,30.0,30.0,98.0,98.0,85.0,85.0,58.0,96.0,95.0,93.0,11.538461538461538,NRIX
2026-01-06,3.2699999809265137,3.650000095367432,3.2300000190734863,3.595000028610229,3800400.0,-0.0814606647511921,3.46331828671006,3.666855232416975,3.7972000217437754,3.9323333581288655,4.396700029373169,2.9134700110554697,1.808180006891489,2.009999990463257,5.349999904632568,2.009999990463257,7.590000152587891,0.3210000097751617,7.590000152587891,0.3210000097751617,7.590000152587891,0.3210000097751617,7.590000152587891,0.3210000097751617,7.590000152587891,7092950.0,9985172.0,9913389.451476794,24624215.059998035,-1,False,105,105,471949465.2767181,89,0.1939146698842626,0.6472142594201225,0.1979248511300426,-1.2947357794878305,-0.4480741232630681,3.6170058209962654,4.740088422232838,3.6449999809265137,3.200000047683716,6187100.0,False,False,True,0.1284403910531349,0.9051987207931772,0.9051987207931772,1.0,0.823351866147123,-0.2562603864078685,0.4308300283513924,False,False,-0.2610169853160023,0.7296510815987289,0.8268156707340788,1.7730119784699718,6.077921846701503,6.344836189940278,0.0,0.0,0.7154919147197799,20.0,5.0,5.0,98.0,98.0,99.0,99.0,96.0,92.0,99.0,99.0,15.384615384615383,NUAI
2026-01-06,8.489999771118164,8.6899995803833,8.399999618530273,8.649999618530273,4015900.0,-0.0116414877407888,8.809955428287562,8.595615384738682,8.649600048065185,8.485333363215128,7.157000026702881,5.252500028610229,3.693800010085106,6.510000228881836,9.75,3.359999895095825,9.75,2.871000051498413,9.75,2.180000066757202,9.75,1.5700000524520874,9.75,1.5399999618530271,9.75,7919710.0,8484458.0,5764957.805907173,49880733.308587074,-1,False,48,48,422638650.6371975,48,0.0551951504266947,0.4592857360839844,0.0540972613033998,3.442894920847484,-0.2177302137060939,9.202790500405095,10.262347443410968,8.619999885559082,8.03499984741211,5417100.0,False,False,True,0.0341578291721005,0.2020023791310443,0.2296819625247545,0.8794873437624559,0.57139654648535,0.1862511861732345,0.8707692072941706,False,False,0.021660570687404,1.008758964165921,1.251989340602507,2.1856633596045785,3.141463399316355,3.712517236615324,0.0,0.0,1.37376720986317,82.0,60.0,60.0,99.0,99.0,99.0,99.0,84.0,98.0,98.0,98.0,30.76923076923077,NUVB
2026-01-06,25.040000915527344,25.25,23.850000381469727,25.0,1166400.0,-0.0023904169334865,26.21026641845104,26.466115990225653,28.367199935913085,27.99699993133545,20.88679995536804,14.498399977684022,9.5195249915123,20.030000686645508,36.25899887084961,6.650000095367432,36.25899887084961,5.360000133514404,36.25899887084961,4.369999885559082,36.25899887084961,3.890000104904175,36.25899887084961,2.859999895095825,36.25899887084961,5144925.0,4325058.0,1657335.864978903,73072719.1193676,-1,False,49,49,1758785866.6992188,49,0.0792287735863768,1.9384283338274275,0.0774132692872788,2.568594981318292,-0.0309526356457624,8.58024525248753,9.204437939303908,25.56100082397461,24.51000022888184,1482900.0,False,True,False,0.0559105258523425,0.204872163466475,0.4955670142042624,0.4134096047442555,0.2774806719354977,0.1988433349787459,0.690587211321442,False,False,-0.0940665170598675,0.8944932867860749,1.264014463427583,2.1973343164246857,4.40820740747454,4.848060041470911,0.0,0.0,3.1043345580803514,97.0,17.0,17.0,99.0,99.0,99.0,99.0,78.0,99.0,99.0,99.0,0.0,OLMA
2026-01-06,13.529999732971191,15.130000114440918,13.510000228881836,15.09000015258789,5317400.0,-0.121428567005221,14.3852010016043,12.939534229374484,11.89479991912842,11.492333253224691,9.862799940109252,7.364099960327149,6.102799986600876,8.039999961853027,17.649999618530273,4.059999942779541,17.649999618530273,3.940000057220459,17.649999618530273,3.3399999141693115,17.649999618530273,2.950000047683716,17.649999618530273,2.950000047683716,17.649999618530273,2782235.0,2502618.0,1878975.5274261604,53305657.02629089,-1,False,83,83,1304802829.553604,83,0.0950210153407282,1.742856843130929,0.1288142555453101,2.8864924083541483,-1.0729509385290354,3.634595719671436,3.337879926080386,16.389999389648438,15.289999961853027,2997700.0,False,False,True,0.1197339185167396,0.6688839183792922,0.6932741571242257,0.964818768312226,2.4211925271855312,0.3718213707193289,0.7665722393991667,False,False,0.2266545839096376,1.211164297572437,1.9349239351662844,2.848484045933894,3.3226834627090502,3.874967690500045,0.0,0.0,1.4807191256030532,86.0,95.0,95.0,99.0,99.0,99.0,99.0,96.0,99.0,99.0,98.0,73.07692307692307,OMER
2026-01-06,12.84000015258789,12.93000030517578,11.960000038146973,12.100000381469728,92109800.0,0.0247406565222001,10.40250923881026,9.530913643242512,9.07140001296997,8.894000005722045,7.920900020599365,7.411150004863739,4.458795003592968,5.929999828338623,12.93000030517578,4.949999809265137,12.93000030517578,4.900000095367432,12.93000030517578,1.7799999713897705,12.93000030517578,1.3600000143051147,12.93000030517578,0.5699999928474426,12.93000030517578,101842207.5,96714424.0,39436861.60337552,780605107.2328186,1,False,54,54,1784718029.9655914,1,0.1113705844380277,0.9892142500196184,0.0770416073414331,8.060942002295763,0.3133804629386921,5.83077292805493,4.443349173555661,12.539999961853027,10.989999771118164,142435600.0,False,False,False,0.0755451912384367,0.3676012625340582,0.4400311548461064,0.8353982632493844,0.8521085748285074,0.6210279285429363,0.9930394315186624,False,False,0.3971709182659564,1.3795273388346798,0.2045028458143001,1.169027618901345,6.173184595655401,6.430232235588559,0.0,0.0,2.5824115652063706,96.0,97.0,97.0,86.0,86.0,99.0,99.0,98.0,98.0,97.0,99.0,100.0,ONDS
2026-01-06,6.929999828338623,6.989999771118164,6.260000228881836,6.474999904632568,74722600.0,0.096518930396942,6.3041752576400265,6.461750623419481,6.585200023651123,6.743000014623006,7.094399995803833,7.001649999618531,4.045369999706745,5.639999866485596,8.260000228881836,5.239999771118164,9.454999923706056,4.079999923706055,10.869999885559082,1.5399999618530271,10.869999885559082,0.5080000162124634,10.869999885559082,0.5080000162124634,10.869999885559082,98665240.0,101421432.0,149996767.51054853,381236126.4159179,1,False,169,169,11059980509.260178,117,0.0659321977249933,0.3677857943943569,0.0530715445172714,-0.4366413464369473,1.6585731857364137,0.2184494954493043,0.028458472056829,6.329999923706055,5.992000102996826,53706300.0,False,False,False,0.1053390418930697,0.1948051858691334,0.307359331486673,0.6338027380749303,0.467292061109924,-0.0231732306555098,0.6375344895398947,False,False,-0.0857519923363838,0.9027028150660495,-0.2532327556307122,0.7247733258516,8.467212966583453,8.486659891030554,0.0,0.0,0.6577824418320306,16.0,19.0,19.0,18.0,18.0,99.0,99.0,75.0,77.0,90.0,99.0,57.692307692307686,OPEN
2026-01-06,55.183990478515625,55.36293364960733,53.086385603685045,53.175857189230896,6122900.0,0.044795742628475,52.40819235090187,50.45799061194477,49.63874908447266,48.10845642089844,43.26679298400879,39.64200727462769,33.193441762924195,35.60962834301891,55.521990956854914,32.885722151752084,55.521990956854914,32.26936187439085,55.521990956854914,26.612779218449766,55.521990956854914,25.40988615906131,55.521990956854914,20.341176078874604,55.521990956854914,6371702.5,6077906.0,5425289.029535865,347836873.2442284,1,False,239,239,827949500.4806519,28,0.044465558327442,2.248856981192449,0.0407519819007648,6.758817131826629,1.052099009596486,8.83548631900093,7.706966356678939,54.04074607025341,51.65483967636083,6028100.0,False,False,False,0.0412537771585872,0.1124121467917548,0.2239235874517463,0.5020111908307952,0.9541279513042814,0.2754351934267782,0.9939123134362752,False,False,0.2558823396635528,1.2400229630285935,0.386710020470677,1.345868396219131,0.9422673605104246,1.7410997897990828,0.0,0.0,1.1744448019841442,71.0,96.0,96.0,94.0,94.0,94.0,94.0,94.0,93.0,90.0,92.0,96.15384615384616,PAAS
2026-01-06,40.84999847412109,40.93000030517578,38.900001525878906,39.88999938964844,1836900.0,0.027156097659702,38.53520989105242,35.972647056625014,35.26040031433106,34.544000244140626,26.066000118255616,19.06040002822876,14.99455002784729,24.61000061035156,40.93000030517578,10.3100004196167,40.93000030517578,7.5,40.93000030517578,7.5,40.93000030517578,7.5,40.93000030517578,7.5,40.93000030517578,2062085.0,1772664.0,909086.9198312236,43844427.805719376,1,False,47,47,349295741.84417725,47,0.0431169837616738,1.5153579711914062,0.0370956677550771,15.289536481351114,0.7127015773760076,6.616849124778673,2.944443312882931,40.01900100708008,38.66999816894531,2070200.0,False,False,False,0.0496939744216367,0.1206854464951568,0.2673194732972115,0.4514652262574833,0.6813248308760148,0.5671755654413329,0.9980453987183436,False,False,0.2972371791373489,1.2808555704793894,1.949458292345996,2.862590334702829,2.1568778824420223,2.8299087598819166,0.0,0.0,2.2683034537366744,95.0,96.0,96.0,99.0,99.0,98.0,98.0,96.0,99.0,99.0,99.0,100.0,PACS
2026-01-06,3.569999933242798,3.700000047683716,3.319999933242798,3.319999933242798,644500.0,0.0851063752693985,3.3367594450518743,3.1128165109780874,2.846800007820129,2.6523333390553794,2.538800003528595,2.661199995279312,3.093899993300438,1.5700000524520874,4.099999904632568,1.5700000524520874,4.099999904632568,1.5700000524520874,4.099999904632568,1.5700000524520874,4.099999904632568,1.5700000524520874,4.320000171661377,1.5700000524520874,5.579999923706055,3987735.0,3209656.0,809748.5232067511,23752702.19238341,1,False,26,26,391181324.5037556,26,0.1255175753786339,0.3042857306344168,0.0852340998107582,4.765418052908878,0.9201876499630396,-8.976278374083531,-11.51732867128996,3.400000095367432,3.200000047683716,226100.0,False,False,False,0.106442611077515,0.1596638498323556,0.7086834452353515,0.2252964294648252,0.0908228171492521,0.4061761179616243,0.6397849430205225,False,False,1.0635837536896309,2.0375246628544863,0.3999999999999999,1.358766956964256,0.0258620441597794,0.9196098465970504,0.0,0.0,4.924658564621823,99.0,99.0,99.0,94.0,94.0,49.0,49.0,99.0,98.0,96.0,94.0,84.61538461538461,PETS
2026-01-06,4.550000190734863,4.570000171661377,4.139999866485596,4.170000076293945,3929500.0,0.0885168367442972,4.251283074984035,4.133212310416692,3.955200004577637,3.9273333390553793,4.022400007247925,3.874300011396408,2.7055000072717665,3.4200000762939453,4.570000171661377,2.990000009536743,5.190000057220459,2.990000009536743,5.230000019073486,1.4700000286102295,5.230000019073486,1.2799999713897705,5.230000019073486,1.1100000143051147,5.230000019073486,4815077.5,4565084.0,4445590.295358649,21690771.73924923,1,False,144,144,510731811.94024086,144,0.0739114450643894,0.3157143081937517,0.0693877571338653,1.8903265380970933,1.1719467657739906,3.4939828617483286,2.412393729497551,4.380000114440918,4.010000228881836,3485100.0,False,False,False,0.0945055576154454,0.1340659577897477,0.2527472631120257,0.5304348547201692,0.9342369165605716,0.1311655187291815,0.8699809128377236,False,False,0.2133333841959634,1.1980113189705792,0.4490445983197564,1.4063670852603058,1.6764706253592934,2.399258999024648,0.0,0.0,1.0831131930954383,62.0,94.0,94.0,95.0,95.0,97.0,97.0,86.0,89.0,85.0,97.0,100.0,PGEN
2026-01-06,21.84000015258789,22.075000762939453,20.96999931335449,21.5,10968500.0,0.0210379044310411,20.09749995260523,18.52581464080857,17.14719985961914,16.224333190917967,14.737999877929688,12.72799993991852,8.770649970769883,10.520000457763672,22.075000762939453,10.520000457763672,22.075000762939453,6.255000114440918,22.075000762939453,5.869999885559082,22.075000762939453,3.759999990463257,22.075000762939453,2.789999961853028,22.075000762939453,11211600.0,10462960.0,9147626.160337552,276402306.9686222,1,False,215,215,1030287968.5052872,26,0.0775118343029963,1.4365712574550085,0.0657770717682336,7.326011571577592,0.3132463917847434,11.35816595688432,8.748486293066595,21.434999465942383,19.489999771118164,13813100.0,False,False,False,0.0505953041146854,0.1517857376784318,0.4357143169045758,0.348360684488763,0.9829426854350968,0.4818835889185697,0.989354446105112,False,False,0.6877898655960357,1.6664763282416326,0.4330708976766266,1.3908638448215034,2.151515251599039,2.8251015558772963,0.0,0.0,1.225629447846422,75.0,99.0,99.0,95.0,95.0,98.0,98.0,98.0,97.0,99.0,98.0,100.0,PL
2026-01-06,35.20000076293945,35.77000045776367,33.75,34.13999938964844,2054400.0,0.0545236559792292,33.53574889108856,32.21178293388462,31.572799911499025,30.017999903361,27.014200019836423,25.02839994430542,22.15469997406006,20.049999237060547,39.79999923706055,20.049999237060547,39.79999923706055,20.049999237060547,39.79999923706055,19.09000015258789,39.79999923706055,16.969999313354492,39.79999923706055,16.459999084472656,39.79999923706055,1471730.0,1287414.0,816092.4050632912,79427512.17809677,1,False,27,27,578357256.3720703,27,0.0571505177613222,1.5314287458147322,0.0435064975176678,6.964900810526012,1.188432501217002,4.141596479792987,3.247637648792032,34.9900016784668,33.20000076293945,1334900.0,False,False,False,0.0573863753971972,0.1090909110613105,0.4431817652272795,0.2461538800121092,0.7933112425373656,0.3030184398239528,0.8844221466758795,False,False,0.4654454659496985,1.446939710395627,0.4051896940125392,1.3638038032078228,0.7697336271040291,1.586435991665657,0.0,0.0,1.8033864680873504,92.0,98.0,98.0,94.0,94.0,92.0,92.0,97.0,95.0,91.0,89.0,84.61538461538461,PLAB
2026-01-06,28.049999237060547,28.07999992370605,26.309999465942383,26.520000457763672,1907600.0,0.061695653143815,26.092220241715417,25.95031696845613,26.22080017089844,25.87333342234293,24.70700004577637,22.53740005493164,18.235725030899047,20.9950008392334,29.850000381469727,20.3799991607666,31.652000427246094,16.69499969482422,31.652000427246094,14.6899995803833,31.652000427246094,11.68000030517578,31.652000427246094,7.809999942779541,31.652000427246094,2402382.5,2602262.0,2268686.075949367,57849294.61402893,1,False,208,208,208438036.09542847,46,0.0674624385991393,1.4821425846644811,0.0528393092683663,2.560702489803948,1.0997586720953647,2.638097440457557,1.062420949685892,27.149999618530277,25.01000022888184,2402500.0,False,False,False,0.0631016223139532,0.1878788093085143,0.214616777950206,0.8754152918655072,0.6628464005545944,0.1353057508030264,0.8861998881092855,False,False,0.0897435697934365,1.0759822060390034,0.189567401518971,1.1545320559041496,1.1965542859481433,1.9690493097415465,0.0,0.0,1.0589312137399554,60.0,82.0,82.0,85.0,85.0,95.0,95.0,86.0,81.0,89.0,90.0,88.46153846153845,PPTA
2026-01-06,272.8999938964844,281.2099914550781,268.7799987792969,271.2900085449219,306500.0,-0.0145168977911344,279.8579063333607,267.0023660427718,260.2361999511719,247.86033325195316,221.68400024414063,142.63930019378662,92.41492502212525,160.11000061035156,317.7200012207031,50.560001373291016,317.7200012207031,37.18999862670898,317.7200012207031,37.18999862670898,317.7200012207031,37.18999862670898,317.7200012207031,26.700000762939453,317.7200012207031,848182.5,839044.0,618776.7932489451,181690526.09313965,-1,False,82,82,2235944641.2612915,82,0.0529035161871629,15.331065586635043,0.0561783288000012,4.112467111095048,-0.2622139673549161,8.700170113620327,7.593068314297697,288.1300048828125,272.1400146484375,450100.0,False,True,True,0.0455477938944042,0.1876511271543045,0.2444851693401325,0.767535829108884,0.6161893774343181,0.231031529546289,0.8589323707918386,False,False,0.4365425706316386,1.41840180301331,4.353079567417217,5.195419738719306,4.8361848522738855,5.231710333047176,0.0,0.0,1.3707406438863663,82.0,98.0,98.0,99.0,99.0,99.0,99.0,96.0,99.0,99.0,99.0,42.30769230769231,PRAX
2026-01-06,9.4399995803833,9.984999656677246,9.30500030517578,9.890000343322754,1941800.0,-0.0435663941399756,9.57846959590793,9.648091293121446,9.92680004119873,9.84700002670288,9.838400039672852,7.474200019836426,6.660000011920929,8.789999961853027,11.649999618530272,4.869999885559082,11.65999984741211,4.519999980926514,11.65999984741211,4.510000228881836,11.65999984741211,4.510000228881836,11.65999984741211,4.510000228881836,11.65999984741211,2401297.5,3270210.0,2332346.835443038,20610657.190709118,-1,False,69,69,284459709.7759247,69,0.0533778760395633,0.512357371194022,0.0542751476661843,-0.7460953602691845,-0.8392585514553798,2.8718029604234125,1.3630252862094543,10.550000190734863,9.40999984741211,2533000.0,False,False,True,0.0720338328101762,0.1483051519529563,0.3029660787931008,0.4895107483443245,0.4643432684751132,-0.040494435851665,0.8096054634579152,False,False,-0.1503150430153483,0.8389550714465777,0.7132484915157606,1.6627895995289086,0.4216867123793608,1.2744375395534373,0.0,0.0,1.029562783505938,56.0,11.0,11.0,97.0,97.0,85.0,85.0,34.0,96.0,95.0,92.0,23.07692307692308,PUMP
2026-01-06,10.81999969482422,11.170000076293944,10.600000381469728,10.8100004196167,12197700.0,-0.0073394427987,9.15053037806126,8.684297092306327,8.283600006103516,8.09033335049947,8.490599994659425,9.642850017547609,8.436575005054474,5.769999980926514,11.170000076293944,5.769999980926514,16.200000762939453,5.769999980926514,16.700000762939453,5.769999980926514,16.700000762939453,5.769999980926514,16.700000762939453,4.579999923706055,16.700000762939453,8226700.0,8594676.0,8547745.991561182,71032691.48647785,-1,False,179,179,460295467.2598839,95,0.0935692552424729,0.8359999997275216,0.0772643274775159,3.5508032227724016,-0.0956936886747956,-3.238505151433445,-5.947699253341429,10.899999618530272,9.368000030517578,19804900.0,False,True,False,0.0526801950925081,0.3243992909316676,0.397874346265933,0.8153310058217328,1.13052080148222,0.274350423012506,0.6479041437432687,False,False,0.3004807802523386,1.2840582111555612,-0.257887534194588,0.720255640634043,0.5681158761271066,1.4057005115855965,0.0,0.0,0.9624408596280076,48.0,96.0,96.0,17.0,17.0,89.0,89.0,98.0,96.0,93.0,89.0,96.15384615384616,RCAT
2026-01-06,21.690000534057617,21.8799991607666,21.25,21.68000030517578,1545100.0,-0.0036747782280144,22.731357416916964,22.88372447998319,23.618000030517575,23.720666694641118,22.152999992370606,17.501599979400634,13.133849990367889,20.350000381469727,26.399999618530277,14.260000228881836,26.399999618530277,10.395000457763672,26.399999618530277,8.84000015258789,26.399999618530277,7.909999847412109,26.399999618530277,6.5,26.399999618530277,1896275.0,2007152.0,1255084.8101265824,46649041.553640366,-1,False,25,25,124314082.33032228,64,0.0542243316880148,1.0440713337489538,0.0481360676828732,-0.4341875102099449,-0.0766230439627132,7.617576319564073,9.032321652150111,23.350000381469727,20.59000015258789,2085400.0,True,True,False,0.0290456037461768,0.1643614774679169,0.2789303406222072,0.5892563609296766,0.6378839270767734,-0.0209000793785241,0.8215909411920337,False,False,-0.141330152908801,0.8478264996851432,0.4979282610327871,1.453811017853057,1.551764768712661,2.287469373554596,0.0,0.0,1.5108739940918814,87.0,12.0,12.0,96.0,96.0,97.0,97.0,30.0,89.0,95.0,95.0,0.0,RCUS
2026-01-06,10.640000343322754,10.770000457763672,10.010000228881836,10.175000190734863,20592800.0,0.0370370473648937,8.654221773323648,7.927151908943989,7.35600004196167,7.029333368937174,6.863399991989136,7.871599960327148,10.642299993038176,4.869999885559082,10.770000457763672,4.869999885559082,10.770000457763672,4.869999885559082,11.850000381469728,4.869999885559082,20.32999992370605,4.869999885559082,22.25,4.869999885559082,26.65999984741211,11023435.0,10072094.0,5222272.995780591,134244955.27300358,1,False,18,18,290069700.4709244,1,0.1195548760336089,0.9519285133906772,0.0894669626573903,6.150338595926809,0.3991897596253255,-5.169680592985469,-11.285813527064478,10.5649995803833,9.050000190734863,28271900.0,False,False,False,0.0714285906352232,0.363721826834799,0.4182330961008794,0.869662946872736,1.7889288960170546,0.5502521134920904,0.399099790105797,False,False,0.7328991163989815,1.7110159360329598,-0.0516933966044945,0.9203769126891576,-0.2976897286314943,0.6295694870412147,0.0,0.0,2.1108500089724416,94.0,99.0,99.0,38.0,38.0,15.0,15.0,98.0,97.0,95.0,93.0,100.0,RDW
2026-01-06,16.3700008392334,16.71500015258789,15.44499969482422,15.670000076293944,2976300.0,0.0446713949924246,15.8330461767085,15.378820909004803,15.057200050354004,14.893333339691162,14.011999969482424,11.791149983406068,8.701249997615815,12.4399995803833,16.739999771118164,9.425000190734863,16.739999771118164,7.300000190734863,16.739999771118164,5.0,16.739999771118164,4.699999809265137,16.739999771118164,4.610000133514404,16.739999771118164,3576480.0,3495238.0,3501732.911392405,39920514.05040264,1,False,56,56,346906789.7415161,56,0.0530162842172945,0.8364286422729492,0.051095210714242,3.293545281545791,0.8368923869431817,5.941412103144371,7.07387445965416,16.219999313354492,15.199999809265137,2300800.0,False,False,False,0.0775809647315293,0.0983506154024511,0.1710445966517119,0.5749998382159752,0.6069686813887925,0.1682843901574797,0.9778973155947628,False,False,0.1520056858049168,1.1374580713670157,0.6072656028274828,1.5599281372765852,2.088679292474448,2.768773741567068,0.0,0.0,1.0213457423792704,55.0,91.0,91.0,97.0,97.0,98.0,98.0,85.0,94.0,96.0,98.0,96.15384615384616,REAL
2026-01-06,210.1999969482422,213.97000122070312,196.0500030517578,196.8699951171875,1381300.0,0.0658688189855509,188.61498912123864,179.960573104721,172.3835986328125,169.62633209228517,167.254599609375,189.7184994506836,193.37334976196288,140.77999877929688,213.97000122070312,139.0,213.97000122070312,139.0,257.0,139.0,257.0,139.0,257.0,123.02999877929688,436.989990234375,1074457.5,1050076.0,1270717.721518987,221337731.65534973,1,False,278,278,1455376157.748413,272,0.0539947767858535,9.588572910853795,0.0456164274503524,5.628819025872938,1.3547365551834063,-9.639353725890624,-11.011130731235896,205.5,190.0,1435000.0,False,False,False,0.085252133344977,0.2040913155058118,0.296194079023542,0.6890458991571884,0.9208857263664724,0.2567666147248963,0.4810178760284729,False,False,0.3142428019234813,1.2976464449820564,0.050999984741211,1.0200457507402103,0.0530007118016593,0.943937665458346,0.0,0.0,0.8455516766663314,32.0,97.0,97.0,67.0,67.0,55.0,55.0,93.0,89.0,84.0,79.0,100.0,RH
2026-01-06,86.02999877929688,86.25,74.05000305175781,77.76000213623047,43669700.0,0.1009726062359512,74.11030618404848,68.0032478020796,62.4518000793457,59.0238333384196,56.86750007629394,54.54454990386963,42.3157499408722,37.56999969482422,86.25,37.56999969482422,86.25,37.56999969482422,86.25,37.56999969482422,86.25,25.239999771118164,86.25,14.710000038146973,86.25,24436965.0,22483774.0,21305663.713080168,2046173304.5001795,1,False,193,193,3756904237.6922607,0,0.0962313010838871,6.501999991280692,0.0755782876152428,6.785213973123425,1.2134726853628237,4.5418050320049055,0.2040375572591056,78.25,71.30999755859375,33498600.0,False,False,False,0.1418109627031416,0.2255027525415648,0.4304312368327982,0.5238995993898132,1.327878495843269,0.512814853191687,0.9974492612092392,False,False,0.7425562211980499,1.7205510901863548,0.4705982697315705,1.4272859542000471,1.2207019889499824,1.9906959488579985,0.0,0.0,1.1469703703713974,69.0,99.0,99.0,95.0,95.0,96.0,96.0,99.0,98.0,96.0,94.0,100.0,RKLB
2026-01-06,8.170000076293945,8.28499984741211,7.730000019073486,7.820000171661377,2080100.0,0.0394401956124308,8.232420381754004,8.11593511897345,8.08399995803833,8.034666633605957,7.494800004959107,6.1425000143051145,4.648325001001358,6.28000020980835,9.039999961853027,5.849999904632568,9.039999961853027,3.5199999809265137,9.039999961853027,3.025000095367432,9.039999961853027,2.9800000190734863,9.039999961853027,1.774999976158142,9.039999961853027,2257707.5,2254490.0,2077182.278481013,19373029.10383463,1,False,166,166,48942597.77736664,18,0.05864232675555,0.4538571834564209,0.0555516743229087,1.6217177793244393,0.6830341219206615,7.67784120675255,6.473066736941121,8.34000015258789,7.659999847412109,1942900.0,True,False,True,0.0679314349027987,0.1407589426518402,0.1982863978495753,0.7098769465700984,0.8353108685334599,0.090089137920702,0.9037610742001876,False,False,0.0212500095367431,1.0083535876123473,0.4615384352917493,1.4184929515769076,1.2757660923745169,2.0400568663337144,0.0,0.0,1.0869087048301802,63.0,60.0,60.0,95.0,95.0,96.0,96.0,84.0,83.0,96.0,96.0,42.30769230769231,RLAY
2026-01-06,31.96999931335449,31.989999771118164,31.1200008392334,31.38999938964844,1577900.0,0.0342930919176671,30.500267260846805,29.794497648042807,29.864400100708007,29.169000116984048,26.91920009613037,23.899900074005128,18.767900047302245,23.51000022888184,32.52000045776367,21.670000076293945,32.52000045776367,16.450000762939453,32.52000045776367,15.109999656677246,32.52000045776367,12.609999656677246,32.52000045776367,9.399999618530272,32.52000045776367,1043685.0,988944.0,1025529.5358649788,32718070.309515,1,False,309,309,157933682.01007843,109,0.0498340378893578,1.5007141658238,0.0469413261825414,3.997077773942434,0.7063300194547761,8.896919713684746,7.605092430929794,32.52000045776367,30.3700008392334,1495200.0,True,False,False,0.0272129793734887,0.1219893557176639,0.1482639935227704,0.8227847693777979,1.0170141079778026,0.1876281315636185,0.983087295920444,True,True,0.0427266625069131,1.0295590317936405,0.2932847977905619,1.255194749415725,1.1645225675365398,1.9403352308627817,0.0,0.0,1.017703501947126,55.0,70.0,70.0,91.0,91.0,95.0,95.0,88.0,87.0,93.0,92.0,100.0,SA
2026-01-06,116.05999755859376,117.1500015258789,107.58999633789062,110.3000030517578,8134000.0,0.048703347599412,109.13462655560294,103.15770230081333,99.34559967041017,94.61199951171876,85.47320022583008,75.38590007781983,49.96915007591248,65.76000213623047,117.1500015258789,65.76000213623047,117.1500015258789,54.7400016784668,117.1500015258789,26.040000915527344,117.1500015258789,14.899999618530272,117.1500015258789,14.899999618530272,117.1500015258789,4874217.5,4491964.0,3958018.143459916,563678767.1625137,1,False,133,133,2369478767.2481537,133,0.0536205017928963,4.615001678466797,0.0397639305147915,8.999424429887421,1.1679301038605714,17.40764264218873,14.047621763213517,113.47000122070312,109.61000061035156,3593900.0,False,False,False,0.0823712337505594,0.1212303979906675,0.2724453163168338,0.4449714886993524,0.734752103979462,0.3578524877031608,0.9906956555434242,False,False,0.5578523162227349,1.5381796400138803,0.5115915525370966,1.4670718957240758,2.553582305597899,3.1855250884122728,0.0,0.0,1.2314793220576763,75.0,98.0,98.0,96.0,96.0,98.0,98.0,97.0,95.0,95.0,99.0,100.0,SATS
2026-01-06,15.733394622802734,15.850009229805757,15.014264107653691,15.26693156090125,11685400.0,0.0693526912327282,14.45031634276374,13.86403821960284,13.47921371459961,13.208017539978028,12.154848766326904,10.81707290649414,8.497733496427536,10.524561856555488,15.850009229805757,9.445867630188484,15.850009229805757,6.8997587274158825,15.850009229805757,6.8997587274158825,15.850009229805757,5.81134620095605,15.850009229805757,2.9639808824173017,15.850009229805757,5859047.5,5863288.0,9042696.624472572,91329892.62818812,1,False,215,215,186891006.36291504,215,0.0423230781224819,0.7781318591422961,0.0494573407581434,5.952868181963963,1.311328772717966,7.485923400232284,3.670641172652544,15.189188267309296,14.654699695142918,7875700.0,False,False,False,0.0531191864304225,0.1451513001387551,0.260036966814853,0.5581948671248085,1.291589292560761,0.2944130301637013,0.9926426158299184,False,False,0.3109311887589108,1.2943766511175807,0.431476560584993,1.3893164644226648,1.1673361729464284,1.942857421106687,0.0,0.0,0.647931446040493,16.0,97.0,97.0,95.0,95.0,95.0,95.0,93.0,93.0,96.0,94.0,100.0,SBSW
2026-01-06,16.229999542236328,16.600000381469727,15.630000114440918,15.68000030517578,3788700.0,0.0677631411773673,14.012875622474482,12.83810573643734,12.152599906921386,11.847166601816811,9.639699974060058,8.007449979782104,7.355674982070923,8.829999923706055,16.600000381469727,4.614999771118164,16.600000381469727,4.614999771118164,16.600000381469727,4.614999771118164,16.600000381469727,4.25,16.600000381469727,4.25,16.600000381469727,6862102.5,6615700.0,2978044.7257383964,51758951.8687439,1,False,50,50,411190458.3734512,48,0.1047830640246014,1.3481428963797433,0.0830648758104636,8.230462093760034,0.7640137671882686,3.403273210479832,0.3105449430916986,15.529999732971191,13.600000381469728,4588800.0,False,False,False,0.0597658838193135,0.2402957906471517,0.4239063652797198,0.5668605388564752,0.5355321432350318,0.6836623116809062,0.9777107933294734,False,False,0.626252533735036,1.6057160944353404,1.1439893228792823,2.080844177151813,1.8776595614264768,2.5796100780874283,0.0,0.0,2.304230840018215,95.0,99.0,99.0,98.0,98.0,98.0,98.0,97.0,99.0,99.0,98.0,100.0,SGML
2026-01-06,4.940000057220459,5.199999809265137,3.869999885559082,4.070000171661377,127424700.0,0.2474747499073419,3.1771355213156656,2.3910465314882794,1.7224399971961974,1.5545333305994669,1.321339999437332,1.24898000061512,1.3924899980425836,0.628000020980835,5.199999809265137,0.628000020980835,5.199999809265137,0.628000020980835,5.199999809265137,0.628000020980835,5.199999809265137,0.628000020980835,5.199999809265137,0.628000020980835,5.199999809265137,40594882.5,32700250.0,7887395.358649789,224752763.933112,1,False,15,15,876877625.3929138,15,0.2963126656908539,0.8730000002043588,0.1767206457676765,15.496938688535748,1.1225658864193355,2.010574304707278,-4.700118915509298,4.900000095367432,3.859999895095825,128093600.0,False,False,False,0.269230750668127,0.7793521742567591,0.9046558201015046,0.8614902562272952,4.655382145396442,2.738629012460128,0.9500000458497284,False,False,5.129032372569558,6.051634490829716,3.2586208615235046,4.133195220626279,1.8068182295388429,2.516106036076326,0.0,0.0,5.146804572878577,99.0,99.0,99.0,99.0,99.0,98.0,98.0,99.0,99.0,99.0,99.0,100.0,SIDU
2026-01-06,28.280000686645508,28.729999542236328,24.600000381469727,25.15999984741211,4554500.0,0.1240063934083972,21.40660906221712,19.631063688693967,18.60039989471436,17.950666586558025,17.69529993057251,16.010799989700317,12.407574973106383,12.800000190734863,28.729999542236328,12.800000190734863,28.729999542236328,9.539999961853027,28.729999542236328,8.489999771118164,28.729999542236328,8.180000305175781,28.729999542236328,5.670000076293945,28.729999542236328,2000100.0,2025646.0,1234754.852320675,38240983.22201729,1,False,61,61,135527749.36828613,61,0.0915466697307818,1.857642718723842,0.0656875061393143,9.106214630225235,1.679548390971956,5.185382168101656,0.8163643402904899,25.489999771118164,22.799999237060547,4661000.0,False,False,False,0.1460395707386558,0.4112446562371749,0.4922206076604865,0.8354884981183772,1.078362161996716,0.5981645294288347,0.9843369696219704,False,False,0.5303031053659457,1.5109783226636524,0.5803296989789317,1.5337855543441727,1.6831120293167086,2.405212529042877,0.0,0.0,1.6198357076636611,89.0,98.0,98.0,96.0,96.0,97.0,97.0,98.0,98.0,98.0,98.0,100.0,SKYT
2026-01-06,5.099999904632568,5.210000038146973,4.815000057220459,5.210000038146973,6292900.0,-0.0077820939478694,4.712135527984252,4.782674966050479,4.797200012207031,4.85,5.388100004196167,5.052000019550324,3.5216800099611283,4.139999866485596,5.590000152587891,4.139999866485596,8.859999656677246,3.4200000762939453,8.859999656677246,2.900000095367432,8.859999656677246,1.399999976158142,8.859999656677246,0.6800000071525574,8.859999656677246,8238510.0,10849764.0,8136643.037974684,30168116.842474937,-1,False,62,62,701019778.8543701,62,0.0688294231195467,0.3149999891008649,0.0617647049002365,-0.8656999448776357,-0.1269840102763277,-3.992971827351032,-3.3598221617072634,5.199999809265137,4.860000133514404,7742800.0,False,False,False,0.0774509781005518,0.2098039591509493,0.2843137869052099,0.7379310072673256,0.5368135196304731,-0.0534697016275181,0.5756207790356974,False,False,-0.0573012849395606,0.9307942447902064,-0.1161178645595698,0.857849885348187,1.0318724796852647,1.82142418660058,0.0,0.0,1.0125195318941598,54.0,24.0,24.0,29.0,29.0,94.0,94.0,76.0,65.0,83.0,87.0,61.53846153846154,SLDP
2026-01-06,5.150000095367432,5.235000133514404,4.920000076293945,4.920000076293945,4158900.0,0.0640495729351966,4.8023223686286745,4.703386335325217,4.738799991607666,4.615666659673055,4.204199986457825,3.8499999928474415,2.8571999955177305,3.549999952316284,5.244999885559082,2.9100000858306885,6.400000095367432,2.740000009536743,6.400000095367432,2.200000047683716,6.400000095367432,1.4900000095367432,6.400000095367432,1.0800000429153442,6.400000095367432,3765722.5,3806556.0,2923906.329113924,18965353.550302982,1,False,81,81,94699544.47431564,18,0.0607039927721266,0.2756428718566894,0.0535228867480289,4.203165243467978,1.1246434224524924,3.823561924647306,2.5651180610048088,4.929999828338623,4.735000133514404,3106200.0,False,False,False,0.0611650585218066,0.1543689439945972,0.1601941347549191,0.9636366789006732,0.6278194777641521,0.2249655373093881,0.804687502910383,False,False,0.0911017636206974,1.0773232484924695,0.2320574896804106,1.1957707186129083,1.19148949121879,1.9645090939000285,0.0,0.0,1.2879080504405849,79.0,83.0,83.0,88.0,88.0,95.0,95.0,92.0,95.0,93.0,94.0,92.3076923076923,SLI
2026-01-06,4.099999904632568,5.050000190734863,3.619999885559082,4.980000019073486,27026500.0,-0.1800000190734862,3.6311629721927297,3.04421218470271,2.547199969291687,2.375999975204468,2.094599983692169,1.958799991607666,1.7758999943733216,1.3899999856948853,5.179999828338623,1.3899999856948853,5.179999828338623,1.3899999856948853,5.179999828338623,1.3899999856948853,5.179999828338623,1.3899999856948853,5.179999828338623,0.949999988079071,5.179999828338623,8097867.5,7275416.0,3531842.6160337552,40772396.83489323,-1,False,4,4,132300897.09949492,4,0.1381848877474676,0.5257143293108258,0.1282230101314939,7.466789870045412,-1.7119565611750929,7.032421330118789,0.5997964501816776,5.179999828338623,4.449999809265137,22590000.0,False,False,False,0.3487805703507532,0.6756097090095359,0.8365853434442972,0.8075801402735432,2.4437819088283064,0.9574142731565688,0.7915057993250084,False,False,1.3563217713568578,2.3265659628190027,1.1693121352723956,2.105421177678361,0.9617225229706045,1.7585399115653386,0.0,0.0,2.292816634364606,95.0,99.0,99.0,99.0,99.0,94.0,94.0,99.0,99.0,98.0,97.0,92.3076923076923,SLS
2026-01-06,349.6300048828125,352.0,288.5,288.7449951171875,24249700.0,0.2756495257293325,267.79012245001866,249.52115585205635,234.3688000488281,231.50900014241537,228.4260009765625,161.04455059051514,100.935300283432,183.0,352.0,116.16999816894533,352.0,48.560001373291016,352.0,40.09999847412109,352.0,36.869998931884766,352.0,27.88500022888184,352.0,12502955.0,11918812.0,5958740.0,2130772280.619812,1,False,41,41,8478422729.406738,0,0.0886585441928191,22.337855747767858,0.0638899849435261,8.304981020023494,3.3821517679957407,25.685510292416463,21.799187273335832,285.0,266.3299865722656,9812600.0,False,False,False,0.1816205677807419,0.3586648518296231,0.4361753793159552,0.8222950419441597,0.7285591886171205,0.5306051123255713,0.993267059326172,False,False,0.6390699399205293,1.6183716414515794,1.885450277842946,2.8004674953545194,6.572666639566369,6.788338496767302,0.0,0.0,2.098254832397453,94.0,99.0,99.0,99.0,99.0,99.0,99.0,98.0,99.0,99.0,99.0,100.0,SNDK
2026-01-06,20.34000015258789,20.59000015258789,19.770000457763672,20.0,1426600.0,0.0059347598075407,20.775302536324823,20.46634389110779,20.49199996948242,20.28800004323324,18.29180004119873,16.960100059509276,13.957425012588502,16.75,22.729999542236328,12.989999771118164,22.729999542236328,12.989999771118164,22.729999542236328,9.15999984741211,22.729999542236328,8.585000038146973,22.729999542236328,8.579999923706055,22.729999542236328,1933945.0,2531236.0,2319110.970464135,30146867.227973934,1,False,74,74,114761583.21380617,154,0.0447266730356805,0.8784284591674805,0.0431872395564223,2.5927491140898926,0.1366085513066456,-1.5001332384538673,0.78197118980283,21.540000915527344,19.61000061035156,1660100.0,True,False,True,0.0403146356279593,0.1533922767197129,0.1779743807634233,0.8618784122845933,0.4470306206138029,0.111973677099902,0.8948526424205421,False,False,0.0303951564552495,1.0173832489277983,0.2402439405916712,1.2037160607507875,1.3245714460100446,2.0838072751000727,0.0,0.0,0.8339165415671981,31.0,64.0,64.0,88.0,88.0,96.0,96.0,73.0,91.0,86.0,93.0,30.76923076923077,SNDX
2026-01-06,2.259999990463257,2.400000095367432,2.130000114440918,2.1700000762939453,248100.0,0.0610328023651121,2.050092312465107,1.9603830200869152,1.798400001525879,1.7616666634877522,2.1914199995994568,2.796460007429123,3.277129998803139,1.2699999809265137,2.950000047683716,1.2699999809265137,3.9700000286102295,1.2699999809265137,3.9700000286102295,1.2699999809265137,4.5,1.2699999809265137,5.289999961853027,1.2699999809265137,14.199999809265137,3816925.0,3057884.0,935203.2489451476,17813474.239156842,1,False,13,13,339365260.61296463,13,0.1175801637012812,0.2885714428765433,0.1276864796877241,0.245090731734683,0.4504945975473929,-13.590586331039322,-15.2360167336544,2.190000057220459,2.0799999237060547,166200.0,False,False,False,0.1194690186132119,0.7345133154139617,0.7345133154139617,1.0,4.936720948211247,0.03129477273929,0.1591549310436373,False,False,0.4868421176463944,1.4680661635655436,-0.3088685004142066,0.6707761746816653,-0.32937683465579,0.6011643278134224,0.0,0.0,4.081385521602131,98.0,98.0,98.0,14.0,14.0,14.0,14.0,97.0,95.0,91.0,88.0,92.3076923076923,SOBR
2026-01-06,10.109999656677246,10.880000114440918,9.699999809265137,10.779999732971191,8535800.0,-0.0444234660130482,9.388770333993534,8.383347191590829,7.25319990158081,6.7839999039967855,7.117799959182739,14.404199967384338,19.50099999666214,4.039999961853027,12.295000076293944,3.7200000286102295,20.739999771118164,3.7200000286102295,28.739999771118164,3.7200000286102295,32.18000030517578,3.7200000286102295,32.18000030517578,3.7200000286102295,35.0,10138605.0,9729642.0,4344520.253164557,108679564.78463411,-1,False,19,19,465578384.5710754,14,0.1491873717430631,1.6608572346823556,0.1642786638064252,2.558960808974145,-0.2829865549031959,-15.512671337340617,-17.802572539452072,11.859999656677246,10.25,10671500.0,False,False,True,0.1167161567999103,0.4930761921660416,0.7176063660545511,0.6871123438843056,1.406890407684065,0.4203826624312814,0.2888571330479213,False,False,0.9823529109272846,1.957319609283577,-0.4555735151953137,0.5283919414634359,-0.5668380638139683,0.3882978066646122,0.0,0.0,2.333653524256221,95.0,99.0,99.0,8.0,8.0,6.0,6.0,99.0,98.0,98.0,96.0,88.46153846153845,SOC
2026-01-06,35.220001220703125,35.7400016784668,32.220001220703125,32.220001220703125,1189200.0,0.082027712633633,32.579596551771616,32.08972078499328,32.12399993896484,31.82399991353353,30.036799964904784,27.23729990005493,18.80399995803833,27.530000686645508,35.7400016784668,20.31999969482422,38.69300079345703,18.799999237060547,38.69300079345703,11.890000343322754,38.69300079345703,9.842000007629396,38.69300079345703,5.349999904632568,38.69300079345703,935820.0,987112.0,913264.9789029536,30123609.744195934,1,False,90,90,137042600.0,90,0.066757765870927,1.7407140731811523,0.0494240208077539,3.4914540923610424,1.5338544249045758,7.5451185149747,9.467868476898389,32.66999816894531,29.75,836800.0,False,False,False,0.0999432236162029,0.170073863454205,0.170073863454205,1.0,0.6038017975670441,0.17256169971017,0.910242175547646,False,False,0.1342995840935597,1.119975563639672,0.3136889937444513,1.274997997448274,1.9325562489170915,2.628820919495717,0.0,0.0,1.0246971269216305,56.0,89.0,89.0,92.0,92.0,98.0,98.0,82.0,94.0,93.0,97.0,100.0,STOK
2026-01-06,329.8446350097656,331.4218702651091,290.39343384723395,290.39343384723395,5563900.0,0.1400477247721692,292.2327504039092,286.0022395139201,283.96779663085937,279.841928100586,272.0039813232422,236.80248580932616,176.16538928985597,227.61473970579453,331.4218702651091,208.0901055428535,331.4218702651091,162.63400052595594,331.4218702651091,137.26524205379042,331.4218702651091,117.238959465275,331.4218702651091,62.38592950784152,331.4218702651091,3773070.0,4254738.0,4051085.2320675114,1203522289.2799375,1,False,18,18,7297459588.961792,18,0.0510747383926735,15.141115665922204,0.0459037803221323,4.632436545304464,2.6761137711752188,12.434732058028946,9.852318238563276,297.4810733200037,277.20644287417446,3350300.0,False,False,False,0.1243871570524723,0.1755608363708231,0.1755608363708231,1.0,0.6189922857764685,0.2126463495318737,0.9952410043004049,False,False,0.2471741306035779,1.2314247218875365,0.3642749604366093,1.3240940974678446,1.3003469031611403,2.062091754714084,0.0,0.0,0.9313726529704184,44.0,96.0,96.0,93.0,93.0,96.0,96.0,92.0,91.0,94.0,95.0,100.0,STX
2026-01-06,5.539999961853027,5.829999923706055,5.494999885559082,5.769999980926514,2072200.0,-0.0448276241951112,5.985865624663799,6.017644350975735,6.270400009155273,6.12300001780192,5.372800030708313,4.434100008010864,3.539600005149841,4.590000152587891,7.005000114440918,3.3499999046325684,7.005000114440918,3.194000005722046,7.005000114440918,2.259999990463257,7.005000114440918,1.9800000190734863,7.005000114440918,1.8899999856948853,7.005000114440918,3130382.5,2858950.0,1637155.6962025317,21578840.667829517,-1,False,224,224,41283785.74962616,39,0.0601149230628477,0.3565714359283447,0.0643630755205056,0.4835023943539516,-0.7291672935183866,6.27589115435139,7.520034017355448,5.815000057220459,5.4679999351501465,2827500.0,False,False,False,0.0604693213815332,0.2115523356327672,0.277436857378005,0.7625242645555533,0.6042043407544728,0.0311197011221486,0.7908636504419507,False,False,-0.1302982635192319,0.8587190775458384,0.6011560406860612,1.5539985150199542,1.440528638062739,2.18775436642924,0.0,0.0,1.9120860082282252,93.0,13.0,13.0,97.0,97.0,97.0,97.0,71.0,92.0,90.0,95.0,3.8461538461538463,SVRA
2026-01-06,30.32999992370605,30.38999938964844,29.43199920654297,29.920000076293945,752800.0,0.012349828122163,31.67028938770321,31.654312094416237,32.59600006103516,31.83600006103516,28.521000022888185,23.01574999809265,19.241425032615663,23.01000022888184,35.310001373291016,18.1200008392334,35.310001373291016,14.505000114440918,35.310001373291016,14.505000114440918,35.310001373291016,13.93000030517578,35.310001373291016,10.90999984741211,35.310001373291016,753950.0,763790.0,703163.2911392405,28212647.033996586,1,False,84,84,116751600.0,84,0.0482250663819712,1.546286174229213,0.0509820698357677,1.244102980520896,0.2392835462153925,0.4980618672514358,1.8324901268588336,30.549999237060547,28.0,987200.0,True,False,False,0.0315858946757428,0.2148038050127486,0.2410155420929456,0.8912446191122038,0.8120818549601331,0.0634269450358031,0.8589634308722541,False,False,-0.0948970025994812,0.8936732886803129,0.8194360998736709,1.765849752011616,0.942985303701289,1.7417433730482876,0.0,0.0,1.072226052612156,61.0,17.0,17.0,98.0,98.0,94.0,94.0,85.0,93.0,95.0,92.0,11.538461538461538,SYRE
2026-01-06,7.650000095367432,8.13700008392334,7.079999923706055,8.09000015258789,24744900.0,-0.0670731374013281,7.111447948885823,6.484727849048525,6.188400001525879,5.727333331108094,4.878400001525879,3.655700010061264,2.467500003576278,2.5199999809265137,8.454999923706055,2.5199999809265137,8.454999923706055,1.565000057220459,8.454999923706055,1.149999976158142,8.454999923706055,1.0399999618530271,8.454999923706055,0.9200000166893004,8.454999923706055,17323592.5,16298622.0,5426340.928270042,140096576.9157672,-1,False,25,25,205936420.0080872,4,0.1217603032419862,0.7896428789411273,0.1032212900780624,5.504069100066383,-0.6965170313892123,12.668831199071429,10.497091974753385,8.454999923706055,7.559999942779541,18518400.0,False,False,False,0.1381699538614864,0.2960784102286742,0.4803921134750252,0.6163265422634105,1.0512078873907251,0.5681371131876525,0.9047900844940788,False,False,0.4970645588038647,1.47815951496729,1.7321429377307709,2.651675389637016,4.100000063578288,4.571774833480145,0.0,0.0,3.1924998316541253,97.0,98.0,98.0,99.0,99.0,99.0,99.0,99.0,99.0,99.0,99.0,92.3076923076923,TE
2026-01-06,6.199999809265137,6.320000171661377,6.019999980926514,6.079999923706055,6958700.0,0.0316139056817723,5.7482148448971655,5.534507334418866,5.459999961853027,5.334666649500529,4.956800012588501,4.3435000133514405,3.491800004839897,4.139999866485596,6.320000171661377,3.660000085830689,6.320000171661377,3.140000104904175,6.320000171661377,2.9600000381469727,6.320000171661377,2.3499999046325684,6.320000171661377,1.6699999570846558,6.320000171661377,6286315.0,6324198.0,8665386.075949367,34268751.59038305,1,False,214,214,144980655.2889347,214,0.043389621365296,0.2564286163875034,0.0413594555284183,6.064077183312684,0.7409453089127225,7.148622512395745,4.776362076481628,6.079999923706055,5.71999979019165,8110600.0,False,False,False,0.0483871290264477,0.137096839938528,0.2080645163771265,0.6589150438801091,0.9327032455340584,0.2508069305841172,0.9810126014023992,False,False,0.1588784896793273,1.1442440849572253,0.5085157196731287,1.4640866528235728,0.8075800841388185,1.62036255591096,0.0,0.0,0.725451231474563,20.0,92.0,92.0,96.0,96.0,92.0,92.0,93.0,94.0,94.0,92.0,100.0,TGB
2026-01-06,9.260000228881836,9.5600004196167,8.8100004196167,9.5,7186500.0,-0.025263133801912,9.679137304076573,9.892555998285548,9.56040002822876,9.533666721979776,10.634200048446656,12.17210003376007,8.75055002093315,6.900000095367432,15.699999809265137,6.900000095367432,20.200000762939453,6.900000095367432,23.200000762939453,5.5,23.200000762939453,3.5,23.200000762939453,3.5,23.200000762939453,12513357.25,11050888.8,6322260.843881857,227165136.86312675,-1,False,25,25,1023010527.8808594,25,0.1210593508783794,1.2907142639160156,0.13938598617852,-0.927098650975692,-0.1859433786607478,-9.678426713957922,-4.123448869360842,9.760000228881836,9.289999961853027,5871600.0,False,False,True,0.0809935185164206,0.2732181069585885,0.9287256686894312,0.2941860187240647,0.6621422161084455,-0.1292245597510223,0.3991379277743001,False,False,0.282548545425378,1.2663524259386043,-0.4139240432217267,0.5688147459582352,0.5694915388480439,1.4069336920029565,0.0,0.0,1.979253554859154,93.0,96.0,96.0,9.0,9.0,89.0,89.0,87.0,78.0,74.0,85.0,46.15384615384615,TLRY
2026-01-06,5.079999923706055,5.090000152587891,4.739999771118164,4.869999885559082,4906200.0,0.0583332753843754,4.671913612452864,4.597882906716303,4.597600021362305,4.515000025431315,4.418000001907348,3.778099995851517,2.6469499987363814,3.829999923706055,5.090000152587891,3.400000095367432,11.289999961853027,1.559999942779541,11.289999961853027,1.4299999475479126,11.289999961853027,1.2000000476837158,11.289999961853027,1.1299999952316284,11.289999961853027,4420942.5,5173802.0,4385422.362869198,15106309.281995296,1,False,91,91,1602360717.6652908,84,0.0715619559404741,0.3114286150251116,0.0613048463980905,2.4442038159172115,0.8990815855139517,6.657253600900614,4.325610089458643,4.960000038146973,4.630000114440918,4348300.0,False,False,False,0.0688977139224813,0.1692913674075414,0.1692913674075414,1.0,0.6449106479142418,0.1498415395004315,0.4499557077830383,False,False,0.0808510914600084,1.0672020225907362,1.4306220728842205,2.359034969645032,2.2564103269483,2.9191322734575795,0.0,0.0,1.0080995931957537,54.0,81.0,81.0,99.0,99.0,98.0,98.0,86.0,88.0,98.0,98.0,100.0,TMQ
2026-01-06,23.540000915527344,23.950000762939453,22.989999771118164,23.270000457763672,1052700.0,0.0168467085712129,22.512164175343123,21.95153810297608,21.73800003051758,21.65933335622152,19.514400024414066,16.225000047683714,17.282775025367737,19.326000213623047,24.5,13.234999656677246,24.5,11.460000038146973,24.5,9.979999542236328,24.5,9.979999542236328,24.5,9.979999542236328,37.93000030517578,2080015.0,2014378.0,1858961.6033755275,31789965.705871586,1,False,313,313,101458712.03536987,49,0.0484683585004139,0.9910718372889928,0.0421016057240365,4.899783066151279,0.3935146599099127,4.302729647752024,-0.6988717231933506,23.18000030517578,21.350000381469727,1784400.0,False,False,False,0.0407816888056303,0.1151231511926195,0.1826677599754977,0.6302324570469447,0.5102269782533367,0.2062887347844122,0.6206169450601129,False,False,0.1366490563090601,1.122295366543341,0.5682878452081774,1.522098359341104,0.4163658078739984,1.2696677401405527,0.0,0.0,1.1189122982546174,66.0,90.0,90.0,96.0,96.0,85.0,85.0,73.0,95.0,94.0,94.0,100.0,TNDM
2026-01-06,4.935366153717041,4.945237111947608,4.570149171303547,4.737951695837637,4168600.0,0.0845987423524263,4.389095927483725,4.258842094882772,4.24204571723938,4.1453783432642615,3.817196154594421,3.924982821941376,4.5097639429569245,2.8723830155257426,5.1821340760789125,2.781756972153195,5.1821340760789125,2.781756972153195,5.1821340760789125,2.781756972153195,5.714211735287438,2.781756972153195,5.972643165159668,2.781756972153195,9.752183120734117,4429545.0,4265628.0,3586220.675105485,22365430.642328262,1,False,28,28,140005296.97418213,28,0.0669328868274539,0.224911781907644,0.0455714479741798,6.427920994414161,1.711598835703274,-2.565728623053321,-7.479629088256585,4.747821853844669,4.283897674692843,4594300.0,False,False,False,0.0760000228881834,0.1860001186542758,0.3039999421365321,0.6118426120316156,0.6520798344346952,0.2929296671790831,0.5060780845289871,False,False,0.3054830547372105,1.288997316542038,0.2717253837429167,1.23427030697326,-0.0889945946364626,0.8166493202910259,0.0,0.0,1.235156840946412,75.0,97.0,97.0,90.0,90.0,31.0,31.0,96.0,95.0,91.0,87.0,100.0,TROX
2026-01-06,122.27999877929688,124.01000213623048,118.0199966430664,120.86000061035156,1740500.0,0.0250649496254664,120.19296925731037,117.8043588439067,119.10720031738282,115.89833374023438,105.4318000793457,85.71470008850098,63.323400020599365,87.30000305175781,129.5800018310547,70.9000015258789,129.5800018310547,56.540000915527344,129.5800018310547,43.119998931884766,129.5800018310547,37.47999954223633,129.5800018310547,28.63999938964844,129.5800018310547,1788047.5,1718626.0,1046364.5569620254,169007085.09464264,1,False,57,57,517281291.9540405,57,0.0483548947458136,6.010714939662388,0.0491553402000855,3.2509564231344545,0.4974446290972292,13.476490188732438,11.765928956242083,126.4499969482422,113.31999969482422,2125500.0,True,False,True,0.048985979333999,0.1073764915316714,0.1509649923843318,0.7112674921236624,0.6821321218228981,0.1598018689548275,0.9436641229464134,False,False,0.0626575050281934,1.049238186136646,0.6571350760556227,1.608328846122021,1.7453973117604529,2.461046702223793,0.0,0.0,1.70881887015683,91.0,76.0,76.0,97.0,97.0,98.0,98.0,90.0,94.0,95.0,97.0,80.76923076923077,TSEM
2026-01-06,5.260000228881836,5.300000190734863,4.800000190734863,4.889999866485596,3777100.0,0.0756646978524677,5.405501125495819,5.366686832463821,5.377599983215332,5.2413333257039385,4.883800020217896,4.2587500143051145,3.27067500770092,3.9700000286102295,6.019999980926514,3.693000078201294,6.019999980926514,2.7109999656677246,6.019999980926514,2.3399999141693115,6.019999980926514,2.25,6.019999980926514,1.0499999523162842,6.019999980926514,3447527.5,3482594.0,3924927.004219409,18820293.509128094,1,False,96,96,603506686.1528397,96,0.0584659928568018,0.3239285945892334,0.0615833803220373,1.2508281198619229,1.1422281594665311,0.8592504970519084,2.511055642931788,5.53000020980835,4.880000114440918,2315700.0,False,False,True,0.0950570300842533,0.2319391135180608,0.2319391135180608,1.0,0.5935116180640063,0.0770302238229556,0.8737541936125207,False,False,0.0395257486885329,1.026398539355686,0.1900452801105399,1.1549958599324814,1.1735537450631592,1.948431017062424,0.0,0.0,0.8783672909824333,37.0,68.0,68.0,85.0,85.0,95.0,95.0,86.0,85.0,93.0,94.0,30.76923076923077,TSHA
2026-01-06,9.729999542236328,10.239999771118164,9.710000038146973,10.119999885559082,1598800.0,-0.0375865605682729,9.510081437803528,9.1627670904974,8.98439998626709,8.7596666653951,8.25320001602173,6.833900003433228,5.009649999141693,7.050000190734863,10.239999771118164,5.590000152587891,10.239999771118164,4.489999771118164,10.239999771118164,3.220000028610229,10.239999771118164,2.700000047683716,10.239999771118164,2.0299999713897705,10.239999771118164,2080272.5,2303900.0,1800986.4978902957,19109902.61530876,-1,False,84,84,84549695.54185867,84,0.0499337235027599,0.4264285223824637,0.0438261605801118,4.082871845288456,-0.8911226489209741,12.875780238500894,11.482054570969678,10.210000038146973,9.529999732971191,2669000.0,False,False,False,0.0544706842657648,0.1243576665029182,0.2147996146881141,0.5789473444050807,0.7595077911367681,0.1789365971196292,0.950195289035036,False,False,0.1006786622495579,1.086779209325206,0.6689536311436339,1.6197993190739148,1.7720796491945698,2.48496545462752,0.0,0.0,1.155073901129667,69.0,85.0,85.0,97.0,97.0,98.0,98.0,89.0,94.0,95.0,97.0,92.3076923076923,TTI
2026-01-06,35.79999923706055,38.23500061035156,34.5,37.75,2765700.0,-0.0606140471344827,37.46074644154747,36.73009744533097,36.034399871826174,35.96733309427897,34.928399848937985,28.98464988708496,22.834599952697754,33.45000076293945,42.130001068115234,25.09000015258789,42.130001068115234,17.270000457763672,42.130001068115234,15.029999732971191,42.130001068115234,13.880000114440918,42.130001068115234,12.90999984741211,42.130001068115234,1729297.5,1909100.0,1846443.459915612,68721674.5135498,-1,False,118,118,341140127.3288727,118,0.0588448789466382,2.403564453125,0.0671386733058028,0.3716768155434745,-0.9610731970543424,7.608519114472196,9.128192553065444,40.75,36.56999969482422,3038700.0,False,False,True,0.1043296282108589,0.2131285259977484,0.2413407702172299,0.883102037860873,1.0166780158189723,0.0249538882941144,0.8497507317690207,False,False,0.0133030676945149,1.0005070003493592,0.370072728161934,1.3297211083316482,1.3398692020108445,2.0975205878493486,0.0,0.0,0.9365558911178544,44.0,56.0,56.0,93.0,93.0,96.0,96.0,32.0,85.0,95.0,94.0,50.0,TVTX
2026-01-06,19.309999465942383,19.40999984741211,18.209999084472656,18.32999992370605,3404000.0,0.0540392897166837,17.23862184565367,16.933548677718935,16.94160011291504,17.288000043233236,16.261800022125243,14.55600004196167,12.440350027084351,15.18000030517578,20.34000015258789,11.15999984741211,20.34000015258789,11.15999984741211,20.34000015258789,11.15999984741211,20.34000015258789,8.944999694824219,20.34000015258789,6.78000020980835,20.34000015258789,2681312.5,2638476.0,3198337.552742616,34705298.961639404,1,False,193,193,210078426.80168152,193,0.0489960500081305,0.7776427268981934,0.0402715043192903,4.654541541403438,1.2730779018110354,-0.8188686949828163,-4.0716352903760855,18.3799991607666,16.780000686645508,2890200.0,False,False,False,0.0621440080853409,0.1817711199356855,0.2190574655217833,0.8297873779499653,0.7274616104144969,0.1874453897889449,0.949360831911574,False,False,0.0639118386662556,1.0504766799551934,0.5276897896718131,1.4826960047840956,0.5763264870157048,1.4130607201659968,0.0,0.0,0.8383456892161804,32.0,76.0,76.0,96.0,96.0,89.0,89.0,81.0,94.0,90.0,87.0,100.0,TXG
2026-01-06,6.989999771118164,7.590000152587891,6.610000133514404,7.25,14662700.0,0.0174672325412006,6.020188366979573,5.930138929307048,5.702799987792969,5.733666658401489,6.555399971008301,6.914199981689453,4.905649992227555,4.360000133514404,7.590000152587891,4.360000133514404,19.709999084472656,4.139999866485596,19.709999084472656,2.799999952316284,19.709999084472656,1.940000057220459,19.709999084472656,1.2100000381469729,19.709999084472656,9758620.0,11188946.0,7599939.662447257,53333669.90327597,1,False,84,84,939000234.0932846,84,0.1177798512425352,0.7107142720903669,0.1016758648586731,0.6520373176482097,0.1688440633197585,3.9323751282441073,3.4039393605878323,7.090000152587891,6.199999809265137,14846900.0,False,False,False,0.1402002934424588,0.3891273756928464,0.4620887159995994,0.8421053408566327,0.9942339519736711,0.0662964581920111,0.3546423184070473,False,False,0.1421568467038629,1.1277336041468202,-0.1359703783340288,0.8385820712557494,2.120535598820722,2.797330576434898,0.0,0.0,1.2840391415499246,78.0,90.0,90.0,27.0,27.0,98.0,98.0,95.0,92.0,90.0,95.0,100.0,UAMY
2026-01-06,14.539999961853027,14.59000015258789,13.460000038146973,14.079999923706056,10755000.0,0.0393138098451093,12.98240239436301,12.767559373480193,12.78120002746582,12.632333374023435,12.768999977111816,12.679999980926514,9.529500012397769,10.390000343322754,14.59000015258789,10.0,17.799999237060547,10.0,17.799999237060547,7.409999847412109,17.799999237060547,5.900000095367432,17.799999237060547,3.849999904632568,17.799999237060547,10178697.5,10562836.0,12379072.99578059,140405259.105649,1,False,228,228,575845089.9564743,18,0.0749194192523836,0.8328569957188198,0.0572803987554259,2.421339231092253,0.6603777041701748,-0.4786275172637255,-1.0334746678756297,14.140000343322754,13.170000076293944,10467100.0,False,False,False,0.0777166518160641,0.2022008625702178,0.2180192630406272,0.9274449411038436,0.7413425712564315,0.1386952766791207,0.8168539654529857,False,False,0.0253878454816283,1.012439170653731,0.1141762260031247,1.081361314377275,1.300632842867599,2.0623480786234136,0.0,0.0,0.8222503820334052,30.0,62.0,62.0,78.0,78.0,96.0,96.0,90.0,86.0,81.0,90.0,100.0,UEC
2026-01-06,16.0,16.440000534057617,14.649999618530272,14.90999984741211,4154800.0,0.032258064516129,13.25183242401739,12.129260828865942,11.220400009155274,10.751666673024497,11.107999992370605,11.614100008010864,9.550249989032745,7.244999885559082,16.440000534057617,7.244999885559082,16.969999313354492,7.244999885559082,17.479999542236328,7.244999885559082,17.479999542236328,5.519999980926514,17.479999542236328,4.449999809265137,17.479999542236328,2559760.0,3324228.0,2964660.3375527426,33287843.62381935,1,False,179,179,322865888.95139694,179,0.1013689145598168,1.274214472089495,0.0796384045055934,5.530036879204571,0.3923986196610097,0.8103057546888479,-2.4546198537907324,15.739999771118164,13.899999618530272,5937800.0,False,False,False,0.1118750572204589,0.3943750262260437,0.4862500429153442,0.8110539669293234,1.118885347214451,0.4404033139169432,0.915331831750896,False,False,0.4625229080163651,1.444054058743669,-0.0129549103228396,0.9579744663479616,1.0025031862749194,1.7950967758522154,0.0,0.0,0.8634243753242308,34.0,98.0,98.0,46.0,46.0,94.0,94.0,98.0,97.0,96.0,93.0,100.0,UMAC
2026-01-06,5.309999942779541,5.320000171661377,5.130000114440918,5.239999771118164,4659700.0,0.0310679309610175,5.357231140397055,5.268637512167203,5.271199989318848,5.069000013669332,4.618800015449524,3.953900010585785,2.9024500012397767,3.5199999809265137,6.239999771118164,3.5199999809265137,6.239999771118164,2.4200000762939453,6.239999771118164,2.174999952316284,6.239999771118164,1.625,6.239999771118164,1.0,6.239999771118164,3947190.0,3690926.0,1647538.9029535863,25077710.32775402,1,False,46,46,38076229.87413406,26,0.0668528387861191,0.3635713713509695,0.0684691855496813,2.1856436893829234,0.4400782350314797,6.688288501887156,5.770996415094687,5.389999866485596,5.150000095367432,5050100.0,False,True,True,0.0357815554176828,0.2542372729152809,0.3370998081246766,0.7541899069288436,1.3618885883921812,0.1496492433138494,0.8509615605046771,True,False,0.1879195060436178,1.1729183691828136,0.3274999856948852,1.2884022256662375,1.2838708962907917,2.047322226747988,0.0,0.0,2.395809891301364,95.0,93.0,93.0,92.0,92.0,96.0,96.0,93.0,89.0,95.0,95.0,50.0,USAS
2026-01-06,18.34000015258789,19.020000457763672,17.68000030517578,18.82999992370605,13814200.0,-0.0070383955386834,16.15690329663064,15.627961277953814,15.20919994354248,15.007999928792318,15.859799938201904,15.571699962615966,10.72574999332428,12.079999923706056,19.020000457763672,12.079999923706056,27.32999992370605,10.649999618530272,27.32999992370605,8.140000343322754,27.32999992370605,5.139999866485596,27.32999992370605,3.200000047683716,27.32999992370605,10376370.0,13964272.0,13820059.493670886,140509186.51621342,-1,False,84,84,1590862587.2364044,84,0.0764431478879887,1.1421428407941543,0.0622760540507951,2.5111227876166944,-0.1138204050521479,3.9240436706201134,1.5328523780669914,18.540000915527344,16.829999923706055,18296500.0,False,False,False,0.0730643479519714,0.2704471099716476,0.3086150901851417,0.8763249710485749,0.7049812550199538,0.1563828184498006,0.6710574534864805,False,False,0.1237745401676877,1.1095834307600407,0.0845653647592803,1.05262255735914,2.14579766596796,2.8199761610203216,0.0,0.0,0.7508194884943891,22.0,88.0,88.0,73.0,73.0,98.0,98.0,94.0,89.0,90.0,94.0,96.15384615384616,UUUU
2026-01-06,18.959999084472656,19.799999237060547,15.0,15.699999809265137,1910300.0,0.210727922682955,14.985884302742898,12.83709713024213,11.094199962615969,10.096499967575074,8.068899965286255,6.124699985980987,6.49603999555111,4.210000038146973,19.799999237060547,3.75,19.799999237060547,2.869999885559082,19.799999237060547,2.809999942779541,19.799999237060547,2.809999942779541,19.799999237060547,1.4249999523162842,22.200000762939453,1200360.0,1088794.0,465985.4683544304,25346159.20040846,1,False,134,134,110562722.08213806,15,0.2507994356416478,2.808142730167934,0.1481088009370037,9.113317757751515,1.1751536706480723,6.028186026808811,1.4373791180365596,19.729999542236328,15.359999656677246,2086200.0,False,False,False,0.253164528947236,0.3950421507972436,0.7668776218500075,0.5151306278102731,1.6567504964208106,1.3497625656584806,0.8540539834631161,False,False,1.990536061222881,2.952771346935979,3.812182438862276,4.670453206292662,1.5279998779296875,2.2661658974276224,0.0,0.0,2.575960156523597,96.0,99.0,99.0,99.0,99.0,97.0,97.0,99.0,99.0,99.0,99.0,100.0,VELO
2026-01-06,46.52000045776367,47.56399917602539,45.5,46.84999847412109,1541800.0,-0.0116847087449848,49.35918311557313,47.66001645329408,47.48119964599609,44.70799973805745,38.043399810791016,32.10089996337891,27.368825006484983,27.190000534057617,56.04999923706055,23.049999237060547,56.04999923706055,21.200000762939453,56.04999923706055,19.06599998474121,56.04999923706055,19.06599998474121,56.04999923706055,18.530000686645508,56.04999923706055,1657675.0,1654302.0,1468522.3628691982,70263209.40364838,-1,False,218,218,420678782.96642303,218,0.0567612716127841,2.3510709490094865,0.050538927899282,4.408759177337116,-0.2339356186984758,4.282846336337599,4.953957107036446,48.61000061035156,46.130001068115234,1114700.0,False,True,True,0.0443679956086701,0.2267841602159715,0.3368443253385687,0.6732610382794082,0.6451965844204988,0.2228139621887386,0.8299732576446568,False,False,0.091762492170963,1.0779756333129116,0.5035552571033786,1.459272286658548,1.0226087155549424,1.813119903622868,0.0,0.0,1.1288047372743004,67.0,83.0,83.0,96.0,96.0,94.0,94.0,96.0,97.0,95.0,95.0,42.30769230769231,VERA
2026-01-06,8.130000114440918,8.279999732971191,7.880000114440918,7.929999828338623,2113800.0,0.0330368783561125,7.599533323534381,7.047154411441266,6.648799991607666,6.385666672388712,5.720799999237061,5.293799996376038,4.88474999666214,4.71999979019165,9.600000381469728,4.269999980926514,9.600000381469728,4.269999980926514,9.600000381469728,4.139999866485596,9.600000381469728,4.139999866485596,9.600000381469728,3.809999942779541,9.600000381469728,2028475.0,1800442.0,808496.6244725739,24052960.06588697,1,False,6,6,210025360.73303223,6,0.0759882312555313,0.5985714026859829,0.0736250177441904,5.719929787419913,0.4343679429306697,4.229273038778059,1.0738154872943952,8.479999542236328,7.849999904632568,3011000.0,True,False,False,0.0492004443911106,0.3567036323964451,0.5141451717511114,0.6937799905453922,2.446976909003456,0.4211299320943145,0.8468749782691408,False,False,0.5634616178168377,1.5437181069256007,0.5055555501592504,1.4612136667360935,0.6728394837639404,1.4995775209771232,0.0,0.0,2.508946776770137,96.0,98.0,98.0,96.0,96.0,91.0,91.0,96.0,96.0,93.0,90.0,92.3076923076923,VNDA
2026-01-06,11.670000076293944,11.75,10.289999961853027,10.699999809265137,1408900.0,0.1030245898344086,12.361218371212978,12.43870741774034,11.711600036621094,11.094666671752927,13.670499992370605,24.69884994506836,22.29942505478859,6.690000057220459,16.799999237060547,6.5,33.5,6.5,49.95000076293945,6.5,53.0,3.619999885559082,65.80000305175781,2.619999885559082,65.80000305175781,2400745.0,1991916.0,754174.8945147679,43568201.2528801,1,False,28,28,449114411.187172,28,0.1547787244018332,1.7251427514212472,0.1478271414004225,-0.9899196831656708,0.6318318595315671,-14.708359505323104,-15.445657841380118,12.399999618530272,10.449999809265137,1627500.0,False,False,True,0.1251071147045464,0.4267352582136527,0.7549271129688102,0.5652668328939503,0.507757355229839,-0.146336996978393,0.1773556160341574,False,False,0.4009604061439065,1.3832689727747156,-0.6729718473535344,0.3173964627236287,-0.7568749984105428,0.2179436764313754,0.0,0.0,3.1832735582435774,97.0,98.0,98.0,2.0,2.0,3.0,3.0,97.0,95.0,92.0,88.0,42.30769230769231,VOR
2026-01-06,43.459999084472656,43.5099983215332,38.02000045776367,38.5,2819200.0,0.1288311450512378,37.3311414789209,36.27249966064016,35.60440017700196,35.16700013478597,35.856800117492675,33.56800003051758,23.070000023841857,29.1299991607666,43.5099983215332,29.1299991607666,43.59000015258789,26.100000381469727,43.59000015258789,14.0,43.59000015258789,8.770000457763672,43.59000015258789,7.360000133514404,43.59000015258789,1889942.5,1927016.0,3151011.814345992,59943913.3348465,1,False,153,153,495910968.5600281,153,0.0613180422968551,2.1264280591692244,0.0489283963176371,4.333749892172777,2.3325496778905754,1.2954762789841787,1.5186520920636437,38.790000915527344,37.27999877929688,1357600.0,False,False,False,0.1263230091905591,0.2252645491731691,0.2634605888045918,0.8550218087466867,0.7506061184754045,0.2120434322657467,0.9970176401087368,False,False,0.236767212274771,1.2211492229060468,0.3165707753496816,1.2777949043213983,1.7298994268968504,2.447153988673143,0.0,0.0,0.5997890872371315,13.0,95.0,95.0,92.0,92.0,97.0,97.0,93.0,88.0,89.0,97.0,100.0,VSAT
2026-01-06,58.38999938964844,59.31999969482422,55.83000183105469,56.40999984741211,2304500.0,0.0593251183078689,54.97293835997547,52.69966412321587,52.16079986572266,49.90266647338867,43.98859985351562,35.21569997787476,27.488999948501583,33.790000915527344,59.31999969482422,28.149999618530277,59.31999969482422,21.910999298095703,59.31999969482422,17.780000686645508,59.31999969482422,17.530000686645508,59.31999969482422,13.760000228881836,59.31999969482422,2625407.5,2632294.0,3234362.869198312,130160007.25309372,1,False,278,278,595226645.7416534,32,0.0474996652529164,2.457427978515625,0.0420864532317718,7.778972435760075,1.3306597330021732,11.945788196919562,10.525916543708115,55.744998931884766,52.5,1958500.0,False,False,False,0.0597704726879693,0.1248501625574556,0.2169891813903921,0.5753750567537915,0.6361903343623471,0.3273893596088586,0.984322314397164,False,False,0.4046187110489307,1.3868810803302734,0.9996574610969476,1.940763202418264,1.922422458830194,2.6197367222585624,0.0,0.0,0.8117232376745497,28.0,98.0,98.0,98.0,98.0,98.0,98.0,97.0,97.0,97.0,98.0,100.0,VSXY
2026-01-06,5.900000095367432,5.920000076293945,5.679999828338623,5.679999828338623,5722700.0,0.0516933966044945,5.602831611301949,5.423675169212669,5.352800006866455,5.209000015258789,4.811199989318848,4.411899995803833,3.585499998927117,3.859999895095825,5.949999809265137,3.7799999713897705,5.949999809265137,3.490000009536743,5.949999809265137,2.880000114440918,5.949999809265137,2.815000057220459,5.949999809265137,1.690000057220459,5.949999809265137,7256662.5,6424364.0,3951402.109704641,35735967.31395006,1,False,47,47,55377509.29865837,235,0.0536538948812814,0.3000714778900146,0.0508595717016386,4.4496110099815365,0.9664362767571038,4.947348213503226,3.896102751989366,5.849999904632568,5.590000152587891,7264100.0,False,False,False,0.0406780074705025,0.103389770646988,0.1864406587885087,0.5545451905116333,1.0353616326845738,0.2263053102065566,0.9915966864705026,False,False,0.1919192571127248,1.1768676110946152,0.2826087429753332,1.2448331276202451,1.0344827246013928,1.8237640791237184,0.0,0.0,1.8364778624219595,92.0,93.0,93.0,90.0,90.0,94.0,94.0,94.0,91.0,90.0,92.0,96.15384615384616,VZLA
2026-01-06,219.2179107666016,221.0665347017452,188.22082635951347,189.47988988954444,17178400.0,0.1676602345648168,187.03526403401705,179.60612685615658,175.92930969238282,172.12169494628907,164.02760604858398,133.41753219604493,93.70356281280516,132.22581547771188,221.0665347017452,112.34652150919072,221.0665347017452,77.68945741210169,221.0665347017452,65.86150626341339,221.0665347017452,51.64355856603029,221.0665347017452,28.698609016377397,221.0665347017452,8220162.5,8844530.0,8366231.46835443,1490350559.0442655,1,False,18,18,6562846205.200195,18,0.0599938442226877,11.318775801868414,0.0516325320421439,6.516620378464954,2.780930632222944,18.500981522662357,15.937014029935757,195.71527973170643,182.664932200254,9826700.0,False,False,False,0.1498313172832038,0.2277783677459933,0.2541708297266639,0.8961625061024777,0.7474088504420247,0.3364696104975802,0.991637703383564,False,False,0.3626087162706881,1.3454015909254873,0.752525695801068,1.700910004775202,2.4334898777858696,3.077871062467546,0.0,0.0,0.982540649406254,50.0,97.0,97.0,98.0,98.0,98.0,98.0,96.0,96.0,98.0,98.0,100.0,WDC
2026-01-06,25.940000534057617,26.030000686645508,23.559999465942383,23.649999618530277,5713400.0,0.1156989477014029,24.104176242824423,23.888199764450498,24.003200073242187,23.219666735331217,21.331199951171875,23.53229997634888,21.809549975395203,16.950000762939453,31.0,14.960000038146973,31.0,14.960000038146973,31.0,14.960000038146973,31.0,14.960000038146973,31.0,13.630000114440918,31.0,4743570.0,4369824.0,2594666.6666666665,161559393.61210823,1,False,27,27,698703608.7890625,27,0.0787310148622613,1.428286143711635,0.0550611455013805,3.92398544859996,1.8833764829974555,-9.041277291889452,-9.812223274019686,23.850000381469727,22.420000076293945,5636100.0,False,False,False,0.0952197829549065,0.2247494877033736,0.442945240345408,0.5073979066308835,0.913938410334146,0.2160591337306623,0.8367742107760522,False,False,0.4082519232690837,1.3904684120732715,0.022870658901692,0.9927448946884826,0.1621864197459124,1.0418146194843068,0.0,0.0,1.8282001541623845,92.0,98.0,98.0,60.0,60.0,70.0,70.0,94.0,94.0,90.0,87.0,57.692307692307686,WRBY
2026-01-06,13.18000030517578,13.729999542236328,12.479999542236328,13.56999969482422,21787300.0,-0.032305402649072,12.577744516449862,12.792676276574268,13.357200050354004,13.404666709899905,13.475200023651125,12.290100021362305,8.097000014781951,10.470000267028809,16.75,10.470000267028809,17.049999237060547,8.600000381469727,17.049999237060547,4.639999866485596,17.049999237060547,3.400000095367432,17.049999237060547,2.059999942779541,17.049999237060547,34695620.0,38538638.0,43392344.30379747,349814140.0655889,-1,False,145,145,2519607036.035061,145,0.0851162539847798,0.9535715920584542,0.0723498915006843,-0.3027909107763716,-0.4614227018167385,4.577634602220416,4.246776157600799,13.699999809265137,12.920000076293944,26431600.0,False,False,True,0.094840665482316,0.1972685407886061,0.4264036233255708,0.4626333595622057,0.488080819047108,-0.0219068895420638,0.7730205803486029,False,False,-0.127152319721138,0.8618252941290566,0.1010860493863061,1.0686566719145898,1.7344397999539587,2.451224099068894,0.0,0.0,0.7995792934599208,27.0,13.0,13.0,76.0,76.0,98.0,98.0,79.0,69.0,85.0,97.0,46.15384615384615,WULF
2026-01-06,15.149999618530272,19.5,15.119999885559082,19.049999237060547,15042400.0,0.0099999745686849,16.236449445173722,15.480970511064756,15.199199886322022,13.911666584014892,11.36619999885559,9.66689999103546,8.442349998950958,6.670000076293945,21.729999542236328,6.510000228881836,21.729999542236328,6.510000228881836,21.729999542236328,6.510000228881836,21.729999542236328,6.25,21.729999542236328,5.28000020980835,21.729999542236328,8471970.0,7662984.0,2868686.075949367,265875081.05267048,1,False,29,29,2727095995.4063416,29,0.1239881941078346,1.4035711969648088,0.0926449658287827,3.593279586351838,0.1068699748574523,-0.4996345667183011,0.1432539958990757,16.0,14.460000038146973,4949500.0,False,False,True,0.289108925724569,0.3326732731853339,0.5947194390808569,0.5593785091327818,0.5100088947073359,0.3328992644908286,0.6971928181168807,False,False,0.9881889561759112,1.963081956513899,1.0983379582796533,2.0365373444673103,1.1798561200438606,1.954080632546489,0.0,0.0,2.9532579639953367,97.0,99.0,99.0,98.0,98.0,95.0,95.0,99.0,98.0,96.0,94.0,30.76923076923077,WVE
2026-01-06,1.149999976158142,1.3200000524520874,1.059999942779541,1.100000023841858,1766900.0,0.0267856886268271,1.2974169528596755,1.242981022709033,1.1538399982452392,1.0516666640837988,0.9484199959039687,0.9212099972367288,1.0808099983632564,0.4699999988079071,2.559999942779541,0.4699999988079071,2.559999942779541,0.4699999988079071,2.559999942779541,0.4699999988079071,2.559999942779541,0.4699999988079071,2.559999942779541,0.4699999988079071,5.9679999351501465,16653015.0,13350202.0,3858303.0843881858,49634696.98190063,1,False,25,25,365122814.5086765,25,0.2493439783483162,0.3952142851693289,0.3436646029242883,0.6184603956476064,0.0759081149531755,-6.733737414369951,-8.218866359313079,1.190000057220459,1.0,2089500.0,False,True,True,0.226087056576419,0.7086957166235491,1.7043477909326097,0.4158163729221926,0.2313695328355331,0.2125429462946328,0.1926943680721085,False,False,0.8821603493710148,1.8583922869297056,-0.1153846012770066,0.8585615524332598,0.3310184563984102,1.1931601188236791,0.0,0.0,4.316150036886146,98.0,99.0,99.0,30.0,30.0,82.0,82.0,99.0,98.0,97.0,95.0,46.15384615384615,YCBD
2026-01-06,23.799999237060547,23.940000534057617,22.450000762939453,23.124000549316406,19659600.0,0.0982925312998375,20.69904564435388,19.826652689672947,19.19879997253418,18.972333335876463,18.72020000457764,19.131100025177,16.68200002193451,15.859999656677246,23.940000534057617,15.859999656677246,23.940000534057617,15.859999656677246,23.940000534057617,14.550000190734863,23.940000534057617,12.100000381469728,23.940000534057617,10.6899995803833,26.600000381469727,6586005.0,7057956.0,7310764.556962025,138855189.09876823,1,False,153,153,958199997.3178864,153,0.0474854167112741,1.0642855507986886,0.0447178817191481,6.068129504988248,2.001341800767804,-1.661234084753656,-4.858369381079024,21.88500022888184,20.290000915527344,13575200.0,False,False,False,0.0626050344068073,0.2516806707199696,0.2815126461225444,0.8940297147802421,1.2667165961363318,0.2713538974605372,0.8947368005919377,False,False,0.2830188795647583,1.2668168206631008,0.1911911802975272,1.156108010868237,0.5866666158040366,1.4223298848679813,0.0,0.0,0.9008640544617404,40.0,96.0,96.0,85.0,85.0,89.0,89.0,93.0,88.0,84.0,84.0,100.0,ZETA
2026-01-06,21.57210731506348,21.71721265696436,20.21780493635345,20.22747874881957,6071800.0,0.0659655671353021,20.473892224185956,19.81280754171916,19.65518859863281,19.400386174519856,17.60283954620361,15.59073263168335,15.291845455169678,15.913057222530943,21.71721265696436,11.92753687513607,21.71721265696436,11.92753687513607,21.71721265696436,11.92753687513607,21.71721265696436,11.92753687513607,21.71721265696436,10.222121494388828,21.71721265696436,5290095.0,5046542.0,5660606.751054852,84222912.95677185,1,False,148,148,403865736.4902496,148,0.0449047323482447,1.0043951737205372,0.0465599006648359,4.843012859822987,1.3291135305928294,-1.5239996011570227,-2.7660385660929,21.141632326011056,19.44488477409093,7656300.0,False,False,False,0.0695067801541992,0.1412556800274061,0.1743498749187,0.8101851526608448,0.9141190145648248,0.2254901976718815,0.9933184177825718,False,False,0.0931372515854602,1.0793330321621326,0.6277372546412112,1.5797968544472791,0.3506965762639198,1.2108001055001147,0.0,0.0,0.9345455765875614,44.0,83.0,83.0,97.0,97.0,83.0,83.0,87.0,95.0,92.0,88.0,100.0,ZIM
