date,close,high,low,open,volume,price_chg_pct0,ema10,ema20,sma25,sma30,sma50,sma100,sma200,min30,max30,min60,max60,min90,max90,min120,max120,min150,max150,min252,max252,vol_sma40,vol_sma50,vol_sma252,avg_dollar_vol,adr_pct,atr14,atr_pct,atr_multi_50sma,vars_norm_change,vars,vars_20ema,previous_session_high,previous_session_low,previous_session_volume,inside_day,tight_day,close_to_ma,perf_1mo,rela_perf_1mo,perf_3mo,rela_perf_3mo,perf_6mo,rela_perf_6mo,vol_ratio,vol_ratio_rank,perf_1mo_rank,rela_perf_1mo_rank,perf_3mo_rank,rela_perf_3mo_rank,perf_6mo_rank,rela_perf_6mo_rank,c0_c30_rank,c0_c60_rank,c0_c90_rank,c0_c120_rank,rs_sts_pct,ticker
2026-04-20,163.47000122070312,163.58999633789062,151.64999389648438,159.99000549316406,6711400.0,0.0254046110793817,144.5742853792528,129.00355013048647,116.25040069580078,115.57933400472004,94.62980041503906,64.48980024337769,45.70860014915466,78.57499694824219,163.58999633789062,34.540000915527344,163.58999633789062,26.799999237060547,163.58999633789062,18.5,163.58999633789062,18.5,163.58999633789062,9.711000442504885,163.58999633789062,12881682.5,11156968.0,6238909.126984127,1550361600.3034973,0.1320374611616839,14.8643559047154,0.090930175528945,8.000298198460726,0.2724640796896578,17.13070641292175,17.320376540175747,161.47000122070312,152.5,8713100.0,False,True,False,0.6039050643400805,1.4905013743783164,3.4133368569161053,4.308341135068306,4.249518446523921,4.895025791627343,2.064733150910145,93.0,97.0,97.0,99.0,99.0,99.0,99.0,98.0,99.0,99.0,99.0,100.0,AAOI
2026-04-20,27.84000015258789,27.8700008392334,26.809999465942383,26.809999465942383,3457700.0,0.0311111167625144,26.471346079081727,25.43387951245301,24.695999908447263,24.626999855041504,22.328399982452392,18.310499954223637,20.17629999637604,21.61000061035156,27.989999771118164,12.90999984741211,27.989999771118164,11.43000030517578,27.989999771118164,11.43000030517578,27.989999771118164,11.43000030517578,27.989999771118164,11.43000030517578,28.479999542236328,3436200.0,3551906.0,2926832.53968254,73528174.07355309,0.0483207877428197,1.1428574153355189,0.0410509126821712,6.013084187635832,0.7349999582767587,5.859661909913195,4.9708544548451785,27.8700008392334,26.76000022888184,3549600.0,False,False,False,0.2125436090028187,1.1268110288410054,1.3835615946217996,2.326855347555292,0.1253031693673947,1.0493130167207785,1.1740336877533517,64.0,85.0,85.0,99.0,99.0,65.0,65.0,74.0,97.0,97.0,95.0,96.15384615384616,ACHC
2026-04-20,131.02000427246094,132.1999969482422,120.63999938964844,121.5,1314700.0,0.1035121752551491,114.4659222987569,106.6190779788148,100.2252001953125,97.67000020345051,92.85800048828123,90.1893002319336,85.94440013885497,79.5,132.1999969482422,75.30999755859375,132.1999969482422,75.30999755859375,132.1999969482422,73.5999984741211,132.1999969482422,73.5999984741211,132.1999969482422,43.0,132.1999969482422,727035.0,859812.0,640626.9841269841,73754545.72731018,0.0546107661148924,5.750712258475168,0.0438918643790939,9.363275755916757,2.1371267354604355,7.939450192214153,6.590794533686009,121.83999633789062,117.54000091552734,449900.0,False,False,False,0.5039026646220031,1.3975696182944537,0.4070017225946658,1.3735283743562643,0.5668500355056061,1.4610428391752504,1.1348803875171891,61.0,96.0,96.0,93.0,93.0,91.0,91.0,94.0,92.0,90.0,87.0,100.0,ACLS
2026-04-20,17.6299991607666,17.790000915527344,16.799999237060547,16.899999618530273,2703800.0,0.0395047236121226,15.625668711935395,14.345805058086222,13.469999885559082,12.890333207448323,11.783399906158447,10.308399949073792,9.720099956989287,9.25,17.790000915527344,9.15999984741211,17.790000915527344,8.229999542236328,17.790000915527344,7.110000133514404,17.790000915527344,7.110000133514404,17.790000915527344,7.059999942779541,17.790000915527344,2025965.0,1852662.0,1437050.0,35025864.8088789,0.0502232725102831,0.7092860766819545,0.0402317703032217,12.33285333261869,0.9446119109347396,15.766693813694856,13.292781783093233,17.170000076293945,16.299999237060547,3689000.0,False,False,False,0.4815125820099832,1.3767626206437602,0.9059458552180112,1.86060235043708,0.8735387297179515,1.7470212738570117,1.4098082878118368,79.0,96.0,96.0,98.0,98.0,95.0,95.0,97.0,95.0,95.0,95.0,100.0,ADTN
2026-04-20,90.1500015258789,92.1999969482422,82.55000305175781,84.33999633789062,3963800.0,0.0750059726895699,72.98696179726501,61.93272167165851,51.82880012512207,49.81100012461344,43.67559997558594,34.068999977111815,28.593649983406067,29.1299991607666,92.1999969482422,22.65999984741211,92.1999969482422,19.899999618530277,92.1999969482422,18.700000762939453,92.1999969482422,18.700000762939453,92.1999969482422,7.710000038146973,92.1999969482422,2943020.0,2671562.0,1557723.015873016,248797434.3997288,0.1211065273062121,8.27857003893171,0.0918310582230575,11.587382344889592,0.7597931630640674,12.09437409666413,10.501417928694377,85.01000213623047,79.12000274658203,3903600.0,False,False,False,1.3874471804324608,2.218643349165024,2.129121943665752,3.0546784040319905,2.3751405696709997,3.1472220370703403,1.8893089272039827,91.0,99.0,99.0,99.0,99.0,99.0,99.0,99.0,99.0,99.0,99.0,100.0,AEHR
2026-04-20,67.05999755859375,67.1500015258789,64.18000030517578,64.3499984741211,5793700.0,0.0396898846293605,57.30407704252794,53.38171721322316,49.33759979248047,49.26899998982747,50.09639999389648,60.75340007781983,67.79620008468628,42.095001220703125,67.1500015258789,42.095001220703125,72.97000122070312,42.095001220703125,84.6500015258789,42.095001220703125,84.6500015258789,42.095001220703125,92.55999755859376,39.41999816894531,100.0,5739772.5,6465610.0,6508919.444444444,258752876.97393417,0.0543304594041529,3.4305003029959544,0.0511556878599428,6.619383061560527,0.7462461251958004,-2.5182016071544218,-4.1803395146846665,66.0,62.33000183105469,8918000.0,False,False,False,0.5093404703574069,1.4026229453911898,-0.1029963129696743,0.8756634737918334,-0.0291009431752045,0.9053355984244712,0.8818318538108605,33.0,97.0,97.0,30.0,30.0,40.0,40.0,92.0,89.0,85.0,80.0,100.0,AFRM
2026-04-20,0.6880000233650208,0.7429999709129333,0.6079999804496765,0.6389999985694885,10355900.0,-0.0028985134169623,0.4721899332417303,0.398466604038462,0.3418400013446808,0.3350333333015441,0.3240199995040893,0.3429299995303154,0.7279699996113778,0.2649999856948852,0.9589999914169312,0.2509999871253967,0.9589999914169312,0.2509999871253967,0.9589999914169312,0.2509999871253967,0.9589999914169312,0.2509999871253967,1.649999976158142,0.2509999871253967,3.7899999618530273,18592470.0,19452254.0,4627464.682539683,17357837.998749316,0.1907109086871981,0.1067857103688376,0.1552117830556847,7.237374469121749,-0.0187288565472435,-0.8459271696657686,-3.869590874429956,0.7379999756813049,0.5600000023841858,48135400.0,False,False,False,1.3724139419378805,2.204673031883964,0.9271709698327028,1.8813225078498803,-0.0740241584132681,0.8634459852202812,4.017852382569872,98.0,99.0,99.0,98.0,98.0,36.0,36.0,99.0,98.0,97.0,97.0,96.15384615384616,AGAE
2026-04-20,4.619999885559082,4.650000095367432,3.496999979019165,3.509999990463257,418100.0,0.3124999746002932,3.762261387266779,3.355590538043591,2.8304000186920164,2.6606666843096414,2.469600012302399,4.058700011968613,7.922575020194054,1.0299999713897705,6.460000038146973,1.0299999713897705,6.460000038146973,1.0299999713897705,9.0,1.0299999713897705,10.097000122070312,1.0299999713897705,32.099998474121094,1.0299999713897705,32.099998474121094,2887447.5,2318358.0,519139.0396825397,21212296.950844526,0.3062792570983041,1.0514999968664986,0.2275974075569166,3.8258267218747513,1.0461244963486456,-5.90770153279824,-4.380681793519436,3.75,3.430999994277954,73500.0,False,False,False,2.208333126372769,2.981488768033559,-0.2814930001712312,0.7014133213841931,-0.5800000104037197,0.3916379764163648,5.561992605614311,99.0,99.0,99.0,13.0,13.0,8.0,8.0,99.0,99.0,99.0,99.0,88.46153846153845,AGPU
2026-04-20,12.609272003173828,12.787704450959229,12.351535089806273,12.549793890330342,1106300.0,0.0200481132499064,13.378855066936543,13.35358571783084,13.813100814819336,13.227840264638266,11.521028537750244,9.815307250022888,9.075900356769562,9.734516038423935,15.751677257200384,8.287225586788692,15.751677257200384,6.830022510390342,15.751677257200384,6.830022510390342,15.751677257200384,6.830022510390342,15.751677257200384,6.830022510390342,15.751677257200384,1865365.0,1569772.0,854122.619047619,25947746.78071022,0.0585330262527048,0.8192345146032606,0.0649708019937276,1.4538399142337808,0.3025064383792193,8.774345147182538,12.65906746348753,12.559707088837389,11.687367419621362,2391500.0,False,True,False,-0.1293634534779519,0.8090784161898199,0.5550121455737633,1.518017547608563,0.6714848125531079,1.5586117757484432,2.183954573267193,94.0,7.0,7.0,96.0,96.0,93.0,93.0,75.0,86.0,92.0,89.0,15.384615384615383,AGRO
2026-04-20,12.670000076293944,12.859999656677246,12.539999961853027,12.600000381469728,1037400.0,0.0007899075041364,12.39504214558788,11.942337498509252,11.61959991455078,11.331833267211914,10.766799964904784,10.42709997177124,9.84717495918274,9.100000381469728,12.869999885559082,8.505000114440918,12.869999885559082,8.505000114440918,12.869999885559082,8.505000114440918,12.869999885559082,8.505000114440918,12.869999885559082,7.105000019073486,12.869999885559082,1596487.5,1470830.0,1218942.857142857,16044581.08063221,0.0405436297196155,0.4275000435965402,0.0337411239954456,5.2388777491645975,0.0233923458760481,1.5816576009765813,4.78082153099832,12.845000267028809,12.5600004196167,1348400.0,False,True,False,0.2569444615269045,1.1680725306481266,0.1941565020051878,1.165746859144867,0.3877327401402559,1.2940210848045228,1.3097312073693834,75.0,89.0,89.0,83.0,83.0,86.0,86.0,84.0,84.0,79.0,74.0,53.84615384615385,AHCO
2026-04-20,1.830000042915344,2.0,1.7300000190734863,1.7300000190734863,1382000.0,0.0397727572905624,1.7487763874164113,1.786809087745976,1.948000011444092,1.9493333419164025,1.5108000028133393,1.366300001144409,1.967700003385544,1.4500000476837158,3.150000095367432,0.6200000047683716,3.150000095367432,0.6200000047683716,3.150000095367432,0.6200000047683716,3.150000095367432,0.6200000047683716,3.150000095367432,0.6200000047683716,4.510000228881836,15982947.5,12801354.0,3418916.6666666665,21507173.13148737,0.1568786317757489,0.2014285581452506,0.1100702477713377,1.919490717252236,0.3475180138141593,-7.547898886756833,-5.41766382960188,1.7799999713897705,1.6799999475479126,821800.0,False,False,True,-0.1605504647357606,0.7800964744427618,0.776699120142829,1.7344304665879997,-0.3041825234656451,0.6488298933697632,4.674857289102299,98.0,5.0,5.0,97.0,97.0,20.0,20.0,70.0,98.0,98.0,97.0,38.46153846153847,AIFF
2026-04-20,0.8510000109672546,0.8709999918937683,0.8199999928474426,0.8420000076293945,10381700.0,-0.0229620908296781,0.9428142521044214,0.7797840325237394,0.5774799996614456,0.5154333333174388,0.4048999992012977,0.4293799982964992,0.9538149981945752,0.0810000002384185,2.7100000381469727,0.0810000002384185,2.7100000381469727,0.0810000002384185,2.7100000381469727,0.0810000002384185,2.7100000381469727,0.0810000002384185,2.7100000381469727,0.0810000002384185,4.019999980926514,76898067.5,62027200.0,12504193.650793651,150043949.46801466,0.5221121854953705,0.4372857101261616,0.5138492414696194,2.1441182777047505,-0.0457366441742252,-7.213419090111257,-6.432756392670731,0.949999988079071,0.7609999775886536,19512300.0,True,True,True,5.1666669006221015,5.73065432304267,1.337912165512932,2.2822919435826465,-0.3955965798448247,0.5635889006479137,6.149782196880741,99.0,99.0,99.0,99.0,99.0,15.0,15.0,99.0,99.0,99.0,99.0,61.53846153846154,AIXI
2026-04-20,175.8000030517578,176.97000122070312,168.1999969482422,174.39500427246094,4180500.0,0.0100545818403667,158.2515559741002,144.98070293377998,132.8024008178711,130.792333984375,131.8188005065918,147.16305046081544,158.18125011444093,97.88999938964844,176.97000122070312,97.88999938964844,192.8600006103516,97.88999938964844,192.8600006103516,97.88999938964844,201.8600006103516,97.88999938964844,262.8999938964844,52.56499862670898,262.8999938964844,4864955.0,5426896.0,5389200.793650794,684230397.5704575,0.0750495988613841,10.89335686819894,0.0619644862292282,5.384518720155027,0.1606483677321532,0.877096330662531,0.5285269820265428,175.0500030517578,167.24000549316406,5165900.0,False,True,False,0.3934685950279282,1.2949437608370586,-0.0340659172980339,0.9429539772718192,0.074900640607896,1.0023141003907752,0.9027229057287258,35.0,95.0,95.0,40.0,40.0,59.0,59.0,96.0,94.0,91.0,87.0,100.0,ALAB
2026-04-20,194.8300018310547,199.4600067138672,193.5,196.0,2216300.0,-0.0147661095774731,189.7326498225881,183.38513905565944,177.86719970703126,175.70830891927082,173.98853424072266,162.61768836975097,123.89682552337646,154.69000244140625,215.7100067138672,154.69000244140625,215.7100067138672,125.85741795246166,215.7100067138672,87.52833272756405,215.7100067138672,77.07585429400564,215.7100067138672,49.972754025622365,215.7100067138672,2195037.5,2249956.0,3485821.8253968256,396736963.7841034,0.0551518544602736,10.7721437726702,0.0552899639246073,2.166513309374948,-0.271069364702835,7.636405616674782,11.93824479216295,208.0500030517578,195.32000732421875,4160700.0,False,True,True,0.1933725859760264,1.1089954880057198,0.1979431603726009,1.169443430817888,1.055852048738735,1.917023228865829,0.6297044455937209,17.0,83.0,83.0,84.0,84.0,97.0,97.0,70.0,62.0,83.0,94.0,76.92307692307693,ALB
2026-04-20,40.650001525878906,40.68999862670898,39.75,40.04999923706055,1690700.0,0.0162500381469725,37.64289050778143,35.96984278620102,33.94000030517578,33.663000170389815,35.53040019989014,32.817650127410886,31.692824993133545,27.649999618530277,40.68999862670898,27.649999618530277,43.86000061035156,25.31999969482422,43.86000061035156,22.40999984741211,43.86000061035156,22.40999984741211,43.86000061035156,16.3799991607666,43.86000061035156,1776717.5,2063748.0,2199199.603174603,57409236.19196892,0.0476255869001138,1.8352142061506,0.0451467192438419,3.1916102230390995,0.3541829197379079,6.806137603959476,7.473360473182925,40.61000061035156,38.900001525878906,1568800.0,False,False,False,0.3151084350225988,1.2221240355420937,0.2188906562446311,1.1898925741912776,0.3859530048284598,1.2923615325346798,0.8078927885560097,26.0,92.0,92.0,85.0,85.0,85.0,85.0,88.0,83.0,85.0,88.0,100.0,ALGM
2026-04-20,26.31999969482422,26.34000015258789,24.81999969482422,25.09000015258789,1372500.0,0.0448590367927468,24.3441442575496,23.204637253475354,21.861999893188475,21.658666610717773,22.197799949646,22.08369998931885,22.948257532986727,18.63999938964844,26.34000015258789,18.63999938964844,26.34000015258789,18.63999938964844,26.34000015258789,18.63999938964844,27.479999542236328,18.63999938964844,27.479999542236328,18.63999938964844,27.479999542236328,1073687.5,956850.0,1168175.7575757576,27956515.031309128,0.0435499753550188,1.0800001961844308,0.0410334425800472,4.525651881944004,1.0462953291664334,-0.8931069431897383,-1.728786695895996,25.3700008392334,24.6200008392334,1960900.0,False,False,False,0.351129379533992,1.2555981285506637,0.1797400414555523,1.1516733741556686,0.0448590367927468,0.974301164157666,0.9191146906079928,36.0,93.0,93.0,82.0,82.0,55.0,55.0,85.0,80.0,74.0,68.0,100.0,ALH
2026-04-20,23.3700008392334,23.959999084472656,22.799999237060547,23.040000915527344,5141800.0,-0.0021348948291062,20.744295095733957,19.200491496053665,17.74260005950928,18.25233341852824,17.428600025177,13.199300026893615,9.42300001502037,13.520000457763672,24.40999984741211,10.5600004196167,24.40999984741211,6.400000095367432,24.40999984741211,5.434999942779541,24.40999984741211,4.510000228881836,24.40999984741211,3.1600000858306885,24.40999984741211,6255897.5,5697192.0,2596749.0912698414,113747553.90808104,0.0948390128204161,1.6672140530177526,0.0713399226849339,4.778523364394834,-0.0299896926672645,15.524294783713032,15.31464754628857,24.40999984741211,22.700000762939453,6921400.0,True,True,False,0.3603027022178089,1.2641228538426,1.6955018031814224,2.631374326230832,1.746180988329313,2.5607352185322774,2.409126673436436,95.0,94.0,94.0,99.0,99.0,98.0,98.0,95.0,97.0,99.0,98.0,96.15384615384616,ALM
2026-04-20,24.709999084472656,25.09000015258789,24.489999771118164,24.770000457763672,821300.0,-0.0112045093721495,23.934276655496674,23.976067916273514,23.84759979248047,24.24366652170817,25.65029987335205,20.88789996147156,12.662124983072282,19.86000061035156,28.440000534057617,19.86000061035156,30.600000381469727,7.849999904632568,30.600000381469727,4.385000228881836,30.600000381469727,3.759999990463257,30.600000381469727,2.759999990463257,30.600000381469727,1499310.0,1471728.0,1406901.1904761903,36818226.66185379,0.076845585485795,1.5005713871547155,0.0607272943242498,-0.6036572514239957,-0.1865960453747066,4.883525349373716,12.842638628554692,25.90999984741211,24.88500022888184,1179200.0,False,True,True,-0.0263987430436821,0.90476303358199,0.0356244112480166,1.01098633440333,4.360086414061586,4.998127258616772,1.0656825156943197,53.0,18.0,18.0,61.0,61.0,99.0,99.0,68.0,59.0,98.0,99.0,42.30769230769231,ALMS
2026-04-20,1.830000042915344,1.909999966621399,1.7400000095367432,1.8600000143051147,37594600.0,-0.0161290167521737,1.5585716922709754,1.39645659804581,1.2300000023841855,1.2096666713555655,1.2136000025272369,1.4984999972581865,2.170899995863438,0.9300000071525574,1.940000057220459,0.9300000071525574,1.940000057220459,0.9300000071525574,2.3299999237060547,0.9300000071525574,2.75,0.9300000071525574,3.180000066757202,0.9300000071525574,4.079999923706055,31004977.5,32913644.0,21997644.444444444,47478598.39287609,0.0934819927462771,0.1421428407941545,0.0776736816725474,6.539028029299364,-0.211055099378626,-8.882721308771895,-10.575044731520352,1.940000057220459,1.6399999856948853,88218200.0,True,True,False,0.776699120142829,1.651078071456312,0.1366459792891261,1.1096045435342643,-0.3345454389398749,0.6205173432055148,1.409468071833954,79.0,98.0,98.0,78.0,78.0,19.0,19.0,97.0,95.0,93.0,91.0,96.15384615384616,AMC
2026-04-20,274.95001220703125,287.6099853515625,272.0,280.6000061035156,34833900.0,-0.0123567738079629,255.3269040071712,238.9949494766156,224.2816015625,220.29700113932293,213.7838006591797,217.6936001586914,203.1345000457764,189.0200042724609,287.6099853515625,188.22000122070312,287.6099853515625,188.22000122070312,287.6099853515625,188.22000122070312,287.6099853515625,149.85000610351562,287.6099853515625,83.75,287.6099853515625,35385117.5,35145442.0,47094802.38095238,8229048068.865051,0.0441338556405166,10.5557131086077,0.0383913898525652,7.452516631460942,-0.3258901038719104,3.394505205322077,2.08004069571614,281.04998779296875,274.1400146484375,35519900.0,False,False,False,0.3394553830772175,1.2447495389737806,0.1859984041556455,1.1577828469498732,0.1721948118555381,1.0930381320298257,0.7513592946790155,22.0,93.0,93.0,83.0,83.0,70.0,70.0,88.0,83.0,77.0,72.0,92.3076923076923,AMD
2026-04-20,69.44000244140625,69.69000244140625,67.0,67.69999694824219,3991600.0,0.0307258365805727,60.41713955275949,55.564242054244765,51.54040008544922,50.11997680664062,49.3881713104248,47.1030676651001,37.05032470703125,40.14307821382048,69.69000244140625,40.14307821382048,69.69000244140625,38.59603986011181,69.69000244140625,29.38273554124754,69.69000244140625,25.418555178874875,69.69000244140625,15.06086758380797,69.69000244140625,3673312.5,4283166.0,3057669.047619048,187750605.4288673,0.0642825289950788,3.624286379132952,0.0521930623805945,7.778902232075433,0.5711468350686544,10.556271589489285,10.782955404396512,69.37000274658203,63.060001373291016,6153000.0,False,False,False,0.4427592125570985,1.340749298087739,0.4494389054535743,1.4149559531917513,1.2132423733039146,2.0637852044541445,1.2013440443661956,67.0,96.0,96.0,94.0,94.0,97.0,97.0,95.0,92.0,91.0,95.0,100.0,AMKR
2026-04-20,17.56999969482422,18.19499969482422,17.5,18.15999984741211,770400.0,-0.0430283708749951,16.96116788516861,16.123633316176342,15.247200050354005,15.1256667137146,14.829600067138673,14.176550035476684,12.664500005245207,12.68000030517578,18.604999542236328,12.68000030517578,18.604999542236328,10.829999923706056,18.604999542236328,10.829999923706056,18.604999542236328,10.829999923706056,18.604999542236328,3.799999952316284,18.604999542236328,1136177.5,1039006.0,1457237.3015873015,19836439.07304764,0.0563563810839893,0.9342856407165528,0.0531750516189123,3.4751738915027843,-0.8455667957408085,0.5347269228223386,4.078223789642277,18.604999542236328,17.75,1592300.0,False,False,False,0.2505337691319453,1.1621151045897864,0.2286712909422215,1.1994405221863802,0.1582069615332919,1.0799948617195447,0.7796791221048309,24.0,88.0,88.0,86.0,86.0,69.0,69.0,84.0,77.0,86.0,81.0,84.61538461538461,AMLX
2026-04-20,19.61000061035156,20.190000534057617,18.309999465942383,18.46999931335449,10725300.0,0.0503481805150698,18.206033912929072,17.551973257940773,17.66280002593994,17.737333393096925,15.210400066375731,12.870999989509585,11.25080001115799,14.5,20.190000534057617,9.229999542236328,20.190000534057617,7.710000038146973,20.190000534057617,7.710000038146973,20.190000534057617,7.710000038146973,20.190000534057617,1.9700000286102293,20.190000534057617,9193780.0,8520044.0,7609192.46031746,133517633.72145651,0.0937672621491232,1.6317143440246582,0.0832082760447912,3.4762106504964576,0.5760815534286999,5.007282343156277,6.723179655053994,19.270000457763672,18.46999931335449,5238200.0,False,False,False,0.0261643110429394,0.9536096306153788,0.7827273282137783,1.74031526025883,0.5344288748112893,1.4308110342183094,1.2082464792349896,67.0,38.0,38.0,97.0,97.0,91.0,91.0,81.0,96.0,97.0,96.0,76.92307692307693,AMPX
2026-04-20,40.72999954223633,40.84000015258789,38.810001373291016,39.369998931884766,692300.0,0.0254279529328604,37.595651346988994,35.69000631517818,33.97920028686524,33.304666964213055,33.006600074768066,32.032999992370605,41.42969990730285,26.459999084472656,40.84000015258789,24.8700008392334,40.84000015258789,24.8700008392334,40.84000015258789,24.8700008392334,64.72000122070312,24.8700008392334,70.48999786376953,17.139999389648438,70.48999786376953,915205.0,1086974.0,1076286.111111111,35929782.99581528,0.0657134632599263,2.2778568267822266,0.0559257758994111,4.184038659993066,0.4433985093610817,-0.2241972838936368,-0.2875438990261925,40.75,38.130001068115234,1058400.0,False,False,False,0.3280078070074135,1.2341113607893606,0.2652998223007519,1.2351976405495062,-0.3540047575719018,0.6023720852048803,0.8503361611302241,29.0,93.0,93.0,88.0,88.0,17.0,17.0,91.0,90.0,87.0,82.0,100.0,AMSC
2026-04-20,50.95000076293945,51.43000030517578,44.0,44.880001068115234,1118100.0,0.1320544915728023,45.54414409826862,43.79372679034902,42.90853317260742,42.75666669209798,40.16433319091797,35.524466590881346,26.86633331775665,36.1533317565918,51.43000030517578,29.833332061767575,51.43000030517578,28.0,51.43000030517578,20.18000030517578,51.43000030517578,11.404000282287598,51.43000030517578,11.404000282287598,51.43000030517578,907252.5,884946.0,834542.2619047619,38631843.63123894,0.071754445664151,2.910477774483817,0.0571241949146519,4.7009580653828005,2.042047090764406,5.982997843251152,8.931767945209376,45.81999969482422,43.79333114624024,936000.0,False,False,False,0.1808559904656146,1.0973638751218973,0.6730517125521183,1.6332488880809188,1.2216570962395763,2.0716316928928578,1.087125890939644,56.0,81.0,81.0,97.0,97.0,97.0,97.0,85.0,92.0,91.0,96.0,100.0,ANAB
2026-04-20,90.91999816894533,93.12999725341795,89.26000213623047,92.33999633789062,483300.0,-0.0138828505603467,88.02928158001667,84.34182459876669,80.88519897460938,79.7509994506836,75.38769943237304,75.0771495437622,59.73069984436035,65.22000122070312,95.31500244140624,60.34999847412109,95.31500244140624,60.34999847412109,95.31500244140624,52.34000015258789,95.31500244140624,35.38999938964844,95.31500244140624,31.600000381469727,95.31500244140624,1019337.5,997436.0,852501.9841269841,93390511.41166689,0.0518042198911472,3.5017858232770647,0.0385150230290384,5.349400113767038,-0.3655274319715584,1.4465173250826977,6.0048388812470455,95.31500244140624,91.2300033569336,1229300.0,False,False,False,0.3272992433422672,1.233452895933668,0.1256654939671861,1.0988852900239885,0.702621639905447,1.5876459766016802,1.1957010294162145,66.0,92.0,92.0,77.0,77.0,94.0,94.0,84.0,85.0,80.0,86.0,80.76923076923077,APGE
2026-04-20,175.10000610351562,175.31500244140625,164.10000610351562,167.4149932861328,8564000.0,0.0502009871676261,159.97411103789554,152.15200547176983,147.2950018310547,142.3841682434082,135.4149008178711,127.11965034484864,138.72572521209716,111.26000213623048,175.31500244140625,100.0199966430664,175.31500244140625,100.0199966430664,175.31500244140625,100.0199966430664,183.16000366210935,100.0199966430664,183.16000366210935,95.31999969482422,183.16000366210935,6485490.0,6423872.0,5361956.349206349,1321046384.8394012,0.0589766689704325,8.853924342564174,0.050564957361166,5.795773909488116,0.9453446914763828,-2.0340712801605934,-2.5426495322612466,168.35000610351562,162.72799682617188,5092600.0,False,False,False,0.3487906041032058,1.253424715627759,0.6553224439797023,1.6159414086018682,0.0228401402321825,0.9537691729540712,1.2095380077012283,67.0,93.0,93.0,97.0,97.0,50.0,50.0,92.0,93.0,90.0,86.0,100.0,ARM
2026-04-20,7.599999904632568,7.699999809265137,7.360000133514404,7.610000133514404,6931600.0,-0.0193548510151524,7.185107779846847,7.038868392723835,6.573999996185303,6.744666671752929,7.742199993133545,7.339599995613098,5.874099999666214,5.159999847412109,8.529999732971191,5.159999847412109,11.989999771118164,5.159999847412109,11.989999771118164,4.050000190734863,11.989999771118164,4.050000190734863,11.989999771118164,1.850000023841858,11.989999771118164,5268332.5,5194508.0,5533613.095238095,31577987.37770319,0.0653044839683283,0.4535714217594692,0.0596804509804,-0.3077537721438735,-0.3307088766429762,6.7701624944471455,8.89874606532147,8.0600004196167,7.429999828338623,6429100.0,False,True,False,0.3427562030955662,1.2478169753721735,0.0795454468485736,1.0538624643040293,0.1728394880034613,1.093639274097137,0.9520601475613862,40.0,93.0,93.0,70.0,70.0,70.0,70.0,88.0,83.0,78.0,89.0,92.3076923076923,ASM
2026-04-20,5.46999979019165,5.545000076293945,5.119999885559082,5.139999866485596,2707800.0,0.0186219565667937,5.011881856119926,4.895094239196761,4.69079999923706,4.864333327611288,5.094399995803833,5.765799994468689,7.535400004386902,3.920000076293945,6.449999809265137,3.920000076293945,8.600000381469727,3.920000076293945,8.600000381469727,3.920000076293945,11.220000267028809,3.920000076293945,14.489999771118164,3.920000076293945,14.489999771118164,4856362.5,4599624.0,5440071.428571428,22220693.22704315,0.093710482571915,0.4763571194240025,0.0870853999442863,0.8466169394966515,0.209926335841239,-2.772699481896786,-2.534798126838688,5.84499979019165,5.25,7370500.0,False,False,False,0.2517162319082848,1.1632139616434052,-0.2932816599552142,0.689905120328779,-0.5049774030974132,0.461594411746671,0.8927019734509789,34.0,88.0,88.0,12.0,12.0,11.0,11.0,84.0,78.0,72.0,66.0,88.46153846153845,ASPI
2026-04-20,15.619999885559082,15.81999969482422,14.8100004196167,14.869999885559082,4114600.0,0.000640629666994,13.00045408774844,11.801375359207528,11.028600006103517,10.693166637420656,9.84959997177124,13.93160002708435,41.82200012683868,8.229999542236328,15.968999862670898,7.019999980926514,17.899999618530273,7.019999980926514,23.399999618530277,7.019999980926514,36.20000076293945,7.019999980926514,157.8000030517578,7.019999980926514,268.3999938964844,3755015.0,3926644.0,2953035.773809524,41037963.35829735,0.0860999257304144,1.1274284635271346,0.0721785193205704,8.116697329346392,0.0088699453715674,-3.492770288873368,-3.903782107559989,15.968999862670898,14.59000015258789,7712200.0,True,False,False,0.5224171088796743,1.4147750035915343,-0.1761603038076555,0.8042400947132428,-0.1322222285800509,0.8091779495154101,1.2715778905569757,72.0,97.0,97.0,21.0,21.0,31.0,31.0,97.0,97.0,95.0,94.0,100.0,ASST
2026-04-20,3.309999942779541,3.549999952316284,2.950000047683716,2.9600000381469727,118500.0,0.1614035275577587,3.297416154070841,3.267900102683672,3.167599983215332,3.040666651725769,2.945599975585937,3.251699993610382,4.014749993085861,1.919999957084656,6.480000019073486,1.919999957084656,6.480000019073486,1.919999957084656,6.480000019073486,1.919999957084656,6.480000019073486,1.919999957084656,8.010000228881836,1.919999957084656,8.010000228881836,3132985.0,2508534.0,642044.8412698413,29058309.255839583,0.2595732865604383,0.8542856999805996,0.2580923609512879,0.4793242608258986,0.538461592131788,-2.800784483944167,-2.6218157652332814,3.369999885559082,2.809999942779541,164500.0,False,False,True,0.3849371537631179,1.2870155329055262,-0.1078167361872101,0.8709577311055479,-0.1847290666429265,0.7602168249526858,4.879698112367912,98.0,94.0,94.0,29.0,29.0,27.0,27.0,95.0,92.0,89.0,85.0,57.692307692307686,ASTC
2026-04-20,4.900000095367432,5.510000228881836,4.800000190734863,5.025000095367432,47137900.0,0.2158808536638898,4.055648357691267,3.889335938872581,3.718000020980835,3.751666680971781,3.774100012779236,3.874050006866455,4.18487500667572,3.265000104904175,5.510000228881836,3.265000104904175,5.510000228881836,3.265000104904175,5.510000228881836,3.265000104904175,6.230000019073486,3.265000104904175,6.75,1.2899999618530271,6.75,6200680.0,5706538.0,4978791.26984127,26240089.073882103,0.0641227322567508,0.313928553036281,0.0640670503931369,4.656415395789552,2.7713308558413776,0.0178420828558056,-1.2283504112244026,4.300000190734863,4.0,5768500.0,False,False,False,0.3725490719873858,1.2755033472262345,0.3461538335577676,1.3141280902132308,-0.1058394017677606,0.8337791808507746,1.245418750040848,70.0,94.0,94.0,91.0,91.0,33.0,33.0,90.0,85.0,80.0,74.0,100.0,ATAI
2026-04-20,105.19000244140624,109.0,103.5999984741211,108.13999938964844,609300.0,-0.0361920191527582,101.22065522516276,93.79944818222012,85.33239959716796,84.5346076965332,81.46934265136719,67.04081382751465,49.79553879300753,59.29999923706055,110.3209991455078,59.29999923706055,110.3209991455078,40.135919182020494,110.3209991455078,28.8839694841878,110.3209991455078,28.8839694841878,110.3209991455078,21.813206300245096,110.3209991455078,1005360.0,966866.0,660206.25,91498143.52039336,0.0559827052365065,5.835928235735212,0.0554798754661688,5.248039257165205,-0.6768412476450828,17.01168147242197,19.695230580931963,110.3209991455078,107.58000183105467,605000.0,False,False,False,0.5825184370335648,1.470626882987023,0.7604311002177258,1.718549471843717,1.6529820221153928,2.4738298484459533,1.5227968532560847,84.0,97.0,97.0,97.0,97.0,98.0,98.0,96.0,93.0,97.0,98.0,76.92307692307693,AUGO
2026-04-20,37.22999954223633,39.08000183105469,37.06999969482422,38.43000030517578,1174900.0,-0.0329870248769784,35.32279835096376,34.13192694337205,33.220399932861326,32.895666694641115,32.80639991760254,32.30359996795654,24.551249947547912,27.540000915527344,39.9900016784668,27.540000915527344,39.9900016784668,27.540000915527344,39.9900016784668,17.139999389648438,39.9900016784668,15.270000457763672,39.9900016784668,9.220000267028809,39.9900016784668,1081535.0,1009580.0,988123.4126984128,37147035.29305458,0.0546037515116473,2.1807144709995816,0.0585741202743133,2.302032566072453,-0.5823781492959679,2.162622898541465,8.033473097868082,39.9900016784668,38.0,2750300.0,False,False,False,0.1948010181177308,1.110322923224769,0.2001933911293163,1.1716401273418255,1.2240143399804548,2.073829755253491,1.0945343325551762,57.0,83.0,83.0,84.0,84.0,97.0,97.0,81.0,74.0,68.0,93.0,92.3076923076923,AXGN
2026-04-20,78.76000213623047,81.76000213623047,73.0,81.69999694824219,11756700.0,-0.0460270776978448,69.39191201523613,62.52484583295742,59.62440002441407,57.21400006612142,46.93100006103516,31.774900045394897,18.13460001051426,31.549999237060547,83.25,15.850000381469728,83.25,12.25,83.25,5.860000133514404,83.25,3.700000047683716,83.25,1.1399999856948853,83.25,12105350.0,11141070.0,4158178.5714285714,832708754.3243027,0.1849971347962005,10.320000512259346,0.1310309831430544,5.175939771843576,-0.3682165924167529,13.362897964654216,16.45015411919195,83.25,75.30000305175781,10301000.0,False,False,False,0.3558271979574394,1.259963788945663,2.5654142866542067,3.480591111163519,14.97566021878992,14.896846178535515,2.911214559946405,96.0,94.0,94.0,99.0,99.0,99.0,99.0,99.0,99.0,99.0,99.0,92.3076923076923,AXTI
2026-04-20,26.399999618530277,26.520000457763672,24.700000762939453,24.700000762939453,810500.0,0.0543130452587001,24.091323165280237,23.453365480579677,22.204799880981444,22.22299995422363,24.45719997406006,30.4179998588562,30.684799880981444,19.8700008392334,26.520000457763672,19.8700008392334,41.040000915527344,19.8700008392334,41.72999954223633,19.8700008392334,41.72999954223633,19.8700008392334,41.72999954223633,19.8700008392334,41.72999954223633,935612.5,911836.0,770719.0476190476,19903726.629829407,0.0566021621015244,1.317857333592006,0.0499188391149443,1.5913173712340984,1.0319771862528255,-7.515644269563005,-2.540413721224988,25.520000457763672,24.65999984741211,678500.0,False,False,False,0.2796898057435142,1.1892096712241575,-0.3400000095367431,0.6442982260920113,-0.161904774014912,0.7814998249512405,1.2139475505248656,68.0,90.0,90.0,10.0,10.0,29.0,29.0,79.0,72.0,65.0,58.0,100.0,AZTA
2026-04-20,3.380000114440918,3.4800000190734863,3.2100000381469727,3.3399999141693115,7203800.0,0.104575221452686,3.794717488037435,5.261940540550549,6.321200008392334,8.60499997138977,8.20800000190735,4.898149999380112,3.0442999988794326,3.0,25.399999618530277,1.25,29.700000762939453,1.0800000429153442,29.700000762939453,1.0499999523162842,29.700000762939453,1.0,29.700000762939453,1.0,29.700000762939453,18610125.0,16701358.0,4813416.666666667,68051183.52359533,0.1950336397951919,0.7142857483455113,0.2113271373257514,-2.783393658177945,0.4480002189636126,11.21262190133242,15.026859572415482,3.240000009536743,3.0,5820900.0,False,True,False,-0.7401998420463196,0.2414310554303221,1.725806522940001,2.6609580799653783,2.0450451089019803,2.839417462112915,3.8663025224632537,97.0,0.0,0.0,99.0,99.0,99.0,99.0,37.0,98.0,98.0,98.0,11.538461538461538,BATL
2026-04-20,5.5,5.710000038146973,4.880000114440918,4.880000114440918,56823200.0,0.1316872117085301,4.347516442620524,3.972595375923913,3.6451999950408935,3.6106666644414265,3.5432000160217285,3.7490000104904175,3.971150015592575,3.119999885559082,5.710000038146973,3.119999885559082,5.710000038146973,3.119999885559082,5.710000038146973,3.119999885559082,5.710000038146973,3.119999885559082,5.710000038146973,3.039999961853028,5.710000038146973,10920705.0,9804502.0,10511434.92063492,59207456.39077902,0.0533769776242736,0.2714285680225917,0.0493506487313803,11.19071668605482,2.357894274534605,0.420607399438877,-4.228284905603647,4.940000057220459,4.679999828338623,22597400.0,False,False,False,0.6666666907493517,1.5488254563337072,0.4175257313858387,1.3838020111646077,0.2168141644267451,1.1346444019890063,1.0389357002593096,50.0,98.0,98.0,94.0,94.0,74.0,74.0,96.0,93.0,90.0,87.0,100.0,BB
2026-04-20,19.01000022888184,20.489999771118164,16.219999313354492,18.88999938964844,235800.0,-0.1162250103857837,13.51003485207306,10.07566317470492,7.088800067901611,6.556666723887125,5.607000041007995,5.466800029277802,5.1720500147342685,3.140000104904175,24.899999618530277,3.140000104904175,24.899999618530277,3.140000104904175,26.3700008392334,3.140000104904175,26.3700008392334,3.140000104904175,26.3700008392334,3.140000104904175,26.3700008392334,1932527.5,1549284.0,543762.3015873015,29770289.83403206,0.3004467407175264,3.4178571701049805,0.1797925896345987,13.295346999347542,-0.7314524497591021,6.306545355205799,3.401115561378381,24.899999618530277,13.6899995803833,1823600.0,True,True,False,4.137837833483956,4.7745683472179685,2.513863357681115,3.430266607268534,2.364601753629807,3.137394892569303,3.553993159067374,97.0,99.0,99.0,99.0,99.0,99.0,99.0,99.0,99.0,99.0,99.0,96.15384615384616,BBGI
2026-04-20,218.2700042724609,220.6999969482422,201.8000030517578,207.8600006103516,8765700.0,0.0500818032884724,191.24016759575483,174.63259218072224,160.18560089111327,159.36166763305664,157.51340103149414,137.32880073547364,104.31495034217836,116.50499725341795,229.5500030517578,116.50499725341795,229.5500030517578,75.69999694824219,229.5500030517578,75.69999694824219,229.5500030517578,61.369998931884766,229.5500030517578,16.010000228881836,229.5500030517578,10545467.5,10715488.0,11049934.523809524,1762390340.2762983,0.0947100702216743,16.25285393851144,0.0744621506408338,5.180126924977993,0.6405031203438479,6.48477308488245,6.381574847360701,215.69000244140625,200.22999572753903,11306200.0,False,False,False,0.3094366853176198,1.2168533054232389,0.4600000285783341,1.4252658213631826,0.8965158677357674,1.7684467978094929,0.95434660515657,40.0,92.0,92.0,94.0,94.0,96.0,96.0,97.0,95.0,98.0,97.0,96.15384615384616,BE
2026-04-20,5.489999771118164,5.539999961853027,5.210000038146973,5.360000133514404,4957400.0,0.0073394427986999,4.810267103619282,4.484706180153807,4.288800029754639,4.199000024795533,3.8804000186920167,3.8070000052452087,2.8655500012636184,3.450000047683716,5.619999885559082,2.819999933242798,5.619999885559082,2.819999933242798,5.619999885559082,1.899999976158142,5.619999885559082,1.559999942779541,5.619999885559082,1.3200000524520874,5.619999885559082,6306512.5,5864384.0,5048619.444444444,20469512.68341303,0.0658951518241743,0.2985713481903076,0.0543845829941622,7.627208098950298,0.1339712001686498,7.292188716323144,8.983834485194365,5.605000019073486,5.389999866485596,6255200.0,False,False,False,0.382871468905263,1.2850959017576988,0.3197115318485968,1.2883148654690146,1.4508927445288524,2.2853873777556197,1.2491558473356028,70.0,94.0,94.0,91.0,91.0,98.0,98.0,92.0,95.0,93.0,97.0,100.0,BFLY
2026-04-20,0.9919999837875366,1.0099999904632568,0.9700000286102296,0.9900000095367432,442800.0,-0.0020121064586908,1.012007059808876,0.9601923613968736,0.90467999458313,0.8567666629950206,0.73299999833107,0.8067499971389771,1.0659049987792968,0.4909999966621399,1.9600000381469729,0.4250000119209289,1.9600000381469729,0.4250000119209289,1.9600000381469729,0.4250000119209289,1.9600000381469729,0.4250000119209289,2.039999961853028,0.4250000119209289,2.039999961853028,17454000.0,14044784.0,3036268.253968254,43458188.88030231,0.2097653976836881,0.255714293037142,0.2577765092906595,1.3707316089904686,-0.0078213612218685,-4.347904906124053,-2.971360739593708,1.059999942779541,0.9900000095367432,707200.0,False,True,True,0.5999999615453908,1.4868723808599449,0.370165766779202,1.337568766278621,-0.3251700921901373,0.6292595858727071,5.748503933138475,99.0,97.0,97.0,92.0,92.0,19.0,19.0,97.0,97.0,96.0,95.0,53.84615384615385,BFRG
2026-04-20,2.690000057220459,2.7799999713897705,2.549999952316284,2.7799999713897705,274700.0,-0.0594405049338893,3.086396061202332,3.120764030796432,3.4215999937057493,3.0703333258628844,2.2565199899673463,1.793209991455078,3.812154992818833,1.0,5.380000114440918,0.6930000185966492,5.380000114440918,0.6930000185966492,5.380000114440918,0.6930000185966492,5.380000114440918,0.6930000185966492,13.5,0.6930000185966492,17.43000030517578,13351867.5,10754460.0,2936377.503968254,24463949.739955664,0.2143408286061967,0.4680000713893345,0.1739777180052972,1.1041709496275676,-0.3632474614174608,-1.5277133589809866,0.458956333851196,2.900000095367432,2.720999956130981,271800.0,False,True,False,-0.0942760837348518,0.8416849425910122,0.9635036845676964,1.9167908472303588,-0.2111436980902112,0.7355859367049441,4.547054144760383,98.0,9.0,9.0,98.0,98.0,25.0,25.0,99.0,99.0,99.0,98.0,15.384615384615383,BIAF
2026-04-20,11.020000457763672,12.5,10.789999961853027,11.199999809265137,6802800.0,0.0203703947355058,7.80597783420739,5.897509937885911,4.446400012969971,4.242333340644836,3.735799994468689,4.025850002765655,5.761825021505356,2.150000095367432,24.309999465942383,2.150000095367432,24.309999465942383,2.150000095367432,24.309999465942383,2.150000095367432,24.309999465942383,2.150000095367432,24.309999465942383,2.150000095367432,24.309999465942383,8784485.0,7040160.0,1450228.9682539685,276804334.91193295,0.283162487246678,2.591428416115897,0.2351568337994229,8.291644390792358,0.0848953672270642,-7.499242585967325,-7.713094259281169,13.479999542236328,10.5600004196167,20121600.0,True,True,False,2.454545536079308,3.2102927934186805,1.7142858652897428,2.6497115051248774,0.7603833953424741,1.6415071613016108,6.057309012780412,99.0,99.0,99.0,99.0,99.0,94.0,94.0,99.0,99.0,99.0,99.0,96.15384615384616,BIRD
2026-04-20,37.41999816894531,38.76900100708008,36.650001525878906,37.15999984741211,1479100.0,-0.0039925878918644,34.58182847223093,31.849077029842142,29.74840003967285,28.79466667175293,25.9353999710083,23.7653999710083,22.03259994983673,21.09000015258789,40.619998931884766,17.520000457763672,40.619998931884766,16.34000015258789,40.619998931884766,12.40999984741211,40.619998931884766,12.40999984741211,40.619998931884766,6.440000057220459,40.619998931884766,1839715.0,1698140.0,1745963.492063492,71446751.16833687,0.1300742753039958,3.9439283098493294,0.1053962721228131,4.201434578174773,-0.0380335325833132,5.221352716891346,7.144981837780993,40.619998931884766,36.65999984741211,2679500.0,False,True,False,0.4600077797203512,1.3567783098007624,0.3592443601753097,1.3269071859710544,0.4359170735152633,1.3389515973888175,1.053696144485648,52.0,96.0,96.0,92.0,92.0,87.0,87.0,96.0,96.0,96.0,97.0,92.3076923076923,BKSY
2026-04-20,34.869998931884766,37.470001220703125,34.31999969482422,35.72999954223633,386300.0,-0.0826098271061902,42.41071908672163,41.70709057705484,41.27000015258789,40.73466682434082,35.912400016784666,22.97415001988411,13.344675007462502,32.58000183105469,57.869998931884766,10.404000282287598,86.27999877929688,1.1799999475479126,86.27999877929688,1.1799999475479126,86.27999877929688,1.1799999475479126,86.27999877929688,1.1799999475479126,86.27999877929688,1152127.5,1152332.0,2874183.214285714,27192539.51002121,0.1221637717152526,6.36407116481236,0.1825084989891731,-0.1590403531789515,-0.4933947638753373,12.588841974169512,16.564519851637357,38.02999877929688,34.17499923706055,942600.0,True,False,False,-0.153229755379529,0.7868995749500707,4.491338496941672,5.360696520566479,7.422705327641848,7.853931790902604,0.400853882338995,10.0,6.0,6.0,99.0,99.0,99.0,99.0,20.0,99.0,99.0,99.0,0.0,BNAI
2026-04-20,5.539999961853027,5.690000057220459,5.53000020980835,5.639999866485596,7022700.0,-0.0053860339109111,5.657687406937116,5.651344146515897,5.552800025939941,5.517666705449423,5.621000032424927,4.873700039386749,3.7742000180482864,4.644999980926514,6.195000171661377,4.369999885559082,6.25,3.5799999237060547,6.25,2.890000104904175,6.25,2.440000057220459,6.25,1.5499999523162842,6.25,7948627.5,8023676.0,5742419.841269841,44972354.15554047,0.058880251309199,0.3054286071232387,0.0551315179108915,-0.2613797026624271,-0.0982233134312945,7.461382092032423,11.830922906321891,5.65500020980835,5.269999980926514,10433200.0,False,False,True,0.1446280552059187,1.0636974265919883,0.3004694047415968,1.2695305191956532,1.1389961951523335,1.994552767101266,1.3841947680095597,78.0,74.0,74.0,90.0,90.0,97.0,97.0,57.0,63.0,82.0,90.0,34.61538461538461,BORR
2026-04-20,13.029999732971191,13.05500030517578,12.350000381469728,12.399999618530272,6977500.0,0.0108610850209138,11.676873914420064,10.682158746553608,9.808999938964844,9.431166617075602,9.343499975204468,10.829699997901916,13.447250015735628,6.915999889373779,13.239999771118164,6.915999889373779,14.829999923706056,6.915999889373779,16.2450008392334,6.915999889373779,25.280000686645508,6.915999889373779,27.799999237060547,6.915999889373779,27.799999237060547,7767982.5,8731512.0,6503507.936507937,73374738.74708176,0.0786831510040284,0.8528570447649274,0.0654533432266197,6.027993655888351,0.1641534070777658,0.4762028794802981,-0.5814805181337526,13.239999771118164,12.550000190734863,10396400.0,False,False,False,0.5204200929949336,1.4129191861949566,-0.1773990146810453,0.8030308534558213,-0.4965224051195361,0.4694784555102034,1.1944296179595384,66.0,97.0,97.0,21.0,21.0,11.0,11.0,97.0,95.0,92.0,89.0,100.0,BTDR
2026-04-20,7.010000228881836,7.03000020980835,6.590000152587891,6.650000095367432,19396800.0,0.0431548285333971,6.022044925562492,5.683626580202088,5.341600017547608,5.352333339055379,5.617000007629395,6.986000003814698,9.984099998474122,4.5,7.03000020980835,4.5,8.0,4.5,10.369999885559082,4.5,11.970000267028809,4.5,16.040000915527344,4.5,38.61000061035156,12530977.5,11849472.0,14944051.19047619,74988446.83490992,0.0544042690291493,0.346428632736206,0.0494192041975817,5.018235210057041,0.8371145202394725,-8.18464219454298,-10.813597305062968,6.760000228881836,6.46999979019165,20201900.0,False,False,False,0.3301708262339338,1.23612144430466,-0.1409313284356235,0.838630953299934,-0.4034042358398437,0.5563084847665143,0.838526135937353,29.0,93.0,93.0,25.0,25.0,15.0,15.0,91.0,87.0,83.0,78.0,100.0,BULL
2026-04-20,16.540000915527344,18.21999931335449,16.510000228881836,18.200000762939453,3456200.0,-0.0991285203878524,17.387419005215495,16.418747958139065,15.914000129699708,15.456666787465414,13.174400100708008,10.159500041007997,6.465545024871826,10.18000030517578,18.799999237060547,7.949999809265137,18.799999237060547,4.570000171661377,18.799999237060547,3.119999885559082,18.799999237060547,2.640000104904175,18.799999237060547,0.2240000069141388,18.799999237060547,4670475.0,4168954.0,3182445.238095238,54306757.41548538,0.0944794021740382,1.3310715130397253,0.0804759032262294,3.174431030620622,-1.3673192439284827,7.301294121815243,12.70287529949321,18.76000022888184,17.510000228881836,2761500.0,False,False,True,0.055520155392313,0.9808898776334776,0.9643706372515152,1.9176371746309064,3.58171783827387,4.272320826524687,1.4675743494632385,82.0,48.0,48.0,98.0,98.0,99.0,99.0,93.0,96.0,98.0,99.0,42.30769230769231,BW
2026-04-20,1.159999966621399,1.1699999570846558,0.7799999713897705,0.8320000171661377,220171100.0,0.4094774570240016,0.7914312168449152,0.7384011678944189,0.6978000020980835,0.7082000017166138,0.7298199999332428,0.8563499987125397,1.6414999908208847,0.5730000138282776,1.1699999570846558,0.5730000138282776,1.1699999570846558,0.5730000138282776,1.3200000524520874,0.5730000138282776,2.359999895095825,0.5,7.690000057220459,0.5,7.690000057220459,42393090.0,39231198.0,66048870.63492064,41313409.73317057,0.106490057932129,0.0953571498394012,0.0822044418821297,7.170329872618829,3.534081643177155,-1.3771029851802856,-3.6375181151517335,0.9700000286102296,0.8230000138282776,197859100.0,False,False,False,0.6315048177066196,1.5161496943692847,0.1776649236292051,1.14964762452875,1.2307692484037416,2.0801285141375487,0.6418442827633511,17.0,98.0,98.0,82.0,82.0,97.0,97.0,97.0,96.0,94.0,92.0,100.0,BYND
2026-04-20,2.315000057220459,2.4100000858306885,2.190000057220459,2.380000114440918,12332200.0,-0.0813491766895504,2.009740702009276,1.830612401998413,1.6549999904632569,1.565166660149892,1.4185999894142152,1.7382999992370605,2.722599996328354,1.0,2.640000104904175,1.0,2.640000104904175,1.0,2.640000104904175,1.0,4.798999786376953,1.0,6.760000228881836,1.0,6.760000228881836,8574145.0,7280294.0,3308444.8412698414,28385652.35249996,0.1719038165555755,0.3019285712923322,0.1304227057578769,4.844943564113273,-0.6789682832220948,-4.778346662392125,-4.908747349598319,2.640000104904175,2.0,79699000.0,True,True,False,1.1435184863246528,1.9919615698618407,0.0243363128271201,0.9999667860796536,-0.5548076649742004,0.4151291179153987,2.591593758204863,95.0,99.0,99.0,58.0,58.0,9.0,9.0,98.0,97.0,96.0,95.0,92.3076923076923,BZAI
2026-04-20,34.209999084472656,36.81999969482422,33.900001525878906,34.869998931884766,1038000.0,-0.0141210855243015,33.52375914586645,32.32513780486547,31.476000289916996,31.614000193277995,29.42740016937256,26.445900087356566,16.703550033569336,27.5,36.81999969482422,21.059999465942383,36.81999969482422,21.059999465942383,36.81999969482422,4.300000190734863,40.369998931884766,4.300000190734863,40.369998931884766,4.300000190734863,40.369998931884766,1346330.0,1326180.0,2145950.793650794,33443256.739282608,0.0659324107326229,2.17142881665911,0.0634735128550379,2.5604690553649414,-0.2256586422301872,5.980134913552638,8.592306020352131,35.65999984741211,34.33000183105469,769500.0,False,False,True,0.0975296439120241,1.0199290962055083,0.4049280718084243,1.3715040568677568,4.553571417513052,5.178546489796955,0.6273815802223308,17.0,62.0,62.0,93.0,93.0,99.0,99.0,68.0,90.0,86.0,99.0,69.23076923076923,CAPR
2026-04-20,608.7999877929688,612.5800170898438,476.0,491.260009765625,5733800.0,0.2327380347682639,404.3944465879356,312.2123360551828,233.44319915771484,210.97399927775064,168.51919982910155,148.07909980773923,153.68010009765624,92.30999755859376,612.5800170898438,85.95999908447266,612.5800170898438,85.95999908447266,612.5800170898438,85.95999908447266,612.5800170898438,85.95999908447266,612.5800170898438,73.44999694824219,612.5800170898438,2229415.0,2002928.0,1193926.5873015872,1237414355.269127,0.1820640635298549,60.36428724016462,0.0991529048136124,26.349653269570958,1.9041060152687197,13.164913621615328,6.969792025478692,501.6600036621094,422.0799865722656,4814900.0,False,False,False,5.0613298784826775,5.632765127626775,3.84597628832954,4.730687835409131,3.026455026988984,3.754554138006653,1.8672965521596572,91.0,99.0,99.0,99.0,99.0,99.0,99.0,99.0,99.0,99.0,99.0,100.0,CAR
2026-04-20,23.31999969482422,23.540000915527344,22.959999084472656,23.190000534057617,2256900.0,0.0060396629769317,22.77063491466629,21.866584550070087,21.23080017089844,20.63833344777425,19.819812507629397,16.683216524124145,15.27724838256836,15.479999542236328,24.1299991607666,14.356684173117804,24.1299991607666,11.491316666639822,24.1299991607666,10.38695536296492,24.1299991607666,10.38695536296492,24.1299991607666,8.965801881631306,24.1299991607666,3222015.0,3519558.0,3476102.777777778,57147752.547016144,0.0524335080829012,1.0846424102783203,0.0465112531935003,3.79693959125967,0.1290742352703261,11.556703847472814,12.89907135509702,23.565000534057617,22.700000762939453,1964300.0,True,True,False,0.2312565489578817,1.1442008752488764,0.5015432198265568,1.4658206771422615,0.7157273821908747,1.5998667063998715,0.9269044116295628,37.0,87.0,87.0,95.0,95.0,94.0,94.0,90.0,90.0,94.0,94.0,61.53846153846154,CC
2026-04-20,24.3700008392334,24.739999771118164,23.790000915527344,23.8799991607666,4385900.0,0.0103648420937594,22.225157649849603,21.22919586956496,19.95880012512207,20.30200010935465,20.75320011138916,22.91290008544922,23.866400032043455,16.899999618530273,24.739999771118164,16.899999618530273,27.739999771118164,16.899999618530273,28.59000015258789,16.170000076293945,28.59000015258789,16.170000076293945,28.59000015258789,16.170000076293945,44.93999862670898,4906360.0,4508876.0,3792522.429906542,88264743.11663628,0.0579260615681882,1.2284282956804549,0.0504073965275701,3.457365073118173,0.2035120819661022,1.80810238169898,2.908509732649724,24.405000686645508,23.459999084472656,8409300.0,False,False,False,0.2659740695705661,1.1764637026061204,-0.0652090094166103,0.9125517965188548,0.3893956423719324,1.2955716935691042,1.2936930738524086,74.0,89.0,89.0,35.0,35.0,86.0,86.0,87.0,82.0,76.0,75.0,100.0,CHYM
2026-04-20,503.2699890136719,517.8800048828125,497.6199951171875,512.0,1963500.0,-0.0081981824530569,479.9004487361706,451.6444865258953,435.3956018066406,418.498334757487,378.5996014404297,304.49379989624026,217.91324966430665,287.25,517.8800048828125,220.5200042724609,517.8800048828125,201.6999969482422,517.8800048828125,168.22000122070312,517.8800048828125,131.4499969482422,517.8800048828125,56.93999862670898,517.8800048828125,3121132.5,3674076.0,2735663.492063492,1295837888.4960938,0.070282550206119,31.69785417829241,0.06298379571652,5.228225696857082,-0.1312392832243598,10.949600492626756,12.887232048362456,513.8300170898438,495.1700134277344,1926300.0,False,False,False,0.21981192833628,1.1335654435484632,1.067496478511918,2.0183095951588013,1.946890693353733,2.747891277270393,1.1409051255956015,61.0,86.0,86.0,98.0,98.0,99.0,99.0,96.0,97.0,97.0,97.0,84.61538461538461,CIEN
2026-04-20,19.290000915527344,19.8799991607666,18.65999984741211,19.0,25085900.0,-0.0041300939721188,17.405112747112263,16.3184202034489,15.340800285339355,15.123000240325927,15.378000221252442,16.237500028610228,13.899500007629394,11.720000267028809,19.8799991607666,11.720000267028809,19.8799991607666,11.720000267028809,20.739999771118164,11.720000267028809,25.520000457763672,10.470000267028809,25.520000457763672,2.25,25.520000457763672,25679760.0,26773900.0,34276522.222222224,405940356.8250036,0.0905796971030157,1.3657142775399345,0.0707990779015781,3.593117826724648,-0.0585773503445821,-0.9748996217801308,-0.0084265741649506,19.3799991607666,16.989999771118164,35433700.0,False,True,False,0.3176229824561061,1.224460792554033,0.0260639201251058,1.001653292645653,0.0304488046517299,0.9608640348833944,0.7491938602613321,22.0,92.0,92.0,59.0,59.0,52.0,52.0,94.0,90.0,87.0,83.0,96.15384615384616,CIFR
2026-04-20,32.06999969482422,32.540000915527344,31.920000076293945,32.540000915527344,803800.0,-0.0043464574240216,32.68682224352892,32.32651644534013,31.981200485229493,31.47100041707357,30.13240020751953,25.259300060272217,21.3369500541687,27.01000022888184,36.93999862670898,20.8799991607666,36.93999862670898,18.229999542236328,36.93999862670898,17.850000381469727,36.93999862670898,17.079999923706055,36.93999862670898,8.880000114440918,36.93999862670898,1453850.0,1453004.0,1041576.5873015872,48192583.12184334,0.0508139922583674,1.4814284188406808,0.0461935900510709,1.3920299138707075,-0.0945029728523748,8.846396234275566,12.57808805006417,32.529998779296875,31.11000061035156,1677500.0,False,False,True,0.1166434701101128,1.0376914842989715,0.5774717075836575,1.5399427842310989,0.6923482007211086,1.5780662884286911,1.3958167049112438,79.0,67.0,67.0,96.0,96.0,93.0,93.0,55.0,86.0,90.0,88.0,34.61538461538461,CLMT
2026-04-20,401.1199951171875,404.9500122070313,390.1600036621094,399.0,1648500.0,0.0129036772443877,364.7376924429528,337.41824787949736,313.89919921875,305.95933329264324,297.40760040283203,303.3055003356933,270.35435035705564,244.50999450683597,404.9500122070313,244.50999450683597,404.9500122070313,244.50999450683597,404.9500122070313,244.50999450683597,404.9500122070313,227.0,404.9500122070313,78.54000091552734,404.9500122070313,1975005.0,2074548.0,3088666.26984127,696034581.6734314,0.0609931370491927,20.022859845842635,0.0499173815555939,6.985971397165977,0.2552075672958122,1.3587971548972495,1.442056870495923,399.3599853515625,387.0,1964800.0,False,True,False,0.4109040180799752,1.3111464168419114,0.2790815921884344,1.248651534518216,0.4332881301815876,1.3365001829297276,0.6394361926649647,17.0,95.0,95.0,89.0,89.0,87.0,87.0,94.0,90.0,87.0,82.0,100.0,CLS
2026-04-20,9.460000038146973,10.210000038146973,8.630000114440918,8.645000457763672,39751500.0,0.4204204586915816,6.654729081610838,6.2961906648758585,5.885599956512452,6.044999965031942,6.451499977111816,6.500399985313416,5.806799985170365,4.880000114440918,10.210000038146973,4.880000114440918,10.210000038146973,4.880000114440918,10.210000038146973,4.880000114440918,10.210000038146973,4.820000171661377,10.210000038146973,2.25,10.210000038146973,3502157.5,4179886.0,2392955.5555555555,31092349.650330544,0.0665413967858901,0.5667141846248082,0.0599063617695097,7.784242909096489,4.940762498451662,5.783836413115648,2.3368384483037787,6.949999809265137,6.550000190734863,1963200.0,False,False,False,0.6509598615457961,1.534229174399366,0.2870748518220403,1.2564546300894908,0.4758190738438521,1.3761590713191745,1.4635280174215055,82.0,98.0,98.0,89.0,89.0,89.0,89.0,97.0,95.0,93.0,90.0,100.0,CMPS
2026-04-20,37.0,37.992000579833984,36.7400016784668,37.47999954223633,1160300.0,-0.0067114093959731,36.57308464901716,36.401557276569854,35.96439971923828,35.94033317565918,36.70639999389648,37.45209995269775,26.33567494869232,32.70000076293945,39.40999984741211,32.70000076293945,40.45000076293945,32.70000076293945,42.25,13.779999732971191,43.72999954223633,11.600000381469728,43.72999954223633,4.195000171661377,43.72999954223633,2286685.0,2136646.0,2473153.571428572,89646538.7395668,0.0437791544992192,1.7278567722865514,0.0466988316834203,0.1712806300960467,-0.1446879185878142,-5.029697060386692,2.097206381291013,37.29999923706055,36.52000045776367,3948200.0,False,False,True,0.0690551675094051,0.9934679002429724,-0.0498202027510689,0.9275744949727166,1.2616136075562716,2.108889996760365,0.9246029144397768,37.0,52.0,52.0,37.0,37.0,97.0,97.0,38.0,31.0,26.0,96.0,19.230769230769237,COGT
2026-04-20,347.510009765625,348.4700012207031,335.0,346.2799987792969,3872500.0,0.0072170333060164,312.12016415266964,291.21591299978707,274.4580017089844,270.3283355712891,260.2956005859375,224.48370010375976,167.92370014190675,215.5500030517578,348.4700012207031,175.24000549316406,348.4700012207031,167.5,348.4700012207031,123.75,348.4700012207031,100.62999725341795,348.4700012207031,50.810001373291016,348.4700012207031,8165385.0,7625372.0,4717643.650793651,1683735518.475647,0.0749356349676684,20.83785901750837,0.059963334672179,5.587732903154527,0.1194950378472645,7.380293809254365,9.25297689260478,345.1199951171875,332.25,5628900.0,False,True,False,0.2610588980271937,1.171896056986948,0.8190432473745801,1.775767203641105,1.9968093524429624,2.794438998973711,1.7308185196705848,89.0,89.0,89.0,98.0,98.0,99.0,99.0,93.0,96.0,95.0,97.0,100.0,COHR
2026-04-20,44.27000045776367,44.41999816894531,41.08000183105469,41.33000183105469,1692100.0,0.0729520663761049,38.52998831880729,35.786088811980875,33.51199981689453,32.59299983978271,31.849199867248537,28.915399951934816,24.924499998092653,26.6299991607666,44.41999816894531,26.6299991607666,44.41999816894531,22.799999237060547,44.41999816894531,21.100000381469727,44.41999816894531,18.670000076293945,44.41999816894531,13.65999984741211,44.41999816894531,687307.5,820028.0,645150.0,26847248.05546761,0.0510475329791788,1.8871425901140488,0.0426280228281113,9.148625994910214,1.5950051426948937,11.898872780682003,11.053983573889084,42.16999816894531,39.70000076293945,1109300.0,False,False,False,0.4586490906534828,1.355515686490602,0.5670796622217229,1.529797971369113,0.9869838013200256,1.8528055580884304,1.0653452685421996,53.0,96.0,96.0,96.0,96.0,96.0,96.0,94.0,91.0,93.0,93.0,100.0,COHU
2026-04-20,46.34000015258789,46.59999847412109,45.060001373291016,45.880001068115234,722600.0,0.0038994866934747,43.67185682655161,41.66263553872464,39.62279983520508,38.54600003560384,38.0302001953125,49.34200012207031,61.79460025787353,31.809999465942383,50.400001525878906,28.65999984741211,50.400001525878906,28.65999984741211,89.0,28.65999984741211,89.0,28.65999984741211,91.0,28.65999984741211,91.0,1678117.5,1776714.0,1413991.2698412698,76789424.56331253,0.0641812439277693,1.8207135881696428,0.0392903233097629,5.561300404515491,0.0988625044297796,-5.81287367080032,-3.515749895535519,46.560001373291016,44.540000915527344,1735000.0,False,True,False,0.3597417154585225,1.2636015315060636,0.3342931403218778,1.3025495694215237,-0.4168868825873929,0.5437363023385516,1.1867948096938252,66.0,94.0,94.0,91.0,91.0,15.0,15.0,88.0,89.0,86.0,81.0,100.0,CORT
2026-04-20,174.52999877929688,174.61000061035156,160.1999969482422,160.64999389648438,7465800.0,0.0861285464410719,145.63892904122946,130.82860961957095,116.66199981689454,116.3343335469564,117.44660049438475,132.1447006225586,133.11427528381347,86.48500061035156,174.61000061035156,86.48500061035156,174.61000061035156,86.48500061035156,176.73699951171875,86.48500061035156,213.8000030517578,86.48500061035156,213.8000030517578,33.040000915527344,213.8000030517578,7699470.0,7555648.0,5968132.936507937,916411302.1935272,0.0754251465645929,11.404429844447543,0.0653436654111772,7.438166176270862,1.2135631966405476,1.1516300276801612,-0.8542586066039505,165.0,152.08999633789062,7236700.0,False,False,False,0.6297507213336657,1.5145196209236624,0.1560574774332244,1.1285542314141874,0.2783271100838993,1.192003464268352,1.2900969334816963,73.0,98.0,98.0,80.0,80.0,79.0,79.0,97.0,96.0,94.0,92.0,100.0,CRDO
2026-04-20,0.5799999833106995,0.6299999952316284,0.5799999833106995,0.6299999952316284,685900.0,-0.1343284046817223,0.5748761646396666,0.5675300842761881,0.4679999953508377,0.5926666642228763,0.8485999956727028,1.0357999975979328,1.308649998679757,0.1899999976158142,2.6600000858306885,0.1899999976158142,2.6600000858306885,0.1899999976158142,2.6600000858306885,0.1899999976158142,2.6600000858306885,0.1899999976158142,2.6600000858306885,0.1899999976158142,14.699999809265137,15545347.5,12450392.0,2947224.365079365,15474262.549571397,0.2754896628362133,0.1364285733018602,0.2352216848750787,-1.3456299558344171,-0.6596860994761563,-5.159852788154959,-1.9085258916622865,0.7599999904632568,0.6299999952316284,1020800.0,False,False,True,0.7058822859117324,1.5852683230507851,-0.5886524843681531,0.401561330997791,-0.5886524843681531,0.383569791944067,5.274572131050288,99.0,98.0,98.0,3.0,3.0,8.0,8.0,99.0,99.0,98.0,97.0,57.692307692307686,CREG
2026-04-20,11.9399995803833,13.68000030517578,11.529999732971191,13.0,25650500.0,-0.0493631224936153,9.871071830429852,9.303543770740063,8.628000068664551,8.760000038146973,9.311700019836426,10.353399996757508,9.2047750043869,6.539999961853027,13.75,6.539999961853027,21.86000061035156,6.539999961853027,21.86000061035156,6.539999961853027,21.86000061035156,6.03000020980835,32.150001525878906,1.2910000085830688,32.150001525878906,9821322.5,9678356.0,11150535.317460315,118549233.06633472,0.1072072539789927,1.2742856911250524,0.1067240984847794,2.644742479999813,-0.4865477526362292,4.314066623972567,4.2612125976612925,13.75,11.149999618530272,73669800.0,True,False,False,0.419738382522971,1.3193561498471886,-0.3235127570287419,0.6603932377549359,-0.385169951932261,0.5733114329280883,0.8807938112729943,33.0,95.0,95.0,10.0,10.0,16.0,16.0,96.0,94.0,92.0,88.0,96.15384615384616,CRML
2026-04-20,111.19000244140624,111.44000244140624,105.0,105.0500030517578,1391000.0,0.0502503027940648,100.92043133533775,95.22154621891823,88.81280029296875,87.61233367919922,89.0052001953125,87.75070007324219,87.37389987945556,75.12999725341797,111.44000244140624,75.12999725341797,111.44000244140624,75.12999725341797,111.44000244140624,73.20999908447266,111.44000244140624,73.20999908447266,111.44000244140624,73.20999908447266,122.83999633789062,1334937.5,1431302.0,1638832.9365079366,121850517.9195404,0.0404668718463885,4.404285975864956,0.0396104494932975,6.292604111272914,1.207914228089929,4.937598675292467,5.5056494869142,106.70999908447266,103.66000366210938,1221100.0,False,False,False,0.4386078551471266,1.3368914613225409,0.3385097249294209,1.3066658391519217,0.3372218929761583,1.2469211646606233,0.8145659452296071,26.0,96.0,96.0,91.0,91.0,83.0,83.0,89.0,84.0,79.0,76.0,100.0,CROX
2026-04-20,15.539999961853027,16.905000686645508,15.515000343322754,16.75,1246900.0,-0.0716845773997869,15.338584477706569,15.19644095648136,14.663199996948242,14.916000016530354,16.19269998550415,13.832350006103516,9.972849994897842,12.949999809265137,17.18000030517578,12.949999809265137,26.950000762939453,6.389999866485596,26.950000762939453,6.389999866485596,26.950000762939453,5.639999866485596,26.950000762939453,3.150000095367432,26.950000762939453,1176250.0,1237066.0,1599973.8095238097,15286230.615034103,0.0624007970527671,1.0382143429347448,0.066809159941011,-0.603334761279855,-1.1558305059368272,0.3889487034485572,4.696926810197553,17.18000030517578,16.190000534057617,2521200.0,False,False,True,0.1029098505012306,1.0249288966886816,0.9304347321306612,1.8845086234397976,1.0313725187093137,1.8941967673376716,0.735168284004649,21.0,63.0,63.0,98.0,98.0,96.0,96.0,59.0,50.0,97.0,95.0,42.30769230769231,CRVS
2026-04-20,117.43000030517578,118.08000183105467,110.5999984741211,116.18000030517578,29542400.0,0.0049636443186016,108.1610818786951,99.19749038275424,91.08519989013672,88.97966664632162,89.10899978637696,86.31210014343262,101.78144985198976,67.1500015258789,122.13999938964844,67.1500015258789,122.13999938964844,63.79999923706055,122.13999938964844,63.79999923706055,141.7899932861328,63.79999923706055,153.1999969482422,33.51499938964844,187.0,28445492.5,27419102.0,25986025.793650795,3093785381.7573166,0.0764966211035833,7.813214983258929,0.0665350844158565,4.776791779940563,0.0742334406895797,2.742561948115936,1.5504702962662305,120.69000244140624,115.98999786376952,24685900.0,False,True,False,0.4558640586863669,1.352927569483576,0.1600315757288037,1.132433783715938,-0.1715112476777822,0.7725420630488175,1.0946457425186629,57.0,96.0,96.0,81.0,81.0,28.0,28.0,95.0,93.0,92.0,89.0,88.46153846153845,CRWV
2026-04-20,30.280000686645508,30.5,29.270000457763672,29.450000762939453,1609400.0,0.0236646641225464,29.23583612205593,28.033772545181044,26.727199935913085,26.44633331298828,25.933199958801268,22.96679995536804,18.89604995727539,22.030000686645508,31.200000762939453,21.950000762939453,31.200000762939453,17.200000762939453,31.200000762939453,14.619999885559082,31.200000762939453,14.390000343322754,31.200000762939453,8.239999771118164,31.200000762939453,2469402.5,2492008.0,1634507.5396825396,61372583.25188637,0.0495773441221696,1.4914287839617049,0.049254582237162,3.4030394408244216,0.4693491036695902,13.333601361202536,15.796096461408682,30.46999931335449,28.38999938964844,3079200.0,False,False,False,0.2765599309945046,1.186301093454344,0.3664260331744393,1.3339180030022249,0.9548096277641008,1.8228040615731007,1.5107929697770723,83.0,90.0,90.0,92.0,92.0,96.0,96.0,83.0,77.0,90.0,92.0,84.61538461538461,CSTM
2026-04-20,80.39800262451172,80.59600067138672,76.6218032836914,77.0,10185500.0,0.0373133182384726,72.50442090288874,69.01557937126321,65.01200012207032,64.50533345540364,66.38463996887207,76.23982013702393,73.14922010421753,54.4640007019043,80.59600067138672,54.4640007019043,97.37799835205078,54.4640007019043,97.37799835205078,54.4640007019043,97.37799835205078,54.4640007019043,97.37799835205078,38.80400085449219,97.37799835205078,14988787.5,18180070.0,17936597.222222224,992640943.7588692,0.0601760785200344,4.541728155953543,0.0564905595623449,3.736791621432624,0.6367633246871366,2.345613085585012,3.0908026067391896,79.6240005493164,73.51399993896484,23688000.0,False,False,False,0.3664763856514057,1.2698600285964805,-0.092819076929699,0.8855985877642947,0.1661686788693597,1.0874189353946273,0.8356539043776883,28.0,94.0,94.0,31.0,31.0,69.0,69.0,88.0,83.0,78.0,73.0,100.0,CVNA
2026-04-20,7.75,8.020000457763672,7.539999961853027,7.570000171661377,8577700.0,0.0078023332032624,7.237504331976959,7.1780484601009045,6.787600002288818,6.798000001907349,8.289199991226196,9.90780604839325,12.71700694322586,5.699999809265137,8.40999984741211,5.699999809265137,15.18000030517578,5.699999809265137,15.18000030517578,5.699999809265137,16.942874713106924,5.699999809265137,17.999952280338928,5.699999809265137,19.257395665001532,3676970.0,3410194.0,2599769.4444444445,22212274.38124895,0.0661689326220502,0.5007143361227853,0.064608301435198,-1.0068132794807092,0.119828689635976,-4.007332701512803,-2.4148521687184448,8.40999984741211,7.5,4126900.0,True,False,False,0.2725779648308724,1.182600671171518,-0.4334795448017779,0.5530426206110282,-0.4825367394811667,0.4825196886652612,1.41434464808311,80.0,90.0,90.0,6.0,6.0,12.0,12.0,81.0,75.0,69.0,62.0,100.0,CWH
2026-04-20,3.0,3.109999895095825,2.9100000858306885,2.9100000858306885,122800.0,-0.0066225102823933,3.064481691256322,2.852660678004827,2.627400031089783,2.431500025590261,1.9759000158309936,1.7321500086784365,2.078465002775192,1.309999942779541,8.479999542236328,1.0269999504089355,8.479999542236328,1.0269999504089355,8.479999542236328,1.0269999504089355,8.479999542236328,1.0269999504089355,8.479999542236328,1.0269999504089355,8.479999542236328,7158172.5,5736172.0,1685798.8095238097,89547041.50280476,0.1712270830031699,1.142785710947854,0.3809285703159513,1.3606105934822377,-0.0175010771791372,1.106389899620578,2.896773000619397,3.0299999713897705,2.8299999237060547,273200.0,False,True,True,0.9867549794352132,1.846281985910149,1.2058823297386767,2.153403170537569,0.3333333333333332,1.2432951940239234,4.246160609178495,98.0,99.0,99.0,99.0,99.0,83.0,83.0,98.0,98.0,98.0,97.0,57.692307692307686,CYCN
2026-04-20,203.6100006103516,205.1452435867328,195.9337400932815,195.94371898248147,7155800.0,0.0391248813989288,187.19996490132104,178.28278908277204,173.85925476074215,169.44703979492186,152.85783599853517,138.7013889312744,136.89510147094725,137.0758603203263,205.1452435867328,110.85698684434615,205.1452435867328,109.8800132652644,205.1452435867328,109.8800132652644,205.1452435867328,109.8800132652644,205.1452435867328,79.02393061159783,205.1452435867328,9300885.0,8894508.0,6974411.111111111,1501059233.275528,0.0502513129332518,9.084035009805223,0.0446148763939613,7.441957213945273,0.8439283882260643,4.41924618818638,3.405205570301276,196.7312820614873,191.15852860714315,6311200.0,False,False,False,0.302883378927826,1.210763348855436,0.7019291647301129,1.6614393297190762,0.3605474048394219,1.268671537258931,1.3335728066248524,76.0,91.0,91.0,97.0,97.0,84.0,84.0,89.0,94.0,92.0,89.0,100.0,DELL
2026-04-20,23.18000030517578,26.25,22.5,25.6299991607666,5987900.0,0.0220458550825457,21.903325923472234,20.871862833395827,19.98400001525879,19.722333272298176,18.71800003051758,16.438200035095214,13.45580003261566,17.1299991607666,26.25,15.614999771118164,26.25,12.0,26.25,10.46500015258789,26.25,8.77299976348877,26.25,5.449999809265137,26.25,1825397.5,1712414.0,1608830.5555555555,41318650.013046265,0.0607288528672427,1.3446429116385323,0.0580087529739286,4.109382996276799,0.3718459344650234,8.261748920663486,9.330206608048284,23.0,22.01000022888184,2122200.0,False,False,False,0.2422293941438877,1.1543978882730304,0.5401993363060513,1.503557143256243,0.946263694555168,1.8148352233077645,1.1346114068362283,61.0,87.0,87.0,96.0,96.0,96.0,96.0,81.0,84.0,93.0,94.0,100.0,DFTX
2026-04-20,91.91999816894533,93.54000091552734,91.0999984741211,93.0,534800.0,-0.0143684745506196,91.00107900110162,86.90051102843204,85.11480010986328,84.60133336385091,71.96199989318848,58.15249992370605,43.914549894332886,75.5,96.5,45.63999938964844,96.5,35.84000015258789,96.5,32.279998779296875,96.5,32.220001220703125,96.5,16.639999389648438,96.5,1207892.5,1064706.0,677250.3968253968,81605613.20480347,0.0514937111535607,4.352856772286551,0.0473548396322438,5.8566515560069945,-0.30784471839657,7.354826865409086,11.9258866473762,94.4499969482422,91.5500030517578,553100.0,False,False,True,0.1489999771118164,1.0677602328978568,1.0843537720956182,2.034765844415816,1.5533332824707031,2.380910249127865,1.7835242410517318,89.0,76.0,76.0,98.0,98.0,98.0,98.0,63.0,96.0,97.0,97.0,61.53846153846154,DNTH
2026-04-20,89.56999969482422,90.6050033569336,84.44000244140625,85.19999694824219,2751500.0,0.0460119417001263,84.04912921248464,82.01505432645749,83.49239929199219,80.34633267720541,72.61099990844727,61.70400001525879,48.67294996261597,52.59400177001953,94.65599822998048,51.02999877929688,94.65599822998048,43.810001373291016,94.65599822998048,37.834999084472656,94.65599822998048,33.685001373291016,94.65599822998048,25.559999465942383,94.65599822998048,4989042.5,4593194.0,2787271.8253968256,498624678.67542267,0.0929013662451228,8.054571969168526,0.0899248855265314,2.5972749309709613,0.4891634783931264,7.38813878696371,10.484307424404184,93.48999786376952,82.23999786376953,4571400.0,True,False,False,0.049443483258909,0.975242855021069,0.6976876903778741,1.6572987623847584,1.0791549648973486,1.9387525316158896,1.7899375491623273,90.0,46.0,46.0,97.0,97.0,97.0,97.0,95.0,93.0,94.0,95.0,46.15384615384615,DOCN
2026-04-20,13.350000381469728,13.536999702453612,13.18000030517578,13.1899995803833,1106900.0,0.0105980577531015,12.849603733395922,12.598885624197925,12.1996000289917,11.900333340962728,12.968000011444092,14.1128000164032,15.272250008583068,10.029999732971191,13.539999961853027,9.800000190734863,17.299999237060547,9.800000190734863,17.299999237060547,9.800000190734863,17.299999237060547,9.800000190734863,18.3700008392334,9.800000190734863,19.739999771118164,2321350.0,2052638.0,1145752.380952381,21586943.646616936,0.0477960583109562,0.5122857093811035,0.0383734602803588,0.7676439269191435,0.2732856700060781,-0.1860264786862311,1.3246769873669804,13.350000381469728,12.729999542236328,1084000.0,False,False,False,0.2750716371527093,1.1849180290411223,-0.1398195884207227,0.8397162444057312,-0.1651031536859005,0.7785174273960376,2.0260485935629737,92.0,90.0,90.0,25.0,25.0,29.0,29.0,79.0,75.0,69.0,62.0,73.07692307692307,DRVN
2026-04-20,3.910000085830689,3.9700000286102295,3.7200000286102295,3.839999914169312,18600.0,-0.0025510179256708,4.62249337423933,4.821782080674192,4.941599946022034,4.583333281675975,3.901899969577789,4.193509973287583,6.099714984297752,1.899999976158142,12.699999809265137,1.899999976158142,12.699999809265137,1.899999976158142,12.699999809265137,1.899999976158142,12.699999809265137,1.899999976158142,12.699999809265137,1.899999976158142,27.84000015258789,3637820.0,2921980.28,650190.2420634921,60034039.46506024,0.3498011052467042,1.4733570984431676,0.3768176639643601,0.0055091407434953,-0.0067872143649515,-6.093154053615519,-4.213945279630934,4.215000152587891,3.920000076293945,33900.0,False,True,True,0.7533632521919007,1.6293921599728411,-0.1272321274142941,0.852004242761234,-0.4195368096196515,0.5412653211807607,5.595008606180776,99.0,98.0,98.0,27.0,27.0,14.0,14.0,97.0,96.0,94.0,92.0,38.46153846153847,EEIQ
2026-04-20,5.440000057220459,6.199999809265137,4.670000076293945,6.0,3911100.0,-0.161787326799366,3.3197449243299157,2.706150298876432,2.269999985694885,2.199999984105428,2.042199990749359,2.144499992132187,2.321349984407425,1.690000057220459,9.84000015258789,1.659999966621399,9.84000015258789,1.659999966621399,9.84000015258789,1.659999966621399,9.84000015258789,1.659999966621399,9.84000015258789,1.4299999475479126,9.84000015258789,4289342.5,3434500.0,695907.1428571428,55326326.84795916,0.1256758063091785,0.7992856928280422,0.1469275155185261,11.323910173782243,-1.3136725995714793,-0.7386699320178849,-1.961601510876053,9.84000015258789,5.0,167170000.0,False,False,False,1.98901093430802,2.777673694453331,1.1003861920841898,2.050416844276207,0.7777778297208242,1.6577269738006362,6.1636707483551785,99.0,99.0,99.0,98.0,98.0,94.0,94.0,99.0,99.0,98.0,98.0,96.15384615384616,EFOI
2026-04-20,46.40999984741211,48.150001525878906,46.400001525878906,47.7400016784668,492400.0,-0.0353357044558771,44.34689116739965,41.152751575396415,38.31840019226074,36.84033349355062,33.3706001663208,27.4026501083374,23.899100036621093,26.700000762939453,48.52999877929688,24.895000457763672,48.52999877929688,14.78499984741211,48.52999877929688,14.78499984741211,48.52999877929688,14.78499984741211,48.52999877929688,14.78499984741211,48.52999877929688,1347145.0,1207340.0,758249.6031746032,67442415.62960625,0.0693208678149959,2.537141799926758,0.0546679984543941,7.147602737781577,-0.6700456249581828,6.373739324970771,9.05672701170723,48.52999877929688,45.525001525878906,1383700.0,True,False,False,0.5444259908724003,1.4352277533134672,0.7375515326914281,1.6962142218680332,1.1337930964327407,1.9897010263771893,1.7766511111378598,89.0,97.0,97.0,97.0,97.0,97.0,97.0,95.0,94.0,98.0,97.0,88.46153846153845,ELVN
2026-04-20,148.8170928955078,149.06692014289786,144.69994473795845,145.56933867943732,2259400.0,0.0195809472594117,136.4902731922894,130.25853862658062,123.88234008789064,122.17751846313476,125.46884170532226,111.24851684570312,98.61860244750976,107.17588728580778,149.06692014289786,107.17588728580778,149.06692014289786,83.30311269569825,149.06692014289786,67.86662641509832,149.06692014289786,67.86662641509832,149.06692014289786,65.39469022924729,149.06692014289786,2289442.5,2507482.0,2881591.26984127,271518177.79777527,0.0438034014838066,5.8502413768833135,0.0393116224961541,4.73366477959368,0.4885297517922297,11.690841340536014,11.12148929887618,146.3588086926409,139.30367406243687,2476800.0,False,False,False,0.2853443004778291,1.1944643663805563,0.2700790068646077,1.2398631256724642,0.6479618191173078,1.5366772572326033,0.7945063284863825,25.0,91.0,91.0,88.0,88.0,93.0,93.0,84.0,77.0,91.0,94.0,100.0,ENTG
2026-04-20,3.650000095367432,5.429999828338623,3.494999885559082,4.199999809265137,158704700.0,1.0054945000961863,2.30669797319752,2.169780998728544,2.049320015907288,2.0331000129381818,2.090159997940064,3.3719800090789795,7.100370020866394,1.7100000381469729,5.429999828338623,1.7100000381469729,5.429999828338623,1.7100000381469729,13.25,1.7100000381469729,13.25,1.7100000381469729,13.25,1.7100000381469729,17.8439998626709,4328660.0,3842708.0,958846.7222222222,30450414.796376824,0.1136068278566391,0.4884285075323922,0.1338160259645757,5.576894388273868,3.746710142208437,-6.570357892539765,-5.69572441570346,1.9600000381469729,1.7100000381469729,1164800.0,False,False,False,0.8622449103716459,1.7305753688607517,-0.068877544814177,0.9089705376049736,-0.6140016953537122,0.3599323778010839,4.514444175152314,98.0,98.0,98.0,34.0,34.0,7.0,7.0,98.0,96.0,95.0,93.0,100.0,ENVB
2026-04-20,6.829999923706055,6.840000152587891,6.420000076293945,6.480000019073486,4802500.0,0.0317220606914312,6.222637975645555,5.887223312935284,5.527999992370606,5.436666679382324,5.575600023269653,6.68365002155304,8.921075012683868,4.614999771118164,6.840000152587891,4.614999771118164,7.789999961853027,4.614999771118164,9.1899995803833,4.614999771118164,12.649999618530272,4.614999771118164,14.210000038146973,4.614999771118164,16.489999771118164,6089582.5,5983582.0,6794705.158730159,32642633.74847412,0.0677356439044465,0.4016429015568324,0.058805696346025,3.825824135501701,0.5228526069625001,-4.981540584362761,-5.106187922586681,6.78000020980835,6.539999961853027,5620200.0,False,False,False,0.3444881941500715,1.2494265064501326,-0.1711164910895104,0.8091639123405131,-0.4066029723815592,0.5533257544395667,0.8962246863906694,34.0,93.0,93.0,22.0,22.0,15.0,15.0,89.0,84.0,79.0,73.0,100.0,ENVX
2026-04-20,7.159999847412109,7.389999866485596,6.880000114440918,7.010000228881836,19922200.0,0.0,6.412139157018322,6.144441673088677,5.527399997711182,5.634833319981893,7.248599996566773,10.820900015830992,10.397799999713898,4.369999885559082,7.78000020980835,4.369999885559082,18.36000061035156,4.369999885559082,18.739999771118164,4.369999885559082,19.86000061035156,4.369999885559082,19.86000061035156,3.690000057220459,19.86000061035156,27568077.5,25123742.0,19368830.95238095,144335941.2992692,0.10283521954014,0.6671429021017892,0.0931763849608068,-0.1311820645996413,0.0,-4.678430438900097,-3.4681144909784147,7.78000020980835,7.079999923706055,28762400.0,False,False,False,0.2971014261145572,1.2053902075103693,-0.5896848404374506,0.4005535352496777,-0.5365695834430779,0.4321356072522945,1.423321705258166,80.0,91.0,91.0,3.0,3.0,10.0,10.0,94.0,90.0,87.0,82.0,92.3076923076923,EOSE
2026-04-20,21.709999084472656,21.850000381469727,18.799999237060547,19.01000022888184,7627200.0,0.142030448347324,18.335475194673712,17.20547073072935,16.30680004119873,16.09266668955485,14.94040002822876,10.39270003795624,6.155725022554398,12.90999984741211,21.850000381469727,9.050000190734863,21.850000381469727,3.150000095367432,21.850000381469727,2.1050000190734863,21.850000381469727,1.5299999713897705,21.850000381469727,1.059999942779541,21.850000381469727,5385315.0,5000752.0,2947333.73015873,91205662.99227238,0.0859388075705569,1.5517144203186035,0.071474642365527,6.339408394925023,1.740010159238223,19.390440911120752,22.05311762011789,19.780000686645508,18.44499969482422,5255500.0,False,False,False,0.4226735752849617,1.3220838105691857,1.2567566884342996,2.2030672001357376,7.581027403153289,8.001562597596054,1.8271819525880333,90.0,95.0,95.0,99.0,99.0,99.0,99.0,94.0,98.0,99.0,99.0,100.0,ERAS
2026-04-20,38.93999862670898,39.43999862670898,37.0,37.220001220703125,2707900.0,0.0339882842401242,35.23947115484126,33.35922720531127,31.67320014953613,31.514000129699703,31.06260005950928,33.06530002593994,39.6874250793457,28.44099998474121,39.43999862670898,24.739999771118164,39.43999862670898,24.739999771118164,42.34999847412109,24.739999771118164,44.209999084472656,24.739999771118164,46.27999877929688,24.739999771118164,79.95999908447266,1226292.5,1368460.0,1322270.6382978724,40184153.43020439,0.0451823406138383,1.6351424625941686,0.0419913333400228,6.039282564947387,0.7828056628571343,-5.351586846282031,-5.490510948928629,38.68000030517578,37.43999862670898,1325400.0,False,False,False,0.3253914138537006,1.2316799590323448,0.2428981398510881,1.213328906500489,0.0106410552920237,0.9423938751958796,0.92741414993422,37.0,92.0,92.0,87.0,87.0,47.0,47.0,82.0,88.0,84.0,79.0,100.0,ETOR
2026-04-20,33.970001220703125,34.71500015258789,33.34000015258789,34.290000915527344,617400.0,-0.013360414766058,33.37674967520881,32.59796201543057,31.9652001953125,31.587000147501627,30.857400093078613,28.141400089263914,21.795300068855287,27.030000686645508,35.0,26.823999404907227,35.0,19.76000022888184,35.0,15.229999542236328,35.0,13.6850004196167,35.0,12.149999618530272,35.0,868077.5,858772.0,1019981.746031746,26720571.51107788,0.0466969085072694,1.53242860521589,0.0451112319737553,2.2360393971653214,-0.3001765190932671,1.8430303413403983,7.208784967819461,35.0,33.150001525878906,824000.0,True,False,True,0.1304493205712982,1.0505211956979594,0.2402337341249258,1.210727888458427,1.217363048132417,2.0676276158619538,0.8510716033666957,30.0,71.0,71.0,86.0,86.0,97.0,97.0,69.0,63.0,89.0,94.0,46.15384615384615,EWTX
2026-04-20,15.989999771118164,16.214000701904297,15.539999961853027,16.020000457763672,1916900.0,-0.0111317442378785,15.264132294336177,14.938746803766344,14.785199966430664,14.891666666666667,13.964799976348877,12.675399980545045,9.919949996471406,13.15999984741211,16.649999618530273,9.916999816894531,17.479999542236328,9.916999816894531,17.479999542236328,7.210000038146973,17.479999542236328,6.5,17.479999542236328,3.765000104904175,17.479999542236328,3972022.5,3789404.0,2472844.4444444445,41131983.722167015,0.059107698704379,0.9077142306736538,0.0567676199916654,2.5546562387125853,-0.1983006315128443,5.898974435046686,10.804414940401584,16.649999618530273,16.020000457763672,2311200.0,False,True,False,0.1244725366281014,1.0449669987072776,0.3784482108001639,1.3456541663809252,1.0793237519035506,1.938909920671108,1.6062565152141484,86.0,70.0,70.0,93.0,93.0,97.0,97.0,62.0,89.0,86.0,94.0,61.53846153846154,FIGS
2026-04-20,84.27999877929688,84.55999755859375,82.26000213623047,82.62000274658203,2781400.0,0.0299400817966548,77.93440550885555,73.85204320653231,70.44239944458008,69.11466623942057,67.13079940795899,65.19789970397949,60.679599838256834,58.52999877929688,84.55999755859375,55.15999984741211,84.55999755859375,55.15999984741211,84.55999755859375,53.06999969482422,84.55999755859375,53.06999969482422,84.55999755859375,30.049999237060547,84.55999755859375,3394157.5,3544484.0,4220584.920634921,237021098.7041092,0.0455664332066136,3.2657138279506137,0.0387483848511021,6.592777605914746,0.7502178933356429,5.090112311863086,4.725888070696337,82.8499984741211,80.0199966430664,3235500.0,False,False,False,0.2810457152525383,1.1904697115043874,0.3000153694107301,1.2690872856161266,0.3305967568087136,1.2407434146930696,0.8041912587531593,26.0,90.0,90.0,90.0,90.0,83.0,83.0,87.0,86.0,82.0,80.0,100.0,FLEX
2026-04-20,42.790000915527344,46.29600143432617,42.25,43.040000915527344,4886700.0,-0.0212717355720335,38.9887089895141,34.89279817064426,31.43219985961914,29.774833170572915,26.25129981994629,25.214399929046632,29.34465904669328,18.809999465942383,46.29600143432617,18.11199951171875,46.29600143432617,18.11199951171875,46.29600143432617,16.0,46.29600143432617,16.0,49.59000015258789,16.0,73.80000305175781,6008000.0,5356012.0,3460750.0,267680906.6660595,0.12342417798745,4.287713732038226,0.1002036373054231,6.287342221941272,-0.2168988797518654,6.1860001904456485,5.637690708196399,46.27999877929688,42.959999084472656,7762400.0,False,True,False,0.8636760723769055,1.7319053409290643,0.2807542984422311,1.2502844461661962,0.5254902702097703,1.4224760411115478,1.7360398757494764,89.0,98.0,98.0,89.0,89.0,90.0,90.0,98.0,98.0,96.0,96.0,92.3076923076923,FLY
2026-04-20,17.350000381469727,17.440000534057617,16.809999465942383,16.959999084472656,2065300.0,0.0104834190085008,17.30270475209112,16.789828963391813,16.242692680358886,15.87339817682902,15.328682041168213,14.836091814041138,23.432319269180297,12.977942001367625,18.290000915527344,12.420606064533349,18.290000915527344,12.420606064533349,18.290000915527344,12.042771933742454,30.62644014470902,12.042771933742454,37.613144734173616,12.042771933742454,43.447656024251,3409300.0,3614010.0,3315493.253968254,47771869.45312023,0.048580571238987,0.7128573826381138,0.0410868799403292,3.2094213525572264,0.2525053531880997,3.3953513003754745,4.6146845712889535,17.360000610351562,17.030000686645508,2477900.0,False,False,True,0.2514690981382184,1.1629843014022043,0.1356980024148759,1.1086791195535353,-0.4151667843118521,0.5453402447779732,1.0282934510331063,49.0,88.0,88.0,78.0,78.0,15.0,15.0,80.0,78.0,72.0,70.0,46.15384615384615,FMC
2026-04-20,144.02999877929688,145.47999572753906,137.83999633789062,138.25,1591400.0,0.0497047717492782,127.05635351036172,117.34590621726451,109.49640045166016,106.25400034586588,101.70780014038084,82.87540000915527,60.174650020599366,81.01000213623047,145.47999572753906,68.97000122070312,145.47999572753906,53.40999984741211,145.47999572753906,41.84000015258789,145.47999572753906,30.200000762939453,145.47999572753906,23.790000915527344,145.47999572753906,1508355.0,1470314.0,1067457.142857143,190281689.89128116,0.0646642916922117,7.508569444928851,0.0521319829797023,7.981963094740285,0.908294464804582,15.486537400284462,16.279340339160335,138.27999877929688,130.8699951171875,1609500.0,False,False,False,0.514511052473789,1.4074279428453091,0.8392287481752194,1.7954724802267945,2.4374700127478257,3.205342459838045,1.4130356521506382,80.0,97.0,97.0,98.0,98.0,99.0,99.0,96.0,96.0,97.0,98.0,100.0,FORM
2026-04-20,25.40999984741211,25.950000762939453,24.57999992370605,24.81999969482422,6024900.0,0.0346091368059038,25.63770904042657,25.994756284175352,27.226800155639648,26.60300006866455,22.670900077819823,16.404600038528443,12.251400005817413,19.36000061035156,34.81999969482422,7.869999885559082,34.81999969482422,7.869999885559082,34.81999969482422,7.869999885559082,34.81999969482422,7.735000133514404,34.81999969482422,5.125,34.81999969482422,13595772.5,16637940.0,5974066.26984127,395458801.6180039,0.1215854819754587,3.3517860685076037,0.1319081498872565,0.915940915380228,0.2535962511020856,3.0990383438081777,8.575207672488364,26.290000915527344,23.96500015258789,12701000.0,True,True,True,-0.039319504178788,0.8927558314987338,1.8139535546864645,2.7470080451322856,2.20025184688819,2.9841433056767035,2.2757987417439947,94.0,16.0,16.0,99.0,99.0,99.0,99.0,77.0,99.0,98.0,98.0,26.923076923076923,FSLY
2026-04-20,58.7599983215332,60.06999969482422,56.650001525878906,58.43999862670898,8783100.0,0.0732419784754923,50.78529106241197,48.43552966937517,46.26760025024414,45.94133364359538,46.327700271606446,42.81325008392334,39.0062000656128,40.540000915527344,60.06999969482422,39.18000030517578,60.06999969482422,34.880001068115234,60.06999969482422,32.02000045776367,60.06999969482422,31.59000015258789,60.06999969482422,30.729999542236328,60.06999969482422,3867647.5,4004748.0,3127507.936507937,159030594.81594086,0.0465160498699215,2.501071112496512,0.0425641794407602,6.304728738007023,1.6033123974353989,8.864033228568102,8.586560073447787,54.97999954223633,52.0,5077800.0,False,True,False,0.3551659938746661,1.2593493351254028,0.4248301631911513,1.3909326665021473,0.6994937678936328,1.5847293254218222,1.2366547355011597,69.0,94.0,94.0,94.0,94.0,93.0,93.0,87.0,85.0,88.0,89.0,100.0,GFS
2026-04-20,165.3800048828125,168.58999633789062,162.50999450683594,166.0800018310547,8571800.0,0.0060834649610388,163.42052711575965,156.08080860701884,148.36000244140624,145.4973353068034,142.78269760131835,117.17679374694823,94.95399827957154,120.01000213623048,176.75,90.84045541803384,176.75,83.79360177257892,176.75,77.24582263520622,176.75,75.74972492252529,176.75,39.56364464944431,176.75,12977697.5,12668692.0,7711173.80952381,1748119388.8339996,0.0592489645860152,8.829998561314174,0.0533921774132917,2.96417251496683,0.113250301577758,11.13725665981148,13.25414838327432,170.10000610351562,163.25,10349800.0,False,True,True,0.2427111707795339,1.1548456010170944,0.7589032114625307,1.7170579324060466,0.9171342459036662,1.7876728456730302,1.6829730233770228,88.0,87.0,87.0,97.0,97.0,96.0,96.0,83.0,94.0,94.0,93.0,73.07692307692307,GLW
2026-04-20,26.799999237060547,27.125,24.959999084472656,25.040000915527344,6142000.0,0.0371516671363685,23.427553284766766,22.171131520136782,21.141999969482423,21.210499954223632,21.275199966430662,23.89560001373291,26.98122504234314,16.43000030517578,27.125,16.43000030517578,33.70000076293945,16.43000030517578,34.72999954223633,16.43000030517578,41.25,16.43000030517578,45.91999816894531,16.43000030517578,45.91999816894531,5460217.5,5647934.0,7628871.982758621,119552426.66983604,0.0790822200322514,1.7404999051775252,0.0649440281614136,3.998560124150979,0.5515651460921738,0.1550399647364004,-0.7721137041545687,27.100000381469727,24.915000915527344,9500300.0,False,False,False,0.2731591547935343,1.1831407682491957,-0.2188866754775681,0.7625302070283199,-0.3284891170251822,0.6261646901530141,0.7157306496085114,20.0,90.0,90.0,18.0,18.0,19.0,19.0,93.0,90.0,87.0,82.0,100.0,GLXY
2026-04-20,7.809999942779541,7.960000038146973,7.570000171661377,7.579999923706055,3351100.0,0.0303430107372657,7.272782981601082,7.170462776711201,6.806799983978271,6.708333317438761,7.842999944686889,9.006249995231629,12.122249991893767,5.65500020980835,7.960000038146973,5.65500020980835,10.604999542236328,5.65500020980835,11.479999542236328,5.65500020980835,15.149999618530272,5.65500020980835,17.780000686645508,5.65500020980835,19.40999984741211,4555600.0,4055200.0,3318677.380952381,26408395.467112064,0.0545586117693044,0.3530714171273367,0.04520760815802,-0.0930722521460667,0.651426334492933,-9.166790570615923,-9.139085583125487,7.659999847412109,7.170000076293945,3926000.0,False,False,False,0.3396226492254954,1.244904978612596,-0.1856100293520862,0.7950151833597447,-0.4796802249375219,0.4851833067680909,1.372715536058721,78.0,93.0,93.0,20.0,20.0,12.0,12.0,83.0,77.0,71.0,64.0,92.3076923076923,GO
2026-04-20,14.949999809265137,15.079999923706056,13.949999809265137,14.039999961853027,1770800.0,0.052075986568024,13.31953238583571,12.604140842203623,11.854000015258787,11.67933333714803,12.032800006866456,14.222600002288818,19.775900030136107,9.170000076293944,15.81999969482422,9.170000076293944,16.469999313354492,9.170000076293944,18.68000030517578,9.170000076293944,21.57999992370605,9.170000076293944,24.18000030517578,9.170000076293944,43.08000183105469,1618692.5,1490412.0,1398009.5238095238,20321570.407648087,0.0809276630746778,1.049285820552281,0.0701863434073086,3.4541950700551083,0.7052413714393593,-7.350795079384834,-7.464185685668351,15.81999969482422,14.0,4047400.0,False,False,False,0.3615665239108223,1.2652973173518731,-0.0748762406913478,0.9031145540165288,-0.2717974033488507,0.6790280915190866,1.1578551307641476,63.0,94.0,94.0,33.0,33.0,22.0,22.0,93.0,90.0,87.0,82.0,96.15384615384616,GRPN
2026-04-20,80.36000061035156,80.37000274658203,79.62000274658203,79.9000015258789,2133800.0,0.0042489875224784,76.9048856330585,72.80922704594687,69.12480010986329,67.2310001373291,64.27860008239746,63.77360023498535,50.15100011825562,53.66999816894531,81.06999969482422,53.66999816894531,81.06999969482422,53.66999816894531,81.06999969482422,41.060001373291016,81.06999969482422,29.63999938964844,81.06999969482422,17.239999771118164,81.06999969482422,1456850.0,1254600.0,954171.4285714284,170141682.52994537,0.0604311540379387,4.133572169712612,0.0514381799193285,4.863756965985472,0.0822542714450284,0.2846270318168526,3.532535873672923,80.80000305175781,79.76000213623047,1991300.0,False,True,False,0.3060296148972208,1.2136871310298072,0.3357712901292236,1.3039925532283911,0.8148148786292175,1.6922629624821122,1.52682207449994,84.0,92.0,92.0,91.0,91.0,95.0,95.0,90.0,85.0,80.0,91.0,84.61538461538461,GSAT
2026-04-20,25.670000076293945,26.020000457763672,25.1299991607666,25.309999465942383,5087300.0,-0.0081143389212704,24.394280999997868,23.395115750446585,21.79239974975586,21.84743315378825,23.37586433410645,22.096892566680907,17.642094116210938,17.5,26.399999618530277,17.5,28.731057091587807,16.89474161093272,28.731057091587807,14.335538573391398,28.731057091587807,12.995955044188683,28.731057091587807,6.747899716980353,28.731057091587807,5778745.0,5931558.0,6595013.095238095,116362786.4408493,0.0434445914429137,1.1885717936924525,0.0463019785804398,2.1195901047955137,-0.17668186775682,10.206648817165355,11.565415796557792,26.399999618530277,25.299999237060547,5752400.0,False,False,False,0.3764075389464747,1.2790890022836183,0.1412439444034119,1.114093120518467,0.4885791127990961,1.388057442650634,0.876229495916016,32.0,94.0,94.0,79.0,79.0,89.0,89.0,88.0,83.0,81.0,87.0,92.3076923076923,HBM
2026-04-20,31.01000022888184,31.854999542236328,28.40999984741211,28.53499984741211,69289000.0,0.0759889159350311,24.75632698959513,22.987760411867853,22.18439994812012,22.490999921162924,20.078999977111817,26.83759998321533,38.28619989395142,18.6200008392334,31.854999542236328,13.739999771118164,31.854999542236328,13.739999771118164,40.7400016784668,13.739999771118164,50.18999862670898,13.739999771118164,65.29900360107422,13.739999771118164,70.43000030517578,40475257.5,41015786.0,33519642.46031746,718817887.1317863,0.079125064356671,2.025571550641741,0.065319946329932,8.334355204532173,1.0811765861165368,-5.013620600230663,-7.355641540740185,29.780000686645508,27.399999618530277,58933000.0,False,False,False,0.2835265076462101,1.1927751001177942,-0.011790915926708,0.9646990440553336,-0.475739654625122,0.488857775866431,1.2075086286471286,67.0,90.0,90.0,44.0,44.0,12.0,12.0,94.0,97.0,96.0,94.0,100.0,HIMS
2026-04-20,17.993837356567383,18.12138281653808,17.728933088149876,17.90553593376155,5818400.0,-0.0176753714348903,16.884330022530953,16.47992705756755,15.380511589050291,15.627035776774088,17.606096153259276,19.07013116836548,17.450048179626464,12.784061260276768,19.03382852076265,12.784061260276768,25.56812305082157,12.784061260276768,25.56812305082157,12.784061260276768,25.56812305082157,12.784061260276768,25.56812305082157,12.342555754232816,25.56812305082157,5565102.5,5414052.0,5037464.285714285,88513858.32602978,0.0426178732885753,0.9082414405916376,0.0504751389375067,0.436316223217064,-0.3564806763941334,0.8813374657176647,2.8820079367029354,18.95533889653729,17.98402515608902,8042500.0,False,True,False,0.3435898524137384,1.2485916817323637,-0.1587155196714319,0.8212698577979933,-0.1625570596285601,0.7808915872748057,1.104742819871109,58.0,93.0,93.0,23.0,23.0,29.0,29.0,85.0,79.0,74.0,67.0,96.15384615384616,HMY
2026-04-20,23.950000762939453,24.100000381469727,23.26000022888184,23.3700008392334,3180000.0,0.0195828436059364,22.596786993157576,21.54982014611457,20.405600128173827,20.054000091552734,19.800257682800293,20.482878818511963,23.26480053901672,17.09000015258789,24.100000381469727,17.09000015258789,24.100000381469727,17.09000015258789,24.100000381469727,17.09000015258789,27.417277617323837,17.09000015258789,30.67633282304236,17.09000015258789,30.67633282304236,3740937.5,3918572.0,2479007.53968254,74902096.35465622,0.0401573870716644,0.8207142693655831,0.0342678180885725,6.1159498327840085,0.5604885999811755,-3.1926186637381906,-3.671674892453839,23.90999984741211,22.56999969482422,4098300.0,False,False,False,0.3607954683998395,1.264580779120033,0.1811998728182975,1.153098475323852,-0.0896312471996624,0.8488928213596597,1.509046438995124,83.0,94.0,94.0,82.0,82.0,35.0,35.0,85.0,79.0,73.0,66.0,100.0,HOG
2026-04-20,27.809999465942383,27.90999984741211,26.34000015258789,26.450000762939453,20616500.0,0.0518153897205886,25.55372247939504,24.68133430792518,24.07958229064941,23.62669429779053,22.871546783447265,22.759838027954103,22.556226816177368,20.46802024588562,27.90999984741211,19.712889088724488,27.90999984741211,19.712889088724488,27.90999984741211,19.67898935160942,27.90999984741211,19.67898935160942,27.90999984741211,14.19099479114059,27.90999984741211,18654612.5,18133900.0,21831910.31746032,466131383.1673336,0.0468010009851103,0.9614286422729492,0.0345713290448051,6.24567360744855,1.4249616369301212,2.5595294309940737,1.2230192565181512,26.559999465942383,25.895000457763672,17927100.0,False,False,False,0.2653399520088171,1.1758744201614684,0.3054720335852332,1.2744141327355405,0.2514514200746711,1.1669426520999395,0.8544654237188196,30.0,89.0,89.0,90.0,90.0,77.0,77.0,81.0,80.0,74.0,68.0,96.15384615384616,HPE
2026-04-20,7.809999942779541,8.180000305175781,7.380000114440918,7.420000076293945,27579900.0,0.0511440273513286,6.710894078556263,6.028026579478648,5.3683999824523925,5.142666657765706,4.976099996566773,5.132199988365174,5.620199999809265,3.775000095367432,8.180000305175781,3.775000095367432,8.180000305175781,3.775000095367432,8.180000305175781,3.775000095367432,8.180000305175781,3.775000095367432,8.180000305175781,3.775000095367432,9.390000343322754,9691320.0,8939560.0,10726403.174603175,80202112.08468437,0.1002067162447704,0.6464285850524902,0.0827693456835582,6.880593358508047,0.5878454685138372,2.4517895724601937,1.863588386834612,7.755000114440918,6.670000076293945,22175700.0,False,False,False,0.9623115340078944,1.823566807927373,0.3983885209373774,1.36512008552452,0.3512110137169875,1.2599656195998932,0.9035013734096874,35.0,99.0,99.0,93.0,93.0,84.0,84.0,98.0,96.0,95.0,92.0,100.0,HTZ
2026-04-20,78.98999786376953,79.04000091552734,73.73999786376953,73.98999786376953,4876900.0,0.0546060915162662,68.50953628114372,62.479491083692025,57.0163996887207,55.71033312479655,54.77969985961914,52.61754985809326,42.66617484092713,42.060001373291016,79.04000091552734,42.060001373291016,79.04000091552734,34.18000030517578,79.04000091552734,31.670000076293945,79.04000091552734,31.670000076293945,79.04000091552734,10.609999656677246,79.04000091552734,4782312.5,4613434.0,6225479.365079365,311134081.9405556,0.0796473789953944,5.212787083217076,0.0659930019520615,6.697035520189979,0.7846083625894961,4.106403044536313,3.673388532646674,76.08000183105469,72.08000183105469,6006000.0,False,False,False,0.5753888876208735,1.4640014265092192,0.3242245740681171,1.2927205399210315,0.6193111898414876,1.509961364969312,0.7681838167877428,23.0,97.0,97.0,91.0,91.0,92.0,92.0,97.0,95.0,96.0,96.0,100.0,HUT
2026-04-20,43.970001220703125,44.83000183105469,42.45000076293945,43.09000015258789,1860900.0,-0.0045278912504641,40.4761727070069,39.00162607916749,36.59600021362305,37.36566670735677,39.2532999420166,32.71114992141724,19.264999965429308,29.209999084472656,46.65999984741211,29.209999084472656,58.72999954223633,11.1899995803833,58.72999954223633,6.480000019073486,58.72999954223633,5.690000057220459,58.72999954223633,2.7100000381469727,58.72999954223633,3580557.5,3706770.0,2234075.793650794,89492036.81601524,0.0933076845269325,3.413856642586844,0.0776405855767736,1.5476522983769043,-0.0585838742457094,13.963878601230498,17.83674532028659,45.79899978637695,42.09999847412109,2836400.0,True,False,False,0.3844458722867951,1.2865589873580707,0.2697083414527375,1.2395012785955055,3.9739819526848086,4.638095892701065,1.6027018913932485,86.0,94.0,94.0,88.0,88.0,99.0,99.0,90.0,85.0,99.0,99.0,96.15384615384616,HYMC
2026-04-20,1.7000000476837158,1.7200000286102295,1.6200000047683716,1.6399999856948853,17363100.0,0.024096434859411,1.6434418257803656,1.6250918715974536,1.5423999881744386,1.5793333252271016,1.7189999914169312,1.611199995279312,1.2194999969005584,1.2300000190734863,1.8799999952316284,1.2300000190734863,2.240000009536743,1.2300000190734863,2.240000009536743,0.8880000114440918,2.240000009536743,0.8640000224113464,2.240000009536743,0.4819999933242798,2.240000009536743,19746720.0,17957244.0,9229985.317460315,32529810.494748358,0.0614895236847086,0.0935714415141514,0.0550420228762019,-0.2008084823168412,0.4274817232164518,5.779538678349734,9.285935522999637,1.725000023841858,1.6399999856948853,12814100.0,False,False,False,0.2878787728271106,1.1968196395222883,0.0625000139698384,1.037222551689741,0.5454545553065526,1.4410921658962623,2.139409687103752,93.0,91.0,91.0,67.0,67.0,91.0,91.0,83.0,77.0,71.0,90.0,53.84615384615385,IAUX
2026-04-20,8.199999809265137,8.350000381469727,7.650000095367432,7.659999847412109,16211200.0,0.0649350665435559,7.598142696791033,7.625300847847477,7.687800006866455,7.771166706085205,8.019400005340577,5.70059999704361,4.090624997615814,6.539999961853027,9.539999961853027,5.539999961853027,12.43000030517578,1.950000047683716,12.43000030517578,1.950000047683716,12.43000030517578,1.950000047683716,12.43000030517578,1.830000042915344,12.43000030517578,28276235.0,29223386.0,17244576.984126985,164668253.17284584,0.1059860171726667,0.6092857633318219,0.0743031435980514,0.3030876286425586,0.8206329937298994,18.52850980949167,20.78821984058593,7.900000095367432,7.260000228881836,21520500.0,False,False,False,-0.0702947740375674,0.8639706600302182,0.4855072169563295,1.4501661796389484,2.241106680630017,3.0222392695095985,1.63971751966008,87.0,11.0,11.0,95.0,95.0,99.0,99.0,69.0,84.0,99.0,98.0,57.692307692307686,IBRX
2026-04-20,64.45999908447266,67.76000213623047,64.34500122070312,65.6500015258789,718000.0,-0.0196197857874881,60.20801437947037,55.68894455290577,52.243200073242186,50.63866678873698,48.77280029296875,35.72040015220642,27.357550067901613,38.41999816894531,67.76000213623047,27.030000686645508,67.76000213623047,16.604999542236328,67.76000213623047,14.0600004196167,67.76000213623047,14.0600004196167,67.76000213623047,13.119999885559082,67.76000213623047,747552.5,936466.0,806404.7619047619,36403941.85062408,0.0677184024327601,3.797072001865932,0.0589058649673574,5.46020780210385,-0.3397357002694234,18.47797190936823,19.39730674805913,66.79000091552734,63.5099983215332,582000.0,False,False,False,0.2609546250257728,1.1717991565809427,1.1645398790530916,2.113044279592249,1.8358997088712945,2.6443953590801432,0.927018955386932,37.0,89.0,89.0,99.0,99.0,98.0,98.0,94.0,98.0,99.0,99.0,88.46153846153845,ICHR
2026-04-20,15.390000343322754,15.664999961853027,14.70699977874756,15.079999923706056,2627800.0,-0.0006493036009875,14.184276127683823,13.568327548079631,12.550400009155274,12.672666676839192,14.016000022888184,15.192400045394898,13.313200025558473,10.619999885559082,15.664999961853027,10.619999885559082,21.549999237060547,10.619999885559082,21.549999237060547,10.619999885559082,21.549999237060547,8.5600004196167,21.549999237060547,5.829999923706055,21.549999237060547,2228270.0,2136148.0,1708766.6666666667,28997283.39840412,0.0557890992186775,0.8070000920976911,0.0524366519879789,1.869509987827839,-0.0123906741838501,2.653307539014472,3.032481242773668,15.479999542236328,14.979999542236328,2921200.0,False,False,False,0.353562049096362,1.257858796845026,-0.1205714089529854,0.8585064990508247,-0.044099380206484,0.891349984915326,1.3040223943194895,74.0,93.0,93.0,27.0,27.0,39.0,39.0,87.0,82.0,76.0,71.0,100.0,IE
2026-04-20,0.6200000047683716,0.6700000166893005,0.5400000214576721,0.5400000214576721,13642700.0,0.0689655562218258,0.4861720475874994,0.6049889151433946,0.4,0.7173333317041397,1.53219999730587,2.097699997127056,1.9370999978482724,0.2899999916553497,2.759999990463257,0.2899999916553497,3.2300000190734863,0.2899999916553497,3.319999933242798,0.2899999916553497,3.5299999713897705,0.2899999916553497,3.5299999713897705,0.2899999916553497,3.5299999713897705,21504620.0,17226954.0,3703666.26984127,21542549.8053892,0.1392276447296014,0.097142858164651,0.156682028092795,-3.799753491116024,0.4117649224390185,-8.620357348538356,-6.380329566132475,0.6100000143051147,0.5199999809265137,12139300.0,False,False,True,0.5121951467717143,1.405275782652902,-0.7891156487409958,0.205867296045522,-0.7047618890835847,0.2753010932963108,5.806306085165074,99.0,97.0,97.0,1.0,1.0,5.0,5.0,98.0,96.0,95.0,93.0,96.15384615384616,IMMP
2026-04-20,16.0,19.15999984741211,15.699999809265137,16.899999618530273,29797700.0,-0.0815155034486111,14.169290087995282,12.885907165435787,11.476800003051755,11.430666669209796,11.8122727654197,0.0,0.0,8.520000457763672,21.280000686645508,8.520000457763672,21.280000686645508,0.0,0.0,0.0,0.0,0.0,0.0,0.0,0.0,5122770.0,5103222.727272728,0.0,104755753.5331583,0.1210302369812725,1.6728572164263045,0.104553576026644,3.390830085900071,-0.8488471474735103,-2.0562954571334164,-0.8396051775057194,21.280000686645508,15.869999885559082,34659600.0,False,False,False,0.6632016829873522,1.5456054410433278,0.0,0.0,0.0,0.0,0.0,0.0,98.0,98.0,0.0,0.0,0.0,0.0,97.0,95.0,0.0,0.0,96.15384615384616,INFQ
2026-04-20,65.69999694824219,69.20999908447266,64.47000122070312,68.44999694824219,96851100.0,-0.040875956959968,62.65347106749486,57.56657800701216,52.579199981689456,51.52800000508626,49.33960006713867,45.74810009002685,37.50125003814697,40.630001068115234,70.33000183105469,40.630001068115234,70.33000183105469,34.95000076293945,70.33000183105469,32.88999938964844,70.33000183105469,24.21999931335449,70.33000183105469,18.25,70.33000183105469,95033820.0,93438938.0,101008824.6031746,5874003487.889404,0.0572095166321549,3.6371432713099887,0.0553598697146865,5.989673515967881,-0.7698357867407671,9.697318332911026,9.993920795274216,70.33000183105469,67.73999786376953,118831500.0,False,False,False,0.4226937313570922,1.3221025415114842,0.3990629946576365,1.3657785131423803,0.7833875319250501,1.6629578606434507,0.940846706942209,39.0,95.0,95.0,93.0,93.0,95.0,95.0,93.0,89.0,92.0,91.0,84.61538461538461,INTC
2026-04-20,48.31999969482422,48.56499862670898,45.119998931884766,45.34000015258789,47873500.0,0.0483835872174784,38.99914212660999,35.729831260933935,32.84640014648438,33.081000010172524,33.76940006256103,40.663199977874754,46.50314999580383,25.88999938964844,48.56499862670898,25.88999938964844,50.59000015258789,25.88999938964844,55.65999984741211,25.88999938964844,65.5,25.88999938964844,84.63999938964844,23.48500061035156,84.63999938964844,26824712.5,24966020.0,23833072.61904762,1115403820.9914017,0.0821710862180653,3.0900000163487027,0.0639486762389132,6.737922121908214,0.7216826959345477,-1.8470934591990276,-4.290807569413045,46.68999862670898,43.68000030517578,48967100.0,False,False,False,0.5147335508667465,1.4076347095473252,-0.0488188893598855,0.9285519865651768,-0.2633022961931425,0.6869495359436444,1.1255247247709652,60.0,97.0,97.0,37.0,37.0,22.0,22.0,97.0,94.0,92.0,89.0,100.0,IONQ
2026-04-20,3.7799999713897705,3.859999895095825,3.660000085830689,3.75,9751100.0,-0.0207253693990239,3.713288243711701,3.691135837408397,3.6532000064849854,3.8270000060399374,3.6189999914169313,3.0575999999046326,2.689150003790856,3.180000066757202,5.630000114440918,2.25,5.630000114440918,2.0799999237060547,5.630000114440918,1.7599999904632568,5.630000114440918,1.7599999904632568,5.630000114440918,1.6399999856948853,5.630000114440918,18588725.0,16333506.0,15087351.587301588,48669791.85978532,0.0793857870415903,0.2964285441807338,0.0784202503768135,0.5672950777892471,-0.2698792855025404,4.93406692128549,8.290262621988681,3.9700000286102295,3.849999904632568,10684200.0,False,True,True,-0.0232557924627198,0.9076837626604626,0.6016949743280764,1.5635897660782168,0.6874999800430879,1.5735454613272783,1.2320734286887949,69.0,18.0,18.0,96.0,96.0,93.0,93.0,56.0,91.0,91.0,93.0,30.76923076923077,IOVA
2026-04-20,41.7400016784668,42.7400016784668,41.34999847412109,41.650001525878906,2678500.0,-0.0026283584149308,37.76759386088868,34.279053109894825,31.58120002746582,30.409825642903645,27.310867347717284,22.79776643753052,22.191801609992982,23.268748592996012,44.36000061035156,18.32873776265436,44.36000061035156,16.20164776221908,44.36000061035156,15.430993559331483,44.36000061035156,15.430993559331483,44.36000061035156,15.430993559331483,44.36000061035156,2256175.0,2358330.0,2233280.9523809524,86572897.14964867,0.0638468160806335,2.278571673801967,0.05458964020544,9.678199092161943,-0.0482744505775229,16.02930570109976,15.036479299430754,44.36000061035156,41.43000030517578,3877200.0,False,True,False,0.5858663435575531,1.4737380766519348,1.2055346126448416,2.1530637258254823,1.2613464218000765,2.108640853685423,1.010251306533842,47.0,97.0,97.0,99.0,99.0,97.0,97.0,96.0,97.0,97.0,96.0,92.3076923076923,IRDM
2026-04-20,5.75,5.889999866485596,5.659999847412109,5.659999847412109,31542800.0,-0.0204429110559773,5.322258413477121,5.042522620952111,4.686400012969971,4.62599999109904,5.039799995422364,4.981500010490418,4.829900004863739,3.869999885559082,6.159999847412109,3.869999885559082,6.5,3.869999885559082,6.5,3.869999885559082,6.5,3.869999885559082,6.5,3.400000095367432,6.5,27775587.5,25321942.0,22052763.888888888,157239360.40671825,0.0698733417256274,0.3835713522774832,0.0667080612656492,2.112462703472499,-0.3128489258819092,2.9860376171188845,4.7208550314581945,6.159999847412109,5.800000190734863,37070600.0,False,False,False,0.3990267185425258,1.300108898675738,0.0687732114662849,1.0433465063522986,0.2054507385727773,1.1240483324250925,1.2595059576180612,71.0,95.0,95.0,68.0,68.0,73.0,73.0,89.0,84.0,79.0,73.0,96.15384615384616,JBLU
2026-04-20,20.8700008392334,20.979999542236328,20.200000762939453,20.549999237060547,703100.0,0.0190430325055799,20.05997240854205,19.384080499832823,18.78040008544922,18.593666712443035,17.39600004196167,16.446700000762938,14.75957504272461,15.09000015258789,21.30500030517578,14.225000381469728,21.30500030517578,14.220000267028809,21.30500030517578,10.40999984741211,21.30500030517578,10.40999984741211,21.30500030517578,9.829999923706056,21.30500030517578,1086185.0,999522.0,1143621.0317460315,23820209.58706856,0.0674271117543197,1.2379282542637415,0.059316157378229,3.366723922857272,0.3150435379867985,2.839506693274357,7.013149639667905,20.799999237060547,19.739999771118164,1091500.0,False,False,False,0.270237398148978,1.1804255936474484,0.4294520749274455,1.3954446204049922,0.8903986332741289,1.7627426516543383,0.9497770413872672,40.0,90.0,90.0,94.0,94.0,96.0,96.0,83.0,83.0,78.0,91.0,73.07692307692307,KALV
2026-04-20,18.170000076293945,18.239999771118164,17.860000610351562,17.969999313354492,794000.0,-0.0021965409220046,16.529280007709374,15.518581856497653,14.786399803161622,14.620999844868978,14.04849988937378,12.967399950027463,13.448024973869323,12.729999542236328,18.3799991607666,11.154999732971191,18.3799991607666,10.289999961853027,18.3799991607666,10.289999961853027,18.3799991607666,10.289999961853027,18.3799991607666,10.289999961853027,18.3799991607666,1577990.0,1570228.0,1817981.746031746,19928374.6959734,0.0418882230433608,0.8202143396650042,0.0451411302268029,6.499095862408242,-0.0487665311911609,3.791966461800694,4.193289635239535,18.3799991607666,17.489999771118164,2080900.0,True,False,False,0.2445205206539069,1.1565270212797043,0.5268908116602156,1.4905652357636454,0.4020061745996646,1.3073306541537215,0.8679900133455162,31.0,88.0,88.0,95.0,95.0,86.0,86.0,86.0,90.0,91.0,87.0,96.15384615384616,KC
2026-04-20,46.43999862670898,47.40999984741211,43.93999862670898,43.93999862670898,678900.0,0.0342983752448755,42.43292189404502,38.89457518430127,35.271600036621095,33.47133344014485,30.1738000869751,27.865300006866452,19.91460001587868,21.0,47.40999984741211,20.8799991607666,47.40999984741211,20.8799991607666,47.40999984741211,15.829999923706056,47.40999984741211,9.100000381469728,47.40999984741211,2.3399999141693115,47.40999984741211,1317117.5,1195022.0,810710.7142857143,78320437.86951065,0.1098919101236732,4.001429421561105,0.0861634267848528,6.256523747766486,0.3848617427892227,4.039454978964443,7.071844203308861,45.61000061035156,41.0,1040700.0,False,False,False,1.0485222086642765,1.9036819792790447,0.7104972110206957,1.6698035374552338,2.112600428233004,2.9024108650041747,1.624645483019749,86.0,99.0,99.0,97.0,97.0,99.0,99.0,98.0,97.0,95.0,97.0,100.0,KOD
2026-04-20,12.989999771118164,13.380000114440918,12.760000228881836,13.170000076293944,1066000.0,-0.0129179390778926,12.210867745027093,11.126078981213862,10.208800010681152,9.660333315531412,8.770999994277954,8.402099986076355,7.451949987411499,6.409999847412109,13.380000114440918,6.409999847412109,13.380000114440918,6.409999847412109,13.380000114440918,5.78000020980835,13.380000114440918,5.78000020980835,13.380000114440918,4.940000057220459,13.380000114440918,1344897.5,1192412.0,1310215.4761904762,18889064.50399876,0.0806119361411956,0.8585713250296456,0.066094791390111,7.277683347731536,-0.1980034405272915,3.662141980243618,5.64144933060113,13.270000457763672,12.65999984741211,1353300.0,False,True,False,0.6463878315506533,1.5299804085946,0.8218793215456692,1.7785358060409555,0.9711683566527682,1.8380581083288163,1.0264704733227268,49.0,98.0,98.0,98.0,98.0,96.0,96.0,97.0,96.0,94.0,94.0,96.15384615384616,KODK
2026-04-20,2.5199999809265137,2.549999952316284,2.4600000381469727,2.5199999809265137,14471600.0,0.0161290167521737,2.6094408438921284,2.6265744672858147,2.71,2.644666663805644,2.39639999628067,1.7591000002622603,1.7492500045895576,1.8899999856948853,3.1700000762939453,1.25,3.1700000762939453,0.8399999737739563,3.1700000762939453,0.8399999737739563,3.1700000762939453,0.8399999737739563,3.1700000762939453,0.8399999737739563,3.1700000762939453,31188012.5,28870880.0,15439200.396825396,67782714.28578377,0.0711994508087086,0.2242857217788696,0.0890022712208147,0.5795061071417459,0.17834377300426,3.6113420030640064,5.492610348540785,2.509999990463257,2.3299999237060547,20151500.0,False,True,True,-0.1543624279203835,0.7858469877263007,0.9842519832859188,1.9370455324602704,0.7260273390984904,1.6094711215912905,2.0200536101865008,92.0,6.0,6.0,98.0,98.0,94.0,94.0,79.0,96.0,98.0,97.0,15.384615384615383,KOS
2026-04-20,9.079999923706056,9.220000267028809,8.800000190734863,8.869999885559082,3260300.0,0.0318181507843591,8.242497556403862,7.757715004758914,7.231600036621094,7.189333359400432,7.183200016021728,6.765099973678589,5.160199986696243,5.650000095367432,9.56999969482422,5.650000095367432,9.56999969482422,4.650000095367432,9.56999969482422,3.619999885559082,9.56999969482422,3.0299999713897705,9.56999969482422,1.7100000381469729,9.56999969482422,3450545.0,3164042.0,2643112.698412698,30199206.642620564,0.0790660917664376,0.5928570543016706,0.0652926276743505,4.044263215868244,0.4722887767625613,5.699232966558308,9.138547918607347,9.56999969482422,8.739999771118164,5765800.0,True,False,False,0.5108152375886672,1.4039934395893523,0.1086691561565502,1.0822933044790084,1.203883537844784,2.055058358093146,1.3054853854972583,74.0,97.0,97.0,75.0,75.0,97.0,97.0,93.0,89.0,93.0,96.0,96.15384615384616,LAR
2026-04-20,71.33999633789062,71.95999908447266,68.91999816894531,70.67500305175781,771100.0,0.0129205740277125,67.15589978523953,65.3323990581356,65.37720001220703,65.03599993387859,61.94499977111816,50.90174983978272,39.14154993057251,53.25,74.0999984741211,41.5099983215332,74.0999984741211,34.28499984741211,74.0999984741211,28.049999237060547,74.0999984741211,27.21999931335449,74.0999984741211,6.929999828338623,74.0999984741211,1990395.0,1866646.0,1030809.126984127,95781318.6151886,0.0835282444660774,4.903786795479911,0.0687382540959758,2.206438733800773,0.1855700646597517,8.36767582899529,10.943385050661169,71.55799865722656,68.0,1081900.0,False,True,False,0.0064898293213531,0.9353262280012276,0.6235775732256514,1.5849517658596024,1.2504730164326805,2.098501714208455,1.9309054876370424,92.0,29.0,29.0,96.0,96.0,97.0,97.0,80.0,92.0,95.0,96.0,61.53846153846154,LASR
2026-04-20,26.559999465942383,26.920000076293945,25.834999084472656,26.299999237060547,2372700.0,0.009885940548449,27.448040445001773,27.90049469416853,28.759599990844727,28.85066661834717,27.979911079406737,23.91502670288086,18.39813181400299,25.834999084472656,32.400001525878906,20.543349825736566,32.400001525878906,16.55130056849828,32.400001525878906,14.64422446816766,32.400001525878906,10.600469649830783,32.400001525878906,9.82167991871116,32.400001525878906,4257695.0,4356824.0,4088621.8253968256,132348674.3639946,0.0474693673148298,1.1800000326974052,0.0444277129677847,-1.142249624499187,0.2203391709129803,4.714044548222034,9.840313067631683,27.43000030517578,26.11000061035156,4805800.0,False,False,False,-0.1629372880832246,0.7778784108186175,0.3197706637091355,1.2883725905499257,1.2421940545766672,2.090781819093139,1.041352118592373,51.0,5.0,5.0,91.0,91.0,97.0,97.0,8.0,67.0,85.0,88.0,3.8461538461538463,LBRT
2026-04-20,25.06999969482422,26.71999931335449,21.690000534057617,21.709999084472656,7406500.0,0.1842229383313736,20.47984230883538,19.509035690026494,18.659599914550785,18.775333213806157,18.61400001525879,20.476200027465826,27.703450078964234,16.700000762939453,26.71999931335449,16.239999771118164,26.71999931335449,16.239999771118164,26.71999931335449,16.239999771118164,33.5,16.239999771118164,35.400001525878906,16.239999771118164,45.297000885009766,1872697.5,1943672.0,1808231.746031746,39689540.28467178,0.0551485707635985,1.286428724016462,0.0513134718658193,6.75915475883425,3.03164842771372,-3.616160933653231,-6.410878494177046,21.559999465942383,20.799999237060547,1809100.0,False,False,False,0.4029098219057325,1.3037174482267015,0.1323396741621276,1.1054006877851323,-0.2252781451801135,0.7224059691021484,1.0356512676595393,50.0,95.0,95.0,78.0,78.0,25.0,25.0,90.0,87.0,82.0,77.0,100.0,LEGN
2026-04-20,76.08000183105469,76.31999969482422,71.98999786376953,73.73999786376953,1557200.0,0.0313136138417513,67.16394604415467,62.50777567440021,58.57320007324219,57.30833333333333,55.36379981994629,50.62049987792969,45.30956946619299,46.959999084472656,76.31999969482422,43.88999938964844,76.31999969482422,40.04999923706055,76.31999969482422,33.0099983215332,76.31999969482422,28.309999465942383,76.31999969482422,26.959999084472656,76.31999969482422,1645482.5,1536868.0,1323154.9668874172,150176085.6451416,0.0639569365029708,3.761786324637277,0.0494451397752434,7.567643043104641,0.6140713450041635,5.894598731871277,7.119444173094042,74.4800033569336,70.22599792480469,4220600.0,False,False,False,0.4775684472908352,1.3730973549429863,0.534180310485125,1.497681313384635,1.2615934367247852,2.1088711880369804,1.2436052776726707,70.0,96.0,96.0,96.0,96.0,97.0,97.0,93.0,92.0,93.0,94.0,100.0,LGN
2026-04-20,12.449999809265137,12.579999923706056,12.0600004196167,12.220000267028809,7475200.0,0.0,11.193646470168732,10.61634287333804,10.14439998626709,10.126333332061767,9.624399995803833,9.1210999584198,7.789199969768524,9.109999656677246,12.579999923706056,7.889999866485596,12.579999923706056,7.309999942779541,12.579999923706056,6.139999866485596,12.579999923706056,5.875,12.579999923706056,5.545000076293945,12.579999923706056,2736157.5,2704380.0,2473875.396825397,30206951.21494293,0.0424083771531236,0.5073570523943219,0.0407515710977564,7.204313982061165,0.0,9.030025821631384,10.20316161438728,12.470000267028809,11.18000030517578,9918100.0,False,False,False,0.3064008560453095,1.2140321236691811,0.3091482134200725,1.2780028542213082,1.074999968210856,1.9348781160572637,1.1060207411865517,58.0,92.0,92.0,90.0,90.0,97.0,97.0,82.0,88.0,89.0,92.0,100.0,LION
2026-04-20,895.1099853515625,906.2000122070312,861.969970703125,889.5,3337500.0,0.0011631952965922,859.44698483053,815.5039207741977,784.2507983398438,760.9849995930989,711.4052001953125,535.3494998168945,344.20462493896486,573.6599731445312,960.0,327.2900085449219,960.0,309.07000732421875,960.0,184.1999969482422,960.0,144.52000427246094,960.0,49.130001068115234,960.0,6752090.0,6364326.0,4067492.063492064,4971876925.300903,0.0853879241622821,70.14278302873883,0.0783621947879283,3.295314294240708,0.0148265863206147,9.547861516953612,14.131869743061532,912.0,865.02001953125,4343900.0,False,True,False,0.1592736711318645,1.0773075280572024,1.760555082040285,2.6948799516488187,4.483734661401732,5.113425712367385,1.660013073068698,87.0,77.0,77.0,99.0,99.0,99.0,99.0,92.0,98.0,98.0,99.0,80.76923076923077,LITE
2026-04-20,118.83000183105467,119.36000061035156,116.20999908447266,118.38999938964844,1403400.0,0.0151204878641397,109.58749381635958,104.21891233975552,99.71999969482422,97.94299977620445,96.92740005493164,87.81120025634766,75.97670011520385,83.18000030517578,119.36000061035156,78.69000244140625,119.36000061035156,71.2699966430664,119.36000061035156,60.5,119.36000061035156,60.5,119.36000061035156,39.59999847412109,119.36000061035156,1638262.5,1880928.0,2181276.1904761903,147887189.63039398,0.0482088183321254,5.118572235107422,0.0430747467494336,5.2459773453672325,0.3458003894759514,7.989201257621509,9.526401104189087,118.73999786376952,113.36000061035156,2379900.0,False,True,False,0.251896377194958,1.163381369804489,0.4279019477050025,1.3939313715654946,0.6927351424055894,1.5784271004812032,0.7510568845673569,22.0,88.0,88.0,94.0,94.0,93.0,93.0,86.0,85.0,88.0,91.0,100.0,LSCC
2026-04-20,8.670000076293945,8.75,8.270000457763672,8.470000267028809,12324700.0,0.0116686563629775,8.01226613661728,7.604465111869309,7.202000007629395,7.103666671117147,7.263800001144409,7.73760000705719,6.930599993467331,6.269999980926514,8.84000015258789,6.090000152587891,9.720000267028809,6.090000152587891,9.720000267028809,6.090000152587891,11.949999809265137,5.449999809265137,11.949999809265137,3.009999990463257,11.949999809265137,12950340.0,13209162.0,14296536.507936507,101266759.1026783,0.0601611816015341,0.5064285482679095,0.0584115967487264,3.314241571497061,0.1974619752613642,-1.1026528686523087,0.404355365220255,8.84000015258789,8.420000076293945,11980700.0,False,False,False,0.2825443465595918,1.1918623824750778,0.0260355351473009,1.0016255829621503,0.2350427492664553,1.151642035932808,0.9058375777105744,35.0,90.0,90.0,59.0,59.0,76.0,76.0,83.0,80.0,75.0,68.0,96.15384615384616,LUMN
2026-04-20,27.520000457763672,29.8799991607666,27.229999542236328,27.40999984741211,16444500.0,-0.0021754701272066,24.876468230607657,22.98517898758229,21.40119987487793,20.815999921162923,19.525,17.567500019073485,14.031674990653991,15.850000381469728,29.8799991607666,14.539999961853027,29.8799991607666,10.154999732971191,29.8799991607666,7.78000020980835,29.8799991607666,7.78000020980835,29.8799991607666,6.75,29.8799991607666,14585177.5,13308468.0,9259136.904761905,406962403.57917786,0.1187034557086619,2.5202858788626537,0.0915801539585968,4.471220431015745,-0.0238066111648648,8.3381302603952,9.344476318261508,28.21500015258789,26.729999542236328,14602800.0,False,True,False,0.4553146842848794,1.3524170384561038,0.2752548913372521,1.244915872994235,1.326289149217705,2.1691980893492806,1.57521998540695,85.0,96.0,96.0,89.0,89.0,98.0,98.0,95.0,95.0,97.0,98.0,92.3076923076923,LUNR
2026-04-20,14.18000030517578,14.81999969482422,12.359999656677246,12.369999885559082,11511900.0,0.1307815269786023,11.394565819867886,9.813374041306414,8.812000064849853,8.289333391189576,6.567800030708313,5.191800029277801,4.343650017380714,3.839999914169312,14.81999969482422,3.0,14.81999969482422,2.8399999141693115,14.81999969482422,2.8399999141693115,14.81999969482422,2.8399999141693115,14.81999969482422,0.8199999928474426,14.81999969482422,6592567.5,5509324.0,2524601.587301587,76555924.57103014,0.1365626904248909,1.3500000408717563,0.095204514232556,12.17398446092961,1.214815032348985,9.79770403528692,8.764582238035096,13.300000190734863,11.81999969482422,8090700.0,False,False,False,1.014204599717555,1.8717907879375475,2.089324582523368,3.015827844096098,1.737451887083116,2.5525955813116186,2.611329856227511,96.0,99.0,99.0,99.0,99.0,98.0,98.0,99.0,99.0,99.0,99.0,100.0,LWLG
2026-04-20,11.630000114440918,11.81999969482422,11.06999969482422,11.300000190734863,41940100.0,0.0025861837917793,10.538063906787707,9.855532216568667,9.297600021362303,9.210000006357827,8.8,9.648799977302552,13.35469996213913,7.630000114440918,12.119999885559082,6.659999847412109,12.119999885559082,6.659999847412109,12.869999885559082,6.659999847412109,20.46999931335449,6.659999847412109,23.450000762939453,6.659999847412109,23.450000762939453,48855572.5,48705640.0,48321468.253968254,446773499.4033766,0.0825029955196974,0.7478571619306292,0.0643041405478593,5.001091988100047,0.0401142550988555,-2.646390001458128,-4.345786346138885,12.119999885559082,11.449999809265137,52372100.0,False,False,False,0.2613882622140904,1.1722021335647672,0.0237676466482081,0.9994116487832814,-0.4262456905872206,0.5350094815825678,1.0110531460514527,47.0,89.0,89.0,58.0,58.0,14.0,14.0,91.0,93.0,90.0,86.0,96.15384615384616,MARA
2026-04-20,279.92999267578125,285.82000732421875,278.0,279.010009765625,946500.0,0.004809922665943,266.4961133990384,255.53844325499423,245.50399963378905,241.0816665649414,243.3922756958008,213.12699295043944,166.1688151168823,200.5,285.82000732421875,200.5,285.82000732421875,146.7583427433329,285.82000732421875,134.40442561159014,285.82000732421875,114.60386195219206,285.82000732421875,58.42697085676756,285.82000732421875,1174290.0,1332606.0,1180174.2063492064,237298512.35839844,0.0466309571111132,12.00785391671317,0.0428959176611733,3.499601976176809,0.1115933244345641,11.109605140778324,13.487298687844198,281.7699890136719,275.0,947800.0,False,True,False,0.1818872090441807,1.0983221816593665,0.3735974912470605,1.3409188481256311,1.0372335676450013,1.8996620278179317,0.9950141205276728,45.0,81.0,81.0,92.0,92.0,96.0,96.0,84.0,78.0,93.0,92.0,92.3076923076923,MKSI
2026-04-20,30.06999969482422,30.3700008392334,29.520000457763672,30.3700008392334,573300.0,-0.0166775745635786,28.80724116262882,27.84089908815956,26.34479995727539,26.5146666208903,27.427999992370605,31.494150047302245,30.39689996242523,22.420000076293945,31.479999542236328,22.420000076293945,34.220001220703125,22.420000076293945,39.150001525878906,22.420000076293945,47.650001525878906,22.420000076293945,47.650001525878906,12.59000015258789,47.650001525878906,1317442.5,1295996.0,1287561.111111111,34908690.40714264,0.064528359072582,1.949499811444964,0.0648320529175303,1.4857606427635055,-0.261605682589846,-10.236326065086368,-7.400259265083851,31.32999992370605,30.045000076293945,1040400.0,False,True,False,0.2916666154599288,1.2003396637280022,-0.0815516752217715,0.8965979317612367,-0.3002094754343091,0.6525346470120029,1.023207744184742,48.0,91.0,91.0,32.0,32.0,20.0,20.0,80.0,73.0,67.0,60.0,80.76923076923077,MLYS
2026-04-20,6.420000076293945,7.46999979019165,6.170000076293945,7.170000076293945,2732600.0,-0.1439999898274739,5.710700898848598,5.05837976127939,4.50040002822876,4.421666693687439,4.665600037574768,7.122207100391388,14.447442823648451,3.109999895095825,8.449999809265137,3.109999895095825,9.657999992370604,3.109999895095825,18.75,3.109999895095825,23.21428680419922,3.109999895095825,34.46428680419922,3.109999895095825,43.57143020629883,1895780.0,2299292.0,1181980.5952380951,19418522.576606277,0.2113707596298806,1.0757142305374146,0.1675567317373598,2.24418803085908,-1.0039840443186283,-5.2820351186399215,-5.750266539092266,8.399999618530273,7.050000190734863,3740300.0,False,False,False,0.5469879346413684,1.4376085555153095,-0.2687926797782044,0.7138114941391409,-0.7375766509084593,0.2447022665438812,1.6039011195595128,86.0,97.0,97.0,14.0,14.0,4.0,4.0,98.0,96.0,95.0,92.0,88.46153846153845,MNTS
2026-04-20,251.5,251.80999755859372,240.0,243.75999450683597,658900.0,0.0319641913402382,239.921031740775,231.3203576934232,223.26880065917967,218.8386672973633,218.97679992675785,183.8714000701904,160.133349609375,180.82000732421875,260.010009765625,139.25,260.010009765625,111.18000030517578,260.010009765625,111.18000030517578,260.010009765625,111.18000030517578,260.010009765625,67.80000305175781,260.010009765625,1050450.0,1113104.0,1105799.2063492064,237808236.4604187,0.0650768595857738,15.270713806152344,0.0607185439608443,2.446097802229744,0.5101263362682064,5.441169260999267,7.952866597135425,248.30999755859372,236.00999450683597,958300.0,False,False,False,0.2520535974189424,1.1635274738134724,0.8373757380803535,1.7936635542657278,0.5676619801901095,1.461799954368293,0.9499464224323856,40.0,88.0,88.0,98.0,98.0,91.0,91.0,84.0,94.0,96.0,94.0,84.61538461538461,MOD
2026-04-20,13.65999984741211,13.899999618530272,11.270000457763672,13.039999961853027,1738800.0,0.00589101061528,12.217465788078515,11.079308603344268,10.15959997177124,9.914333327611288,10.153300008773805,10.44944999217987,10.51281001329422,5.880000114440918,17.0,5.880000114440918,17.0,5.880000114440918,17.0,5.880000114440918,17.0,5.880000114440918,17.0,5.880000114440918,17.0,1081482.5,896032.0,464064.28571428574,18490416.588716507,0.2316695002879745,2.207999978746687,0.1616398245542435,2.1366973142489503,0.0362318498533068,-14.019950957312588,-11.054702913196063,16.790000915527344,12.550000190734863,2018100.0,False,True,False,0.462526726364908,1.3591191549786796,0.2718808322646675,1.2416220846508896,0.205648714862825,1.1242329396525526,2.330458372454556,94.0,96.0,96.0,88.0,88.0,73.0,73.0,98.0,97.0,96.0,95.0,88.46153846153845,MRLN
2026-04-20,54.59000015258789,55.72499847412109,53.01499938964844,53.68999862670898,5609200.0,0.0161950653781719,52.89944563130147,52.16822998065911,51.79720001220703,52.25233345031738,50.595200042724606,42.672300033569336,34.92137498855591,47.13999938964844,57.880001068115234,36.65499877929688,59.54999923706055,26.895000457763672,59.54999923706055,22.280000686645508,59.54999923706055,22.280000686645508,59.54999923706055,22.280000686645508,59.54999923706055,7707285.0,8356826.0,10464773.80952381,300484302.41054535,0.0507647796894152,2.590927941458566,0.0474615851660835,1.6635792575527664,0.3357866183630714,11.489679295095812,13.802727020082806,56.060001373291016,52.95000076293945,13585400.0,True,False,False,0.0423907058617774,0.968688742413454,0.3050441731527764,1.2739964513391309,1.0114223058313423,1.8755937644944696,0.7364980017996885,22.0,43.0,43.0,90.0,90.0,96.0,96.0,47.0,84.0,94.0,95.0,38.46153846153847,MRNA
2026-04-20,147.83999633789062,149.5800018310547,143.92999267578125,147.50999450683594,39548500.0,0.0583434301241632,130.16545566250934,118.49938757791551,108.92567932128908,105.82786280314129,95.47670928955078,90.27553131103517,84.41137273788452,84.15786859494568,149.5800018310547,70.65463146973819,149.5800018310547,70.65463146973819,149.5800018310547,70.65463146973819,149.5800018310547,66.20531484493468,149.5800018310547,47.96034146173932,149.5800018310547,24811015.0,22130786.0,19758180.95238095,3213608524.870568,0.0522516160735262,7.17105387334977,0.0485055062972283,11.306766327359504,1.136512713531926,6.545702018037169,4.768333889165319,139.91000366210938,133.16000366210938,26341300.0,False,True,False,0.6521166117671533,1.535304136897508,0.8383544211209477,1.7946189538961408,0.6776654910061015,1.5643750816107538,1.2557337671821531,71.0,98.0,98.0,98.0,98.0,93.0,93.0,96.0,96.0,95.0,93.0,100.0,MRVL
2026-04-20,50.91999816894531,52.310001373291016,50.369998931884766,51.72999954223633,866400.0,-0.0116460070552647,50.02370615823489,47.21942834618877,44.19280029296875,42.72362174987793,42.00789833068848,40.16766593933105,37.06468734741211,33.953854818923794,53.72999954223633,33.953854818923794,53.72999954223633,33.953854818923794,53.72999954223633,29.651230665194905,53.72999954223633,27.66853494418375,53.72999954223633,27.66853494418375,53.72999954223633,1198182.5,1082246.0,1011636.9047619049,70621427.64549255,0.0427888828033151,1.8804994310651504,0.0369304693379194,5.744659100370762,-0.3190653923668068,7.893675142035605,10.25900507370183,52.84999847412109,51.459999084472656,1473600.0,False,False,True,0.4335584885336236,1.3321991088607306,0.2642561795807481,1.234178826666342,0.7167239985230516,1.6007960226219322,1.1843997528757613,65.0,95.0,95.0,88.0,88.0,94.0,94.0,90.0,85.0,80.0,85.0,69.23076923076923,MRX
2026-04-20,281.0799865722656,281.5,275.32000732421875,276.7799987792969,649200.0,0.0148390993011819,261.19911754008257,250.36262878189163,240.1728002929688,236.66433359781905,238.36179931640623,215.09819946289065,176.21064979553222,197.6300048828125,281.5,197.6300048828125,281.5,162.94000244140625,281.5,142.0,281.5,121.97000122070312,281.5,93.23999786376952,281.5,1133467.5,1153360.0,1009379.761904762,253712582.62504575,0.0511457802714334,11.81071036202567,0.0420190370223642,4.265108315432843,0.3479879893403457,7.660128469603004,9.927023265956889,277.3699951171875,263.79998779296875,1046100.0,False,False,False,0.2518036651674944,1.1632952129567875,0.273699455778136,1.243397442106326,1.0376974162492272,1.9000945533732227,1.122934640438081,60.0,88.0,88.0,88.0,88.0,96.0,96.0,86.0,80.0,89.0,91.0,100.0,MTSI
2026-04-20,448.4200134277344,464.55999755859375,435.8999938964844,458.25,32013600.0,-0.014613122793097,434.6250692288164,419.4339031526718,409.2950817871094,409.1373107910157,407.6150762939453,358.9005067443848,259.69857334136964,311.489990234375,471.1420829782047,311.489990234375,471.1420829782047,221.5074267095709,471.1420829782047,192.43139181117184,471.1420829782047,154.42593371021755,471.1420829782047,65.49324144292352,471.1420829782047,43467812.5,41653518.0,28509061.904761903,18978042686.80832,0.0638172377874277,25.48571559361049,0.0568344739986001,1.7613701392820549,-0.2609302403951958,8.597647464631757,10.993026758427884,470.9700012207031,452.2000122070313,33405000.0,False,False,False,0.0097652333475768,0.9383700454386016,0.2366874632467459,1.2072659853234748,1.2159167400274842,2.066278974924998,1.5247016069911272,84.0,31.0,31.0,86.0,86.0,97.0,97.0,87.0,81.0,94.0,95.0,61.53846153846154,MU
2026-04-20,25.790000915527344,25.90999984741211,25.06999969482422,25.40999984741211,621000.0,-0.0046313752447494,24.057961388139912,23.167826391640347,21.636800079345704,22.124333381652832,23.702800064086915,22.41130002975464,18.43160002231598,18.1200008392334,26.549999237060547,18.1200008392334,29.700000762939453,17.700000762939453,29.700000762939453,14.93000030517578,29.700000762939453,13.045000076293944,29.700000762939453,6.880000114440918,29.700000762939453,1140475.0,1090480.0,1199987.3015873015,21429139.382247925,0.0533522069459806,1.2547144208635603,0.0486511972207079,1.8099686727371336,-0.0956384416162014,5.506115527467649,6.446252616304118,26.32999992370605,25.11000061035156,1380900.0,False,False,False,0.3185072402702544,1.2252825291496685,0.1296540079594001,1.1027789150649872,0.1351233140384977,1.0584700207264297,0.9504058905385242,40.0,92.0,92.0,77.0,77.0,66.0,66.0,86.0,80.0,77.0,85.0,92.3076923076923,MUX
2026-04-20,31.729999542236328,33.13999938964844,26.5,26.5,8071800.0,0.2078416059889729,23.503906412980086,21.19620578640468,19.315599822998045,18.843999830881756,18.59399990081787,18.28029992103577,16.965899968147276,14.699999809265137,33.13999938964844,14.699999809265137,33.13999938964844,14.699999809265137,33.13999938964844,12.770000457763672,33.13999938964844,12.770000457763672,33.13999938964844,9.06999969482422,33.13999938964844,1349560.0,1273488.0,1326279.761904762,35946620.67463875,0.0640273867488283,1.6078570229666571,0.0506730868629989,13.941610411295915,3.395823761989988,13.202068727878974,7.872921024144012,27.25,23.75,4186400.0,False,False,False,0.8555554873917008,1.7243589197908635,0.6440414920487276,1.6049288367491708,0.8162564847945439,1.6936072189948812,1.017553037273074,47.0,98.0,98.0,96.0,96.0,95.0,95.0,98.0,97.0,95.0,95.0,100.0,MXL
2026-04-20,3.5199999809265137,3.680000066757202,3.289999961853028,3.470000028610229,3174900.0,-0.0761154766951154,2.4162367982786668,2.063209917119793,1.801999988555908,1.7981666564941403,1.812799994945526,1.91282999753952,2.1487399989366534,1.309999942779541,5.769999980926514,1.309999942779541,5.769999980926514,1.309999942779541,5.769999980926514,1.309999942779541,5.769999980926514,1.309999942779541,5.769999980926514,1.309999942779541,5.769999980926514,7174335.0,5749136.0,1246955.9523809524,44452652.35713244,0.1313505703986401,0.4855714184897287,0.1379464264547863,6.826908038945463,-0.5972344145687433,-1.4732434735284614,-2.1367670089662947,3.950000047683716,3.470000028610229,33771900.0,False,True,False,1.1728394880034614,2.019209437751325,0.8723404201353875,1.8277964072194333,0.2264808784969028,1.1436583363480792,5.753479091463688,99.0,99.0,99.0,98.0,98.0,75.0,75.0,99.0,98.0,97.0,96.0,96.15384615384616,MYSE
2026-04-20,2.119999885559082,2.220000028610229,2.039999961853028,2.0799999237060547,12759500.0,0.0047393322087359,1.8825251503976048,1.7202595651780048,1.537599983215332,1.506666652361552,1.5607999920845033,1.8196999967098235,1.593249998986721,1.0800000429153442,2.220000028610229,1.0800000429153442,2.6600000858306885,1.0800000429153442,2.6600000858306885,1.0800000429153442,2.6600000858306885,0.8100000023841858,2.9800000190734863,0.7300000190734863,2.9800000190734863,8889590.0,10292124.0,11464078.174603175,16396312.981876137,0.0858633311047269,0.1528571418353489,0.0721024292862345,4.969010661171448,0.065420498795067,3.2212112274238267,2.88707118807714,2.180000066757202,1.9600000381469729,13031700.0,False,False,False,0.6692912735419578,1.5512644686833306,0.1099476034594661,1.0835413368143465,-0.0535714836905194,0.8825175193610773,0.7754299878810543,24.0,98.0,98.0,75.0,75.0,38.0,38.0,97.0,95.0,93.0,91.0,100.0,NAK
2026-04-20,6.059999942779541,6.090000152587891,5.800000190734863,6.010000228881836,3417800.0,0.0049750799216214,5.906228119539176,5.788483687291052,5.734799995422363,5.647666645050049,5.333058319091797,4.488113238811493,3.7845913004875182,4.909999847412109,6.340000152587891,3.8889170087497376,6.340000152587891,3.229449492780725,6.340000152587891,3.229449492780725,6.340000152587891,2.967602244658371,6.340000152587891,2.3060897147246577,6.340000152587891,5761195.0,5210290.0,3060831.3492063493,28059338.975458145,0.0527003573986253,0.3264285836900983,0.0538661034277791,2.530507583484536,0.0919028984289937,10.234575575396812,15.026733019154152,6.199999809265137,5.800000190734863,6364800.0,False,True,True,0.1038251722085743,1.025779500813032,0.5277947950292101,1.491447712868912,0.8487221605920454,1.7238805330122104,1.8822320940661543,91.0,64.0,64.0,95.0,95.0,95.0,95.0,66.0,87.0,92.0,89.0,57.692307692307686,NAT
2026-04-20,15.350000381469728,15.43000030517578,14.329999923706056,14.329999923706056,2128200.0,0.0192563050313918,13.931294865682569,12.90681746591681,11.86640007019043,11.445000044504802,10.95900001525879,12.915899991989136,13.52243590558696,8.104999542236328,15.43000030517578,8.104999542236328,15.43000030517578,8.104999542236328,18.549999237060547,8.104999542236328,22.75,8.104999542236328,22.75,0.0,0.0,3010812.5,2705870.0,0.0,56466132.98950672,0.1035889680050281,1.158428532736642,0.0754676549803267,5.309231843160336,0.2503391047939218,-4.375334294235726,-3.3347009176581777,15.359999656677246,14.75,2364000.0,False,False,False,0.688668880505974,1.5692719869923475,0.0378634496998697,1.0131721048935205,0.0,0.0,0.0,0.0,98.0,98.0,62.0,62.0,0.0,0.0,97.0,95.0,93.0,90.0,100.0,NAVN
2026-04-20,6.400000095367432,6.480000019073486,6.139999866485596,6.170000076293945,5180200.0,0.0289389567921891,5.565053570085706,5.256355024418931,4.927600040435791,4.913333368301392,5.168300046920776,5.718000025749206,5.6175000166893,4.150000095367432,6.480000019073486,4.150000095367432,8.180000305175781,4.150000095367432,8.180000305175781,4.150000095367432,8.180000305175781,4.150000095367432,12.579999923706056,2.1700000762939453,12.579999923706056,4636282.5,4506354.0,4882429.761904762,22746029.25113678,0.0741509686105283,0.4378570829119001,0.0684151681855189,3.4834119773888625,0.4110937385749645,-0.2572346486234789,-0.3040790842618166,6.460000038146973,6.03000020980835,10897800.0,False,False,False,0.4479637974879096,1.3455858941961467,-0.0317700505151609,0.9451952241156418,-0.2289156688801485,0.7190140823013472,0.9495850890011096,40.0,96.0,96.0,40.0,40.0,24.0,24.0,91.0,87.0,82.0,77.0,100.0,NB
2026-04-20,159.16000366210938,161.75,154.0399932861328,157.0,12962500.0,0.0128548064166149,149.04609132249118,135.82782066116238,126.51040069580078,122.90383402506512,112.10070068359374,102.61575050354004,94.3830754852295,86.5,168.7100067138672,73.5199966430664,168.7100067138672,73.5199966430664,168.7100067138672,73.5199966430664,168.7100067138672,73.5199966430664,168.7100067138672,20.25,168.7100067138672,16742347.5,16595552.0,15490745.23809524,2096721806.1969376,0.0765197242699353,10.586073739188055,0.0665121481252406,6.311552350891998,0.1908171360060703,4.333985494537579,4.298747125396902,164.05999755859375,154.72999572753906,17203600.0,False,True,False,0.3097433184564739,1.217138258145849,0.4638094247052178,1.4289845898518156,0.2935630890589809,1.2062105788453286,1.08079677527888,55.0,92.0,92.0,94.0,94.0,80.0,80.0,96.0,97.0,95.0,93.0,84.61538461538461,NBIS
2026-04-20,23.530000686645508,24.190000534057617,23.06999969482422,23.959999084472656,1262200.0,-0.0312886043736625,23.25525944778428,22.75822174911633,22.18680000305176,21.841666666666665,22.39810001373291,19.525300006866456,14.546025009155274,18.459999084472656,25.299999237060547,18.459999084472656,26.850000381469727,14.210000038146973,26.850000381469727,11.842000007629396,26.850000381469727,9.920000076293944,26.850000381469727,5.46999979019165,26.850000381469727,2285247.5,2251152.0,1130306.349206349,47239787.9550457,0.0545852382535179,1.3081433432442802,0.0555947005979782,0.9089997061795756,-0.5809762613606138,10.817405147149106,15.218944578052753,25.299999237060547,23.38999938964844,2827200.0,False,False,True,0.1172840115545843,1.0382867364273909,0.2949917769865424,1.2641832072308503,1.234568023109169,2.0836707628883766,2.021794800679125,92.0,67.0,67.0,90.0,90.0,97.0,97.0,72.0,64.0,88.0,91.0,46.15384615384615,NESR
2026-04-20,16.0,16.75,15.300000190734863,15.890000343322754,2570100.0,0.0,13.658125879330662,12.553680695010984,11.390800018310546,11.392999998728436,11.672399997711182,10.718399968147278,7.94953498840332,8.859999656677246,16.75,8.859999656677246,16.75,7.28000020980835,16.75,5.050000190734863,16.75,4.820000171661377,16.75,4.438000202178955,16.75,1063310.0,970848.0,374055.5555555556,18505491.94700241,0.0674693550028648,0.9783571107046944,0.0611473194190434,6.063306569712636,0.0,16.594574877315488,17.032204484409817,16.15999984741211,15.050000190734863,3108700.0,False,True,False,0.6736400939029987,1.5553058068330563,0.3559321814725813,1.3236738058293824,1.8571429057997109,2.664204032565246,2.8426526065646813,96.0,98.0,98.0,92.0,92.0,98.0,98.0,96.0,94.0,95.0,97.0,100.0,NEXA
2026-04-20,10.75,10.869999885559082,10.449999809265137,10.720000267028809,2598000.0,-0.0173674211765045,10.013443203370604,9.760142165737191,9.104399909973145,9.50866657892863,10.29479995727539,10.06639994621277,8.649799966812134,7.5,12.800000190734863,7.5,14.399999618530272,7.5,14.399999618530272,7.5,14.399999618530272,6.900000095367432,14.399999618530272,2.890000104904175,14.399999618530272,3776665.0,3872264.0,4007318.253968254,28997118.288066387,0.0634710781504304,0.6071429933820452,0.0564784179890274,0.782892006491896,-0.3129404151152632,1.9980304967425724,3.87345104482609,11.300000190734863,10.399999618530272,3003500.0,True,True,False,0.3607594772440334,1.264547332709527,0.0749999999999999,1.0494251561469852,0.0336538840680447,0.9638526797594712,0.9424419925370664,39.0,94.0,94.0,69.0,69.0,53.0,53.0,87.0,81.0,76.0,69.0,84.61538461538461,NG
2026-04-20,100.3499984741211,109.0,95.4000015258789,97.4800033569336,4852300.0,0.1825359150643231,83.90155796749049,79.34889671885685,76.47759948730469,75.66999969482421,72.02540000915528,58.80679992675781,50.85729990959168,62.5,109.0,33.400001525878906,109.0,33.400001525878906,109.0,33.400001525878906,109.0,33.400001525878906,109.0,7.989999771118164,109.0,970600.0,1273994.0,1164770.865079365,78343309.18769836,0.063991715317123,5.776427677699497,0.0575628078279359,6.831815243957048,2.68158777847601,4.311022167405316,3.705604357956565,86.94999694824219,84.0999984741211,509900.0,False,False,False,0.3408605476282613,1.2460553517311086,1.663216498444053,2.5998571067282583,0.8258733650974905,1.7025746847914989,0.8332969419988586,28.0,93.0,93.0,99.0,99.0,95.0,95.0,93.0,99.0,98.0,97.0,100.0,NKTR
2026-04-20,23.200000762939453,24.049999237060547,22.71999931335449,22.770000457763672,3781000.0,0.0162067823245675,19.03553433382257,17.960242905458667,17.523800239562988,17.390833568572997,17.015700092315672,16.254150075912477,15.502225060462951,13.779999732971191,24.049999237060547,13.109999656677246,24.049999237060547,13.109999656677246,24.049999237060547,10.869999885559082,24.049999237060547,10.869999885559082,24.049999237060547,10.84000015258789,24.049999237060547,1779827.5,1600904.0,1361884.9206349207,41747283.912062645,0.0831757044115577,1.466928550175258,0.0632296768075363,5.748040398361769,0.2522282623711928,4.395274830320108,4.092146648773629,22.850000381469727,21.170000076293945,4642200.0,False,False,False,0.2513484151723713,1.1628721512940352,0.477707072916542,1.4425516053348342,0.7764165403924508,1.656457610440904,1.306885385859351,74.0,88.0,88.0,95.0,95.0,94.0,94.0,95.0,93.0,91.0,93.0,100.0,NN
2026-04-20,10.600000381469728,10.6899995803833,10.4399995803833,10.4399995803833,88700500.0,0.0281280261930201,9.921076504040576,9.374457033718622,8.960400047302246,8.799333381652833,8.293400011062623,7.367700004577637,6.2386717605590825,7.559999942779541,10.6899995803833,6.059999942779541,10.6899995803833,6.059999942779541,10.6899995803833,5.860000133514404,10.6899995803833,4.510000228881836,10.6899995803833,4.0,10.6899995803833,65234077.5,60613030.0,36448860.71428572,682585402.4328184,0.0429059021920454,0.4757143429347447,0.0448787099825354,6.197255186629143,0.6096094560949734,11.135540093916571,10.957407214758817,10.489999771118164,10.1899995803833,48836300.0,False,False,False,0.2771084503470626,1.1868108298888989,0.6183206218014601,1.5798198802138452,0.8661973066591067,1.740175606852243,1.7897425659297013,90.0,90.0,90.0,96.0,96.0,95.0,95.0,85.0,93.0,90.0,88.0,96.15384615384616,NOK
2026-04-20,31.420000076293945,31.8799991607666,28.790000915527344,29.06999969482422,711000.0,0.0871972488244561,28.282453961700323,27.271935461780977,26.54639999389649,25.54033330281576,25.231340980529787,32.137098445892335,39.71540015220642,18.56999969482422,31.8799991607666,18.56999969482422,46.34392415380725,18.56999969482422,46.82049033727395,18.56999969482422,46.82049033727395,18.56999969482422,52.16639015858037,18.56999969482422,77.56014900501098,1159842.5,1241136.0,837642.0634920635,25743722.273693085,0.0690743858307476,1.7592856543404716,0.0559925413771031,4.380523835099687,1.432399821794932,-0.0794715315567931,0.7307432835057278,29.190000534057617,28.11000061035156,845000.0,False,False,False,0.3829225803640634,1.2851433993941128,-0.3066003986185153,0.6769032418158344,-0.3055435595687448,0.6475607661353555,1.3846516913975264,78.0,94.0,94.0,11.0,11.0,20.0,20.0,95.0,91.0,89.0,84.0,96.15384615384616,NSP
2026-04-20,13.199999809265137,13.420000076293944,11.93000030517578,12.130000114440918,31465700.0,0.0714285824869473,10.947631170383024,10.171170766117104,9.608999977111816,9.606833330790202,9.247500019073486,9.066799998283386,8.621224994659423,7.659999847412109,13.420000076293944,7.349999904632568,13.420000076293944,7.105000019073486,13.420000076293944,6.849999904632568,15.140000343322754,5.829999923706055,17.790000915527344,1.7200000286102295,17.790000915527344,22101572.5,21105894.0,30833107.936507937,210711824.59796903,0.087322811814881,0.9464286395481656,0.0716991403957341,5.9611982562887045,0.9298113747498584,3.91173376189305,3.526505337220784,12.869999885559082,11.850000381469728,36741500.0,False,False,False,0.4394765212041214,1.3376987085721523,0.2098991745078917,1.1811150047721422,-0.1554702679068216,0.7874998178413203,0.7168129967796933,20.0,96.0,96.0,85.0,85.0,30.0,30.0,95.0,94.0,92.0,90.0,100.0,NVTS
2026-04-20,9.24612808227539,9.81527387654488,9.196202795423796,9.665498968235744,7249800.0,-0.0512294532512229,8.461661078620608,7.724824310816076,6.957960586547852,6.866364685694377,7.08659333229065,7.447958831787109,8.322917606830597,5.681475838072728,9.81527387654488,5.681475838072728,9.900602259252528,5.681475838072728,9.900602259252528,5.681475838072728,9.900602259252528,5.681475838072728,11.215062348516344,5.681475838072728,13.098916019642909,5513017.5,5462646.0,5398693.253968254,59178156.75388813,0.0737183311284583,0.6849723499091497,0.0740820745520739,4.113481514767546,-0.7288621388199422,0.843843129388925,0.7897730405971178,9.76534803652475,9.192208556491837,7003200.0,False,False,False,0.4768741159183891,1.3724521160894445,0.0596941629024609,1.0344834533692688,-0.0076856942835269,0.925304705443858,1.0211762811209386,48.0,96.0,96.0,66.0,66.0,44.0,44.0,93.0,90.0,86.0,82.0,88.46153846153845,OGN
2026-04-20,85.55999755859375,85.58999633789062,81.63999938964844,82.66999816894531,9539200.0,0.0307191345228301,74.88686292945256,70.08909024653084,65.72759963989257,64.58299967447917,65.65959968566895,61.48379997253418,56.4576000213623,54.9900016784668,85.58999633789062,54.9900016784668,85.58999633789062,53.09999847412109,85.58999633789062,44.560001373291016,85.58999633789062,44.560001373291016,85.58999633789062,33.20000076293945,85.58999633789062,7835665.0,8445474.0,9082864.682539685,572613312.1676445,0.0437119819828051,3.2157140459333147,0.0375843167098165,8.064117920082037,0.7929795329867964,10.751364350339331,9.35594982865327,83.5199966430664,79.77999877929688,15737800.0,False,False,False,0.4430763406547124,1.3410440037257825,0.4181998170361731,1.3844600599449413,0.6152538339975147,1.5061779967033695,0.8626865283001276,31.0,96.0,96.0,94.0,94.0,92.0,92.0,91.0,87.0,86.0,90.0,100.0,ON
2026-04-20,1.2699999809265137,1.347000002861023,1.2000000476837158,1.2599999904632568,3041700.0,0.0159999847412108,0.9581763651108692,0.830083790510768,0.7591600036621093,0.7219666699568431,0.64166000187397,0.6880399987101555,0.8906049965322018,0.5099999904632568,2.4779999256134038,0.4550000131130218,2.4779999256134038,0.4550000131130218,2.4779999256134038,0.4550000131130218,2.4779999256134038,0.4550000131130218,2.4779999256134038,0.4550000131130218,2.4779999256134038,7489102.5,6002658.0,1495688.0952380951,21646486.36270136,0.1813095115421865,0.220285700900214,0.1734533104004515,5.64556136173372,0.0907910992169816,-1.8390920828620207,-3.230855218207644,1.399999976158142,1.1820000410079956,8202000.0,True,True,False,0.8955223123754807,1.7614999008204182,0.7493112420680053,1.7076941612622265,0.1759258615381949,1.0965172291341596,5.007128507503316,98.0,99.0,99.0,97.0,97.0,70.0,70.0,99.0,98.0,98.0,97.0,96.15384615384616,ONFO
2026-04-20,295.0899963378906,296.1650085449219,288.0299987792969,295.0,762300.0,0.0148919604719917,261.9077547326124,243.5220223610637,227.78360107421875,221.5643346150716,218.6244009399414,197.4838005065918,157.3073503112793,175.49000549316406,296.1650085449219,175.49000549316406,296.1650085449219,146.7899932861328,296.1650085449219,118.97000122070312,296.1650085449219,111.37000274658205,296.1650085449219,85.87999725341797,296.1650085449219,816582.5,895372.0,1143748.4126984128,181367890.7888031,0.05466822936253,14.787859235491071,0.050113048286999,6.979376408689303,0.292806856172501,13.116058300066008,13.181698176507885,294.0400085449219,278.7200012207031,1232100.0,False,True,False,0.4088130759061719,1.3092033141900834,0.339734875589186,1.3078618428006916,1.1758590691800803,2.028926342688721,0.7139529033954769,20.0,95.0,95.0,91.0,91.0,97.0,97.0,94.0,91.0,94.0,95.0,100.0,ONTO
2026-04-20,68.87000274658203,70.5,68.0999984741211,68.5,1375500.0,-0.0007254124157218,63.65235576012673,57.4583320079129,52.64480010986328,49.66200008392334,43.127399940490726,37.11779993057251,28.16049997806549,31.31999969482422,70.5,31.0,70.5,25.229999542236328,70.5,25.229999542236328,70.5,14.670000076293944,70.5,8.359999656677246,70.5,888615.0,777472.0,444297.6190476191,69579103.72678757,0.069936981164115,4.049286433628628,0.0587960835217128,10.15198065268079,-0.0123467240914542,7.830812739559784,9.627237289868036,70.13999938964844,66.80000305175781,1379500.0,False,True,False,0.7740856076246778,1.6486493466602703,1.061976035935817,2.0129204869611965,1.5929971435012011,2.417895664974604,2.000044478979663,92.0,98.0,98.0,98.0,98.0,98.0,98.0,98.0,97.0,97.0,97.0,100.0,ORKA
2026-04-20,27.13999938964844,27.270000457763672,24.59000015258789,24.8700008392334,3446000.0,0.1187138966857026,23.20847568629634,21.940240796837283,20.86079986572265,21.10733318328857,20.507399864196778,22.0967999458313,25.223324975967408,16.399999618530273,27.270000457763672,16.399999618530273,27.274999618530277,16.399999618530273,30.200000762939453,16.399999618530273,40.060001373291016,16.399999618530273,41.650001525878906,6.579999923706055,41.650001525878906,1950985.0,1865834.0,2437589.285714286,35163150.06432533,0.0717665781139011,1.6164285114833288,0.0595589000676196,5.430333562492915,1.781705247282323,1.3947091937555631,0.4309077510926917,25.489999771118164,23.950000762939453,1648700.0,False,False,False,0.2886989590640043,1.197581834704856,0.0295902413215638,1.005095720712832,-0.1389594227317467,0.8028957086829029,0.8003747848064173,25.0,91.0,91.0,60.0,60.0,31.0,31.0,94.0,91.0,88.0,83.0,100.0,OUST
2026-04-20,36.0,36.11000061035156,34.5,34.86000061035156,911700.0,0.0227272505602564,34.45415408785891,34.17422120344113,33.63279998779297,33.73499984741211,35.60819984436035,35.727799949646,24.06459994792938,29.354999542236328,36.65999984741211,29.354999542236328,42.09000015258789,29.354999542236328,43.08000183105469,10.3100004196167,43.08000183105469,9.6850004196167,43.08000183105469,7.5,43.08000183105469,842895.0,877058.0,995815.4761904762,25754015.7389164,0.0445836028268715,1.6367146628243583,0.0454642961895655,0.2420160191750003,0.4887835706683576,1.4956493187425677,10.507866422513466,36.09000015258789,34.90599822998047,849900.0,False,False,False,0.0392609882885268,0.9657803107063284,-0.0714470060628792,0.9064622052588034,1.8915663093592372,2.696302871720875,0.8464369355099015,29.0,42.0,42.0,34.0,34.0,98.0,98.0,64.0,56.0,50.0,98.0,61.53846153846154,PACS
2026-04-20,59.13999938964844,60.04999923706055,58.09999847412109,58.22999954223633,850000.0,0.0315715594066718,61.35634998881038,60.45031538884976,61.09679962158203,59.34366620381673,52.98199966430664,45.99999984741211,40.543899898529055,46.380001068115234,67.38999938964844,34.369998931884766,67.38999938964844,34.369998931884766,67.38999938964844,34.369998931884766,67.38999938964844,32.2400016784668,67.38999938964844,12.649999618530272,67.38999938964844,1598692.5,1443902.0,1358257.142857143,92586517.635746,0.0594857603988157,4.283571243286133,0.0724310329302422,1.604673353505479,0.422544053966805,1.2157749753801337,6.300615856446156,60.209999084472656,54.0,2821700.0,True,False,True,0.0193036698215829,0.9472340692452574,0.6040141335210298,1.5658537511928168,0.7368575833998712,1.6195700146087992,1.177017554008288,65.0,35.0,35.0,96.0,96.0,94.0,94.0,72.0,92.0,89.0,85.0,19.230769230769237,PARR
2026-04-20,11.300000190734863,16.958999633789062,11.0600004196167,13.114999771118164,42274200.0,0.4868421490172605,5.369487248817068,4.18762965163428,3.2304000091552734,3.107666675249736,2.943220000267029,19.218903748989103,85.19597531199456,2.259999990463257,16.958999633789062,1.919999957084656,16.958999633789062,1.919999957084656,71.09375,1.919999957084656,132.8125,1.919999957084656,216.40625,1.919999957084656,468.359375,3750610.0,3037426.0,653251.3095238095,58904001.45527601,0.2422019392304932,1.671642848423549,0.147932992938723,19.19336883462485,2.2133916282366166,-5.398242690032715,-12.940593456498153,10.529999732971191,7.110000133514404,50506200.0,False,False,False,3.8085109146000846,4.468526402386184,-0.5682387986823694,0.421489363824153,-0.9161507232223732,0.0781870521300038,5.741450411686161,99.0,99.0,99.0,3.0,3.0,1.0,1.0,99.0,99.0,99.0,99.0,100.0,PBM
2026-04-20,28.100000381469727,28.170000076293945,26.6200008392334,26.649999618530277,2090600.0,0.050860157890521,24.815938244408905,22.717701204470696,20.62160011291504,20.227000109354652,19.873600120544435,19.97625003814697,21.813825035095213,16.040000915527344,28.170000076293945,16.040000915527344,28.170000076293945,16.040000915527344,28.170000076293945,16.040000915527344,28.170000076293945,16.040000915527344,29.799999237060547,15.395000457763672,29.799999237060547,1256807.5,1216916.0,1097932.142857143,32386157.848653797,0.0539982047862435,1.3898568834577287,0.0494610983839792,8.368922246839695,0.9785184550571216,4.98116309351067,1.6345750590976589,27.46999931335449,26.21999931335449,1219700.0,False,False,False,0.5902660022717634,1.477826658642306,0.4078157149480717,1.374323001381916,0.24944422709848,1.1650710020643569,1.1447041679000458,62.0,97.0,97.0,93.0,93.0,77.0,77.0,95.0,93.0,90.0,86.0,100.0,PENG
2026-04-20,0.6549999713897705,0.6990000009536743,0.6399999856948853,0.6990000009536743,231300.0,-0.0534682109553169,0.7606075055309358,0.8499760931410044,0.7517599999904633,0.7777333329121272,1.1901600033044817,4.996079995930195,19.76478459666937,0.4099999964237213,2.25,0.4099999964237213,9.074999809265137,0.4099999964237213,15.074999809265137,0.4099999964237213,30.0,0.4099999964237213,32.400001525878906,0.4099999964237213,412.5,7114657.5,5759421.6,1648788.035897436,23587163.521658037,0.1939047271514495,0.2930714360305241,0.4474373264607766,-1.0049538271214489,-0.1262490844484193,-12.708824646229385,-10.440294435445168,0.6980000138282776,0.6499999761581421,315000.0,False,False,True,0.2843136934077261,1.1935066281150035,-0.9152103586438912,0.0827724489486339,-0.9716450233518092,0.0264402046450171,4.315083167211053,98.0,91.0,91.0,0.0,0.0,0.0,0.0,93.0,89.0,85.0,80.0,42.30769230769231,PFSA
2026-04-20,15.06999969482422,15.130000114440918,14.479999542236328,14.720000267028809,2657500.0,0.0053368862526732,13.609388734641756,12.893062930872263,12.113199920654298,11.969666576385498,12.151599960327149,17.37634994506836,23.926824979782104,10.399999618530272,15.479999542236328,10.399999618530272,22.291000366210938,10.399999618530272,26.799999237060547,10.399999618530272,31.059999465942383,10.399999618530272,44.9900016784668,8.949999809265137,44.9900016784668,3241057.5,4090712.0,3563395.238095238,41606187.053136826,0.0617288693894717,0.8450712476457868,0.0560763944763732,4.282833895723251,0.0946664839549562,-7.011000479687813,-7.094536079293394,15.479999542236328,14.899999618530272,4770600.0,False,False,False,0.3662738041394999,1.2696717705576273,-0.3146885015152536,0.6690075593550506,-0.4559567047020894,0.5073048107886229,0.9095419630555664,36.0,94.0,94.0,11.0,11.0,13.0,13.0,87.0,82.0,76.0,71.0,100.0,PGY
2026-04-20,37.5,39.90999984741211,36.93000030517578,39.150001525878906,8998100.0,-0.0254677638745983,35.94380199745367,33.930364510703235,32.72639984130859,31.485999870300294,28.48739990234375,24.31769992828369,17.093349952697753,23.66200065612793,40.22999954223633,19.979999542236328,40.22999954223633,12.559000015258787,40.22999954223633,10.520000457763672,40.22999954223633,9.484999656677246,40.22999954223633,2.9200000762939453,40.22999954223633,14891300.0,13768464.0,11297571.825396825,557213415.9411526,0.1131575574411611,3.369856970650809,0.0898628525506882,3.5206032744616804,-0.2908133937942963,12.82715551908409,14.751689527606512,40.22999954223633,37.84000015258789,11763400.0,False,False,True,0.3909496021310235,1.2926028726770538,0.3029881551531979,1.2719893471435506,1.8344672182551869,2.6430596025562747,1.3180973956301398,75.0,95.0,95.0,90.0,90.0,98.0,98.0,92.0,95.0,98.0,98.0,73.07692307692307,PL
2026-04-20,49.27999877929688,49.619998931884766,48.16999816894531,48.290000915527344,985000.0,0.0186026806802777,45.62344946133111,43.27505225450513,41.424399871826175,40.1629997253418,39.11299980163575,35.59649980545044,28.809649877548217,31.799999237060547,49.619998931884766,31.799999237060547,49.619998931884766,25.030000686645508,49.619998931884766,20.049999237060547,49.619998931884766,20.049999237060547,49.619998931884766,16.59000015258789,49.619998931884766,1047242.5,1023376.0,926756.3492063492,40580840.38726807,0.0530288970212118,2.100714547293527,0.0426281371617253,6.097829817429281,0.4284245626523414,13.357543071575954,13.77334186730372,48.54999923706055,46.18000030517578,1133500.0,False,False,False,0.3326122063093113,1.2383902072374755,0.4271647993466958,1.3932117603738483,1.106883286243539,1.964608398116941,1.1300084438556393,60.0,93.0,93.0,94.0,94.0,97.0,97.0,91.0,87.0,93.0,95.0,100.0,PLAB
2026-04-20,3.220000028610229,3.2300000190734863,2.720000028610229,2.7300000190734863,112240400.0,0.1582734035067257,2.8220676043999555,2.643424951906721,2.5088000106811523,2.453666679064433,2.2652000045776366,2.231699995994568,2.203550000786781,2.009999990463257,3.2300000190734863,1.7200000286102295,3.2300000190734863,1.7200000286102295,3.2300000190734863,1.7000000476837158,3.2300000190734863,1.5199999809265137,4.579999923706055,0.6899999976158142,4.579999923706055,80317592.5,81720860.0,103607257.14285716,174613811.00084543,0.0781226390234106,0.2335714101791381,0.0725377043800676,5.8108820505233485,1.8837924422471048,2.520820774977253,2.356548376362175,2.9600000381469727,2.759999990463257,83567800.0,False,False,False,0.3416666252745539,1.2468044358673005,0.3644068524331374,1.3319468596861972,-0.0747126405282259,0.8628039953417573,0.7752120335475672,24.0,93.0,93.0,92.0,92.0,36.0,36.0,93.0,94.0,92.0,90.0,100.0,PLUG
2026-04-20,8.59000015258789,9.380000114440918,7.320000171661377,7.320000171661377,45081000.0,0.1831955760021921,7.113731097980583,6.724165177059841,6.347199974060058,6.46933331489563,6.307199993133545,6.425,6.195149998664856,4.869999885559082,9.380000114440918,4.869999885559082,9.380000114440918,4.869999885559082,9.380000114440918,3.869999885559082,9.380000114440918,3.869999885559082,9.40999984741211,3.5799999237060547,9.40999984741211,11174797.5,10006888.0,6796830.952380952,85196393.45053196,0.0984714624296985,0.7457142557416644,0.0868119025023538,4.169193174498442,1.78352487359019,4.970433047186011,4.7825840514641484,7.539999961853027,7.139999866485596,9873200.0,False,False,False,0.3788122193080472,1.281323660346338,0.0349397536372046,1.0103179651752987,0.1362434150270186,1.059514482858317,1.6441187927567085,87.0,94.0,94.0,61.0,61.0,66.0,66.0,96.0,93.0,91.0,94.0,100.0,POET
2026-04-20,61.83000183105469,62.27999877929688,58.70000076293945,58.97999954223633,1250100.0,0.0542199526418192,55.90987409787071,53.5509320864475,51.68520034790039,50.833333587646486,49.25340667724609,44.30704444885254,44.19353967666626,44.45000076293945,62.27999877929688,43.06806665219016,62.27999877929688,35.06374307611569,62.27999877929688,30.53180607527387,62.27999877929688,30.53180607527387,62.27999877929688,30.53180607527387,62.27999877929688,884355.0,882994.0,847978.9682539683,40540220.64771652,0.0426352754539582,2.365000316074916,0.0382500444126959,6.675670044152609,1.3446088288281854,11.962534766846796,10.9410380394826,60.11000061035156,56.15999984741211,777500.0,False,False,False,0.3259704142132851,1.2322180213222604,0.4336459633839407,1.3995387339383136,0.3288247658253096,1.2390910837879296,1.0428973277732725,51.0,92.0,92.0,94.0,94.0,82.0,82.0,84.0,81.0,90.0,92.0,100.0,POWI
2026-04-20,33.5099983215332,33.79999923706055,32.79999923706055,33.47999954223633,1316000.0,-0.0115045187844011,31.510469026596475,30.518665122944032,28.97160003662109,29.445000076293944,30.276000099182127,29.195350017547607,24.38057502269745,23.979999542236328,34.720001220703125,23.979999542236328,37.369998931884766,23.82999992370605,37.369998931884766,20.3799991607666,37.369998931884766,16.722999572753906,37.369998931884766,11.220000267028809,37.369998931884766,1584077.5,1589512.0,2406294.047619048,41348354.99773979,0.0605327769755488,1.848857607160296,0.0551733124370894,1.936030613926755,-0.2109428021040075,4.034759965464275,6.266230217128089,34.150001525878906,32.279998779296875,2069100.0,True,True,False,0.2593009226951115,1.1702623788429924,0.0397145143492627,1.0149791316923369,0.1967856543404715,1.1159683892387136,0.6583058714571459,18.0,89.0,89.0,62.0,62.0,72.0,72.0,85.0,78.0,73.0,83.0,96.15384615384616,PPTA
2026-04-20,11.81999969482422,11.869999885559082,11.609999656677246,11.68000030517578,5952000.0,0.0068143036853258,11.144619794881962,10.684009671115708,9.982799949645996,10.009591801961262,10.47524492263794,11.725249376296995,13.468215155601502,8.619999885559082,11.970000267028809,8.619999885559082,14.027469266419384,8.619999885559082,15.163199601742315,8.619999885559082,17.006569181412903,8.619999885559082,20.67348834034264,8.619999885559082,20.67348834034264,15563292.5,14162782.0,11385897.61904762,126781788.82931232,0.0487543016790368,0.5449999400547573,0.0461082871510905,2.784196729248181,0.1467888669822916,-11.042902702018344,-9.456000595345516,11.970000267028809,11.609999656677246,7187800.0,False,False,False,0.3191963888951863,1.2259229517005097,0.0068742567254089,0.982920161939016,-0.294281686544832,0.6580621405901094,1.3668920115673586,78.0,92.0,92.0,51.0,51.0,21.0,21.0,83.0,76.0,70.0,63.0,96.15384615384616,PSKY
2026-04-20,5.179999828338623,5.269999980926514,5.005000114440918,5.059999942779541,15547100.0,0.0156862598435318,4.855253191543671,4.642182316515138,4.435200004577637,4.326333332061767,4.260300002098084,5.26344999074936,6.364750000238419,3.650000095367432,5.269999980926514,3.650000095367432,6.099999904632568,3.650000095367432,7.019999980926514,3.650000095367432,7.939000129699707,3.650000095367432,9.199999809265137,3.650000095367432,9.199999809265137,13215780.0,13630404.0,12801707.936507937,69720492.55617857,0.0792635681167701,0.2910714830671038,0.0561914078596521,3.841811115211713,0.2748463121947658,-6.505643902326454,-5.7011016328363375,5.170000076293945,4.965000152587891,14282200.0,False,False,False,0.2758620446660185,1.1856525509970035,-0.1816745828164458,0.7988570034482774,-0.3111702338461425,0.6423140533197855,1.0323450640762717,49.0,90.0,90.0,21.0,21.0,20.0,20.0,86.0,80.0,74.0,68.0,100.0,PTON
2026-04-20,13.899999618530272,14.220000267028809,13.84000015258789,13.960000038146973,1391100.0,-0.004298024316099,14.079203848002567,13.994738452476009,14.267599906921388,14.097999954223631,13.16799997329712,11.677099981307984,8.97005000114441,11.850000381469728,15.489999771118164,10.149999618530272,15.489999771118164,8.789999961853027,15.489999771118164,6.909999847412109,15.489999771118164,4.635000228881836,15.489999771118164,4.510000228881836,15.489999771118164,2771710.0,2901182.0,2644497.619047619,31907991.433606148,0.0494218483554673,0.7440714836120605,0.0535303240310977,1.038463367992167,-0.0806379775843981,2.392390883030478,6.958464095242314,14.380000114440918,13.718000411987305,2982800.0,True,True,True,-0.0544217823887751,0.8787213559373694,0.3508260126394749,1.3186891155735725,1.71484373617568,2.5315141272848813,1.0481045549204142,51.0,13.0,13.0,92.0,92.0,98.0,98.0,51.0,76.0,84.0,92.0,0.0,PUMP
2026-04-20,6.170000076293945,6.28000020980835,5.934999942779541,6.119999885559082,4506000.0,-0.0374414628441931,6.060056726159961,5.757686159741971,5.6168000030517575,5.588000011444092,5.115600004196167,4.474361703750935,0.0,4.40399980545044,6.880000114440918,3.259999990463257,6.880000114440918,3.009999990463257,6.880000114440918,3.009999990463257,6.880000114440918,3.009999990463257,6.880000114440918,0.0,0.0,5457902.5,4952718.0,0.0,28291124.532928467,0.0838768263860105,0.4710714135851179,0.0763486884538371,2.699648780597105,-0.5094764067546173,2.4164272898919137,5.537697166370491,6.679999828338623,6.289999961853027,6493800.0,False,True,True,0.0547008849364205,0.9801285334818536,0.6630727797446774,1.623507359597543,0.0,0.0,0.0,0.0,48.0,48.0,97.0,97.0,0.0,0.0,85.0,95.0,94.0,92.0,61.53846153846154,PURR
2026-04-20,98.37999725341795,98.8000030517578,93.62999725341795,93.62999725341795,1386700.0,0.0447063732221777,88.89576683469866,82.70032388095358,76.65079956054687,74.23233286539714,71.77648788452149,70.94357906341553,75.05594404220581,59.59999847412109,98.8000030517578,59.59999847412109,98.8000030517578,59.59999847412109,98.8000030517578,59.59999847412109,98.8000030517578,59.59999847412109,98.8000030517578,59.59999847412109,98.8000030517578,1192647.5,1123174.0,1148587.3015873015,119984151.34483336,0.0470338850700318,4.615715026855469,0.0469172103650887,7.8999536685091165,0.9121011717529682,3.076122507883235,2.541746561014724,95.95999908447266,90.0,1221100.0,False,False,False,0.5371874570846558,1.4285010181724715,0.5230728199541077,1.4868380761893665,0.2051127416208962,1.1237331599356908,1.0383603391329583,50.0,97.0,97.0,95.0,95.0,73.0,73.0,94.0,90.0,87.0,83.0,100.0,PVH
2026-04-20,21.65999984741211,21.93000030517578,20.56999969482422,21.024999618530277,39241800.0,-0.0013831574876358,18.52954499159928,17.3689103152813,16.14119983673096,16.520666535695394,17.597199840545656,21.770899877548217,22.529099960327148,12.75,22.489999771118164,12.75,27.200000762939453,12.75,32.38999938964844,12.75,37.619998931884766,12.75,46.75,5.96999979019165,46.75,26898865.0,26500302.0,46609952.38095238,532802839.3075037,0.0820079715913559,1.5385001727512904,0.0710295560290646,3.2504446742181057,-0.0194999566310465,-4.156698426254397,-4.903535939840206,22.489999771118164,21.38999938964844,46076200.0,False,False,False,0.3453415735531073,1.2502195478846732,-0.2486992748965728,0.7334268658186114,-0.4646564424732137,0.4991925541685424,0.5771056099811097,15.0,93.0,93.0,15.0,15.0,12.0,12.0,95.0,92.0,89.0,84.0,96.15384615384616,QBTS
2026-04-20,1.2699999809265137,1.409999966621399,1.2309999465942385,1.2350000143051147,1747300.0,-0.0729927178786872,1.291641702526635,1.3557352538146044,1.1324000000953671,1.1216666718324029,1.4110000038146973,15.601499961614609,16.367499954104424,0.800000011920929,3.839999914169312,0.800000011920929,34.099998474121094,0.800000011920929,45.5,0.800000011920929,45.5,0.800000011920929,45.5,0.800000011920929,45.5,8198689.0,12705368.0,2593979.722222222,19717078.82662058,0.2831493059849579,0.424928571496691,0.3345894314003763,-0.298661986455057,-0.2353337255944829,-4.132902215881653,1.7574943917444463,1.4500000476837158,1.2799999713897705,2779500.0,False,True,True,0.4431818043274327,1.341142010616983,-0.9642253526499572,0.034923548726904,-0.9341968895787408,0.0613595182039328,3.1606604052310443,97.0,96.0,96.0,0.0,0.0,1.0,1.0,92.0,88.0,84.0,80.0,69.23076923076923,QNCX
2026-04-20,9.829999923706056,9.9399995803833,9.279999732971191,9.350000381469728,19699300.0,0.0271682588477462,8.514317602523823,7.994746621872706,7.475599918365479,7.482499933242797,7.835899953842163,9.604049997329712,13.142724967002868,6.179999828338623,9.9399995803833,6.179999828338623,12.119999885559082,6.179999828338623,13.399999618530272,6.179999828338623,16.790000915527344,6.179999828338623,25.84000015258789,5.760000228881836,25.84000015258789,12398150.0,12262118.0,24054025.0,109990606.6771245,0.0722616176112656,0.628857067653111,0.0639732525466818,3.977952680495854,0.4134488459391169,-4.513936754268548,-5.490380526920234,9.904999732971191,9.345000267028809,22053500.0,False,False,False,0.3671766127226121,1.270510746294937,-0.2259842463513509,0.7556014912864745,-0.4754535729047383,0.4891245388874694,0.5154293304343036,13.0,94.0,94.0,17.0,17.0,12.0,12.0,92.0,89.0,85.0,80.0,100.0,QUBT
2026-04-20,1.909999966621399,1.9900000095367432,1.875,1.9700000286102293,447300.0,-0.0052083284826948,1.9433039675688488,2.029801357813862,1.905999984741211,1.8996666510899864,2.6427999925613403,3.2380600070953367,6.083504993915557,1.0499999523162842,2.970000028610229,1.0499999523162842,5.289999961853027,1.0499999523162842,5.289999961853027,1.0499999523162842,6.449999809265137,1.0499999523162842,8.75,1.0499999523162842,102.8499984741211,8395412.5,6836800.0,1718510.7936507936,29021463.457558155,0.1785779961125444,0.2247143302645002,0.1176514838699173,-2.356805646900417,-0.044500902330022,-5.574015064260554,-5.328760372738165,1.9700000286102293,1.8899999856948853,519000.0,False,True,True,0.4469696141854713,1.3446620043652495,-0.4332344120229753,0.5532819215456065,-0.6992125991642959,0.2804756474114838,4.885283543762235,98.0,96.0,96.0,6.0,6.0,5.0,5.0,96.0,94.0,91.0,88.0,42.30769230769231,RBNE
2026-04-20,11.829999923706056,12.329999923706056,11.529999732971191,12.079999923706056,2701900.0,-0.0206953643691167,10.761859616215908,10.342754739508196,9.694399871826173,9.781666564941409,10.561199932098388,12.904999961853028,11.020124974250791,8.050000190734863,12.46500015258789,8.050000190734863,16.5,8.050000190734863,17.392000198364258,8.050000190734863,17.392000198364258,8.050000190734863,17.392000198364258,4.699999809265137,17.392000198364258,3612670.0,3462874.0,3461775.0,29281099.80287075,0.0600517897902035,0.7027857644217355,0.0594070810612118,2.022281872014499,-0.3557271826723815,-4.5764997639535725,-2.0706314206305856,12.46500015258789,11.710000038146973,4125200.0,False,False,False,0.2830802148684028,1.1923603623546395,-0.2869198423810333,0.6961155867484661,0.1380470805915772,1.0611963494043484,1.0435889103133509,51.0,90.0,90.0,13.0,13.0,66.0,66.0,88.0,83.0,78.0,72.0,96.15384615384616,REAL
2026-04-20,20.63999938964844,20.70499992370605,19.84000015258789,19.850000381469727,3352900.0,0.0314842155702366,18.511222047029683,17.53473920796559,16.678999977111815,16.624499956766766,16.1425,14.942899990081788,15.8664000415802,14.989999771118164,20.70499992370605,12.100000381469728,20.70499992370605,12.100000381469728,20.70499992370605,12.079999923706056,20.70499992370605,12.079999923706056,20.70499992370605,12.079999923706056,24.70499992370605,3458560.0,4003168.0,3640001.1904761903,57336164.92401123,0.040783565564977,0.7275002343314034,0.035247105418824,7.904544715364932,0.8659779489220254,7.190997773810981,5.299001082941228,20.200000762939453,19.770000457763672,8463600.0,False,False,False,0.3154875679827271,1.2224763620049917,0.5010908647017045,1.4653790837957203,0.3490195511335541,1.2579221434264938,0.9501535354024284,40.0,92.0,92.0,95.0,95.0,83.0,83.0,83.0,92.0,89.0,85.0,100.0,RELY
2026-04-20,19.63999938964844,19.88500022888184,18.790000915527344,19.26000022888184,37783100.0,-0.0085815285652183,17.480949528003283,16.525344173737373,15.554799995422364,15.75466667811076,16.185799961090087,20.06654994010925,22.689299988746644,12.529999732971191,20.170000076293945,12.529999732971191,25.209999084472656,12.529999732971191,28.459999084472656,12.529999732971191,44.52000045776367,12.529999732971191,58.150001525878906,7.809999942779541,58.150001525878906,29207392.5,29299374.0,50180957.14285714,505730023.8996744,0.0782082238270238,1.3146427699497767,0.0669370066601264,3.18821023732248,-0.129312753380479,-5.755262844650128,-5.955535595416039,20.170000076293945,19.149999618530277,40352800.0,False,False,False,0.2744970528307109,1.1843840705540052,-0.2334114462801826,0.7483509885468939,-0.5905774673782558,0.3817748003502882,0.5820413591723895,15.0,90.0,90.0,16.0,16.0,8.0,8.0,92.0,88.0,84.0,79.0,92.3076923076923,RGTI
2026-04-20,18.11000061035156,18.530000686645508,17.570999145507812,17.959999084472656,22124900.0,0.0,16.86137120239726,15.95534677189151,14.965000190734862,14.893833510080974,15.159000129699708,15.196100044250487,15.51005002975464,11.5,18.90999984741211,11.5,18.90999984741211,11.5,19.38999938964844,11.5,23.489999771118164,11.5,23.934999465942383,6.190000057220459,23.934999465942383,17682975.0,18126154.0,28482157.14285714,276643958.62731457,0.0751634773491376,1.2192143031529017,0.0673227091144329,2.8915928325659963,0.0,1.093177819430461,1.248390363222195,18.479999542236328,17.049999237060547,20578400.0,False,True,False,0.2807638027324051,1.190207731535588,-0.0587317658112908,0.9188749429206357,-0.0736572216319685,0.8637881432728065,0.6208439519277984,16.0,90.0,90.0,36.0,36.0,36.0,36.0,92.0,88.0,84.0,79.0,96.15384615384616,RIOT
2026-04-20,16.399999618530273,16.690000534057617,15.9399995803833,16.579999923706055,2641700.0,-0.0214797497276394,15.066866342249114,13.61422034595932,12.262800025939942,11.970333353678386,10.889200019836426,9.442399988174438,7.139000006914139,9.265000343322754,17.31999969482422,7.360000133514404,17.31999969482422,7.010000228881836,17.31999969482422,5.949999809265137,17.31999969482422,3.884999990463257,17.31999969482422,2.5299999713897705,17.31999969482422,3082985.0,2867934.0,2212613.492063492,44854480.112109184,0.0759837493437689,1.1384286199297224,0.0694163808786567,7.290489275841488,-0.3162258959844018,8.33183852309325,9.93685595488072,17.31999969482422,16.15999984741211,2360700.0,False,True,False,0.6399999618530274,1.5240441915607208,1.2312924940575385,2.178208813010166,1.5192010817098165,2.349082948252263,1.3933680740257963,79.0,98.0,98.0,99.0,99.0,98.0,98.0,96.0,97.0,96.0,97.0,96.15384615384616,RLAY
2026-04-20,126.87000274658205,127.25,125.0,126.5,1159200.0,-0.0004726822536004,115.32608331108764,107.53589874973991,100.32320068359375,98.7510004679362,99.06059982299804,100.0739998626709,93.01204978942872,77.88999938964844,128.58999633789062,77.88999938964844,128.58999633789062,77.88999938964844,135.75,77.88999938964844,135.75,77.88999938964844,135.75,43.209999084472656,135.75,1907285.0,1945496.0,1771495.238095238,195446910.983696,0.0583178421639132,6.317141396658761,0.0497922381957932,5.638051812378356,-0.0094975804444528,3.271441627346108,3.3301229279044824,128.58999633789062,122.0,2107700.0,True,True,False,0.3408370224462393,1.2460334898909562,0.1748310515445126,1.1468811718264438,0.292613354806017,1.2053249788210962,1.0766526259764415,54.0,93.0,93.0,82.0,82.0,80.0,80.0,93.0,90.0,87.0,82.0,100.0,RMBS
2026-04-20,2.990000009536743,3.7799999713897705,2.505000114440918,2.5299999713897705,8503000.0,0.1033210211986666,1.9582612421456305,1.4368544672294448,0.9860000026226045,0.907266668478648,0.8113200008869171,1.1479400008916856,1.7763049975037577,0.3319999873638153,3.7799999713897705,0.3319999873638153,3.7799999713897705,0.3319999873638153,3.7799999713897705,0.3319999873638153,3.7799999713897705,0.3319999873638153,3.7799999713897705,0.3319999873638153,5.460000038146973,21268277.5,17638910.0,3747999.603174603,85904889.41583455,0.386104568946179,0.6359285584517888,0.2126851359275803,12.625951792344296,0.4403009861224812,-2.9942688823595445,-6.118648685735206,3.299999952316284,2.4100000858306885,7991300.0,False,False,False,5.308016805743121,5.862010119925704,1.3543307515291645,2.298319922367574,-0.06562501094304,0.8712779499830058,5.674567703258426,99.0,99.0,99.0,99.0,99.0,37.0,37.0,99.0,99.0,99.0,99.0,100.0,RMSG
2026-04-20,40.209999084472656,41.08000183105469,39.0099983215332,40.040000915527344,1921400.0,-0.0044565562737273,38.57667275257788,37.8818721590583,37.534000091552734,37.853000005086265,36.07051376342773,32.19254287719727,30.388566074371337,33.04999923706055,42.0099983215332,24.09691301166634,42.34428345709616,24.09691301166634,42.34428345709616,24.09691301166634,42.34428345709616,24.09691301166634,42.34428345709616,21.870894451931616,42.34428345709616,2039187.5,2737536.0,1682464.6825396826,56729676.42671585,0.055202062158921,2.056428636823381,0.0511422204338593,2.243956527111317,-0.0875305381147737,1.7831701340915096,4.611812660386353,41.75,40.0099983215332,1417300.0,False,True,False,0.073698218032201,0.9977826650874756,0.5316310915527518,1.4951927417789062,0.5024952118772386,1.4010338069781954,1.2120239557848216,68.0,54.0,54.0,95.0,95.0,90.0,90.0,63.0,91.0,88.0,84.0,46.15384615384615,RNG
2026-04-20,8.119999885559082,8.642999649047852,7.071000099182129,7.320000171661377,1201100.0,0.0712401012253582,6.200015149468129,5.305588147163681,4.495599994659424,4.430333320299784,4.42720000743866,4.434149992465973,3.591144995689392,2.869999885559082,11.739999771118164,2.869999885559082,11.739999771118164,1.159999966621399,33.68000030517578,1.159999966621399,33.68000030517578,1.159999966621399,33.68000030517578,1.159999966621399,33.68000030517578,2634730.0,2185076.0,1027772.619047619,37360783.39197874,0.1632570033123042,1.2122856719153268,0.1492962671183409,5.586987261571093,0.4454395315914813,6.666451466355548,5.508473650539282,8.3100004196167,7.170000076293945,1680000.0,False,False,False,1.0661576965975,1.9200705546297416,-0.5189573288349433,0.4695984002797698,1.7951807110257638,2.606426058335029,2.5635339482398947,95.0,99.0,99.0,4.0,4.0,98.0,98.0,99.0,98.0,99.0,99.0,100.0,ROLR
2026-04-20,146.22999572753906,153.5,146.1699981689453,151.85000610351562,3495600.0,-0.0161475413875261,132.0355219790358,119.45965865638684,108.48879974365236,106.67966639200846,104.08939987182616,97.5444997406006,71.73299987792969,91.5199966430664,155.6999969482422,91.5199966430664,155.6999969482422,73.0,155.6999969482422,55.400001525878906,155.6999969482422,42.18000030517578,155.6999969482422,34.0,155.6999969482422,3021010.0,2762934.0,2601427.380952381,469937770.7737351,0.0416819404307295,7.9489271981375555,0.0543590742691963,7.447698985097164,-0.3019286874127823,13.208980152959072,15.785560718299838,151.13499450683594,145.52000427246094,4759900.0,False,False,False,0.472756515048748,1.3686256491171822,0.2157465681044621,1.1868232856448249,1.943437899139958,2.744671645431437,1.1612893837128793,63.0,96.0,96.0,85.0,85.0,99.0,99.0,93.0,89.0,94.0,96.0,84.61538461538461,RVMD
2026-04-20,19.559999465942383,19.59000015258789,18.46999931335449,18.549999237060547,2126600.0,0.045989233578392,17.151287262609976,16.13218698620152,15.097199897766114,14.71933323542277,15.001599922180176,14.656699962615969,15.257649955749512,11.68000030517578,19.59000015258789,11.18000030517578,19.59000015258789,11.18000030517578,19.59000015258789,10.425000190734863,19.59000015258789,10.425000190734863,19.59000015258789,10.425000190734863,19.59000015258789,1886812.5,2433874.0,2070080.5555555555,27343454.765524864,0.0571947466497213,0.978928702218192,0.0500474810299811,6.071452277155113,0.8785100498680095,5.825446220100513,4.479076478194521,19.200000762939453,18.31999969482422,1801000.0,False,False,False,0.4361233208732491,1.334582595397594,0.3048698975719413,1.2738263218706374,0.0964125167400846,1.0223733095479663,0.9114681527423114,36.0,96.0,96.0,90.0,90.0,62.0,62.0,94.0,93.0,90.0,89.0,100.0,RXO
2026-04-20,33.040000915527344,33.34000015258789,32.45000076293945,33.0,521500.0,-0.0166665947626475,31.679979310243368,30.984514749242525,29.243599853515622,29.92533321380615,31.90699993133545,31.152999992370606,25.58315001487732,23.57999992370605,35.59000015258789,23.57999992370605,40.060001373291016,23.57999992370605,40.060001373291016,21.670000076293945,40.060001373291016,18.51000022888184,40.060001373291016,11.119999885559082,40.060001373291016,1056797.5,1034998.0,1059865.0793650793,27805258.8650322,0.054898962029557,1.7899999618530271,0.0541767527921528,0.6554375895400367,-0.312847804764216,3.091393815049108,5.952623199830493,34.15999984741211,32.02000045776367,764000.0,True,True,False,0.3301127501033916,1.2360674744318063,0.0706416157504719,1.0451704602664182,0.141278067177937,1.064209151975431,0.9971056888043552,45.0,93.0,93.0,68.0,68.0,67.0,67.0,85.0,79.0,73.0,76.0,73.07692307692307,SA
2026-04-20,6.699999809265137,7.050000190734863,6.559999942779541,6.800000190734863,6562100.0,-0.0331890367634577,6.901552231784015,6.324485836163741,5.836399974822998,5.375333309173584,4.509899983406067,3.635199987888336,3.362649992108345,2.869999885559082,8.020000457763672,2.7300000190734863,8.020000457763672,1.75,8.020000457763672,1.2549999952316284,8.020000457763672,1.2549999952316284,8.020000457763672,1.2549999952316284,8.020000457763672,10286790.0,9524588.0,5101395.238095238,100916784.82243538,0.1707292070233301,0.8982143402099609,0.1340618456388401,3.622361639110195,-0.2560636239894844,15.912254784882489,17.29689590378504,7.690000057220459,6.860000133514404,8826300.0,False,True,True,1.0426828864959643,1.8982555248642456,0.8820224485829564,1.837248094861675,1.3024053648275251,2.1469271435887203,2.016465990163289,92.0,99.0,99.0,98.0,98.0,98.0,98.0,98.0,98.0,99.0,99.0,50.0,SATL
2026-04-20,85.66999816894531,85.80999755859375,78.9000015258789,80.0,835500.0,0.0614545798629166,72.97532033744719,70.18712719502098,68.08520050048828,68.16433359781901,68.08180015563966,68.04279991149902,82.13310007095338,56.709999084472656,85.80999755859375,55.0,86.68000030517578,55.0,86.68000030517578,49.5,86.68000030517578,49.5,93.04000091552734,37.59999847412109,186.7400054931641,850405.0,802560.0,957175.0,53203479.369335175,0.0839815435666229,5.949785505022321,0.0694500482337943,3.71978436152804,0.8336433439971629,2.598625949590163,2.858364118855832,82.16999816894531,75.16999816894531,1059800.0,False,False,False,0.293327308752876,1.20188293813407,0.250656907575844,1.2209030888549637,0.1437916745481671,1.0665530189477337,0.8884529997126962,33.0,91.0,91.0,87.0,87.0,67.0,67.0,90.0,87.0,83.0,85.0,100.0,SEZL
2026-04-20,6.96999979019165,7.014999866485596,6.78000020980835,6.889999866485596,3959800.0,0.0145560271176672,6.31121260997787,5.98560903970453,5.66399995803833,5.655666621526082,5.62819995880127,6.26749997138977,7.78104996919632,4.489999771118164,7.014999866485596,4.489999771118164,7.190000057220459,4.489999771118164,8.260000228881836,4.489999771118164,8.260000228881836,4.489999771118164,9.137999534606934,4.489999771118164,21.040000915527344,4377142.5,4285534.0,5340292.857142857,24042404.32518959,0.065652269885633,0.4170713765280587,0.059838075908549,3.984195071890204,0.2397668846637832,-2.695004247444278,-0.3574832462589831,7.014999866485596,6.650000095367432,5568200.0,False,True,False,0.3052433691062393,1.2129564765427605,-0.1254705177320906,0.853723942775947,-0.0542740979075453,0.8818623517016163,0.8196446556569262,27.0,92.0,92.0,27.0,27.0,38.0,38.0,91.0,87.0,83.0,78.0,100.0,SG
2026-04-20,21.690000534057617,21.81999969482422,19.690000534057617,20.040000915527344,5659000.0,0.099898645501931,17.842837910434252,15.806345496725973,13.68060001373291,13.441499996185303,13.358800010681152,12.936000003814698,9.603875000476837,8.925000190734863,21.81999969482422,8.925000190734863,21.81999969482422,8.925000190734863,21.81999969482422,4.614999771118164,21.81999969482422,4.614999771118164,21.81999969482422,4.25,21.81999969482422,4427602.5,3974686.0,3900915.873015873,75846090.9882927,0.1125079803473025,1.7680000577654158,0.0815122182680126,7.650986351058415,1.1142540477023624,3.830666697483904,7.311542384910791,20.149999618530277,18.989999771118164,4752900.0,False,False,False,1.1931243459158876,2.0380600600666674,0.7677261389451353,1.725670957569866,2.199115024020144,2.98308325087048,1.135016145984439,61.0,99.0,99.0,97.0,97.0,99.0,99.0,99.0,98.0,97.0,99.0,100.0,SGML
2026-04-20,4.340000152587891,4.857999801635742,4.050000190734863,4.855000019073486,45442800.0,-0.1887850037474053,4.542512699722197,3.904243314276884,3.324799976348877,3.1109999815622964,2.723199985027313,2.534919989705086,1.88723999530077,1.8200000524520876,5.989999771118164,1.7999999523162842,5.989999771118164,0.7310000061988831,5.989999771118164,0.628000020980835,5.989999771118164,0.628000020980835,5.989999771118164,0.628000020980835,5.989999771118164,17831215.0,15533606.0,12989341.26984127,121770019.79433537,0.226829272322889,0.8830713714872088,0.2034726590874988,2.9179023164762925,-1.1437351324657992,8.770322052474448,9.252839780527992,5.860000133514404,5.25,25038900.0,False,False,True,0.8951966047527964,1.7611972222703904,0.2878339169046844,1.257195636594495,2.500000096136523,3.263649973957357,1.3727574500949191,78.0,99.0,99.0,89.0,89.0,99.0,99.0,98.0,98.0,99.0,99.0,76.92307692307693,SIDU
2026-04-20,34.099998474121094,34.16999816894531,32.65999984741211,32.93000030517578,529400.0,0.0206524582418528,32.56012981368225,31.783150052391697,30.17479988098145,30.64166653951009,32.159599800109866,28.871799850463866,22.85574989318848,25.149999618530277,34.91999816894531,25.149999618530277,38.77000045776367,22.40999984741211,38.77000045776367,15.43000030517578,38.77000045776367,15.43000030517578,38.77000045776367,10.920000076293944,38.77000045776367,857172.5,867016.0,722061.9047619047,22566137.732076645,0.051920698173643,1.623356682913644,0.0476057699576036,1.2674205363686537,0.4250443750110151,10.012156521729468,13.114567958261716,34.689998626708984,33.2599983215332,648300.0,False,False,False,0.2723880389879152,1.1824241739858357,0.2662457514925198,1.2361210655632506,0.7344862023795873,1.6173587696395104,1.1871177448180803,66.0,90.0,90.0,88.0,88.0,94.0,94.0,81.0,74.0,81.0,94.0,88.46153846153845,SKE
2026-04-20,9.130000114440918,10.029999732971191,8.720000267028809,9.329999923706056,2978400.0,0.1398252001942115,8.577708377507276,7.068129781773473,5.543400011062622,5.087500007947286,4.248500003814697,3.565210007429123,3.80964499771595,1.850000023841858,19.450000762939453,1.850000023841858,19.450000762939453,1.6640000343322754,19.450000762939453,1.6640000343322754,19.450000762939453,1.6640000343322754,19.450000762939453,1.6640000343322754,19.450000762939453,10487164.75,8432614.86,2112668.2182539683,139289518.58603597,0.336426912187532,3.0625714233943397,0.3354404583796523,3.4253285756341167,0.3657057193845793,4.701291037127261,5.251437347580732,9.880000114440918,7.519999980926514,1235400.0,False,True,True,1.7011833743535545,2.510196907183131,2.0032895490155664,2.931839631563041,1.2916667140431837,2.1369136589058653,4.963943064693424,98.0,99.0,99.0,99.0,99.0,98.0,98.0,99.0,99.0,99.0,99.0,80.76923076923077,SKYQ
2026-04-20,33.41999816894531,33.790000915527344,32.439998626708984,32.439998626708984,916700.0,0.0161142836464656,31.111540903070097,29.988983723261533,28.94200019836426,28.80500017801921,28.97200004577637,26.31699993133545,20.06949995994568,25.799999237060547,33.790000915527344,25.799999237060547,34.13999938964844,14.8100004196167,36.26800155639648,12.800000190734863,36.26800155639648,10.59000015258789,36.26800155639648,6.340000152587891,36.26800155639648,1117415.0,1153406.0,1537754.365079365,35005039.26117897,0.0430863195357873,1.311286245073591,0.0392365744140605,3.912866530901184,0.4041823677233271,7.22918931036865,7.692656837300917,32.9900016784668,32.05899810791016,704800.0,False,False,False,0.2069338217541751,1.1215978801391442,0.0096676649418703,0.9856471134308692,1.0144664172129074,1.8784323112825496,0.7266537656307216,21.0,84.0,84.0,53.0,53.0,96.0,96.0,75.0,67.0,96.0,96.0,100.0,SKYT
2026-04-20,4.989999771118164,5.46999979019165,4.96999979019165,5.260000228881836,6420600.0,-0.0440613081068805,4.892403255079887,4.837126614770754,4.814800033569336,4.934333372116089,4.722600030899048,3.909100017547608,2.8440000087022783,3.950000047683716,6.139999866485596,3.4600000381469727,6.139999866485596,1.830000042915344,6.139999866485596,1.3899999856948853,6.139999866485596,1.3899999856948853,6.139999866485596,1.2599999904632568,6.139999866485596,7105352.5,6563888.0,4936904.761904762,27187579.49529648,0.0774741526336693,0.3192856652396066,0.0639851061893056,0.8849137031784629,-0.7203581122280693,11.427304088406796,14.55388814364823,5.239999771118164,4.849999904632568,6051500.0,False,False,True,-0.0403846242018708,0.8917660205095554,0.2537687807046287,1.223940928802949,1.3101849874228684,2.1541814191268025,1.4392322401736195,81.0,15.0,15.0,87.0,87.0,98.0,98.0,70.0,82.0,97.0,98.0,46.15384615384615,SLS
2026-04-20,25.1200008392334,25.440000534057617,23.739999771118164,24.5,3371500.0,-0.0011927944235343,22.01344136995016,20.21586805954232,18.73620002746582,18.270500055948894,17.170900058746337,17.195300035476684,19.84695004940033,14.970000267028809,25.479999542236328,13.829999923706056,25.479999542236328,13.829999923706056,25.479999542236328,13.829999923706056,25.479999542236328,13.829999923706056,25.489999771118164,13.829999923706056,36.90999984741211,2628100.0,2518498.0,3539004.365079365,61157943.39858055,0.0667863709312936,1.3585714612688338,0.0540832570016066,8.55977018607708,-0.0220811198763572,4.485352714413613,2.488937532419886,25.479999542236328,24.059999465942383,4899800.0,False,False,False,0.5979644028327524,1.4849807457960804,0.4741783738018068,1.4391068559213671,0.1433774066603712,1.0661667259922825,0.7426099910846147,22.0,97.0,97.0,95.0,95.0,67.0,67.0,94.0,94.0,91.0,88.0,100.0,SMMT
2026-04-20,105.91000366210938,109.19000244140624,105.06999969482422,107.52999877929688,2013900.0,-0.0167114978893614,95.36600867071596,89.9239281040608,84.09520050048827,84.30600051879883,85.94120025634766,81.36820030212402,70.62525007247925,69.16000366210938,110.5500030517578,69.16000366210938,110.5500030517578,66.75,110.5500030517578,60.27999877929688,110.5500030517578,57.5,110.5500030517578,24.049999237060547,110.5500030517578,2441087.5,2211448.0,1914058.3333333333,225634542.90721893,0.0669165586014477,6.131429399762835,0.0578928258686901,4.013524123691189,-0.293568645254711,3.234231939221416,3.9858334829094297,110.5500030517578,104.6999969482422,3572000.0,True,False,False,0.3517550188222571,1.256179532175951,0.3655235559039083,1.3330369961645074,0.4969611825033126,1.3958734828850534,1.275346449733768,72.0,93.0,93.0,92.0,92.0,90.0,90.0,91.0,86.0,84.0,86.0,96.15384615384616,SMTC
2026-04-20,0.8270000219345093,0.8870000243186951,0.781000018119812,0.7829999923706055,4059800.0,0.0024242834961671,0.7635084359904224,0.6920917006821246,0.6204400026798248,0.6230666687091192,0.6303000050783157,0.7341300013661385,0.90714000120759,0.3389999866485595,2.1600000858306885,0.3389999866485595,2.1600000858306885,0.3389999866485595,2.1600000858306885,0.3389999866485595,2.1600000858306885,0.3389999866485595,2.1600000858306885,0.3389999866485595,2.1600000858306885,24170362.5,19340414.0,3910771.8253968256,77626140.81699997,0.231498266025059,0.2563571568046297,0.3099844619168956,1.0067396218425877,0.0078017476881383,-9.980293770903256,-7.362630096966813,0.9399999976158142,0.8040000200271606,22331900.0,False,False,True,0.3253205206274574,1.2316140782932044,0.0481622920456956,1.0232259320906385,-0.1970873350426942,0.7486930931717691,6.180458379861483,99.0,92.0,92.0,64.0,64.0,26.0,26.0,99.0,98.0,97.0,95.0,92.3076923076923,SNAL
2026-04-20,6.0,6.050000190734863,5.809999942779541,5.980000019073486,47457600.0,-0.0049751589990911,5.531270519234267,5.218755942853334,4.85160002708435,4.846666693687439,4.945000014305115,6.284999978542328,7.230399988889694,3.809999942779541,6.210000038146973,3.809999942779541,7.809999942779541,3.809999942779541,9.06999969482422,3.809999942779541,9.130000114440918,3.809999942779541,9.279999732971191,3.809999942779541,10.40999984741211,52169787.5,55046362.0,57859736.50793651,337725831.6819799,0.0675802015183628,0.3674999986376081,0.0612499997729346,3.4832132611510898,-0.081633224270928,-10.320045140970418,-9.310335899571516,6.210000038146973,5.949999809265137,64356300.0,False,True,False,0.3157894901951927,1.222756936886037,-0.2031872731976046,0.7778561118553571,-0.2268041465168152,0.7209830165061519,0.9016596107872696,35.0,92.0,92.0,19.0,19.0,24.0,24.0,92.0,88.0,84.0,79.0,88.46153846153845,SNAP
2026-04-20,913.02001953125,951.469970703125,900.3699951171875,930.969970703125,11303500.0,-0.0086536995924317,869.0005477764588,805.1635300760365,761.0044018554687,738.9533345540365,686.21900390625,511.5980014038086,308.89157598495484,517.0,965.0,454.3299865722656,965.0,199.5,965.0,164.55999755859375,965.0,85.12000274658203,965.0,28.940000534057617,965.0,18550907.5,18856718.0,9930905.15873016,13627213899.169617,0.0765808188981183,62.06355939592634,0.0679761210797876,4.862122259584277,-0.1284162684302654,14.947470806975147,17.382140764655066,930.5,886.0,25655700.0,False,False,False,0.1825305181699525,1.0989200057809003,1.2073884974360864,2.154873505673418,5.32855058219148,5.901192392981978,1.8679976501126971,91.0,81.0,81.0,99.0,99.0,99.0,99.0,96.0,96.0,99.0,99.0,84.61538461538461,SNDK
2026-04-20,105.30999755859376,107.5,104.5,106.58000183105467,511300.0,-0.0067905425727846,98.63556775697236,91.91886407225746,84.86813415527344,82.52544555664062,82.9107341003418,74.99223377227783,69.18605014801025,67.56666564941406,107.91999816894533,67.56666564941406,107.91999816894533,61.20000076293945,107.91999816894533,54.67333221435547,107.91999816894533,54.67333221435547,107.91999816894533,52.0,107.91999816894533,825378.75,789510.0,662445.8333333334,76809684.70401764,0.0442866269439217,3.9407152448381697,0.0374201437299016,7.219672977271039,-0.1827082587726261,12.905528647802772,11.711712723323494,107.91999816894533,104.7300033569336,767500.0,False,False,False,0.5235820800629425,1.4158576057906156,0.4585872854549708,1.4238866881791536,0.5768116975113384,1.4703318040474136,1.2459565876455307,70.0,97.0,97.0,94.0,94.0,91.0,91.0,92.0,87.0,89.0,90.0,92.3076923076923,SNEX
2026-04-20,217.8800048828125,218.02999877929688,212.8699951171875,214.1999969482422,782100.0,0.0166106636661702,203.87025662632183,191.95442336104517,180.3692559814453,176.11339569091797,170.01001373291015,161.54049545288086,155.18229667663573,147.8425327753103,218.02999877929688,147.8425327753103,218.02999877929688,142.72646209891596,218.02999877929688,141.4336467049879,218.02999877929688,141.4336467049879,218.02999877929688,100.99369642335007,218.02999877929688,803775.0,765794.0,727000.7936507936,194995801.73355103,0.0416700183184701,8.517390285832255,0.0390921153614502,7.202772089723571,0.4179681145427157,6.345917998479747,6.114897077300432,215.00999450683597,208.8500061035156,752900.0,False,False,False,0.4059877678237877,1.3065777687800324,0.4559472232560273,1.42130943451835,0.4174251870355132,1.3217084421972858,1.1056040199951749,58.0,95.0,95.0,94.0,94.0,87.0,87.0,88.0,83.0,82.0,77.0,100.0,SNX
2026-04-20,131.27999877929688,136.95399475097656,131.1300048828125,135.08999633789062,366600.0,-0.0323579232615727,129.955646244112,125.22601644677285,120.58679931640626,119.22766596476237,115.81559967041017,103.48739990234375,79.38444999694825,104.4499969482422,137.2949981689453,87.60199737548828,137.2949981689453,83.93499755859375,137.2949981689453,64.0,137.2949981689453,56.36000061035156,137.2949981689453,23.88999938964844,137.2949981689453,859045.0,862642.0,882677.7777777778,85188815.5732727,0.0458746725207273,5.823498862130301,0.0443593762666051,3.010097467743085,-0.7538422336091135,7.344037360464137,11.185909419405466,137.2949981689453,134.0,424800.0,False,False,True,0.1630049785044778,1.0807750143135642,0.3623910123262701,1.3299789775290654,1.2008381462042643,2.052218617500212,0.9732260419682532,42.0,78.0,78.0,92.0,92.0,97.0,97.0,69.0,85.0,83.0,92.0,57.692307692307686,SPHR
2026-04-20,18.149999618530277,19.940000534057617,18.059999465942383,19.479999542236328,2082400.0,-0.0711361940568034,19.085985484231657,17.235266513560358,15.59799991607666,14.778999932607016,12.61959997177124,11.146799969673156,10.799799978733065,9.199999809265137,23.59000015258789,8.300000190734863,23.59000015258789,6.599999904632568,23.59000015258789,6.599999904632568,23.59000015258789,6.599999904632568,23.59000015258789,6.599999904632568,23.59000015258789,1573650.0,1352666.0,771368.253968254,48423909.77303505,0.1263660286811652,2.5024283954075406,0.137874845619979,3.1785268802061752,-0.555460967254049,8.29410881164713,9.621242868390809,21.799999237060547,19.32999992370605,2480200.0,False,False,True,0.4877049100235628,1.38251712171745,0.4987613652427045,1.4631050044157154,0.5162906611225551,1.413897668787773,2.0400761787958728,93.0,96.0,96.0,95.0,95.0,90.0,90.0,97.0,97.0,97.0,97.0,69.23076923076923,SPIR
2026-04-20,21.420000076293945,21.489999771118164,20.809999465942383,21.3799991607666,2807400.0,-0.0060324438686306,21.577502549156662,21.06248630554756,20.533599853515625,19.988666534423828,19.06079984664917,20.23049988746643,19.60424988746643,16.270000457763672,23.850000381469727,15.529999732971191,24.68000030517578,15.529999732971191,24.68000030517578,15.079999923706056,24.68000030517578,15.079999923706056,25.31999969482422,10.420000076293944,64.80000305175781,3023070.0,2780972.0,6233362.301587301,76428504.19297218,0.0632905260764207,1.132143156869071,0.0528544889279455,2.341756870389229,-0.1148257267447632,-1.2506543132429644,1.957279124597907,21.75,21.020000457763672,2512100.0,False,True,True,0.2864865205435198,1.195525826073905,0.0137246061072169,0.989607537724751,-0.0822622135279231,0.8557642344711651,0.4849822381141213,12.0,91.0,91.0,54.0,54.0,35.0,35.0,78.0,76.0,71.0,68.0,38.46153846153847,SRPT
2026-04-20,31.920000076293945,32.099998474121094,30.850000381469727,31.59000015258789,2197100.0,0.0053543331116203,31.67311547977992,30.812066824383383,29.24320022583008,29.33766682942708,29.24180004119873,26.125500011444093,22.595450019836427,22.559999465942383,36.52000045776367,22.450000762939453,36.52000045776367,20.809999465942383,36.52000045776367,18.190000534057617,36.52000045776367,18.190000534057617,36.52000045776367,9.880000114440918,36.52000045776367,4176162.5,4358182.0,3322823.8095238097,123262976.74181938,0.0579210918564672,1.9671429225376675,0.0616272843933545,1.486161058476263,0.0864197889976599,4.217737565394675,6.817189941360206,32.5,31.65999984741211,2543700.0,False,True,True,0.3250311280245015,1.2313451471188908,0.3957148624820035,1.3625100348807857,0.2372093418685954,1.1536623215600446,1.2568112964733094,71.0,92.0,92.0,93.0,93.0,76.0,76.0,86.0,80.0,82.0,86.0,61.53846153846154,SSRM
2026-04-20,2.680000066757202,3.5999999046325684,2.400000095367432,2.450000047683716,11303700.0,0.2465116036653916,2.525436033371516,2.614326313360249,2.4735999965667723,2.4726666609446206,2.81421998500824,3.5075799942016603,5.023289992809295,1.350000023841858,5.800000190734863,1.350000023841858,5.800000190734863,1.350000023841858,5.800000190734863,1.350000023841858,6.599999904632568,1.350000023841858,9.300000190734863,1.350000023841858,15.0,3699652.5,2961156.0,637366.5873015873,25434641.666495204,0.4001627718553422,0.9112857069287982,0.3400319717273191,-0.1402617242295758,0.5815958347201217,-9.07792039381927,-7.444348160516097,2.299000024795532,2.0999999046325684,202100.0,False,False,True,0.774834492505525,1.6493452818306062,-0.3649288625591399,0.6199624442542494,-0.6241234188300784,0.35049416018603,5.804591225378133,99.0,98.0,98.0,8.0,8.0,7.0,7.0,97.0,96.0,94.0,91.0,69.23076923076923,SST
2026-04-20,25.530000686645508,25.790000915527344,25.11000061035156,25.18000030517578,560000.0,0.0179426142068725,24.16099707933092,22.590142654130293,21.00359992980957,20.51766656239828,19.59159984588623,21.151499938964843,23.053449993133544,16.829999923706055,26.920000076293945,15.59000015258789,26.920000076293945,15.59000015258789,27.530000686645508,15.59000015258789,28.399999618530277,15.59000015258789,28.399999618530277,15.59000015258789,30.809999465942383,1466837.5,1437570.0,1296338.492063492,29728504.27564621,0.0550911322735485,1.413571902683803,0.0553690507115116,5.474349610657488,0.3183430302237072,-6.181219591285148,-3.341185892784077,25.280000686645508,24.15999984741211,895300.0,False,False,False,0.4613624321742104,1.3580371819055854,0.2174535776158577,1.1884896844569557,0.052349564953908,0.9812858674052704,1.131523524897506,61.0,96.0,96.0,85.0,85.0,56.0,56.0,90.0,90.0,87.0,82.0,88.46153846153845,STAA
2026-04-20,539.75,553.0,531.6099853515625,550.77001953125,2915800.0,-0.0146052031036056,511.1232248775733,478.48173003803,451.3198986816406,439.3988301595052,424.36273376464845,369.5077679443359,283.94133728027344,341.40447161248795,553.5700073242188,331.1722971641402,553.5700073242188,273.5140406257972,553.5700073242188,216.72237700981512,553.5700073242188,198.1562076309735,553.5700073242188,71.69595215845828,553.5700073242188,3598242.5,3577612.0,4142643.65079365,1661185330.519104,0.0599401186686534,27.890714372907365,0.051673393928499,5.262034104537173,-0.2868338147613416,9.17831550596116,10.493880333010706,553.5700073242188,537.52001953125,3449100.0,False,False,False,0.24411307852591,1.156148387241281,0.6573936234513353,1.6179633135697071,1.398398818926227,2.236438293692724,0.8685860535724925,31.0,88.0,88.0,97.0,97.0,98.0,98.0,92.0,90.0,93.0,96.0,92.3076923076923,STX
2026-04-20,12.4399995803833,12.68000030517578,11.890000343322754,12.65999984741211,3997900.0,-0.0311526921690861,12.037088037486216,11.605983783626646,10.943199920654298,11.054999955495198,11.379999980926511,10.365799984931948,7.966699995994568,8.779999732971191,13.449999809265137,8.779999732971191,14.0,7.849999904632568,14.0,5.949999809265137,14.0,5.0,14.0,3.469551969544366,14.0,4819325.0,5084866.0,5971593.650793651,43875305.21139622,0.0577709633789673,0.6724285398210798,0.0540537429664737,1.72320786303452,-0.5948595999673397,9.28583399187335,11.546533835060837,13.449999809265137,12.779999732971191,4011100.0,False,False,False,0.312236306020824,1.2194549796735663,0.0999115047605716,1.0737440024476543,0.6653279691811262,1.552870695417386,0.8070416846530558,26.0,92.0,92.0,74.0,74.0,93.0,93.0,86.0,80.0,84.0,92.0,84.61538461538461,SVM
2026-04-20,65.12999725341797,65.79000091552734,62.310001373291016,63.0,1522700.0,0.0310273728238954,58.60544642377057,56.18194820296486,53.98199981689453,53.35633328755696,54.27319984436035,58.93055000305176,58.02480001449585,45.75,65.79000091552734,45.75,65.79000091552734,45.75,73.97000122070312,45.75,87.87999725341797,45.75,87.87999725341797,19.13999938964844,87.87999725341797,1325407.5,1465206.0,2107822.619047619,73685617.85680771,0.0534704628927698,3.563213893345424,0.0547092590758312,3.656414926142828,0.5500649534772822,-0.9971654665039388,-1.028755317827353,65.44999694824219,61.119998931884766,2373400.0,False,False,False,0.2700857801056093,1.1802846957183588,-0.0338229681772437,0.9431911464988156,-0.0977975474335052,0.8412779799843898,0.62880409766115,17.0,90.0,90.0,40.0,40.0,34.0,34.0,86.0,80.0,75.0,68.0,100.0,SYM
2026-04-20,73.38999938964844,74.68000030517578,72.02999877929688,72.19999694824219,915700.0,0.005204728698801,63.831602066344566,57.17671019688661,52.00240020751953,50.150000127156574,45.76140014648438,39.03755012512207,28.74360006332397,39.0,75.0,30.920000076293945,75.0,28.0,75.0,21.145000457763672,75.0,14.505000114440918,75.0,12.25,75.0,1082152.5,1043504.0,756375.0,82388216.39003754,0.0724350047904551,5.062857491629464,0.0689856592687691,8.751867701189887,0.0750558857416442,12.581125605363775,13.514439115485162,74.5999984741211,70.20999908447266,2126500.0,False,False,False,0.7345780431947055,1.6119351542866451,1.2078819399456049,2.1553552089130465,2.299910078459438,3.077071755944796,1.4307089737233516,80.0,98.0,98.0,99.0,99.0,99.0,99.0,97.0,98.0,97.0,98.0,100.0,SYRE
2026-04-20,375.2099914550781,384.9700012207031,373.0,382.7099914550781,1819400.0,-0.0135917066127783,360.0687312508469,342.9010751837177,326.978798828125,321.5566650390625,318.5264636230469,265.76320144653323,196.70703426361084,263.0199890136719,384.9700012207031,224.06632220828408,384.9700012207031,182.0838705626839,384.9700012207031,143.9409904852319,384.9700012207031,110.77993569420222,384.9700012207031,67.98799838225179,384.9700012207031,3189730.0,3234570.0,3490140.0793650798,975374353.0273438,0.0473941757111213,15.455001831054688,0.0411902726020691,4.320327660145154,-0.334520402148769,13.675894895783005,15.55212304749924,381.4700012207031,371.1000061035156,2423200.0,False,False,False,0.2407738063100544,1.1530452173979937,0.6452635588525972,1.6061218299086806,1.6967017888331557,2.5145972803289847,0.9139260681423051,36.0,87.0,87.0,97.0,97.0,98.0,98.0,86.0,91.0,94.0,96.0,80.76923076923077,TER
2026-04-20,7.710000038146973,7.809999942779541,7.429999828338623,7.579999923706055,3493500.0,-0.0025873196477573,7.400895269325693,7.161076698076434,6.714400005340576,6.779666678110758,7.307999992370606,6.75489999294281,5.248450003862381,5.480000019073486,7.960000038146973,5.480000019073486,9.25,5.03000020980835,9.25,3.930000066757202,9.25,3.5299999713897705,9.25,1.8899999856948853,9.25,5354047.5,5458896.0,7427177.777777778,31179727.867274284,0.0507662563937754,0.3942857469831194,0.0511395259445267,1.0756497148916062,-0.0507245850998766,8.09817584922405,10.488194420749869,7.960000038146973,7.650000095367432,4594400.0,False,False,False,0.3067796463597887,1.2143841317131017,0.0936169971001537,1.0675992446016986,0.9037036234677338,1.7751491744275216,0.720872404053581,21.0,92.0,92.0,73.0,73.0,96.0,96.0,85.0,79.0,82.0,91.0,92.3076923076923,TGB
2026-04-20,15.609999656677246,15.649999618530272,14.739999771118164,14.770000457763672,1620500.0,0.0518867585021607,14.347231817604644,13.042164061786696,11.946799926757812,11.421333281199136,9.775999975204469,8.832299966812133,8.34777497768402,7.650000095367432,15.649999618530272,6.380000114440918,15.649999618530272,6.380000114440918,15.649999618530272,5.96999979019165,15.649999618530272,5.96999979019165,15.649999618530272,5.96999979019165,15.649999618530272,909232.5,797646.0,480863.49206349207,16886137.93050289,0.0519971893229795,0.917785780770438,0.0587947342060223,10.150017192831251,0.8389751946723091,6.511735690338746,7.319339058712413,14.970000267028809,14.550000190734863,584600.0,False,False,False,0.7153845057483503,1.5940986909079695,1.056653404855974,2.0077244842150783,1.2236466807820428,2.0734869235676725,1.8908328767032847,91.0,98.0,98.0,98.0,98.0,97.0,97.0,97.0,98.0,97.0,96.0,100.0,TH
2026-04-20,26.38999938964844,27.15999984741211,26.040000915527344,26.86000061035156,1515700.0,-0.0093843845993909,23.76718202044207,21.889989169742428,21.00879981994629,20.320333162943523,17.31159990310669,13.84814995765686,10.575874969959258,16.110000610351562,27.15999984741211,10.800000190734863,27.15999984741211,8.300000190734863,27.15999984741211,7.119999885559082,27.15999984741211,6.380000114440918,27.15999984741211,1.0299999713897705,27.15999984741211,3590067.5,3372262.0,2909764.6825396824,60782459.87423897,0.06862229860575,1.495000158037458,0.0566502536041693,9.256999170417188,-0.1672240625901901,10.355146952183109,13.620845254121374,26.809999465942383,24.920000076293945,2808300.0,False,False,False,0.3659420189700237,1.2693634441721713,1.028439579198729,1.980181881056141,1.8778625049165707,2.6835244660683166,1.233799943185282,69.0,94.0,94.0,98.0,98.0,98.0,98.0,94.0,98.0,98.0,98.0,96.15384615384616,TNGX
2026-04-20,0.4099999964237213,0.4900000095367431,0.4000000059604645,0.4399999976158142,648577800.0,0.5769231210093542,0.2775315011336642,0.2520019616781517,0.2323999989032745,0.2236666669448216,0.2110000011324882,0.2102000004053116,0.3061499995738267,0.1700000017881393,0.4900000095367431,0.1599999964237213,0.4900000095367431,0.1599999964237213,0.4900000095367431,0.1599999964237213,0.4900000095367431,0.1599999964237213,0.8600000143051147,0.1599999964237213,1.5,29645570.0,29904168.0,11282246.42857143,18642657.29463905,0.1351926821888598,0.0450000007237706,0.1097561002836319,8.592943191946937,3.3333334121754548,1.8054859747471657,-0.0010791764575053,0.2599999904632568,0.25,111843500.0,False,False,False,1.1578947450975965,2.0053213590014223,1.0499999515712268,2.001229320259485,-0.0465116520840902,0.8891006103912459,2.62763007240516,96.0,99.0,99.0,98.0,98.0,38.0,38.0,98.0,98.0,97.0,96.0,100.0,TOVX
2026-04-20,9.277109146118164,9.326825891087848,8.9688670341886,9.068299575859928,1847200.0,0.0230263521131632,9.18135002910692,8.884098893944211,8.696419544219971,8.380553690592448,7.950566673278809,6.460634915828705,5.249699296951294,6.144965778204133,9.883650275205744,5.89282688538104,9.883650275205744,4.027258421753942,9.883650275205744,2.781756972153195,9.883650275205744,2.781756972153195,9.883650275205744,2.781756972153195,9.883650275205744,3403932.5,3891350.0,3942628.5714285714,28485298.40054512,0.0642327008234053,0.5319670509183994,0.0573418984879563,2.9097187202038324,0.3925240336588588,12.351894778585024,15.04329737410174,9.505805497707854,8.839603601353229,2822400.0,True,False,True,0.2659430645667462,1.1764348898030228,0.643112594739373,1.6040220384199484,1.5918610228584718,2.416836264973401,0.8633662639863181,31.0,89.0,89.0,96.0,96.0,98.0,98.0,90.0,88.0,96.0,98.0,42.30769230769231,TROX
2026-04-20,15.399999618530272,16.1200008392334,15.050000190734863,15.220000267028809,3871100.0,0.0111621852530261,14.047749231775695,13.216731626434422,12.36959991455078,12.22833325068156,11.917999954223632,11.929799947738648,10.333024971485138,10.25,16.1200008392334,9.81999969482422,16.1200008392334,9.81999969482422,16.1200008392334,9.81999969482422,16.1200008392334,7.644999980926514,16.1200008392334,5.380000114440918,16.1200008392334,1501637.5,1451184.0,1813577.7777777775,22361831.903066635,0.0742659136134455,0.957714285169329,0.0621892408371845,4.697968388723537,0.1775060463506487,0.9057267593224037,2.5494552531490564,15.760000228881836,13.81999969482422,7258600.0,False,True,False,0.4392523264528849,1.337490365452428,0.469465676641057,1.4345062764294665,0.4487299579243919,1.350899245594408,0.8279972981583366,28.0,96.0,96.0,95.0,95.0,88.0,88.0,90.0,88.0,84.0,79.0,100.0,TRVI
2026-04-20,224.4900054931641,228.72999572753903,217.66000366210935,224.41000366210935,2221200.0,-0.0086552946853256,210.69648805829212,195.25401626434305,186.09040161132813,174.90966796875,156.49040100097656,139.03220039367676,102.28185020446776,108.43000030517578,228.72999572753903,108.43000030517578,228.72999572753903,108.43000030517578,228.72999572753903,77.04000091552734,228.72999572753903,64.83000183105469,228.72999572753903,34.38999938964844,228.72999572753903,3030880.0,2946146.0,1548278.5714285714,631995715.8558655,0.0738637020679324,13.829998561314174,0.0616062997144668,7.053319533383388,-0.1417202934901737,8.563670022120053,11.630588653493534,227.22999572753903,215.1199951171875,2254300.0,False,True,False,0.3516979950513674,1.2561265402559347,0.7291073120779019,1.687970893927671,2.0,2.797414186553828,1.957580538755023,92.0,93.0,93.0,97.0,97.0,99.0,99.0,98.0,96.0,95.0,97.0,96.15384615384616,TSEM
2026-04-20,6.460000038146973,6.699999809265137,6.275000095367432,6.480000019073486,3058500.0,0.0046656626141934,5.477096538184983,5.06747841358863,4.7292000198364255,4.700166686375936,4.670900030136108,4.868250012397766,4.181950016021728,4.03000020980835,6.699999809265137,4.03000020980835,6.699999809265137,4.03000020980835,6.699999809265137,3.693000078201294,6.699999809265137,2.7109999656677246,6.699999809265137,1.1299999952316284,6.699999809265137,3020272.5,2886418.0,4034309.523809524,16150926.69957161,0.076531219412256,0.3934285981314523,0.0609022594130364,6.289275807346142,0.0762532514180017,1.4799943321301765,1.601375932728582,6.5,5.920000076293945,6165300.0,False,True,False,0.416666692809055,1.3165016431547123,0.416666692809055,1.3829634095901169,0.2716535699146536,1.1857805789536906,0.7486466970803997,22.0,95.0,95.0,94.0,94.0,79.0,79.0,93.0,89.0,85.0,86.0,100.0,TSHA
2026-04-20,14.640000343322754,15.09000015258789,14.390000343322754,14.600000381469728,1356700.0,-0.0181086188365199,14.12525193897433,13.38829840830939,12.98319995880127,12.741333262125652,11.154199981689452,10.03649998664856,14.222299995422365,8.649999618530273,15.460000038146973,7.420000076293945,15.460000038146973,6.869999885559082,15.460000038146973,6.869999885559082,21.770000457763672,6.869999885559082,21.770000457763672,6.5,31.940000534057617,1842662.5,1605512.0,2224909.9206349207,22314164.50792789,0.0950153257087016,1.1999999455043249,0.0819672074701583,3.812623712171533,-0.2249995969590503,4.900991918044344,4.868588709650845,15.460000038146973,14.600000381469728,1891300.0,False,True,True,0.3418882262216909,1.2470103685771687,0.214937768596827,1.1860337279242743,-0.145857592494171,0.7964633626980155,0.8281964509709953,28.0,93.0,93.0,85.0,85.0,30.0,30.0,95.0,95.0,95.0,93.0,80.76923076923077,TSSI
2026-04-20,125.80999755859376,130.99000549316406,124.0,126.2699966430664,1629800.0,-0.0034062128679676,116.83604836857263,110.5858981937945,105.02919952392578,103.185999806722,101.96800003051756,90.98829978942872,71.64164987564087,85.87999725341797,130.99000549316406,81.80000305175781,130.99000549316406,61.380001068115234,130.99000549316406,55.43999862670898,130.99000549316406,46.0099983215332,130.99000549316406,17.93000030517578,130.99000549316406,1780905.0,1840204.0,2126386.111111111,185758186.77856445,0.0753752065661501,7.570714678083148,0.0601757795484991,3.885590353630126,-0.0567978484806211,6.377205763774219,7.923062194608513,126.3499984741211,118.91999816894533,1672400.0,False,True,False,0.2959414419618262,1.2043122397351294,0.245520195009163,1.215888581517874,1.152437911315893,2.007086782930456,0.837526632954452,29.0,91.0,91.0,87.0,87.0,97.0,97.0,88.0,86.0,94.0,94.0,88.46153846153845,TTMI
2026-04-20,40.290000915527344,40.872501373291016,39.29999923706055,40.77000045776367,1448700.0,-0.0117733514065959,36.805048698509566,33.9921715376318,31.35080017089844,30.84000002543132,30.22479995727539,32.06214994430542,27.650124921798707,26.149999618530277,43.310001373291016,26.149999618530277,43.310001373291016,22.59000015258789,43.310001373291016,22.59000015258789,43.310001373291016,22.05500030517578,43.310001373291016,13.880000114440918,43.310001373291016,1941955.0,1858270.0,1940526.1904761903,93087271.66633606,0.0600727318737461,2.991007668631417,0.0742369719698545,4.485788217322553,-0.1604808798286897,-1.481644501402764,0.9449904571904456,40.880001068115234,38.66999816894531,2057400.0,True,True,False,0.4534632724942775,1.3506965302541,0.4456404629457333,1.4112478777295128,0.4645583635156864,1.3656587810449463,1.0007363000462564,46.0,96.0,96.0,94.0,94.0,88.0,88.0,91.0,87.0,91.0,87.0,88.46153846153845,TVTX
2026-04-20,61.880001068115234,62.09000015258789,58.9900016784668,59.720001220703125,1033400.0,0.0346095911602604,55.35816831059588,52.31173360208128,49.54439971923828,48.84999987284343,48.89200004577637,42.57870002746582,36.44009994506836,41.52000045776367,62.09000015258789,39.65999984741211,62.09000015258789,30.209999084472656,62.09000015258789,23.299999237060547,62.09000015258789,23.299999237060547,62.09000015258789,23.299999237060547,62.09000015258789,1100260.0,1218946.0,1401387.6984126985,65182157.6465416,0.065910991011449,3.705713817051479,0.0598854840511777,4.435912248885467,0.5585967500510477,8.737018820796633,9.73205753966424,61.61000061035156,57.880001068115234,1520500.0,False,False,False,0.381250047364406,1.283589122404715,0.4943250735602789,1.458774254563117,1.0123577583126906,1.8764660471751933,0.7851217769688038,24.0,94.0,94.0,95.0,95.0,96.0,96.0,89.0,88.0,94.0,96.0,100.0,TWST
2026-04-20,24.59000015258789,26.100000381469727,24.540000915527344,25.850000381469727,3602100.0,-0.0571318932314793,24.13447928331657,22.90965624760725,21.46919982910156,21.20966650644938,20.74079990386963,19.72529998779297,16.51345001220703,15.899999618530272,26.44499969482422,15.899999618530272,26.44499969482422,15.18000030517578,26.44499969482422,12.34000015258789,26.44499969482422,11.15999984741211,26.44499969482422,7.25,26.44499969482422,2363695.0,2485808.0,3009200.0,51496403.86470795,0.0533024042233187,1.3682139260428292,0.0556410702542771,3.335412319169752,-1.0890108211568683,2.311600822324316,7.869691548773756,26.44499969482422,25.63999938964844,2037200.0,False,False,True,0.3378673163966716,1.243273756134394,0.1983430606252423,1.1698338172226057,0.9862681684392196,1.852138250897387,0.7854894988701316,25.0,93.0,93.0,84.0,84.0,96.0,96.0,91.0,87.0,86.0,91.0,84.61538461538461,TXG
2026-04-20,34.369998931884766,35.599998474121094,34.29999923706055,35.529998779296875,1290700.0,-0.0334646342927325,35.660952163625005,35.987231377853135,36.784599609375,36.56216646830241,34.73849994659424,30.5432500076294,21.673175005912785,33.20500183105469,40.650001525878906,24.8799991607666,40.650001525878906,21.649999618530277,40.650001525878906,13.350000381469728,40.650001525878906,11.81999969482422,40.650001525878906,7.800000190734863,40.650001525878906,1194817.5,1139970.0,518873.4126984127,38861041.08394623,0.0616907196566081,2.101785932268416,0.0611517601857882,-0.1734677177680199,-0.566186319518232,3.1622445409749997,11.52650255608915,36.59999847412109,33.869998931884766,1345700.0,True,False,False,-0.0997905013839017,0.836560420406037,0.1946471458122594,1.166225830264726,1.3160376400596676,2.1596388502985207,2.3027148255416,94.0,9.0,9.0,83.0,83.0,98.0,98.0,10.0,77.0,84.0,96.0,0.0,TYRA
2026-04-20,26.530000686645508,26.729999542236328,25.1299991607666,25.684999465942383,8388000.0,0.0235339740955271,24.178431863632184,22.8599684220013,21.387199935913085,21.183333333333334,20.845,31.70990005493164,34.64489998817444,17.020000457763672,26.729999542236328,16.780000686645508,44.33000183105469,16.780000686645508,52.150001525878906,16.780000686645508,52.150001525878906,16.780000686645508,52.150001525878906,16.780000686645508,52.150001525878906,15566980.0,18597540.0,13202773.80952381,346559302.69615173,0.061959463907897,1.4060712541852678,0.0529992920389574,5.145866957380121,0.4338333555542464,-4.652628486126033,-3.060991331621074,26.709999084472656,25.670000076293945,12690000.0,False,False,False,0.385378653531359,1.287425816547608,-0.3521367474391923,0.6324502278888552,-0.2358871038626006,0.7125134185944976,1.179068900564726,65.0,95.0,95.0,9.0,9.0,24.0,24.0,92.0,88.0,84.0,79.0,100.0,U
2026-04-20,79.44999694824219,80.44000244140625,78.30000305175781,79.51000213623047,544900.0,-0.0007546872893484,74.59755977630466,69.97895697852795,66.31239959716797,64.51366640726725,61.77379989624024,47.34619993209839,36.44874997138977,48.709999084472656,80.44000244140625,41.869998931884766,80.44000244140625,23.81999969482422,80.44000244140625,21.489999771118164,80.44000244140625,21.489999771118164,80.44000244140625,17.950000762939453,80.44000244140625,1487975.0,1432060.0,741330.9523809524,64208477.568912506,0.0598992080629288,4.123570850917271,0.0519014601549145,5.513215155218476,-0.0145517538458041,19.476640533523188,19.91683813226224,79.58000183105469,76.5999984741211,484700.0,False,True,False,0.2685613219427194,1.1788680239729494,0.8159999302455356,1.772796288707754,1.739655067180765,2.5546499837318506,2.007166968033685,92.0,89.0,89.0,98.0,98.0,98.0,98.0,93.0,95.0,98.0,98.0,96.15384615384616,UCTT
2026-04-20,10.390000343322754,11.475000381469728,9.979999542236328,11.109999656677246,173000.0,-0.082155421958773,13.472093975898302,13.594741807609797,14.126000108718872,12.228666750590008,8.48200005531311,7.378000028133393,8.777125047445297,2.150000095367432,37.0,2.0199999809265137,37.0,2.0199999809265137,37.0,2.0199999809265137,37.0,2.0199999809265137,37.0,2.0199999809265137,37.0,7720020.0,6249790.88,1394857.603174603,244185322.5319767,0.5278926481416688,3.373000076838902,0.3246390727028798,0.6929140632718227,-0.2757187460170587,1.5707935289786956,3.48099116902277,14.18000030517578,11.100000381469728,286000.0,False,True,False,3.347280287562721,4.039906966741832,0.8069565814474355,1.7639680861733005,-0.0597284919474935,0.8767762852794811,5.534629472162426,99.0,99.0,99.0,98.0,98.0,37.0,37.0,99.0,99.0,99.0,99.0,34.61538461538461,UGRO
2026-04-20,4.809999942779541,4.849999904632568,4.420000076293945,4.420000076293945,8793400.0,0.0571428002517699,4.140902729793472,3.956619328665794,3.684399995803833,3.6579999923706055,4.163099999427796,4.593999998569489,4.480474998950959,3.0199999809265137,4.849999904632568,3.0199999809265137,6.659999847412109,3.0199999809265137,6.659999847412109,3.0199999809265137,6.659999847412109,3.0199999809265137,6.659999847412109,2.8910000324249268,6.659999847412109,5139265.0,4885310.0,4165684.523809524,20630614.062634703,0.0657768340625652,0.3025000095367431,0.0628898156206501,2.4708134039787213,0.8595032854473245,3.519932445533053,3.996446105688072,4.760000228881836,4.440000057220459,8435100.0,False,False,False,0.5173501031592793,1.410066259191292,-0.0872865350686586,0.8909995073981664,0.1291079071237677,1.0528608258460432,1.23371440410954,69.0,97.0,97.0,32.0,32.0,65.0,65.0,92.0,89.0,85.0,80.0,100.0,ULCC
2026-04-20,11.93000030517578,12.0,11.5600004196167,11.59000015258789,3422100.0,0.0257953729821853,10.946009285536164,10.190729808494652,9.444800128936768,9.2266667842865,8.738800077438354,7.965600028038025,7.339343039989472,7.420000076293945,12.0,7.074999809265137,12.0,6.369999885559082,12.0,5.559999942779541,12.0,5.300000190734863,12.0,5.300000190734863,12.0,2383527.5,2186322.0,2248039.6785714286,27310925.230686665,0.0472889008459462,0.5542856625148228,0.0464614960885079,7.859755932809588,0.541237508063526,9.66783542158526,10.127353772454002,11.739999771118164,11.1850004196167,2452400.0,False,False,False,0.5063131553350009,1.399809675889214,0.5885485940860002,1.5507561454844416,1.1265597185827856,1.9829561084391332,1.0602693194075072,53.0,96.0,96.0,96.0,96.0,97.0,97.0,93.0,91.0,92.0,93.0,100.0,UNIT
2026-04-20,34.86000061035156,35.27000045776367,33.959999084472656,34.23500061035156,4181500.0,0.0083888029530634,31.09225471780789,29.48213322613578,27.78080009460449,27.67300008138021,28.913200073242187,37.218149948120114,49.168075008392336,23.96500015258789,35.650001525878906,23.96500015258789,46.09000015258789,23.96500015258789,52.09999847412109,23.96500015258789,54.5,23.96500015258789,71.37999725341797,23.96500015258789,87.30000305175781,4935720.0,5664058.0,6089919.047619048,129818537.89896964,0.0533945771140109,1.8088575090680803,0.0518891990073845,3.963786405253788,0.1603226976550251,-4.008716881889121,-4.718533999906404,35.650001525878906,34.18000030517578,6564400.0,False,False,False,0.3022039601886401,1.2101319682413023,-0.2755610684926055,0.7072041291312582,-0.2704823538418516,0.6802543375680533,0.8104738275510739,26.0,91.0,91.0,14.0,14.0,22.0,22.0,88.0,82.0,77.0,71.0,100.0,UPST
2026-04-20,22.57999992370605,23.690000534057617,21.270000457763672,21.399999618530277,43419500.0,0.131829526826499,18.459296448055696,17.77424806005917,17.05659999847412,17.529166634877523,18.403200016021728,17.83145007133484,17.598100056648253,13.864999771118164,23.690000534057617,13.864999771118164,32.06999969482422,11.725000381469728,32.06999969482422,11.449999809265137,32.06999969482422,11.449999809265137,43.97999954223633,8.0,43.97999954223633,13367595.0,13837072.0,11114134.523809524,235355563.52646828,0.0859715474269253,1.7124997547694616,0.0758414420086671,2.992566034858746,1.5357661532165618,4.068088309813422,3.1385377642774515,20.8799991607666,19.21999931335449,19893800.0,False,False,False,0.2678270971812899,1.1781857123821051,0.2764273172425282,1.2460604062395513,-0.2088297407369289,0.7377436357473283,1.2027562714274282,67.0,89.0,89.0,89.0,89.0,26.0,26.0,93.0,90.0,93.0,91.0,100.0,USAR
2026-04-20,87.7699966430664,89.66999816894531,86.87999725341797,89.1500015258789,1222100.0,-0.0089205164555775,93.32086524272113,94.46652312352292,96.18559967041016,95.5486661275228,93.27479942321776,73.99989963531495,62.29829984664917,86.18000030517578,105.34500122070312,54.09000015258789,105.34500122070312,48.084999084472656,105.34500122070312,48.084999084472656,105.34500122070312,46.70000076293945,105.34500122070312,30.1299991607666,105.34500122070312,1072477.5,1714708.0,1369315.873015873,95955457.56210329,0.0452637480973914,4.515572139195034,0.051447787534486,-1.147124980427948,-0.1749503476359416,4.681673044244471,9.655400565152991,91.5500030517578,87.27999877929688,1364000.0,False,False,False,-0.0826714426931444,0.8524690805093924,0.6256713079168568,1.58699568944588,0.8228451476973093,1.69975095868642,0.7832214035742563,24.0,10.0,10.0,96.0,96.0,95.0,95.0,6.0,90.0,92.0,88.0,0.0,VAL
2026-04-20,46.72999954223633,47.220001220703125,43.470001220703125,43.91999816894531,2728700.0,0.0875028674591151,41.29755683366904,38.57722071764732,36.34320007324219,35.496666717529294,33.707399940490724,32.37779998779297,29.184600009918213,29.399999618530277,47.220001220703125,27.299999237060547,47.220001220703125,27.299999237060547,47.220001220703125,26.0,47.220001220703125,25.36000061035156,47.220001220703125,17.350000381469727,47.220001220703125,1160260.0,1160294.0,863434.5238095238,44639836.82571411,0.0546732897123931,2.088571548461914,0.0446944482970556,8.64408150109845,1.8002726908265017,7.377316253008312,6.462584385974563,44.0,42.369998931884766,908500.0,False,False,False,0.4877427497372766,1.3825522859840582,0.4173490388860761,1.3836295222770232,0.5932492214044185,1.4856593248908536,1.3437729995794756,77.0,96.0,96.0,94.0,94.0,92.0,92.0,92.0,92.0,89.0,88.0,100.0,VECO
2026-04-20,11.670000076293944,11.800000190734863,10.899999618530272,10.960000038146973,1286200.0,0.0364120638612832,11.123770247577522,11.162001303543102,11.340999984741211,11.724166679382323,11.51690004348755,12.243949990272522,8.68283999800682,8.359999656677246,16.5,8.300000190734863,18.270000457763672,5.880000114440918,23.84000015258789,3.75,23.84000015258789,2.869999885559082,23.84000015258789,2.809999942779541,23.84000015258789,1955005.0,2092156.0,1036534.6150793652,22557859.3140316,0.1385098852616817,1.3627143587384904,0.1167707240642323,0.1138428378042271,0.3008699840747695,4.489674436922035,8.31139850548702,12.100000381469728,10.829999923706056,2174700.0,True,False,True,-0.0752773231283631,0.8593404007755696,-0.4602220340751967,0.5269363499305477,1.0155440679068826,1.8794371897290416,1.8860971660365724,91.0,11.0,11.0,5.0,5.0,96.0,96.0,84.0,79.0,94.0,97.0,57.692307692307686,VELO
2026-04-20,44.619998931884766,45.65999984741211,43.20000076293945,44.7400016784668,5383100.0,0.0108744800379154,41.18729251005108,38.72040262247396,37.02159965515137,35.8106663386027,32.97299976348877,26.038499908447264,19.26594994068146,26.8700008392334,45.65999984741211,18.56999969482422,45.65999984741211,16.90999984741211,45.65999984741211,13.75,45.65999984741211,11.960000038146973,45.65999984741211,8.100000381469727,45.65999984741211,6349102.5,5918504.0,3781770.238095238,238631336.7829609,0.0723764898548668,2.6707143783569336,0.0598546490875974,5.901435923366149,0.1797270221503924,14.494236570504343,16.636486182147884,44.290000915527344,41.43000030517578,6082700.0,False,True,False,0.302773691441891,1.2106614167946343,1.3989246245574,2.341852882521858,2.3498498464097453,3.1236391610572607,1.6788705025078017,88.0,91.0,91.0,99.0,99.0,99.0,99.0,94.0,98.0,97.0,98.0,100.0,VIAV
2026-04-20,224.80999755859372,228.9499969482422,214.0,218.0,1056300.0,0.0310020381207303,196.71744202030465,186.43738577683752,179.13480163574218,178.1136683146159,177.23380065917968,150.5859002685547,104.72215030670166,137.6699981689453,228.9499969482422,126.0,228.9499969482422,91.25,228.9499969482422,80.29000091552734,228.9499969482422,47.560001373291016,228.9499969482422,38.91999816894531,228.9499969482422,876715.0,835446.0,487036.90476190473,126947732.23121645,0.0748729450655862,12.925714765276227,0.0574961741276978,4.668788763887033,0.5229880613640072,11.440940013631964,12.7197153288106,224.75999450683597,208.00999450683597,1167100.0,False,False,False,0.1824014715465685,1.0988000833654226,0.4999332148031832,1.4642489750277954,2.7177111463597177,3.466659300778656,1.800099728435559,90.0,81.0,81.0,95.0,95.0,99.0,99.0,93.0,93.0,97.0,97.0,100.0,VICR
2026-04-20,11.09000015258789,11.65999984741211,10.560999870300291,10.619999885559082,2595300.0,0.0316279211709664,10.136741641056863,9.72103071513276,9.41140007019043,9.450833384195963,9.012100048065186,7.759250030517578,6.554950017929077,8.260000228881836,11.65999984741211,6.860000133514404,11.65999984741211,5.550000190734863,11.65999984741211,4.815000057220459,11.65999984741211,4.75,11.65999984741211,4.15500020980835,11.65999984741211,4567927.5,3957728.0,1967700.7936507936,18479306.48923397,0.0546847187164247,0.5519999776567731,0.0497745689866345,4.632241067134924,0.615942330344257,6.566387191555274,8.14655601139965,10.760000228881836,10.260000228881836,2355100.0,False,False,False,0.1823027736976625,1.0987083639222257,0.8300330457596075,1.7864955486515526,0.9120689289464974,1.7829495825012385,2.3214543159912284,94.0,81.0,81.0,98.0,98.0,96.0,96.0,80.0,89.0,94.0,94.0,100.0,VIR
2026-04-20,314.4100036621094,315.6600036621094,305.1099853515625,307.0050048828125,4672300.0,0.0230038635012084,295.55868474436465,282.9397860539926,273.8858819580078,272.4587112426758,259.6559353637695,217.0226856994629,183.306248588562,231.6999969482422,315.6600036621094,172.30899372197027,315.6600036621094,147.78484097031065,315.6600036621094,147.78484097031065,315.6600036621094,132.60394204064235,315.6600036621094,65.84859775289804,315.6600036621094,8453782.5,8366432.0,7373241.666666667,1490327492.1277618,0.0491482780113052,13.058568681989398,0.0415335661394005,5.077137404247502,0.5414075230135923,7.367723816222142,8.142081593691433,308.5400085449219,298.2200012207031,5805500.0,False,False,False,0.1680721773509175,1.0854839381849244,0.7774534883470168,1.7351668879558806,0.7692170510041092,1.6497442925239407,1.1465489512188782,62.0,79.0,79.0,97.0,97.0,94.0,94.0,81.0,94.0,95.0,93.0,96.15384615384616,VRT
2026-04-20,0.859000027179718,0.8999999761581421,0.7799999713897705,0.8080000281333923,2079600.0,0.0412121692023446,0.771916810665629,0.8002094961081355,0.7268400025367737,0.7895000000794729,1.0930999958515166,2.314049989581108,52.496275039613245,0.4769999980926513,2.900000095367432,0.4769999980926513,3.365000009536743,0.4769999980926513,5.699999809265137,0.4769999980926513,152.5,0.4769999980926513,212.0500030517578,0.4769999980926513,212.0500030517578,16022720.0,12824126.0,2599515.126984127,28071628.75971496,0.4886060571544981,0.1872857127870832,0.2180275982085618,-0.9822679916751832,0.181541018771144,-14.165388495618863,-13.143664566986477,0.8489999771118164,0.7670000195503235,1829300.0,False,True,True,0.2801788707842372,1.1896641570485154,-0.6758490580127263,0.3164392120094763,-0.993993006802939,0.0056013493293302,6.1637340878216165,99.0,90.0,90.0,2.0,2.0,0.0,0.0,96.0,94.0,91.0,88.0,80.76923076923077,VSA
2026-04-20,26.32999992370605,26.68000030517578,26.059999465942383,26.34000015258789,2405700.0,0.0158178953011303,23.52198937437495,21.624463055178623,19.889599838256835,19.430837885538736,19.22740329742432,17.71009831428528,16.577418851852418,15.520799111449325,27.0,15.520799111449325,27.0,14.337599524399977,27.0,11.619449773229242,27.0,11.619449773229242,27.0,10.386621754166606,27.0,2092482.5,2172264.0,1861403.9682539685,51173956.18875504,0.0532744636380202,1.2392853328159876,0.0470674263732224,7.8483084484356755,0.3308357135805683,14.027597679579324,11.47475535971664,27.0,25.43000030517578,4103900.0,True,True,False,0.4850536155391793,1.3800532863192614,0.4478579321767673,1.4134125921425629,0.576309245897566,1.4698632822899391,1.1241420646388691,60.0,96.0,96.0,94.0,94.0,91.0,91.0,95.0,91.0,92.0,94.0,96.15384615384616,VSH
2026-04-20,374.1099853515625,380.6499938964844,366.3999938964844,375.989990234375,5410700.0,0.004268217504517,351.2129531034794,330.3039095741497,315.85519836425783,307.56466522216795,294.7222897338867,247.68943557739257,175.6127416419983,238.0,380.6499938964844,232.0889184517236,380.6499938964844,165.39083511122516,380.6499938964844,121.6938600411625,380.6499938964844,99.59222336376216,380.6499938964844,35.35737615288038,380.6499938964844,8412935.0,8771198.0,8348066.26984127,2372503123.043213,0.0638917720402822,19.794288635253903,0.0529103456478249,5.090959177515826,0.0803260156093116,10.601244467868575,12.133898994200312,378.9800109863281,366.1799926757813,5627500.0,False,True,False,0.180418369978244,1.0969571964771418,0.6897163005703542,1.6495170163443258,1.9748253944141256,2.773939586951554,1.007770509727873,46.0,81.0,81.0,97.0,97.0,99.0,99.0,92.0,89.0,96.0,97.0,100.0,WDC
2026-04-20,26.32999992370605,28.690000534057617,24.90999984741211,25.6200008392334,3478700.0,0.0301252141569745,23.632354251320702,21.6125817024951,19.60519989013672,19.21133327484131,18.96299991607666,18.969499979019165,20.770571415764945,14.579999923706056,28.690000534057617,13.484999656677246,28.690000534057617,13.484999656677246,28.690000534057617,13.484999656677246,31.989999771118164,8.050000190734863,36.59999847412109,8.050000190734863,36.59999847412109,1801087.5,1828986.0,2587380.0,41531717.9136467,0.1060051869659113,2.4771426745823453,0.0940806183729634,4.129366820596584,0.3108421915558402,1.548502033502288,1.5280356690777854,27.059999465942383,24.770000457763672,2008600.0,False,False,False,0.543376362717348,1.4342523388438235,0.2938574658544768,1.2630758819872343,-0.1883476868575559,0.7568425651113009,0.6961047468868121,19.0,97.0,97.0,90.0,90.0,27.0,27.0,96.0,95.0,93.0,91.0,96.15384615384616,WOLF
2026-04-20,8.210000038146973,8.260000228881836,8.039999961853027,8.079999923706055,2043400.0,0.0,7.909266536062997,7.672816430238853,7.417400016784668,7.292500034968058,7.267300043106079,8.007750029563903,8.802975025177002,6.005000114440918,8.369999885559082,6.005000114440918,9.050000190734863,6.005000114440918,10.015000343322754,6.005000114440918,12.130000114440918,6.005000114440918,12.550000190734863,6.005000114440918,12.550000190734863,4982380.0,4583164.0,7957559.920634921,41776610.342793465,0.0653064575441599,0.3921428407941545,0.0477640485958709,2.7158093682992352,0.0,-2.98503891441424,-1.6446102744248865,8.369999885559082,8.079999923706055,4094300.0,False,False,False,0.3178170165347684,1.2246411075036847,-0.072316419857201,0.9056134752989312,-0.2203228635951348,0.7270266274368778,0.6261190678665306,17.0,92.0,92.0,34.0,34.0,25.0,25.0,82.0,75.0,70.0,63.0,80.76923076923077,WRD
2026-04-20,21.299999237060547,21.690000534057617,20.13500022888184,20.3799991607666,2868100.0,0.0528917310447913,19.388699944518727,18.9936357675242,18.26880004882813,18.40433330535889,19.705406799316407,20.01901039123535,21.742301783561707,16.520000457763672,21.690000534057617,16.520000457763672,24.46789312562248,16.520000457763672,24.46789312562248,14.808331015115895,24.46789312562248,14.808331015115895,24.46789312562248,14.808331015115895,31.56945033457764,2139002.5,2022310.0,2319803.1746031744,35379041.9906044,0.0481874433343281,0.91278566632952,0.0428537886865899,1.8883177326780365,1.1722354264466983,0.4047819049551862,0.6583401255832949,20.63999938964844,19.184999465942383,2426100.0,False,False,False,0.2536786064746796,1.165037587027031,-0.0501566424913373,0.9272460593197256,-0.0295819619394085,0.9048870621861436,0.922062062599728,37.0,89.0,89.0,37.0,37.0,40.0,40.0,74.0,66.0,60.0,70.0,100.0,WSC
2026-04-20,12.9399995803833,14.5600004196167,11.562000274658203,14.050000190734863,921500.0,-0.1846250993260521,9.934378993704762,9.993823830034255,8.261799983978271,9.58270001411438,17.096020040512084,56.42361003398895,58.61633026824807,4.949999809265137,40.869998931884766,4.949999809265137,78.0,4.949999809265137,142.0399932861328,4.949999809265137,250.0,4.949999809265137,250.0,0.0,0.0,1283752.5,1037262.0,0.0,34099629.53672886,0.322945734379428,3.9960712705339705,0.308815409591814,-0.7871974808076572,-0.7332202322768541,-13.67553470370992,-10.797702021851135,19.13999938964844,15.020000457763672,8855200.0,False,False,False,0.258754855691353,1.1697549213645542,-0.8073544747189549,0.1880623818130964,0.0,0.0,0.0,0.0,89.0,89.0,1.0,1.0,0.0,0.0,99.0,98.0,97.0,96.0,80.76923076923077,WSHP
2026-04-20,18.270671844482425,18.4503836830006,17.2722744343076,17.322195447391504,6473400.0,0.0481099520996897,16.642725662288793,16.018991955666014,15.165656509399414,15.268158785502116,15.830018367767334,14.537503185272216,13.721965899467468,13.17884561296436,18.4503836830006,13.17884561296436,18.4503836830006,11.530119218423897,18.4503836830006,10.653152059516549,18.4503836830006,10.653152059516549,18.4503836830006,7.929482678328884,18.4503836830006,3272547.5,3242416.0,3000020.634920635,62755147.75929928,0.0465128552201927,0.7987182633614143,0.0437158671646012,3.526838770708875,1.0499992336767694,13.001665085234542,12.390015592959005,17.481939294294317,16.57339778188273,5113100.0,False,False,False,0.3203463107992215,1.2269915686757276,0.2093579576683417,1.180586663780185,0.424837262393724,1.3286199904502407,1.0908416635229494,56.0,92.0,92.0,85.0,85.0,87.0,87.0,84.0,77.0,84.0,85.0,100.0,WT
2026-04-20,2.9800000190734863,3.0899999141693115,2.930000066757202,3.009999990463257,7504400.0,0.0383275741814101,2.9751014568560743,3.004838102443108,3.0755706596374512,3.0765911022822063,2.888268661499024,2.3405363249778746,2.103140456676483,2.501633300031137,4.02653339818072,1.953466622947464,4.02653339818072,1.4950000047683716,4.02653339818072,1.4950000047683716,4.02653339818072,1.4950000047683716,4.02653339818072,1.0964126474400218,4.02653339818072,9903302.5,8666288.0,3167605.9523809524,30410238.597797155,0.0795904849035207,0.3285714387893677,0.1102588713712572,0.2880492111222638,0.334783004632732,2.727227076993352,5.987051761648378,2.9600000381469727,2.75,9422800.0,False,True,True,-0.0099667679351564,0.920033190168898,0.6519152575447362,1.6126152810143928,0.4044575337601719,1.3096164764510354,3.126431332961764,96.0,21.0,21.0,97.0,97.0,86.0,86.0,57.0,86.0,94.0,91.0,19.230769230769237,WTI
2026-04-20,20.5,21.34000015258789,20.01000022888184,20.350000381469727,33982500.0,-0.0067829163657171,19.16985133827451,17.968308090892688,16.96720012664795,16.564666811625163,16.302400054931642,14.938600053787232,12.39965003490448,13.020000457763672,21.34000015258789,11.739999771118164,21.34000015258789,11.130000114440918,21.34000015258789,10.470000267028809,21.34000015258789,10.039999961853027,21.34000015258789,2.2300000190734863,21.34000015258789,32014500.0,33631738.0,40872760.71428572,596661428.2329416,0.0817758839730444,1.424285616193499,0.0694773471313901,3.706007311687367,-0.0982944628919271,2.3034783031810084,3.6533303271323097,20.709999084472656,18.93000030517578,43045600.0,False,True,False,0.3024142501968847,1.2103273897492677,0.4801443635646016,1.4449309114919648,0.4790765157143306,1.379196542685958,0.7832722683890152,24.0,91.0,91.0,95.0,95.0,89.0,89.0,92.0,93.0,92.0,91.0,92.3076923076923,WULF
2026-04-20,56.83000183105469,56.900001525878906,52.28499984741211,52.70000076293945,2123300.0,0.0716576115261264,51.68968952419989,50.33200920162491,50.415999755859374,49.546333185831706,45.17654747009277,40.04305074691772,36.350634784698485,43.630001068115234,56.900001525878906,30.745453759643013,56.900001525878906,30.745453759643013,56.900001525878906,29.89474317765872,56.900001525878906,29.108559677474915,56.900001525878906,23.30481268452226,56.900001525878906,2060877.5,1909856.0,1686946.4285714286,98069358.02396774,0.0598220104943005,2.7457147325788225,0.0483145283144866,5.339048892669464,1.3839759122349846,4.817514070656401,7.255188936202797,53.31999969482422,51.86000061035156,1338100.0,False,False,False,0.1647878820385229,1.0824318581174532,0.6398493125413054,1.60083639150808,0.8567794103194808,1.7313936879095888,1.221661497422435,68.0,79.0,79.0,96.0,96.0,95.0,95.0,76.0,94.0,92.0,90.0,84.61538461538461,YOU
2026-04-20,38.470001220703125,38.7599983215332,35.52000045776367,35.689998626708984,1638500.0,0.0769876793398907,34.46541349435672,30.90380545773851,26.94680015563965,25.941666730244958,25.93140007019043,26.212500061307637,0.0,16.93000030517578,40.04999923706055,16.93000030517578,40.04999923706055,16.93000030517578,40.04999923706055,0.0,0.0,0.0,0.0,0.0,0.0,1871470.0,1665464.0,0.0,77845123.08670044,0.1281344031130351,4.080714634486607,0.106075240577079,4.558364995340528,0.6739015702689479,-2.1136391707215223,-0.5488093026036187,38.95000076293945,34.630001068115234,2130800.0,True,False,False,1.1759050088614034,2.022058211755182,0.0,0.0,0.0,0.0,0.0,0.0,99.0,99.0,0.0,0.0,0.0,0.0,98.0,97.0,96.0,0.0,92.3076923076923,YSS
2026-04-20,4.03000020980835,4.75,3.934999942779541,4.53000020980835,2368600.0,-0.1314654470322794,4.43895439906955,3.908289986993032,3.3638000106811523,3.268500010172526,2.9245000219345094,2.477850011587143,1.9916500079631805,2.069999933242798,6.949999809265137,2.069999933242798,6.949999809265137,1.309999942779541,6.949999809265137,1.212000012397766,6.949999809265137,1.212000012397766,6.949999809265137,1.1299999952316284,6.949999809265137,2511932.5,2113496.0,1209733.3333333333,24201246.05309367,0.1684952172952569,0.7799285479954311,0.1935306469953065,1.953248247179416,-0.7821224883293021,13.500428368514548,14.832682365761984,5.230000019073486,4.380000114440918,2296700.0,False,False,True,0.5742188671429203,1.4629141320245187,0.3614865398215405,1.3290960229248734,1.583333562581975,2.408884652189153,2.0764348892317868,93.0,97.0,97.0,92.0,92.0,98.0,98.0,97.0,95.0,98.0,98.0,73.07692307692307,ZNTL
