date,close,high,low,open,volume,price_chg_pct0,ema10,ema20,sma25,sma30,sma50,sma100,sma200,min30,max30,min60,max60,min90,max90,min120,max120,min150,max150,min252,max252,vol_sma40,vol_sma50,vol_sma252,avg_dollar_vol,price_up_down,highest_volume,days_since_highest_volume,days_since_vol_max,up_dollar_vol_max,days_since_up_vol_max,adr_pct,atr14,atr_pct,atr_multi_50sma,vars_norm_change,vars,vars_20ema,previous_session_high,previous_session_low,previous_session_volume,inside_day,tight_day,close_to_ma,range_pct,range10_pct,range20_pct,range_contraction_10_20,vol_dry_10_50,dist_sma50_pct,close_vs_252h,nr7,nr20,perf_1mo,rela_perf_1mo,perf_3mo,rela_perf_3mo,perf_6mo,rela_perf_6mo,perf_12mo,rela_perf_12mo,vol_ratio,vol_ratio_rank,perf_1mo_rank,rela_perf_1mo_rank,perf_3mo_rank,rela_perf_3mo_rank,perf_6mo_rank,rela_perf_6mo_rank,c0_c30_rank,c0_c60_rank,c0_c90_rank,c0_c120_rank,rs_sts_pct,ticker
2025-12-19,51.08445358276367,51.50309508454577,48.38320826685976,48.50281958131534,9579700.0,0.0637193439095624,46.53874135300241,44.280503106200015,42.23473327636719,41.56862513224284,39.74994613647461,35.71813371658325,32.09088178634644,35.00655761548743,51.50309508454577,31.26414099375008,51.50309508454577,28.74909404905449,51.50309508454577,27.848605818359733,51.50309508454577,25.589807534607377,51.50309508454577,21.25726794159105,51.50309508454577,6274970.0,6714086.0,6215443.171806168,274756490.4914093,1,False,57,57,809156680.2337646,57,0.0401202679977437,1.8534931166372952,0.0362829194920209,7.858938359877296,1.65098076408579,6.369037892523666,1.1342470057679406,48.5725947626911,46.878085242268185,5808000.0,False,False,False,0.0610731171398627,0.1738536666501444,0.3229267675797243,0.5383687080298272,0.9707441936251636,0.285145227804183,0.9918715273112252,False,False,0.3956970599285969,1.356418670225034,0.5748738417609349,1.5424408191216998,0.796027410056519,1.5833448430661492,0.0,0.0,1.0095772459900931,48.0,96.0,96.0,96.0,96.0,92.0,92.0,92.0,93.0,91.0,89.0,100.0,AA
2025-12-19,31.31999969482422,31.93000030517578,29.32999992370605,29.7549991607666,5123900.0,0.0707692203358707,29.6944753235431,28.720423680788823,26.46619987487793,26.14149990081787,28.625199966430664,27.10905004501343,23.00897504329681,18.5,37.04999923706055,18.5,38.9900016784668,18.5,38.9900016784668,18.5,38.9900016784668,15.0600004196167,38.9900016784668,9.711000442504885,38.9900016784668,5382015.0,5359714.0,4834937.885462555,143608163.7657833,1,False,190,190,433973148.3535767,8,0.096247590768481,2.8824285779680525,0.0920315646888204,1.022918798610001,0.718144314362665,-1.2494480269042825,-4.989747120495242,29.799999237060547,27.780000686645508,4536900.0,False,False,False,0.0830140615199108,0.3272669252833314,0.5922732892020438,0.5525606696264331,1.0955118127571732,0.0941408175856868,0.803282850642232,False,False,0.5007186600561091,1.458484701085021,0.0255402343128385,1.004420212660994,0.3876827699739207,1.2233556934305438,0.0,0.0,1.1131508051390626,61.0,98.0,98.0,63.0,63.0,82.0,82.0,97.0,94.0,90.0,86.0,88.46153846153845,AAOI
2025-12-19,3.9700000286102295,4.054999828338623,3.7699999809265137,3.7699999809265137,17018100.0,0.0530504107945815,3.926279854848498,3.968064400219962,3.81080002784729,3.868500018119812,4.702700004577637,3.9320000123977663,2.6928350043296816,3.2300000190734863,4.690000057220459,3.2300000190734863,11.489999771118164,2.220000028610229,11.489999771118164,1.5499999523162842,11.489999771118164,1.2000000476837158,11.489999771118164,0.8600000143051147,11.489999771118164,7382005.0,12764226.0,5938715.859030837,22499720.196710825,1,False,64,64,499595213.6358261,66,0.0928298346886054,0.3940714086805071,0.0992623188515338,-1.5696198625189497,0.5075223507165566,4.757780359408946,4.173118972183959,3.9700000286102295,3.704999923706055,4284900.0,False,False,True,0.0717883741456492,0.2141058279409396,0.3098236801534911,0.6910570161546999,0.5026752111722246,-0.1558041072690567,0.3455178509741505,False,False,-0.0124377991426657,0.9597697420957122,0.0530504107945815,1.0313638433325378,2.2276422496323898,2.845430243771752,0.0,0.0,1.243030509495482,73.0,28.0,28.0,69.0,69.0,98.0,98.0,78.0,70.0,92.0,95.0,61.53846153846154,ABAT
2025-12-19,114.94000244140624,120.5199966430664,114.9000015258789,117.73999786376952,2336600.0,0.0117067320122301,116.7801483677812,116.38069114198494,118.42420043945312,116.17950032552083,108.09380020141602,93.83925003051758,52.23138503074646,100.5,138.49000549316406,81.56999969482422,138.49000549316406,67.1500015258789,138.49000549316406,7.644999980926514,138.49000549316406,5.590000152587891,138.49000549316406,4.769999980926514,138.49000549316406,1528752.5,1415990.0,916793.8325991188,205613073.3604813,1,False,149,149,1909268297.5318909,149,0.0596617403606845,8.037642887660436,0.0699290300759984,0.9057147370698176,0.1654716251572379,5.707304265771741,12.60943473770525,117.71499633789062,112.01000213623048,968200.0,False,False,True,0.048895032171697,0.2607012644058418,0.2734905561187291,0.9532368068046374,1.448011638500272,0.0633357530888303,0.8299516057646467,False,False,0.0176184643375949,0.9889801474998148,0.3981267938380921,1.3693337078431091,17.81178394922457,16.58412390484729,0.0,0.0,1.66749867379231,90.0,43.0,43.0,93.0,93.0,99.0,99.0,60.0,87.0,90.0,99.0,38.46153846153847,ABVX
2025-12-19,39.77000045776367,40.709999084472656,38.06999969482422,38.22999954223633,2058900.0,0.0518381119620163,37.65928826126594,36.56029585415755,34.71479995727539,34.36700000762939,36.19630012512207,33.845250034332274,29.32325002670288,28.459999084472656,41.470001220703125,28.459999084472656,45.119998931884766,24.13999938964844,45.119998931884766,23.030000686645508,45.119998931884766,21.87299919128418,45.119998931884766,16.80500030517578,45.119998931884766,1317475.0,1281070.0,1515088.5462555066,44323627.056798935,1,False,85,85,179077178.70903015,87,0.054566539531218,2.082500185285296,0.0523635947024175,1.8854911543734396,0.9411759472204528,-1.019222609717913,-1.755391044223675,39.45000076293945,37.56999969482422,1170600.0,False,False,False,0.0663816786336765,0.1513703894511392,0.3271310532180477,0.4627209430657259,1.0903385451224368,0.0987310946226041,0.8814273359758341,False,False,0.2625396970718625,1.2270086870399692,0.0842420972431636,1.0619131667892936,0.611426254699976,1.4206038482899963,0.0,0.0,0.8695696388545064,29.0,92.0,92.0,75.0,75.0,89.0,89.0,91.0,86.0,89.0,87.0,100.0,ACMR
2025-12-19,27.527738571166992,27.83426099246339,26.865253411619776,27.191551959697943,11572500.0,0.0108933006652685,25.639143515687667,23.660627986957916,22.01942169189453,21.24039198557536,19.08748031616211,17.08337664604187,13.797980556488035,16.225939953916217,27.83426099246339,13.902299200464926,27.83426099246339,11.816536242073148,27.83426099246339,9.355835075546167,27.83426099246339,8.978114761954862,27.83426099246339,8.978114761954862,27.83426099246339,8236420.0,7863580.0,9446700.881057268,256427032.2238636,1,False,106,106,1945935204.0138245,106,0.046807154741135,1.2769434111615257,0.0463875159181806,9.53248250274317,0.2323020572627205,11.409701408868424,8.100851938708567,27.76504416756881,26.85536315539391,6871700.0,False,False,False,0.0352011327896933,0.2165947604221034,0.3825430534906933,0.5661970814675187,1.1910071494154062,0.4421881838357777,0.9889875854300788,False,False,0.5917667315984898,1.5469704532398532,0.563878237260631,1.5316716585943886,1.930173874009408,2.5831875764935885,0.0,0.0,0.871883221846883,29.0,98.0,98.0,96.0,96.0,97.0,97.0,97.0,97.0,96.0,97.0,100.0,AEO
2025-12-19,14.289999961853027,14.520000457763672,13.34000015258789,13.34000015258789,3006500.0,0.0768650692466705,14.089347961448144,13.738276699385178,12.567599983215333,12.47033338546753,14.041100025177002,14.591650037765502,15.206099996566772,8.829999923706055,17.329999923706055,8.829999923706055,20.65999984741211,8.829999923706055,20.65999984741211,8.829999923706055,34.47700119018555,8.829999923706055,38.79999923706055,2.5199999809265137,38.79999923706055,2161642.5,2159110.0,2085014.537444934,29390574.860668182,1,False,171,171,201723840.68984985,175,0.0939072846231827,1.518071515219552,0.1062331364081193,0.1668643838898393,0.6719047777810635,-6.344237698886984,-10.060903973111824,13.640000343322754,12.989999771118164,1414600.0,False,False,True,0.0825752490081019,0.3149055291821338,0.5801259610904882,0.5428226804230448,0.8636984683503851,0.017726526855426,0.3682989753310012,False,False,0.4478216947865321,1.407076388099415,-0.2186987836768507,0.7652110639787959,-0.4769399662709267,0.4611201379119666,0.0,0.0,1.036751764162263,52.0,97.0,97.0,20.0,20.0,8.0,8.0,96.0,93.0,88.0,84.0,69.23076923076923,AEVA
2025-12-19,16.670618057250977,17.050175916358835,16.211151275032424,16.25110573658777,25631600.0,0.0334365642090765,15.957630378189767,15.171263028727749,14.364099807739258,13.968426450093586,13.576016101837158,11.80797161102295,9.452994072437289,10.707551084395815,17.349829387475438,10.178165915434564,17.349829387475438,8.330314973320116,17.349829387475438,7.73101147855844,17.349829387475438,5.543555068721345,17.349829387475438,5.079597452668729,17.349829387475438,18005057.5,18908742.0,21241177.092511013,309876443.33420753,1,False,197,197,499277173.8238335,64,0.0642613318692246,0.9845699139786084,0.0590601926453689,3.859558179988901,0.5478264064027324,7.544253791487639,3.6719036522142217,16.750525493043575,16.011385082035254,20388600.0,False,False,False,0.0503295461778918,0.1827442157125057,0.3984422341312371,0.4586466997178674,1.1700223103155143,0.2279462496361539,0.9608519879328166,False,False,0.4096284071201661,1.3699579546260474,0.3747940413356581,1.3464814710937978,1.0630407019650003,1.8187388667910465,0.0,0.0,0.8476487636058564,27.0,97.0,97.0,93.0,93.0,94.0,94.0,95.0,93.0,94.0,93.0,100.0,AG
2025-12-19,7.210000038146973,9.800000190734863,7.130000114440918,8.279999732971191,223900.0,-0.1778791719715023,7.94846226699319,7.712773710878978,7.540800037384034,7.076500034332275,6.425813996514608,0.0,0.0,4.451000213623047,18.200000762939453,4.0,18.200000762939453,0.0,0.0,0.0,0.0,0.0,0.0,0.0,0.0,1543652.5,1535130.2325581396,0.0,40014617.20042944,-1,False,18,18,658425409.0061188,18,0.280283102250185,2.58442861693246,0.3584505691066097,0.3404565416213524,-0.6036152089463832,-1.5629836053906605,-3.309517770812876,9.989999771118164,7.949999809265137,264600.0,False,False,True,0.3703190100093476,0.574202474976631,1.868238650845814,0.3073496390392471,0.0947737181604166,0.1220368411002419,0.0,False,False,0.3501872344802903,1.3121896045566406,0.0,0.0,0.0,0.0,0.0,0.0,0.0,0.0,95.0,95.0,0.0,0.0,0.0,0.0,96.0,95.0,0.0,0.0,57.692307692307686,AHMA
2025-12-19,145.51951599121094,149.4497821626318,141.6490991164379,142.15783335902694,6845000.0,0.0384397608557554,134.41583013909883,128.52518585691374,126.59678924560546,123.05172373453776,111.73067306518554,95.82074516296387,79.86298645019531,89.51739689043556,149.4497821626318,78.86600392069799,149.4497821626318,70.47766145394195,149.4497821626318,63.54365680010843,149.4497821626318,52.773594184670685,149.4497821626318,48.57725813445101,149.4497821626318,3762860.0,3658480.0,3697769.1629955946,430413995.8898544,1,False,101,101,996280570.892334,130,0.0426944439248999,5.868007235664514,0.0403245378854814,7.499486123033931,0.9179731307919572,6.971547651153212,2.1767086794048294,140.43210470490268,133.54916200184607,3387600.0,False,False,False,0.0536057517306823,0.1746319198149929,0.2712692692039042,0.6437585810124619,0.8627845444009534,0.3024133122899244,0.97370176045393,False,False,0.1642290343621371,1.1314647311126782,0.8203572526459721,1.782868733616062,1.5443479585557558,2.2430505217169068,0.0,0.0,1.0176027313050755,49.0,84.0,84.0,97.0,97.0,96.0,96.0,96.0,96.0,95.0,94.0,100.0,ALB
2025-12-19,52.0,52.56999969482422,50.90999984741211,52.18999862670898,3863300.0,0.0025062863079281,50.702096394767295,48.55562044539853,45.76279968261719,45.23866640726725,45.16099983215332,50.63419990539551,50.412350025177005,37.630001068115234,53.880001068115234,37.630001068115234,53.880001068115234,37.630001068115234,65.87999725341797,37.630001068115234,65.87999725341797,37.630001068115234,65.87999725341797,37.630001068115234,78.08000183105469,3844430.0,3615764.0,3248073.127753304,173794683.4072113,1,False,273,273,389572395.54748535,254,0.0407765196249816,2.0549994877406528,0.0395192209180894,3.8319575709832585,0.0632608761660386,-7.162377950491758,-9.839791141089831,52.91999816894531,51.709999084472656,1976300.0,False,True,False,0.0319230739886944,0.1065384791447566,0.3061538843008188,0.347989963896962,0.9182347077961946,0.1514359777964329,0.6659835909393906,False,False,0.3464526524641789,1.3085601229753014,-0.0507484271859371,0.9297026432839466,0.0894615650265227,0.9604493456195288,0.0,0.0,1.183603277632852,68.0,95.0,95.0,42.0,42.0,57.0,57.0,90.0,85.0,79.0,73.0,80.76923076923077,ALK
2025-12-19,8.460000038146973,8.989999771118164,8.229999542236328,8.479999542236328,4015800.0,0.013173610976277,7.6436266098056755,7.285312230949047,6.857200012207032,6.884333340326945,7.185200004577637,6.056299998760223,5.184580003023148,5.434999942779541,8.989999771118164,5.434999942779541,10.68000030517578,3.9700000286102295,10.68000030517578,3.1600000858306885,10.68000030517578,3.1600000858306885,10.68000030517578,1.5637500286102295,10.68000030517578,2573955.0,3056982.0,1040003.2907488986,22164800.24303913,1,False,10,10,89200764.34164047,66,0.0792985849037897,0.6703571251460484,0.0792384305110333,2.239068292449592,0.1640911277750361,8.991141950075637,4.359238236675044,8.630000114440918,7.900000095367432,4887700.0,False,True,False,0.089834542015948,0.3061465323962374,0.4202127437717233,0.7285512801166942,1.4248333814199756,0.177420257300725,0.7921348123976228,False,False,0.3800978597401805,1.3412584703624446,0.59622636484735,1.563353607388536,0.6137339656962837,1.422638284003411,0.0,0.0,2.4749488995813795,95.0,96.0,96.0,96.0,96.0,89.0,89.0,95.0,91.0,95.0,96.0,100.0,ALM
2025-12-19,9.65999984741211,11.0,9.40999984741211,10.109999656677246,1163800.0,-0.0492125991642959,9.012739951385448,8.513584624492283,7.954119968414306,7.857199970881144,8.452719974517823,10.730829963684082,11.224399962425233,2.5,15.09000015258789,2.5,15.970000267028809,2.5,42.0,2.5,42.0,2.5,42.0,2.5,42.0,5250272.5,4292022.0,956597.356828194,107487170.0145483,-1,False,4,4,1138447075.356102,3,0.3308638774377965,3.358857086726597,0.347707778445403,0.4107684435572127,-0.1488601590034541,13.232974864001404,13.630365033295387,11.699999809265137,9.010000228881836,2429300.0,True,True,True,0.1645962916877113,1.3033126657823624,1.3033126657823624,1.0,4.85801097944046,0.1428273829647544,0.2299999963669549,True,False,0.4040697219082967,1.3645557046537868,-0.5243722254345276,0.4658326748112709,-0.1841216450237371,0.7192634024891116,0.0,0.0,5.488487358368225,99.0,97.0,97.0,5.0,5.0,20.0,20.0,99.0,99.0,99.0,98.0,84.61538461538461,AMCI
2025-12-19,40.26744079589844,40.69613631688232,39.2605071927571,39.28044696153798,4884800.0,0.0277353768348509,41.20516172114926,40.093622103632406,38.41691703796387,37.6741148630778,35.53167404174805,30.583589477539064,24.849014678001403,29.60838890222909,47.136532186659686,27.88720180883233,47.136532186659686,22.54558264554868,47.136532186659686,20.41396290398905,47.136532186659686,17.561136836735958,47.136532186659686,13.849505724420217,47.136532186659686,3891675.0,3631140.0,2565435.682819383,155982224.67006683,1,False,273,273,394384793.6447144,46,0.052810885506304,2.342399919638681,0.0581710650923033,2.2912243671806145,0.4639228344177103,6.89441419274748,7.652350818664486,40.825742775069976,39.021233639251385,3146300.0,True,False,True,0.0356523557432396,0.2131714804317286,0.4286222035690197,0.4973411985116686,1.0913266907913215,0.1332829618043352,0.8542724491576981,True,False,0.2877388853514393,1.2514987074306996,0.3705937104205441,1.342367641982225,1.004673324939276,1.7672832570940484,0.0,0.0,1.5169645554017923,86.0,93.0,93.0,93.0,93.0,94.0,94.0,89.0,88.0,92.0,91.0,57.692307692307686,AMKR
2025-12-19,12.020000457763672,12.359999656677246,11.899999618530272,11.9399995803833,6196200.0,0.0083892936937646,12.638320550708867,13.104330012950111,13.62959991455078,13.421999963124591,13.77119997024536,12.24044997692108,8.752499989271165,11.6899995803833,15.390000343322754,11.6899995803833,16.959999084472656,7.630000114440918,16.959999084472656,5.96999979019165,16.959999084472656,4.639999866485596,16.959999084472656,2.5999999046325684,16.959999084472656,1473205.0,1553982.0,1350651.5418502202,19670820.964889526,1,False,175,175,82385302.46868134,100,0.0597192108964852,0.7617858478001186,0.0633765240256779,-2.006482734093024,0.1312709887673906,1.6259043070760235,2.095496984294304,12.164999961853027,11.78499984741211,1378800.0,False,True,False,0.0382695524649385,0.2549917152522191,0.3078203512504558,0.8283783519067812,1.179099886613873,-0.1271639012043544,0.7087264803432868,False,False,-0.1606144752846504,0.8157631264902032,-0.0969196033947364,0.8844823183519618,1.394422411042561,2.11087890720273,0.0,0.0,1.0907365477715276,58.0,8.0,8.0,34.0,34.0,96.0,96.0,17.0,13.0,87.0,91.0,0.0,AMLX
2025-12-19,9.350000381469728,9.619999885559082,9.25,9.270000457763672,8061800.0,0.0218580077899039,10.131528173526624,10.646939638467932,10.766399993896483,11.082999992370606,11.697000007629397,10.326400032043455,6.963900012969971,8.770000457763672,14.489999771118164,8.770000457763672,16.030000686645508,6.36299991607666,16.030000686645508,3.920000076293945,16.030000686645508,2.3399999141693115,16.030000686645508,1.7000000476837158,16.030000686645508,6849182.5,7741650.0,6233555.506607929,58133006.8732357,1,False,133,133,289710449.1920471,65,0.0779825650391827,0.8901425770350865,0.0952024107720052,-2.107611619611927,0.2246839642314624,-2.156597194446972,-1.0811416354294698,9.64900016784668,9.029999732971191,7054700.0,True,True,False,0.0395721786591972,0.4064170141202951,0.4064170141202951,1.0,0.7819017909618751,-0.2006497071581459,0.5832813462858522,True,True,-0.1350601277958822,0.8405983110258479,-0.224709779755804,0.7593238586231014,1.710145000649259,2.389214154924547,0.0,0.0,1.0987601686933677,59.0,10.0,10.0,20.0,20.0,97.0,97.0,34.0,28.0,84.0,94.0,7.6923076923076925,AMPX
2025-12-19,32.720001220703125,33.26666641235352,31.69333267211914,31.739999771118164,1230000.0,0.0326110268628567,30.52629022124537,29.143842693845723,28.20346672058105,27.359333292643228,25.71693332672119,20.502400035858155,17.368050045967102,20.18000030517578,33.26666641235352,13.859999656677246,33.26666641235352,11.404000282287598,33.26666641235352,11.404000282287598,33.26666641235352,11.404000282287598,33.26666641235352,8.140000343322754,33.26666641235352,871440.0,795912.0,1033322.9074889868,22573041.227402687,1,False,310,310,222887779.47793007,310,0.0628106997048518,1.5922857012067522,0.048663986607655,5.59579085190894,0.6489631422756145,3.4618303528291428,-0.5774449740914909,32.293331146240234,30.60333251953125,744750.0,False,False,False,0.0480847702181279,0.1446617790665464,0.3422982407624171,0.4226191135085427,0.7863620601272503,0.272313491076535,0.98356717848208,False,False,0.3261281831104246,1.288807634784734,1.2934579170617564,2.246226341697583,1.150745069562226,1.8960574296213737,0.0,0.0,0.8433375411347763,26.0,95.0,95.0,99.0,99.0,95.0,95.0,96.0,98.0,98.0,97.0,100.0,ANAB
2025-12-19,121.05999755859376,121.3000030517578,118.0,118.8000030517578,2404900.0,0.0200539033307887,112.25629907842138,103.22049031832296,94.97639953613282,91.00666631062826,82.94980026245118,87.45800018310547,83.64059993743896,65.44999694824219,121.3000030517578,65.44999694824219,121.3000030517578,65.44999694824219,121.3000030517578,65.44999694824219,121.3000030517578,65.44999694824219,121.3000030517578,65.4000015258789,125.91000366210938,2246870.0,2221506.0,2322124.6696035243,298909146.4559555,1,False,205,205,1804327980.895996,205,0.0554014912488978,4.907143184116909,0.040534803263496,11.334380369612717,0.4850066859922437,-4.929302749222725,-7.674536657707663,121.16000366210938,117.0,1822500.0,False,False,False,0.0272592360673111,0.2340162101634175,0.4613415432829816,0.5072515440472151,1.0441835403550563,0.4594368783958831,0.9614803751691482,True,True,0.7373707954705835,1.6884768562889862,0.3792867971831826,1.3508817029255875,0.577123426126819,1.390363103399482,0.0,0.0,0.96759232155422,42.0,99.0,99.0,93.0,93.0,88.0,88.0,98.0,96.0,92.0,89.0,100.0,ANF
2025-12-19,5.170000076293945,5.414999961853027,4.849999904632568,4.860000133514404,10460500.0,0.0726140855119366,4.8498934934476825,4.569229622784222,4.4040000438690186,4.14833337465922,3.7403000354766847,3.1413500142097472,2.672650005817413,2.539999961853028,5.414999961853027,2.539999961853028,5.414999961853027,2.0299999713897705,5.414999961853027,1.850000023841858,5.414999961853027,1.850000023841858,5.414999961853027,1.284999966621399,5.414999961853027,3116200.0,2825456.0,1904605.286343612,15140884.074351788,1,False,30,30,54080785.798072815,0,0.0648330076044598,0.3014285564422607,0.0583033949698384,6.556086032887787,1.1611371821024248,2.77322254792818,0.3476833563647877,5.110000133514404,4.804999828338623,2705200.0,False,False,False,0.1092843421436606,0.1363636195942623,0.2717600990788281,0.5017794004950963,1.2836901370964544,0.3822420734316978,0.9547553301412688,False,False,0.2733990515168532,1.2375624322176872,0.7348993433568343,1.6991707483495222,1.1722688351670194,1.9150323868424564,0.0,0.0,1.6361395310323643,89.0,93.0,93.0,97.0,97.0,95.0,95.0,98.0,97.0,97.0,96.0,100.0,ANNX
2025-12-19,78.54000091552734,80.98999786376953,77.30500030517578,77.7699966430664,2756700.0,0.0153846472512133,75.98446319765061,73.14130445932486,71.88799957275391,69.92333297729492,63.87949981689453,51.01434997558594,44.81430003166199,52.34000015258789,80.98999786376953,36.84999847412109,80.98999786376953,35.38999938964844,80.98999786376953,34.34000015258789,80.98999786376953,34.34000015258789,80.98999786376953,26.200000762939453,80.98999786376953,846175.0,858448.0,763477.973568282,71916452.74711609,1,False,165,165,216543412.27416992,71,0.0468925098088324,3.4024990626743863,0.0433218617648591,5.297612591812754,0.3497436500308395,8.185037629499016,4.1368410323064735,78.13500213623047,74.53700256347656,910700.0,False,False,False,0.0469187358752019,0.1330786316242965,0.2304557965766808,0.5774583829138642,1.363146049615119,0.2295024403862893,0.9697493886545936,False,False,0.2304558775261687,1.1958277860454969,1.069020095094094,2.0264106023170814,0.8993954973101539,1.6744722540255976,0.0,0.0,1.1083161915532616,60.0,91.0,91.0,98.0,98.0,93.0,93.0,94.0,97.0,96.0,94.0,100.0,APGE
2025-12-19,27.850000381469727,27.88999938964844,24.32900047302246,24.56999969482422,38058900.0,0.1652720010872685,26.42950063287052,27.06893110216693,26.319400024414065,26.61483332316081,29.52070011138916,23.98165006637573,15.93170005083084,19.0049991607666,34.86100006103516,19.0049991607666,40.20000076293945,13.15999984741211,40.20000076293945,9.020000457763672,40.20000076293945,6.329999923706055,40.20000076293945,3.309999942779541,40.20000076293945,27535030.0,31241188.0,35836366.51982379,726576721.1294746,1,False,200,200,3671875300.321579,70,0.1056590631494969,2.8751427786690846,0.1032367231341974,-0.5481981156671689,1.3738450807538416,7.198575175926491,5.3325884765866665,24.82900047302246,23.0,31804200.0,False,False,True,0.1278635141059216,0.464308782001423,0.5693357516367756,0.8155271835056696,0.9248483124265312,-0.0565941770898202,0.6927860659929329,False,False,0.2061498569695048,1.172205797414512,0.1390592847622274,1.1156014466862476,1.8216819356013776,2.487543072277921,0.0,0.0,0.7683544029154938,20.0,89.0,89.0,81.0,81.0,97.0,97.0,93.0,89.0,95.0,97.0,61.53846153846154,APLD
2025-12-19,721.3699951171875,732.0,700.0040283203125,702.0,7834000.0,0.0388841686562841,684.0709782260267,662.1352936197828,629.638203125,624.9375020345052,616.7369018554688,574.4006503295899,449.4503006744385,489.2999877929688,732.0,489.2999877929688,745.6099853515625,385.1900024414063,745.6099853515625,325.5799865722656,745.6099853515625,320.0,745.6099853515625,200.5,745.6099853515625,4289442.5,4289124.0,7009759.911894273,2615027978.0041504,1,False,91,91,47505558007.9834,91,0.0512195714128203,34.42371041434152,0.047719908850311,3.5552449178689427,0.7843431075562188,8.275525494472552,5.563657629926307,704.1300048828125,674.0,3596900.0,False,False,False,0.0443544531880477,0.1081275912887516,0.3364431759704731,0.3213844090517119,0.9258020985170864,0.1696559634212375,0.9674897188736742,False,False,0.3609471025946822,1.3226466631967633,0.1210100934222027,1.097923961203434,1.1507752183794802,1.8960840082660295,0.0,0.0,0.6119243103778212,13.0,96.0,96.0,79.0,79.0,95.0,95.0,93.0,89.0,93.0,93.0,96.15384615384616,APP
2025-12-19,15.90999984741211,16.290000915527344,15.65999984741211,15.720000267028809,3449900.0,0.0166134335603422,15.218782581690888,14.369577507239905,13.825599937438964,13.330666637420654,11.994999961853027,10.330099964141846,8.123149982690812,9.553000450134276,16.290000915527344,8.75,16.290000915527344,6.695000171661377,16.290000915527344,6.651000022888184,16.290000915527344,5.690000057220459,16.290000915527344,3.539999961853028,16.290000915527344,1573147.5,1506576.0,1371155.0660792952,26845975.055208206,1,False,91,91,100201166.41159058,91,0.0466319320032018,0.6072143827165876,0.0381655806750592,8.551841211072974,0.4281852279562834,12.54562352535952,8.06387668905455,16.030000686645508,15.284000396728516,2245000.0,False,False,False,0.0395978047867617,0.1521056601620203,0.3167819587595496,0.4801588472955769,1.488932519833052,0.3263859856615021,0.9766727411443528,False,False,0.3460237105064252,1.3081432525120436,0.5925926138065696,1.5597946899799144,1.329428993430957,2.0535819015822314,0.0,0.0,1.1473155290147343,65.0,95.0,95.0,96.0,96.0,96.0,96.0,96.0,95.0,96.0,95.0,100.0,ARIS
2025-12-19,28.01000022888184,28.65999984741211,27.82200050354004,27.9950008392334,3981900.0,0.0082793209701717,28.78195614774584,28.634399041770237,29.16160011291504,28.24533348083496,25.83720001220703,21.363249940872198,17.91864996910095,22.26000022888184,31.770000457763672,16.709999084472656,31.770000457763672,15.100000381469728,31.770000457763672,13.0600004196167,31.770000457763672,12.720000267028809,31.770000457763672,11.130000114440918,31.770000457763672,2724630.0,2481070.0,2175424.6696035243,64459898.34629059,1,False,52,52,300976849.2034912,52,0.0408349976721384,1.150714329310826,0.0410822677582235,2.0470098850388894,0.1998754481262757,5.5620351380840525,4.846919796845382,28.899999618530277,27.545000076293945,1926300.0,True,True,False,0.029917862799872,0.1508389984628854,0.1674402176270472,0.9008528572201272,0.9501182957353076,0.084095808200898,0.8816493492381112,False,False,0.004302647610596,0.976039071003802,0.6120863441083071,1.578886965524176,0.945138956312046,1.7147988489924164,0.0,0.0,1.252458905183129,74.0,36.0,36.0,96.0,96.0,93.0,93.0,82.0,94.0,92.0,93.0,15.384615384615383,ARQT
2025-12-19,9.489999771118164,9.579999923706056,8.949999809265137,8.949999809265137,7126700.0,0.0603351925543074,8.64958085239604,8.381499479817663,7.954000015258789,8.059333340326946,8.35469997406006,8.142099981307984,7.195124976634979,6.537000179290772,9.579999923706056,6.537000179290772,10.369999885559082,5.803999900817871,10.369999885559082,5.389999866485596,10.369999885559082,5.389999866485596,10.369999885559082,3.759999990463257,10.369999885559082,6724617.5,6675228.0,6913912.334801762,46451896.155724525,1,False,178,178,182102757.2650909,126,0.0653839798565674,0.5473571504865374,0.0576772564476094,2.3559990321075377,0.9865587055417648,-1.407467311259853,-5.732940855773275,9.0,8.399999618530273,5882500.0,False,False,False,0.0663856827856053,0.1912539621701809,0.3206533000850368,0.5964509397516279,0.8871532178376529,0.1358875603651861,0.9151398144501064,False,False,0.3309957389618219,1.2935382054972184,0.1545011511962406,1.1307253026292832,0.2841677865457457,1.132098781496265,0.0,0.0,0.972621169370498,43.0,95.0,95.0,83.0,83.0,77.0,77.0,92.0,88.0,89.0,88.0,100.0,ARRY
2025-12-19,4.739999771118164,5.079999923706055,4.639999866485596,4.639999866485596,653600.0,0.0193547685817028,4.25168638919217,3.9678952438168418,3.686200008392334,3.674500012397766,3.819100008010864,3.3339500045776367,2.957475003004074,2.9600000381469727,7.25,2.7100000381469727,7.360000133514404,2.220000028610229,7.360000133514404,1.531000018119812,7.360000133514404,1.4700000286102295,7.360000133514404,1.4700000286102295,7.360000133514404,1517202.5,3776120.0,997362.9955947136,16525340.686081648,1,False,63,63,603001352.9644012,63,0.1464367586678805,0.7245713983263288,0.1528631715852177,1.5774240724778157,0.1242109141467916,-1.3911094320282178,-1.4089707553686197,4.75,4.369999885559082,493800.0,False,True,False,0.0928270207736029,0.9050633267944268,0.9050633267944268,1.0,1.4249255849920024,0.2411300466538293,0.6440216963494553,False,False,0.3982299777103251,1.358880305394959,0.7555554397802806,1.7194014521953696,1.9259257760285573,2.579442531182388,0.0,0.0,1.5212139478819475,86.0,96.0,96.0,97.0,97.0,97.0,97.0,95.0,95.0,95.0,97.0,96.15384615384616,ARTV
2025-12-19,11.68000030517578,11.710000038146973,11.210000038146973,11.3100004196167,1638600.0,0.0354610444746197,12.034656829103437,11.976445654174247,12.100800018310547,11.869333330790202,10.962200031280515,9.372500033378602,8.587500016689301,9.760000228881836,14.220000267028809,7.730000019073486,14.220000267028809,6.829999923706055,14.220000267028809,6.059999942779541,14.220000267028809,6.059999942779541,14.220000267028809,5.900000095367432,20.3799991607666,2144332.5,2271180.0,2258733.480176212,15000966.022291183,1,False,283,283,211792853.26824188,31,0.0477833917521006,0.5878569739205497,0.0503302190548789,1.300999340980637,0.680438592974234,1.4757840668504103,0.684070318485943,11.859999656677246,11.199999809265137,1304800.0,True,False,False,0.0428082180595863,0.2020548414973731,0.2208904803056461,0.9147286076692392,0.4970808126172298,0.0654795818218085,0.5731109316069488,False,False,0.0130095902583282,0.9845009786104332,0.5511288153699874,1.5191847988708542,0.5783783992770117,1.3914694647247146,0.0,0.0,0.9493517136128488,39.0,41.0,41.0,95.0,95.0,88.0,88.0,73.0,90.0,90.0,90.0,26.923076923076923,ARVN
2025-12-19,68.16000366210938,69.0,65.69999694824219,66.5199966430664,5184500.0,0.0254250400236171,65.88159450618342,61.32814709853392,57.03900039672852,54.3038335164388,48.031500091552736,37.05505000114441,26.024199995994568,37.060001373291016,72.36000061035156,31.45499992370605,72.36000061035156,18.13999938964844,72.36000061035156,14.300000190734863,72.36000061035156,14.300000190734863,72.36000061035156,9.56999969482422,72.36000061035156,2741205.0,2535060.0,2106348.898678414,220380494.8890686,1,False,23,23,407807708.530426,23,0.0875337599175374,4.813500268118722,0.0706205987309032,5.934087464732165,0.3510963638248138,19.491755364169123,15.811383303392612,67.30000305175781,64.22000122070312,1994300.0,False,False,True,0.0484155351299123,0.1885270187560416,0.5124706342202504,0.3678786766833866,1.3611867174741423,0.4190688096809332,0.9419569249196308,False,False,0.7490377605094565,1.6998154838880153,1.1266772319699014,2.082880345526158,3.394584310526682,3.874184974311091,0.0,0.0,1.3014012074257562,77.0,99.0,99.0,98.0,98.0,99.0,99.0,97.0,97.0,99.0,99.0,76.92307692307693,ARWR
2025-12-19,6.420000076293945,6.679999828338623,6.159999847412109,6.190000057220459,4798200.0,0.0354839151285206,6.030787029330195,5.723307023182367,5.415199985504151,5.286333322525024,5.211799993515014,4.784699993133545,3.761300001144409,4.050000190734863,6.679999828338623,4.050000190734863,6.679999828338623,3.660000085830689,6.679999828338623,3.0999999046325684,6.679999828338623,2.6700000762939453,6.679999828338623,1.100000023841858,6.679999828338623,4542950.0,4864272.0,4573590.748898678,27895159.42896843,1,False,126,126,75320702.64816284,65,0.0633678925624627,0.3549999850136893,0.0552959471643213,4.192352760024546,0.6197190882143984,6.689338114229827,1.842898303366076,6.320000171661377,6.059999942779541,5342100.0,False,False,False,0.0809968808017043,0.1993769030778724,0.3987538804294446,0.4999999068677404,1.1005963482305263,0.2318201167125142,0.9610778804302242,False,False,0.36886993560055,1.3303465279588085,0.3572938795783549,1.329341708453817,0.8554913310729966,1.6357671458454646,0.0,0.0,0.993300504880972,46.0,96.0,96.0,93.0,93.0,92.0,92.0,95.0,92.0,91.0,92.0,100.0,ASM
2025-12-19,53.548221588134766,54.75480069756187,53.219152483428125,54.64511099599299,2688800.0,-0.022392082385313,53.19108605823108,51.40841808103584,49.10569900512695,48.35804646809896,48.7382967376709,49.63298675537109,46.93305690765381,41.07439629289656,56.65262287531939,41.07439629289656,56.65262287531939,41.07439629289656,56.97606042782397,41.07439629289656,56.97606042782397,39.440336288054944,56.97606042782397,32.98070699685793,56.97606042782397,1764690.0,1740364.0,1697747.1365638766,100874715.79242706,-1,False,273,273,215732828.9672852,10,0.0438198913587912,2.0627755132858474,0.0385218304568852,2.561893240470052,-0.5945971970436679,-4.938340827126321,-7.169112833087809,55.36806159210983,54.24624137456166,1262900.0,False,False,True,0.0286778564925116,0.1612504843494987,0.2814452404088172,0.5729373291773281,1.281887007545548,0.0986888170580275,0.9398372085758454,False,False,0.2731624016275618,1.2373324422453948,0.1638768275969913,1.1399078959290891,0.2264225041818957,1.081191599050022,0.0,0.0,1.0394304086835988,52.0,93.0,93.0,83.0,83.0,72.0,72.0,86.0,79.0,73.0,66.0,73.07692307692307,ASO
2025-12-19,75.83999633789062,76.44200134277344,67.31999969482422,67.7249984741211,20293400.0,0.1503108749710846,70.01113091198984,68.42102797357566,64.12759963989258,64.496666208903,70.39729934692383,60.354849662780765,46.83369976997376,49.310001373291016,85.44999694824219,47.5,102.79000091552734,36.08000183105469,102.79000091552734,36.08000183105469,102.79000091552734,22.46999931335449,102.79000091552734,17.5,102.79000091552734,11341547.5,12180476.0,12413538.766519824,869544419.4807053,1,False,72,72,3517721907.792664,72,0.0944775540378513,7.596642630440848,0.10016670618753,0.7718532996751599,1.3045231314428367,-0.9949104609487344,-2.595022782877656,67.68000030517578,64.01000213623047,12951400.0,False,False,False,0.1202795634022433,0.3171149338564458,0.4765295005281424,0.6654675807163757,1.1888763624672796,0.0773140026884373,0.7378149203463459,False,False,0.3073607745604598,1.2705683878308032,0.5525076500886243,1.5205352378053594,0.5107568762006893,1.3318555695003624,0.0,0.0,0.9136433786785232,35.0,94.0,94.0,95.0,95.0,86.0,86.0,94.0,92.0,95.0,92.0,88.46153846153845,ASTS
2025-12-19,31.979999542236328,32.56999969482422,31.059999465942383,31.530000686645508,837400.0,0.0088327688504104,30.675547011132927,29.403932589167876,28.782000045776368,27.990333366394044,24.45459997177124,20.188099937438963,16.951699953079224,23.0,34.2400016784668,15.270000457763672,34.2400016784668,13.640000343322754,34.2400016784668,10.710000038146973,34.2400016784668,9.220000267028809,34.2400016784668,9.220000267028809,34.2400016784668,982365.0,913882.0,871945.8149779736,31490981.92978859,1,False,143,143,104015045.93200684,15,0.0549822667093253,1.8678573880876812,0.0584070486186462,5.268703267968655,0.1499037244934093,11.272265751771924,9.762677306471993,32.77000045776367,31.0,1056200.0,True,False,False,0.0472170184645425,0.1332082642232564,0.2823640626407177,0.4717606871691447,1.0712761603795675,0.3077294079294654,0.9339952679484896,False,False,0.2660332245631163,1.2304038979708596,0.8170453891527569,1.7796250747883922,2.266598535939446,2.8797733917014066,0.0,0.0,1.1266353747277469,63.0,92.0,92.0,97.0,97.0,98.0,98.0,90.0,97.0,96.0,97.0,88.46153846153845,AXGN
2025-12-19,14.649999618530272,15.970000267028809,14.0600004196167,14.0600004196167,4158600.0,0.0456816116483045,13.728350493256848,12.74510052518362,11.989199905395507,11.72033322652181,9.503999948501589,6.455199967622757,4.09244998216629,7.809999942779541,16.899999618530273,4.0,16.899999618530273,2.049999952316284,16.899999618530273,1.850000023841858,16.899999618530273,1.3799999952316284,16.899999618530273,1.1299999952316284,16.899999618530273,4029957.5,3619646.0,1359672.6872246696,49197095.44067383,1,False,49,49,131063064.3342018,10,0.1319015461622623,1.9492857115609303,0.1330570486224004,4.069353730425421,0.3283250812606351,16.281625415322594,12.60175343332907,14.43000030517578,12.75,4450000.0,False,False,True,0.1303754196004358,0.3488054463983593,0.5774744203710568,0.6040188692240845,1.2951017861967715,0.5414561971709619,0.8668639023202728,False,False,0.449060347777019,1.4082801823112563,1.850194552348697,2.7914975177092822,6.87634382035391,6.943640336636537,0.0,0.0,2.963917373545136,96.0,97.0,97.0,99.0,99.0,99.0,99.0,98.0,99.0,99.0,99.0,80.76923076923077,AXTI
2025-12-19,5.019999980926514,5.599999904632568,5.019999980926514,5.260000228881836,83000.0,-0.049242465634537,5.915075378910067,5.706363879859501,5.162800054550171,5.068000038464864,5.261400027275085,5.135200016498565,5.09485000371933,3.7100000381469727,26.3700008392334,3.7100000381469727,26.3700008392334,3.7100000381469727,26.3700008392334,3.7100000381469727,26.3700008392334,3.670000076293945,26.3700008392334,3.670000076293945,26.3700008392334,1280917.5,1033470.0,246811.01321585904,40209269.79317904,-1,False,9,9,765176440.4846191,9,0.3315297170811138,2.9978571959904263,0.597182710633622,-0.076829640437812,-0.086728690489187,1.91650466333736,0.0524953791441493,5.559999942779541,4.940000057220459,71300.0,False,True,True,0.1155378338465665,4.446215285518598,4.505976279915951,0.9867373925904314,4.896194374292432,-0.0458813329336591,0.1903678354631577,True,False,0.3107049819648479,1.2738184809137885,-0.1019678275674993,0.8795380575345748,0.1540230094213159,1.017365531570266,0.0,0.0,5.189871729426106,99.0,94.0,94.0,33.0,33.0,65.0,65.0,88.0,83.0,77.0,71.0,73.07692307692307,BBGI
2025-12-19,88.81999969482422,90.3000030517578,81.30000305175781,81.80999755859375,17699700.0,0.1073432328715524,92.17908587380244,98.23975464005665,100.39519989013672,104.72200012207033,109.61000015258789,84.92869998931884,53.32244998931885,75.69999694824219,147.86000061035156,66.62000274658203,147.86000061035156,40.560001373291016,147.86000061035156,21.8799991607666,147.86000061035156,17.010000228881836,147.86000061035156,15.149999618530272,147.86000061035156,15526875.0,15208096.0,10029996.475770924,1495950004.8296738,1,False,148,148,3587492964.135742,51,0.1096635168640194,10.299429212297712,0.1159584468327563,-1.6356935111845794,0.8359687156324217,6.481303798211098,10.728901014351004,85.30000305175781,78.7300033569336,13400000.0,False,False,True,0.1013285299586018,0.4976019632677551,0.4976019632677551,1.0,0.8984267327086836,-0.1896724790513816,0.6007033635072635,False,False,-0.1846139773617171,0.792439030145755,0.0295583998027517,1.0083556278703152,2.937056817262385,3.470837122844721,0.0,0.0,1.548043913824663,87.0,7.0,7.0,64.0,64.0,99.0,99.0,68.0,82.0,95.0,98.0,11.538461538461538,BE
2025-12-19,26.56999969482422,27.15999984741211,26.299999237060547,26.399999618530277,3212800.0,0.0152846624900322,26.427537267392303,25.900162204517304,25.04240005493164,24.531000010172527,25.126399993896484,22.78980001449585,20.989024991989137,20.229999542236328,29.155000686645508,20.229999542236328,31.540000915527344,15.600000381469728,31.540000915527344,15.600000381469728,31.540000915527344,15.350000381469728,31.540000915527344,13.524999618530272,35.25,2092897.5,2282786.0,2277126.4317180617,50928194.46154594,1,False,284,284,161381025.9689331,107,0.0639062867644935,1.6658570425851005,0.0626969161354415,0.916368885116289,0.2401164135366312,-1.5567309622479266,-3.2704137325016345,26.770000457763672,25.799999237060547,1392100.0,False,True,True,0.0323673549201842,0.1035001893709353,0.3298833796638874,0.3137478143833432,0.7240801371657264,0.057453503139264,0.753758856590758,True,True,0.2664442456890556,1.2308033519391222,0.0884883187592935,1.0660719414287836,0.5900658977003606,1.4017729490999171,0.0,0.0,0.9190958705006717,36.0,92.0,92.0,75.0,75.0,88.0,88.0,86.0,80.0,90.0,86.0,65.38461538461539,BEAM
2025-12-19,3.0999999046325684,3.150000095367432,2.720000028610229,2.759999990463257,10524900.0,0.1439113878213327,2.4007872284345035,1.9470932728911845,1.5057599925994871,1.5314666628837583,1.5880799984931946,1.4765899991989135,1.557894995212555,0.5400000214576721,4.0,0.5400000214576721,4.0,0.5400000214576721,4.0,0.5400000214576721,4.0,0.5400000214576721,4.0,0.5400000214576721,4.0,19080532.5,15276772.0,3441229.515418502,70286726.26181006,1,False,9,9,419147267.105484,9,0.3482047651302635,0.5642142849309104,0.1820046136413622,5.230871025759085,0.6912265018836811,0.7071119528105898,-5.73560148416074,3.240000009536743,2.5,10398700.0,True,False,False,0.1387097032211581,1.056451637712652,1.1161290596724804,0.9465317908868528,4.108062226758375,0.9520426600510784,0.7749999761581421,True,False,0.8674698596181325,1.8149146089038464,0.890243860776051,1.8513160937990625,1.1088434314952882,1.859117713569255,0.0,0.0,5.544684658349369,99.0,99.0,99.0,98.0,98.0,94.0,94.0,99.0,99.0,99.0,99.0,92.3076923076923,BEAT
2025-12-19,3.559999942779541,3.5899999141693115,3.424999952316284,3.4600000381469727,6715200.0,0.0318840271233265,3.2428047015601997,3.0606711381723954,2.9227999877929687,2.810333323478699,2.6133999919891355,2.15989999294281,2.21404999434948,1.899999976158142,3.609999895095825,1.8650000095367432,3.609999895095825,1.340000033378601,3.609999895095825,1.3200000524520874,3.609999895095825,1.3200000524520874,3.609999895095825,1.3200000524520874,4.980000019073486,6547295.0,6242086.0,4631120.264317181,18997750.76629877,1,False,175,175,64054719.38972473,323,0.0830879690338313,0.2382142884390694,0.0669141270415523,5.413059184885587,0.4617686697830512,2.969790963137328,-1.2276718329544634,3.609999895095825,3.2799999713897705,8079500.0,True,False,False,0.0463483046362636,0.1839887589656437,0.3595505595402861,0.5117187390860634,0.933244111023142,0.3622101299808762,0.714859423523028,False,False,0.4833332505491077,1.4415885602806469,0.6405529113434503,1.6067672909949844,0.7365853783348217,1.5309418374878756,0.0,0.0,1.413760521497781,82.0,98.0,98.0,96.0,96.0,91.0,91.0,98.0,96.0,97.0,96.0,100.0,BFLY
2025-12-19,19.25,19.75,17.479999542236328,17.540000915527344,1850500.0,0.1018889957989197,18.028602892626,17.901848459976453,16.994799880981446,16.796333217620848,19.444999904632567,19.480299921035765,16.1495499587059,12.40999984741211,20.0,12.40999984741211,33.198001861572266,12.40999984741211,33.198001861572266,12.40999984741211,33.198001861572266,9.87600040435791,33.198001861572266,6.150000095367432,33.198001861572266,1654992.5,1762642.0,1726640.9691629957,22857783.7881279,1,False,154,154,168182727.87208557,73,0.0860451665297685,1.4729999814714705,0.0765194795569595,-0.1310552568956426,1.2084186755164488,-2.321814870022488,-4.905945254964763,17.81999969482422,16.559999465942383,1011200.0,False,False,False,0.1179221017020089,0.1901298622032264,0.3506493506493506,0.5422221996166088,0.7133552927934317,-0.0100282800508582,0.5798541755695991,False,False,0.3285024364437596,1.291115070718822,-0.0789473516098707,0.9020844487762716,0.1687917912899594,1.0303854189501305,0.0,0.0,0.958504130017413,41.0,95.0,95.0,36.0,36.0,66.0,66.0,95.0,91.0,86.0,82.0,96.15384615384616,BKSY
2025-12-19,31.36000061035156,31.61000061035156,29.59000015258789,29.8799991607666,62526800.0,0.1030601573592795,32.295954737621884,33.624789507718,32.34369674682617,33.55480842590332,39.69853828430176,45.096953887939456,41.69644862327023,24.322857001400383,43.75715011130298,24.322857001400383,65.58073559392504,24.322857001400383,65.58073559392504,24.322857001400383,160.95272284613716,3.918848952554093,160.95272284613716,3.918848952554093,160.95272284613716,46699430.0,45193638.0,41606510.86956522,1762967561.9957542,1,False,130,130,8676989382.854843,130,0.0965549597285106,3.253375211973178,0.1037428299953309,-2.0246841739231454,0.9006032548575087,-7.525024873705644,-6.966082407593946,31.71999931335449,28.399999618530277,52809800.0,True,False,True,0.0644132786495193,0.4363839030483031,0.5663948258090657,0.7704588445435588,1.1547576674398286,-0.210046466049546,0.1948398266013192,False,False,0.0750243621255386,1.04477050041822,-0.4306858090984469,0.5575897088810112,6.129365750436868,6.285118162495868,0.0,0.0,1.122406782592294,62.0,64.0,64.0,8.0,8.0,99.0,99.0,84.0,78.0,72.0,64.0,30.76923076923077,BMNR
2025-12-19,3.900000095367432,4.019999980926514,3.900000095367432,3.900000095367432,6633100.0,0.0209424511839511,3.870637551912397,3.748948926693315,3.616800022125244,3.5606666962305704,3.291200017929077,3.0012000036239623,2.49850000321865,2.890000104904175,4.480000019073486,2.440000057220459,4.480000019073486,2.275000095367432,4.480000019073486,1.850000023841858,4.480000019073486,1.5499999523162842,4.480000019073486,1.5499999523162842,4.480000019073486,5545535.0,5312244.0,5389978.414096916,22613403.212282658,1,False,255,255,63291505.9381485,10,0.0608426361927574,0.2618571519851684,0.0671428578415196,2.7549936351925632,0.3055107012282979,3.776122123369152,1.113998418082092,3.880000114440918,3.700000047683716,5422600.0,False,True,True,0.0307692006730006,0.2307692495793746,0.4076922757150631,0.5660378263841811,1.3094202751229047,0.1849781460020256,0.8705357318668037,True,False,0.2580645855954258,1.2226595163407863,0.2871287564991684,1.2606215690710818,0.9402985641152044,1.7105316479573025,0.0,0.0,1.0288603355991637,50.0,92.0,92.0,91.0,91.0,93.0,93.0,88.0,92.0,90.0,92.0,73.07692307692307,BORR
2025-12-19,35.470001220703125,36.27000045776367,35.18000030517578,35.560001373291016,2691000.0,-0.0047698701418802,33.700471764067515,32.08032534042005,30.49159980773926,30.1529998143514,29.03929988861084,28.683499965667725,30.16497491836548,26.299999237060547,37.32699966430664,25.530000686645508,37.32699966430664,24.229999542236328,37.32699966430664,23.90999984741211,37.32699966430664,23.90999984741211,37.66999816894531,23.90999984741211,48.33000183105469,1857225.0,1806772.0,1646835.242290749,79478256.91239357,-1,False,105,105,352255351.6330719,9,0.0431059698597566,1.810142925807408,0.0510330663521619,4.339308569017243,-0.0939142244082662,-1.7613447043655093,-5.394384473778822,36.459999084472656,34.654998779296875,2105200.0,True,True,False,0.0307301977748926,0.2127713199303783,0.3091908282076365,0.6881553413592595,2.039133880755292,0.2214482221251619,0.7339126810856377,True,False,0.3030860439184901,1.266413958750579,0.0863705838601276,1.063997819257258,0.3652810564156734,1.203606753386706,0.0,0.0,1.1277539806693708,63.0,94.0,94.0,75.0,75.0,81.0,81.0,88.0,85.0,84.0,79.0,92.3076923076923,BRZE
2025-12-19,30.703969955444336,31.310687847918715,29.759078666492023,29.858541206974927,4361500.0,0.0259222210368277,28.916889406065827,28.54084344658277,27.993029479980468,28.26758740743001,28.82647270202637,24.66916666984558,19.103966898918152,25.32306638088643,31.310687847918715,24.03028317154604,35.708094694058886,15.547257158424545,35.708094694058886,13.43823003521536,35.708094694058886,12.430362262395526,35.708094694058886,9.447178060356505,35.708094694058886,3171530.0,3695182.0,4740496.916299559,77715096.01400375,1,False,254,254,410753961.41052246,77,0.0490426636136029,1.5603481098802303,0.0508190996846502,1.2816246139516438,0.4971996407345728,9.510892250770173,6.662523717256438,30.216604726218915,28.734618703514293,2566500.0,False,False,False,0.050534480840044,0.1451246646842701,0.1950113120785729,0.7441858789494078,0.8349223394138637,0.0651310090147099,0.8598602142878506,False,False,0.1156487011423155,1.084251569405158,0.3425759269441977,1.314926857997326,1.3276091833845056,2.051977590402861,0.0,0.0,0.6690290186868643,15.0,74.0,74.0,92.0,92.0,96.0,96.0,76.0,76.0,94.0,94.0,100.0,BTU
2025-12-19,4.900000095367432,5.099999904632568,4.849999904632568,4.849999904632568,2778400.0,0.0187110506566623,5.39681418986629,5.599627002910875,5.974799976348877,6.073999993006388,5.099800000190735,3.68844000697136,2.239235001206398,4.570000171661377,7.769999980926514,2.640000104904175,7.769999980926514,1.399999976158142,7.769999980926514,0.8730000257492065,7.769999980926514,0.625,7.769999980926514,0.2240000069141388,7.769999980926514,4777532.5,4181258.0,2499391.629955947,18740170.98742962,1,False,197,197,140241605.5727005,44,0.104348449903018,0.6007143088749477,0.1225947545272246,-0.319573120950057,0.1498218891380298,11.401065161779774,9.145042608601178,5.070000171661377,4.614999771118164,2485200.0,False,True,False,0.0510204071702683,0.3959183713189267,0.4793877411007834,0.8258833870257257,0.7609097549110818,-0.0391779883163713,0.6306306444524783,True,False,-0.2553191258081955,0.7237237005893954,0.4369501384261032,1.407357522728763,4.21831740215666,4.600372968654796,0.0,0.0,1.911478154419604,93.0,4.0,4.0,94.0,94.0,99.0,99.0,36.0,96.0,99.0,99.0,7.6923076923076925,BW
2025-12-19,12.960126876831056,13.09779074712779,12.743796732095747,12.891294003917904,1719300.0,-0.0090224843468876,13.043556264264549,12.631155601487484,11.984281616210938,11.820788606007891,11.83757043838501,12.990908012390136,13.873896017074586,9.380848955509938,13.628781367862606,9.380848955509938,14.169605688087424,9.380848955509938,15.800208684056074,9.380848955509938,15.800208684056074,9.380848955509938,17.070896672138137,9.380848955509938,19.137122757113925,1336350.0,1230760.0,994358.1497797356,16304873.289251328,-1,False,46,46,30557957.73124695,254,0.0612531883338827,0.7873560644888341,0.0607521879972022,1.5609309259243196,-0.1498650671741949,-7.4871350103204435,-9.496390408742794,13.628781367862606,12.960126048853486,965900.0,False,True,True,0.0273140856101402,0.2101667973651229,0.3194232865991013,0.6579570312570762,1.1500861256459425,0.0948299690624012,0.6772244208975109,True,False,0.3573636676176095,1.31916407500052,-0.0763839718441997,0.9045950381839034,0.0548877546442165,0.9299697081332342,0.0,0.0,1.3439322645427307,80.0,96.0,96.0,37.0,37.0,50.0,50.0,90.0,85.0,79.0,73.0,57.692307692307686,CAL
2025-12-19,12.199999809265137,12.350000381469728,11.850000381469728,11.859999656677246,6931600.0,0.0260722840194427,11.715340924154066,11.490457966875145,11.443600006103516,11.292333380381269,10.523200073242188,9.93400005340576,8.614700016975403,9.239999771118164,13.0,8.390000343322754,13.0,8.390000343322754,13.0,8.0,13.0,5.869999885559082,13.0,5.420000076293945,13.0,3257977.5,2943326.0,2825937.004405286,38482821.30633354,1,False,35,35,97653426.96647644,35,0.0495006840924099,0.452857426234654,0.0371194617471007,4.292711474868631,0.6845409790889738,-2.3960426410881874,-5.021855131048547,12.0600004196167,11.600000381469728,3985400.0,False,False,False,0.0409836071981149,0.1131147652472006,0.2721311267810747,0.4156627232804561,1.000990036441767,0.1593431393827267,0.938461523789626,False,False,0.3034188308502648,1.2667373802296564,0.3232103531377279,1.295960099687712,0.4506539869937418,1.2788699640767782,0.0,0.0,1.1528839796928296,65.0,94.0,94.0,92.0,92.0,84.0,84.0,87.0,88.0,83.0,81.0,84.61538461538461,CALY
2025-12-19,27.809999465942383,29.440000534057617,26.11000061035156,26.209999084472656,1932800.0,0.0618556280584305,25.316749173584007,21.210619710242888,16.788399868011474,14.96799987157186,11.5321999168396,9.30199995994568,9.849149956703188,4.300000190734863,40.369998931884766,4.300000190734863,40.369998931884766,4.300000190734863,40.369998931884766,4.300000190734863,40.369998931884766,4.300000190734863,40.369998931884766,4.300000190734863,40.369998931884766,3738382.5,3191990.0,2250073.127753304,139959461.43236637,1,False,16,16,1706494583.8523865,16,0.1621457736749625,4.657142809459141,0.1674628874107864,8.428784659465501,0.3478525349479039,-2.667132679724199,-5.694956940683218,26.989999771118164,26.040000915527344,909800.0,False,False,False,0.1197410998797087,0.2103560048116488,1.2970154417055333,0.1621846572119739,0.6189649716947735,1.4115086164378354,0.6888778846109326,False,False,3.8197572890592646,4.6841173206796345,3.5665022609440777,4.472459508258749,2.6210937613990004,3.192289884478816,0.0,0.0,1.661449334196872,90.0,99.0,99.0,99.0,99.0,98.0,98.0,99.0,99.0,99.0,99.0,88.46153846153845,CAPR
2025-12-19,56.90999984741211,57.27000045776367,54.70000076293945,56.0099983215332,4725600.0,0.0155246059541678,53.87569286791955,52.92802969095245,50.87199996948242,50.54333330790202,54.21360008239746,61.566000099182126,73.50059999465942,43.40999984741211,57.27000045776367,43.40999984741211,66.8499984741211,43.40999984741211,70.51699829101562,43.40999984741211,93.69000244140624,43.40999984741211,94.8000030517578,43.40999984741211,144.49000549316406,4576537.5,4203276.0,4085526.4317180617,210987555.1704979,1,False,128,128,1076327200.0,129,0.0484527606086058,2.275642667497908,0.039986692560172,1.2438286305892394,0.3823091139529996,-15.754721969928596,-17.817206891047427,57.15999984741211,54.38999938964844,5118500.0,False,False,False,0.0451590177774545,0.1064839463985095,0.2354595248955751,0.4522388569574092,0.8048817160709885,0.0497365930489117,0.3938680717269719,False,False,0.251594420927796,1.2163714382136803,-0.1315427909729812,0.8505721622539478,-0.2437209322603042,0.6667217633314626,0.0,0.0,1.1201830600017575,62.0,92.0,92.0,29.0,29.0,17.0,17.0,86.0,80.0,74.0,67.0,100.0,CAVA
2025-12-19,21.73446083068848,22.48289265387989,21.644648859636664,22.48289265387989,3379500.0,-0.0324300310595686,22.14006944509547,22.283193204197705,20.11476066589356,20.13118902842204,28.75152168273926,33.38428148269654,42.22104989051819,15.907531750546836,25.91569939052752,15.907531750546836,45.539795309128245,15.907531750546836,45.539795309128245,15.907531750546836,52.72448593717518,15.907531750546836,52.72448593717518,15.907531750546836,78.58240203754401,1852432.5,1686532.0,1091091.6299559472,33265465.574245453,-1,False,43,43,153642667.603302,130,0.065263090473248,1.4348507225507348,0.0660173138744147,-3.6968902538084074,-0.5076999661923508,-16.081520893769188,-18.423926874414548,23.06168034600872,21.894126600804107,1405200.0,False,False,True,0.0385674989029241,0.2837464931715737,0.4462809996413876,0.6358023160286463,1.015296478216838,-0.2440587642449344,0.2765817825256154,True,False,0.284225410970452,1.2480841109652083,-0.4567476917138926,0.5320645458468258,-0.5451950540400115,0.4009477036678774,0.0,0.0,1.697779039946253,90.0,93.0,93.0,7.0,7.0,6.0,6.0,89.0,84.0,78.0,72.0,73.07692307692307,CCOI
2025-12-19,18.229528427124023,18.519204039918417,17.160728983079522,17.200683123169966,34383900.0,0.0660045687234176,17.001014958106186,16.59258132593758,15.969267082214357,15.821899223327636,16.923795223236084,15.71085735321045,11.59018470287323,13.534801031417633,18.519204039918417,13.534801031417633,23.59350622217566,11.217402731680815,23.59350622217566,8.56038701767104,23.59350622217566,7.311789419424283,23.59350622217566,4.574862546156672,23.59350622217566,18197792.5,17716890.0,17202135.24229075,292042529.1903877,1,False,309,309,827569323.9028931,91,0.0611033762546879,1.046681680824856,0.0574168270457002,1.3437469680714489,1.078389728801086,14.90009202003932,10.801344847645892,17.690134108396123,16.891032215577646,16658500.0,False,False,False,0.0745205813891267,0.1808219328085794,0.27342468174242,0.661322641600157,1.1178231619657852,0.0771536872589424,0.7726502477190099,False,False,0.2414965807454379,1.2065577763915367,0.0212645848413177,1.0002326161067483,1.0143485766235174,1.7758127816290492,0.0,0.0,1.0578798645450402,55.0,91.0,91.0,62.0,62.0,94.0,94.0,88.0,83.0,89.0,93.0,100.0,CDE
2025-12-19,101.16000366210938,105.13999938964844,99.48999786376952,99.48999786376952,3201700.0,0.0201694224096145,100.86664438479134,98.54654001361608,99.51980072021485,96.31766713460289,84.2086003112793,67.52690017700195,39.82457506179809,72.05000305175781,112.63999938964844,44.41999816894531,112.63999938964844,44.41999816894531,112.63999938964844,12.489999771118164,112.63999938964844,10.260000228881836,112.63999938964844,7.574999809265137,112.63999938964844,954737.5,1168640.0,792326.4317180617,100526364.44759367,1,False,144,144,1016757897.302246,144,0.0524640302961729,5.259999411446708,0.0519968289939564,3.8714383691651655,0.3802281794267199,5.523310009179246,10.630149706589402,101.66999816894533,97.2699966430664,779700.0,False,False,True,0.0558521285225613,0.1519375463638801,0.2030446833922054,0.7482961081546486,0.9639923329682366,0.2013025188421227,0.8980824237416138,False,False,0.073543458116261,1.043331272734314,0.9272242413283952,1.887534898733184,7.834934964824409,7.788716718382003,0.0,0.0,1.2049799953407714,70.0,63.0,63.0,98.0,98.0,99.0,99.0,91.0,98.0,96.0,99.0,73.07692307692307,CELC
2025-12-19,36.209999084472656,37.04999923706055,33.900001525878906,34.08000183105469,3882700.0,0.0709848451256667,32.539285068238094,31.39677806854989,30.12560005187988,30.166333389282222,30.33739997863769,27.455299968719483,22.76885000705719,25.399999618530277,37.04999923706055,25.399999618530277,37.04999923706055,20.90999984741211,37.04999923706055,18.0,37.04999923706055,15.130000114440918,37.04999923706055,13.050000190734863,37.04999923706055,2302117.5,2311276.0,1883107.488986784,58115012.24767685,1,False,38,38,168386363.2621765,37,0.0462277356718583,1.544285774230957,0.0426480478673408,4.538923260600576,1.5541150162940676,5.724927981156144,1.6196506274806406,33.869998931884766,31.709999084472656,1818600.0,False,False,False,0.0869924824862092,0.2140292790927825,0.3217343251335776,0.6652360732847573,0.8621947357217399,0.19357621648428,0.9773279306373736,False,False,0.2959913526248605,1.2595189297314202,0.3239487597596449,1.2966832995304884,1.1076832620057493,1.85809492941348,0.0,0.0,1.2225098744834084,72.0,94.0,94.0,92.0,92.0,94.0,94.0,92.0,87.0,91.0,91.0,100.0,CENX
2025-12-19,1.4800000190734863,1.850000023841858,1.4700000286102295,1.7899999618530271,64499400.0,-0.124260373394519,1.5293368648009822,1.4020256809353584,1.2660000038146972,1.252666672070821,1.2686000084877014,1.3259000051021577,1.289045003652573,0.9959999918937684,2.380000114440918,0.9959999918937684,2.380000114440918,0.9959999918937684,2.380000114440918,0.9959999918937684,2.380000114440918,0.9959999918937684,2.380000114440918,0.7699999809265137,2.900000095367432,37198950.0,34083228.0,18089511.01321586,84416570.20902872,-1,False,1,1,288114943.5791254,7,0.1370471789174592,0.2555000015667507,0.1726351339689167,0.9652751116219844,-0.8219179524823176,-1.3501350281741695,-5.700681521037256,2.380000114440918,1.5399999618530271,219840100.0,False,False,True,0.2567567502259338,0.8716216651604412,0.935135205885717,0.9320809008948404,2.538287453289342,0.1666403982117223,0.5103448173804179,False,False,0.4095238916998314,1.3698563805298207,0.1212120911087664,1.098121798940567,0.2436974352172674,1.0964208615969218,0.0,0.0,2.056382285448354,94.0,97.0,97.0,79.0,79.0,74.0,74.0,93.0,90.0,85.0,79.0,80.76923076923077,CGC
2025-12-19,9.68000030517578,10.140000343322754,9.609999656677246,10.130000114440918,1870200.0,-0.0300600451724392,10.567202445015097,10.49859753335218,10.592000007629396,10.128333377838135,9.260500020980835,8.097899990081787,8.088799998760223,6.73199987411499,13.329999923706056,5.679999828338623,13.329999923706056,5.679999828338623,13.329999923706056,5.679999828338623,13.329999923706056,5.679999828338623,13.329999923706056,5.679999828338623,13.329999923706056,1216105.0,1243866.0,669110.5726872247,18195968.73939991,-1,False,25,25,66336073.56567383,25,0.1103358423029403,0.9504286221095494,0.0981847719159023,0.461374605366655,-0.3156462569431837,-3.0746418745676536,-3.2588912752472465,10.09000015258789,9.600000381469728,1981200.0,False,False,False,0.0547521353240167,0.3739670170565828,0.4969007556095358,0.7525990106371379,1.179282977426829,0.0452999603957144,0.726181572436537,False,False,0.1455621921508201,1.1133232203102763,0.5414012709835867,1.5096575839705002,0.2770449079955905,1.1258193823306255,0.0,0.0,1.8174948201998704,92.0,81.0,81.0,95.0,95.0,76.0,76.0,92.0,94.0,90.0,86.0,26.923076923076923,CGEM
2025-12-19,25.770000457763672,25.989999771118164,25.19499969482422,25.34000015258789,3472400.0,0.016969230567738,24.944783238210565,23.71866639790923,22.396000213623047,22.042666880289712,20.56990020751953,23.163350048065187,25.47827070996277,17.489999771118164,27.88999938964844,16.170000076293945,27.88999938964844,16.170000076293945,30.459999084472656,16.170000076293945,38.66999816894531,16.170000076293945,44.93999862670898,16.170000076293945,44.93999862670898,4502390.0,4133874.0,3702206.015037594,95864034.99811172,1,False,190,190,264173887.98179623,42,0.0579741706163543,1.41978577205113,0.0550945186973558,4.588504247454233,0.3028628076435575,-10.4262169472886,-12.96195948234983,25.90999984741211,24.952999114990234,3005900.0,False,False,False,0.0308498277909202,0.1715172680550861,0.3967791343612736,0.4322739106006442,1.1156701921732497,0.252801433054264,0.573431269364746,True,False,0.3982637021729491,1.3589130807672514,0.0291533352853694,1.007958905269799,-0.1340725719230977,0.7633857479223835,0.0,0.0,1.2161370765733253,71.0,97.0,97.0,64.0,64.0,24.0,24.0,93.0,92.0,88.0,83.0,88.46153846153845,CHYM
2025-12-19,230.33999633789065,231.3500061035156,212.4199981689453,212.7400054931641,4528300.0,0.0931611646269838,214.92431269481511,209.0533126973688,203.3815997314453,203.4566665649414,193.24100006103515,155.03249938964845,114.092149810791,168.22000122070312,248.0,138.1199951171875,248.0,84.41000366210938,248.0,76.88999938964844,248.0,70.7699966430664,248.0,49.209999084472656,248.0,3348715.0,3160842.0,2536324.6696035243,794292410.3437042,1,False,25,25,2730978977.194214,25,0.0576061095586344,13.741428920200892,0.0596571552429969,3.218105986884533,1.4285260825506971,14.022440643703598,14.2222690273974,215.47000122070312,209.0,3057100.0,False,False,False,0.0821828958736349,0.2010072231825486,0.3463575585990107,0.58034599849822,1.2503661998923072,0.1919830484479885,0.9287903078140752,False,False,0.2201504281562245,1.1858123576751265,0.6534347884186107,1.6193838781150158,2.0532872333453884,2.691722057384969,0.0,0.0,1.3203021837592537,78.0,90.0,90.0,96.0,96.0,98.0,98.0,89.0,94.0,98.0,97.0,96.15384615384616,CIEN
2025-12-19,16.209999084472656,16.5,15.420000076293944,15.529999732971191,38280200.0,0.0699669632100765,16.416369205432307,17.054139711101396,16.973999786376954,17.18899981180827,18.27779983520508,13.763099937438964,8.777399961948396,13.09000015258789,22.1200008392334,11.010000228881836,25.520000457763672,4.909999847412109,25.520000457763672,4.550000190734863,25.520000457763672,3.0799999237060547,25.520000457763672,1.8600000143051147,25.520000457763672,44791335.0,46470944.0,31754455.94713656,650624715.9508419,1,False,85,85,3091943755.0935745,46,0.1059121291832856,1.7796428544180731,0.1097867338020253,-1.0304689421297186,0.5956248262458216,6.980021357436357,5.528456343105413,15.979999542236328,14.829999923706056,30724500.0,False,False,True,0.0666255388466105,0.4361505301747042,0.4978408482795267,0.8760842580153552,0.779662018486218,-0.11313181944085,0.6351880405057463,True,False,0.1087550760163889,1.0775519480512106,0.1611747163450827,1.137261432077679,3.59206776653053,4.048282769202057,0.0,0.0,1.4105527449302444,82.0,73.0,73.0,83.0,83.0,99.0,99.0,79.0,89.0,98.0,98.0,42.30769230769231,CIFR
2025-12-19,292.2900085449219,293.8699951171875,274.45001220703125,275.3500061035156,3770400.0,0.0788793520523272,301.0951970147185,308.78639002753295,312.84520263671874,314.9006683349609,308.8616015625,266.1020008850098,190.8858003616333,263.0799865722656,353.3800048828125,230.2400054931641,363.3999938964844,173.22999572753906,363.3999938964844,147.0,363.3999938964844,109.08999633789062,363.3999938964844,58.04999923706055,363.3999938964844,3281902.5,3196876.0,3930277.092511013,940078043.6499023,1,False,143,143,2942594600.0,143,0.0713742182106023,22.248567853655132,0.0761181265292404,-0.7048752298436737,0.960511043126612,0.2706116689410391,3.7968489782662624,291.8999938964844,266.0599975585937,3234700.0,False,False,True,0.0664408031147996,0.2989496812354539,0.3089398052300126,0.9676632022632344,0.965045250425728,-0.0536537819325682,0.8043203452231802,False,False,-0.0646121407179853,0.9090637163747134,0.1471800943794365,1.1235550159854202,1.1438317177341069,1.889962745373203,0.0,0.0,0.8350308191383083,26.0,17.0,17.0,82.0,82.0,95.0,95.0,51.0,75.0,90.0,91.0,15.384615384615383,CLS
2025-12-19,39.54999923706055,39.93999862670898,38.0,38.58000183105469,5343200.0,0.0435355579090146,39.365105846442944,37.76051086919826,38.368800201416015,36.967000071207686,28.45400005340576,20.59135001182556,13.75919998884201,13.93299961090088,43.72999954223633,13.300000190734863,43.72999954223633,11.40999984741211,43.72999954223633,7.175000190734863,43.72999954223633,4.550000190734863,43.72999954223633,3.7200000286102295,43.72999954223633,3820822.5,3569112.0,2328281.9383259914,114713308.6092186,1,False,165,165,756032330.6762695,39,0.0553584967474076,2.2583580017089844,0.0571013412205777,6.829309244443093,0.7306183120360126,8.850484755004118,7.729062683818319,40.040000915527344,37.22499847412109,2879900.0,True,False,True,0.0490517993459554,0.1644753778407077,0.2323640658404221,0.7078348248289924,0.8956177334866487,0.3899627174677911,0.9044134381675776,False,False,0.1319404920304594,1.1000848687410547,2.161470704512976,3.096363234813627,4.4476581253706,4.80255554636636,0.0,0.0,1.6410480350790886,89.0,78.0,78.0,99.0,99.0,99.0,99.0,99.0,99.0,99.0,99.0,61.53846153846154,COGT
2025-12-19,185.8300018310547,187.1199951171875,174.80999755859375,178.6999969482422,4441000.0,0.0575948706988969,178.92037827649375,172.44891455260304,166.02119995117187,164.2136662801107,148.77080017089844,126.03680007934572,101.20299987792968,130.4199981689453,200.19000244140625,104.77999877929688,200.19000244140625,84.3499984741211,200.19000244140625,84.3499984741211,200.19000244140625,73.66000366210938,200.19000244140625,45.58000183105469,200.19000244140625,5043490.0,4647132.0,4023089.427312776,858438759.8828888,1,False,127,127,1720981652.9693604,43,0.0681517664685165,12.69499751499721,0.0683151126831432,3.6463770251753727,0.7971640093062061,4.711572993644728,5.0104278043915365,179.5,170.61000061035156,4707800.0,False,False,False,0.0662433268971565,0.1618145995152955,0.3754507000214722,0.4309876090417232,1.0636108464317346,0.24910265736008,0.9282681430879416,False,False,0.3000559581439062,1.2634691471327633,0.6215532661897785,1.5881589253870554,1.304439524275458,2.031551643638075,0.0,0.0,1.2536360652984049,74.0,94.0,94.0,96.0,96.0,96.0,96.0,92.0,95.0,95.0,93.0,88.46153846153845,COHR
2025-12-19,7.53000020980835,7.650000095367432,7.210000038146973,7.230000019073486,4925700.0,0.048746572400784,8.141516722264441,8.592029686001874,8.32959997177124,8.58899998664856,11.468299989700318,8.95349999666214,5.576474999189377,6.909999847412109,11.65999984741211,6.050000190734863,32.150001525878906,4.690000057220459,32.150001525878906,2.799999952316284,32.150001525878906,1.2910000085830688,32.150001525878906,1.2300000190734863,32.150001525878906,8403842.5,15292298.0,7288099.118942731,54482245.3967905,1,False,74,74,2543095300.7349014,66,0.101365817118292,0.9696427413395472,0.128770612791819,-2.666815459047202,0.3609580792470082,3.2575438190421924,2.568228488346227,7.599999904632568,7.130000114440918,3151300.0,False,False,False,0.0584329408978406,0.484727691478135,0.5139441935895483,0.943152384099612,0.4014092584384636,-0.3434074608642045,0.2342146143833657,False,False,-0.064596269392019,0.9090791410420572,0.0897250906059627,1.0672832431404875,2.111570236534868,2.743103284654527,0.0,0.0,1.1530911370507166,65.0,17.0,17.0,76.0,76.0,98.0,98.0,43.0,72.0,88.0,96.0,23.07692307692308,CRML
2025-12-19,24.489999771118164,25.5,24.149999618530277,24.520000457763672,3385800.0,0.0320269803431363,23.90466294555482,24.109244769433616,24.998399963378905,25.756999969482425,22.367199974060057,17.214199991226195,13.768699979782104,20.270000457763672,34.59000015258789,12.579999923706056,34.59000015258789,9.40999984741211,34.59000015258789,9.40999984741211,34.59000015258789,9.40999984741211,34.59000015258789,6.570000171661377,34.59000015258789,6002030.0,5369242.0,2509482.81938326,91936408.45302582,1,False,36,36,407208233.9406967,36,0.0905660581635148,2.107142857142857,0.0860409504628855,1.1030424278365796,0.3606780747235831,4.658022011402005,1.9505285938702333,25.5,23.700000762939453,3919000.0,False,True,True,0.055124556720569,0.1719068649987347,0.3993466259983693,0.4304703077657572,0.5318143603883007,0.0949068188919481,0.7080080850848426,True,True,-0.0716451648891377,0.9022286190116918,0.9238020936186075,1.8841832268870515,1.4175715196889498,2.1312867370563318,0.0,0.0,2.39173982529001,95.0,16.0,16.0,98.0,98.0,96.0,96.0,75.0,97.0,97.0,96.0,46.15384615384615,CSIQ
2025-12-19,26.1299991607666,26.649999618530277,25.950000762939453,25.950000762939453,2866000.0,0.0096599694013512,25.68909616759433,24.71068491448285,23.59279983520508,23.251999855041504,22.14319999694824,21.618800010681152,20.50174997806549,19.040000915527344,27.5,19.040000915527344,27.5,19.040000915527344,27.5,19.040000915527344,27.5,17.969999313354492,27.5,14.454999923706056,27.5,2188842.5,2033726.0,1304694.2731277533,53765269.877319336,1,False,106,106,295729904.89234924,106,0.042583308839569,1.1495000294276647,0.0439915830978519,4.092742157224063,0.2174858578511518,-1.4036676988493015,-3.893729093723076,26.1200008392334,25.440000534057617,1539500.0,False,True,True,0.026789088330391,0.0945273399420204,0.323765761813536,0.2919621253727897,1.16989702644309,0.180046206707604,0.95018178766424,False,False,0.3032419029955744,1.2665654315652397,0.2215988736031502,1.1964412115269716,0.2204576995326328,1.0759331366076197,0.0,0.0,1.677666979217033,90.0,94.0,94.0,88.0,88.0,72.0,72.0,89.0,84.0,79.0,73.0,84.61538461538461,CTRI
2025-12-19,90.04399871826172,94.97799682617188,90.01599884033203,92.9980010986328,173255000.0,-0.0333233544337233,88.90615862686477,83.91020302387203,78.73784027099609,76.28073361714681,72.51156021118165,72.87126007080079,63.86320014953613,57.005001068115234,97.06600189208984,57.005001068115234,97.06600189208984,57.005001068115234,97.06600189208984,57.005001068115234,97.06600189208984,56.73400115966797,97.06600189208984,29.649999618530277,97.06600189208984,23802787.5,22157730.0,19541255.50660793,2510674595.2804565,-1,True,0,0,6285383437.099457,11,0.0481086331765212,4.366856166294643,0.0484969151576451,4.985640505778056,-0.7108097423057109,-0.1451120643856747,-3.297286087694273,93.5739974975586,89.6719970703125,22847500.0,False,False,True,0.0551063708461617,0.1354893691006466,0.3927635559567597,0.3449642082259868,1.9193956240102208,0.2417881846152372,0.9276574388874632,False,False,0.3653374205449713,1.3269134266707086,0.1518997163547792,1.128177441853801,0.4065858589951618,1.2400203102132357,0.0,0.0,1.2180787202721453,71.0,96.0,96.0,82.0,82.0,83.0,83.0,95.0,92.0,87.0,83.0,73.07692307692307,CVNA
2025-12-19,13.172807693481444,13.342586191141734,13.003030148252453,13.212755519258495,4402400.0,0.0030417981465422,13.275994283258989,12.611193004562503,11.5157710647583,11.333542251586914,11.71491117477417,11.558774194717408,10.648399560451509,8.928346968393031,15.5297323661045,8.928346968393031,15.5297323661045,8.928346968393031,15.5297323661045,8.928346968393031,15.5297323661045,8.928346968393031,15.5297323661045,6.3899920647331125,15.5297323661045,5207785.0,5246648.0,3173535.682819383,91025377.52123356,1,False,14,14,789771158.457756,14,0.0733949266620279,1.0768087745876194,0.0817448185416445,1.522395406102885,0.0370980537198199,-0.8249493397164427,-3.4959075519265603,13.521353108285975,12.993043266347424,2478500.0,True,True,True,0.0257770439522405,0.1925701155580032,0.5011373088653044,0.3842661724668403,1.063145459729717,0.1244479362205135,0.8482314687040373,True,False,0.424405996066064,1.384319665431795,0.0715249034477221,1.049457871454121,0.2954952930438042,1.1420849035888754,0.0,0.0,1.6410040788869846,89.0,97.0,97.0,73.0,73.0,77.0,77.0,93.0,89.0,84.0,79.0,61.53846153846154,DBRG
2025-12-19,16.09000015258789,17.09000015258789,14.880000114440918,15.380000114440918,69464300.0,0.0827725790261342,12.40890857354162,12.031693366686683,11.290799980163577,11.54566666285197,13.148500003814696,15.18999997138977,18.044199967384337,10.18000030517578,17.09000015258789,10.18000030517578,17.969999313354492,10.18000030517578,18.96999931335449,10.18000030517578,20.920000076293945,10.18000030517578,27.0,10.18000030517578,34.0,9211372.5,8481514.0,7141435.682819383,168302582.21740723,1,False,1,1,1494074889.481163,1,0.0538593510547351,0.8730714661734444,0.0542617438094319,4.122863128763213,1.4088199460939577,-12.290017546568755,-19.39916749897986,15.199999809265137,12.710000038146973,100543400.0,False,False,False,0.1373523938588353,0.4182722456238262,0.4294592779292619,0.9739508892219616,2.320761364067783,0.2237137428543023,0.4732352986055262,False,False,0.563654053667304,1.519648936049128,-0.0857954656905376,0.8953773650645934,-0.100614829428226,0.7928814804169243,0.0,0.0,1.289848835600438,76.0,98.0,98.0,36.0,36.0,27.0,27.0,95.0,92.0,87.0,83.0,100.0,DJT
2025-12-19,32.970001220703125,33.5,32.529998779296875,32.540000915527344,522500.0,0.0216919973042963,32.535038365606056,32.280814402722825,32.105600128173826,32.377000109354654,30.723400077819825,28.01139995574951,22.18954998970032,26.96999931335449,36.59000015258789,23.34000015258789,36.59000015258789,20.729999542236328,36.59000015258789,17.020000457763672,36.59000015258789,12.829999923706056,36.59000015258789,12.40999984741211,36.59000015258789,1123802.5,1112370.0,1082404.845814978,22189494.316282272,1,False,150,150,120702361.87171936,150,0.052247175810131,1.659285272870745,0.0503271219725893,1.4529631633583102,0.4218688458123751,-0.3263536800765534,-0.6373471648786885,33.849998474121094,32.13999938964844,464400.0,True,False,True,0.0294207214070111,0.116166205092557,0.240218373765806,0.4835858442943664,0.5604430180605374,0.0731234543440129,0.9010658945944624,False,False,0.0547025265291387,1.025020571864519,0.23575715305772,1.210307914738476,1.34829069161562,2.0702100289621006,0.0,0.0,1.038245998569835,52.0,57.0,57.0,88.0,88.0,96.0,96.0,77.0,87.0,88.0,90.0,73.07692307692307,DQ
2025-12-19,0.9700000286102296,1.2000000476837158,0.8999999761581421,1.100000023841858,93905300.0,-0.0934579616259745,1.330823399612954,1.523060342374359,1.7080000162124631,1.6876666824022928,1.904000015258789,1.290800004899502,1.0350000028312207,0.8999999761581421,2.75,0.8999999761581421,4.099999904632568,0.25,4.099999904632568,0.25,4.099999904632568,0.25,4.099999904632568,0.25,4.099999904632568,49573150.0,50499456.0,24819101.321585905,67085106.67826533,-1,False,87,87,676715073.0962753,56,0.1533751287057154,0.1757142884390694,0.1811487456251157,-2.707974630743451,-0.5691058179172142,-3.591300896221398,-3.6530672815646734,1.3899999856948853,1.0399999618530271,52429200.0,False,False,False,0.3092784151309766,0.855670122097346,1.90721646317109,0.4486486660641764,0.6722567466865386,-0.4905462075438122,0.2365853783348218,False,False,-0.3937499911524357,0.5891886244046385,1.3658537489541018,2.3171312505759776,0.4696969546452922,1.29565789529594,0.0,0.0,1.997378928337134,93.0,2.0,2.0,99.0,99.0,85.0,85.0,39.0,32.0,99.0,98.0,0.0,DVLT
2025-12-19,31.229999542236328,31.5,29.18199920654297,31.459999084472656,2001300.0,0.026289820211552,30.74548376387543,28.88232115952841,26.358399963378908,25.980333264668783,25.80680000305176,26.67940008163452,31.866650018692017,19.711000442504883,40.97999954223633,19.711000442504883,40.97999954223633,19.711000442504883,40.97999954223633,19.711000442504883,40.97999954223633,19.711000442504883,50.5,19.711000442504883,60.88999938964844,1232812.5,1097764.0,700357.268722467,66681598.39040756,1,False,7,7,287630505.0628662,7,0.0838001744559218,3.5285708563668385,0.1129865804703166,1.859921278003456,0.2267204683213472,-4.1318973205844,-10.058326978222588,32.599998474121094,29.11000061035156,1893400.0,True,True,True,0.0742235295367872,0.454050608806393,0.6810438492311425,0.6666980537581961,3.24184433083978,0.2101461451455917,0.5128920981323833,True,False,0.4292905719453201,1.3890667771861849,0.1622626932201956,1.138327003108155,-0.2079634973237136,0.6982448625286749,0.0,0.0,1.7602623047645285,91.0,97.0,97.0,83.0,83.0,19.0,19.0,95.0,92.0,87.0,83.0,80.76923076923077,DXYZ
2025-12-19,35.391822814941406,35.72054127074105,34.46543927569395,34.47540251367318,4615200.0,0.0265819634791362,33.7797176798933,32.31700375881291,31.09380157470703,30.56267522176107,29.01173069000244,27.26176290512085,23.103248744010926,25.918805421613705,35.85999246525747,24.3449526786038,35.85999246525747,21.755063622392665,35.85999246525747,19.543696462627068,35.85999246525747,18.079412952989564,35.85999246525747,13.238314017980432,35.85999246525747,1798477.5,1959856.0,2019332.1585903084,61354833.95896912,1,False,316,316,175691291.99123383,91,0.0404348686790634,1.334077122475233,0.0376945016212056,5.834119315043535,0.6869346473066703,10.544927452472924,6.720821400443242,35.013299817802704,33.798043298194465,1357100.0,False,False,False,0.0354630503664601,0.1463551952446262,0.2648465507102981,0.5526037430055738,1.2093796687103542,0.2199142199792159,0.9869445134220358,False,False,0.2519381063603461,1.2167054514825906,0.2466667777472007,1.2209928661270502,0.6910996458311822,1.4908424494777242,0.0,0.0,0.8906298512353279,32.0,92.0,92.0,89.0,89.0,90.0,90.0,89.0,88.0,89.0,88.0,100.0,EGO
2025-12-19,13.06999969482422,13.289999961853027,12.449999809265137,12.449999809265137,15529400.0,0.0617383630626378,13.60164048809924,13.980192260608872,13.825,14.46900005340576,14.84920000076294,11.599999990463257,8.24467498898506,11.579999923706056,19.86000061035156,9.829999923706056,19.86000061035156,5.769999980926514,19.86000061035156,4.449999809265137,19.86000061035156,3.690000057220459,19.86000061035156,3.069999933242798,19.86000061035156,22464662.5,23806620.0,14695048.898678416,241072752.782526,1,False,203,203,820825581.5803528,59,0.0974212599093791,1.385857241494315,0.1060334563009302,-1.130001109317709,0.5483965104429099,5.083689019809599,5.175901592153164,13.15999984741211,12.220000267028809,13986100.0,False,False,True,0.0642693322265749,0.3278500342359602,0.3756694691704157,0.8727087536816491,0.6709797526906381,-0.1198179232448419,0.6581067116388599,True,False,0.0226917032795277,0.9939106128686408,0.2763671862267074,1.2500816230602123,2.1193316268101747,2.7499455840529783,0.0,0.0,1.5287232220112137,86.0,45.0,45.0,90.0,90.0,98.0,98.0,56.0,82.0,96.0,97.0,15.384615384615383,EOSE
2025-12-19,14.069809913635254,14.279360306447094,13.770452073670866,13.820345205603653,23458700.0,0.0247093386690699,13.945338312215323,13.6468875478072,13.487459144592286,13.316426118214926,12.520334339141844,10.83365355491638,8.650188720226287,11.314721069905245,15.067667869058146,10.218073315823936,15.067667869058146,7.064840270926369,15.067667869058146,5.647880685482907,15.067667869058146,5.597988281642086,15.067667869058146,5.57803076603335,15.067667869058146,10264885.0,11161950.0,13208816.299559472,127408498.55763912,1,False,91,91,732758561.71875,91,0.0453405860201163,0.6545954253682184,0.0465248236746852,2.6600149186450497,0.5182934159578453,14.97071953189726,12.34605568624382,14.16959487097137,13.630751153184493,10713900.0,False,False,True,0.036170228020141,0.1198581401110544,0.2358155776355475,0.5082706635110209,1.0375086790390569,0.123756725061993,0.9337748904412726,True,False,0.1007025927112459,1.0697260816720622,0.2888483207489496,1.2623057205374617,1.303921679626026,2.0310951212873603,0.0,0.0,0.7771237609188603,21.0,71.0,71.0,91.0,91.0,96.0,96.0,80.0,85.0,94.0,95.0,84.61538461538461,EQX
2025-12-19,26.190000534057617,26.8700008392334,25.59000015258789,25.690000534057617,1214100.0,0.0258519322233057,25.258790325157605,24.621219991631506,24.10959999084473,23.78600006103516,22.879000091552733,19.581100034713742,16.646249995231628,20.61000061035156,26.8700008392334,18.018999099731445,26.8700008392334,13.369999885559082,26.8700008392334,12.789999961853027,26.8700008392334,12.789999961853027,26.8700008392334,9.300000190734863,26.8700008392334,984935.0,1058036.0,734156.8281938327,28376284.804019928,1,False,65,65,50209168.35594177,18,0.0465858812076656,1.1435000555855888,0.0436617041721161,3.314526655544482,0.5771751773760274,12.672903342022048,7.209564456233329,25.8700008392334,24.6299991607666,1231000.0,False,False,False,0.048873641105161,0.1248568305109939,0.2390225315475384,0.5223642712785909,0.998094582793024,0.1447178823049768,0.9746929555661606,False,False,0.1926230248605012,1.159059644034644,0.508640530717541,1.4775715198610784,0.6575949504997767,1.4613053242231524,0.0,0.0,1.3415866503933906,79.0,87.0,87.0,95.0,95.0,89.0,89.0,83.0,88.0,94.0,92.0,100.0,ERO
2025-12-19,3.930000066757202,4.039999961853027,3.7799999713897705,3.7799999713897705,12480700.0,0.0342105568611064,3.792304495477059,3.664415780325545,3.568000011444092,3.4610000133514403,3.1856000089645384,2.7713000059127806,1.962500003874302,2.490000009536743,4.130000114440918,2.299999952316284,4.130000114440918,1.8600000143051147,4.130000114440918,1.0,4.130000114440918,0.7599999904632568,4.130000114440918,0.6899999976158142,4.130000114440918,6472575.0,6282938.0,5547736.563876652,25296831.92920208,1,False,148,148,70765345.09735107,24,0.0650416373321989,0.2128571442195347,0.0541621222910491,4.314390796553104,0.6107387887664206,7.406833699603652,6.216110908340317,3.819999933242798,3.680000066757202,4136100.0,False,False,False,0.066157757263804,0.1272264609431851,0.3002544648124819,0.4237287895873318,0.9464314306459812,0.233676561934286,0.9515738396751134,False,False,0.4086021937244126,1.368960621429898,0.5657370843383405,1.5334922244918818,2.778846356643029,3.3313616808007187,0.0,0.0,1.1667055429677953,67.0,97.0,97.0,96.0,96.0,98.0,98.0,95.0,94.0,95.0,98.0,88.46153846153845,ESPR
2025-12-19,25.549999237060547,25.63999938964844,21.48500061035156,21.850000381469727,3124700.0,0.2080378107749598,23.36194946161708,22.982158054989416,23.432399978637694,22.810666656494146,20.127900066375734,17.351100034713745,16.68692503929138,16.700000762939453,26.299999237060547,14.25,26.299999237060547,13.5,26.299999237060547,12.300000190734863,26.299999237060547,12.149999618530272,26.299999237060547,10.600000381469728,30.479999542236328,1461280.0,1292956.0,1213700.8810572687,39009650.48402786,1,False,261,261,87816709.95903015,4,0.0682426376093767,1.6753571374075753,0.065571709880032,4.108208533718645,2.626305472598381,2.449358024331433,0.2674167866621275,22.812000274658203,20.13999938964844,2598200.0,False,False,False,0.1626222662766269,0.215264194294855,0.2410958916381086,0.8928571649738947,1.69766024520556,0.269382258099671,0.8382545807343518,False,False,0.1436884092456376,1.111502170320626,0.6920528868605029,1.6572066737029032,0.8018334758240204,1.5884633642201147,0.0,0.0,1.2039869318765446,70.0,80.0,80.0,97.0,97.0,92.0,92.0,94.0,95.0,93.0,92.0,92.3076923076923,EWTX
2025-12-19,17.43000030517578,17.979999542236328,16.75,17.100000381469727,5276000.0,0.0216882093092702,16.63556925499703,15.86749363338956,15.36639991760254,14.728999932607016,13.678999938964845,13.016799964904784,10.266099982261656,10.279999732971191,19.11000061035156,9.649999618530272,19.11000061035156,9.649999618530272,19.11000061035156,9.399999618530272,19.11000061035156,5.460000038146973,19.11000061035156,3.910000085830689,19.11000061035156,1344235.0,1403620.0,967872.2466960351,20868695.741462708,1,False,65,65,91960681.61010742,0,0.0609596384476303,1.0864287785121374,0.0623309672685161,4.399353827968784,0.3405661250432946,2.1391642954615038,-0.97372462695649,17.43000030517578,16.520000457763672,1496600.0,False,False,False,0.070567958732111,0.1893287511736267,0.325874940087587,0.580985917857752,1.1297359684245023,0.2742159794537433,0.9120878989262956,False,False,0.2205882794893567,1.186237886781761,0.3046407749317847,1.2777729442094716,1.105072568513382,1.855793389885285,0.0,0.0,1.3888558170654552,82.0,90.0,90.0,91.0,91.0,94.0,94.0,97.0,95.0,92.0,89.0,92.3076923076923,EYPT
2025-12-19,8.34000015258789,9.93000030517578,7.949999809265137,9.84000015258789,8872700.0,-0.1348547867672351,8.40183264264799,8.056882624689166,7.475599994659424,7.470333321889242,7.927600002288818,7.005800001621246,6.0449499976634975,5.710000038146973,10.899999618530272,5.710000038146973,11.989999771118164,3.7799999713897705,11.989999771118164,3.7799999713897705,11.989999771118164,3.7799999713897705,11.989999771118164,3.5799999237060547,11.989999771118164,3201932.5,3447148.0,2211064.7577092517,23902695.80448389,-1,False,49,49,142157321.9704628,49,0.0970465752241227,0.9564285959516252,0.1146796856658146,0.4536183263366815,-1.3592234655441182,4.259149817279736,0.686854289751823,10.899999618530272,9.25,12939000.0,False,False,True,0.2374101270605196,0.3788968572658318,0.6223020965740451,0.608863218285411,1.059684701672223,0.0520208070765435,0.6955796757125474,False,False,0.2791411314395049,1.2431429157170273,-0.1312500186264508,0.8508589052336227,0.4183673452837806,1.250406652567639,0.0,0.0,1.4481405344804672,84.0,93.0,93.0,29.0,29.0,83.0,83.0,93.0,89.0,95.0,93.0,69.23076923076923,FCEL
2025-12-19,12.140000343322754,12.15999984741211,11.670000076293944,11.670000076293944,3275700.0,0.0349531813373165,11.620580960581556,11.065524286041242,10.682799987792968,10.450333340962729,9.363199996948245,8.110400013923645,6.523000011444092,8.0,12.204999923706056,6.53000020980835,12.204999923706056,6.494999885559082,12.204999923706056,5.599999904632568,12.204999923706056,4.25,12.204999923706056,3.565000057220459,12.204999923706056,2755965.0,2493590.0,2135762.55506608,31515063.99124145,1,False,175,175,62610238.44909668,18,0.0431668535733122,0.4629286357334682,0.0381325059836664,7.777231164542414,0.8856673997641492,7.0860512654738255,5.171574430894585,11.979999542236328,11.579999923706056,1840800.0,False,False,False,0.0403624182257683,0.0803130439782892,0.2537067410710673,0.3165585732536458,1.062628579678295,0.2965653139182711,0.9946743481532474,False,False,0.3025751867851023,1.2659174784086484,0.7671034273001007,1.7307116199414805,1.277673642982263,2.007955333315413,0.0,0.0,1.29038923051759,76.0,94.0,94.0,97.0,97.0,95.0,95.0,94.0,96.0,93.0,93.0,100.0,FIGS
2025-12-19,19.959999084472656,20.25,18.90999984741211,18.96500015258789,6804100.0,0.0336612965565688,20.87418517914048,20.63882623018914,19.8735998916626,19.853666591644288,19.33970003128052,14.20770001411438,9.933050009012222,14.579999923706056,25.850000381469727,10.46500015258789,25.850000381469727,6.602000236511231,25.850000381469727,6.602000236511231,25.850000381469727,4.402999877929688,25.850000381469727,3.4600000381469727,25.850000381469727,6993690.0,7581656.0,6084883.259911894,133585419.54337595,1,False,311,311,404963018.0873871,65,0.1138037170859771,2.383857045854841,0.1194317212022969,0.2685540420363082,0.2726671969112084,3.7421079767427017,2.330222834066261,20.82200050354004,19.0,4414400.0,False,False,True,0.0671342792610801,0.3692385359359406,0.5646293073495612,0.653948583840239,0.7471995564029811,0.0320738714762303,0.7721469551227067,False,False,0.187388442510797,1.153972375863188,0.8830187137884926,1.844239741813113,2.551601332904123,3.1310266333316386,0.0,0.0,1.1493548357904348,65.0,87.0,87.0,98.0,98.0,98.0,98.0,89.0,96.0,98.0,97.0,61.53846153846154,FLNC
2025-12-19,24.649999618530277,24.90999984741211,20.299999237060547,20.34000015258789,8173100.0,0.2282012951344076,20.90608806992553,20.53949856812357,19.4931999206543,19.505666542053223,22.14819995880127,31.73936837848864,0.0,16.0,24.90999984741211,16.0,37.65800094604492,16.0,51.25,16.0,73.80000305175781,16.0,73.80000305175781,0.0,0.0,2287182.5,2162686.0,0.0,49186358.17342758,1,False,134,134,201466911.88220975,0,0.0965056243235957,2.263214247567313,0.0918139668394142,1.2302839030960038,2.023670506947812,-15.964588498510588,-19.222278679157107,20.299999237060547,18.940000534057617,1882200.0,False,False,False,0.187018283232997,0.262068932431806,0.3614604456510477,0.7250279680250442,1.4271419891745727,0.1129572454819216,0.0,False,False,0.2693099650715556,1.2335884228442997,-0.5022213370221065,0.4875273868327273,0.0,0.0,0.0,0.0,0.0,0.0,93.0,93.0,6.0,6.0,0.0,0.0,94.0,91.0,86.0,81.0,100.0,FLY
2025-12-19,17.309999465942383,17.84000015258789,16.924999237060547,17.450000762939453,1540000.0,-0.0159181742021936,17.02781996743995,16.805728738858893,15.630599822998049,15.569833183288576,18.544899826049804,23.069249935150147,23.90237497329712,13.079999923706056,17.979999542236328,13.079999923706056,26.01499938964844,13.079999923706056,30.559999465942383,13.079999923706056,31.18000030517578,13.079999923706056,31.18000030517578,13.079999923706056,31.18000030517578,1068175.0,940842.0,676146.2555066079,16616778.447227478,-1,False,42,42,48779915.40851593,224,0.0437733084704163,0.6826428685869489,0.039436331002208,-1.6885383252498614,-0.4101715546008723,-16.59875270137118,-17.267968828684154,17.809999465942383,17.34000015258789,1152300.0,False,True,True,0.0528596732384433,0.1346042747309354,0.2807625538197935,0.4794238864821366,1.221788568112393,-0.0665897563044676,0.5551635438268093,False,False,0.2831727027158863,1.24706102854153,-0.3206436508270393,0.6653656540019761,-0.2957689373608239,0.6208371960880289,0.0,0.0,1.5797987362950956,88.0,93.0,93.0,13.0,13.0,14.0,14.0,87.0,81.0,75.0,68.0,88.46153846153845,FOXF
2025-12-19,17.739999771118164,18.049999237060547,16.610000610351562,16.610000610351562,3204500.0,0.0680312534162324,15.863139404108168,14.643659810427636,13.525199966430664,13.13033332824707,11.995500011444092,10.439950008392334,8.242300000190735,9.600000381469728,18.049999237060547,8.305000305175781,18.049999237060547,7.400000095367432,18.049999237060547,4.355000019073486,18.049999237060547,3.9700000286102295,18.049999237060547,3.9700000286102295,18.1200008392334,1457115.0,1346658.0,2130788.5462555066,23107346.15234852,1,False,175,175,80604081.45656586,261,0.0804460512760618,1.1595711708068848,0.0653647793555634,7.326390458772943,0.974497460108718,6.6986040468867145,3.5931529960630293,17.3799991607666,16.200000762939453,2004400.0,False,False,False,0.0811724151796998,0.2271701708732807,0.4611048171950384,0.4926649265023665,1.2191514103803638,0.4788878958103986,0.979028639596282,False,False,0.7669322548327968,1.7172063825946848,0.8402488733733251,1.8023507054126409,2.478431392715144,3.066521355284666,0.0,0.0,0.683838385822295,16.0,99.0,99.0,97.0,97.0,98.0,98.0,98.0,97.0,97.0,98.0,100.0,FTRE
2025-12-19,12.279999732971191,12.84000015258789,11.989999771118164,12.210000038146973,1536300.0,0.0098684117652041,12.207483697122296,11.616103300990568,11.283999938964843,10.75666659673055,10.048999948501589,8.730399971008302,7.074399991035461,7.269999980926514,15.739999771118164,7.269999980926514,15.739999771118164,6.349999904632568,15.739999771118164,6.275000095367432,15.739999771118164,5.90399980545044,15.739999771118164,2.315000057220459,15.739999771118164,1751437.5,1480274.0,767111.4537444934,32384096.894803047,1,False,11,11,321088113.3424759,11,0.09614187774334,1.5075714928763253,0.1227664108842421,1.8084109375050397,0.0795981392100562,1.4981084876207902,-1.15547050652683,12.460000038146973,11.979999542236328,1033800.0,False,True,True,0.0692182736118078,0.3061889503781031,0.5789902126453024,0.5288326878258973,2.967565464231622,0.2220121202013012,0.7801778851041765,False,False,0.0668983048460076,1.0368731306194774,0.6483221540085493,1.6143765335276503,0.7126917158023967,1.509877622576207,0.0,0.0,2.2831591047829174,95.0,61.0,61.0,96.0,96.0,90.0,90.0,96.0,94.0,93.0,91.0,69.23076923076923,FULC
2025-12-19,52.4925537109375,53.742608070073466,52.01772926841218,52.53131594608208,1415000.0,0.0050093412075062,49.68696570646324,49.17285455181152,48.88869812011719,49.61837336222331,46.6048193359375,41.66477752685547,47.21783493041992,43.35642767101761,55.563112125166086,25.1290447379748,60.42452151186138,24.8482136326014,60.42452151186138,24.8482136326014,60.42452151186138,24.8482136326014,62.126403482804015,24.8482136326014,67.49652279074421,2273380.0,2531486.0,1902522.026431718,71622183.6309433,1,False,53,53,692747879.1332245,53,0.0476905279378561,2.19486045864158,0.0418127963582814,3.021399594095752,0.1192068748719545,-8.004057202283409,-9.85925776286314,52.4247150129378,49.06217101596321,1393300.0,False,True,False,0.032859494913502,0.1402991453719533,0.1978600709016707,0.7090826599454567,0.5554405594184602,0.1263331659449198,0.7777075253739708,False,False,0.0925961303161861,1.0618477553089625,0.7075665806757918,1.672400877810898,0.0931774204965045,0.963725175689288,0.0,0.0,1.1949296609531748,69.0,69.0,69.0,97.0,97.0,57.0,57.0,76.0,97.0,95.0,92.0,88.46153846153845,GGAL
2025-12-19,99.73999786376952,100.06999969482422,96.51000213623048,96.6500015258789,3451700.0,0.0271884596409344,100.62345157219868,100.55229713061163,102.55919982910156,101.60999959309896,91.3531997680664,74.89729984283447,60.003899898529056,90.44000244140624,112.43000030517578,59.02999877929688,112.43000030517578,53.400001525878906,112.43000030517578,40.34999847412109,112.43000030517578,36.36000061035156,112.43000030517578,34.880001068115234,112.43000030517578,2909635.0,2747746.0,2444870.484581498,225586831.445961,1,False,50,50,1025325954.6325684,50,0.0439977900756709,4.217856815883091,0.0422885192121627,2.1709506249691746,0.6259101493694735,7.7893637568137315,5.940585660276153,99.81999969482422,96.27999877929688,3042100.0,False,False,True,0.0356927775700997,0.0989573186081579,0.1619210133525116,0.6111456231608555,0.7918890610704191,0.0918062872126657,0.8871297482259096,False,False,0.0019085364760154,0.9737123361164296,0.6684509852869331,1.634090830750517,1.0543769192818688,1.81110103478694,0.0,0.0,1.1900978061412764,69.0,35.0,35.0,97.0,97.0,94.0,94.0,48.0,94.0,93.0,95.0,26.923076923076923,GH
2025-12-19,15.539999961853027,16.25,15.324999809265137,15.770000457763672,4717000.0,-0.0183196439198171,16.495403041733834,16.08175664713662,15.93840000152588,15.587666670481363,13.8596000289917,9.729150009155273,7.325725001096726,11.899999618530272,19.170000076293945,6.53000020980835,19.170000076293945,4.300000190734863,19.170000076293945,4.119999885559082,19.170000076293945,3.839999914169312,19.170000076293945,3.5,19.170000076293945,1132982.5,1209532.0,864170.4845814978,19351158.16977024,-1,False,95,95,219739899.55687523,95,0.0748183253073531,1.3039284433637346,0.0839078794443092,1.4449712716531518,-0.2224048131850829,9.339548386915515,8.894044882093137,17.03499984741211,14.640000343322754,1477800.0,True,True,True,0.0595238219437269,0.2915057750380472,0.3796653560497656,0.7677966145529417,1.258437147590969,0.1212444752623629,0.8106416223268639,False,False,0.0990098716080574,1.0680809979545638,1.3797855225963485,2.330776112646032,2.3491380191834472,2.9525386871595765,0.0,0.0,1.311063638731752,78.0,70.0,70.0,99.0,99.0,98.0,98.0,86.0,98.0,99.0,98.0,34.61538461538461,GLUE
2025-12-19,64.94000244140625,69.30000305175781,64.30000305175781,66.02999877929688,1818300.0,0.0398719239078773,60.12068842846856,53.31202296410447,46.92720024108887,44.85683358510335,38.796500053405765,30.12980003356933,25.63340003967285,30.940000534057617,94.9000015258789,24.559999465942383,94.9000015258789,18.263999938964844,94.9000015258789,15.800000190734863,94.9000015258789,15.800000190734863,94.9000015258789,13.220000267028809,94.9000015258789,1806097.5,1618830.0,1083564.3171806168,147515581.91085815,1,False,11,11,1366009665.5273438,11,0.1203180611967422,8.183715002877372,0.1260196288144789,5.347281212506835,0.3042630000667568,9.809959662390396,5.577583544319044,62.95000076293945,59.58000183105469,911900.0,False,True,False,0.0769941455501387,0.7724052658093173,0.9849091251502616,0.7842401355469989,2.3778531408486376,0.6738623935667483,0.6842992771048305,False,False,0.7786909182930677,1.7286341279932604,1.656032736810392,2.601334279321759,1.938461598211408,2.590493882233977,0.0,0.0,1.6668115324241948,90.0,99.0,99.0,99.0,99.0,98.0,98.0,99.0,99.0,99.0,98.0,76.92307692307693,GPCR
2025-12-19,91.08999633789062,94.83999633789062,87.55500030517578,88.34500122070312,2417000.0,0.0314215458276807,91.73490913158244,92.8040144582349,95.0706005859375,93.08783365885417,88.8127001953125,65.04570013046265,50.452925052642826,74.0,115.76000213623048,48.00600051879883,115.76000213623048,29.950000762939453,115.76000213623048,29.950000762939453,115.76000213623048,29.950000762939453,115.76000213623048,20.440000534057617,115.76000213623048,1091247.5,1141444.0,1261946.6960352424,108476022.42843628,1,False,175,175,325847054.586792,60,0.0732875108478401,5.839285169328962,0.0641045713479735,0.3999958042027988,0.4752283568989098,8.809933950279218,5.919606454465955,91.1780014038086,87.5199966430664,645300.0,False,False,True,0.0799758077241738,0.2059501909149478,0.3435064460806402,0.5995526234363582,0.847067398838664,0.0256415595694083,0.7868866159028979,False,False,0.0354665803557272,1.0063259731022387,1.0478866293916085,2.00571236015657,1.1149291150061709,1.864482740600321,0.0,0.0,0.8647334340098979,28.0,50.0,50.0,98.0,98.0,94.0,94.0,78.0,96.0,98.0,97.0,42.30769230769231,GRAL
2025-12-19,62.25,62.7400016784668,59.0,59.220001220703125,1235100.0,0.0615620847190667,63.98654113006507,63.30270407748294,63.39440032958984,62.680000178019206,55.84960021972656,43.836200122833255,32.76165005683899,47.25,74.87999725341797,33.900001525878906,74.87999725341797,24.3700008392334,74.87999725341797,22.350000381469727,74.87999725341797,17.760000228881836,74.87999725341797,17.239999771118164,74.87999725341797,1175915.0,1150804.0,911567.8414096916,53684459.930496216,1,False,50,50,284083625.17089844,50,0.0638662237126275,4.523570741925921,0.0726678030831473,1.5770483278163183,0.7980422582746205,10.924387429815464,8.561003719526536,59.5099983215332,56.5,747600.0,False,False,True,0.0600803482484626,0.3061846997364458,0.3375100131973205,0.907187010056022,0.7887876649716199,0.114600637338363,0.8313301586981366,False,False,0.0467462371318916,1.017288192257234,0.7262894517277372,1.6907381692153838,1.616645548734319,2.306786751985094,0.0,0.0,1.2899917555028153,76.0,54.0,54.0,97.0,97.0,97.0,97.0,87.0,96.0,97.0,96.0,46.15384615384615,GSAT
2025-12-19,19.66159439086914,20.561209407790543,19.141816147658176,19.151812103089185,139790100.0,0.0336310122453382,18.55336004232823,17.486234805396,16.612301902770994,16.30979280471802,15.03386199951172,12.254998621940612,8.95053873538971,12.790705330109716,20.561209407790543,11.471663543413634,20.561209407790543,7.390779743864485,20.561209407790543,5.473172077846636,20.561209407790543,4.810158652096126,20.561209407790543,4.450893518139236,20.561209407790543,21224947.5,20804292.0,22480810.572687224,451340239.4222593,1,False,91,91,2748496246.0590363,0,0.0634341459197562,1.168072037122784,0.0594088156790192,5.1813959680823904,0.5476757521060892,19.370176214857445,15.38974706620552,19.95147069298319,18.98188583525336,18615300.0,False,False,False,0.0721911576403761,0.2404676794224167,0.3952123069576422,0.6084519008872602,1.5450725263806142,0.3078205980278203,0.956246979490392,False,False,0.3944636144588744,1.355219936981359,0.7520822078299427,1.7159997481398317,2.382495046438054,2.9819456309444354,0.0,0.0,0.9441362192601268,39.0,96.0,96.0,97.0,97.0,98.0,98.0,94.0,94.0,97.0,98.0,96.15384615384616,HL
2025-12-19,13.989999771118164,14.1899995803833,13.739999771118164,14.149999618530272,2402500.0,-0.0154820736409722,13.823221367816243,12.946561848527404,12.32519989013672,11.802999941507975,10.451199960708616,9.845799956321716,8.953849985599518,8.5,15.170000076293944,7.559999942779541,15.170000076293944,7.559999942779541,15.170000076293944,7.559999942779541,15.170000076293944,6.630000114440918,15.170000076293944,5.039999961853027,15.170000076293944,2216840.0,2010910.0,2057974.0088105728,35170110.643167496,-1,False,302,302,191708486.9422913,302,0.0573929660178291,0.6264285360063825,0.044776879646533,7.561988498838499,-0.3511977095286206,0.1935913019620816,-2.8075662126698884,14.5,14.0600004196167,1416200.0,False,True,True,0.0321658196302579,0.2544675109263538,0.3852752274128131,0.660482410548805,1.3592055338130498,0.3386022489009583,0.9222148780987972,False,False,0.5173535104057554,1.4746514053351638,0.5356751150768797,1.50404935277575,0.712362257096119,1.5095871778198149,0.0,0.0,1.077195334104946,57.0,98.0,98.0,95.0,95.0,90.0,90.0,96.0,96.0,92.0,89.0,76.92307692307693,HLF
2025-12-19,23.559999465942383,23.84000015258789,22.5,22.520000457763672,2925200.0,0.0713960759966114,21.332456506346333,20.74007358419585,19.487199821472167,19.780666573842367,21.077199993133544,23.527099981307984,21.121149997711186,14.6899995803833,24.25,14.6899995803833,29.242000579833984,14.6899995803833,30.850000381469727,14.6899995803833,30.850000381469727,14.6899995803833,30.850000381469727,10.40999984741211,30.850000381469727,2704335.0,2714848.0,3876064.317180617,42892363.24011803,1,False,283,283,645765397.9539871,283,0.0479067310828358,0.9239999226161412,0.0392190128846075,3.0035306596320805,1.6991340111577546,-3.5378699111782503,-9.051086080127316,22.36000061035156,21.459999084472656,1639600.0,False,False,False,0.0568760688863747,0.1867572036616885,0.3883701519361896,0.4808742451772484,0.6565855620646165,0.1177955076394243,0.7636952730831688,False,False,0.4462859510023356,1.4055838639683742,-0.2070010033000792,0.7766679397410337,0.2930845419227812,1.1399596295902632,0.0,0.0,0.6977012708517405,17.0,97.0,97.0,21.0,21.0,77.0,77.0,95.0,93.0,88.0,84.0,100.0,HSAI
2025-12-19,44.119998931884766,44.56999969482422,40.0,40.220001220703125,11501200.0,0.1433013412135482,41.01277029230139,41.298996359577416,40.36599975585938,40.752333068847655,43.69969963073731,36.57099979400635,26.199299898147583,31.670000076293945,48.72800064086914,31.670000076293945,57.290000915527344,20.690000534057617,57.290000915527344,18.68000030517578,57.290000915527344,14.744000434875488,57.290000915527344,10.039999961853027,57.290000915527344,7738857.5,8159142.0,6259331.718061674,287657237.8786278,1,False,2,2,909724396.5435028,2,0.1080720831843145,4.83814321245466,0.1096587336714148,0.0877075520045667,1.1430002247682949,5.408853860666445,3.0073849473565053,45.63999938964844,38.36000061035156,12025700.0,True,False,False,0.1035811379297554,0.2951042786257717,0.3519945843748024,0.8383773265998485,1.031789862218356,0.0096178990862405,0.7701169179057719,False,False,0.1752796445360711,1.1422043496070164,0.1650382935378904,1.1410454425882297,1.776588922505891,2.4477898984993507,0.0,0.0,1.2363712051989617,73.0,86.0,86.0,84.0,84.0,97.0,97.0,91.0,86.0,95.0,94.0,84.61538461538461,HUT
2025-12-19,16.420000076293945,16.950000762939453,15.279999732971191,15.5,4823400.0,0.0690104455279658,13.697739841975892,12.435069419725416,11.716399879455569,11.158333253860471,9.792399959564207,7.455149979591369,5.378249995708465,7.070000171661377,16.950000762939453,5.920000076293945,16.950000762939453,3.5999999046325684,16.950000762939453,2.930000066757202,16.950000762939453,2.7100000381469727,16.950000762939453,2.049999952316284,16.950000762939453,1705547.5,1792798.0,830494.2731277533,23747296.46188736,1,False,71,71,79200228.36799622,0,0.0920460725012095,1.2922858510698592,0.0787019394071484,8.599668669111727,0.8202522829907523,16.330036781310852,10.444421207864243,15.420000076293944,13.609999656677246,1856700.0,False,False,False,0.1017052997691086,0.3605359928417508,0.4725944669001252,0.7628866144087632,1.2688936511531137,0.6768106025179841,0.9687315243192004,False,False,0.5302889819948415,1.487222840552273,1.45074634981145,2.4002755693979654,4.099378860372529,4.495518930391658,0.0,0.0,2.0536535352335163,94.0,98.0,98.0,99.0,99.0,99.0,99.0,99.0,99.0,99.0,99.0,100.0,HYMC
2025-12-19,16.790000915527344,17.040000915527344,16.200000762939453,16.200000762939453,17232100.0,0.0415632780032664,15.876210910066838,15.29469087185736,14.93080005645752,14.70400005976359,13.787000045776368,11.929400057792664,9.388900036811828,12.029999732971191,17.040000915527344,10.869999885559082,17.040000915527344,7.889999866485596,17.040000915527344,6.690000057220459,17.040000915527344,6.340000152587891,17.040000915527344,5.019999980926514,17.040000915527344,9372697.5,10076162.0,13549909.251101322,112910394.68526363,1,False,254,254,348386350.6877899,91,0.045277721583371,0.6807144028799874,0.0405428448935023,5.372438603578131,0.984260173516659,15.754001201721351,11.02681875161204,16.399999618530273,15.869999885559082,8669100.0,False,False,False,0.0500297859907238,0.1322216259470286,0.2626563764513002,0.5034015459036236,0.7849645529716572,0.2178139450047325,0.9853286392859174,False,False,0.2282370754806357,1.1936714266129933,0.4026733952358512,1.373786676327453,1.200524333381038,1.9399419161374596,0.0,0.0,0.6917166252783721,16.0,90.0,90.0,94.0,94.0,95.0,95.0,91.0,91.0,95.0,95.0,100.0,IAG
2025-12-19,1.9800000190734863,1.9900000095367432,1.8600000143051147,1.8899999856948853,1674100.0,0.0531915021784545,1.8976592340138956,1.7214140614242757,1.5084000062942504,1.465333338578542,1.3652000033855438,1.076000002026558,1.360849997997284,0.959999978542328,3.819999933242798,0.7799999713897705,3.819999933242798,0.6600000262260437,3.819999933242798,0.5600000023841858,3.819999933242798,0.5600000023841858,3.819999933242798,0.5600000023841858,6.889999866485596,8052267.5,8979810.0,3124708.370044053,27871939.788455963,1,False,11,11,190140350.1138091,11,0.1943572406745251,0.4764285939080374,0.2406204996558412,1.871565215707398,0.2098950926131029,4.510689251074217,-0.0811174054752286,2.130000114440918,1.870000004768372,1283000.0,False,False,True,0.0656565626158226,1.1515151259729104,1.4444444076514542,0.7972027998261129,2.873564139998508,0.4503369573420064,0.2873730126911354,True,False,0.8165137233401829,1.7653925051505597,1.4444444607968845,2.3941034617688413,1.788732505511541,2.4584954586821635,0.0,0.0,2.5769660865620163,96.0,99.0,99.0,99.0,99.0,97.0,97.0,98.0,98.0,98.0,98.0,84.61538461538461,IBIO
2025-12-19,15.5600004196167,15.880000114440918,14.34000015258789,14.510000228881836,5139900.0,0.0760719487252981,14.74086114114953,14.403577603722866,13.8496000289917,13.695000012715658,14.205,12.130600004196166,9.854900012016296,11.050000190734863,16.139999389648438,11.050000190734863,17.899999618530273,8.5,17.899999618530273,8.5,17.899999618530273,6.525000095367432,17.899999618530273,4.5,17.899999618530273,2115830.0,2299908.0,1393585.9030837005,31579855.735120773,1,False,72,72,96216768.72997284,72,0.0737940059702886,1.052785873413086,0.0676597586775013,1.4098332444314188,1.0448472089614702,3.711799638895341,0.0588760335761556,14.664999961853027,14.149999618530272,926900.0,False,False,False,0.0989717172443985,0.1433162233787123,0.3271207623167249,0.4381141153001798,0.7496821611994915,0.0953889770937486,0.8692737849842643,False,False,0.2194357476888719,1.1851177900952452,0.6465609241982297,1.6126515745631576,0.8883496179400032,1.6647344092466538,0.0,0.0,1.5182630617302684,86.0,90.0,90.0,96.0,96.0,93.0,93.0,91.0,86.0,92.0,89.0,96.15384615384616,IE
2025-12-19,21.440000534057617,21.989999771118164,20.177000045776367,20.709999084472656,7344300.0,0.074686702462994,20.531869885985927,19.705463743306336,19.23359992980957,18.799333318074545,17.589199962615968,14.029149990081788,11.27982500076294,14.640000343322754,25.299999237060547,10.0600004196167,25.299999237060547,8.664999961853027,25.299999237060547,7.960000038146973,25.299999237060547,7.735000133514404,25.299999237060547,5.150000095367432,25.299999237060547,2060327.5,1891880.0,1308006.6079295154,56337209.62039948,1,False,4,4,293115544.0979004,4,0.0773881443615067,1.917499542236328,0.0894356107496529,2.447904463881135,0.7770535211603844,1.7829560345172162,0.3301855068938152,20.5,19.3700008392334,3602200.0,False,False,True,0.0845615522472507,0.302705205664932,0.3959887854308459,0.7644287333429937,2.289003530879337,0.218929830784011,0.8474308767034019,False,False,0.2119841654487417,1.1778759139292618,1.1944728279946446,2.1492797560010466,1.453089370197393,2.1625986230133325,0.0,0.0,1.5751659720292674,88.0,89.0,89.0,98.0,98.0,96.0,96.0,93.0,97.0,97.0,96.0,92.3076923076923,IMNM
2025-12-19,26.68000030517578,27.343000411987305,26.364999771118164,26.440000534057617,3410600.0,0.0190985482876846,25.57788764527776,24.637554578352823,24.07160003662109,23.922000058492024,22.5442000579834,19.139550018310548,17.706050057411193,21.43000030517578,27.690000534057617,15.555999755859377,27.690000534057617,14.470000267028809,27.690000534057617,14.31999969482422,27.690000534057617,13.789999961853027,27.690000534057617,12.720000267028809,27.690000534057617,1911505.0,1896998.0,1620245.8149779737,50105553.28632355,1,False,275,275,174309592.25177765,275,0.0533818950169644,1.4152141298566543,0.0530440072589545,3.458504931609733,0.3533034255746474,3.258566547121669,-0.1908961318372073,27.53499984741211,25.834999084472656,1851400.0,True,True,False,0.0366566952654574,0.2008995708036686,0.2185157367698779,0.9193826210111304,1.4740342372527542,0.1834529606974368,0.9635247306102586,True,False,0.1519862038408863,1.1195664443195004,0.7113534345121213,1.6761097450092195,0.7246283028216123,1.5204006988916683,0.0,0.0,1.1797623436700475,68.0,82.0,82.0,97.0,97.0,91.0,91.0,80.0,94.0,92.0,89.0,92.3076923076923,IMVT
2025-12-19,39.91999816894531,40.36000061035156,36.68999862670898,36.900001525878906,30827100.0,0.1150837714996289,39.573864537249015,42.81928098632854,43.75519989013672,45.938666661580406,52.63430007934571,42.14615007400513,25.979025013446808,33.34000015258789,68.30000305175781,33.34000015258789,76.87000274658203,17.219999313354492,76.87000274658203,14.609999656677246,76.87000274658203,8.109999656677246,76.87000274658203,5.125,76.87000274658203,39324270.0,40772654.0,26932263.43612335,1602622208.84861,1,False,17,17,5449857425.0,46,0.0978502949618602,4.028142929077148,0.1009053886232573,-2.3939182100793945,1.022803560952258,6.598267044717426,5.866033710030715,36.92499923706055,35.06999969482422,36087300.0,False,False,True,0.0919339216427509,0.3900300703654962,0.454909836682788,0.8573788450247715,0.8541494502663476,-0.2415592473203539,0.5193182872719532,False,False,-0.128954907832989,0.8465317149006992,-0.0472554483252387,0.933123687581086,2.744840407163472,3.301382659077252,0.0,0.0,1.460117531274986,84.0,10.0,10.0,42.0,42.0,98.0,98.0,73.0,64.0,96.0,96.0,15.384615384615383,IREN
2025-12-19,19.420000076293945,19.809999465942383,19.1200008392334,19.68000030517578,882600.0,-0.0132113935391279,19.64921962600297,19.120606352788503,18.45,17.975999959309895,17.712799968719484,18.37110001564026,21.081434836387636,13.989999771118164,21.59000015258789,13.989999771118164,21.59000015258789,13.989999771118164,21.59000015258789,13.989999771118164,25.34000015258789,13.989999771118164,25.34000015258789,13.989999771118164,43.53212414336296,1083927.5,1132366.0,1064800.4405286345,17620709.013834,-1,False,91,91,93888608.37860107,91,0.0589526021733206,1.0128570284162248,0.0521553565621569,1.8479843647863257,-0.2566998318493092,-7.164802701127629,-9.69355419070289,19.959999084472656,19.5,518000.0,False,False,True,0.0355303101955837,0.1858908648902788,0.3110195642700369,0.5976822240316771,0.644252829915416,0.0963822834667218,0.4461073393142654,False,False,0.3504867817623782,1.3124807218325198,0.0407288443245748,1.019296027755889,0.0770936958797781,0.949546058885949,0.0,0.0,1.0179630461665377,49.0,95.0,95.0,67.0,67.0,54.0,54.0,90.0,85.0,79.0,74.0,53.84615384615385,JACK
2025-12-19,12.90999984741211,13.390000343322754,12.739999771118164,13.300000190734863,4773400.0,-0.0046260923964069,12.319831250778396,11.994489047735598,11.624000015258789,11.45600004196167,11.358600006103517,10.24789999961853,6.680550000667572,9.081000328063965,13.4399995803833,9.081000328063965,13.4399995803833,6.860000133514404,13.4399995803833,4.090000152587891,13.4399995803833,2.884999990463257,13.4399995803833,1.600000023841858,13.4399995803833,3205595.0,3088158.0,3581877.533039648,39474391.08076096,-1,False,302,302,164709342.88978577,94,0.0708424319760872,0.9020000185285296,0.0698683213934616,1.9548733552259423,-0.0665193108472219,6.777792912832853,4.5266112763827815,13.15999984741211,12.19499969482422,5457800.0,False,False,False,0.0503486119199983,0.1657629291202055,0.3376451823268708,0.4909382327858365,1.15053374859706,0.1365837198664408,0.9605654948274874,True,False,0.2845770748655201,1.24842587816284,0.0894514288455166,1.0670152171826288,2.9969039539248348,3.5235972615130846,0.0,0.0,0.8949482416501473,32.0,93.0,93.0,75.0,75.0,99.0,99.0,92.0,87.0,93.0,97.0,96.15384615384616,JMIA
2025-12-19,2.5299999713897705,2.559999942779541,2.325000047683716,2.3299999237060547,51119000.0,0.1145374416951034,2.608310840460114,2.797435102594596,2.795999984741211,2.875999983151753,3.5506999921798705,2.773699995279312,1.8787799981236455,2.240000009536743,3.928999900817871,2.240000009536743,6.599999904632568,1.1799999475479126,6.599999904632568,0.8399999737739563,6.599999904632568,0.699999988079071,6.599999904632568,0.6729999780654907,6.599999904632568,67789372.5,87067620.0,45989522.46696036,168881049.80331182,1,False,70,70,1237312860.9526155,66,0.0977098139254251,0.2528571401323591,0.0999435347793543,-2.876268592598794,1.0282485609350749,7.243548243969714,7.622704446043925,2.5,2.240000009536743,47358100.0,False,False,True,0.0928853350803541,0.3636363979042158,0.524505896336543,0.6932932507414423,0.5127023111462102,-0.2874644501191622,0.3833333345374676,False,False,-0.0269230522347616,0.9456921400851018,-0.1758957568714449,0.807132603327495,2.386880913586827,2.985812131028733,0.0,0.0,1.4740177515150548,85.0,24.0,24.0,24.0,24.0,98.0,98.0,56.0,48.0,95.0,97.0,15.384615384615383,KEEL
2025-12-19,26.0,28.0,25.63999938964844,26.0,3032200.0,-0.0144048208057471,24.954747906347272,23.744077847923272,22.996799850463866,22.326333173116048,20.15539989471436,15.444199976921082,9.684549989700317,15.829999923706056,28.790000915527344,10.9399995803833,28.790000915527344,8.289999961853027,28.790000915527344,3.700000047683716,28.790000915527344,3.259999990463257,28.790000915527344,1.919999957084656,28.790000915527344,830022.5,914508.0,609732.1585903084,21372787.220640182,-1,False,88,88,85920243.3101654,88,0.0873694593923586,2.1057145254952565,0.080989020211356,3.580446900417521,-0.180460910615235,6.949329306045167,7.682130863316056,27.82999992370605,25.440000534057617,792000.0,False,True,True,0.0907692542442908,0.2803846505972055,0.3669231121356671,0.7641509660300041,1.1668678677496531,0.2899768863836016,0.9030913224451268,False,False,0.3312851554469549,1.2938194770819886,0.7321785212215723,1.6965059589475309,6.16253420945262,6.314358867977856,0.0,0.0,1.3612903441389734,80.0,95.0,95.0,97.0,97.0,99.0,99.0,96.0,98.0,98.0,99.0,88.46153846153845,KOD
2025-12-19,22.79256820678711,22.851513977256527,21.859251117402074,22.163806450988368,6653900.0,0.0233788517787032,22.383441999475497,21.545953840225103,20.724650573730468,20.1519567489624,18.364749450683597,16.42836043357849,12.302596294879914,14.511308323182728,24.644792696279264,13.60251895362223,24.644792696279264,11.793289539144912,24.644792696279264,8.563713188683286,24.644792696279264,7.148387396690259,24.644792696279264,5.7799541711676286,24.644792696279264,5443285.0,5285994.0,9652499.118942732,156015930.7425022,1,False,150,150,2911461718.200684,150,0.0604537108972755,1.14180155967391,0.0500953446454492,4.812906880928012,0.4560257547007165,3.4350997194786768,2.4420026793145544,22.99888143705971,22.17363307984468,3034300.0,False,False,True,0.0435344911925712,0.1115082267499375,0.4373075790627104,0.2549880955389229,0.7593236011996987,0.241104228946543,0.9248431702259036,False,False,0.5135979253729841,1.4710015118143382,0.3809677233707813,1.352528012043773,1.9013947241144216,2.557816405475313,0.0,0.0,0.5639249413986188,11.0,98.0,98.0,93.0,93.0,97.0,97.0,95.0,94.0,93.0,96.0,69.23076923076923,KSS
2025-12-19,1.159999966621399,1.159999966621399,1.0190000534057615,1.090000033378601,656000.0,0.0545454013446158,1.1229953934401655,1.050980208576861,0.9581599926948547,0.9163666605949402,0.8485399973392487,0.7978100001811981,0.9136250004172324,0.2809999883174896,2.059999942779541,0.2809999883174896,2.059999942779541,0.2809999883174896,2.059999942779541,0.2809999883174896,2.059999942779541,0.2809999883174896,2.059999942779541,0.2809999883174896,3.849999904632568,10936515.0,8767438.0,3978012.775330397,23802723.462613225,1,False,227,227,343411771.6907501,227,0.2713326216797447,0.1230714065687997,0.1060960431983941,3.4596385738600204,0.4875213865862473,-4.376059391563237,-6.1075828803714085,1.1799999475479126,1.0750000476837158,550400.0,False,False,True,0.1215516528214321,0.2594827652650839,1.5336206945277282,0.1691961814228064,0.0743250194640669,0.3670539635830834,0.301298700092333,False,False,1.4369746636438596,2.3683921300235555,0.5890410086477356,1.5563162267372566,0.6133518718428812,1.4223014370661289,0.0,0.0,2.7492407937507592,96.0,99.0,99.0,96.0,96.0,89.0,89.0,99.0,99.0,99.0,98.0,76.92307692307693,KTTA
2025-12-19,83.98999786376953,84.63999938964844,81.19999694824219,81.19999694824219,1453400.0,0.0547532432592721,82.10119823604565,77.84507500441235,74.01199951171876,72.02499949137369,67.13719955444336,56.94994956970215,46.63924971580505,56.75,103.0,53.19499969482422,103.0,39.84000015258789,103.0,36.650001525878906,103.0,28.059999465942383,103.0,19.44499969482422,103.0,1093617.5,1016946.0,828449.7797356828,126870730.3136444,1,False,11,11,706825672.8744507,11,0.0588754425324464,7.033856800624302,0.0837463624184526,2.9973872054384465,0.6198591660217739,5.4517319577341645,2.2657794679355483,83.69999694824219,77.77999877929688,1167000.0,False,False,True,0.0409572869258299,0.3002738642952411,0.4680319368152768,0.6415670399299127,2.304252143181644,0.2510202752150809,0.8154368724637818,False,False,0.2957420280653906,1.2592766217857203,0.6465399064385826,1.6126309896441966,0.814430680548901,1.5995688289955996,0.0,0.0,1.3200770001398503,78.0,94.0,94.0,96.0,96.0,92.0,92.0,93.0,92.0,95.0,94.0,73.07692307692307,KYMR
2025-12-19,7.190000057220459,7.400000095367432,7.019999980926514,7.070000171661377,2244000.0,0.0271428653172083,8.026322363223962,7.898791031078642,7.785199947357178,7.613666613896687,7.367399988174438,5.897699985504151,4.306649990677833,6.199999809265137,13.670000076293944,5.300000190734863,13.670000076293944,3.2699999809265137,13.670000076293944,2.5199999809265137,13.670000076293944,2.059999942779541,13.670000076293944,1.7799999713897705,13.670000076293944,1683600.0,1443600.0,636232.5991189427,21878549.361011986,1,False,4,4,210442502.06451416,4,0.0999641640952795,1.2114285741533553,0.1684879783744639,-0.1429125202482267,0.15683966952261,2.602302251839509,1.1683676383767043,7.300000190734863,6.579999923706055,4513400.0,False,True,False,0.0528511976935672,0.9860918075331384,1.0041724908998049,0.9819944446491808,3.204807425879745,-0.0240790416210233,0.5259692770367365,True,False,-0.1263668946369432,0.8490468949628288,0.1027607481984587,1.080050443814973,1.232919252588859,1.968500683103958,0.0,0.0,2.6462020373232296,96.0,11.0,11.0,77.0,77.0,95.0,95.0,65.0,83.0,95.0,97.0,26.923076923076923,KYTX
2025-12-19,5.420000076293945,5.650000095367432,4.960000038146973,5.0,9362100.0,0.094949552553333,5.089882528685587,5.043573126275481,5.126799926757813,4.963999946912129,4.690399985313416,4.033899993896484,3.104049993753433,3.619999885559082,5.829999923706055,3.240000009536743,5.829999923706055,2.970000028610229,5.829999923706055,2.0899999141693115,5.829999923706055,1.7100000381469729,5.829999923706055,1.7100000381469729,5.829999923706055,3268782.5,3576470.0,1960719.383259912,15077342.493994236,1,False,73,73,61066124.06759262,73,0.0785209498711676,0.4278572627476283,0.0789404532702859,1.970495211872028,1.0984978121220728,3.8433643779331534,2.1365207090304805,5.010000228881836,4.730000019073486,2658100.0,False,False,False,0.127306281828,0.2177121423853329,0.2195572030386667,0.9915964467218648,0.951496867022511,0.155551785192106,0.9296741247379848,False,False,-0.001841575020406,0.9700677620930154,0.594117624784424,1.5612882948131888,1.7794871506449588,2.450344923301493,0.0,0.0,1.6671342813805865,90.0,33.0,33.0,96.0,96.0,97.0,97.0,94.0,94.0,92.0,96.0,80.76923076923077,LAR
2025-12-19,17.37298583984375,17.830170675456333,17.099669786994607,17.343170715039086,7248300.0,0.0127463221927079,18.145285593047188,18.076437032661467,17.91158390045166,17.66545403798421,16.845368766784667,14.079955186843872,13.200931730270383,14.601790417344803,20.83167709635772,11.3957473740518,20.83167709635772,9.793219984559926,20.83167709635772,9.793219984559926,20.83167709635772,9.793219984559926,20.83167709635772,9.262729916485611,20.83167709635772,4170942.5,5072032.0,3939003.964757709,68261966.6943264,1,False,63,63,410118124.8817444,63,0.0531759588031244,0.997149316251973,0.0573965422780164,0.5456982833000975,0.2192797297301729,-1.1939697069197877,-1.7905158369747134,17.691024238275304,17.09966762448425,5034700.0,False,True,False,0.0420480909381951,0.249141729153679,0.3051298492525447,0.8165105110626972,0.9292271815319776,0.031321194588475,0.8339696203759467,False,False,0.0416614345996193,1.0123464887262867,0.5062101240023895,1.4751911650509906,0.4736404765895541,1.29913443195624,0.0,0.0,1.0588825340917265,55.0,52.0,52.0,95.0,95.0,85.0,85.0,71.0,91.0,91.0,88.0,42.30769230769231,LBRT
2025-12-19,371.4299926757813,373.3399963378906,339.0299987792969,339.07000732421875,4410200.0,0.1017411304131519,337.9616114078649,319.836004755122,309.2571990966797,298.8189997355143,252.2885998535156,196.72474990844728,136.2314248275757,215.3500061035156,376.5299987792969,147.80999755859375,376.5299987792969,111.1999969482422,376.5299987792969,88.37000274658203,376.5299987792969,71.04000091552734,376.5299987792969,45.650001525878906,376.5299987792969,5158260.0,4639368.0,3245508.370044053,1532544596.6648865,1,False,44,44,2595790925.0,44,0.0799745608945514,26.71185302734375,0.0719162521984603,6.56656125167574,1.2840736940959263,13.35350671496409,12.600658927619502,343.6499938964844,326.04998779296875,3966400.0,False,False,False,0.092372716891882,0.181622358951404,0.3844869837510716,0.4723758322830295,0.9813944485541995,0.4722424750521496,0.9864552462750652,False,False,0.3811913361948196,1.3423211736675584,1.2550542015399602,2.2086135140183054,3.165881307984166,3.672564599453871,0.0,0.0,1.5893534731293837,88.0,96.0,96.0,99.0,99.0,99.0,99.0,97.0,98.0,99.0,98.0,100.0,LITE
2025-12-19,6.96999979019165,7.25,6.369999885559082,6.710000038146973,1403400.0,0.0372023821138944,4.944074930021618,4.588361005542116,4.430799980163574,4.440666643778483,4.25690001487732,4.089049999713898,3.6153750002384175,3.7100000381469727,8.359999656677246,3.5999999046325684,8.359999656677246,3.5299999713897705,8.359999656677246,2.900000095367432,8.359999656677246,2.509999990463257,8.359999656677246,2.200000047683716,8.359999656677246,1566820.0,1260274.0,305553.7004405286,20867690.525921583,1,False,1,1,406346291.3132668,1,0.0798329869153924,0.5712857246398926,0.0819635210669331,7.775918655554074,0.4376093944192048,0.630219341656975,-5.698780488721306,8.359999656677246,6.539999961853027,60468200.0,False,False,False,0.126255400420424,0.6542324019547177,0.6542324019547177,1.0,4.918335219166626,0.6373416725392644,0.8337320665587129,False,False,0.4642855997990072,1.4230769578397249,0.8056994765847316,1.7685128204534415,1.3547296285019743,2.075886477693758,0.0,0.0,5.127805677827023,99.0,97.0,97.0,97.0,97.0,96.0,96.0,98.0,96.0,94.0,95.0,100.0,LONA
2025-12-19,34.529998779296875,35.16999816894531,33.630001068115234,33.630001068115234,1856700.0,0.0255420450585222,33.80003530790446,32.66603951891232,32.188799743652346,31.369999821980795,28.30979995727539,26.43840000152588,20.67545002937317,24.950000762939453,35.540000915527344,21.149999618530277,35.540000915527344,21.149999618530277,35.540000915527344,11.859999656677246,35.540000915527344,11.850000381469728,35.540000915527344,11.260000228881836,35.540000915527344,2017270.0,2036738.0,2034875.330396476,44869334.08782959,1,False,192,192,257633824.07798767,129,0.0499415338966477,1.6271420887538366,0.0471225643288878,4.662711557137642,0.5285344262775494,1.798524347923955,3.038284767065952,34.95000076293945,33.45000076293945,745300.0,False,False,True,0.0445988171234287,0.0993339248894588,0.2253113513374972,0.4408740363048335,0.5871594677371366,0.2197189252982674,0.9715812574504128,False,False,0.1649797398901511,1.1321943099183336,0.5078602338209566,1.4768072924338325,1.6040722611819032,2.295702372150446,0.0,0.0,0.9913482019593576,46.0,84.0,84.0,95.0,95.0,97.0,97.0,90.0,93.0,89.0,97.0,88.46153846153845,LQDA
2025-12-19,14.9399995803833,15.050000190734863,11.706000328063965,11.84000015258789,44085700.0,0.3769584382594786,11.687001524815129,11.130548342482138,10.365,10.200833320617676,10.918500022888184,10.35344997406006,10.073824987411498,7.78000020980835,15.050000190734863,7.78000020980835,15.050000190734863,7.78000020980835,15.050000190734863,7.78000020980835,15.050000190734863,7.78000020980835,15.050000190734863,6.135000228881836,23.88999938964844,6948992.5,7692592.0,8943284.581497798,88850264.9967575,1,False,287,287,658640339.5009041,0,0.0877838314916614,1.142357076917376,0.0764629925704501,4.816967927487553,3.580315893827473,-0.4368505552858703,-5.105391984619725,11.039999961853027,10.475000381469728,6466100.0,False,False,False,0.2238286450196208,0.3276439488118168,0.4866131315339698,0.6733150578550395,1.2520123256244449,0.3683197828515772,0.6253662604469056,False,False,0.704506445543349,1.6565373909809558,0.4748271877199135,1.444454530368011,0.4939999580383301,1.3170829776070023,0.0,0.0,0.7770067514541957,21.0,99.0,99.0,95.0,95.0,86.0,86.0,98.0,96.0,93.0,90.0,100.0,LUNR
2025-12-19,23.563526153564453,23.593191364083108,22.802136057766702,23.118557425885214,9765100.0,0.0201198736888763,22.94335340245157,22.25073241149156,21.642669525146484,21.372855695088703,20.19789184570313,17.581225385665892,14.61030821800232,18.64594946513585,23.95513892835448,16.104211760035916,23.95513892835448,12.2809774644366,23.95513892835448,11.426650409060434,23.95513892835448,10.23253142771901,23.95513892835448,9.330369052807455,23.95513892835448,7212077.5,7287046.0,7673005.286343613,188675462.90140152,1,False,107,107,767077682.1983337,107,0.0421351391716222,0.918011854304263,0.0389590186257159,4.277134182704913,0.5062511618908357,10.127028548395367,8.380561198343415,23.51408508632723,23.04933957012977,5599700.0,False,False,False,0.0335711769605729,0.104952192027573,0.2169843506698389,0.4836855363236181,0.982598435634961,0.1666329502886872,0.9836522436391928,False,False,0.2370402931870068,1.2022268998584469,0.4216077327448706,1.392331079239297,1.2811621707508165,2.0110307554505678,0.0,0.0,0.9399286499692668,38.0,91.0,91.0,94.0,94.0,95.0,95.0,82.0,89.0,93.0,92.0,92.3076923076923,M
2025-12-19,14.93000030517578,15.199999809265137,14.869999885559082,14.949999809265137,875100.0,0.0026863640651939,14.537745089576976,13.723912271606666,13.058000030517578,12.392000007629395,11.147799968719482,11.54049994468689,13.04385000228882,7.820000171661377,15.25,7.820000171661377,15.25,7.820000171661377,15.25,7.820000171661377,15.25,7.820000171661377,15.25,7.820000171661377,23.190000534057617,1176360.0,1116258.0,766169.1629955947,17167936.54958248,1,False,29,29,95874224.874115,29,0.0490994925308758,0.4999998637608119,0.0334896084086131,10.130836168994644,0.0799999455043099,-7.440831630474292,-11.236477754999465,15.130000114440918,14.789999961853027,694100.0,False,True,False,0.0221031424622043,0.1118553276730347,0.3295378416427982,0.3394309045523216,0.7670269776342028,0.3392777361514454,0.6438119862588653,True,True,0.8756281700535484,1.8228433241743769,0.3342270656871973,1.306749933564076,0.2217675923836854,1.0770879141344385,0.0,0.0,1.5353789434706913,87.0,99.0,99.0,92.0,92.0,72.0,72.0,98.0,96.0,93.0,90.0,92.3076923076923,MAGN
2025-12-19,30.420000076293945,31.61000061035156,28.76000022888184,29.32999992370605,4012600.0,0.0610394138591929,29.27339734365574,28.938886140473254,29.68480010986328,28.858666737874348,24.285400047302247,19.1018000125885,14.796174983978272,21.899999618530277,34.83000183105469,12.9399995803833,34.83000183105469,9.630000114440918,34.83000183105469,9.630000114440918,34.83000183105469,9.43000030517578,34.83000183105469,4.807000160217285,34.83000183105469,893400.0,892600.0,666216.7400881058,28876981.50241852,1,False,88,88,566070000.0,88,0.0770135380943901,2.266214234488351,0.0744975091651756,3.390777074317985,0.7722129591137714,1.6182663388165626,1.0370616917038489,29.190000534057617,27.770000457763672,1155400.0,False,False,False,0.0936883752242561,0.2061144129532672,0.2902696189647887,0.7100791797927364,1.1721263723952495,0.2526044461710715,0.8733849691954724,False,False,0.1106243429779207,1.0793686091871066,0.5210000038146974,1.4896764614140947,2.126413310118436,2.756188666248484,0.0,0.0,1.341005030707949,79.0,73.0,73.0,95.0,95.0,98.0,98.0,90.0,98.0,98.0,97.0,61.53846153846154,MBX
2025-12-19,36.83000183105469,38.400001525878906,36.15999984741211,37.34999847412109,6239100.0,-0.00459454510663,37.19011088476552,38.30007544447236,39.56520004272461,40.34600016276042,40.75080009460449,33.95864995956421,24.232274985313417,33.630001068115234,47.650001525878906,33.630001068115234,47.650001525878906,13.399999618530272,47.650001525878906,12.59000015258789,47.650001525878906,12.59000015258789,47.650001525878906,8.241000175476074,47.650001525878906,1670745.0,1580764.0,1278066.5198237884,62957901.4225769,-1,False,108,108,453638805.5938721,108,0.0509675757596581,1.8874288286481584,0.0512470468317136,-1.877454900696442,-0.0900686512598576,4.852839491345064,4.499347636762316,37.83000183105469,36.005001068115234,1182600.0,False,False,True,0.0608200262585393,0.0947326107608637,0.2280478321375851,0.4154067586299613,1.1993504406729911,-0.0962140192204208,0.7729276107378962,False,False,-0.1255934766139217,0.8497985470773418,-0.0502835742553765,0.9301579230123744,1.6746550912632356,2.3579269013489035,0.0,0.0,1.3072441645919584,78.0,11.0,11.0,42.0,42.0,97.0,97.0,45.0,38.0,98.0,97.0,19.230769230769237,MLYS
2025-12-19,33.79999923706055,34.25,31.170000076293945,31.280000686645508,23582400.0,0.0920839548906822,30.026457046647124,28.44722323543344,26.82359992980957,26.59899991353353,26.43579990386963,26.24064992904663,27.50949989318848,22.280000686645508,34.25,22.280000686645508,34.25,22.280000686645508,34.25,22.280000686645508,35.59000015258789,22.280000686645508,35.59000015258789,22.280000686645508,45.150001525878906,11637095.0,11051884.0,10782660.79295154,294505175.78089714,1,False,50,50,1370381388.2766724,50,0.0499676295720163,1.4652858461652485,0.0433516532319507,6.425803123585807,1.9450119453345789,-4.921208129441064,-9.95817043755539,32.209999084472656,30.61000061035156,13696900.0,False,False,False,0.0911242601546848,0.2176035416643389,0.3541419995131182,0.6144527956681354,1.0525246193318714,0.2785691887504777,0.748615683161986,False,False,0.3978494131708336,1.3585104508889831,0.2725903583093796,1.2463825753066662,0.3167120816752391,1.1607892355372111,0.0,0.0,1.079241499241726,57.0,96.0,96.0,90.0,90.0,78.0,78.0,94.0,90.0,85.0,81.0,100.0,MRNA
2025-12-19,265.7010192871094,268.1589848558779,251.5426753455233,251.5426753455233,62312100.0,0.0698854073083086,244.8313240768596,240.2672830860336,236.5158520507813,237.5358774820964,227.1821453857422,184.0252424621582,141.2010359954834,192.43137763993107,268.1589848558779,154.9551612767484,268.1589848558779,113.29560967462557,268.1589848558779,103.23021586705364,268.1589848558779,90.71286544475002,268.1589848558779,61.39304893165705,268.1589848558779,27001075.0,26106500.0,23772360.352422908,6490467109.001694,1,False,1,1,16556388483.920288,0,0.0537358703765511,15.201752192657452,0.0572137518833935,2.9634592336914607,1.141691607037768,13.480239704668696,10.866459269849765,263.43286144325225,244.79822699687696,65006100.0,False,False,False,0.0625376204989243,0.1755791463332574,0.2850106010851153,0.6160442652476026,1.239780514431272,0.1695506213129749,0.9908339242479994,False,False,0.1770538810439579,1.1439286546828011,0.6163682869198235,1.5830807258130908,1.181659656732481,1.9233111629984172,0.0,0.0,1.13581800880147,64.0,86.0,86.0,96.0,96.0,95.0,95.0,90.0,94.0,96.0,95.0,100.0,MU
2025-12-19,19.350000381469727,20.020000457763672,18.70199966430664,18.799999237060547,3616100.0,0.0254371765176788,18.955474640360272,18.648214632114925,18.24080017089844,18.03533344268799,18.612600135803223,15.893800058364867,12.28510003566742,14.93000030517578,20.670000076293945,14.699999809265137,24.8799991607666,9.864999771118164,24.8799991607666,9.81999969482422,24.8799991607666,7.150000095367432,24.8799991607666,6.380000114440918,24.8799991607666,1243947.5,1477282.0,1159729.9559471365,22741835.37536621,1,False,315,315,92279549.2111206,64,0.0562272124887672,1.080857276916504,0.0558582561037865,0.7092655364629239,0.4440915118836805,7.586238770437442,4.075259109286309,19.459999084472656,18.649999618530277,1055800.0,False,False,True,0.0681137347531629,0.1337984832487972,0.2465116467042347,0.5427673906593508,0.9527835579124364,0.0396183359813355,0.7777331605373541,False,False,0.087689678789212,1.057079383542039,0.2908606188742011,1.2642765773047309,1.085129411450361,1.838211868181672,0.0,0.0,1.0726182363583807,56.0,67.0,67.0,91.0,91.0,94.0,94.0,85.0,80.0,94.0,91.0,96.15384615384616,MUX
2025-12-19,17.6299991607666,17.709999084472656,17.34000015258789,17.34000015258789,1705800.0,0.0178983528524554,17.539454470821195,17.13399419781919,16.40359996795654,16.114999993642172,16.097799949645996,15.989000015258789,14.253649978637696,12.770000457763672,19.63999938964844,12.770000457763672,19.63999938964844,12.770000457763672,19.63999938964844,12.770000457763672,20.0,10.960000038146973,20.0,8.350000381469727,22.209999084472656,1465822.5,1503402.0,1516523.348017621,26827487.313017845,1,False,148,148,191899350.0,148,0.0465303600290123,0.817856924874442,0.0463900716849994,2.051746327564054,0.3790387493386746,-4.89875699486573,-5.195028940997885,17.729999542236328,17.219999313354492,900100.0,True,False,True,0.0209868944695217,0.173000532175177,0.3840045278706058,0.450516907012803,0.9268711894756028,0.0951806592151307,0.7937865775551517,True,True,0.3146904818323974,1.2776918188935935,0.0303914980634447,1.0091715692680054,0.3468295611349672,1.1873402533678414,0.0,0.0,0.9665677102275434,42.0,94.0,94.0,65.0,65.0,80.0,80.0,90.0,85.0,79.0,73.0,73.07692307692307,MXL
2025-12-19,5.730000019073486,5.787000179290772,5.389999866485596,5.400000095367432,7765400.0,0.0533088159563737,5.83488152671417,6.005862909721324,5.944800033569336,5.953333346048991,6.868900012969971,6.079150011539459,4.293475004434586,5.03000020980835,7.090000152587891,5.03000020980835,12.579999923706056,3.5,12.579999923706056,2.200000047683716,12.579999923706056,2.1700000762939453,12.579999923706056,1.590000033378601,12.579999923706056,5257455.0,8077838.0,3798277.092511013,23064714.063346382,1,False,67,67,395174397.3464966,67,0.0828677601835623,0.5250714847019741,0.0916355118593656,-1.8093999997345207,0.552305677040582,5.062414580674901,3.8983164270065593,5.579999923706055,5.239999771118164,2862100.0,False,False,True,0.0692845220739403,0.2722513812258143,0.3595113326217114,0.7572817781304417,0.4811869215500484,-0.165805295134009,0.4554849009399226,False,False,-0.0591133209350455,0.9144077856802432,-0.0434056363905575,0.9368942163158542,1.0176057014950608,1.7786842032118737,0.0,0.0,1.3841683668540188,81.0,18.0,18.0,43.0,43.0,94.0,94.0,59.0,50.0,89.0,96.0,34.61538461538461,NB
2025-12-19,7.199999809265137,7.53000020980835,7.170000076293945,7.440000057220459,3432000.0,-0.0361445767750934,6.909526260912849,6.618213379149374,6.318799991607666,6.336666663487752,6.22479998588562,5.871199989318848,6.02924998998642,5.369999885559082,7.53000020980835,5.320000171661377,7.53000020980835,4.900000095367432,7.53000020980835,4.559999942779541,7.53000020980835,4.53000020980835,7.53000020980835,3.869999885559082,11.960000038146973,3728862.5,3817088.0,5390868.722466961,27311859.78260517,-1,False,254,254,94487450.0,231,0.0508057965270556,0.3064285687037876,0.0425595245585239,3.681047697681053,-0.8811188267093724,1.8729607020086425,-2.46201590799963,7.53000020980835,7.119999885559082,3217300.0,False,False,False,0.0500000198682154,0.2194445058887403,0.3000000529819078,0.7314815571115064,1.230697327386741,0.1566636398905549,0.6020066710953516,False,False,0.2926390641595933,1.256260983008726,0.254355417485071,1.2285231656727915,0.509433928313481,1.330689282892971,0.0,0.0,0.6916997411678028,16.0,94.0,94.0,89.0,89.0,86.0,86.0,88.0,83.0,84.0,83.0,92.3076923076923,NEOG
2025-12-19,9.9399995803833,10.109999656677246,9.5,9.59000015258789,4339400.0,0.0332640019366925,9.725983776499657,9.552743663608457,9.427199935913086,9.274999904632567,9.10839994430542,8.098399972915649,6.019599981307984,7.78000020980835,10.470000267028809,7.670000076293945,10.899999618530272,5.809999942779541,10.899999618530272,4.150000095367432,10.899999618530272,3.4200000762939453,10.899999618530272,2.259999990463257,10.899999618530272,2731905.0,3088242.0,3722518.9427312776,25828510.03410816,1,False,241,241,109056237.60910034,241,0.0461922189373615,0.422142710004534,0.0424690873063654,2.1498060011151687,0.7580367663361564,9.647594872588243,7.744721356655584,9.979999542236328,9.579999923706056,1888300.0,False,False,False,0.0613681773066758,0.0985915074051278,0.2464788644559139,0.3999998442980587,0.9386051999810896,0.0913002987531084,0.9119265989225404,False,False,0.1131018186664707,1.0817763625423724,0.3010470882319147,1.2742532660549242,1.4362744525137967,2.147774899805196,0.0,0.0,0.7338861244304518,18.0,74.0,74.0,91.0,91.0,96.0,96.0,83.0,78.0,90.0,95.0,88.46153846153845,NG
2025-12-19,46.84000015258789,47.119998931884766,43.619998931884766,44.09999847412109,1020900.0,0.064545458013361,50.55911932724241,53.47908261468198,56.04359985351562,56.19699986775717,57.36819984436036,48.85829988479614,31.52924996137619,42.619998931884766,66.86000061035156,42.619998931884766,66.91999816894531,25.01000022888184,66.91999816894531,21.020000457763672,66.91999816894531,7.989999771118164,66.91999816894531,6.449999809265137,66.91999816894531,832085.0,860008.0,956322.665198238,49627008.96724701,1,False,178,178,908872543.3605194,178,0.0815249296078548,4.456429072788784,0.0951415255822233,-1.9289136232714057,0.6372815781875891,5.900723440700423,5.454954271312535,46.88999938964844,42.619998931884766,1110500.0,False,False,False,0.0747224591929602,0.3546114550862969,0.5175064389304351,0.6852310008339142,1.4846722356071107,-0.1835197848343754,0.6999402485686904,False,False,-0.2238607897782545,0.754296720731322,-0.2046187699431131,0.7790011132772385,3.9098532851031376,4.328436657286208,0.0,0.0,0.8700881305866734,29.0,5.0,5.0,21.0,21.0,99.0,99.0,46.0,39.0,93.0,93.0,7.6923076923076925,NKTR
2025-12-19,16.790000915527344,17.264999389648438,16.700000762939453,16.90999984741211,2625600.0,-0.0065087991411739,16.333811379986535,15.544522448241388,14.724000129699707,14.353333473205566,13.792500095367432,14.740450067520142,13.974050045013428,10.869999885559082,17.290000915527344,10.869999885559082,17.290000915527344,10.869999885559082,18.25,10.869999885559082,18.25,10.84000015258789,18.25,9.045000076293944,18.25,1265757.5,1290056.0,1308219.8237885465,18988574.61364746,-1,False,281,281,42973526.21154785,114,0.0555998017089283,0.7723571913582938,0.0460010213962537,4.724423707915373,-0.1424194715005918,-5.053134011672096,-8.301737714556417,17.290000915527344,16.549999237060547,917900.0,True,True,False,0.0336508991006948,0.0982728101389604,0.3823704991005131,0.2570093936905095,0.9450519977427336,0.2173283160727837,0.9200000501658818,True,False,0.3421263475890488,1.3043555710892265,-0.0227007789709376,0.9571726769717296,0.1476418854538723,1.0117400496481948,0.0,0.0,0.9675419046429236,42.0,95.0,95.0,48.0,48.0,64.0,64.0,94.0,91.0,86.0,82.0,88.46153846153845,NN
2025-12-19,4.78000020980835,5.364999771118164,4.75,5.03000020980835,9869400.0,-0.0664061881543589,4.719405190113101,4.362092085562615,3.948800010681152,3.888000003496806,3.753599996566773,2.9586999917030337,1.9145699965953824,2.859999895095825,5.559999942779541,2.690000057220459,5.559999942779541,1.3949999809265137,5.559999942779541,0.75,5.559999942779541,0.6539999842643738,5.559999942779541,0.5960000157356262,5.559999942779541,3343710.0,3385784.0,2243787.224669604,15430817.266567944,-1,False,175,175,56908565.49396515,38,0.1033518992900186,0.5228572062083653,0.1093843479620535,2.49984776092146,-0.6502725251055222,10.557082521142148,9.474300363506904,5.414000034332275,4.815000057220459,4745600.0,False,False,True,0.1286610343355658,0.3092050416648918,0.5585773474228399,0.5535581474821701,1.2592593030151953,0.2734442173327933,0.8597122767988274,False,False,0.4984326407734627,1.4562630160757866,0.5723685097991607,1.539987082078884,5.199740646361713,5.465577711008042,0.0,0.0,1.490208145958385,85.0,98.0,98.0,96.0,96.0,99.0,99.0,96.0,95.0,99.0,99.0,80.76923076923077,NRGV
2025-12-19,18.520000457763672,18.8700008392334,17.90999984741211,18.0,5298000.0,0.028317613681313,18.489672001835,17.681841677187553,17.25120002746582,16.443333371480307,14.325300025939942,11.961799974441528,11.727925000190735,11.670000076293944,22.5,8.329000473022461,22.5,8.194999694824219,22.5,8.194999694824219,22.5,8.194999694824219,22.5,8.180000305175781,22.5,2004732.5,1955184.0,1147810.1321585902,40849591.590394974,1,False,11,11,130146841.83769226,11,0.0669826602547782,1.4360711233956474,0.0775416354157615,3.776263299936388,0.3551357732727889,-0.5226247541252187,-2.612929375104804,18.63999938964844,17.440000534057617,2184200.0,False,False,True,0.0518359054045731,0.2732181069585885,0.3914686728293662,0.697930960819639,1.4180660234535472,0.2928176320375879,0.8231111314561632,False,False,0.2923936187275282,1.2560224450221291,1.1969157517577926,2.151672370082482,0.5459099470304747,1.3628458723791632,0.0,0.0,1.7465715311554777,91.0,94.0,94.0,98.0,98.0,87.0,87.0,95.0,98.0,96.0,94.0,73.07692307692307,NRIX
2025-12-19,3.7699999809265137,3.900000095367432,3.5199999809265137,3.630000114440918,6931400.0,0.038567455116226,3.67722290761786,3.905805200410815,4.0306000232696535,4.160833350817362,4.400200018882751,2.588560008108616,1.7182550056278705,2.880000114440918,5.739999771118164,1.4700000286102295,7.590000152587891,0.3210000097751617,7.590000152587891,0.3210000097751617,7.590000152587891,0.3210000097751617,7.590000152587891,0.3210000097751617,7.590000152587891,10426137.5,14091800.0,9987930.396475771,24597423.448405266,1,False,87,87,471949465.2767181,71,0.1377461165784743,0.4982143470219203,0.1321523473587603,-1.0837550264257754,0.2810032816647008,5.917829585787345,4.093558787534036,3.75,3.3499999046325684,4409900.0,False,False,True,0.100795786833805,0.4748010532915487,0.6551723614557219,0.7246964023888193,0.4348287656651386,-0.1432207707040215,0.4967061798597056,False,False,-0.0039630395149338,0.9680060008905204,5.210873183506697,6.082966182178353,5.829710281466745,6.020947393812843,0.0,0.0,1.043873664125538,53.0,31.0,31.0,99.0,99.0,99.0,99.0,86.0,98.0,99.0,99.0,30.76923076923077,NUAI
2025-12-19,9.4399995803833,9.529999732971191,9.010000228881836,9.020000457763672,8225700.0,0.0500555974106733,8.599033764768896,8.005738731713553,7.705200061798096,7.220000044504801,6.113200030326843,4.582600021362305,3.345550010204315,4.449999809265137,9.529999732971191,2.994999885559082,9.529999732971191,2.569999933242798,9.529999732971191,1.899999976158142,9.529999732971191,1.5700000524520874,9.529999732971191,1.5399999618530271,9.529999732971191,9393575.0,9106280.0,5805352.863436123,55353378.00335407,1,False,30,30,422638650.6371975,30,0.0644907068057141,0.5530001095363072,0.0585805226819568,9.289766223769096,0.8137427127138607,12.719848950249071,9.275203108917063,9.079999923706056,8.569999694824219,8869600.0,False,False,False,0.05508469567837,0.183262671518687,0.319915215924907,0.5728476246084646,0.7166296226340504,0.5441993609815823,0.9905561222340316,False,False,0.320279643982045,1.283123688106734,1.8868500414206717,2.827398121992774,3.650246164250202,4.099571778206879,0.0,0.0,1.6180885505106142,89.0,95.0,95.0,99.0,99.0,99.0,99.0,99.0,99.0,99.0,99.0,100.0,NUVB
2025-12-19,15.36847686767578,16.055280162884387,15.348570007292652,15.965698816532006,1855400.0,-0.0504305437330069,15.234839237397654,14.5313723165078,13.60333393096924,13.501778666178383,13.791762599945068,15.625852546691895,16.88253375530243,10.93564473089424,20.226980855918494,10.93564473089424,20.226980855918494,10.93564473089424,22.474125241340147,10.93564473089424,22.474125241340147,10.93564473089424,22.474125241340147,10.93564473089424,23.179533017369355,878730.0,820788.0,576851.9823788546,18258448.031024933,-1,False,7,7,56293266.0232544,7,0.0610152503039547,1.089967505547102,0.0709222855935456,1.6119460470648772,-0.7488316482302855,-9.205415184217149,-11.741058590789743,16.45342876604099,15.99555863677025,1596000.0,False,False,True,0.0459843979124661,0.4666412016254778,0.5833015269501717,0.7999999658244346,2.126419976900247,0.1143228979113222,0.6630192616977902,False,False,0.3669720373699161,1.3285020413089974,0.1113992692565681,1.0885110627823766,-0.158675475114256,0.7416962794465374,0.0,0.0,1.523319719516684,86.0,96.0,96.0,78.0,78.0,22.0,22.0,91.0,86.0,80.0,75.0,80.76923076923077,NX
2025-12-19,2.180000066757202,2.244999885559082,2.069999933242798,2.109999895095825,8583900.0,0.0380953170274696,2.1538921407544955,2.0607479158734736,1.927200002670288,1.8950000007947283,1.917999997138977,1.9692999911308289,1.7809499984979629,1.559999942779541,3.7200000286102295,1.559999942779541,3.7200000286102295,1.559999942779541,3.7200000286102295,1.559999942779541,3.7200000286102295,1.409999966621399,3.7200000286102295,1.3200000524520874,3.7200000286102295,7213727.5,6029478.0,3004126.872246696,29160746.98511064,1,False,8,8,197989626.63669583,8,0.1040451394958621,0.3192857333592006,0.1464613410925923,0.9326738450826224,0.2505597769212963,-3.729527696153014,-6.031148438628713,2.1700000762939453,2.0799999237060547,6887600.0,False,False,True,0.0802752050263009,0.8623852925051372,0.9885320666963924,0.8723898005526222,3.579513848462504,0.1366006621527855,0.5860215188147828,False,False,0.3540372965140019,1.3159313162604098,-0.0180180006024901,0.9617590179921108,0.371069195592975,1.2087094707873502,0.0,0.0,2.4012725849374896,95.0,96.0,96.0,49.0,49.0,81.0,81.0,91.0,86.0,80.0,75.0,84.61538461538461,NXDR
2025-12-19,27.93000030517578,32.0,27.059999465942383,32.0,5124500.0,-0.0934761184903678,30.48062904954536,27.647525921475022,26.309999847412108,23.299666547775267,17.547999897003173,12.399199953079224,8.433574981689453,7.820000171661377,36.25899887084961,6.650000095367432,36.25899887084961,5.150000095367432,36.25899887084961,4.369999885559082,36.25899887084961,3.890000104904175,36.25899887084961,2.859999895095825,36.25899887084961,5106292.5,4445820.0,1677477.5330396476,99915647.60578156,-1,False,31,31,1758785866.6992188,31,0.0944538323048649,2.75292832510812,0.0985652808817895,6.002462487071182,-1.0461584250122065,10.361778394035424,10.217948004826988,33.10499954223633,30.46999931335449,2340700.0,False,False,True,0.1768707654880394,0.380916502519503,0.5810597209766827,0.655554822969374,0.8276088550593591,0.5916344010205763,0.7702915462354389,False,False,0.437467826376501,1.3970139033212798,2.352941243815714,3.2838906212292684,5.665871103520663,5.876509777749421,0.0,0.0,3.0440303368756423,97.0,97.0,97.0,99.0,99.0,99.0,99.0,99.0,99.0,99.0,99.0,57.692307692307686,OLMA
2025-12-19,9.220000267028809,9.239999771118164,7.860000133514404,7.989999771118164,125776600.0,0.1820512873808228,8.333694937922326,8.16762108764138,8.096999988555908,7.732833337783814,7.622500019073486,6.731049997806549,3.998290000855923,4.949999809265137,9.859999656677246,4.949999809265137,11.699999809265137,3.200000047683716,11.699999809265137,1.7100000381469729,11.699999809265137,0.828000009059906,11.699999809265137,0.5699999928474426,11.699999809265137,100290232.5,89654414.0,37543719.38325992,785582082.9181147,1,False,36,36,1544033879.2822838,25,0.1345061557201863,1.0699284076690674,0.1160442924817677,1.8060081886436097,1.3271916757379494,7.951954813056554,5.959082848416156,8.33899974822998,7.739999771118164,67598900.0,False,False,False,0.1496745767501449,0.2798263961114086,0.4262472575399486,0.6564884375477367,0.9115924844481164,0.2095769424674265,0.7880342237037956,False,False,0.2293333689371743,1.1947368676425607,0.2699724485337718,1.2438185788825715,5.44755287078071,5.684044425594666,0.0,0.0,2.6712918737805627,96.0,90.0,90.0,90.0,90.0,99.0,99.0,98.0,96.0,98.0,99.0,96.15384615384616,ONDS
2025-12-19,6.360000133514404,6.426000118255615,6.210000038146973,6.320000171661377,61502300.0,0.0127388409288757,6.6309099715770055,6.899447723806791,7.072799987792969,7.258666642506918,7.304599990844727,6.601849993467331,3.79481999784708,5.239999771118164,9.454999923706056,5.239999771118164,9.6899995803833,2.259999990463257,10.869999885559082,0.5419999957084656,10.869999885559082,0.5080000162124634,10.869999885559082,0.5080000162124634,10.869999885559082,114928432.5,111228374.0,154516738.32599118,585252412.084341,1,False,151,151,11059980509.260178,99,0.0852408501408406,0.5240714209420341,0.0824011650849515,-1.5693437601201137,0.1526508038966376,-0.2480565083575276,3.4498436558538006,6.585000038146973,6.239999771118164,87649800.0,False,True,False,0.0339622760336775,0.2657232738588953,0.3427673363854409,0.775229275522596,0.6273041445341995,-0.129315754252696,0.5850966145789694,True,True,-0.0493273424340091,0.9239183623851231,-0.2410501137637849,0.743320038187675,11.0000008996928,10.578980830097594,0.0,0.0,0.743792767988217,19.0,19.0,19.0,19.0,19.0,99.0,99.0,76.0,67.0,98.0,99.0,7.6923076923076925,OPEN
2025-12-19,51.4659538269043,52.03260589790642,49.85546919312422,49.95488037346748,11740100.0,0.0343655861283673,48.657753561790805,46.13716649980826,44.062094116210936,42.92242711385091,40.36493637084961,37.31634649276734,31.80633031845093,33.42255049601934,52.03260589790642,32.885722151752084,52.03260589790642,30.410344991491883,52.03260589790642,26.612779218449766,52.03260589790642,22.45943174131273,52.03260589790642,20.341176078874604,52.03260589790642,6147607.5,6356664.0,5408821.585903084,317479832.50082016,1,False,221,221,827949500.4806519,10,0.0477515935172856,2.27015939449521,0.0441099256050018,6.234795137711715,0.753205299941811,11.757816661424394,6.660463874638863,50.521536017374856,49.17946602636192,5065700.0,False,False,False,0.0423024648897905,0.1723005482173365,0.3191037245733945,0.5399515422381321,1.2450587289181874,0.2750163496868911,0.9891096734206632,False,False,0.3257363312429826,1.288426810604315,0.3853358739645913,1.3568062047480405,0.7833274534532255,1.5721487941181234,0.0,0.0,1.1365890707178068,64.0,95.0,95.0,93.0,93.0,91.0,91.0,94.0,92.0,90.0,90.0,100.0,PAAS
2025-12-19,36.38999938964844,36.970001220703125,35.099998474121094,35.599998474121094,1464100.0,0.0279660401439756,33.87612771693045,30.834689210821686,29.346000175476075,26.43133347829183,20.851800060272215,16.31090000152588,13.671400022506711,10.3100004196167,36.970001220703125,10.3100004196167,36.970001220703125,7.5,36.970001220703125,7.5,36.970001220703125,7.5,36.970001220703125,7.5,36.970001220703125,1913890.0,1641664.0,895929.5154185022,52915315.119161606,1,False,29,29,349295741.84417725,29,0.0590767600783057,1.6269291469029017,0.0447081388895461,16.667503116351465,0.6085070549348368,4.5840950471465565,-0.958279401340161,36.275001525878906,34.82500076293945,1215300.0,False,False,False,0.051387820223871,0.1912613659949976,0.3396537734998563,0.563106848554057,0.7262813827920939,0.7451730442677844,0.9843115549931364,False,False,1.1622103122169931,2.1013603314420344,1.7238024195203434,2.6677083101418244,1.854117599188113,2.5161377587420155,0.0,0.0,2.136205992840847,94.0,99.0,99.0,99.0,99.0,97.0,97.0,99.0,99.0,99.0,99.0,100.0,PACS
2025-12-19,3.5999999046325684,3.890000104904175,3.5999999046325684,3.670000076293945,488800.0,-0.0136986820351932,3.050085367525023,2.6455552025062845,2.189600005149841,2.249333337942759,2.3780000042915344,2.6365999948978422,3.1270499926805497,1.5700000524520874,4.099999904632568,1.5700000524520874,4.099999904632568,1.5700000524520874,4.099999904632568,1.5700000524520874,4.099999904632568,1.5700000524520874,4.320000171661377,1.5700000524520874,5.579999923706055,3939192.5,3177804.0,832578.4140969163,23404467.84308433,-1,False,8,8,391181324.5037556,8,0.124784459040302,0.4221428888184683,0.1172619166670656,4.382302281144663,-0.1184437593507931,-8.563048533347798,-14.028577469104205,3.7699999809265137,3.5899999141693115,329800.0,False,True,False,0.0805556133205523,0.702777755334053,0.702777755334053,1.0,4.7861416248453335,0.5138771649014771,0.645161282052772,False,False,1.1428571529939875,2.0825518182971647,0.3688211969518684,1.3406316317355431,0.1042944525042763,0.9735257473293126,0.0,0.0,4.731317114764229,99.0,99.0,99.0,93.0,93.0,59.0,59.0,99.0,98.0,96.0,94.0,88.46153846153845,PETS
2025-12-19,4.320000171661377,4.53000020980835,4.119999885559082,4.21999979019165,23042100.0,0.0359712452333438,3.9271408482531114,3.8726334244675256,3.913599987030029,3.919333322842916,3.903000001907349,3.6274000072479247,2.580650004744529,3.4200000762939453,5.190000057220459,2.990000009536743,5.190000057220459,1.7999999523162842,5.230000019073486,1.4500000476837158,5.230000019073486,1.2799999713897705,5.230000019073486,1.1100000143051147,5.230000019073486,4640137.5,4910076.0,4453551.54185022,18546320.105187893,1,False,126,126,510731811.94024086,126,0.0711621882675248,0.2664286068507603,0.0616732861721849,1.7323697453796636,0.5630029640602896,4.524832943700163,1.9140165710341923,4.260000228881836,3.900000095367432,5908400.0,False,False,False,0.0949074786938238,0.2569444651405008,0.2569444651405008,1.0,1.2713591398585276,0.1068409350628352,0.8260038539018363,False,False,0.0236967740382718,0.9948873984342188,0.1220779944600189,1.0989698698393082,1.9189189972887943,2.5732654834814515,0.0,0.0,1.041895991636433,52.0,46.0,46.0,79.0,79.0,97.0,97.0,82.0,88.0,97.0,97.0,84.61538461538461,PGEN
2025-12-19,19.18000030517578,19.82999992370605,17.989999771118164,17.989999771118164,23140600.0,0.096626675595981,16.57859414094276,15.120867023522935,13.59319980621338,13.411666520436604,13.419999866485597,11.329799942970276,7.9528999722003935,10.520000457763672,19.82999992370605,10.520000457763672,19.82999992370605,6.099999904632568,19.82999992370605,5.869999885559082,19.82999992370605,3.470000028610229,19.82999992370605,2.789999961853028,19.82999992370605,10507577.5,10895130.0,9097544.052863436,206630769.0808964,1,False,197,197,1030287968.5052872,8,0.0708237237473641,1.4686429159981864,0.0765715793863605,5.605345671687673,1.1507225586615666,11.286604978098977,5.654430356516226,17.950000762939453,17.040000915527344,9282900.0,False,False,False,0.0959332702456402,0.3790927942000691,0.4854014242862161,0.7809882197142828,1.8330345759986344,0.429210171087625,0.9672214008557196,False,False,0.6268024060418462,1.581020136586844,0.7263727180809016,1.6908197207775308,2.618867851873871,3.19032756344295,0.0,0.0,1.1549905599734644,66.0,98.0,98.0,97.0,97.0,98.0,98.0,97.0,96.0,98.0,98.0,100.0,PL
2025-12-19,33.09000015258789,33.560001373291016,32.68000030517578,32.779998779296875,2288300.0,0.0066930705157315,32.38939743432845,29.70563506578289,26.68679992675781,25.910333251953126,24.963600006103515,23.6842999458313,21.53169997215271,20.049999237060547,39.79999923706055,20.049999237060547,39.79999923706055,20.049999237060547,39.79999923706055,18.61000061035156,39.79999923706055,16.59000015258789,39.79999923706055,16.459999084472656,39.79999923706055,1353937.5,1226250.0,807051.5418502203,71436393.25691223,1,False,9,9,578357256.3720703,9,0.0539380883463789,2.411428451538086,0.0728748395411987,4.466973505210942,0.091232738239777,3.789532293593455,1.6654840817096663,34.04999923706055,32.869998931884766,1370600.0,False,True,True,0.0265941693580322,0.4714414748318172,0.5968570537602551,0.7898733404618274,2.829757390417941,0.3255299774270337,0.8314070549472646,True,False,0.608653409990761,1.5633818984646028,0.320430999911178,1.2932379845863555,0.8062227458407931,1.5923328642104646,0.0,0.0,1.6776344877503198,90.0,98.0,98.0,92.0,92.0,92.0,92.0,96.0,93.0,89.0,88.0,73.07692307692307,PLAB
2025-12-19,17.010000228881836,17.969999313354492,16.950000762939453,17.969999313354492,1836500.0,-0.0565724026022455,18.27206136607599,17.78319424949106,16.998800048828127,16.56633342107137,16.643600044250487,19.724300022125245,21.821175060272218,13.039999961853027,21.26499938964844,13.039999961853027,21.26499938964844,13.039999961853027,26.674999237060547,13.039999961853027,35.529998779296875,13.039999961853027,35.529998779296875,13.039999961853027,35.529998779296875,1618255.0,1561436.0,1325164.3171806168,31876436.69567108,-1,False,94,94,166460848.99673462,191,0.0665862811634565,1.1053570338657923,0.0649827759548745,0.3387740633569734,-0.922779180403276,-16.598337221843586,-17.529719388587875,18.7549991607666,17.93000030517578,1154500.0,False,False,False,0.0599646406049513,0.2536742250821612,0.4835390545045328,0.5246199303220567,1.3072581905374283,0.0220144790584486,0.4787503747057111,False,False,0.2553505527263999,1.2200218631129869,-0.1290322769669348,0.8530309746217836,-0.4627289857592266,0.4736482778401906,0.0,0.0,1.2211730870047537,71.0,92.0,92.0,29.0,29.0,9.0,9.0,86.0,79.0,73.0,66.0,38.46153846153847,PLAY
2025-12-19,9.43000030517578,10.199999809265137,9.149999618530272,10.09000015258789,107700.0,-0.0672600766165558,10.317853850028698,9.28134639349221,7.787639970779419,7.331499981880188,6.960059971809387,6.738689973354339,176.9940749871731,2.880000114440918,18.200000762939453,2.880000114440918,18.200000762939453,2.880000114440918,18.200000762939453,2.880000114440918,18.200000762939453,2.880000114440918,18.200000762939453,2.880000114440918,2235.0,4804157.075,3854101.02,1266654.140969163,80790523.83746073,-1,False,17,17,1095642942.596054,17,0.1930454784062494,2.836642759186881,0.3008104631375199,1.179724345893297,-0.2397197705982496,-8.663219285364892,-9.058779706405293,10.61299991607666,10.0,78300.0,False,False,True,0.1113467822645304,0.5715800815366231,1.6246023491738328,0.351827683757377,0.0903012137445219,0.3548734268627704,0.0042192395101457,False,False,1.2388415347364332,2.175834960594621,0.3908554591980373,1.362212119395254,1.284399419062606,2.013884654222656,0.0,0.0,3.792793091351808,98.0,99.0,99.0,93.0,93.0,95.0,95.0,99.0,99.0,98.0,98.0,57.692307692307686,PLRZ
2025-12-19,2.200000047683716,2.3399999141693115,2.0899999141693115,2.289999961853028,141750900.0,-0.0265486473596144,2.224004349901671,2.236733603085433,2.1312000036239622,2.2080000042915344,2.557600018978119,2.2718000078201293,1.7501500034332276,1.7000000476837158,2.930000066757202,1.7000000476837158,4.579999923706055,1.409999966621399,4.579999923706055,1.350000023841858,4.579999923706055,0.7400000095367432,4.579999923706055,0.6899999976158142,4.579999923706055,109338632.5,116106172.0,98201853.30396476,216705086.84710264,-1,False,77,77,1903102972.4182608,77,0.0853892518185064,0.2057142683437892,0.0935064835841148,-1.495282062786148,-0.2916664131399444,1.8872098616063424,0.3256554526298003,2.490000009536743,2.240000009536743,122369100.0,False,False,True,0.1136363611733618,0.1818182212262105,0.3045454284376355,0.5970151059530455,0.8994684623656355,-0.1398185676575343,0.4803493633911493,False,False,0.1578947764684624,1.1253087350045827,-0.1698113326374509,0.8130917246555069,1.0183486057927182,1.7793391340230635,0.0,0.0,1.1134070164802643,61.0,83.0,83.0,25.0,25.0,94.0,94.0,85.0,78.0,87.0,84.0,50.0,PLUG
2025-12-19,6.78000020980835,6.829999923706055,6.179999828338623,6.230000019073486,6385000.0,0.1060359026480564,6.263905642042976,6.02570220338481,5.49120002746582,5.43300002415975,6.135800008773804,5.884800009727478,5.233200007677079,3.869999885559082,7.480000019073486,3.869999885559082,9.40999984741211,3.869999885559082,9.40999984741211,3.869999885559082,9.40999984741211,3.869999885559082,9.40999984741211,3.0899999141693115,9.40999984741211,9682192.5,11206868.0,4377008.370044053,47623732.271876335,1,False,72,72,545950329.8117638,72,0.0927349313195755,0.6528571673801967,0.0962916146279368,1.0903381080658512,0.9956237410638684,-1.0429037336656597,-3.898485531760432,6.519999980926514,6.099999904632568,4846300.0,False,False,False,0.0958702175889468,0.2463126879963844,0.5324483807967977,0.462603882141181,0.697792639299401,0.1049904169160307,0.7205101296226855,False,False,0.5952941670137293,1.550398617841338,0.3139535678879366,1.2868939490891618,0.712121248610128,1.509374709156312,0.0,0.0,2.212057113316088,94.0,98.0,98.0,92.0,92.0,90.0,90.0,97.0,95.0,91.0,87.0,88.46153846153845,POET
2025-12-19,15.9399995803833,16.197999954223633,14.600000381469728,14.68000030517578,7966800.0,0.1178120143433685,14.548737182610664,14.446435419602263,13.665199928283691,13.699999968210856,15.915900020599365,16.506449909210204,14.455199942588806,10.482999801635742,16.197999954223633,10.482999801635742,24.920000076293945,10.482999801635742,24.920000076293945,10.482999801635742,24.920000076293945,10.482999801635742,24.920000076293945,4.110000133514404,24.920000076293945,5851607.5,5904516.0,7859838.325991189,71014645.46302319,1,False,235,235,812940654.675293,227,0.0644295931506546,0.9152143342154366,0.0574162081749207,0.0263720201779964,1.8356348766561188,-0.0848291588380467,-3.374643938926213,14.8100004196167,14.06999969482422,3525700.0,False,False,False,0.1002509168645461,0.169259725548798,0.3585320139920898,0.4720909680119454,0.7189683286487835,0.001514181400533,0.6396468511870834,False,False,0.3350083869828404,1.2974379276138712,-0.2247081714769548,0.7593254337809837,0.4031690195530943,1.237008087192646,0.0,0.0,0.7444946393680515,19.0,95.0,95.0,20.0,20.0,83.0,83.0,94.0,90.0,86.0,81.0,100.0,PONY
2025-12-19,27.600000381469727,28.0,26.34000015258789,26.350000381469727,3578200.0,0.0470409613963065,26.6345061574418,25.908189981467224,25.17159996032715,24.75033334096273,24.684799995422363,21.603000049591063,17.42807501792908,20.3799991607666,29.850000381469727,19.75,31.652000427246094,16.280000686645508,31.652000427246094,11.68000030517578,31.652000427246094,11.68000030517578,31.652000427246094,7.809999942779541,31.652000427246094,2821602.5,3248776.0,2292641.40969163,64532943.52089882,1,False,190,190,208438036.09542847,28,0.0700837015780475,1.9110713686261855,0.0692417152975568,1.7055756303520713,0.6488505827019764,4.3686748046176,1.871365683743333,26.8700008392334,25.57999992370605,1301400.0,False,False,False,0.0601449211764001,0.2163043890648387,0.3208333123133381,0.6741955425550934,0.7975896152889581,0.118096982215289,0.8719828133741462,False,False,0.1552951480370834,1.1227822665887572,0.4634146070133793,1.4332769808611907,1.1198156229719771,1.8687905964520408,0.0,0.0,1.2307212493294002,72.0,83.0,83.0,95.0,95.0,95.0,95.0,89.0,86.0,90.0,94.0,92.3076923076923,PPTA
2025-12-19,272.9200134277344,279.1400146484375,267.510009765625,271.6499938964844,1149900.0,0.0135928230311481,260.02942541188537,238.89765375778836,220.9980004882813,213.5436670939128,190.9500005340576,119.2299002456665,80.145475025177,159.73500061035156,282.989990234375,48.63999938964844,282.989990234375,37.18999862670898,282.989990234375,37.18999862670898,282.989990234375,35.209999084472656,282.989990234375,26.700000762939453,282.989990234375,919552.5,1213954.0,623259.9118942731,231457689.6586609,1,False,64,64,2235944641.2612915,64,0.0732273786668975,21.20714351109096,0.077704611123018,5.52444365082811,0.1725835287621483,7.249817175872694,5.533086455561709,275.3099975585937,262.30499267578125,349200.0,False,True,False,0.0426132357856268,0.1172137940072523,0.4502417689370385,0.2603352289681578,0.6525535563950529,0.4292747455586243,0.9644157844653778,False,False,0.4415804081411585,1.4010107467972517,4.647010202519136,5.530715420749502,5.555849301593367,5.779516573897956,0.0,0.0,1.4753916984732824,85.0,97.0,97.0,99.0,99.0,99.0,99.0,97.0,99.0,99.0,99.0,92.3076923076923,PRAX
2025-12-19,9.109999656677246,9.470000267028809,9.010000228881836,9.220000267028809,2242900.0,0.0066297751025252,9.76950511354596,9.876386989775964,9.962400016784668,10.04366668065389,9.043400030136109,7.019100017547608,6.535100009441376,8.789999961853027,11.649999618530272,4.869999885559082,11.65999984741211,4.510000228881836,11.65999984741211,4.510000228881836,11.65999984741211,4.510000228881836,11.65999984741211,4.510000228881836,11.65999984741211,3708137.5,3412382.0,2368199.118942731,24841300.641622543,1,False,51,51,284459709.7759247,51,0.0586761895346934,0.6266429083687919,0.0687862713484834,0.1070627225877498,0.0957474586261046,0.8280635729182269,-0.1758862279962462,9.265000343322754,8.859999656677246,1934000.0,False,False,False,0.0504939687686828,0.313940698623516,0.313940698623516,1.0,0.7769968309526893,0.0073644454872283,0.7813035828383115,False,False,-0.058884362657898,0.9146303005015046,0.8404040419609009,1.8025026784513545,0.4837133313964736,1.3080144761160273,0.0,0.0,1.565804779817449,87.0,18.0,18.0,97.0,97.0,85.0,85.0,22.0,96.0,94.0,91.0,0.0,PUMP
2025-12-19,4.880000114440918,4.949999809265137,4.340000152587891,4.360000133514404,968100.0,0.1192660470189859,4.878883815155869,4.726559919678729,4.442200021743775,4.238500014940898,4.115900001525879,5.237149991989136,13.184574999809264,2.5,8.170000076293945,2.5,8.170000076293945,2.5,10.800000190734863,2.5,17.399999618530273,2.5,33.599998474121094,2.5,138.0,5642702.5,4713176.0,1572541.9823788546,64521397.948726416,1,False,15,15,664463943.3258057,15,0.1895496490334107,1.233142818723406,0.2526931946321649,0.7346693186567538,0.4216867446585273,-8.369600646844289,-10.316030625800042,4.769999980926514,4.320000171661377,910900.0,False,False,True,0.1249999267156024,0.7663934754607683,1.0286884965578806,0.7450199725429184,0.6132276834134774,0.185645937129611,0.0353623196698617,False,False,0.5061728703941155,1.463785416366448,0.3153638987233873,1.2882752355080362,-0.6463768081889386,0.3117477238974966,0.0,0.0,3.588268270882048,97.0,98.0,98.0,92.0,92.0,4.0,4.0,98.0,97.0,94.0,90.0,73.07692307692307,QCLS
2025-12-19,28.950000762939453,29.3799991607666,28.15999984741211,28.280000686645508,1279800.0,0.0222458006675181,28.505763955056043,27.674994349822256,26.5007999420166,25.641999944051108,26.47579990386963,26.928299980163573,28.6403999710083,19.5,30.399999618530277,19.5,32.810001373291016,19.5,32.810001373291016,19.5,32.810001373291016,19.5,33.0,19.5,46.11000061035156,1420745.0,1360938.0,1349707.488986784,29994753.40560913,1,False,175,175,312286799.0779877,175,0.0491865366140849,1.208571297781808,0.0417468485641274,2.2385261221064616,0.5212775359397729,-4.076817268238693,-8.222262711136157,30.0,28.15999984741211,990100.0,False,False,True,0.0421415986598619,0.122970617344499,0.2894645575102822,0.4248209812012337,0.7432006454371911,0.0934514110264219,0.6278464623667834,False,False,0.3792282552939374,1.3404133387501052,0.0172172064030085,0.9962685895618024,0.0470163169021511,0.9230303929052872,0.0,0.0,1.0526317825105522,54.0,96.0,96.0,60.0,60.0,48.0,48.0,93.0,90.0,84.0,79.0,84.61538461538461,QDEL
2025-12-19,11.43000030517578,11.619999885559082,11.140000343322754,11.260000228881836,19797100.0,0.0372050662777661,11.549416747993178,12.090232964855758,12.08360008239746,12.637000115712484,13.992600021362303,12.14840000152588,8.836500008106231,10.5,17.579999923706055,10.5,19.06999969482422,7.400000095367432,19.06999969482422,6.28000020980835,19.06999969482422,3.799999952316284,19.06999969482422,3.400000095367432,19.06999969482422,27616747.5,31879194.0,29101663.876651984,200188890.9693241,1,False,176,176,2173303658.96616,154,0.0623625882752072,0.7771427290780204,0.0679914880427528,-2.6935671544128983,0.5275734200055134,-3.631281500065792,-3.7017234789840905,11.56999969482422,10.960000038146973,16772800.0,False,False,True,0.0419947094856132,0.2187226538277465,0.2274715933552848,0.9615383204624,0.5806856346493579,-0.1831396389716163,0.5993707649758376,True,False,-0.0826645048007858,0.8915193907566148,-0.1495535221698418,0.8329323448643823,1.6957549344776228,2.3765281363612094,0.0,0.0,0.9489748633292642,39.0,15.0,15.0,27.0,27.0,97.0,97.0,43.0,36.0,86.0,88.0,15.384615384615383,QS
2025-12-19,2.9600000381469727,3.180000066757202,2.9200000762939453,3.059999942779541,258100.0,-0.0231022884170823,3.021216673506556,2.949027421938356,2.7927999925613403,2.722333331902822,2.829199993610382,2.378849992752075,2.1063249921798706,1.9049999713897705,6.369999885559082,1.8049999475479128,6.369999885559082,1.6200000047683716,6.369999885559082,1.3450000286102295,6.369999885559082,1.3450000286102295,6.369999885559082,1.3450000286102295,6.369999885559082,4586582.5,3763208.0,1294681.497797357,34407098.80658507,-1,False,18,18,642269958.775878,18,0.1385647707548769,0.3899285963603428,0.1317326322078181,0.3509545471197824,-0.1795198759367449,-0.0397263097180973,-1.120775631136167,3.0999999046325684,2.825000047683716,152000.0,False,False,True,0.0878378334839558,0.3108108325802206,1.4999999597265918,0.2072072272834412,0.0895671990493217,0.0462321662773916,0.4646781933006549,False,False,0.3962265084586867,1.356933218755482,0.5828877168979549,1.5502896561541717,0.9346405839852836,1.7055436763869802,0.0,0.0,3.542633850721709,97.0,96.0,96.0,96.0,96.0,93.0,93.0,95.0,93.0,92.0,93.0,53.84615384615385,QTTB
2025-12-19,23.989999771118164,25.399999618530277,23.100000381469727,23.76499938964844,7286400.0,0.0025072906467704,22.70699573893944,24.725405963998885,24.844799880981444,25.545333290100096,37.98629997253418,31.538500022888183,22.601550002098083,19.290000915527344,31.43000030517578,19.290000915527344,71.5,13.649999618530272,71.5,12.329999923706056,71.5,12.329999923706056,71.5,7.760000228881836,71.5,3952010.0,3569620.0,2393586.3436123347,73385193.69294167,1,False,86,86,3328785750.0,86,0.0766113677862805,1.9392142977033344,0.0808342774574752,-4.55817185037232,0.0309400905374108,-0.926099955776798,-2.94687528000594,25.75,22.799999237060547,3112000.0,True,True,True,0.0958732496458604,0.2692788306004872,0.4460191312078573,0.6037382967660098,1.0487979112622632,-0.3684565280518496,0.335524472323331,False,False,-0.1416816058578462,0.8341631778400024,0.7346348447910558,1.6989116968790885,0.7197132687546552,1.516067694952065,0.0,0.0,1.6510831165738251,89.0,9.0,9.0,97.0,97.0,90.0,90.0,80.0,72.0,91.0,90.0,38.46153846153847,QURE
2025-12-19,21.799999237060547,22.09000015258789,21.59000015258789,21.71999931335449,9181200.0,-0.0036563037831145,21.186209102490054,20.396638458844087,19.42479988098145,19.216999944051107,18.819799995422365,19.50629995346069,18.237599992752077,15.5,22.309999465942383,15.5,22.309999465942383,15.5,22.350000381469727,15.5,22.350000381469727,15.5,24.690000534057617,11.850000381469728,24.690000534057617,7381705.0,7358210.0,6845449.7797356825,141249392.01691628,-1,False,175,175,446022074.1645813,182,0.0413957630010402,0.8185710906982422,0.0375491339149521,4.2172599529550325,-0.0977311862282048,-6.269577476617872,-10.370796619992584,21.979999542236328,21.190000534057617,5554300.0,False,True,False,0.0229357806192023,0.0733945154800595,0.284862353293825,0.2576490527140868,0.973459577804928,0.1583544587276735,0.8829485121715338,False,False,0.3374233286769061,1.2997849068369294,0.0932797719752336,1.0707647192419665,-0.0961858010551622,0.7967860306453997,0.0,0.0,1.0783374705124231,57.0,95.0,95.0,76.0,76.0,28.0,28.0,91.0,86.0,81.0,75.0,92.3076923076923,QXO
2025-12-19,21.979999542236328,22.440000534057617,21.8700008392334,21.979999542236328,4507900.0,-0.000454762573257,22.907588046681564,22.98123294944381,23.361599960327148,22.762999979654943,20.885999927520757,16.14669997215271,12.456299979686737,18.56999969482422,26.399999618530277,12.149999618530272,26.399999618530277,9.729999542236328,26.399999618530277,8.029999732971191,26.399999618530277,7.909999847412109,26.399999618530277,6.5,26.399999618530277,2188857.5,2027444.0,1253972.6872246696,58051041.79284096,-1,False,7,7,124314082.33032228,46,0.0588969939035697,1.3585714612688338,0.0618094399255209,0.8474363496656343,-0.0073608412710923,9.690158853807906,8.948777616333842,22.69499969482422,21.809999465942383,1175900.0,True,True,False,0.0259326527158892,0.2752501985013689,0.2752501985013689,1.0,1.393976849668844,0.0523795661453607,0.8325757522666202,True,True,0.0870425464218205,1.056450463090432,0.7555909535615468,1.7194362346042291,1.5469292295206731,2.245326122884224,0.0,0.0,1.7455384174630195,91.0,67.0,67.0,97.0,97.0,96.0,96.0,70.0,95.0,96.0,96.0,30.76923076923077,RCUS
2025-12-19,8.0,8.399999618530273,7.199999809265137,7.300000190734863,35334800.0,0.1396011426974597,6.977455847032653,6.701845807322207,6.150399971008301,6.138333304723104,6.871999950408935,8.20889994621277,10.76339998960495,4.869999885559082,8.399999618530273,4.869999885559082,11.850000381469728,4.869999885559082,11.850000381469728,4.869999885559082,20.32999992370605,4.869999885559082,22.25,4.869999885559082,26.65999984741211,8085552.5,8177162.0,4658573.127753304,68437516.85421467,1,True,0,0,282678400.0,0,0.0925214890185233,0.7653570175170898,0.0956696271896362,1.715741632142477,1.2804482047511947,-10.408392600794995,-15.317379079790912,7.480000019073486,6.929999828338623,14522600.0,False,False,False,0.1499999761581421,0.259999930858612,0.4412499666213989,0.5892350153573996,1.8575980272862396,0.1641443623008087,0.300075020472161,False,False,0.4598540095174259,1.4187700835406327,-0.013563460090492,0.9661218214967108,-0.4791666550251342,0.459157129922029,0.0,0.0,1.7356285451076368,91.0,97.0,97.0,50.0,50.0,8.0,8.0,96.0,93.0,89.0,85.0,100.0,RDW
2025-12-19,15.524999618530272,16.040000915527344,15.420000076293944,15.5600004196167,4991200.0,-0.0117759655739962,14.753926403607403,14.324233518477584,14.198599967956545,14.05649995803833,12.99249994277954,10.809599976539612,8.18737499475479,10.489999771118164,16.239999771118164,9.425000190734863,16.239999771118164,7.211999893188477,16.239999771118164,4.909999847412109,16.239999771118164,4.699999809265137,16.239999771118164,4.610000133514404,16.239999771118164,3838672.5,3722402.0,3562536.1233480177,41843609.61783886,-1,False,38,38,346906789.7415161,38,0.0527879701133673,0.7419285093035016,0.0477892771358237,4.078741797789189,-0.2493507356798724,10.0474732089893,6.556603911021003,16.079999923706055,14.789999961853027,4101600.0,True,True,False,0.0399356427998478,0.1378422155172551,0.2344605753792183,0.5879121267799845,0.8373517959640039,0.1949201221400156,0.9559728963876296,True,False,0.1752459934669339,1.1421716455627355,0.4455307215443203,1.4157613969328104,2.1683672074227003,2.793174453086304,0.0,0.0,1.077511179421382,57.0,86.0,86.0,94.0,94.0,98.0,98.0,93.0,93.0,95.0,97.0,96.15384615384616,REAL
2025-12-19,9.880000114440918,10.140000343322754,9.68000030517578,9.729999542236328,2888400.0,0.0196078991006625,9.876496946143307,9.761407718791627,9.741599922180177,9.590333271026612,8.858999967575073,7.04699999332428,8.072799993753433,7.985000133514404,11.260000228881836,4.031000137329102,11.260000228881836,3.119999885559082,11.260000228881836,2.680000066757202,13.239999771118164,2.680000066757202,13.239999771118164,2.680000066757202,14.795000076293944,2184007.5,4622660.0,4386445.374449339,17073373.431959152,1,False,142,142,1525729708.5443497,142,0.0575292389325416,0.5917857033865792,0.0598973377056551,1.924126340743652,0.3210630688952296,-1.5752318751642012,-2.679197575050817,9.960000038146973,9.56999969482422,1162900.0,False,False,True,0.0465587077751772,0.160931187669107,0.2515182774865971,0.6398389384552091,0.3503523945087893,0.115250045219869,0.6677931776608544,False,False,0.0989989283628265,1.0680703626794958,2.021406780449443,2.9591837934938123,0.0704226006978872,0.943664943656467,0.0,0.0,0.4978991674492638,10.0,70.0,70.0,99.0,99.0,53.0,53.0,79.0,98.0,98.0,98.0,61.53846153846154,REPL
2025-12-19,23.76000022888184,24.030000686645508,22.81999969482422,22.94499969482422,32120000.0,0.0411919608513762,24.569995291148377,25.923010131384235,25.396799850463868,26.222333272298176,32.791500091552734,27.39495003700256,19.26852499485016,21.0,34.709999084472656,21.0,58.150001525878906,13.81999969482422,58.150001525878906,11.43000030517578,58.150001525878906,10.300000190734863,58.150001525878906,6.860000133514404,58.150001525878906,47638710.0,64197124.0,60984216.740088105,957641417.6450634,1,False,322,322,9947534009.35707,67,0.0871632924862515,2.259999683925084,0.0951178308987516,-2.895587260520674,0.4159294980188046,4.134331419659571,3.5177459251851326,23.959999084472656,22.25,34275800.0,False,False,True,0.0509259671786725,0.3030303322214357,0.387415817972795,0.7821836852379502,0.530909608972514,-0.2754219793987851,0.4085984454928648,True,False,-0.0667713635790192,0.9069652594201412,-0.1624956106443362,0.8202567863412794,1.202038953927985,1.941277177848268,0.0,0.0,0.7811645790751723,21.0,16.0,16.0,25.0,25.0,95.0,95.0,57.0,48.0,91.0,92.0,15.384615384615383,RGTI
2025-12-19,22.450000762939453,22.63999938964844,20.309999465942383,20.309999465942383,106165100.0,0.107001972525716,18.90491312569184,17.85384537047725,17.021600074768067,16.97033338546753,15.524400005340576,14.498699979782105,13.828674993515016,13.949999809265137,22.63999938964844,12.390000343322754,22.63999938964844,11.789999961853027,22.63999938964844,11.56999969482422,22.63999938964844,11.56999969482422,22.63999938964844,10.359999656677246,22.63999938964844,56757377.5,51265330.0,39101946.255506605,887052558.0394125,1,False,44,44,3047772267.079544,44,0.0678348274799056,1.3399997438703264,0.0596881825537575,7.474020288383111,1.6194033515456696,3.3759196572506074,-2.291128603512869,20.32999992370605,18.26000022888184,67245400.0,False,False,False,0.1037861846112908,0.3077950829658395,0.3870823734994604,0.7951668792954443,1.2255690151609284,0.4461106873834988,0.9916078342830762,False,False,0.5251358937285484,1.4822147730178503,0.4730971850462362,1.4427601554471057,0.6446887465449391,1.4499274513905718,0.0,0.0,1.4515230809516813,84.0,98.0,98.0,95.0,95.0,89.0,89.0,96.0,95.0,93.0,90.0,100.0,RIVN
2025-12-19,70.5199966430664,70.55999755859375,60.74700164794922,61.119998931884766,52764800.0,0.1769025166561961,58.0344204344514,54.53901371677266,49.29579986572266,49.41316668192545,54.94919982910156,51.45874984741211,39.4652499294281,37.56999969482422,70.55999755859375,37.56999969482422,73.97000122070312,37.56999969482422,73.97000122070312,33.72999954223633,73.97000122070312,23.920000076293945,73.97000122070312,14.710000038146973,73.97000122070312,20640787.5,21321004.0,20929009.25110132,1236005985.1470375,1,False,175,175,3720973518.8720703,0,0.0834328418426233,5.220714569091797,0.0740316905503582,3.827646290027874,2.0303731096268467,1.3426709860875403,-2.5626125521021867,60.25,56.02999877929688,27939400.0,False,False,False,0.1391519622485596,0.3026091513574794,0.4678105421749639,0.6468626165425357,1.4205878860113716,0.2833671256795704,0.9533594089400784,False,False,0.616689554559311,1.5711918859198792,0.4157798574340223,1.3866232234543838,1.1513117531781387,1.896557007509708,0.0,0.0,0.9862286003296522,45.0,98.0,98.0,94.0,94.0,95.0,95.0,98.0,96.0,93.0,92.0,100.0,RKLB
2025-12-19,8.399999618530273,8.6850004196167,8.140000343322754,8.1899995803833,5826500.0,0.0332102706382215,8.072005577391836,7.789104480650791,7.584799938201904,7.358333285649618,7.140199995040893,5.650100004673004,4.402124997377396,5.949999809265137,9.039999961853027,4.320000171661377,9.039999961853027,3.309999942779541,9.039999961853027,3.025000095367432,9.039999961853027,2.75,9.039999961853027,1.774999976158142,9.039999961853027,2347312.5,2244572.0,2085727.7533039649,17913505.19242525,1,False,148,148,48942597.77736664,0,0.0697733885971438,0.5008571829114642,0.0596258578163004,2.9590783034965464,0.5390748367026672,7.589450529062645,5.099483842876713,8.380000114440918,7.960000038146973,1298500.0,False,False,False,0.0648809644100082,0.1928571379914573,0.328571413974372,0.58695653300655,1.2728707299208937,0.1764375821915846,0.9292035015460812,False,False,0.3249210435904364,1.287634467175882,0.8502201958393332,1.8121166780158808,1.6006190615874307,2.292658094685987,0.0,0.0,1.1254165344837854,63.0,95.0,95.0,97.0,97.0,97.0,97.0,91.0,96.0,97.0,96.0,92.3076923076923,RLAY
2025-12-19,6.900000095367432,6.989999771118164,6.769999980926514,6.840000152587891,3466600.0,0.0237389213179044,6.823440755234207,6.78660761591177,6.60420000076294,6.514833323160807,6.722699995040894,7.205150008201599,7.8887249898910525,5.105000019073486,7.889999866485596,5.105000019073486,8.949999809265137,5.105000019073486,8.949999809265137,5.105000019073486,10.989999771118164,5.105000019073486,10.989999771118164,5.105000019073486,13.81999969482422,3419937.5,3305928.0,2937668.7224669605,21392718.1641984,1,False,77,77,182750016.9585228,77,0.0595310641852933,0.4285714285714285,0.062111800383766,0.4246108939587498,0.3733340899149577,-10.03436423013629,-12.955057022946397,6.829999923706055,6.599999904632568,2215200.0,False,True,True,0.0318840271233264,0.1920289552104099,0.3666666228990054,0.5237153949060216,0.778065946989771,0.0263733470863383,0.4992764289243492,True,False,0.2683823571305168,1.2326869200999016,-0.0763051821731838,0.9046722052568952,-0.1646489220132272,0.7364301981552068,0.0,0.0,1.1641671757760506,67.0,93.0,93.0,37.0,37.0,22.0,22.0,88.0,83.0,77.0,71.0,65.38461538461539,RUM
2025-12-19,18.26000022888184,18.65999984741211,18.059999465942383,18.07999992370605,10765600.0,0.0066152614813139,17.9540912899949,18.17940041988512,18.28479995727539,18.35533332824707,19.091000022888185,17.281000061035158,12.723200023174286,15.920000076293944,20.989999771118164,15.920000076293944,22.440000534057617,10.100000381469728,22.440000534057617,8.949999809265137,22.440000534057617,5.380000114440918,22.440000534057617,5.380000114440918,22.440000534057617,7803660.0,7744264.0,14628410.572687224,106426849.65903282,1,False,185,185,1063926485.8312608,126,0.0574992622793384,0.9835715975080218,0.0538648184654623,-0.8081035924455688,0.1220051895941614,-0.1293876765360986,-1.7228332675799076,18.8700008392334,17.684999465942383,7581800.0,True,True,True,0.0328587280366352,0.1110076890382502,0.187568411507642,0.5918250740942459,0.7337701813884444,-0.0435283533083685,0.8137254810296588,True,True,-0.0364116362151843,0.9364705884786938,0.0369108231687504,1.01555663509925,1.926282195297224,2.5797567438763886,0.0,0.0,0.5334591862338244,10.0,22.0,22.0,66.0,66.0,97.0,97.0,61.0,52.0,92.0,92.0,38.46153846153847,RUN
2025-12-19,28.989999771118164,29.030000686645508,28.030000686645508,28.170000076293945,1594200.0,0.0214940320081067,27.811768373407748,26.622588684010235,25.496399841308595,24.86933314005534,23.66119987487793,22.82169994354248,21.86614998817444,20.413000106811523,29.315000534057617,19.815000534057617,29.315000534057617,19.815000534057617,29.315000534057617,18.07999992370605,29.315000534057617,18.07999992370605,29.315000534057617,16.799999237060547,32.58000183105469,1085432.5,1097734.0,1310303.0837004406,28402291.840057373,1,False,226,226,84124803.10058594,136,0.0464741008883886,1.1895716530936105,0.0410338621071237,5.488456839208016,0.5127901364875244,-0.8446082955480838,-4.433560499091812,28.670000076293945,27.82999992370605,1192200.0,False,False,False,0.0344946536010762,0.12366336737239,0.2555364265102645,0.4839363571808525,1.019682363851352,0.2252125811209617,0.8898096421678345,False,False,0.3141432671326558,1.2771600041777345,0.2506470832377465,1.2248912010275317,0.4238702800617246,1.255257938997679,0.0,0.0,0.828382771514678,25.0,94.0,94.0,89.0,89.0,83.0,83.0,92.0,89.0,84.0,84.0,100.0,RVLV
2025-12-19,29.57999992370605,29.950000762939453,28.46999931335449,28.46999931335449,2558500.0,0.0397187743572435,29.038642824429445,28.250263179926996,27.57560012817383,26.95466677347819,25.921600074768065,22.45860007286072,17.81220004081726,22.020000457763672,31.350000381469727,21.46999931335449,31.350000381469727,15.979999542236328,31.350000381469727,14.56999969482422,31.350000381469727,11.460000038146973,31.350000381469727,9.399999618530272,31.350000381469727,984737.5,1059352.0,1026400.0,32591326.251125336,1,False,291,291,157933682.01007843,91,0.0499100854645713,1.502857072012765,0.0508065272443879,2.7778567990918863,0.7519006177035866,10.399744948970651,7.278645798591504,30.0,28.309999465942383,1345800.0,True,False,True,0.0500338557607248,0.1152805901354739,0.2650439544560223,0.4349489516637967,1.1115191173472083,0.1411332571440702,0.94354065594175,False,False,0.1719492944510285,1.1389677238639142,0.3494525465671074,1.3216618602068293,1.0315933428032666,1.7910154513921617,0.0,0.0,0.9594090997661732,41.0,85.0,85.0,93.0,93.0,94.0,94.0,88.0,85.0,92.0,92.0,80.76923076923077,SA
2025-12-19,4.360000133514404,4.670000076293945,4.360000133514404,4.539999961853027,10755700.0,-0.0311110814412435,4.675397159116286,4.559997885846875,4.279200010299682,4.238333336512247,4.547600011825562,3.99400000333786,3.277449994683266,3.1600000858306885,5.489999771118164,3.1600000858306885,6.550000190734863,2.7699999809265137,6.550000190734863,2.7699999809265137,6.550000190734863,1.625,6.550000190734863,1.2599999904632568,6.550000190734863,4947592.5,5841702.0,4645507.488986785,26925257.16572523,-1,False,65,65,213283394.7486877,65,0.1085436199798717,0.498428532055446,0.1143184671541935,-0.3608559751293182,-0.2808825287514276,-3.50293956249714,-4.12192156446761,5.050000190734863,4.460000038146973,4452700.0,False,False,True,0.0711009021299418,0.2694954483379218,0.534403581178188,0.5042919954686138,1.0417871366940663,-0.0412525019402154,0.6656488559621314,False,False,0.2823529444763817,1.2462643403395846,0.3415385026198168,1.3139107984360814,0.6769231897839469,1.47834474568453,0.0,0.0,1.065027343455882,55.0,93.0,93.0,92.0,92.0,90.0,90.0,90.0,85.0,87.0,83.0,57.692307692307686,SANA
2025-12-19,103.91000366210938,111.38999938964844,103.37999725341795,107.9800033569336,8383200.0,0.0128668229977431,98.74483767813156,91.32413812903488,83.40839996337891,81.44433339436848,78.33500045776367,67.22930019378663,45.81880012512207,65.76000213623047,111.38999938964844,65.76000213623047,111.38999938964844,26.520000457763672,111.38999938964844,26.040000915527344,111.38999938964844,14.899999618530272,111.38999938964844,14.899999618530272,111.38999938964844,4789835.0,4340888.0,3986984.581497797,603150318.5987854,1,False,115,115,2369478767.2481537,115,0.0580950011620509,6.638572692871094,0.0638877149351101,5.110254054276002,0.1988390253881312,12.908024197661389,11.033685664948225,105.86000061035156,101.58999633789062,4023700.0,False,False,False,0.077085957597279,0.2488692108455903,0.4391299744516983,0.5667324603753836,1.7451244998719155,0.326482454265576,0.9328485881270756,False,False,0.5037627490111323,1.461443121798919,0.420700089270384,1.3914421278152949,3.131610546250247,3.642352124101036,0.0,0.0,1.2013678262584588,70.0,98.0,98.0,94.0,94.0,99.0,99.0,95.0,92.0,99.0,98.0,88.46153846153845,SATS
2025-12-19,13.916133880615234,14.188237730130778,13.52741541956148,13.52741541956148,5142400.0,0.0294752514615856,13.112840450144652,12.578064819381147,12.18477996826172,11.985820770263672,11.46759386062622,10.201439447402954,7.965431659221649,10.048381618357306,14.188237730130778,9.445867630188484,14.188237730130778,6.8997587274158825,14.188237730130778,6.8997587274158825,14.188237730130778,4.635471926100891,14.188237730130778,2.9639808824173017,14.188237730130778,5435870.0,6348178.0,9107442.731277533,65550223.07765484,1,False,197,197,186891006.36291504,197,0.041266172918954,0.5407357981496071,0.0388567545259704,5.495008638669737,0.7368432076504818,5.089567765889536,1.4460469554994542,13.692620140534396,13.323337162248308,6451900.0,False,False,False,0.0474860558426937,0.1745810105437383,0.263268225572239,0.6631298181323232,0.8676095723843913,0.2135182017908772,0.9808218712787924,False,False,0.232358076703335,1.197676452602498,0.422045672109187,1.392759999660673,1.025459611079525,1.7856080659373754,0.0,0.0,0.5968601901093142,12.0,91.0,91.0,94.0,94.0,94.0,94.0,90.0,89.0,94.0,91.0,100.0,SBSW
2025-12-19,73.5,76.3949966430664,72.2249984741211,73.56999969482422,969900.0,0.0188522403917112,70.07909958567328,67.41323606243253,62.87119964599609,61.85833307902018,65.87939987182617,80.68720001220703,86.77518329620361,49.5,76.3949966430664,49.5,87.63999938964844,49.5,98.1999969482422,49.5,186.7400054931641,49.5,186.7400054931641,24.86000061035156,186.7400054931641,1035107.5,979186.0,1022549.7797356828,68484286.30302429,1,False,225,225,471241823.097992,225,0.0666758430642928,5.098356519426618,0.0693653948221308,1.6676183940832894,0.2667527477079052,-13.626208362444732,-15.742050526570274,75.27999877929688,71.95999908447266,858900.0,False,True,False,0.0567346689652423,0.140476148955676,0.3369387153054581,0.4169189902333566,1.3448415316395457,0.1156750083182351,0.3935953616681809,False,False,0.4096662995855777,1.3699947807031532,-0.2009132711728755,0.7826303008393539,-0.4930335069251308,0.4469323674699177,0.0,0.0,1.01228079112937,48.0,97.0,97.0,22.0,22.0,8.0,8.0,93.0,90.0,84.0,79.0,100.0,SEZL
2025-12-19,12.1899995803833,13.18000030517578,11.800000190734863,11.979999542236328,8864200.0,0.0499569285837557,11.064524980045842,10.405004303911229,10.258999977111817,9.513833332061768,8.114399995803833,7.150299983024597,7.224374990463257,4.809999942779541,13.18000030517578,4.614999771118164,13.18000030517578,4.614999771118164,13.18000030517578,4.400000095367432,13.18000030517578,4.25,13.18000030517578,4.25,13.18000030517578,7383895.0,7062274.0,2953160.3524229075,55767832.68071175,1,False,32,32,411190458.3734512,30,0.1229460794805539,1.3138572147914342,0.1077815635782098,4.6600504398504805,0.4414482161199881,1.5635836560715075,-2.1117718421951763,11.729999542236328,10.40999984741211,3252200.0,False,True,False,0.1132075604548565,0.2838392253692084,0.3568499205258336,0.7954022378678387,0.669695058560458,0.5022675227604094,0.9248861379461648,False,False,0.1766409251303962,1.1435273203766565,0.9441785673788778,1.9041400666314088,1.64425145929233,2.331123616709668,0.0,0.0,2.500336628839648,96.0,86.0,86.0,98.0,98.0,97.0,97.0,99.0,99.0,97.0,96.0,100.0,SGML
2025-12-19,23.61000061035156,23.815000534057617,23.239999771118164,23.290000915527344,1581500.0,0.0172340173053477,23.38739109683605,22.255921260423364,21.27360008239746,20.636666679382323,19.321199951171877,18.05839995384216,15.467949957847596,15.859999656677246,26.049999237060547,15.43000030517578,26.049999237060547,14.529999732971191,26.049999237060547,13.8100004196167,26.049999237060547,11.399999618530272,26.049999237060547,8.529999732971191,26.049999237060547,699900.0,778090.0,564688.5462555066,19256808.05188179,1,False,78,78,37339215.965271,0,0.0503289361132082,1.2047857557024275,0.0510286202692515,4.349986810429862,0.3320105039303797,7.911657464767909,2.7708501791356808,23.979999542236328,23.209999084472656,1001300.0,True,False,True,0.0243541189358271,0.17196100639499,0.3646759203906146,0.471544724452324,1.4426094667711962,0.2219738251256782,0.9063340231028616,True,False,0.2531847356226511,1.217916997494105,0.2578582863372261,1.2319538962864591,0.5124920646780591,1.333385279855565,0.0,0.0,1.2394443001209978,73.0,92.0,92.0,89.0,89.0,86.0,86.0,93.0,91.0,89.0,86.0,73.07692307692307,SKE
2025-12-19,4.690000057220459,4.715000152587891,4.525000095367432,4.559999942779541,6790700.0,0.0399112681161106,4.7835184584589125,5.027816543076354,5.113199977874756,5.388666645685832,5.7235000038146975,4.972700018882751,3.347980008721352,4.300000190734863,8.020000457763672,3.4200000762939453,8.859999656677246,3.4200000762939453,8.859999656677246,2.1700000762939453,8.859999656677246,1.2699999809265137,8.859999656677246,0.6800000071525574,8.859999656677246,12106130.0,12910856.0,8238508.370044053,36552391.10474348,1,False,44,44,701019778.8543701,44,0.0699503103767984,0.3614286014011928,0.0770636667359433,-2.3431446611517908,0.4980231991624252,-1.7983760612941735,-1.482778300963303,4.78000020980835,4.429999828338623,5397200.0,True,False,True,0.0405117387851511,0.2750532934145739,0.2750532934145739,1.0,0.5286736990947773,-0.1805713192811066,0.5293453994307877,True,False,-0.1425959347146269,0.8332745804733745,0.0353200529805004,1.0139986253037128,1.5215053877150728,2.2229129299739,0.0,0.0,1.469456539489474,85.0,9.0,9.0,66.0,66.0,96.0,96.0,44.0,84.0,78.0,93.0,15.384615384615383,SLDP
2025-12-19,5.110000133514404,5.230000019073486,4.960000038146973,5.050000190734863,18532200.0,0.003929269219441,4.799242048609736,4.56506194184402,4.3599999904632565,4.187666654586792,4.181599993705749,3.632699987888336,2.6850999945402148,2.9100000858306885,5.230000019073486,2.9100000858306885,6.400000095367432,2.6610000133514404,6.400000095367432,2.119999885559082,6.400000095367432,1.4900000095367432,6.400000095367432,1.0800000429153442,6.400000095367432,4160737.5,5646656.0,2947433.920704846,18851819.57059264,1,False,63,63,94699544.47431564,0,0.0673538899856498,0.3290714195796421,0.0643975363956249,3.4476522785496537,0.0607770220581956,5.789504554590522,2.926501840400582,5.150000095367432,4.710000038146973,6406000.0,False,True,False,0.0528375682723947,0.1585127048171842,0.3287671277616545,0.4821428039244264,0.9504846762402384,0.2220203130873606,0.7984375089639797,False,False,0.249388739088707,1.21422782975235,0.6222222154943613,1.5888140983196108,1.8707866380046452,2.5308328778149454,0.0,0.0,1.4116474234662422,82.0,91.0,91.0,96.0,96.0,97.0,97.0,97.0,95.0,93.0,95.0,96.15384615384616,SLI
2025-12-19,237.6100006103516,243.7100067138672,221.0,222.2899932861328,10925000.0,0.0827029679268551,219.542500774401,218.42594668168616,221.811201171875,228.3653345743815,204.6658012390137,139.3060506439209,90.57325032234192,183.0,284.760009765625,94.38999938964844,284.760009765625,42.81999969482422,284.760009765625,40.09999847412109,284.760009765625,35.790000915527344,284.760009765625,27.88500022888184,284.760009765625,12727625.0,11664276.0,5832004.186046512,2586488886.219788,1,False,23,23,4947071975.280762,35,0.0970603984980624,21.10271562848772,0.0888124050935605,1.812425009528524,0.860078589695001,22.43997676400263,20.26544821831745,231.0,214.0,9924100.0,False,False,False,0.0955768134991445,0.188081319500907,0.257522841144004,0.7303481068529141,0.7097731569451888,0.1609658241479477,0.8344219429052527,False,False,-0.0339486334183973,0.9388642762453996,1.3086864053408729,2.261141213805028,4.0609157987045625,4.46161060026289,0.0,0.0,2.182375834100352,94.0,22.0,22.0,99.0,99.0,99.0,99.0,85.0,98.0,99.0,99.0,73.07692307692307,SNDK
2025-12-19,20.770000457763672,21.18000030517578,20.229999542236328,20.34000015258789,2264300.0,0.0266930760131718,20.310482760178925,19.618856897247323,19.301200103759765,18.81566677093506,17.107000064849853,16.051200075149538,13.558575019836423,13.880000114440918,21.424999237060547,12.989999771118164,21.424999237060547,12.989999771118164,21.424999237060547,8.585000038146973,21.424999237060547,8.585000038146973,21.424999237060547,8.579999923706055,21.424999237060547,2881160.0,2877496.0,2371426.872246696,38714748.26305389,1,False,56,56,114761583.21380617,136,0.0505960429375917,0.9417856761387416,0.0453435558681805,4.722234322694798,0.5733798349336884,4.119923206643797,2.184241319686433,20.729999542236328,20.1200008392334,1033800.0,False,False,True,0.0457390824266616,0.1114587662824848,0.2250842144451213,0.4951869528356464,0.622836660763386,0.2141228958337511,0.9694282939266634,False,False,0.2429683779614129,1.207988153569974,0.3948959018713345,1.3661693530106438,1.2600654413628805,1.992432265530584,0.0,0.0,1.2149478584892568,71.0,91.0,91.0,93.0,93.0,95.0,95.0,93.0,92.0,88.0,95.0,92.3076923076923,SNDX
2025-12-19,7.78000020980835,8.84000015258789,7.409999847412109,8.59000015258789,15484500.0,-0.0569696715383818,6.288077944391056,6.112680449554181,5.211599960327148,5.371666638056437,8.108000011444092,16.401600008010863,20.252750010490416,3.7200000286102295,9.470000267028809,3.7200000286102295,20.739999771118164,3.7200000286102295,29.809999465942383,3.7200000286102295,32.18000030517578,3.7200000286102295,35.0,3.7200000286102295,35.0,8739917.5,8357974.0,3932889.427312776,52917862.25108624,-1,False,1,1,413369550.0,1,0.1268874508546624,0.9337143216814312,0.1200146910670112,-0.3370741351437136,-0.5033657289793686,-17.70330641197726,-19.53862125508865,9.470000267028809,7.849999904632568,50105400.0,False,False,False,0.1838046615182556,0.5694087642299573,0.697943465133858,0.8158379477351377,1.3659817558657157,-0.0404538481959527,0.2222857202802385,False,False,0.6839827711092823,1.6365913038369355,-0.6700593623841891,0.3231458253040946,-0.6328456812776408,0.3236765173534956,0.0,0.0,2.2222637227743576,94.0,99.0,99.0,2.0,2.0,4.0,4.0,98.0,97.0,95.0,92.0,96.15384615384616,SOC
2025-12-19,10.489999771118164,10.989999771118164,9.800000190734863,9.84000015258789,2867300.0,0.068228115795877,10.183917004336664,9.846945399914292,9.271799964904783,9.188333320617676,9.363299980163577,10.908649940490722,12.8110999917984,6.659999847412109,11.449999809265137,6.659999847412109,11.699999809265137,6.659999847412109,15.71500015258789,6.659999847412109,18.6299991607666,6.659999847412109,18.899999618530277,6.659999847412109,18.899999618530277,2082302.5,2006062.0,1894089.8678414095,19096844.8410511,1,False,274,274,126912531.72149658,274,0.0754908603319859,0.6897857529776437,0.0657565079149774,1.829955525293557,0.9713161998514928,-15.41772050720012,-17.22092881411496,10.300000190734863,9.779999732971191,916300.0,False,False,True,0.1134413352095292,0.1677788624674328,0.4566253638099408,0.3674322010226016,0.9021206722424332,0.1203314849830226,0.5550264541187278,False,False,0.4795485959600796,1.4379104152932431,0.0715015129716754,1.0494349626825887,-0.3669281856176011,0.5581045071919911,0.0,0.0,1.0993683749404592,59.0,97.0,97.0,73.0,73.0,11.0,11.0,95.0,92.0,87.0,83.0,88.46153846153845,SPRY
2025-12-19,21.040000915527344,21.479999542236328,20.32999992370605,20.32999992370605,6507600.0,0.0344149831705085,21.270152458493367,20.989147237718186,20.316000061035155,19.886666679382323,20.78220001220703,19.86769992828369,32.061999955177306,15.9399995803833,23.0,15.079999923706056,25.31999969482422,15.079999923706056,25.31999969482422,10.420000076293944,25.31999969482422,10.420000076293944,44.13999938964844,10.420000076293944,120.0500030517578,4794392.5,4664846.0,6391967.400881058,70188243.96457672,1,False,154,154,1069639426.8447876,143,0.0637066390832572,1.3057141985212053,0.0620586569251334,0.1998897579893868,0.5361056529309732,-2.9842183112933345,-4.308332763551501,21.63999938964844,20.13999938964844,2381500.0,True,False,True,0.054657774167756,0.1345056939430805,0.3170151989571227,0.424287839780429,0.7336898152693573,0.0124048899139113,0.1752603113758877,False,False,0.2837096826748966,1.24758289654774,0.1281502062135386,1.1049170301912172,0.1149973492201552,0.9829612248872098,0.0,0.0,0.7500652302042637,19.0,93.0,93.0,80.0,80.0,60.0,60.0,87.0,86.0,80.0,91.0,50.0,SRPT
2025-12-19,31.959999084472656,33.15999984741211,31.549999237060547,31.809999465942383,2958300.0,0.0009395170375872,32.23244226415713,31.41282984540857,30.785199966430664,29.7056666692098,30.20539993286133,25.34829991340637,17.603849964141844,21.68000030517578,35.43000030517578,20.31999969482422,38.69300079345703,15.5,38.69300079345703,11.3149995803833,38.69300079345703,9.09000015258789,38.69300079345703,5.349999904632568,38.69300079345703,1084885.0,1186430.0,927240.5286343612,33370474.716959,1,False,72,72,137042600.0,72,0.068775755521262,2.249642644609724,0.0703893213095454,0.8252519266185296,0.0133349087103917,10.930088444930195,10.17112726750738,33.880001068115234,31.5,739700.0,True,True,True,0.050375489877087,0.1645807377834794,0.2471839751199612,0.6658228459333031,1.0546007771212798,0.058088923024073,0.8259891564129365,False,False,0.1221909971267882,1.090609748894288,0.3986870262982889,1.3698824028508554,1.757549496436928,2.43100508947448,0.0,0.0,1.1700146472219213,67.0,76.0,76.0,93.0,93.0,97.0,97.0,93.0,92.0,95.0,97.0,69.23076923076923,STOK
2025-12-19,13.770000457763672,14.31999969482422,13.470000267028809,14.050000190734863,4799200.0,-0.0164285387311663,13.570914357068226,13.60235540934214,12.58520004272461,13.678333409627278,15.745600090026857,16.333880666476578,0.0,9.829999923706056,19.8700008392334,9.829999923706056,21.489999771118164,9.829999923706056,27.88999938964844,9.829999923706056,27.88999938964844,0.0,0.0,0.0,0.0,3949512.5,3793616.0,0.0,48888686.50987148,-1,False,93,93,207870484.76200104,72,0.0779130072863705,1.0102855818612235,0.0733685946460236,-1.7101315501111964,-0.2276579477780983,-9.535634792290676,-11.266938099956429,14.989999771118164,13.949999809265137,4934500.0,False,False,True,0.0617283514552224,0.2171386834945506,0.374727645306856,0.579457337119445,0.9782777170910288,-0.1254699484914845,0.0,False,False,0.2633028385023357,1.2277503517708306,-0.2090752108874659,0.7746364484778733,0.0,0.0,0.0,0.0,0.0,0.0,92.0,92.0,21.0,21.0,0.0,0.0,91.0,86.0,80.0,75.0,69.23076923076923,STUB
2025-12-19,295.0697937011719,304.1003151018615,292.4114344575956,295.3784720821925,24731300.0,0.0149314535163171,285.8127712529895,278.8758772820796,271.5040435791016,272.95450083414715,258.04469299316406,223.2199880981445,166.0958517074585,227.61473970579453,307.5850810460663,208.0901055428535,307.5850810460663,150.91236878951648,307.5850810460663,137.26524205379042,307.5850810460663,102.41008361317516,307.5850810460663,62.38592950784152,307.5850810460663,4660010.0,4523866.0,4113527.3127753306,1205113762.7780151,1,True,0,0,7297459588.961792,0,0.0519605027271272,16.003591398745993,0.0542366305883326,2.6455051743769475,0.2712518277809131,12.157526749798278,10.169624200561776,297.9273257208382,285.4220075832699,3730500.0,False,True,False,0.0396139519997891,0.1107437367335844,0.2710217821254205,0.4086156317957338,1.2406092488150622,0.1434832868622051,0.9593111366054192,False,False,0.1436288844846764,1.1114443207346187,0.296359617376803,1.26966232918516,1.2458132479992865,1.979867793107572,0.0,0.0,1.132850141903146,63.0,80.0,80.0,91.0,91.0,95.0,95.0,85.0,87.0,94.0,93.0,92.3076923076923,STX
2025-12-19,11.90999984741211,12.399999618530272,11.729000091552734,12.18000030517578,1453500.0,-0.0261651436469069,11.343691549967346,11.087749619601563,10.941599960327148,11.03766663869222,10.121599969863892,8.849600005149842,10.817923529148102,9.239999771118164,12.454999923706056,4.539999961853027,13.550000190734863,4.539999961853027,13.550000190734863,4.539999961853027,13.550000190734863,4.539999961853027,16.89699935913086,4.539999961853027,17.183022837381504,2257167.5,2440926.0,1635813.6563876653,16799293.67898941,-1,False,53,53,165058116.63217545,53,0.0690197152166898,0.724428653717041,0.0608252445842348,2.904902755762159,-0.4417269984867404,-6.581579435066,-8.47627050488099,12.258999824523926,11.06999969482422,1837700.0,False,False,False,0.0563391717526628,0.1733836781561335,0.265323248354091,0.6534809114229666,0.4971924589274726,0.176691420612651,0.6931259976854606,False,False,0.1079069625499635,1.0767277026090172,0.914791036841038,1.8753577442175284,0.1342856997535342,0.9999654811570609,0.0,0.0,1.379843902871222,81.0,73.0,73.0,98.0,98.0,63.0,63.0,84.0,98.0,97.0,96.0,96.15384615384616,SUPV
2025-12-19,8.640894889831543,8.890631747371998,8.45109529727582,8.491053156375473,7300600.0,0.0224586601877874,8.355530352170492,7.978449420471071,7.631957969665527,7.4837807814280195,7.114902811050415,6.181686186790467,5.121292231082916,5.963715739955998,8.940578600718668,5.88379976159648,8.940578600718668,4.285484349690852,8.940578600718668,4.2555159711418495,8.940578600718668,3.515697381630825,8.940578600718668,2.9181286006277105,8.940578600718668,5392740.0,5820314.0,6115728.634361234,47109816.288564205,1,False,91,91,81126112.05554008,64,0.0534251696152463,0.4466008301864924,0.0516845576621982,4.149755445148612,0.424988601951131,8.029596351036309,4.137092465764508,8.940578600718668,8.41613162252341,10479500.0,True,False,False,0.050867005755783,0.143352561020374,0.3289016709939669,0.4358523341859324,1.178867669338802,0.2144782745888045,0.9664805015121688,False,False,0.3145896529748304,1.277593827611081,0.415711941873004,1.38655670654948,1.1149144354151916,1.8644697993419943,0.0,0.0,0.881782093747731,31.0,94.0,94.0,94.0,94.0,94.0,94.0,92.0,89.0,94.0,92.0,96.15384615384616,SVM
2025-12-19,6.050000190734863,6.170000076293945,5.980000019073486,6.070000171661377,9692200.0,-0.0016501241153628,6.272419301799993,5.997676879193135,5.7768000221252445,5.502666687965393,4.899000029563904,4.086400008201599,3.3692500030994417,3.859999895095825,7.005000114440918,3.3399999141693115,7.005000114440918,2.680000066757202,7.005000114440918,2.0299999713897705,7.005000114440918,1.8899999856948853,7.005000114440918,1.8899999856948853,7.005000114440918,3141840.0,2830368.0,1633180.6167400882,27745768.84917736,-1,False,206,206,41283785.74962616,21,0.0749135969885723,0.4032142502920968,0.0666469814182138,3.525230007562513,-0.0248000958235818,9.14297170904435,8.106011998583014,6.269999980926514,5.920000076293945,2878500.0,True,True,True,0.0314049671455267,0.1793388436265789,0.3991735348292095,0.4492753852113741,1.7948796764237018,0.2349459388089487,0.8636688211128923,True,True,0.3152174600356032,1.2782039666183056,0.7335244052156693,1.6978241257461977,1.8009259029303075,2.469244934338469,0.0,0.0,1.9237553812457515,93.0,95.0,95.0,97.0,97.0,97.0,97.0,95.0,95.0,96.0,97.0,50.0,SVRA
2025-12-19,33.400001525878906,34.84000015258789,33.21500015258789,33.81999969482422,4010100.0,-0.0020914159626895,33.02828922509088,31.415364111630726,30.13280021667481,28.91433353424072,26.43670009613037,21.412450037002564,18.55722505092621,21.145000457763672,35.310001373291016,15.489999771118164,35.310001373291016,14.505000114440918,35.310001373291016,14.505000114440918,35.310001373291016,13.93000030517578,35.310001373291016,10.90999984741211,35.310001373291016,799672.5,992880.0,706815.4185022026,29479356.042146683,-1,False,66,66,116751600.0,66,0.0601058546596353,1.769357681274414,0.0529747784563268,4.972087948139846,-0.0395622069890357,3.134080766236368,1.420707175618994,34.2400016784668,32.880001068115234,642200.0,False,False,True,0.0486526923880803,0.0913174524676179,0.3682634904935236,0.2479677047139264,1.0939489162839418,0.2633952575180811,0.9459076813047972,False,False,0.3744857026554846,1.3358042533489711,1.184434376011018,2.1394480363484893,1.275204416317549,2.005778508349355,0.0,0.0,1.1313738764988586,63.0,96.0,96.0,98.0,98.0,95.0,95.0,95.0,97.0,96.0,94.0,65.38461538461539,SYRE
2025-12-19,6.429999828338623,6.860000133514404,6.074999809265137,6.119999885559082,27155900.0,0.0681062871613178,5.657178607583285,5.187237137062442,4.61919997215271,4.51799996693929,4.296600003242492,3.0649000036716463,2.185400000214577,2.5199999809265137,7.039999961853027,2.069999933242798,7.039999961853027,1.2000000476837158,7.039999961853027,1.149999976158142,7.039999961853027,0.959999978542328,7.039999961853027,0.9200000166893004,7.039999961853027,16089967.5,15545170.0,4910618.502202643,105017749.46836828,1,False,7,7,187812561.40494347,1,0.1412287012793716,0.7717856679643903,0.1200288784710284,4.136771974679909,0.5312353732785648,12.077563551437631,7.3965074792018175,6.414999961853027,5.704999923706055,31198100.0,False,False,False,0.1220840350243205,0.3514774202767924,0.7029549147117764,0.4999999472525265,1.7283239745850318,0.4965321006112111,0.9133522532926488,False,False,1.2249133546491089,2.1622987541676544,2.167487644808459,3.1022562619703886,3.871211797601058,4.294371030212678,0.0,0.0,3.27656638217424,97.0,99.0,99.0,99.0,99.0,99.0,99.0,99.0,99.0,99.0,99.0,96.15384615384616,TE
2025-12-19,11.15999984741211,12.1899995803833,11.0,12.109999656677246,22555100.0,-0.0956240105822298,10.975535359037524,10.480250459925209,9.580800075531004,10.050666729609173,11.858400030136108,11.95120002269745,8.588100019693375,6.900000095367432,15.699999809265137,6.900000095367432,23.200000762939453,6.900000095367432,23.200000762939453,4.199999809265137,23.200000762939453,3.5,23.200000762939453,3.5,23.200000762939453,11984296.0,11217362.2,6278428.281938326,216356598.27403784,-1,False,7,7,1023010527.8808594,7,0.1349387804330089,1.6371428625924247,0.1466973911269417,-0.4014725506774256,-0.7207680723154755,-0.639994486075719,-2.3229325650804524,15.699999809265137,12.09000015258789,67936000.0,False,False,True,0.1066307882306333,0.7706093209872956,0.7885304510947942,0.9772727482082436,2.8501415421889478,-0.0588949757934572,0.4810344603625837,False,False,0.1624999379118308,1.1297842957408823,-0.0700000127156575,0.9108475257713904,2.100000039736431,2.7329032112416782,0.0,0.0,1.9088051120176392,93.0,84.0,84.0,38.0,38.0,98.0,98.0,96.0,93.0,88.0,96.0,76.92307692307693,TLRY
2025-12-19,7.889999866485596,7.989999771118164,6.949999809265137,7.0,10631000.0,0.140173378540068,7.088926019029091,6.891904006991103,6.513199996948242,6.370333321889242,6.8889999675750735,6.368699960708618,5.266099977493286,4.75,8.140000343322754,4.75,11.350000381469728,4.372000217437744,11.350000381469728,4.372000217437744,11.350000381469728,3.539999961853028,11.350000381469728,1.440000057220459,11.350000381469728,8462922.5,9589192.0,9106363.876651982,66655075.676317215,1,False,239,239,318446100.0,184,0.0927776940444766,0.7128571101597377,0.0903494451486299,1.6082455599931471,1.360721210979143,-0.0726857795367621,-4.208423930684575,7.139999866485596,6.789999961853027,7379400.0,False,False,False,0.1318124181814808,0.235107798136999,0.4144487342330225,0.5672783597037369,0.8422513596557457,0.1453040940081285,0.6951541498947429,False,False,0.4747663564729487,1.433262759930149,0.3674176590237465,1.339256998330559,0.2027438925773099,1.0603169690943983,0.0,0.0,0.9293415697673012,37.0,97.0,97.0,93.0,93.0,70.0,70.0,96.0,93.0,92.0,88.0,100.0,TMC
2025-12-19,4.650000095367432,4.769999980926514,4.429999828338623,4.449999809265137,3731900.0,0.0449438864437441,4.50289703640378,4.458209677907983,4.336800012588501,4.274000016848246,4.8263999938964846,3.466899995803833,2.487549998164177,3.400000095367432,4.989999771118164,2.0,11.289999961853027,1.5,11.289999961853027,1.2999999523162842,11.289999961853027,1.149999976158142,11.289999961853027,1.1299999952316284,11.289999961853027,5633092.5,11620450.0,4431624.22907489,19544003.06744337,1,False,73,73,1602360717.6652908,66,0.0847310276452966,0.3571428230830601,0.0768049066147039,-0.4758675095080265,0.560000854492269,5.204430504729578,3.1570407825381004,4.710000038146973,4.380000114440918,3144800.0,False,False,True,0.0731183108849,0.1247311638302718,0.2494623276605436,0.5,0.2760288973318589,-0.0365489596287357,0.4118689203790066,False,False,0.096698194901351,1.0658343775850538,1.1627906460965778,2.118250038380125,2.321428696111759,2.9281106558585224,0.0,0.0,1.2711123978072298,75.0,70.0,70.0,98.0,98.0,98.0,98.0,89.0,98.0,98.0,98.0,88.46153846153845,TMQ
2025-12-19,22.06999969482422,22.3700008392334,21.75,21.799999237060547,1900100.0,0.0123853425327036,21.654183359961408,20.842219392782827,20.716399993896484,20.121666717529298,17.95160001754761,15.277700033187866,17.109775013923645,15.199999809265137,24.5,11.460000038146973,24.5,10.25,24.5,9.979999542236328,24.5,9.979999542236328,24.5,9.979999542236328,37.93000030517578,2261025.0,2159976.0,1895577.0925110127,42566039.27680969,1,False,295,295,101458712.03536987,31,0.0576409661441013,1.174285888671875,0.0532073359723364,4.311752394589458,0.2299273629772083,-2.1533898644004363,-4.094927627851899,22.729999542236328,21.770000457763672,1141700.0,False,False,True,0.0280924715816284,0.194834585252349,0.2344358793802041,0.8310783561264086,0.8599447401267422,0.2294168582884475,0.5818613107633598,True,True,0.1776947686433916,1.1445515061097662,0.6898927247869076,1.655090998104084,0.0914935926950242,0.9622407439644952,0.0,0.0,1.1927897888895087,69.0,86.0,86.0,97.0,97.0,57.0,57.0,92.0,96.0,95.0,93.0,84.61538461538461,TNDM
2025-12-19,4.3036394119262695,4.471441936230178,4.214802670665802,4.3628637492088505,9327100.0,-0.0224214964922409,4.299182706841459,4.102333320908428,3.861035480499268,3.794309345881144,3.6703820276260375,3.812169501781464,4.631392537355423,2.832899857368575,5.1821340760789125,2.781756972153195,5.1821340760789125,2.781756972153195,5.1821340760789125,2.781756972153195,5.714211735287438,2.781756972153195,5.972643165159668,2.781756972153195,9.752183120734117,4636652.5,4637986.0,3621669.603524229,22381898.71850848,-1,False,10,10,140005296.97418213,10,0.0770921804907218,0.3497059891608395,0.0812581993258385,2.123253256693743,-0.2822576740350921,-8.460063342475989,-11.820894268240894,4.550407688566862,4.352992761617248,3651000.0,False,True,True,0.0596330781926516,0.3486237766562873,0.5366971624417173,0.6495726101293597,1.5632992423866738,0.172531736351656,0.4413001026176694,False,False,0.4680135162071925,1.4266999613999385,-0.0704436590386913,0.9104130159206614,-0.1353296384826522,0.7622775410858302,0.0,0.0,1.280252758420618,76.0,97.0,97.0,38.0,38.0,24.0,24.0,94.0,91.0,86.0,82.0,69.23076923076923,TROX
2025-12-19,13.010000228881836,13.220000267028809,12.279999732971191,12.479999542236328,3653800.0,0.0672683081809222,12.713026647171215,12.572760757904565,12.466399955749512,12.325,11.645799961090088,9.873799977302552,8.118824989795685,10.460000038146973,14.390000343322754,8.239999771118164,14.390000343322754,6.929999828338623,14.390000343322754,5.53000020980835,14.390000343322754,5.380000114440918,14.390000343322754,3.7709999084472656,14.390000343322754,2050707.5,1989758.0,2074603.5242290748,32960696.437888145,1,False,284,284,350274215.9058571,284,0.066048924404175,0.7672857557024274,0.0589766135437165,1.9862274190323528,1.0687030775748585,2.9476654188969427,2.1770610920645046,12.510000228881836,12.015000343322754,1332500.0,False,False,True,0.0722521535373106,0.19062263276561,0.3020753448144674,0.6310433341810439,1.2308129933388885,0.1171409669022045,0.904100063827916,False,False,0.1784420537894775,1.1452777607915556,0.5216374197254421,1.4903007503529413,1.2626087354577105,1.9946743869853576,0.0,0.0,0.9884816429018868,45.0,86.0,86.0,95.0,95.0,95.0,95.0,80.0,92.0,93.0,94.0,65.38461538461539,TRVI
2025-12-19,119.16000366210938,120.38999938964844,116.23999786376952,116.61000061035156,1684800.0,0.0211672051506159,117.11417372925524,112.93812256155243,110.0944009399414,107.99400049845376,96.07460037231444,78.42270015716552,59.20145008087158,80.62999725341797,129.5800018310547,67.73999786376953,129.5800018310547,46.0,129.5800018310547,42.25,129.5800018310547,37.47999954223633,129.5800018310547,28.63999938964844,129.5800018310547,1855200.0,1626890.0,1040815.4185022026,204129032.218132,1,False,39,39,517281291.9540405,39,0.0514223495562105,6.563572474888393,0.0550820096775096,4.362335887662711,0.376319638451943,13.223156362058594,11.139595454577975,119.54000091552734,115.98999786376952,1568600.0,False,False,True,0.0348271349306657,0.1549177451925724,0.3548170315535255,0.436613046770283,1.011856978652521,0.2402862275807851,0.9195863711861124,False,False,0.2093779066111922,1.175343001703401,0.7132997618049381,1.6780159895503408,1.9708302629982168,2.6190295037841618,0.0,0.0,1.782448613866373,91.0,89.0,89.0,97.0,97.0,98.0,98.0,93.0,95.0,97.0,97.0,88.46153846153845,TSEM
2025-12-19,5.489999771118164,5.704999923706055,5.414999961853027,5.449999809265137,8958900.0,0.0073394427986999,5.4446260486426326,5.182228826806489,4.884800004959106,4.749666690826416,4.77290002822876,3.981850016117096,3.080275008678436,3.693000078201294,5.949999809265137,3.059999942779541,5.949999809265137,2.7109999656677246,5.949999809265137,2.3299999237060547,5.949999809265137,2.25,5.949999809265137,1.0499999523162842,5.949999809265137,3836502.5,4038722.0,4006775.77092511,21063674.355196957,1,False,78,78,603506686.1528397,78,0.0652295161058811,0.3569999422345842,0.0650273145934709,2.310475722184205,0.1120447292026266,4.163961058960057,2.833446103728472,5.71999979019165,5.369999885559082,2667900.0,True,True,True,0.05282331037219,0.1548269471893705,0.3606557127873313,0.4292929286847806,1.168599868968451,0.1502440316470492,0.9226890667406952,False,False,0.3690771715115379,1.3305479317353697,0.9128919825892956,1.8734977991743504,1.204819176743522,1.9437281713202528,0.0,0.0,0.957503668620369,41.0,96.0,96.0,98.0,98.0,95.0,95.0,93.0,95.0,94.0,94.0,73.07692307692307,TSHA
2025-12-19,108.63999938964844,109.9800033569336,107.04000091552734,107.48999786376952,1622300.0,0.0103227064349717,104.77928507316578,101.25484241515235,96.50419952392578,95.85949935913088,95.711199798584,101.47589988708496,105.0933498764038,83.4800033569336,110.94000244140624,83.4800033569336,110.94000244140624,83.4800033569336,119.98999786376952,83.4800033569336,119.98999786376952,83.4800033569336,130.2100067138672,79.80500030517578,131.3300018310547,999850.0,940646.0,910685.0220264316,135792123.01555634,1,False,192,192,494904952.8488159,14,0.0431866061580894,4.872357504708426,0.0448486518048773,3.011938160076914,0.227815920584421,-9.32885564054076,-11.732651668801935,108.85900115966795,104.62999725341795,908600.0,False,False,False,0.0270618782945831,0.0786542545743009,0.2466863328637997,0.3188431789519832,1.454787454579087,0.1350813657991123,0.8272291013092722,False,False,0.259448141655193,1.2240041356888185,-0.019317561050997,0.9604862207498556,0.0449167847851808,0.9211794838759244,0.0,0.0,1.0979097885843787,59.0,92.0,92.0,49.0,49.0,48.0,48.0,85.0,79.0,73.0,66.0,96.15384615384616,TTAN
2025-12-19,9.020000457763672,9.369999885559082,8.960000038146973,8.960000038146973,2323600.0,0.0100784042006949,8.747637882970881,8.458188547499368,8.206400051116944,8.137333377202351,7.772800035476685,6.2769000172615055,4.700900003910065,7.050000190734863,9.399999618530272,5.380000114440918,9.399999618530272,3.819999933242798,9.399999618530272,3.1700000762939453,9.399999618530272,2.630000114440918,9.399999618530272,2.0299999713897705,9.399999618530272,2442417.5,2909250.0,1803240.088105727,20019028.84039164,1,False,66,66,84549695.54185867,66,0.0601792172208655,0.5142856325422015,0.0570161426210956,2.814238641907092,0.1750003245142286,11.7862115678184,11.217810269696342,9.109999656677246,8.779999732971191,1803300.0,False,True,False,0.0454545262311173,0.1385809242308966,0.2605320741167728,0.5319150231337096,0.8364492566812752,0.1604570317767732,0.9595745557247144,False,False,0.2058824110646109,1.1719458781031593,0.6580883020013049,1.623941557029956,1.6451613579846485,2.331925766718141,0.0,0.0,1.3544605158848917,80.0,89.0,89.0,96.0,96.0,97.0,97.0,83.0,94.0,96.0,97.0,100.0,TTI
2025-12-19,34.5099983215332,35.93000030517578,34.25,34.5099983215332,4619700.0,0.0005797808667227,34.696294957276365,34.582803429868456,35.00559967041016,34.94433314005534,32.73879981994629,26.860349893569943,21.906974964141845,30.920000076293945,37.5,22.05500030517578,37.5,17.049999237060547,37.5,14.420000076293944,37.5,13.880000114440918,37.5,12.90999984741211,37.5,1901140.0,1856498.0,1842280.616740088,57174657.53900528,1,False,100,100,341140127.3288727,100,0.0435238279146295,1.5716424669538225,0.0455416558503036,1.1879431690356057,0.0127234046463277,10.654686050027944,9.007839214084404,34.595001220703125,33.79999923706055,1032400.0,False,True,True,0.0486815527929919,0.0797739346841113,0.1173572713428232,0.6797528075706214,0.983663866053182,0.0541008989739386,0.920266621907552,False,False,-0.0259667506553247,0.946621528957484,0.357058509924963,1.3291111860136398,1.3816424338611384,2.099612313579823,0.0,0.0,1.0319491953207776,51.0,24.0,24.0,93.0,93.0,96.0,96.0,52.0,92.0,94.0,95.0,23.07692307692308,TVTX
2025-12-19,32.5099983215332,33.099998474121094,31.729999542236328,32.06999969482422,1541800.0,0.0184836542552966,31.74311627273474,31.313780854804573,30.311599960327147,30.40366662343343,30.91739994049072,29.366399936676025,32.70274991989136,23.299999237060547,33.75,23.299999237060547,35.130001068115234,23.299999237060547,35.130001068115234,23.299999237060547,39.369998931884766,23.299999237060547,39.369998931884766,23.299999237060547,54.7400016784668,1569795.0,1653058.0,1396518.0616740088,41655900.30051232,1,False,35,35,110588998.52752686,128,0.0610070268276317,1.784285954066685,0.0548842216606591,0.9385465039922376,0.3306635037363565,-7.2807487104101405,-9.779612800820706,33.75,31.57999992370605,1453900.0,True,False,True,0.0421408490500394,0.1088896062225448,0.2485389215893688,0.4381189293258868,0.7915572230375462,0.0515113943639466,0.593898380063838,False,False,0.2774065755186377,1.241457174517763,0.1690039175062441,1.1449293983184463,-0.0798189460336435,0.8112147500237512,0.0,0.0,1.1240778354977263,62.0,93.0,93.0,84.0,84.0,29.0,29.0,91.0,86.0,80.0,74.0,88.46153846153845,TWST
2025-12-19,4.900000095367432,5.079999923706055,4.880000114440918,4.96999979019165,5493600.0,-0.0160642416465167,5.176160034910492,4.988127078241392,4.733199987411499,4.598999993006388,4.384199995994568,4.518399994373322,4.316425008773804,3.5799999237060547,6.019999980926514,3.549999952316284,6.019999980926514,3.549999952316284,6.048999786376953,3.150000095367432,6.048999786376953,3.150000095367432,6.048999786376953,2.8910000324249268,10.260000228881836,4520197.5,4300718.0,4060751.101321586,25762499.235944748,-1,False,129,129,58944599.4758606,129,0.0704713374236618,0.3829285076686314,0.0781486735134271,1.5054608061861632,-0.2089160825165905,-4.824052079303151,-5.692578162453037,5.21999979019165,4.965000152587891,3929500.0,False,False,True,0.0408162868107331,0.2326530294485864,0.4734693649161715,0.4913792669347848,1.3279387302306267,0.1176497650299033,0.4775828446449701,True,False,0.3066666920979817,1.2698938385766625,-0.089219332502443,0.8920240095196096,0.398002834630158,1.23245367326207,0.0,0.0,1.113143206075567,61.0,94.0,94.0,35.0,35.0,82.0,82.0,89.0,85.0,79.0,82.0,57.692307692307686,ULCC
2025-12-19,47.59000015258789,48.91999816894531,47.02999877929688,47.86000061035156,4279400.0,0.0119073227264792,46.68267307736517,45.6896350366981,43.59679992675781,42.77099990844727,45.05459999084473,54.8467501449585,55.044674949646,34.22999954223633,50.47999954223633,34.22999954223633,57.95000076293945,34.22999954223633,76.94999694824219,34.22999954223633,87.30000305175781,34.22999954223633,87.30000305175781,31.399999618530277,96.4290008544922,6017195.0,6112540.0,6580742.731277533,201252830.39102557,1,False,310,310,3136767724.37973,310,0.0590341011835142,2.770714623587472,0.0582205214268486,0.9665654891678012,0.2021144178919212,-13.921687407209582,-14.442397405239394,49.44499969482422,46.54999923706055,5834500.0,True,True,True,0.0397142127251214,0.1174616544371646,0.3414582884618113,0.344000009390024,0.7550167360867986,0.0562739467725463,0.4935237296962088,False,False,0.2768982980432046,1.2409632012357903,-0.2667180426242154,0.718180715807178,-0.1943456848069396,0.7102500764254925,0.0,0.0,0.914364114464002,35.0,93.0,93.0,17.0,17.0,20.0,20.0,90.0,86.0,80.0,74.0,88.46153846153845,UPST
2025-12-19,81.33000183105469,82.30999755859375,80.29000091552734,82.0,2366900.0,-0.0088958780070377,80.11752104774759,76.99504345110626,73.68919998168946,71.85500005086263,69.68359954833984,71.5513998413086,66.4641499710083,59.540000915527344,83.94000244140625,59.540000915527344,83.94000244140625,59.540000915527344,83.94000244140625,59.540000915527344,83.94000244140625,59.150001525878906,83.94000244140625,41.88999938964844,83.94000244140625,2446507.5,2300692.0,2138785.9030837,217351005.46886444,-1,False,211,211,781292879.4067383,23,0.0430651980804026,2.694286346435547,0.0331278284246487,5.045082153515738,-0.2709421470753556,-6.034353028043219,-7.440889517588618,83.18000030517578,80.88999938964844,1098500.0,False,True,True,0.0248370416523844,0.1263986050393964,0.276281823617558,0.4574988082254851,0.8302415099457033,0.1671326159699266,0.9689063553199982,False,False,0.3652845769297712,1.326862070206389,0.1277038093971667,1.1044798264909337,0.2158768511461657,1.0718947446382274,0.0,0.0,1.1438767650715422,65.0,96.0,96.0,80.0,80.0,71.0,71.0,89.0,84.0,78.0,72.0,80.76923076923077,URBN
2025-12-19,5.53000020980835,5.579999923706055,5.309999942779541,5.360000133514404,6224900.0,0.0394736901073053,5.316558779861289,4.988312881890428,4.634000015258789,4.558666682243347,4.4024000120162965,3.657300007343293,2.693025000691414,3.5199999809265137,5.949999809265137,3.2799999713897705,5.949999809265137,2.174999952316284,5.949999809265137,2.0,5.949999809265137,1.399999976158142,5.949999809265137,1.0,5.949999809265137,3357000.0,3465714.0,1498680.2643171807,18635806.375740767,1,False,28,28,38076229.87413406,8,0.0674056396784581,0.3557143211364746,0.0643244679277873,3.981891663220427,0.5903614942351543,9.275858366323478,5.65181269603084,5.53000020980835,5.269999980926514,3041500.0,False,False,False,0.048824587826891,0.2712477293110238,0.4394212904420194,0.6172839942237944,1.1874753658264934,0.2561330625827462,0.9294118297612752,False,False,0.4289406649451244,1.3887267174400302,0.7667731653729095,1.730388159443253,1.8000000724309595,2.4684287391409527,0.0,0.0,2.2399707795775208,95.0,97.0,97.0,97.0,97.0,97.0,97.0,95.0,94.0,97.0,96.0,84.61538461538461,USAS
2025-12-19,15.06999969482422,15.619999885559082,14.300000190734863,14.4399995803833,15293200.0,0.0779685399341241,14.556465478101565,14.895560308497398,14.687199897766114,14.87666654586792,17.21919990539551,14.949699974060058,10.148599989414215,12.079999923706056,16.920000076293945,12.079999923706056,27.32999992370605,8.15999984741211,27.32999992370605,5.570000171661377,27.32999992370605,4.199999809265137,27.32999992370605,3.200000047683716,27.32999992370605,14994202.5,20181098.0,13995192.070484582,135158598.1928301,1,False,66,66,1590862587.2364044,66,0.075207545765275,1.1878573553902765,0.0788226529160611,-1.5834810074732666,0.9176187255495554,2.038714947355343,2.2002764834542496,14.15999984741211,13.539999961853027,5892900.0,False,False,True,0.0875912223991332,0.1778368489131783,0.3019243085070029,0.5890113644461771,0.4052182889156973,-0.12481417385124,0.551408698752044,False,False,-0.0271142725952169,0.9455063011416122,-0.0321130385228081,0.9479542539158612,1.7499999347394404,2.4243495342673627,0.0,0.0,1.0713824022195664,56.0,24.0,24.0,46.0,46.0,97.0,97.0,80.0,73.0,92.0,96.0,50.0,UUUU
2025-12-19,51.220001220703125,51.720001220703125,47.86000061035156,48.2400016784668,2508300.0,0.0740197671554796,46.89589776030255,42.74506830274197,38.84679985046387,37.07566655476888,33.82499992370605,29.017500019073488,26.200875034332277,23.86000061035156,51.720001220703125,23.049999237060547,51.720001220703125,21.040000915527344,51.720001220703125,19.06599998474121,51.720001220703125,18.76000022888184,51.720001220703125,18.530000686645508,51.720001220703125,1801040.0,1649856.0,1486195.154185022,81578958.16699028,1,False,200,200,420678782.96642303,200,0.0802566070324282,3.620856966291155,0.0706922467785417,7.274696450188526,0.974908047143857,7.676175463915056,2.078004975223118,50.25,47.220001220703125,829600.0,False,False,False,0.0753611971565387,0.2213978891512455,0.4789144885207554,0.4622910654365189,1.101411274680942,0.5142646366957089,0.9903325601663008,False,False,0.794045624849433,1.743556714883245,0.9617004987888228,1.921301150598827,1.3658199595007767,2.0856635102137115,0.0,0.0,1.2118462336042457,70.0,99.0,99.0,98.0,98.0,96.0,96.0,99.0,98.0,97.0,96.0,100.0,VERA
2025-12-19,5.010000228881836,5.125,4.929999828338623,5.0,4790900.0,0.0162272623385004,5.181141235499506,5.163976847421391,4.849600057601929,4.896000043551127,5.46110002040863,4.540200011730194,3.2562250012159346,3.5899999141693115,6.130000114440918,3.5899999141693115,9.420000076293944,2.200000047683716,9.420000076293944,1.350000023841858,9.420000076293944,1.2200000286102295,9.420000076293944,1.2200000286102295,9.420000076293944,4945697.5,6667176.0,3234133.920704846,17388976.091971397,1,False,65,65,392022766.0417557,65,0.0795692620495114,0.427142892565046,0.0852580584932185,-0.9688511454001968,0.1872918920944711,2.024376610405968,2.0592414551378195,5.239999771118164,4.840000152587891,2955900.0,True,True,True,0.0389221881742105,0.2574850105627516,0.5069860447568283,0.5078739606851549,0.4947971974941114,-0.0826023676257518,0.5318471537478894,True,False,0.2462687195653048,1.2111956153452883,-0.1210525620126744,0.8608463549678338,3.106557468354332,3.620265789857293,0.0,0.0,1.5292185238025446,87.0,91.0,91.0,30.0,30.0,99.0,99.0,91.0,86.0,96.0,98.0,53.84615384615385,VERI
2025-12-19,18.42496109008789,18.71192243278549,18.009360407232688,18.118206901939534,7516800.0,0.0141612176419374,18.44816236821037,17.846707390972327,17.29821880340576,16.87050619125366,15.884322872161864,14.817844505310058,13.80375790119171,13.863504459122256,20.08736084828059,12.819804371266567,20.08736084828059,12.205751288354609,20.08736084828059,10.874569978049992,20.08736084828059,10.825630600067276,20.08736084828059,9.146927219781045,28.07598213083295,6986517.5,6874360.0,8419190.748898678,118346536.24474049,1,False,273,273,1039609436.8786812,273,0.0465291447967266,0.7807968197507955,0.0423771217715538,3.7743542922341495,0.3295051011046559,2.225287517847569,0.5407736598840236,18.840562040406763,18.157789075872675,7765300.0,False,False,True,0.0381309910027847,0.135792722352575,0.2977150190373478,0.4561164659803072,1.0094146946042977,0.1599462714509933,0.6562534840002501,False,False,0.2755752212155669,1.2396773590837395,0.3058400876184821,1.278947558196827,0.6397085015020074,1.4455369586498827,0.0,0.0,0.8298324278867197,25.0,93.0,93.0,91.0,91.0,89.0,89.0,87.0,88.0,85.0,86.0,73.07692307692307,VFC
2025-12-19,8.924921035766602,8.976157371269204,8.720950161390546,8.724853616269709,3556100.0,0.0246498454067594,9.119486749706436,9.089850430107736,9.088097305297852,8.96281983057658,8.474917659759521,8.004126834869385,5.420523213148117,7.690364202210872,10.027727127075195,7.165799493173859,10.027727127075195,7.148720023397832,10.027727127075195,3.4816465055789583,10.027727127075195,2.5471890202784744,10.027727127075195,1.4346237228760303,10.027727127075195,4735972.5,4475734.0,5792733.480176211,42822546.12557411,1,False,137,137,537147118.5548306,137,0.0432313365384664,0.3819737050226615,0.0427985528938466,1.2406554842668045,0.5620948887342472,3.6343983849578887,3.7080923264059815,9.002996103675374,8.693136789309397,2813000.0,True,False,True,0.0285948983588668,0.1604702733675764,0.2356479466252898,0.680974630442015,0.9058581229358136,0.0530982593664337,0.890024321829522,True,False,0.0752497839954409,1.0449895783555396,0.0765156006600955,1.0543457900239248,1.8312693830960491,2.49599519024887,0.0,0.0,0.8175712754966822,24.0,64.0,64.0,74.0,74.0,97.0,97.0,65.0,72.0,67.0,95.0,38.46153846153847,VISN
2025-12-19,12.40999984741211,13.760000228881836,12.300000190734863,12.920000076293944,1785300.0,-0.0304687763680699,12.317446811056517,12.048886410154928,9.87840003967285,10.47033338546753,16.95769998550415,27.473749990463254,22.526475068330765,6.5,20.0,6.5,49.95000076293945,6.5,50.20000076293945,6.5,65.80000305175781,3.299999952316284,65.80000305175781,2.619999885559082,65.80000305175781,2237042.5,1876648.0,742842.9515418502,39148732.88994074,-1,False,10,10,449114411.187172,10,0.1430929923182282,1.7678571087973458,0.1424542409777709,-1.8825628765648337,-0.2206062590590632,-14.909426432412529,-16.07911748348424,14.84000015258789,12.40999984741211,2022800.0,False,False,True,0.1176470633439556,0.7099113274992953,0.8146655361924403,0.8714144590149939,3.448313162617603,-0.2681790656739725,0.1886018126420221,True,False,0.5869564673904062,1.5422955618412184,-0.5557544268958352,0.4350967598165196,1.1396550757422914,1.8862806943521295,0.0,0.0,3.01146089541104,97.0,98.0,98.0,4.0,4.0,95.0,95.0,98.0,96.0,93.0,90.0,80.76923076923077,VOR
2025-12-19,26.959999084472656,27.299999237060547,23.200000762939453,23.649999618530277,2997800.0,0.1247392514296958,24.87165544308373,24.42806346341712,22.66119987487793,22.72533327738444,26.23579986572265,28.795099925994872,32.66940291959848,17.40999984741211,28.81999969482422,17.40999984741211,39.18999862670898,17.40999984741211,39.18999862670898,17.40999984741211,46.86000061035156,17.40999984741211,73.94999694824219,17.40999984741211,73.94999694824219,1602777.5,1479680.0,1495402.985074627,45746770.1047802,1,False,191,191,200299076.06506348,189,0.0845976367207688,2.15507139478411,0.0799358853103708,0.3453201758591697,1.387424926317903,-10.67134728488379,-13.862124437875734,24.21999931335449,23.190000534057617,1235300.0,False,False,False,0.1520770999017743,0.2444362157409469,0.3987388859442267,0.6130232700081759,1.5899383650519032,0.0276034739728356,0.3645706585132388,False,False,0.4986103072527701,1.4564356825780846,-0.1745254375251047,0.8084747022556632,-0.3736059825513056,0.5522174838209551,0.0,0.0,1.0718030631188118,56.0,98.0,98.0,24.0,24.0,11.0,11.0,94.0,91.0,86.0,82.0,92.3076923076923,VOYG
2025-12-19,31.920000076293945,32.880001068115234,31.6299991607666,31.65999984741211,4768700.0,0.0101265724987733,32.0668761966416,31.333820984233327,31.292799758911134,30.77566649119059,27.67539989471436,23.36624994277954,18.94419998168945,26.43000030517578,34.040000915527344,18.920000076293945,34.040000915527344,17.040000915527344,34.040000915527344,14.329999923706056,34.040000915527344,12.51099967956543,34.040000915527344,9.899999618530272,34.040000915527344,1766240.0,1767950.0,1041435.2422907487,55712888.11455727,1,False,58,58,152216904.36382294,0,0.0404920056324911,1.3422857012067522,0.0420515569548393,3.6472102796173194,0.2383990938266943,4.974761889581391,4.450489151188169,32.27000045776367,31.200000762939453,1549800.0,False,False,True,0.0391604606629363,0.0917919892911218,0.1578947651466456,0.581349161296573,1.0472411550100398,0.1533708707996033,0.9377203060453984,False,False,0.1129707021144434,1.0816489359365198,0.6327366405101353,1.599111988794311,1.169952412883537,1.9129902714179483,0.0,0.0,1.6959671886222758,90.0,74.0,74.0,96.0,96.0,95.0,95.0,75.0,94.0,93.0,93.0,65.38461538461539,VRDN
2025-12-19,33.810001373291016,34.08000183105469,32.060001373291016,32.63999938964844,5223700.0,0.0441630715875396,34.34753790705402,34.68379338526715,34.327600173950195,34.74633350372314,35.68460010528565,32.22960004806519,21.720650024414063,29.1299991607666,43.59000015258789,26.100000381469727,43.59000015258789,25.5,43.59000015258789,14.0,43.59000015258789,8.609999656677246,43.59000015258789,7.360000133514404,43.59000015258789,2047162.5,2094708.0,3226103.524229075,60653842.41052628,1,False,135,135,495910968.5600281,135,0.0581916257592465,2.0064280373709544,0.0593442163819602,-0.8852156536720948,0.712709490966607,5.087692454553535,5.092174229051251,33.54999923706055,32.20000076293945,1239900.0,False,False,True,0.0597456484979446,0.1952084651299338,0.2818692783069199,0.6925496325902413,0.8943251278937208,-0.0525324292962151,0.7756366426918618,False,False,-0.0317868514850446,0.940965220253625,0.1330429356703211,1.1097089985577897,1.6352300525598684,2.323170509899012,0.0,0.0,0.6345619365978653,14.0,22.0,22.0,81.0,81.0,97.0,97.0,65.0,78.0,75.0,95.0,30.76923076923077,VSAT
2025-12-19,6.869999885559082,6.96999979019165,6.769999980926514,6.889999866485596,4948000.0,-0.0029027549077029,6.985811103377447,6.72785171354036,6.520800018310547,6.329000012079875,5.816800012588501,5.244200010299682,6.340299997329712,5.0,7.710000038146973,4.150000095367432,7.710000038146973,3.9800000190734863,7.710000038146973,3.9800000190734863,7.710000038146973,3.9800000190734863,7.710000038146973,3.9800000190734863,16.187765385040027,2859627.5,2683218.0,2489937.885462555,24611669.605283737,-1,False,175,175,75490799.77035522,225,0.0690243687527019,0.5310713563646589,0.0773029643684543,2.342235274095284,-0.0376596867573869,-2.230509304304647,-4.640257256346735,7.360000133514404,6.775000095367432,3140500.0,False,True,True,0.0291120542353343,0.1877729233394371,0.3508005658745339,0.5352697276052721,1.26259588300317,0.1810617299359245,0.4243945796192483,False,False,0.2490908882834694,1.2139383612102392,0.6838235328491722,1.6491467953777377,0.1824440539103395,1.042421003426808,0.0,0.0,1.1484734284721998,65.0,91.0,91.0,97.0,97.0,68.0,68.0,90.0,93.0,91.0,87.0,61.53846153846154,VSTS
2025-12-19,56.70000076293945,56.95000076293945,54.40999984741211,54.60499954223633,4035200.0,0.0397946457403268,52.56274396952577,48.49402019205096,44.84639999389648,43.21766675313314,39.07859992980957,31.789399967193603,25.686549949646,33.61000061035156,56.95000076293945,25.440000534057617,56.95000076293945,21.229999542236328,56.95000076293945,17.530000686645508,56.95000076293945,17.530000686645508,56.95000076293945,13.760000228881836,56.95000076293945,2871707.5,2687630.0,3303073.127753304,168766675.5204773,1,False,260,260,595226645.7416534,14,0.0587717962461433,2.97385733468192,0.0524489822692508,8.597345279415357,0.7296926985485936,14.129746913713053,9.288490048099154,54.97999954223633,52.84999847412109,1646400.0,False,False,False,0.0447971936745996,0.1816578324244553,0.4084656002782643,0.4447322670518698,1.1691378649590904,0.4509220101226834,0.9956101844310652,False,False,0.6297786510730823,1.5839126226738602,1.2183099353538642,2.172625960900568,2.0516685143037288,2.690295024349374,0.0,0.0,0.8694047600312405,29.0,98.0,98.0,99.0,99.0,98.0,98.0,96.0,98.0,98.0,98.0,100.0,VSXY
2025-12-19,101.6999969482422,102.95999908447266,99.0500030517578,99.5500030517578,4000100.0,0.0329067427777427,99.50313290603084,99.62704603593312,100.47800018310546,102.00266672770182,97.06279983520508,88.97600006103515,65.09175002098084,91.05699920654295,114.91999816894533,73.61000061035156,114.91999816894533,70.4000015258789,114.91999816894533,53.02999877929688,114.91999816894533,34.459999084472656,114.91999816894533,20.40999984741211,114.91999816894533,3863587.5,3676614.0,4701922.466960353,317062514.21367645,1,False,260,260,1861990845.3201292,52,0.054831838954144,5.879573277064732,0.0578129149802924,0.8263763406092363,0.5510600363479168,2.467100542716917,3.269458267540528,107.88999938964844,98.27999877929688,3633000.0,True,False,True,0.0384463731567734,0.1655162309559579,0.2321828876201404,0.7128700683004184,0.8265104794792165,0.047775225121367,0.884963440381645,False,False,0.0383907944977375,1.0091678925787773,0.19240234325906,1.1678459558402712,1.0810312905877515,1.834599039948794,0.0,0.0,0.8217037875781243,24.0,51.0,51.0,86.0,86.0,94.0,94.0,53.0,85.0,83.0,90.0,53.84615384615385,W
2025-12-19,180.9461975097656,185.1331038586868,175.5501785497245,176.69933793587413,36269600.0,0.0346837704978109,173.27071376599264,168.0817660973359,163.68346923828125,164.0415486653646,151.4179019165039,122.60162986755373,86.66541181564331,132.22581547771188,188.63052328088332,105.25746189912893,188.63052328088332,72.942326427254,188.63052328088332,62.83970450506731,188.63052328088332,48.77668665036893,188.63052328088332,28.698609016377397,188.63052328088332,9403042.5,9223104.0,8443577.348017622,1403765230.1154327,1,True,0,0,6562846205.200195,0,0.0589004386878804,10.975620106466655,0.0606568154374965,3.215004239712935,0.5526358585115997,17.57687358570587,17.632017202632785,181.3558990516152,174.30110301293962,9147100.0,False,False,False,0.0529600811779705,0.128672429540137,0.3117208793521474,0.4127809141548627,1.0500109290755042,0.1950119187990364,0.9592625539204211,False,False,0.1770188866107573,1.1438946450800658,0.6121838430859876,1.5789824566035304,2.004911793911808,2.6490751567144453,0.0,0.0,1.1136325413312689,61.0,86.0,86.0,96.0,96.0,98.0,98.0,89.0,95.0,97.0,97.0,96.15384615384616,WDC
2025-12-19,71.69957733154297,74.61741548267891,71.00721304955394,74.61741548267891,1786700.0,-0.0306231587212338,71.48825145299939,69.4863567301905,66.06339981079101,65.55343640645346,68.30549034118653,74.77612468719482,79.10730436325073,55.22866158482116,75.49771262998135,55.22866158482116,81.84783530335072,55.22866158482116,90.41695820483056,55.22866158482116,90.41695820483056,55.22866158482116,90.41695820483056,55.22866158482116,115.4415902338567,1685477.5,1562852.0,1195770.0440528635,133452162.46795654,-1,False,4,4,245583724.78637692,191,0.0438932366751663,2.8832154713493003,0.0402124472507996,1.2356823730496846,-0.7855916180161739,-9.56599751387607,-12.33742111243962,74.83501666091365,72.5403063997734,1514500.0,False,False,True,0.0503517951916394,0.1298111089696371,0.2758568948542585,0.4705740961748274,1.2886952827267073,0.0496898122450033,0.621089653965239,False,False,0.2718151291186823,1.2360230853388048,-0.1000569873468172,0.8814095458259188,0.0005131487992051,0.8820340523206406,0.0,0.0,1.4095331358923784,82.0,93.0,93.0,33.0,33.0,39.0,39.0,85.0,79.0,72.0,66.0,76.92307692307693,WLK
2025-12-19,26.38999938964844,27.145000457763672,25.834999084472656,26.649999618530277,4082300.0,-0.0127197964238889,25.668159534548455,23.78677357883524,21.605999908447263,20.896999867757163,20.895399894714355,23.537199935913087,21.600149970054627,16.260000228881836,31.0,14.960000038146973,31.0,14.960000038146973,31.0,14.960000038146973,31.0,14.960000038146973,31.0,13.630000114440918,31.0,4463842.5,3935962.0,2533033.039647577,141802404.61183548,-1,False,9,9,698703608.7890625,9,0.0778431722636203,2.0815001896449496,0.078874582712625,3.3338670764671874,-0.1633438009178783,-6.927359915008449,-9.978134522052644,27.481000900268555,26.31999969482422,2460700.0,False,True,True,0.0496400683436494,0.4353921954096427,0.5323986192501279,0.8177936224231448,2.1463062905587,0.2629573744757085,0.8512903028918851,False,False,0.5166666648397042,1.4739838893131694,-0.0759803962490145,0.9049903025251532,0.2022778347327218,1.0599061010415682,0.0,0.0,1.762251984135611,91.0,98.0,98.0,37.0,37.0,70.0,70.0,96.0,95.0,91.0,88.0,73.07692307692307,WRBY
2025-12-19,18.745405197143555,18.874614468882445,18.16892941600201,18.218624852264806,3832200.0,0.0233315219196501,19.465187238001334,19.53676672395684,18.97725612640381,18.783281103769937,19.88042520523071,21.522542810440065,24.48868178844452,14.767744355563654,21.75699348437847,14.767744355563654,22.84989036878152,14.767744355563654,24.925627812124908,14.767744355563654,31.482925232403893,14.767744355563654,31.482925232403893,14.767744355563654,38.44576982695785,3829587.5,3499290.0,2802076.6519823787,69298201.11953735,1,False,273,273,256805443.9714432,284,0.0525998841685244,0.932996631753363,0.0497720172992331,-1.147077087651912,0.4580801505635099,-18.604063842619865,-19.013857562456675,20.01762693526381,18.198746256293315,3307500.0,False,False,False,0.0376457614790832,0.191410323257414,0.2962370266559134,0.6461390914503805,0.8710052610672451,-0.0570923406501648,0.4875804355463689,False,False,0.2634163874819848,1.2278607051995245,-0.1474785405631175,0.8349645942066913,-0.2896022188024278,0.6262736621315896,0.0,0.0,1.3666961955843322,81.0,92.0,92.0,27.0,27.0,14.0,14.0,83.0,75.0,69.0,62.0,38.46153846153847,WSC
2025-12-19,12.520000457763672,12.90999984741211,12.029999732971191,12.0600004196167,42990600.0,0.0619169209730778,13.1996796444109,13.547946804653062,13.49680004119873,13.411666711171469,13.798600044250488,11.575500020980837,7.644500013589859,10.470000267028809,16.75,10.470000267028809,17.049999237060547,6.739999771118164,17.049999237060547,4.519999980926514,17.049999237060547,3.400000095367432,17.049999237060547,2.059999942779541,17.049999237060547,43470805.0,42997488.0,44475268.28193833,482543442.645607,1,False,127,127,2519607036.035061,127,0.1033781531220598,1.3814285823277064,0.1103377421580747,-0.8397991683113022,0.5284388243079451,5.446835592428442,4.922985616459058,12.34000015258789,11.31999969482422,31821700.0,False,False,True,0.0702875465068556,0.4337060788051832,0.5015974044215752,0.864649766888882,0.7990017928489218,-0.0926615440976981,0.7343109101465358,False,False,0.0237122589028579,0.9949024475161676,0.0896432295181213,1.0672030679035664,2.5070029949247563,3.091709556067918,0.0,0.0,0.9774152395086002,44.0,46.0,46.0,76.0,76.0,98.0,98.0,73.0,63.0,92.0,96.0,30.76923076923077,WULF
2025-12-19,15.979999542236328,16.65999984741211,15.529999732971191,15.529999732971191,4026900.0,0.0283140013811709,15.395435364284143,13.44902553976667,11.309999961853029,10.61833332379659,9.513400011062622,8.815200009346007,8.095250008106232,6.510000228881836,21.729999542236328,6.510000228881836,21.729999542236328,6.510000228881836,21.729999542236328,6.480000019073486,21.729999542236328,5.889999866485596,21.729999542236328,5.28000020980835,21.729999542236328,8601682.5,7353986.0,2822892.9515418503,241992465.2927041,1,False,11,11,2727095995.4063416,11,0.1037564572422551,2.263571398598807,0.1416502793142152,4.798690864675248,0.1943829033427745,2.475101803443488,-0.7982962095493271,16.639999389648438,15.229999542236328,3556700.0,False,False,True,0.0707134009268425,0.5638297580293054,0.9424280286202564,0.5982735454661396,3.412917838026888,0.6797359013238218,0.7353888577483033,False,False,1.3226743134342076,2.2573084762071867,1.3125904334456764,2.264964842179676,1.2959769331396207,2.024091178414171,0.0,0.0,3.047116078313137,97.0,99.0,99.0,99.0,99.0,95.0,95.0,99.0,98.0,97.0,95.0,69.23076923076923,WVE
2025-12-19,1.5099999904632568,1.7699999809265137,1.3700000047683716,1.659999966621399,16373100.0,-0.2176165639891704,1.3426658773114457,1.0856434534850958,0.8253599989414215,0.8185666650533676,0.8992199951410293,0.8723399981856346,1.127089998573065,0.4699999988079071,2.559999942779541,0.4699999988079071,2.559999942779541,0.4699999988079071,2.559999942779541,0.4699999988079071,2.559999942779541,0.4699999988079071,2.559999942779541,0.4699999988079071,5.9679999351501465,15915545.0,12817422.0,3892200.577092511,47887996.46542966,-1,False,7,7,365122814.5086765,7,0.2338993655529466,0.345928566796439,0.2290917675372373,2.9648953295553317,-1.2141233693828006,-4.943943584820845,-10.574665954375703,2.559999942779541,1.6399999856948853,53743500.0,False,False,True,0.2649006481353851,1.298013199547352,1.3841059319016535,0.9377990294167609,4.798641255628472,0.6792331116107306,0.2530160869422441,False,False,1.833020660558141,2.753292406670911,1.1947673534628955,2.1495682159985745,0.828087210401516,1.611608175385996,0.0,0.0,4.08908654237161,98.0,99.0,99.0,98.0,98.0,92.0,92.0,99.0,99.0,98.0,97.0,92.3076923076923,YCBD
2025-12-19,27.229999542236328,27.36000061035156,26.420000076293945,26.43000030517578,925000.0,0.0314393915037587,26.058835285397443,25.231649306183677,25.246600036621093,24.107500012715654,21.81239990234375,18.40634996414185,15.36514997959137,16.003000259399414,28.489999771118164,16.003000259399414,28.489999771118164,13.479999542236328,28.489999771118164,11.510000228881836,28.489999771118164,11.020000457763672,28.489999771118164,9.029999732971191,28.489999771118164,1413145.0,1271116.0,705871.3656387666,24951664.21090126,1,False,32,32,266810035.74142456,32,0.0479096409524308,1.1863569532121931,0.0435680122348896,5.700798756641035,0.6996207351073703,6.825322345000679,3.323832562914036,26.489999771118164,25.520999908447266,534100.0,False,False,False,0.0345207693668737,0.0991553030106689,0.1733382075909815,0.5720337390625461,0.5233826023746062,0.2483724699779805,0.9557739473848936,False,False,0.204867216044954,1.170959253198574,0.6473078288638723,1.6133830974405654,1.1836406543016331,1.925057574143192,0.0,0.0,2.0019865782786046,93.0,89.0,89.0,96.0,96.0,95.0,95.0,97.0,94.0,94.0,94.0,96.15384615384616,ZYME
