date,close,high,low,open,volume,price_chg_pct0,ema10,ema20,sma25,sma30,sma50,sma100,sma200,min30,max30,min60,max60,min90,max90,min120,max120,min150,max150,min252,max252,vol_sma40,vol_sma50,vol_sma252,avg_dollar_vol,adr_pct,atr14,atr_pct,atr_multi_50sma,vars_norm_change,vars,vars_20ema,previous_session_high,previous_session_low,previous_session_volume,inside_day,tight_day,close_to_ma,range_pct,range10_pct,range20_pct,range_contraction_10_20,vol_dry_10_50,dist_sma50_pct,close_vs_252h,nr7,nr20,perf_1mo,rela_perf_1mo,perf_3mo,rela_perf_3mo,perf_6mo,rela_perf_6mo,perf_12mo,rela_perf_12mo,vol_ratio,vol_ratio_rank,perf_1mo_rank,rela_perf_1mo_rank,perf_3mo_rank,rela_perf_3mo_rank,perf_6mo_rank,rela_perf_6mo_rank,c0_c30_rank,c0_c60_rank,c0_c90_rank,c0_c120_rank,rs_sts_pct,coiled_theme_score,coiled_is_candidate,coiled_flags,ticker
2026-05-27,179.8300018310547,189.9199981689453,167.3070068359375,172.5050048828125,10207930.0,0.0124423306757164,178.58682081264868,173.47466959274644,171.49799926757814,168.69266662597656,145.00420013427734,100.8473501586914,64.53010008811951,132.6300048828125,233.6699981689453,78.57499694824219,233.6699981689453,34.540000915527344,233.6699981689453,24.82999992370605,233.6699981689453,18.5,233.6699981689453,15.0600004196167,233.6699981689453,12133900.75,12211552.6,7056790.992063492,2140731627.6462328,0.139712956330225,25.800213405064174,0.1434700169179932,1.6740151775017529,0.0856584664308783,8.096159030482404,11.054180105063022,194.9600067138672,176.61000061035156,11319200.0,False,False,True,0.1257464889215321,0.4091085542808739,0.5314463164784653,0.7698022200845405,0.9229262952198232,0.2401709858371539,0.7695896060265132,False,False,0.2335711574761891,1.176742711247639,2.09411571121691,2.8578591973371448,7.738095359461537,7.672180503924409,9.057606838463885,7.760596754338275,1.7194643802893614,89.0,90.0,90.0,99.0,99.0,99.0,99.0,87.0,96.0,99.0,99.0,61.53846153846154,52.0,False,volDry=0.92; 50SMA=+24.0%; 252H=0.77x; prior=15.5x; blind=RS,AAOI
2026-05-27,139.5399932861328,145.8699951171875,138.8800048828125,143.22000122070312,1027514.0,-0.0111961584872691,133.78120738996796,125.27344550503612,117.31440002441406,113.48533350626629,101.7270004272461,97.27205215454102,93.29621006011963,85.62999725341797,149.0,76.83999633789062,149.0,76.83999633789062,149.0,73.0979416440298,149.0,73.0979416440298,149.0,61.78025587261198,149.0,1152982.85,1083876.28,1088687.753968254,184941703.27499545,0.0667040600189747,11.76571328299386,0.0843178575970528,4.408443211027624,-0.1342886566289541,2.8497423928811365,2.8290009382508257,142.44000244140625,137.67999267578125,1155700.0,False,False,True,0.0500930956764611,0.1375949396018083,0.4489035574281733,0.306513364229296,0.9938139803188606,0.3717104868921217,0.9365100220545828,False,False,0.5226974488816409,1.4525494646557766,0.4105575723997003,1.3028520287854992,0.528237760815542,1.3418159760861903,0.4145722914452101,1.091504699883778,1.059057425600124,60.0,97.0,97.0,91.0,91.0,87.0,87.0,94.0,92.0,89.0,89.0,84.61538461538461,54.0,False,volDry=0.99; 50SMA=+37.2%; 252H=0.94x; prior=2.4x,AAON
2026-05-27,5.440000057220459,5.54010009765625,5.165999889373779,5.30109977722168,6428287.0,0.0283554057559742,4.917202481916544,4.686488865224,4.586399984359741,4.475333325068156,4.065399994850159,3.852899994850159,4.157800000905991,3.759999990463257,5.630000114440918,3.220000028610229,5.630000114440918,2.744999885559082,5.630000114440918,2.744999885559082,5.630000114440918,2.744999885559082,5.96999979019165,1.965000033378601,6.514999866485596,7164952.175,6169849.74,5333221.773809524,45129199.74413059,0.0956552042129952,0.4676500388554164,0.0859650797677307,3.933245065606375,0.3207528769473859,1.001486274348764,0.6352705928643757,5.425000190734863,5.099999904632568,8717600.0,False,False,False,0.0687684199168217,0.2941360337509544,0.3437500191742881,0.8556684140919905,1.328889526570545,0.3381217258108853,0.834996188596236,False,False,0.3076923694130959,1.2474492897591265,0.705329140953211,1.5751158084658092,0.5498575703706703,1.3607984973959186,1.7614213087388635,2.130753129462402,1.3434566344466994,80.0,93.0,93.0,95.0,95.0,88.0,88.0,91.0,89.0,92.0,90.0,100.0,34.0,False,volDry=1.33; 50SMA=+33.8%; 252H=0.83x; prior=3.3x; blind=VARS,ABCL
2026-05-27,5.159999847412109,5.34499979019165,5.079999923706055,5.309999942779541,2491433.0,-0.0227273404598209,5.144807759957811,5.0072527483677804,5.079800033569336,4.827500033378601,4.084900026321411,3.485850019454956,3.3850250136852265,3.0799999237060547,6.71999979019165,2.240000009536743,6.71999979019165,2.240000009536743,6.71999979019165,2.240000009536743,6.71999979019165,2.240000009536743,6.71999979019165,2.240000009536743,6.71999979019165,4600335.825,4805504.66,4518623.94047619,24322957.38756733,0.0970765675137987,0.5156428473336356,0.0999307873220666,2.633710580202685,-0.232719920419252,-2.5031348140753,-0.6448301826513115,5.480000019073486,5.159999847412109,3044600.0,False,False,True,0.0513565647910824,0.2868217176044587,0.4321705591119148,0.6636771329214571,0.7172323291431372,0.2631887718581112,0.7678571441242484,False,False,0.0639175152319979,1.0149047128982651,0.8832116165884685,1.7394157624708853,0.7610920579680993,1.5462655872860116,0.939849504102816,1.4968162911152638,1.0180833558180986,55.0,74.0,74.0,96.0,96.0,92.0,92.0,95.0,96.0,95.0,93.0,53.84615384615385,68.0,False,volDry=0.72; 50SMA=+26.3%; 252H=0.77x; prior=3.0x; blind=1m/RS/VARS,ABSI
2026-05-27,88.63999938964844,89.77989959716797,83.37000274658203,86.45999908447266,2273497.0,0.0252139755755247,73.5821646743488,66.63246929196177,61.5575993347168,59.60433273315429,53.46549949645996,54.32459972381592,44.522374887466434,46.790000915527344,89.77989959716797,37.15999984741211,89.77989959716797,37.15999984741211,89.77989959716797,32.20000076293945,89.77989959716797,28.459999084472656,89.77989959716797,21.87299919128418,89.77989959716797,1429712.425,1341779.94,1393742.8452380951,119353342.32980116,0.0844500126186875,6.415707996913365,0.0723793777198807,9.089488780602284,0.339791073132473,6.071444602185848,5.0903323519811785,86.5,76.37000274658203,3613200.0,False,False,False,0.0723138187581542,0.3444257649750538,0.4743896699512197,0.7260397660228779,1.6142063504094422,0.657891541731831,0.9873033918211744,False,False,0.6652263789578918,1.588512338457315,0.2945815365758537,1.1957315421636443,1.9517148638983244,2.5916505028093586,2.955377063506965,3.0520268781877014,1.0258079027166307,56.0,97.0,97.0,87.0,87.0,98.0,98.0,96.0,96.0,95.0,96.0,100.0,37.0,False,volDry=1.61; 50SMA=+65.8%; 252H=0.99x; prior=4.1x,ACMR
2026-05-27,28.25,28.809999465942383,27.584699630737305,28.614999771118164,1361618.0,0.0,28.10884157049585,28.5292854151252,29.56707275390625,29.39635524749756,27.609216613769533,23.492753429412844,19.24171703338623,25.662138734049723,34.27607547663534,19.19193203792921,34.27607547663534,16.76181518996688,34.27607547663534,12.23174390331347,34.27607547663534,11.514944624004572,34.27607547663534,11.514944624004572,34.27607547663534,1769169.325,1665657.78,900493.7023809524,71496827.38485518,0.063654179035844,1.84994122863932,0.0654846452615688,0.3544195581496415,0.0,4.624676903110684,9.72349658372496,28.489999771118164,26.725799560546875,1846911.0,False,False,True,0.043373445493985,0.2642682106983011,0.3049181147817918,0.8666858342851131,1.169447724129743,0.0232090390391912,0.8241900394710275,False,False,-0.0606476366318308,0.8960780577492329,0.3709480531068798,1.2662669622985805,1.3657144344870749,2.077133221311372,1.267849890264236,1.7499061934299174,1.964665960819297,91.0,26.0,26.0,89.0,89.0,96.0,96.0,49.0,82.0,86.0,93.0,26.923076923076923,56.0,False,volDry=1.17; 50SMA=+2.3%; 252H=0.82x; prior=3.0x; blind=1m/RS,ADEA
2026-05-27,19.399999618530277,19.979999542236328,16.59000015258789,16.790000915527344,6740391.0,0.1764705814313536,16.150205422404547,15.848771455667896,16.094400100708008,16.22833334604899,14.925599994659423,12.307499990463256,10.619949967861176,14.100000381469728,19.979999542236328,9.25,19.979999542236328,8.920000076293945,19.979999542236328,8.119999885559082,19.979999542236328,7.110000133514404,19.979999542236328,7.110000133514404,19.979999542236328,2703634.775,2609125.82,1637486.075396825,47752671.09175368,0.0658280745180237,1.1250001362391882,0.057989698884562,5.169542591418836,2.5866662177838258,9.43486727405464,8.724240843705132,16.540000915527344,15.34000015258789,1880800.0,False,False,False,0.1747422400158408,0.3030927462055314,0.3030927462055314,1.0,0.9309206483572342,0.2997802182472966,0.9709709741244,False,False,0.1589008293776357,1.1055123133869962,0.8147802039328673,1.676209547740258,1.6758620163490034,2.349447510983649,1.487179377453648,1.9191440383517613,1.6510887119115234,88.0,86.0,86.0,96.0,96.0,97.0,97.0,88.0,94.0,94.0,94.0,100.0,44.0,False,volDry=0.93; 50SMA=+30.0%; 252H=0.97x; prior=2.8x,ADTN
2026-05-27,1.2999999523162842,1.5699000358581543,1.2651000022888184,1.5099999904632568,587758.0,-0.1612903275425303,2.117080332268858,1.9659568080312824,1.5843999886512756,1.4389999906222026,1.3895999944210051,3.2691999953985214,10.05530001848936,0.4799999892711639,5.889999866485596,0.4799999892711639,5.889999866485596,0.4799999892711639,10.4399995803833,0.4799999892711639,22.3799991607666,0.4799999892711639,23.700000762939453,0.4799999892711639,50.52000045776367,14231326.45,11441627.16,2676834.6706349207,54216249.75598765,0.540422304904324,1.194628553731101,0.9189450750383206,-0.0701663451592556,-0.2092700691099273,-13.587952602070295,-13.123380250515122,1.830000042915344,1.5399999618530271,2855100.0,False,False,False,0.2344615728841038,3.5576154106439226,4.161538519732348,0.8548798464258197,1.194366466316492,-0.0644790173175369,0.0257323820375481,False,False,1.5490195620110372,2.431590729278246,-0.5833333333333333,0.3848513684347035,-0.8209366513316892,0.1572203410589799,-0.9062049073219138,0.0723736673645504,5.316475689036282,98.0,99.0,99.0,2.0,2.0,2.0,2.0,99.0,97.0,96.0,95.0,57.692307692307686,47.0,False,volDry=1.19; 50SMA=-6.4%; 252H=0.03x; prior=105.3x; blind=RS/VARS,AEHL
2026-05-27,103.81999969482422,112.0,101.41100311279295,108.44000244140624,2790081.0,-0.0554948924284505,96.6154967220017,92.8325923683728,93.7852001953125,92.214333597819,73.93180019378661,52.52500003814697,38.55250000953674,69.58000183105469,112.0,29.1299991607666,112.0,22.65999984741211,112.0,19.899999618530277,112.0,18.700000762939453,112.0,9.140000343322754,112.0,3702764.525,3239767.62,1819151.115079365,253889976.8346386,0.12333351429609,11.654213496616908,0.1122540313125998,3.6013599104560394,-0.5234157136293974,9.77474290011338,9.862616725740546,111.56999969482422,97.22000122070312,2689100.0,False,False,False,0.1019938058017055,0.3394336155592029,0.3394336155592029,1.0,0.7805430501833338,0.4042671681562741,0.926964282989502,False,False,0.1733724655955104,1.1193172668637397,1.502892980727042,2.3117802928281983,4.121854827342139,4.49706636672445,10.73107290618927,9.051867684120255,2.035435371095302,92.0,88.0,88.0,98.0,98.0,99.0,99.0,92.0,98.0,99.0,99.0,84.61538461538461,48.0,False,volDry=0.78; 50SMA=+40.4%; 252H=0.93x; prior=12.3x,AEHR
2026-05-27,18.15999984741211,19.21999931335449,18.1200008392334,18.84000015258789,2872604.0,-0.0605276813715386,18.89933507555209,18.237904571361632,18.16240005493164,17.413333384195962,15.498199996948244,13.397099990844726,11.967032923698426,12.420000076293944,20.1299991607666,9.510000228881836,20.1299991607666,9.270000457763672,20.1299991607666,8.8100004196167,20.1299991607666,7.642000198364258,20.1299991607666,7.642000198364258,20.1299991607666,5665202.6,5037020.08,2875803.984126984,82803941.54623795,0.0541992736728746,0.9724993024553572,0.0535517241534527,3.207160374400802,-1.2030857742930408,3.3044780471773265,5.418154781647704,19.76000022888184,18.899999618530277,2916400.0,False,False,True,0.060572603709457,0.1106827278866766,0.1850219565658061,0.5982140170878067,0.6327094888214144,0.1717489676857959,0.9021361452814154,False,False,0.087425090884587,1.0373293360265186,0.8975967007850225,1.7527024488823066,1.2282209444676004,1.9564118478141457,0.4943126761544858,1.15303354871468,1.969954361030556,91.0,78.0,78.0,96.0,96.0,96.0,96.0,91.0,93.0,92.0,91.0,38.46153846153847,68.0,False,volDry=0.63; 50SMA=+17.2%; 252H=0.90x; prior=2.6x; blind=1m/RS,AESI
2026-05-27,29.290000915527344,29.81999969482422,27.059999465942383,28.71999931335449,4962764.0,0.0412371770127393,23.20609478421827,20.517512191891463,18.480999908447263,17.992166614532472,16.319999980926514,15.651400022506714,15.07615002155304,12.53499984741211,29.81999969482422,11.461000442504885,29.81999969482422,11.1850004196167,29.81999969482422,11.1850004196167,29.81999969482422,8.829999923706055,29.81999969482422,8.829999923706055,38.79999923706055,1947769.1,1840751.28,2442907.396825397,54501180.432443045,0.137191040684913,2.812571253095354,0.0960249629628499,8.276290100318512,0.4124346195617661,2.276779304804391,1.1095320289575166,28.31999969482422,24.489999771118164,3573800.0,False,True,False,0.0942301175353904,0.426425380017551,0.5901331275906143,0.7225918357753502,1.615963238661988,0.7947304503528867,0.7548969456563919,False,False,0.8215174785135633,1.737603382877722,1.147360716883398,1.983395304997204,1.985728813727388,2.6215152676127587,0.8249222621702514,1.4081367478549376,0.7973159778922286,28.0,98.0,98.0,97.0,97.0,98.0,98.0,98.0,97.0,96.0,95.0,100.0,59.0,False,tight; volDry=1.62; 50SMA=+79.5%; 252H=0.75x; prior=4.4x,AEVA
2026-05-27,2.869999885559082,3.1426000595092773,2.680000066757202,3.0999999046325684,4232154.0,-0.0620915231285504,3.086488877268878,2.5954264953939035,1.9397199630737303,1.7295999685923258,1.6698599803447722,2.8071299809217454,12.260864985883236,0.5400000214576721,9.199999809265137,0.5400000214576721,9.199999809265137,0.5400000214576721,9.199999809265137,0.5400000214576721,15.600000381469728,0.5400000214576721,27.399999618530277,0.5400000214576721,56.29999923706055,17835361.475,14292985.28,3089447.476190476,99998552.43815282,0.3632150782616603,1.400614253112248,0.4880189229831295,1.4727029533469074,-0.1356548077375819,-8.550057420309178,-11.139102966908387,3.5799999237060547,2.950000047683716,15988200.0,False,False,True,0.1611846728913578,2.7177700850631004,3.0174216491721144,0.9006928434442601,2.648905365695584,0.7187069091664318,0.0509769080719605,True,False,3.4773791064789137,4.271114152685778,0.0789472905835688,0.9965624190000052,-0.8060810913127037,0.1702637484909129,-0.9150887588656444,0.0655187573880904,5.772993913135678,99.0,99.0,99.0,70.0,70.0,2.0,2.0,99.0,99.0,99.0,99.0,73.07692307692307,44.0,False,NR7; volDry=2.65; 50SMA=+71.9%; 252H=0.05x; prior=104.3x; blind=VARS,AIIO
2026-05-27,36.93999862670898,38.41999816894531,36.720001220703125,38.0,911969.0,-0.0255869486839194,35.29034586436713,32.77112053648352,31.452399978637697,29.88233324686686,24.89020000457764,20.332400016784668,16.50460000514984,19.98500061035156,38.470001220703125,13.6899995803833,38.470001220703125,13.520000457763672,38.470001220703125,13.520000457763672,38.470001220703125,12.0600004196167,38.470001220703125,7.139999866485596,38.470001220703125,885709.225,804343.38,743916.9404761905,39886573.71231671,0.075410517226035,2.7297142573765347,0.0738958949338685,6.551354338812251,-0.3553489959917529,7.843328047164071,7.932749715809327,38.02999877929688,35.5099983215332,1169200.0,False,False,False,0.0460204930005879,0.2168381817545315,0.3570655393722933,0.6072783784616244,1.819169444771212,0.4841181918954138,0.9602286835080538,False,False,0.3887217329681836,1.324745773535195,1.1716636172636463,2.0058425157210538,1.899528986684341,2.5458305096334097,4.18092539043466,3.997677918340351,1.1906023062642537,72.0,95.0,95.0,97.0,97.0,98.0,98.0,96.0,97.0,97.0,96.0,92.3076923076923,37.0,False,volDry=1.82; 50SMA=+48.4%; 252H=0.96x; prior=5.4x,AIP
2026-05-27,144.42999267578125,148.52999877929688,141.69000244140625,148.52999877929688,3588439.0,-0.0255044454952599,144.50864817229464,136.61380576545113,127.5476007080078,122.2490005493164,117.41060028076171,107.45200019836426,93.80574981689452,89.80000305175781,165.4499969482422,88.5,165.4499969482422,88.5,165.4499969482422,82.69999694824219,165.4499969482422,70.81999969482422,165.4499969482422,69.77999877929688,165.4499969482422,6097353.475,6021154.78,3417354.123015873,1025923082.1258132,0.0542549116677348,9.545713697160991,0.0660923227946799,3.481907702350388,-0.3959907198149215,5.225320440673734,5.772571448029707,150.13999938964844,143.9199981689453,3662300.0,False,False,True,0.0473585590580563,0.1893650365691166,0.4912414356172673,0.3854826218622433,1.159328094867543,0.2301273678050241,0.8729525254748923,False,False,0.5055769020777197,1.43621763122891,0.4437224245703108,1.333484521765805,0.6226265499323331,1.4246907672003382,0.9044040038227454,1.4694660239147788,1.7842322614253925,90.0,96.0,96.0,92.0,92.0,89.0,89.0,94.0,88.0,85.0,85.0,53.84615384615385,45.0,False,volDry=1.16; 50SMA=+23.0%; 252H=0.87x; prior=2.4x; blind=RS,AKAM
2026-05-27,21.670000076293945,21.670000076293945,19.190000534057617,21.229999542236328,184203.0,-0.0917854349554163,22.47786064022229,22.066828181893765,24.806999969482423,21.23283330599467,14.03351800918579,9.979867088794707,30.8791790831089,3.046999931335449,78.9000015258789,2.2972970008850098,78.9000015258789,2.2972970008850098,78.9000015258789,2.2972970008850098,78.9000015258789,2.2972970008850098,78.9000015258789,2.2972970008850098,209.23423767089844,3587109.35,2901263.0,664729.3174603175,103304200.26437406,0.368361245156084,6.06214257649013,0.2797481566749902,1.9451788838611783,-0.3612585000146248,-0.1541651986465027,-0.2026485518267293,25.540000915527344,22.020000457763672,327800.0,False,True,True,0.1144439101755861,0.8306414368540419,3.094600883119137,0.2684163380761445,0.3111025439610266,0.5441602071632796,0.1035681364460934,True,False,0.7909090407534185,1.7084050218276643,4.32161511912404,4.915274066106466,0.0738259277259294,0.9428354816918706,-0.7556449560659421,0.1885479310653256,5.396345934770871,98.0,98.0,98.0,99.0,99.0,55.0,55.0,99.0,99.0,99.0,99.0,42.30769230769231,94.0,False,tight; NR7; volDry=0.31; 50SMA=+54.4%; 252H=0.10x; prior=91.1x; blind=RS/VARS,AKAN
2026-05-27,15.925000190734863,17.969999313354492,14.529999732971191,16.649999618530273,483826.0,-0.1058393785363192,10.091729354815914,7.8932486988339265,6.465799980163574,6.299499988555908,5.788460011482239,7.967829964160919,17.74911499619484,3.015000104904175,20.15900039672852,3.015000104904175,20.15900039672852,3.015000104904175,20.15900039672852,3.015000104904175,20.15900039672852,3.015000104904175,33.599998474121094,3.015000104904175,56.79999923706055,1130010.65,906720.46,189300.82936507935,35463513.12637081,0.2792996930497817,2.4103571517126903,0.1513568052021143,11.569770827674812,-0.7820414803956023,-8.017539789016285,-10.288692399327136,20.15900039672852,13.65999984741211,2536600.0,True,True,False,0.2160125299329469,1.0737205807945385,1.0765463162630724,0.9973751844896532,4.798449789034208,1.7511635493974818,0.2803697254338026,False,False,1.8437500824885724,2.7127435348154143,0.5253832213420628,1.4089099682899895,-0.1152777671813964,0.7767995640685752,-0.701779031166933,0.2301116677130912,5.969390909644132,99.0,99.0,99.0,93.0,93.0,28.0,28.0,99.0,99.0,99.0,99.0,92.3076923076923,64.0,False,inside; tight; volDry=4.80; 50SMA=+175.1%; 252H=0.28x; prior=18.8x; blind=VARS,AKTX
2026-05-27,325.3299865722656,326.96990966796875,305.7349853515625,323.5,5115210.0,0.0207391607876699,277.53995370337765,246.591293887031,227.928798828125,219.43133239746092,181.65539978027343,164.73015007019043,172.23429996490478,161.0500030517578,326.96990966796875,97.88999938964844,326.96990966796875,97.88999938964844,326.96990966796875,97.88999938964844,326.96990966796875,97.88999938964844,326.96990966796875,84.77999877929688,326.96990966796875,6080115.25,5729128.2,5643077.817460317,1524438885.6765442,0.0970548470961161,24.04049355643136,0.0738957198803782,10.70316844845241,0.2749521483844155,2.949898237526348,1.972779462244652,321.989990234375,290.5,8114900.0,False,True,False,0.0652719552234983,0.3762945675744457,0.4459776558375365,0.8437520639184772,1.215202515454271,0.790918337499342,0.9949844831367864,False,False,0.6544446073131533,1.5782272640046664,1.5386656423492084,2.34482147149502,1.2942875851245104,2.014419362215884,2.438279191806698,2.653026586244968,1.0774466428918346,62.0,97.0,97.0,98.0,98.0,96.0,96.0,97.0,98.0,98.0,97.0,100.0,54.0,False,tight; volDry=1.22; 50SMA=+79.1%; 252H=0.99x; prior=3.9x,ALAB
2026-05-27,49.0,51.65999984741211,48.75,51.58000183105469,1949051.0,-0.0346729389229822,46.441114006660655,45.4105015660074,45.98400009155274,44.900000127156574,40.16000019073486,37.68250015258789,33.181275033950804,37.0,51.65999984741211,27.649999618530277,51.65999984741211,27.649999618530277,51.65999984741211,25.31999969482422,51.65999984741211,22.40999984741211,51.65999984741211,22.40999984741211,51.65999984741211,2286061.275,2208871.02,2132044.25,130369655.0566208,0.0607635822948906,3.239999771118164,0.0661224443085339,3.328968225833378,-0.5432093968715949,5.813981856195673,6.307727020582198,51.34999847412109,47.150001525878906,3012100.0,False,False,False,0.0593877519880022,0.2467346969915896,0.2467346969915896,1.0,1.0483523388341616,0.2201195161175466,0.9485094878964588,False,False,0.1272141390385595,1.0752853729514271,0.2854145166046911,1.1872644857307555,1.034883727377463,1.7866588333845388,0.9276160445686296,1.4873767745503237,1.0722391315283442,62.0,84.0,84.0,86.0,86.0,94.0,94.0,85.0,91.0,88.0,90.0,65.38461538461539,35.0,False,volDry=1.05; 50SMA=+22.0%; 252H=0.95x; prior=2.3x; blind=RS,ALGM
2026-05-27,0.8702999949455261,0.9196000099182128,0.8406000137329102,0.885699987411499,25082523.0,-0.0177200711515328,0.832446722693679,0.8065182546484663,0.7978920006752014,0.7714100023110707,0.7003460001945495,1.008442996144295,1.932404051125049,0.6129999756813049,1.0399999618530271,0.4790000021457672,1.0399999618530271,0.4790000021457672,1.690000057220459,0.4790000021457672,2.255000114440918,0.4790000021457672,3.144588595210858,0.4790000021457672,5.942300403625165,22832378.075,28199030.46,16589380.646825396,20092970.04338727,0.1214705046368809,0.0931428500584193,0.1070238430419034,2.267452420564904,-0.168558108682313,-16.61890345052356,-15.847916048987903,0.8980000019073486,0.8069999814033508,27230800.0,False,True,True,0.0907732927083924,0.2730093414854425,0.4113523871410391,0.6636872667322984,0.7528493694176462,0.2426714719635223,0.1464584312187566,False,False,0.3166414181035804,1.2559860715696487,0.1030418540202879,1.0188172007051046,-0.552709242110905,0.3927280821611172,-0.8327522873695015,0.1290507848096579,1.376324925027824,82.0,93.0,93.0,73.0,73.0,6.0,6.0,90.0,92.0,89.0,87.0,80.76923076923077,82.0,False,tight; volDry=0.75; 50SMA=+24.3%; 252H=0.15x; prior=12.4x; blind=VARS,ALIT
2026-05-27,20.32999992370605,20.684999465942383,18.937000274658203,19.270000457763672,4567921.0,0.0283257184105159,19.14011554348368,19.35879937263736,20.00580017089844,20.42150020599365,18.927200107574464,16.434850063323974,11.42337503671646,16.18000030517578,24.40999984741211,13.520000457763672,24.40999984741211,8.279999732971191,24.40999984741211,6.400000095367432,24.40999984741211,5.434999942779541,24.40999984741211,3.1600000858306885,24.40999984741211,4780443.025,5382794.42,3038693.345238095,85207229.50702429,0.0790823304382744,1.5807854788643974,0.0777562953662927,0.9531774639768132,0.3542539284613586,4.466242227999905,7.183968883937167,19.854999542236328,18.959999084472656,4053400.0,False,False,False,0.085981268954453,0.3010329048131703,0.3010329048131703,1.0,0.7715606014171353,0.0741155484254749,0.8328553892171119,False,False,-0.0539785881696988,0.9024398749181972,0.217365209277252,1.124411200020359,2.6368514076505494,3.19321079910554,4.172041080236505,3.9908226544594183,1.5731903426488834,87.0,28.0,28.0,83.0,83.0,98.0,98.0,80.0,84.0,96.0,97.0,38.46153846153847,64.0,False,volDry=0.77; 50SMA=+7.4%; 252H=0.83x; prior=7.7x; blind=1m/RS,ALM
2026-05-27,21.32999992370605,22.34000015258789,21.184999465942383,22.32999992370605,676994.0,-0.0447828035565005,22.395474714719537,23.044281411845173,23.789400024414064,23.95249996185303,23.7940998840332,24.48014996528625,15.270699986219403,20.530000686645508,28.309999465942383,19.86000061035156,29.545000076293945,19.86000061035156,30.600000381469727,7.409999847412109,30.600000381469727,4.369999885559082,30.600000381469727,2.759999990463257,30.600000381469727,1113287.35,1305077.88,1434263.4682539685,20173690.058405112,0.0617650536789324,1.4678570883614677,0.0688165538495899,-1.504860077257128,-0.6812652321053101,-4.461139489819706,-1.444107049612483,22.559999465942383,21.729999542236328,666300.0,False,False,False,0.0541491181798761,0.2278480412745595,0.2798874512287018,0.814070228137453,0.6479072344709421,-0.1035592845426632,0.6970588123463798,False,False,-0.1381818212644018,0.822115736170984,-0.2742429272993189,0.670340646192052,1.9219177214239007,2.5654881589391474,3.3753845997345757,3.376110845158858,0.7762083986948957,26.0,13.0,13.0,11.0,11.0,98.0,98.0,23.0,25.0,21.0,96.0,0.0,72.0,False,volDry=0.65; 50SMA=-10.4%; 252H=0.70x; prior=11.1x; blind=1m/RS/VARS,ALMS
2026-05-27,90.58000183105467,95.0,88.2300033569336,94.80999755859376,2110031.0,-0.0319546636050157,84.4831909823873,79.02513377668282,75.66600082397461,72.78666725158692,64.80020042419433,64.60830039978028,72.06240005493164,55.0,96.36000061035156,48.29999923706055,96.36000061035156,48.29999923706055,96.36000061035156,48.29999923706055,96.36000061035156,48.29999923706055,96.69000244140624,48.29999923706055,96.69000244140624,871238.275,871992.62,895621.1547619047,81880554.77720718,0.0569736595938266,5.132856096540179,0.0566665488273418,7.020635969649364,-0.5825212722766474,-0.4285403065433169,-1.483728435894823,96.36000061035156,89.44999694824219,1955500.0,False,False,False,0.0747405222589139,0.2432104033336865,0.3605652372179007,0.6745253791249626,1.255553171998176,0.3978352109731284,0.936808351886699,False,False,0.3965464227362072,1.3322099936545548,0.2886612697574342,1.1902633274758827,0.0515440268500839,0.9232716341418512,0.4583803081779098,1.125307607268226,0.9727754535137272,50.0,95.0,95.0,87.0,87.0,52.0,52.0,94.0,92.0,91.0,88.0,96.15384615384616,31.0,False,volDry=1.26; 50SMA=+39.8%; 252H=0.94x; prior=2.0x; blind=VARS,AMBA
2026-05-27,495.5400085449219,510.2099914550781,486.6603088378906,508.0,27214782.0,-0.0165710886518388,456.4738099855052,421.4019321498205,402.9580004882813,381.6053344726562,315.37800079345703,265.57600036621096,234.1477000427246,251.8500061035156,510.2099914550781,188.22000122070312,510.2099914550781,188.22000122070312,510.2099914550781,188.22000122070312,510.2099914550781,188.22000122070312,510.2099914550781,108.62000274658205,510.2099914550781,40380947.05,39264097.64,47342859.05555555,17159845842.61766,0.0579614559186518,28.824983869280132,0.0581688327324373,9.820677923753824,-0.2896794718561677,10.40883652723921,9.796142300500618,506.9599914550781,480.2300109863281,38473800.0,False,False,False,0.0475232720085257,0.2358033742757279,0.3861444137787904,0.6106611046581449,0.8065747108304104,0.5712573714659763,0.971247166547408,False,False,0.4808594606405965,1.4126388786976547,1.350090140901739,2.170644976010254,1.43174016838431,2.135104818956524,3.4922492930135745,3.466285354256716,0.8529469460772121,34.0,96.0,96.0,98.0,98.0,96.0,96.0,97.0,97.0,96.0,95.0,96.15384615384616,53.0,False,volDry=0.81; 50SMA=+57.1%; 252H=0.97x; prior=4.7x,AMD
2026-05-27,72.19000244140625,75.0,70.08999633789062,75.0,5455481.0,-0.0172882746922719,70.08554032962677,69.69168601627514,72.00079986572266,70.98866678873698,62.28219993591309,55.22791343688965,43.55573852539062,58.20000076293945,79.2300033569336,40.14307821382048,79.2300033569336,40.14307821382048,79.2300033569336,38.59603986011181,79.2300033569336,29.38273554124754,79.2300033569336,17.58089519827977,79.2300033569336,4647339.525,4440721.62,3398937.623015873,382121342.16954345,0.0627968729372949,4.847143173217773,0.0671442444838813,2.369215718607485,-0.2620093109862318,3.564879269183134,5.04983555661214,76.30000305175781,69.4000015258789,8622500.0,True,False,True,0.0680150089493989,0.1949022773831737,0.2287020053079193,0.852210618445438,1.0728972693406529,0.1590791994452356,0.911144760605248,False,False,-0.04535837318957,0.9106629718070768,0.4198731624784524,1.311456311000502,1.261407505152619,1.9855501523766168,2.9982823011628907,3.0851331880131454,1.367291795392356,81.0,30.0,30.0,91.0,91.0,96.0,96.0,78.0,91.0,89.0,88.0,23.07692307692308,65.0,False,inside; volDry=1.07; 50SMA=+15.9%; 252H=0.91x; prior=4.5x; blind=1m/RS,AMKR
2026-05-27,27.200000762939453,27.989999771118164,27.170000076293945,27.299999237060547,537476.0,-0.000734700621584,27.13051152841931,25.940902832947945,24.819600067138676,24.05966676076253,21.849400024414063,20.48059994697571,19.436399984359745,18.71999931335449,31.649999618530277,17.450000762939453,31.649999618530277,15.649999618530272,31.649999618530277,14.970000267028809,31.649999618530277,14.970000267028809,31.649999618530277,14.869999885559082,31.649999618530277,1018189.4,1001589.52,1037958.6349206348,36236820.48834648,0.064838491219243,2.1314285823277066,0.0783613427405421,3.12508014846609,-0.0093826978679242,2.913429942952368,3.2634968389809003,27.8700008392334,26.989999771118164,728400.0,False,True,True,0.0301470467582296,0.2069852574576978,0.4172794140849558,0.4960351516779038,1.0839945689527584,0.2448854766056156,0.8593997185078809,True,True,0.2964728959207647,1.236746677610551,0.3593203624095809,1.2555271238747625,0.6464891046753363,1.4456424528642926,0.3095811344949823,1.0104919853336232,0.9809537352881634,51.0,93.0,93.0,89.0,89.0,90.0,90.0,91.0,86.0,88.0,87.0,61.53846153846154,75.0,False,tight; NR20; volDry=1.08; 50SMA=+24.5%; 252H=0.86x; prior=2.1x; blind=RS,AMN
2026-05-27,4.889999866485596,5.090000152587891,4.570000171661377,4.869999885559082,5139917.0,-0.0200400619678104,4.2213171996276,3.535067246489244,2.906399984359741,2.7586666504542032,2.532999987602234,2.801249992847443,3.155974997282028,1.850000023841858,5.645999908447266,1.6399999856948853,5.645999908447266,1.6399999856948853,5.645999908447266,1.6399999856948853,5.645999908447266,1.6399999856948853,5.645999908447266,1.6399999856948853,5.645999908447266,2501342.925,2171370.34,934496.496031746,19487318.3665488,0.1422126024975476,0.5850000211170742,0.1196319094252877,7.778168337539797,-0.1709400017484028,-0.7688433736213067,-3.212648745641441,5.300000190734863,4.550000190734863,7979800.0,True,True,False,0.1063394673055959,0.700613491488554,0.7742331283258539,0.9049128303299424,3.849302694260805,0.9305171300512024,0.8660998841267107,True,False,1.5468749873883398,2.4295449514236886,0.7846714779071686,1.6483998251495005,0.6632652283376856,1.460372144358714,1.1260869425501396,1.6405198265152734,2.6766744825922024,95.0,99.0,99.0,96.0,96.0,90.0,90.0,99.0,98.0,97.0,96.0,88.46153846153845,71.0,False,inside; tight; NR7; volDry=3.85; 50SMA=+93.1%; 252H=0.87x; prior=3.4x; blind=VARS,AMPG
2026-05-27,17.15999984741211,17.674999237060547,16.809999465942383,17.559999465942383,4381517.0,-0.0375771216579278,16.8622606362127,17.478243403150852,18.669200134277343,18.7956667582194,18.22080007553101,15.114800033569336,12.747600033283234,14.25,22.799999237060547,10.970000267028809,22.799999237060547,9.229999542236328,22.799999237060547,7.710000038146973,22.799999237060547,7.710000038146973,22.799999237060547,2.549999952316284,22.799999237060547,8749485.425,8535654.34,8274957.607142857,161790661.73834267,0.0887513979138319,1.833214487348284,0.106830682030848,-0.5449669444564682,-0.3654782792291206,3.4768113743268323,4.17565205318177,18.040000915527344,16.489999771118164,11035200.0,True,False,True,0.0504079125180536,0.27972023774723,0.4720279984554477,0.5925924704943776,0.967073099635382,-0.0582191903605517,0.7526315974396688,True,False,-0.1988795617977838,0.7642142334250944,0.5515369978626832,1.4330667283308605,0.6973294194009811,1.4902810217292026,5.332103175594665,4.885943559130058,1.0573450451815651,60.0,8.0,8.0,93.0,93.0,91.0,91.0,74.0,86.0,90.0,93.0,30.76923076923077,97.0,False,inside; NR7; volDry=0.97; 50SMA=-5.8%; 252H=0.75x; prior=8.9x; blind=1m/RS,AMPX
2026-05-27,52.68000030517578,55.09000015258789,51.54999923706055,53.56999969482422,1757518.0,-0.0082831068440567,51.90025055364724,50.871294777199786,51.90800003051758,49.85966682434082,43.16420017242432,37.338899974823,42.27529995918274,36.88999938964844,60.18000030517578,26.459999084472656,60.18000030517578,24.8700008392334,60.18000030517578,24.8700008392334,60.18000030517578,24.8700008392334,64.72000122070312,24.8700008392334,70.48999786376953,1251472.95,1218326.36,1164305.626984127,63894960.84118424,0.0773366273302285,4.113571439470563,0.0780860177608314,2.8232435106365643,-0.106962680284851,1.732442733740088,2.113027446806788,54.400001525878906,51.27999877929688,1169500.0,False,False,True,0.0671981946662885,0.1998860804536158,0.2750569778763491,0.7267079061105439,0.8984142803903545,0.2204558429147189,0.7473400752116105,False,False,0.0612409539263871,1.0123514560484304,0.5190311373011611,1.4030429085246618,0.7340356076509671,1.5225096127756472,1.083860714964485,1.607937450805782,1.0748663589659533,62.0,74.0,74.0,93.0,93.0,91.0,91.0,90.0,94.0,93.0,91.0,53.84615384615385,66.0,False,volDry=0.90; 50SMA=+22.0%; 252H=0.75x; prior=2.8x; blind=1m/RS/VARS,AMSC
2026-05-27,1.899999976158142,1.9900000095367432,1.559999942779541,1.5700000524520874,853346.0,0.2025315978171422,1.5979812613794326,1.4335486430163875,1.2191600012779236,1.2952999969323475,1.4929799950122833,1.699449991583824,2.2809800001978875,0.7699999809265137,2.6700000762939453,0.7699999809265137,2.6700000762939453,0.7699999809265137,2.6700000762939453,0.7699999809265137,2.75,0.7699999809265137,3.900000095367432,0.7699999809265137,4.78000020980835,5088923.65,4076998.92,1052988.2777777778,15345352.954987466,0.1743125565813488,0.3486428729125431,0.183496251203913,1.485711706087537,0.9178444709611764,-10.30922239358637,-11.571725934479236,2.130000114440918,1.5399999618530271,1131600.0,True,False,False,0.2263158274489431,0.99473690980029,1.000000062741732,0.9947368473887772,4.5772356005431565,0.2726225284368329,0.397489517314126,False,False,0.8095238689932991,1.7261622977818316,0.0382513287438408,0.9589738671509191,-0.1343963398891022,0.7600131667180248,-0.349315093659307,0.502078004573873,4.832839792613498,98.0,98.0,98.0,63.0,63.0,26.0,26.0,98.0,96.0,96.0,94.0,88.46153846153845,56.0,False,inside; volDry=4.58; 50SMA=+27.3%; 252H=0.40x; prior=6.2x; blind=VARS,AMST
2026-05-27,57.68999862670898,58.9900016784668,56.93000030517578,57.38999938964844,525725.0,-0.0013848334848669,60.25306296173371,60.29862984082217,62.78540023803711,60.2423890431722,53.01963333129883,43.83334997177124,32.79120833396912,43.79333114624024,72.36000061035156,35.119998931884766,72.36000061035156,29.5,72.36000061035156,27.01333236694336,72.36000061035156,20.18000030517578,72.36000061035156,11.404000282287598,72.36000061035156,744174.375,812737.5,825952.0833333334,37803824.17989254,0.0658920989252538,4.051000322614398,0.0702201494027924,1.2544471853428585,-0.0197486607463552,1.051920438188148,4.6042799681915145,60.0099983215332,57.08000183105469,482200.0,False,True,False,0.0357081196451491,0.1416189697248981,0.2674640435514257,0.5294878812286736,0.61145511312078,0.088087468772688,0.7972636558885831,False,False,-0.133653674735486,0.8264352789805489,0.570223080869398,1.4503260034088252,1.1846754487042297,1.918178240845356,3.2336103561189637,3.266715762161149,0.900989766859962,41.0,13.0,13.0,94.0,94.0,96.0,96.0,85.0,88.0,92.0,92.0,15.384615384615383,97.0,False,tight; volDry=0.61; 50SMA=+8.8%; 252H=0.80x; prior=6.3x; blind=1m/RS/VARS,ANAB
2026-05-27,48.86000061035156,51.13999938964844,46.0,50.52999877929688,1562057.0,0.0202547762177001,42.81881161309566,40.86709960141307,41.49320022583008,40.42166684468587,33.56199996948242,27.64729999542236,26.46084994316101,29.149999618530277,51.13999938964844,19.0,51.13999938964844,17.010000228881836,51.13999938964844,17.010000228881836,51.13999938964844,17.010000228881836,51.13999938964844,17.010000228881836,51.13999938964844,1028333.925,875561.14,422801.4166666667,49558563.64908066,0.090291437400926,4.430713653564453,0.0906818174010778,5.026510876780525,0.2189266327158766,8.854342906821458,8.330958205783771,49.209999084472656,44.11000061035156,1806400.0,False,False,False,0.1051985125959959,0.3027016113543377,0.3303315429396247,0.9163569687005731,1.1187861763714182,0.4558131414927433,0.9554165270530216,False,False,0.1539915076586309,1.1008291554556549,1.1590809731473453,1.994220640985009,1.621244753767832,2.3014927245095853,1.3569706555372458,1.8186730813019727,2.432191294691736,94.0,86.0,86.0,97.0,97.0,97.0,97.0,95.0,97.0,97.0,96.0,96.15384615384616,32.0,False,volDry=1.12; 50SMA=+45.6%; 252H=0.96x; prior=3.0x,AOSL
2026-05-27,48.97999954223633,49.34989929199219,43.68009948730469,45.2400016784668,25403994.0,0.0850686797631743,44.12811026927824,41.46611129729536,39.96459991455078,38.50183321634928,33.52270000457764,33.02639999389648,28.90057502269745,29.420000076293945,49.34989929199219,20.0,49.34989929199219,20.0,49.34989929199219,20.0,49.34989929199219,19.0049991607666,49.34989929199219,6.675000190734863,49.34989929199219,24756137.35,22996341.88,32928677.753968254,971065569.9841732,0.0982314462511293,4.57477160862514,0.0934008095422751,4.936782477375679,0.8393861991597716,0.0800547701104772,0.0367215983821126,48.84999847412109,44.720001220703125,22554200.0,False,False,False,0.1157574491154972,0.2790914478271607,0.3774989557869729,0.7393171386271471,0.9785943137143864,0.4610994799210071,0.9925045490454348,False,False,0.4547075202223152,1.3876917120217112,0.6843191083473066,1.5557100329476332,1.32242765234054,2.039126768829405,5.65489112142833,5.135011466139122,0.7518108542034192,24.0,96.0,96.0,95.0,95.0,96.0,96.0,95.0,96.0,96.0,94.0,100.0,51.0,False,volDry=0.98; 50SMA=+46.1%; 252H=0.99x; prior=7.4x; blind=VARS,APLD
2026-05-27,6.679999828338623,7.619999885559082,6.170000076293945,6.494999885559082,54534687.0,0.3887733696060027,4.780151049454511,4.364730259910344,4.070400009155273,4.009000007311503,3.6184000062942494,4.090799994468689,4.696349993944168,3.150000095367432,7.619999885559082,2.740000009536743,7.619999885559082,2.740000009536743,7.619999885559082,2.740000009536743,7.619999885559082,2.740000009536743,8.279999732971191,2.740000009536743,8.279999732971191,3868729.675,3577893.74,4036961.853174603,29956716.124758124,0.0801932135577145,0.5007143190928868,0.0749572353233756,11.288033472246822,3.734664287106559,-3.2225801642617924,-6.627274846884237,4.980000019073486,4.519999980926514,12384600.0,False,False,False,0.2170658452884668,0.5643712691328238,0.6482035980505355,0.8706697568945367,2.6297004281630785,0.8461197813173456,0.8067632903101043,False,False,0.8711484462888679,1.784947939555948,0.7216493895132696,1.5901898964454886,0.5391704132442066,1.351415011043913,0.5321100054540981,1.182198521634821,0.9583270329784492,48.0,98.0,98.0,95.0,95.0,87.0,87.0,98.0,96.0,95.0,94.0,100.0,36.0,False,volDry=2.63; 50SMA=+84.6%; 252H=0.81x; prior=3.0x; blind=VARS,APPS
2026-05-27,302.7099914550781,323.67999267578125,300.8800048828125,320.5350036621094,9238467.0,-0.057624088460504,269.8757192977235,243.39921492086452,230.11200073242188,219.7263341267904,189.77930145263676,153.57795059204102,148.81622539520265,156.2100067138672,325.0,111.26000213623048,325.0,100.0199966430664,325.0,100.0199966430664,325.0,100.0199966430664,325.0,100.0199966430664,325.0,10251909.175,10371223.34,6087707.408730159,2822045707.4288435,0.0769598194387204,21.361785888671875,0.0705684863125568,8.432422064654705,-0.866501043596773,7.948522356861186,4.694127497450983,325.0,300.0,10899800.0,True,False,False,0.0753195746310615,0.4030094762672921,0.4330547389855291,0.9306201733558652,1.170385238276047,0.5950632610512878,0.9314153583233172,False,False,0.4022141217728807,1.3376165917989182,1.2977833523074025,2.1223321620047617,1.3007522581429298,2.020095443358951,1.3801697651258684,1.8365738540671668,1.684034479104254,89.0,95.0,95.0,98.0,98.0,96.0,96.0,97.0,97.0,97.0,96.0,92.3076923076923,54.0,False,inside; volDry=1.17; 50SMA=+59.5%; 252H=0.93x; prior=3.2x,ARM
2026-05-27,16.350000381469727,17.100000381469727,16.260000228881836,16.829999923706055,1807629.0,-0.0342587072209762,16.005293184570416,15.1684607573596,14.466399993896484,14.44199997584025,13.823599967956545,13.218700017929075,15.061549983024598,12.324999809265137,17.850000381469727,10.470000267028809,17.850000381469727,9.18000030517578,17.850000381469727,9.18000030517578,17.850000381469727,9.18000030517578,17.850000381469727,9.18000030517578,31.18000030517578,1376085.725,1411398.58,1344827.966981132,21683670.01954184,0.0593138300489684,0.9750713620867048,0.0596373907851281,3.0645195195977672,-0.5948281800265612,-7.888444685592389,-6.0014077309559175,17.850000381469727,16.790000915527344,2643700.0,False,False,True,0.0513761549229017,0.3379205164096723,0.3379205164096723,1.0,1.3598163744787102,0.1827599481589052,0.5243746062040826,False,False,0.2039764707898264,1.1485113995484535,0.5966797604414766,1.4747625378189524,0.2615740997950999,1.107681229665637,0.0,0.0,1.0232429416894382,56.0,89.0,89.0,94.0,94.0,75.0,75.0,85.0,86.0,89.0,86.0,76.92307692307693,31.0,False,volDry=1.36; 50SMA=+18.3%; 252H=0.52x; prior=3.4x; blind=VARS,ARX
2026-05-27,17.81999969482422,18.049999237060547,17.110000610351562,17.75,4107087.0,-0.015469650869851,17.402878042811427,16.6608583552996,16.563399963378906,16.271166610717774,13.885,13.40874997138977,31.80597501754761,12.3100004196167,19.75,7.994999885559082,19.75,7.019999980926514,19.75,7.019999980926514,23.399999618530277,7.019999980926514,36.20000076293945,7.019999980926514,252.0,3870144.675,3806281.74,3204927.686507937,68258222.63558331,0.0789018493059925,1.5089287076677596,0.0846761354382079,3.3468618799509144,-0.1855625684783241,-2.4275809720976973,-2.3983291457611062,19.39699935913086,17.649999618530273,7053900.0,False,True,True,0.052749643255157,0.2508417701223143,0.3327721889298425,0.7537942726794354,1.2523819899890016,0.2833993298396988,0.0707142845032707,True,False,0.1357552690507391,1.0834330281772626,1.086651027450075,1.927321208063619,-0.126470586860331,0.7669720983117864,-0.914818355856702,0.0657274043104912,1.207560685781612,73.0,85.0,85.0,97.0,97.0,27.0,27.0,91.0,95.0,96.0,95.0,84.61538461538461,66.0,False,tight; NR7; volDry=1.25; 50SMA=+28.3%; 252H=0.07x; prior=35.9x; blind=VARS,ASST
2026-05-27,13.8100004196167,19.75,6.170100212097168,7.409999847412109,145094234.0,4.591093222532081,4.557262836484141,3.7421105946614057,3.2824000453948976,3.264666692415873,3.2494000148773194,3.1732000041008,3.719450000524521,2.240000009536743,19.75,1.919999957084656,19.75,1.919999957084656,19.75,1.919999957084656,19.75,1.919999957084656,19.75,1.919999957084656,19.75,3949755.85,5438842.68,1223984.6587301588,100283902.7720983,0.176635864281528,1.3900000538144792,0.1006517025039351,32.2897220442658,8.158273346743337,-6.100737358819664,-10.608688189329914,2.640000104904175,2.319999933242798,73900.0,False,False,False,0.9833381155161288,1.267921756583788,1.267921756583788,1.0,2.672690543790467,3.250015497134197,0.6992405275755291,False,False,2.968390903426911,3.785574137890127,3.897163385297031,4.523232072671729,4.058608176971211,4.441534846644512,1.4017392034116,1.8532171485846043,3.2269651599209856,96.0,99.0,99.0,99.0,99.0,99.0,99.0,99.0,99.0,99.0,99.0,100.0,36.0,False,volDry=2.67; 50SMA=+325.0%; 252H=0.70x; prior=10.3x; blind=VARS,ASTC
2026-05-27,129.60000610351562,131.17999267578125,118.06900024414062,124.36000061035156,34852084.0,0.0827068455110668,100.6521334922794,91.50132939477078,82.39240036010742,82.80666720072428,85.67680015563965,90.7542499923706,76.4806498336792,63.43000030517578,131.17999267578125,63.43000030517578,131.17999267578125,63.43000030517578,131.17999267578125,56.150001525878906,131.17999267578125,49.310001373291016,131.17999267578125,22.46999931335449,131.17999267578125,20459552.1,19011565.68,14707112.23809524,2105629799.0680456,0.1007883117464425,10.536927359444755,0.0813034480185794,6.305533385079999,0.9395537064606964,-0.8709422905851811,-2.4349310291788058,127.0999984741211,112.45999908447266,48352900.0,False,False,False,0.1011650602945841,0.4597221558313178,0.522762262190724,0.8794096075427751,1.4172451050859478,0.5126616058032687,0.987955582707108,False,False,0.6787566221071795,1.6014192671827785,0.5735794699256791,1.453426109619967,1.5228734436097953,2.215121219405469,4.378709682373209,4.15029117502556,1.3911331992832998,82.0,98.0,98.0,94.0,94.0,97.0,97.0,97.0,94.0,92.0,93.0,100.0,36.0,False,volDry=1.42; 50SMA=+51.3%; 252H=0.99x; prior=5.8x; blind=VARS,ASTS
2026-05-27,11.029999732971191,12.339099884033203,10.859999656677246,12.039999961853027,2042222.0,-0.089182490035048,9.522709427232048,8.833326002846011,8.727000064849854,8.231166728337605,6.6906000518798825,5.1770000171661374,4.188875007629394,4.909999847412109,12.364999771118164,3.4549999237060547,12.364999771118164,2.25,12.364999771118164,2.109999895095825,12.364999771118164,1.8919999599456787,12.364999771118164,1.8919999599456787,12.364999771118164,2678855.55,2322148.44,1288683.0238095238,27138863.781380463,0.1604169937141863,1.1965786388942177,0.1084840134054917,5.978590937318723,-0.9025732940578852,9.924226748991298,9.94508517812234,12.364999771118164,9.545000076293944,3743900.0,True,False,False,0.1340979386368059,0.4700816018408768,0.5,0.9401632036817535,0.8470699659492913,0.648581539390036,0.8920339617583147,False,False,0.4456093797554818,1.3790127068298603,0.7993473942988947,1.6619551367648342,4.542713407091335,4.8665865948328415,0.6292466416612414,1.257150572931313,2.0787544341826862,92.0,96.0,96.0,96.0,96.0,99.0,99.0,98.0,98.0,99.0,99.0,92.3076923076923,70.0,False,inside; volDry=0.85; 50SMA=+64.9%; 252H=0.89x; prior=6.5x,ATOM
2026-05-27,10.539999961853027,10.699999809265137,9.560099601745604,9.600000381469728,168858.0,0.0967742287617665,9.436606897765529,8.483026050667661,7.507199993133545,7.113666629791259,6.2216999721527095,6.298949980735779,10.143350007534028,4.519999980926514,12.449999809265137,4.300000190734863,12.449999809265137,3.920000076293945,12.449999809265137,3.920000076293945,19.145000457763672,3.920000076293945,19.145000457763672,3.920000076293945,19.145000457763672,2159556.45,1748261.16,486953.00793650793,41806297.09805622,0.1501061992156684,1.6204214436667306,0.1537401754773674,4.514569803648967,0.5739249556407703,-7.99180655765758,-6.487117395935572,10.079999923706056,9.149999618530272,182300.0,False,False,False,0.1081499252035221,0.2144212748635064,0.7523719029449083,0.2849937298618224,0.1459368919458234,0.6940707538178164,0.5505353726736972,False,False,1.1122245381368452,2.014918081301621,1.083003968585666,1.923952626636268,-0.2295321837189393,0.6764824502140736,0.4761904984517817,1.1390502109565073,4.434835425190713,98.0,99.0,99.0,97.0,97.0,20.0,20.0,98.0,96.0,96.0,95.0,96.15384615384616,51.0,False,volDry=0.15; 50SMA=+69.4%; 252H=0.55x; prior=4.9x; blind=VARS,ATRA
2026-05-27,74.76000213623047,76.0,73.20010375976562,74.0,535843.0,-0.0116340198376363,75.93911624470246,78.8012844826907,80.65337127685547,84.43600260416666,82.95907890319825,75.9041990661621,55.71708878517151,71.03500366210938,109.18337055840615,58.688494643867145,109.18337055840615,57.45701336639321,109.18337055840615,39.339055824396105,109.18337055840615,28.5861181956668,109.18337055840615,21.588266679024407,109.18337055840615,839008.575,911238.86,667309.3715596331,55384033.417873,0.0527661087057804,4.777597639781017,0.0639057985990302,-1.5465386030616264,-0.1841924163078546,0.5578407460271606,5.351762229380119,76.0,73.6050033569336,636400.0,False,True,True,0.0374517945455953,0.1566721509901416,0.2795225799009214,0.5604990875716555,0.7114098492243845,-0.0988327844928819,0.6847196762096535,False,False,-0.1411146571709279,0.8193180108388265,-0.1008611376140997,0.830483571844887,1.1188445386350812,1.8603777014816787,0.0,0.0,1.2573007524816744,76.0,12.0,12.0,28.0,28.0,95.0,95.0,30.0,68.0,65.0,89.0,7.6923076923076925,98.0,False,tight; volDry=0.71; 50SMA=-9.9%; 252H=0.68x; prior=5.1x; blind=1m/RS/VARS,AUGO
2026-05-27,6.809999942779541,7.065000057220459,6.730000019073486,6.929999828338623,25098272.0,-0.0271428653172084,7.088763289380859,6.809341700371064,6.588800029754639,6.361333354314168,5.494400005340577,4.987300000190735,5.017275004386902,4.71999979019165,8.5649995803833,3.819999933242798,8.5649995803833,3.75,8.5649995803833,3.75,8.5649995803833,3.5999999046325684,8.5649995803833,3.5999999046325684,8.5649995803833,25822106.8,24366127.44,20001305.04761905,237214908.56097603,0.0819038776822966,0.5379999705723354,0.0790014647713414,3.0308777994797595,-0.3531599769760824,2.723700191340633,3.2553573867039103,7.249000072479248,6.980000019073486,21552600.0,False,False,True,0.0491923701852837,0.2694566191965118,0.5543318135461666,0.486092648142899,1.317778431515911,0.2394437857018412,0.7950963545143315,False,False,0.3592813636057339,1.296661670033148,0.3954917588274964,1.2889365912578716,0.8015873000855469,1.581821025204044,0.1464646257875941,0.8846288979824289,1.291021097799509,78.0,94.0,94.0,90.0,90.0,92.0,92.0,90.0,91.0,89.0,87.0,46.15384615384615,45.0,False,volDry=1.32; 50SMA=+23.9%; 252H=0.80x; prior=2.4x; blind=RS,AUR
2026-05-27,122.7699966430664,133.49000549316406,115.13999938964844,133.0,8746637.0,-0.0741327979485559,120.754226532719,111.16731262340107,104.6672003173828,99.92266693115236,82.67740020751953,55.215100135803226,31.29790006041527,58.040000915527344,143.16000366210938,31.549999237060547,143.16000366210938,15.850000381469728,143.16000366210938,10.600000381469728,143.16000366210938,4.809999942779541,143.16000366210938,1.4500000476837158,143.16000366210938,12490748.425,12313928.74,5311081.496031746,1160430393.166631,0.1547671292180028,17.225714002336776,0.1403088252288359,3.456148403095668,-0.5706590425868975,7.734659389202248,10.68501296339673,143.16000366210938,131.60000610351562,7447900.0,False,False,True,0.1494665358415318,0.3362385561409294,0.6016127932713673,0.5588952892982506,0.7211405788921269,0.4849281222548705,0.8575719020853891,False,False,0.7501068278348584,1.6694824948508478,1.9965826942916416,2.7677734812621333,12.748039467804896,12.070987558846667,83.08903659953714,64.88433232586671,2.3518276709428485,93.0,98.0,98.0,99.0,99.0,99.0,99.0,98.0,99.0,99.0,99.0,76.92307692307693,58.0,False,volDry=0.72; 50SMA=+48.5%; 252H=0.86x; prior=98.7x,AXTI
2026-05-27,56.13999938964844,61.3650016784668,55.67010116577149,60.9900016784668,1000787.0,-0.0823798772537921,55.70378356714017,49.51029188988488,44.93080032348633,41.12533359527588,31.45300014495849,22.866800050735478,19.115650038719178,18.190000534057617,62.23799896240234,14.229999542236328,62.23799896240234,12.5,62.23799896240234,12.5,62.23799896240234,12.5,62.23799896240234,12.5,62.23799896240234,956429.675,848945.74,393347.1706349207,70574742.31339797,0.0873870309181943,3.820920671735491,0.0680605755838327,11.532158671564392,-1.319054057523298,9.658415883260446,10.56092805428672,62.23799896240234,59.52000045776367,815900.0,False,False,True,0.1014410504918064,0.2456002555996685,0.6928749418010645,0.3544654897769189,1.216330622025384,0.7848853569107603,0.9020212784084256,False,False,1.3284943164018372,2.2212246925530965,3.0622286996629704,3.752050257504048,3.0071376497135915,3.518327746261696,3.0681158415736896,3.1390177706738425,2.4315153289552858,94.0,99.0,99.0,99.0,99.0,99.0,99.0,99.0,99.0,99.0,98.0,80.76923076923077,42.0,False,volDry=1.22; 50SMA=+78.5%; 252H=0.90x; prior=5.0x,BAND
2026-05-27,8.670000076293945,8.859999656677246,7.875,8.220000267028809,50044624.0,0.0296912111323919,7.194959601265687,6.511866526001477,6.137599964141845,5.940333318710327,4.937599983215332,4.266600000858307,4.2558000063896175,4.010000228881836,8.859999656677246,3.119999885559082,8.859999656677246,3.119999885559082,8.859999656677246,3.119999885559082,8.859999656677246,3.119999885559082,8.859999656677246,3.119999885559082,8.859999656677246,24001740.6,21477102.48,12087433.825396825,207217574.9201749,0.0831245586926057,0.533928632736206,0.0615834634414948,12.274623469596092,0.4682273709855817,5.098803638543929,1.3314121491478206,8.600000381469727,7.980000019073486,59276300.0,False,False,False,0.1136101093436542,0.3344866889286003,0.4417531041713736,0.7571801664099672,1.5524446293930427,0.755913825697986,0.9785553512702329,False,False,0.6296992098754766,1.5546218433564665,1.5350876850532469,2.341516715267296,1.0791366709036945,1.8255135902390285,1.3058510899692166,1.779228475741012,1.985677104562104,92.0,97.0,97.0,98.0,98.0,95.0,95.0,98.0,97.0,97.0,96.0,100.0,32.0,False,volDry=1.55; 50SMA=+75.6%; 252H=0.98x; prior=2.8x,BB
2026-05-27,293.79998779296875,303.9407043457031,285.8999938964844,300.75,6574074.0,-0.0284391741967412,288.8659559512185,275.28742532309565,274.1232000732422,264.13400014241535,218.4990007019043,182.8495007324219,135.72925039291383,200.22999572753903,322.8299865722656,116.50499725341795,322.8299865722656,116.50499725341795,322.8299865722656,75.69999694824219,322.8299865722656,75.69999694824219,322.8299865722656,18.1200008392334,322.8299865722656,10332634.35,10365929.48,11468520.134920634,2973954420.45061,0.0889484050651145,26.84083666120257,0.0913575145555023,3.772306208476288,-0.3204075272342987,7.275621270772724,8.112130117429786,318.0,300.5,8860600.0,False,False,True,0.0614047351898852,0.2759700134140238,0.2759700134140238,1.0,0.9269508748384808,0.3446285193486844,0.9100765108981024,False,False,0.2519174917431666,1.1942438622723988,0.6810664336595416,1.5527057218164508,2.2648071426530643,2.86655028109919,14.082135251387186,11.637596474021942,0.900956202582584,41.0,91.0,91.0,95.0,95.0,98.0,98.0,91.0,97.0,96.0,98.0,65.38461538461539,52.0,False,volDry=0.93; 50SMA=+34.5%; 252H=0.91x; prior=17.8x; blind=RS,BE
2026-05-27,4.679999828338623,4.699999809265137,4.518599987030029,4.550000190734863,2614752.0,0.0308369752559323,4.402857062194402,4.433991856005393,4.6035999584198,4.720999948183695,4.476999988555908,4.146699998378754,3.23814999461174,3.759999990463257,5.71999979019165,3.450000047683716,5.71999979019165,2.819999933242798,5.71999979019165,2.684999942779541,5.71999979019165,1.899999976158142,5.71999979019165,1.3200000524520874,5.71999979019165,4883206.3,4823749.04,5326117.26984127,21812951.99255686,0.0778424890790459,0.2705999101911272,0.0578204957514258,0.7841999150053555,0.5173684883587452,-2.7335146818091465,0.0572366730695289,4.670000076293945,4.474999904632568,2999100.0,False,False,False,0.0387606471984644,0.2008546695044591,0.3557692866118487,0.5645643878292269,0.8176099476352526,0.0453428278538357,0.8181818181818182,True,True,-0.1459854357573744,0.8146716204259471,0.5096774104234452,1.3944034015114135,0.7660376075155291,1.5506078549379545,1.1566818727174444,1.664127322768513,0.91684167895641,43.0,12.0,12.0,93.0,93.0,92.0,92.0,79.0,75.0,86.0,85.0,53.84615384615385,86.0,False,NR20; volDry=0.82; 50SMA=+4.5%; 252H=0.82x; prior=4.3x; blind=1m/RS/VARS,BFLY
2026-05-27,1.1799999475479126,1.7400000095367432,1.141800045967102,1.6848000288009644,3702992.0,-0.2848485063039679,1.087846206274295,1.0906025907867438,1.1235999941825867,1.1154999951521556,1.2126999962329863,2.1670100039243696,6.449930008351803,0.6100000143051147,2.5,0.6100000143051147,2.5,0.6100000143051147,8.789999961853027,0.6100000143051147,8.789999961853027,0.6100000143051147,16.799999237060547,0.6100000143051147,150.0,12432669.8,9959715.84,2239396.507936508,16600596.556484664,0.270559715822263,0.2884428671428135,0.2444431186138689,-0.1103105899422922,-1.6294389015954538,-13.359667115827678,-13.512390353520615,2.0,1.6100000143051147,16462800.0,False,False,True,0.506949144203544,1.1779661419336172,1.6016949743280764,0.7354497334473957,1.7257800800871042,-0.0269646646216296,0.007866666316986,False,False,0.5147624793114876,1.4449800451301502,-0.2760736496933359,0.6686497117475044,-0.8218868003701264,0.1563860957653957,-0.9901666671037674,0.0075875436954826,5.551794760748326,99.0,96.0,96.0,10.0,10.0,2.0,2.0,97.0,93.0,91.0,89.0,53.84615384615385,60.0,False,volDry=1.73; 50SMA=-2.7%; 252H=0.01x; prior=245.9x; blind=RS/VARS,BIYA
2026-05-27,11.489999771118164,11.800000190734863,11.071999549865724,11.56999969482422,1814968.0,-0.0270957355739807,10.617378096936925,9.927374075703986,9.38840009689331,9.34466675122579,8.872000064849853,10.749499998092652,14.522900009155274,7.75,13.039999961853027,6.869999885559082,13.039999961853027,6.869999885559082,22.11000061035156,6.869999885559082,22.11000061035156,6.869999885559082,35.81999969482422,6.869999885559082,49.790000915527344,1639211.7,1607713.36,1676918.126984127,22512257.14485569,0.1088154191520009,1.2659287452697754,0.1101765683626797,2.678297499003881,-0.2527793524669048,-3.9782674409468575,-4.230117036256845,13.039999961853027,11.649999618530272,2852700.0,False,True,False,0.0633595000322871,0.4473455151327118,0.4604003539800091,0.9716445942440256,1.9024204662950608,0.2950856274945954,0.2307692219289542,True,False,0.2766666412353515,1.2178528621245772,0.0560661443254582,0.9754284019229128,-0.1775232962424345,0.7221470437110971,0.0778611571844958,0.8316934567459064,0.9775144496458268,50.0,92.0,92.0,66.0,66.0,23.0,23.0,92.0,89.0,86.0,83.0,88.46153846153845,61.0,False,tight; NR7; volDry=1.90; 50SMA=+29.5%; 252H=0.23x; prior=7.2x; blind=VARS,BKKT
2026-05-27,51.0,51.7599983215332,46.61000061035156,50.29999923706055,1998622.0,0.0457248210232759,45.4534166117391,42.203205434776336,39.79320014953613,39.36133340199788,35.06960006713867,29.288400020599365,24.439849972724915,29.81999969482422,52.09999847412109,20.6200008392334,52.09999847412109,17.520000457763672,52.09999847412109,16.34000015258789,52.09999847412109,12.40999984741211,52.09999847412109,10.609999656677246,52.09999847412109,2350335.55,2236560.44,1896910.4047619049,99598421.12878188,0.1161457583324192,5.307928357805524,0.1040770266236377,4.364565237457979,0.4201261569322094,2.0182925235590794,2.726122619969532,52.09999847412109,48.25,2644100.0,False,True,False,0.1009803472780713,0.2788234785491345,0.4368627211626838,0.6382404930479364,1.0793771350082542,0.4542509724195178,0.9788867849071536,False,False,0.5356820658223103,1.464935903209136,1.5260029049514072,2.333125619137405,2.3268101926820277,2.920989901181955,3.709141307412647,3.6336424094708977,1.2390335063268356,75.0,97.0,97.0,98.0,98.0,98.0,98.0,95.0,96.0,97.0,97.0,100.0,59.0,False,tight; volDry=1.08; 50SMA=+45.4%; 252H=0.98x; prior=4.9x,BKSY
2026-05-27,6.090000152587891,6.25,5.739999771118164,5.965000152587891,12313014.0,0.0252525410643889,5.11947004849152,4.568983726932974,4.206799993515014,4.012333329518636,3.42260000705719,2.8938000082969664,2.833050008416176,2.859999895095825,6.320000171661377,1.919999957084656,6.320000171661377,1.919999957084656,6.320000171661377,1.919999957084656,6.320000171661377,1.919999957084656,6.320000171661377,1.2400000095367432,6.320000171661377,8248157.85,7278716.28,6273019.103174604,60416191.46670661,0.1219790479599887,0.5185713768005371,0.0851512912655962,9.152522084270352,0.2892564111287761,2.33626762693682,0.5808371253105665,6.320000171661377,5.389999866485596,16633600.0,True,True,False,0.083743877849513,0.3973727447717038,0.5287356627832757,0.7515527563999095,2.1893766410139563,0.7793490738125068,0.9636075929072284,True,False,0.873846200796274,1.787521413274173,1.793577966099285,2.580269527397629,1.2472324969973334,1.973104279822228,3.511111144470089,3.480839435117625,1.3148625429541307,79.0,98.0,98.0,99.0,99.0,96.0,96.0,98.0,98.0,97.0,97.0,100.0,67.0,False,inside; tight; NR7; volDry=2.19; 50SMA=+77.9%; 252H=0.96x; prior=5.1x,BLDP
2026-05-27,8.305000305175781,8.5600004196167,7.989999771118164,7.989999771118164,1854943.0,0.048611139542058,7.874269249623593,7.551116993939432,7.23620002746582,7.12483336130778,6.559900016784668,6.568149991035462,6.779476039409637,5.53000020980835,8.729999542236328,5.190000057220459,8.729999542236328,5.190000057220459,8.729999542236328,5.190000057220459,8.729999542236328,5.190000057220459,8.729999542236328,5.190000057220459,10.477082965043738,2560368.575,2839112.86,2520881.9166666665,23253122.472023107,0.0666210961736903,0.4985714639936174,0.0600326846084402,4.4313433881193465,0.7722067079369881,-1.7970757337056762,-2.4346099455551387,7.960000038146973,7.590000152587891,2808800.0,False,False,False,0.0686334289648735,0.1541239838574695,0.3853099596436737,0.4,0.8098883043346152,0.2660254400106656,0.7926824988295882,False,False,0.3659540147022702,1.3030269238695076,0.4544658931159913,1.3434076543375018,0.3078740834495077,1.148333318858133,0.1248941830056113,0.8679848283809708,1.0156638270409533,55.0,94.0,94.0,92.0,92.0,78.0,78.0,92.0,87.0,84.0,81.0,88.46153846153845,47.0,False,volDry=0.81; 50SMA=+26.6%; 252H=0.79x; prior=2.0x; blind=VARS,BLMN
2026-05-27,7.639999866485596,7.78000020980835,7.369999885559082,7.721099853515625,1152362.0,-0.0167310315006482,7.380877069541714,6.7797252149577565,6.283199996948242,5.909666657447815,4.970799999237061,4.661499993801117,6.114599972963333,3.555000066757202,8.420000076293945,3.260999917984009,8.420000076293945,3.260999917984009,8.420000076293945,3.260999917984009,8.420000076293945,3.260999917984009,10.857999801635742,3.260999917984009,10.857999801635742,2017029.05,1714831.24,902839.9285714284,25725374.908064414,0.0772228618097401,0.5147143091474261,0.0673709840500553,7.970432975475002,-0.2525675158638011,-0.574445343302064,-0.8124742327050438,7.945000171661377,7.46999979019165,1760000.0,False,True,False,0.0536649648448054,0.1596859016163843,0.5608638641748055,0.2847141914755534,0.8004847170850468,0.5369759128627616,0.7036286614533407,False,False,0.8190476698670011,1.7352473539568083,0.944020289238738,1.7955812845880552,0.7685184173377984,1.552786043658652,0.3570159344915535,1.0470933718074158,2.2340937592243653,93.0,98.0,98.0,97.0,97.0,92.0,92.0,98.0,96.0,95.0,94.0,80.76923076923077,79.0,False,tight; volDry=0.80; 50SMA=+53.7%; 252H=0.70x; prior=3.3x; blind=VARS,BLZE
2026-05-27,48.619998931884766,48.69499969482422,46.369998931884766,47.13999938964844,2485161.0,0.036231901732354,45.03057538337799,43.17340810690654,41.29239944458008,41.08733278910319,39.04295936584472,41.19833206176758,39.93149946212768,33.79999923706055,48.69499969482422,32.32146939688683,48.69499969482422,32.32146939688683,53.41979106791317,32.32146939688683,56.13571404909055,32.32146939688683,56.13571404909055,28.414164588334742,56.13571404909055,2137079.025,2120969.22,2789151.035714286,103583662.18071003,0.0471064275917529,1.8082147325788225,0.0371907604340362,6.595587624878122,0.9401542484475626,-6.386546838536851,-6.513677846178136,47.29999923706055,44.95000076293945,2054700.0,False,False,False,0.0478198439740139,0.1455162673461043,0.3063554254419286,0.4749916445455208,1.1641829012492693,0.245294919278536,0.8661152664659559,False,False,0.3309608693291228,1.269645850948082,0.2206818783235373,1.127474619111018,0.0311771217828609,0.9053891820108118,0.3769582623766114,1.0624811641067584,0.7662112942738886,25.0,94.0,94.0,83.0,83.0,48.0,48.0,90.0,84.0,80.0,76.0,100.0,19.0,False,volDry=1.16; 50SMA=+24.5%; 252H=0.87x; prior=2.0x; blind=VARS,BRKR
2026-05-27,29.3799991607666,29.899999618530277,27.61000061035156,28.729999542236328,1444476.0,0.0334153656487252,25.48803822699793,22.844076277682625,21.036400070190428,19.812000020345053,16.30070001602173,13.88645001411438,12.818430027961732,12.699999809265137,31.5,10.609999656677246,31.5,10.59000015258789,31.5,10.59000015258789,31.5,10.59000015258789,31.5,10.135000228881836,31.5,1087074.4,895453.52,390236.4126984127,35432184.83090935,0.1554820440004785,4.340071541922433,0.147721976374937,5.431666644928075,0.2188901372741009,6.8447675946040025,7.542725743912885,28.600000381469727,23.670000076293945,2166400.0,False,True,False,0.0779441481821662,0.4240639887569001,0.5183798494648745,0.8180564680410765,2.324852774044598,0.8023765317985985,0.9326983860560826,True,False,0.7784502631148111,1.6965201980877178,1.7457943630360109,2.5361345233312886,1.5771929950778691,2.2628146109984115,1.8917322442923157,2.231302956051702,2.785681614083835,95.0,98.0,98.0,99.0,99.0,97.0,97.0,98.0,97.0,97.0,96.0,96.15384615384616,59.0,False,tight; NR7; volDry=2.32; 50SMA=+80.2%; 252H=0.93x; prior=3.1x,BRUN
2026-05-27,2.0299999713897705,2.0450000762939453,1.919999957084656,1.965000033378601,22272360.0,0.0201004832469016,1.9159886715959888,1.842420624656366,1.7886000061035157,1.7511666695276895,1.628600001335144,1.7691999912261962,2.328999993801117,1.4299999475479126,2.220000028610229,1.25,2.220000028610229,1.25,2.440000057220459,1.25,2.4800000190734863,1.25,4.170000076293945,1.25,4.550000190734863,23357776.5,21975781.2,31381756.19047619,53731871.29584873,0.0920095893142081,0.2039285813059125,0.100457430630553,2.453470490439327,0.1961469137718539,-6.670211405711617,-7.017714570873096,2.0799999237060547,1.950000047683716,37893500.0,False,False,False,0.0615764142714309,0.290640414627532,0.3891626069932751,0.746835408656193,1.3147999489547155,0.2464693415974177,0.4461538211632269,True,False,0.3012820806729028,1.2413343117083684,0.1215469809752505,1.0359093369411252,-0.0287081077720466,0.8528090404852663,-0.1880000114440918,0.626551084857494,0.7443106867004682,24.0,93.0,93.0,75.0,75.0,36.0,36.0,90.0,88.0,85.0,81.0,88.46153846153845,36.0,False,NR7; volDry=1.31; 50SMA=+24.6%; 252H=0.45x; prior=3.6x; blind=VARS,BTBT
2026-05-27,15.539999961853027,15.929699897766112,14.31999969482422,15.079999923706056,18173062.0,0.0284579956946431,14.257703442959375,13.542740671774222,13.096800003051758,13.01499999364217,11.530499973297118,11.238399987220763,13.400725014209748,10.765000343322754,15.929699897766112,6.915999889373779,15.929699897766112,6.915999889373779,16.2450008392334,6.915999889373779,16.2450008392334,6.915999889373779,25.280000686645508,6.915999889373779,27.799999237060547,7542121.55,7835723.24,6755623.261904762,117486913.17846784,0.0859041337619772,1.254621505737305,0.0807349748273551,4.307054460729016,0.3427330897879695,-0.8665943339010056,-0.1785625890222091,15.229999542236328,14.369999885559082,11906800.0,False,False,False,0.1035843118978972,0.2400064412906367,0.3323487494930153,0.722152382570288,1.2978592898847712,0.347729933467005,0.5589928197241261,False,False,0.3501302912973698,1.287932171476292,0.81754381464141,1.6787621382114664,0.510204083524076,1.325982133396452,0.0746887912072546,0.8292456126909572,1.1164212771500053,66.0,94.0,94.0,96.0,96.0,87.0,87.0,90.0,95.0,94.0,93.0,100.0,41.0,False,volDry=1.30; 50SMA=+34.8%; 252H=0.56x; prior=4.0x; blind=VARS,BTDR
2026-05-27,19.399999618530277,20.030000686645508,18.600099563598636,19.600000381469727,3116975.0,-0.01272264655742,19.332245679207308,18.494303589605728,17.389599990844726,17.415333429972332,16.7378000831604,13.169400057792664,8.581500030159951,13.579999923706056,22.030000686645508,7.949999809265137,22.030000686645508,7.639999866485596,22.030000686645508,4.570000171661377,22.030000686645508,3.059999942779541,22.030000686645508,0.6700000166893005,22.030000686645508,3607879.375,3927849.5,3385912.5992063493,76835682.02713251,0.10586845921696,2.1172070503234863,0.1091343861832448,1.4574062137643198,-0.1180800904483114,4.148735371984737,7.582269666819414,19.989999771118164,18.42300033569336,4223300.0,False,True,True,0.0737062449053389,0.1886597896587684,0.4355670582007783,0.4331360375095311,1.186910929250217,0.159053132558816,0.8806172952273429,True,False,0.2556634212316546,1.197817223400138,1.1248630203021903,1.9626154586390283,2.34482741044053,2.936809292151644,28.84615435402776,23.029729868096865,1.0655559673470836,61.0,91.0,91.0,97.0,97.0,98.0,98.0,90.0,96.0,96.0,98.0,65.38461538461539,72.0,False,tight; NR7; volDry=1.19; 50SMA=+15.9%; 252H=0.88x; prior=32.9x; blind=RS,BW
2026-05-27,70.83000183105469,71.56500244140625,68.9800033569336,68.98999786376953,6080228.0,0.0376501554994843,65.24007541679822,62.70201386810464,60.68280029296875,59.63300031026204,57.271400146484375,54.827844772338864,49.03250877380371,51.91999816894531,71.56500244140625,50.209999084472656,71.56500244140625,46.16327965594984,71.56500244140625,41.5070698024204,71.56500244140625,40.44939947095868,71.56500244140625,31.48503888817833,71.56500244140625,2650025.7,2677864.56,2708929.0793650798,228751338.04561237,0.0405358878660619,2.991070883614676,0.0422288692120754,5.606187898630712,0.8592239351139691,9.253946234658477,8.802748339505161,68.4000015258789,66.3499984741211,3065800.0,False,False,False,0.036495821228954,0.1679373706756801,0.2506706283936694,0.6699523264925176,1.452647328810386,0.2367429755495966,0.9897296082543512,False,False,0.2787507241657734,1.2198409350323671,0.1949499953051918,1.1037075381701893,0.6601805363157283,1.4576637378904955,1.198435397636615,1.6963449541766809,0.9782558429403826,51.0,92.0,92.0,82.0,82.0,90.0,90.0,87.0,79.0,81.0,84.0,100.0,37.0,False,volDry=1.45; 50SMA=+23.7%; 252H=0.99x; prior=2.3x,BWA
2026-05-27,3.829999923706055,4.079999923706055,3.7079999446868896,3.7079999446868896,5320552.0,0.0295698640456518,3.612994219507802,3.5255021826360906,3.4436000061035155,3.4295000155766804,3.2287000131607058,2.9983500099182128,2.618375008106232,2.7149999141693115,4.230000019073486,2.450000047683716,4.230000019073486,2.039999961853028,4.230000019073486,2.0,4.230000019073486,2.0,4.230000019073486,1.2599999904632568,4.230000019073486,3610586.3,3316411.04,2978693.8571428573,19662678.384395458,0.0922916152801422,0.2643570899963379,0.0690227402773773,2.69818203598534,0.4161034421181933,-0.5752306521958754,0.0594195334632893,3.7899999618530273,3.660000085830689,2414300.0,False,False,False,0.097127933793587,0.2503916165302887,0.3955613929720925,0.6330031721471724,1.0400746947217978,0.1862359178909012,0.9054373301267632,False,False,0.3161511377113046,1.2555183775298022,0.0974211785788627,1.013625701580721,0.841346184706548,1.6167299300509943,1.1885713849748885,1.6887337375247642,1.2121374243754104,73.0,93.0,93.0,73.0,73.0,93.0,93.0,89.0,86.0,91.0,89.0,80.76923076923077,41.0,False,volDry=1.04; 50SMA=+18.6%; 252H=0.91x; prior=3.4x; blind=VARS,CABA
2026-05-27,8.050000190734863,8.420000076293945,7.909999847412109,7.949999809265137,1728156.0,0.0125786646375996,8.00834571025981,7.733713777075616,7.622000007629395,7.381666660308838,6.397999973297119,5.9790499925613405,5.691699993610382,5.034999847412109,9.270000457763672,4.440000057220459,9.270000457763672,4.440000057220459,9.270000457763672,4.425000190734863,9.270000457763672,4.349999904632568,9.270000457763672,4.349999904632568,9.270000457763672,1982041.4,1834635.12,1089874.4285714286,18202270.85655317,0.078988879041902,0.6586429050990513,0.0818189924836418,3.155816473692774,0.1518279187334262,-1.668261281819519,0.1823731697777653,8.300000190734863,7.949999809265137,1320100.0,False,True,True,0.0633540641985102,0.223602562102263,0.3925466148294338,0.5696204059724753,1.223385280011428,0.2582057243408222,0.8683926422024012,False,False,0.2798092590708605,1.2208507051024706,0.5540541423756635,1.435391671955745,0.7692307369848088,1.5534114711326654,0.4825046860448727,1.1439223305897608,1.8185961134972168,90.0,92.0,92.0,93.0,93.0,92.0,92.0,94.0,91.0,89.0,87.0,76.92307692307693,68.0,False,tight; volDry=1.22; 50SMA=+25.8%; 252H=0.87x; prior=2.1x; blind=VARS,CADL
2026-05-27,29.13999938964844,29.8700008392334,28.88999938964844,29.420000076293945,469546.0,-0.0074932294322077,29.469421233828257,30.374475717791743,31.542799987792968,32.08166669209798,31.60500015258789,28.773000106811523,19.784100041389465,26.600000381469727,36.81999969482422,25.07999992370605,36.81999969482422,21.059999465942383,36.81999969482422,21.059999465942383,40.369998931884766,4.300000190734863,40.369998931884766,4.300000190734863,40.369998931884766,1060946.15,1143470.92,1956047.4047619049,34097317.51751824,0.0618073255002991,1.875,0.0643445449304321,-1.212130913981883,-0.117333984375,-7.919699444204593,-3.965877966936788,29.450000762939453,28.850000381469727,674600.0,False,True,True,0.033630798562511,0.1835964479590976,0.2759093746252721,0.6654230151057761,0.8132822477024602,-0.0779940120562731,0.7218231399712344,False,False,-0.1698005510987958,0.7919536254195825,0.0278659258394604,0.9493814595041274,4.067825980808424,4.449628218481235,1.8429267697217984,2.193643936999836,0.5423928619608996,13.0,10.0,10.0,61.0,61.0,99.0,99.0,47.0,48.0,73.0,69.0,11.538461538461538,100.0,False,tight; volDry=0.81; 50SMA=-7.8%; 252H=0.72x; prior=9.4x; blind=1m/RS/VARS,CAPR
2026-05-27,165.10000610351562,173.0,161.52000427246094,168.2899932861328,1224740.0,-0.0085274929889018,161.91727701323987,178.29421555390576,177.6784002685547,236.7779983520508,217.8805990600586,165.27529960632324,155.54679977416993,140.44000244140625,847.7000122070312,92.0999984741211,847.7000122070312,85.95999908447266,847.7000122070312,85.95999908447266,847.7000122070312,85.95999908447266,847.7000122070312,85.95999908447266,847.7000122070312,3794488.5,3300628.8,1379048.9682539685,263173044.40670776,0.094922620225291,11.702857971191406,0.0708834496581051,-3.4175183819628807,-0.1213377255744606,7.717726471511035,8.256579671152465,178.5500030517578,161.44000244140625,912500.0,True,False,True,0.0695335875417306,0.2308297952845445,0.3910357066741441,0.5903036253333724,0.3254482903378896,-0.2422454921835148,0.1947623023782542,False,False,-0.1174426704470376,0.8418994709104775,0.7771797996959575,1.6414801868820037,0.2562776472669967,1.1030308638645732,0.3791663801368319,1.0641849801137262,2.751525571136354,95.0,16.0,16.0,96.0,96.0,75.0,75.0,68.0,91.0,91.0,89.0,42.30769230769231,88.0,False,inside; volDry=0.33; 50SMA=-24.2%; 252H=0.19x; prior=9.9x; blind=1m/RS,CAR
2026-05-27,22.5,22.530000686645508,21.84000015258789,22.020000457763672,1746977.0,0.0180995299378212,22.64847120120116,23.21118393044545,24.3303914642334,24.165506871541343,22.864188995361328,19.78234650611877,16.70572609424591,20.420000076293945,28.568514282186964,15.42520401064382,28.568514282186964,14.30586477683925,28.568514282186964,11.45063959960092,28.568514282186964,10.350188083917944,28.568514282186964,8.934064695421002,28.568514282186964,2842856.925,3067029.54,3421557.845238095,78402343.74032593,0.0543721836665886,1.3009238349824277,0.0578188371103301,-0.2754873520680222,0.3074735105731048,7.597154139475133,9.80414321108099,22.1299991607666,21.3700008392334,2173500.0,False,False,True,0.0306666904025607,0.2301805814685588,0.3621561869285786,0.6355837336943057,0.8785496405750302,-0.0159283583351771,0.7875803332912275,True,True,-0.1472836276877797,0.8134332339067369,0.2594472046075358,1.163279952394733,1.0538676073633626,1.803326968478642,1.2323739335341304,1.7225324255864776,0.8308662467760134,31.0,12.0,12.0,85.0,85.0,95.0,95.0,49.0,82.0,83.0,90.0,15.384615384615383,85.0,False,NR20; volDry=0.88; 50SMA=-1.6%; 252H=0.79x; prior=3.2x; blind=1m/RS,CC
2026-05-27,65.72000122070312,65.86499786376953,61.5,61.880001068115234,1465050.0,-0.0173444390004899,62.41902085145453,61.51641083677229,60.90079971313477,61.23966649373372,59.83459991455078,54.82649990081787,41.75734994888305,53.70000076293945,67.81999969482422,46.34999847412109,68.69000244140625,43.11000061035156,68.69000244140625,29.299999237060547,68.69000244140625,25.399999618530277,68.69000244140625,15.130000114440918,68.69000244140625,1679578.75,1866957.0,1995172.4206349207,97843974.75484848,0.0602701543527641,4.327142442975726,0.0658420931619305,1.493894956049051,-0.2680743811884149,0.0203759215275454,4.150556752934719,67.81999969482422,65.72000122070312,1592800.0,False,False,False,0.0664181038145578,0.2148508622887347,0.2148508622887347,1.0,0.929402766105486,0.0983611708703198,0.956762249015254,False,False,0.0663637851972045,1.017238287523332,0.2395322643019668,1.1448856515253882,1.4331729235021855,2.1363627997212173,3.1913265268885063,3.2340889401788138,0.8418213547005177,33.0,75.0,75.0,84.0,84.0,96.0,96.0,76.0,80.0,81.0,93.0,92.3076923076923,59.0,False,volDry=0.93; 50SMA=+9.8%; 252H=0.96x; prior=4.5x; blind=1m/VARS,CENX
2026-05-27,582.0800170898438,601.989990234375,576.8800048828125,605.5349731445312,1748942.0,-0.0337156942590539,572.2243809882547,554.4331757791412,546.401201171875,538.2530008951823,493.7394012451172,389.74550033569335,277.4892498397827,454.3399963378906,605.6099853515625,278.3900146484375,605.6099853515625,220.5200042724609,605.6099853515625,186.38999938964844,605.6099853515625,159.55999755859375,605.6099853515625,70.7699966430664,605.6099853515625,2254871.05,2534192.84,2789621.198412698,1061006674.6452576,0.0600140586559112,36.34000505719866,0.0624312877787549,2.865895451502537,-0.5588881324211733,4.911213811049562,7.378740340623464,605.6099853515625,575.510009765625,1407700.0,True,False,True,0.0431383737876828,0.1831362913279393,0.2358782018998198,0.7764019305426084,0.7088703636302595,0.1789215436765798,0.9611466639737464,True,False,0.1495833260254842,1.0966240509708238,0.6474118790107064,1.5216209184308556,2.265342954262921,2.867020731834483,6.256045976469282,5.598871357643695,0.8083072537888037,29.0,86.0,86.0,94.0,94.0,98.0,98.0,82.0,94.0,96.0,97.0,69.23076923076923,83.0,False,inside; NR7; volDry=0.71; 50SMA=+17.9%; 252H=0.96x; prior=8.6x; blind=RS,CIEN
2026-05-27,25.15999984741211,25.559999465942383,22.170000076293945,23.1200008392334,31752853.0,0.0929626128190066,21.714365200919364,20.6070126120816,19.9942000579834,19.7298334757487,17.725500183105467,16.95825011253357,15.724025020599363,16.479999542236328,25.559999465942383,11.720000267028809,25.559999465942383,11.720000267028809,25.559999465942383,11.720000267028809,25.559999465942383,11.720000267028809,25.559999465942383,3.0799999237060547,25.559999465942383,25996823.825,25485273.06,35175362.115079366,554606455.1095159,0.0980677068904296,2.1082143783569336,0.0837923048943809,5.005518954741499,1.0150767453337814,-1.770982254846734,-2.4123537828110817,24.649999618530277,22.53499984741211,25430800.0,False,False,False,0.1347376554136634,0.3155802335001075,0.3559220976953679,0.8866553539202031,0.9792798861225936,0.4194239704103026,0.9843505623283264,False,False,0.3854625583048965,1.3216367432968803,0.5147500856641798,1.3990887439306654,0.7780919099434873,1.561191715638908,6.25072035733929,5.594762031916526,0.7390634313855547,23.0,95.0,95.0,93.0,93.0,92.0,92.0,93.0,95.0,93.0,92.0,100.0,48.0,False,volDry=0.98; 50SMA=+41.9%; 252H=0.98x; prior=8.3x; blind=VARS,CIFR
2026-05-27,3.5899999141693115,3.635200023651123,3.5199999809265137,3.630000114440918,4495686.0,-0.0055401610824652,3.4675301117103734,3.217505515098882,3.0491999912261964,2.911666671435038,2.48960000038147,2.366799988746643,2.568799990415573,2.049999952316284,3.700000047683716,1.5800000429153442,3.700000047683716,1.5800000429153442,3.700000047683716,1.5800000429153442,3.700000047683716,1.5800000429153442,3.920000076293945,1.5800000429153442,3.920000076293945,6517362.15,6343301.72,7408772.166666667,23569923.07445629,0.0638892167809248,0.2230857270104544,0.0621408725192335,7.11284959540126,-0.0896515487320998,1.094035325062027,-0.5127811091304201,3.660000085830689,3.450000047683716,6928200.0,True,True,False,0.0320891491584521,0.1245125452339494,0.3370473724445628,0.3694214980252637,1.243974975227885,0.4419986799563113,0.9158162868107332,True,False,0.4246031513259762,1.3589741982724803,0.7177033787564475,1.5865451901103982,0.5745613856218745,1.382488822569312,0.1253918024369518,0.8683687988230233,0.8796818154731127,38.0,95.0,95.0,95.0,95.0,88.0,88.0,95.0,96.0,95.0,93.0,88.46153846153845,69.0,False,inside; tight; NR7; volDry=1.24; 50SMA=+44.2%; 252H=0.92x; prior=2.5x; blind=VARS,CLOV
2026-05-27,18.040000915527344,18.26000022888184,16.649999618530273,17.3700008392334,27710905.0,0.0531232807556085,15.602227310366278,14.462761362379773,13.79239990234375,13.433999951680502,11.882199993133543,11.43125,12.461899971961977,10.8100004196167,18.26000022888184,8.0,18.26000022888184,8.0,18.26000022888184,8.0,18.26000022888184,8.0,20.864999771118164,8.0,23.61000061035156,21834192.625,21428634.1,26955950.416666668,340091156.9773178,0.0798724266152584,1.2238571303231376,0.0678413008987013,7.638966743174748,0.7435522760082891,0.5968506999989529,-1.6457734750145083,17.479999542236328,16.290000915527344,31872400.0,False,False,False,0.0892461490379308,0.3098669550385931,0.3952328022502483,0.7840112290133135,1.1649646162001523,0.5182374413788904,0.7640830346958098,False,False,0.4726531359614159,1.4048106049139886,0.7263159085929161,1.5945000954541972,0.8540597907758027,1.6278926693673486,0.9273505958579762,1.4871719504370502,0.8099952807265915,29.0,96.0,96.0,95.0,95.0,93.0,93.0,95.0,96.0,94.0,93.0,100.0,34.0,False,volDry=1.16; 50SMA=+51.8%; 252H=0.76x; prior=3.0x; blind=VARS,CLSK
2026-05-27,11.850000381469728,12.300000190734863,11.550000190734863,12.220000267028809,2847896.0,-0.0306748456685869,11.12713682321546,10.31866458425485,9.964200057983398,9.569833374023435,7.983700008392334,7.483800005912781,6.568899991512299,5.675000190734863,12.479999542236328,4.880000114440918,12.479999542236328,4.880000114440918,12.479999542236328,4.880000114440918,12.479999542236328,4.880000114440918,12.479999542236328,2.25,12.479999542236328,4652172.4,4179997.92,2752421.015873016,40891545.97749691,0.072943539588921,0.8327140126909528,0.0702712224375197,6.891501785836085,-0.4503346818773598,0.0885992295151947,1.7344985075145556,12.479999542236328,11.96500015258789,3881400.0,False,False,False,0.0632911372030672,0.242194075372943,0.3594935981495016,0.673709007947959,1.1523688987864376,0.4842742549210519,0.9495192961638756,False,False,0.3329583716349593,1.2715513318478644,0.5927419745070295,1.4711254282858124,1.292069672456226,2.012472001191196,1.717889912521164,2.0971636665190987,1.6902110444482343,89.0,94.0,94.0,94.0,94.0,96.0,96.0,97.0,96.0,95.0,94.0,92.3076923076923,39.0,False,volDry=1.15; 50SMA=+48.4%; 252H=0.95x; prior=5.5x; blind=VARS,CMPS
2026-05-27,5.119999885559082,5.204999923706055,4.829999923706055,4.829999923706055,75401.0,-0.0191570706229659,5.203653357358292,4.951129380029015,4.749040021896362,4.39420002301534,3.5807200288772583,4.0520700216293335,5.712195007801056,1.899999976158142,10.539999961853027,1.899999976158142,10.539999961853027,1.899999976158142,10.539999961853027,1.899999976158142,10.539999961853027,1.899999976158142,10.539999961853027,1.899999976158142,13.800000190734863,2208422.525,1776536.02,381606.6785714286,34122660.414225295,0.1495412384740224,0.7027856963021415,0.1372628343770754,3.131801718857905,-0.1422907511617544,-10.000632653862978,-9.773920296734165,5.610000133514404,4.679999828338623,944600.0,True,False,True,0.0732421891370905,0.3060546772045197,1.6269531464640754,0.1881152372885974,0.0793961385595773,0.4298799806374329,0.3710144793328758,False,False,1.2358078475320449,2.1328081257318066,0.7123745382035471,1.5816232423209085,-0.2579710413342484,0.6515127010897631,-0.6121212151862812,0.2992929517775591,5.78716948368772,99.0,99.0,99.0,95.0,95.0,18.0,18.0,99.0,97.0,96.0,95.0,57.692307692307686,89.0,False,inside; volDry=0.08; 50SMA=+43.0%; 252H=0.37x; prior=7.3x; blind=RS/VARS,CNSP
2026-05-27,78.62999725341797,79.375,77.0199966430664,77.31999969482422,698376.0,0.0279775062023119,76.16676969724709,71.90156596341193,68.44299972534179,65.07899983723958,59.46559997558594,57.23940002441406,50.35465005874634,45.84999847412109,79.69999694824219,45.02000045776367,79.69999694824219,45.02000045776367,79.69999694824219,45.02000045776367,79.69999694824219,39.459999084472656,79.69999694824219,31.790000915527344,79.69999694824219,1370466.9,1536979.52,995264.5873015872,114365791.70738833,0.0471555059732407,2.833500453404018,0.036035871199027,8.943228645102852,0.7552493549374786,-0.3904368863482927,0.1267663733924628,77.12000274658203,75.58999633789062,844000.0,False,False,False,0.0299504443494206,0.0801093245797598,0.2972020409868204,0.2695450014870939,0.7023044783316307,0.3222770355583753,0.9865746582710776,False,False,0.5235418779988723,1.4533549924138187,0.4278190973153037,1.3187955203495945,0.6272764435021385,1.4287734444113342,1.17209932586292,1.6760236554411485,1.37698750411253,82.0,97.0,97.0,91.0,91.0,89.0,89.0,95.0,90.0,88.0,85.0,84.61538461538461,57.0,False,volDry=0.70; 50SMA=+32.2%; 252H=0.99x; prior=2.5x; blind=VARS,COCO
2026-05-27,7.300000190734863,11.850000381469728,6.639999866485596,8.069999694824219,6797681.0,-0.1986827150553984,4.477874130990922,3.313201732173289,2.451800003051758,2.3014999985694886,2.117599997520447,2.583049993515014,6.624024982452393,1.2599999904632568,11.850000381469728,1.2599999904632568,11.850000381469728,1.2599999904632568,11.850000381469728,1.2599999904632568,12.210000038146973,1.2599999904632568,46.5,1.2599999904632568,46.5,7781877.025,7530631.62,1756944.0515873015,60401616.09478557,0.3094730046608753,1.5035714847700936,0.2059686911622854,11.881897725137163,-1.2038000748724922,-0.8095326024550831,-7.256584705386504,10.800000190734863,6.330999851226807,50928700.0,False,False,False,0.7136986820351932,1.450684947165791,1.450684947165791,1.0,3.9232775669884647,2.4472989229706386,0.1569892514136529,False,False,3.424242603767895,4.220425554879786,2.318181832959829,3.064816365911431,-0.3047618865966797,0.6104296279466142,0.0488505963684466,0.8093084830909857,4.429211629117903,98.0,99.0,99.0,99.0,99.0,15.0,15.0,99.0,99.0,99.0,99.0,96.15384615384616,34.0,False,volDry=3.92; 50SMA=+244.7%; 252H=0.16x; prior=36.9x; blind=VARS,CODX
2026-05-27,380.1799926757813,387.2799072265625,359.2200012207031,383.9249877929688,3985937.0,-0.0030680828871333,372.2356863584241,359.7674170435064,352.2192016601563,349.26666870117185,315.267001953125,269.5538006591797,200.6313003540039,291.0,413.0,215.5500030517578,413.0,175.24000549316406,413.0,158.2100067138672,413.0,112.95999908447266,413.0,73.66000366210938,413.0,5998410.925,7245486.74,5031854.115079365,2262344230.69169,0.0747351662285993,29.064278738839285,0.0764487329653493,2.6932880860144794,-0.0402560627169756,1.2957927637014173,3.192246247498342,387.6199951171875,369.1000061035156,4081200.0,False,True,True,0.0738068981704383,0.2006943796698887,0.3022515805036195,0.663997784016502,0.7146205473560773,0.2058984616864778,0.920532669917146,False,False,0.1824090881695386,1.1279375881835407,0.419111613801236,1.3107529116791667,1.7251093659612509,2.392687432273352,3.8455263460616,3.738879102978497,1.1920876058437535,72.0,88.0,88.0,91.0,91.0,97.0,97.0,84.0,91.0,94.0,94.0,73.07692307692307,82.0,False,tight; volDry=0.71; 50SMA=+20.6%; 252H=0.92x; prior=5.6x; blind=VARS,COHR
2026-05-27,54.93999862670898,55.060001373291016,51.09999847412109,51.83000183105469,2333616.0,0.1003404424376472,48.37870714179289,46.94111712335205,47.27759979248047,46.35566647847494,40.72079982757568,34.94239994049072,28.518749980926515,37.790000915527344,55.060001373291016,26.6299991607666,55.060001373291016,26.6299991607666,55.060001373291016,22.799999237060547,55.060001373291016,21.100000381469727,55.060001373291016,16.950000762939453,55.060001373291016,1313442.9,1189078.32,757712.3650793651,72345485.01744385,0.0570484601474337,2.988570894513811,0.0543969961633912,6.419244358442058,1.676385971211248,11.859977213572478,10.740335451654332,50.0,46.81999969482422,2632000.0,False,False,False,0.0720786858055139,0.2459046682549898,0.2459046682549898,1.0,1.205346675566333,0.3491876107380438,0.99782050956068,False,False,0.1894349482604311,1.1346397792992269,0.7569554788115955,1.6228001287187812,1.4826028337185808,2.179763011995432,2.2393868863476567,2.499558370097832,1.7334320522305664,89.0,88.0,88.0,96.0,96.0,97.0,97.0,91.0,94.0,93.0,94.0,100.0,32.0,False,volDry=1.21; 50SMA=+34.9%; 252H=1.00x; prior=3.2x,COHU
2026-05-27,66.6500015258789,66.7300033569336,63.92499923706055,64.62999725341797,1721509.0,0.1042080989384321,59.18614176173463,55.5493891151636,53.0768002319336,51.74600016276042,46.60819999694824,42.133300132751465,59.51885028839112,43.20000076293945,66.7300033569336,31.809999465942383,66.7300033569336,28.65999984741211,66.7300033569336,28.65999984741211,89.0,28.65999984741211,89.0,28.65999984741211,91.0,1188055.225,1515528.18,1406882.9722222222,71717432.29007378,0.0446183907716881,2.8314285278320312,0.0424820474570078,10.122061844149195,2.2214937985185426,5.880342526853392,-3.631158207148435,60.79999923706055,59.02999877929688,681800.0,False,False,False,0.0420855822303907,0.2015004322941903,0.3150788197138056,0.6395238895372863,0.8119419462065034,0.4300059116259143,0.7324175991854824,False,False,0.4420164380269349,1.3755852855859532,0.8401435472007159,1.6996362294155636,-0.1376633363127686,0.757144694214929,-0.1530054713683928,0.6535533845588919,0.8444591685713732,33.0,96.0,96.0,96.0,96.0,26.0,26.0,93.0,94.0,95.0,93.0,100.0,43.0,False,volDry=0.81; 50SMA=+43.0%; 252H=0.73x; prior=3.2x,CORT
2026-05-27,27.200000762939453,27.700000762939453,26.020000457763672,26.270000457763672,16121587.0,0.0314751572730773,24.79956809604064,23.504368915420844,22.772000122070317,22.277000172932944,19.991600074768066,18.646849994659423,17.62980001926422,18.3700008392334,27.700000762939453,13.5600004196167,27.700000762939453,13.5600004196167,27.700000762939453,13.354999542236328,27.700000762939453,13.354999542236328,27.700000762939453,10.454999923706056,27.700000762939453,14833967.175,13929509.74,15063426.535714284,373593230.4136904,0.0601598720475036,1.6624995640345983,0.0611213057868655,5.8992763396881625,0.4992482053299242,2.66804917306102,1.6246683650539868,26.82999992370605,25.790000915527344,18859400.0,False,False,False,0.0617647153695971,0.2163602964636775,0.3040073814390019,0.7116942208427577,0.9669958922761052,0.360571473079301,0.9819494589809196,False,False,0.2890995389188153,1.2297129981532406,0.5044248273074092,1.3895518883913571,0.8465717317198174,1.621318039732601,1.5468164780629912,1.9651608987103335,0.984767120537266,51.0,93.0,93.0,93.0,93.0,93.0,93.0,91.0,94.0,92.0,91.0,100.0,49.0,False,volDry=0.97; 50SMA=+36.1%; 252H=0.98x; prior=2.6x,CORZ
2026-05-27,11.59000015258789,14.390000343322754,11.100000381469728,12.95989990234375,11637932.0,0.0422662114987224,7.011471480169922,5.927799051302893,5.219600019454956,5.208666682243347,4.785200018882751,4.678299996852875,4.091000001430512,3.2100000381469727,14.390000343322754,3.2100000381469727,14.390000343322754,3.2100000381469727,14.390000343322754,3.039999961853028,14.390000343322754,3.0299999713897705,14.390000343322754,2.0999999046325684,14.390000343322754,1383900.8,1133526.64,437254.09523809527,23862694.36043964,0.169433082771691,1.2235713005065918,0.1055712928729672,13.47005713910795,0.3841216828428516,9.74019079518728,5.367097793434609,11.399999618530272,6.619999885559082,25050800.0,False,False,False,0.2838653941793447,0.8774806228850894,0.9646246900764224,0.909660131978968,3.9612065932566,1.4220513472483691,0.8054204222424415,False,False,1.2288462649435727,2.1261672509674407,1.5928413191471251,2.3948604715387507,2.656151379698952,3.2101564678336465,2.9691780307409723,3.0626759066537343,3.164980763065085,96.0,99.0,99.0,98.0,98.0,98.0,98.0,99.0,99.0,98.0,98.0,100.0,32.0,False,volDry=3.96; 50SMA=+142.2%; 252H=0.81x; prior=6.9x,CPSH
2026-05-27,221.22999572753903,226.0,210.0800018310547,224.91000366210935,3781851.0,-0.001849863125963,199.4501200029977,189.1599004791433,188.68539978027343,185.43183339436848,154.0025,140.2550505065918,144.15685035705567,148.94500732421875,233.6999969482422,86.48500061035156,233.6999969482422,86.48500061035156,233.6999969482422,86.48500061035156,233.6999969482422,86.48500061035156,233.6999969482422,59.209999084472656,233.6999969482422,6885898.775,6949839.02,6255845.837301588,1185452880.9882958,0.0922007289740549,18.915284293038503,0.0855005408775311,5.105641308931332,-0.021675786404134,-0.4601331267927326,-0.4479537208295519,233.6999969482422,211.5800018310547,9575000.0,False,True,False,0.0719613003498492,0.3831080380637235,0.3831080380637235,1.0,1.0097780797230609,0.4365350934402952,0.9466409868055544,True,False,0.2256509458589422,1.1691873698020734,0.7919163888553986,1.6550915384917737,0.6572775985005717,1.4551149143776654,2.580932342162421,2.7630998465570444,1.1007142685552784,65.0,90.0,90.0,96.0,96.0,90.0,90.0,92.0,97.0,96.0,95.0,96.15384615384616,63.0,False,tight; NR7; volDry=1.01; 50SMA=+43.7%; 252H=0.95x; prior=3.9x; blind=VARS,CRDO
2026-05-27,9.81999969482422,9.899999618530272,8.399999618530273,8.760000228881836,9543575.0,0.2138441915458955,7.767897437146085,7.367010508256194,7.183599987030029,7.054999987284343,6.465800008773804,5.993799986839295,6.798524985313415,6.119999885559082,9.899999618530272,5.164999961853027,9.899999618530272,4.480000019073486,9.899999618530272,4.480000019073486,9.899999618530272,4.480000019073486,9.899999618530272,4.480000019073486,10.289999961853027,1397329.375,1387803.5,1234774.900793651,15660753.26622486,0.0655726575307333,0.5932857649666923,0.0604160675564371,8.58646081979141,2.9159633424433373,-0.7169130175971965,-4.1081886638302825,8.295000076293945,7.550000190734863,3475100.0,False,False,False,0.152749495582021,0.3299388871494421,0.3380855191445754,0.9759036352229876,1.6958867015395191,0.5187601969592186,0.9543245608579992,False,False,0.4591381377404706,1.391918218809923,0.7258347269017862,1.5940556552166845,0.772563134014826,1.5563373663619215,0.1924711723408263,0.9201282231791432,1.1316470508931362,67.0,96.0,96.0,95.0,95.0,92.0,92.0,94.0,93.0,94.0,92.0,100.0,36.0,False,volDry=1.70; 50SMA=+51.9%; 252H=0.95x; prior=2.3x; blind=VARS,CRSR
2026-05-27,645.3599853515625,660.659912109375,633.0900268554688,641.0,3202534.0,-0.0389993342528066,622.0261841962055,574.8130891926471,536.4144018554688,518.2143351236979,471.8531994628906,450.1769998168945,467.5422003173828,402.0499877929688,677.5,361.8070068359375,677.5,342.7200012207031,677.5,342.7200012207031,677.5,342.7200012207031,677.5,342.7200012207031,677.5,3239555.85,3400496.68,3234734.261904762,1748463434.3627992,0.0435712639873575,29.6702139718192,0.0459746725010479,7.998175260145813,-0.8827035243588585,-0.696753124499101,-2.9081544957711314,677.5,648.0,2079900.0,False,True,False,0.0427201653026061,0.2155882332357126,0.3795556244064214,0.5680016824223493,0.9919502112262024,0.3677134881911879,0.952560863987546,False,False,0.4195904316806587,1.3541924057748156,0.7763342316157442,1.640699183603344,0.3152627380735806,1.1548206698911774,0.4165367776708775,1.0930205262301165,1.001490566984751,53.0,95.0,95.0,96.0,96.0,79.0,79.0,94.0,91.0,91.0,88.0,84.61538461538461,53.0,False,tight; volDry=0.99; 50SMA=+36.8%; 252H=0.95x; prior=2.0x; blind=VARS,CRWD
2026-05-27,19.049999237060547,19.38999938964844,18.32999992370605,19.114999771118164,2460623.0,0.0063390876888658,18.151691211885986,17.461815373044576,16.990799827575685,16.337999852498374,15.29799991607666,17.66389995574951,17.88799998283386,12.289999961853027,20.850000381469727,11.829999923706056,20.850000381469727,11.829999923706056,23.57999992370605,11.829999923706056,28.190000534057617,11.829999923706056,34.59000015258789,9.40999984741211,34.59000015258789,2991098.075,3108916.46,2896444.9325396824,62785175.13013153,0.0871020271329103,1.7764286994934082,0.0932508541017408,2.630118273228692,0.0675506604453003,-9.251045091543585,-8.063669833032534,20.020000457763672,18.76000022888184,3717400.0,False,True,False,0.0556430188133667,0.2918635507764261,0.3553806156901609,0.8212703166423905,1.2235652996607056,0.2452607753671714,0.5507371827992114,True,False,0.3685344204489695,1.3054884548773358,-0.0601875280291791,0.8680514781839324,-0.1581970860128295,0.7391157499609974,0.9438774353362602,1.499924301853705,1.032679075440707,57.0,94.0,94.0,34.0,34.0,24.0,24.0,93.0,87.0,84.0,81.0,84.61538461538461,53.0,False,tight; NR7; volDry=1.22; 50SMA=+24.5%; 252H=0.55x; prior=3.7x; blind=VARS,CSIQ
2026-05-27,33.959999084472656,34.02000045776367,30.59000015258789,33.0,4965341.0,-0.0374149586308609,33.20167871883545,32.55429160457698,32.470400161743164,32.02966677347819,29.691600036621093,26.710900020599365,21.295749969482426,28.38999938964844,35.29999923706055,22.030000686645508,35.29999923706055,21.61000061035156,35.29999923706055,16.899999618530273,35.29999923706055,14.619999885559082,35.29999923706055,11.729999542236328,35.29999923706055,2386271.025,2329682.82,1681248.575396825,80795573.63881302,0.0483955636407067,1.7228566578456337,0.050731940644644,2.8336743366320127,-0.766169192784052,7.00034800431019,9.195202160736514,35.29999923706055,33.79999923706055,3091600.0,False,False,True,0.1010011895655221,0.1604828917113455,0.1604828917113455,1.0,1.0392290655257528,0.1437577982522664,0.9620396549136164,False,False,0.0888104681944574,1.038650891448626,0.3066563825910953,1.206884392593894,1.2051948003693322,1.9361945434058112,1.907534092222917,2.243495893370924,1.4193445632730235,83.0,79.0,79.0,87.0,87.0,96.0,96.0,72.0,85.0,83.0,90.0,73.07692307692307,40.0,False,volDry=1.04; 50SMA=+14.4%; 252H=0.96x; prior=3.0x; blind=1m,CSTM
2026-05-27,20.434999465942383,21.21999931335449,19.75,19.75,29821.0,0.0202196088573725,22.22603811133712,22.662558955255825,23.691799850463862,23.208166567484536,17.23929997444153,13.471849970817566,16.77392499923706,10.760000228881836,41.41999816894531,4.980000019073486,41.41999816894531,4.980000019073486,41.41999816894531,4.980000019073486,41.41999816894531,4.980000019073486,41.41999816894531,4.980000019073486,41.41999816894531,1133706.45,918528.06,201244.24206349207,38325468.45566034,0.1709130567378554,3.5607145854405,0.1742458859064273,1.06385827012501,0.1137408712714254,-4.205801690441389,-3.064253174217057,22.51000022888184,19.76000022888184,72700.0,False,True,False,0.0719353732210485,0.6156104845841704,1.4396867598640075,0.4276002959437655,0.1369169930421069,0.1853729267568116,0.4933607042325643,False,False,0.1397099340842449,1.0872055087718355,1.4069493541636475,2.2231626064869734,0.1448178727859395,1.005167488201198,0.0305093063320223,0.7951560750466888,5.633485154036449,99.0,85.0,85.0,98.0,98.0,65.0,65.0,97.0,99.0,98.0,98.0,34.61538461538461,84.0,False,tight; volDry=0.14; 50SMA=+18.5%; 252H=0.49x; prior=8.3x; blind=RS/VARS,CUE
2026-05-27,77.1500015258789,77.91000366210938,75.8550033569336,75.97000122070312,1621353.0,0.0112727828028709,76.35234300546587,74.16791517275244,71.81359970092774,70.82599983215331,68.0834001159668,65.93820022583007,60.96200012207032,58.650001525878906,80.19999694824219,58.43000030517578,80.19999694824219,58.43000030517578,80.19999694824219,58.43000030517578,80.19999694824219,54.29999923706055,80.19999694824219,29.809999465942383,80.19999694824219,2630963.825,2552685.06,2030489.892857143,274426926.8854389,0.0466763761783868,2.8453565325055803,0.036880835725598,3.610792513523131,0.3022470472599292,-4.313804431276127,-2.54356090842944,77.26000213623047,75.5,1652100.0,False,False,True,0.0266364259822659,0.0793260223660418,0.2793259234756415,0.2839909070343033,0.7494129730206515,0.1331690455304659,0.9619701304436256,False,False,0.252435120729598,1.1947376450049327,0.2267451466787202,1.1330749162078475,0.1789425221210461,1.035129448853021,1.526195128129607,1.949249163052596,1.2957285994159362,78.0,91.0,91.0,84.0,84.0,68.0,68.0,84.0,73.0,68.0,63.0,69.23076923076923,65.0,False,volDry=0.75; 50SMA=+13.3%; 252H=0.96x; prior=2.7x; blind=RS/VARS,CYTK
2026-05-27,3.539999961853028,3.539999961853028,3.2300000190734863,3.430000066757202,5793409.0,0.0143266338623653,3.093634217335938,2.8608466539898214,2.684799995422363,2.606666660308838,2.3543999910354616,2.307299993038177,2.349649991989136,1.9600000381469729,3.740000009536743,1.7799999713897705,3.740000009536743,1.7799999713897705,3.740000009536743,1.7000000476837158,3.740000009536743,1.7000000476837158,3.75,1.3200000524520874,3.799999952316284,3799215.225,3678018.18,3953655.5912698414,15691077.326928664,0.0910699233025664,0.3014285394123622,0.0851493058363137,5.91393872854357,0.165876636677335,4.165018879159074,3.016059136679674,3.740000009536743,3.059999942779541,10487800.0,True,False,False,0.0875706062486142,0.3220339314092639,0.4632768707844025,0.6951219707213281,1.3786883728780264,0.5035677774939766,0.9315789490195192,False,False,0.6018099098410989,1.5280173541558622,0.7101449642596718,1.579563911320924,0.8153845514301263,1.5939352215384897,1.1987577207450597,1.6965936634083518,0.9609373242801258,48.0,97.0,97.0,95.0,95.0,93.0,93.0,96.0,94.0,92.0,91.0,100.0,59.0,False,inside; volDry=1.38; 50SMA=+50.4%; 252H=0.93x; prior=2.9x,DDD
2026-05-27,221.80999755859372,226.47999572753903,219.49009704589844,221.16000366210935,4543954.0,-0.0082271244717415,211.2437373819201,193.00375391207143,177.0332000732422,168.53333333333333,148.84900009155274,136.11960021972655,142.80220050811766,112.4499969482422,226.47999572753903,100.79499816894533,226.47999572753903,98.01000213623048,226.47999572753903,98.01000213623048,226.47999572753903,98.01000213623048,226.47999572753903,98.01000213623048,226.47999572753903,5701401.35,5503545.08,5600383.150793651,1290487960.559662,0.050011302992305,12.47977774483817,0.0562633690194306,8.712024883807851,-0.1474382297113965,-0.9720892938289368,-3.150886781439385,225.8999938964844,218.3300018310547,3631100.0,False,True,False,0.0315130010305065,0.140164991118932,0.4439835751836407,0.3156985955188926,0.9127399388904434,0.4901678709441435,0.9793800854069096,False,False,0.6720186298468163,1.594991682334696,1.010423220134133,1.856913905763658,0.4078704745294448,1.236131669705333,0.9378822237705566,1.4952983087953526,1.0180377300063894,55.0,97.0,97.0,97.0,97.0,83.0,83.0,97.0,95.0,94.0,93.0,92.3076923076923,65.0,False,tight; volDry=0.91; 50SMA=+49.0%; 252H=0.98x; prior=2.3x; blind=VARS,DDOG
2026-05-27,305.32000732421875,312.139892578125,298.57000732421875,307.4750061035156,7560261.0,0.0007867469598707,268.63817368493085,249.13201422503164,237.6555987548828,230.75104115804035,206.88348419189447,166.27522285461427,151.141672706604,176.45401921223402,312.139892578125,137.0758603203263,312.139892578125,109.8800132652644,312.139892578125,109.8800132652644,312.139892578125,109.8800132652644,312.139892578125,104.78669226461824,312.139892578125,6712344.025,7572563.22,7060568.892857143,1688514784.9647307,0.0565388058935221,17.578563145228795,0.0575742261350143,8.264228843938273,0.0136541735504856,8.543086448319585,6.418781776895975,308.6400146484375,298.9700012207031,10305700.0,False,True,False,0.0444447953896988,0.2779702812450835,0.3645352206547186,0.7625334000534674,0.8961848059685132,0.4758065802924101,0.978151189847676,False,False,0.4137148937282611,1.3485875434867831,1.4802778731028563,2.29089200054868,1.510852834332944,2.204566941803166,1.7648064900255598,2.1333651849273174,0.9506803384909358,47.0,95.0,95.0,98.0,98.0,97.0,97.0,95.0,95.0,97.0,96.0,100.0,70.0,False,tight; volDry=0.90; 50SMA=+47.6%; 252H=0.98x; prior=3.0x,DELL
2026-05-27,23.520000457763672,23.774999618530277,22.75,22.899999618530277,1737642.0,0.0279720856849727,22.152055005622167,21.892835752760845,21.91159996032715,22.06999994913737,21.058199996948243,18.876899995803832,15.15620002269745,19.32999992370605,26.25,16.549999237060547,26.25,14.619999885559082,26.25,11.800000190734863,26.25,10.46500015258789,26.25,6.34499979019165,26.25,1796001.05,1779808.84,1662104.9285714286,32259554.4830864,0.0502515632792168,1.1238569532121931,0.0477830327950194,2.4465713832001783,0.5694686456028296,1.4187950799634343,3.2757025969506945,23.280000686645508,22.479999542236328,1349600.0,False,False,False,0.0435799149056535,0.1889880785847084,0.1889880785847084,1.0,0.8431097577872464,0.1169046006388101,0.8960000174386161,False,False,0.121067729787786,1.0694221179277037,0.3348467274413005,1.2329222152952883,1.202247170944866,1.933606479980903,2.221917786744058,2.486078956966824,1.080558164004516,62.0,83.0,83.0,88.0,88.0,96.0,96.0,75.0,80.0,84.0,90.0,73.07692307692307,60.0,False,volDry=0.84; 50SMA=+11.7%; 252H=0.90x; prior=4.1x; blind=VARS,DFTX
2026-05-27,8.010000228881836,8.199999809265137,7.409999847412109,7.8520002365112305,12429767.0,-0.0111111294258433,7.570291163539794,6.694961159352779,5.941999998092651,5.480666661262513,4.206000006198883,3.452900010347366,3.366025008559227,2.674999952316284,9.199999809265137,1.8600000143051147,9.199999809265137,1.8600000143051147,9.199999809265137,1.8600000143051147,9.199999809265137,1.8600000143051147,9.199999809265137,1.1799999475479126,9.199999809265137,11812944.175,9768009.34,4388592.329365079,143626412.214322,0.1566754133455097,1.1442856107439314,0.1428571258485056,6.330956892505545,-0.0786518258578634,5.390042061496748,4.450019380173707,8.569999694824219,7.710000038146973,12711900.0,False,True,True,0.0986267090236161,0.3058676328661163,0.7821472768372398,0.3910614304034271,1.7940090032714897,0.9044223055341288,0.8706522168419095,True,False,1.4054055292491632,2.2945927415568312,2.011278184369081,2.7813468719808245,1.362831852805578,2.074602270793213,4.0696202603274285,3.911793249618969,2.6917387828340487,95.0,99.0,99.0,99.0,99.0,96.0,96.0,99.0,99.0,99.0,98.0,88.46153846153845,69.0,False,tight; NR7; volDry=1.79; 50SMA=+90.4%; 252H=0.87x; prior=7.8x,DGXX
2026-05-27,150.4199981689453,158.57000732421875,147.91000366210938,158.57000732421875,2218278.0,-0.064086628755146,153.6851826397998,143.44849513095147,135.57559936523438,127.51466598510744,109.98799926757812,84.28069984436036,62.25359987258911,74.37000274658203,165.99000549316406,51.68000030517578,165.99000549316406,49.07799911499024,165.99000549316406,43.810001373291016,165.99000549316406,37.834999084472656,165.99000549316406,25.559999465942383,165.99000549316406,4501694.45,4739511.56,3025857.4523809524,601894789.7677612,0.0801262863908092,11.655428205217634,0.077485895140929,4.7441373733933085,-0.8837086780858848,8.630801164955194,10.39410071454221,165.99000549316406,153.14999389648438,1971000.0,False,False,True,0.0708682608155367,0.1780348298450231,0.4918229241955076,0.3619896940270548,0.6445110981014255,0.3676037310489164,0.9061991276043426,False,False,0.5201617262062732,1.4501305582490402,1.5378774592069715,2.344093471428939,2.433462530331022,3.0146322742561487,4.374062143585943,4.146705066022951,1.4877417462140383,85.0,97.0,97.0,98.0,98.0,98.0,98.0,97.0,97.0,97.0,97.0,46.15384615384615,65.0,False,volDry=0.64; 50SMA=+36.8%; 252H=0.91x; prior=6.5x; blind=RS,DOCN
2026-05-27,53.27999877929688,59.650001525878906,52.59999847412109,59.40999984741211,7070193.0,-0.1150971667588504,54.65386343491226,49.55924667174453,45.08799980163574,42.47899990081787,36.52299995422364,32.91550008773804,29.84755007743836,28.43000030517578,72.87000274658203,23.809999465942383,72.87000274658203,23.809999465942383,72.87000274658203,23.76000022888184,72.87000274658203,19.711000442504883,72.87000274658203,19.711000442504883,72.87000274658203,4093047.325,3946109.86,1472587.6706349207,346296378.83607405,0.15383804827769,10.304500307355609,0.1934027879775337,2.3722861107286874,-0.6725217233706107,4.292972820894505,5.34963146196722,72.87000274658203,55.0,14085500.0,False,False,True,0.1323198801291498,0.5700075721169681,0.8305180728446817,0.686327716102052,1.9188338816294384,0.4588067476953084,0.7311650442032674,False,False,0.7837294034928552,1.7015561377851296,0.8933901895853069,1.7488171330625952,1.5590777886774947,2.2469091845121887,0.13967911827373,0.879393100994696,2.779493137570032,95.0,98.0,98.0,96.0,96.0,97.0,97.0,96.0,95.0,94.0,93.0,73.07692307692307,42.0,False,volDry=1.92; 50SMA=+45.9%; 252H=0.73x; prior=3.7x,DXYZ
2026-05-27,70.27999877929688,72.69999694824219,66.1500015258789,68.06999969482422,9899205.0,0.0505231267014318,57.06450720326845,49.6975839515169,43.29159996032715,41.54699993133545,39.92259994506836,40.76330001831055,37.39355010986328,29.899999618530277,72.69999694824219,29.899999618530277,72.69999694824219,29.899999618530277,72.69999694824219,28.700000762939453,72.69999694824219,25.780000686645508,72.69999694824219,25.780000686645508,72.69999694824219,8313902.625,7685774.1,7785232.956349206,485976492.7847672,0.1067678706969212,5.459999901907785,0.0776892429815493,9.78779466783692,0.6190471271321745,3.475745101679239,1.0104190571951344,68.9000015258789,63.66999816894531,11653000.0,False,False,False,0.0931985705197932,0.4987193516100107,0.6089925736071579,0.8189251777833978,1.7026496394162822,0.7604063582030953,0.9667125409830732,False,False,0.994324501472458,1.902449491257333,0.449370928986923,1.3387017249362274,1.6097288519447024,2.291381587720851,0.7729566059894983,1.3680392863841724,1.067906724386409,61.0,98.0,98.0,92.0,92.0,97.0,97.0,98.0,96.0,95.0,94.0,100.0,32.0,False,volDry=1.70; 50SMA=+76.0%; 252H=0.97x; prior=2.8x,ENPH
2026-05-27,12.470000267028809,12.869999885559082,11.59000015258789,11.59000015258789,6355734.0,0.084347849306853,11.333087785847445,11.862032178851027,12.256199798583983,13.532166481018066,14.459499912261965,12.809949979782104,7.603474996685982,8.699999809265137,24.280000686645508,8.699999809265137,24.280000686645508,8.699999809265137,24.280000686645508,2.809999942779541,24.280000686645508,2.1050000190734863,24.280000686645508,1.059999942779541,24.280000686645508,7393188.35,7169348.68,3674694.1825396814,56106368.02169619,0.0801033227152108,0.7228569984436035,0.0579676810717371,-2.3735843278726,1.3418978706954954,10.614674109286335,12.472159410071692,11.574999809265137,10.93000030517578,3186600.0,False,False,False,0.1026463276312481,0.2461908283146892,0.3183640883734102,0.7732996192269377,0.551024029703072,-0.1375911793149925,0.5135914297517941,False,False,-0.3488250383586243,0.6211764803468506,-0.0735512457884403,0.855708170023068,3.270547925072554,3.749605970635174,9.221311454585852,7.886913633984803,2.011919355120421,92.0,2.0,2.0,32.0,32.0,99.0,99.0,90.0,81.0,76.0,98.0,76.92307692307693,55.0,False,volDry=0.55; 50SMA=-13.8%; 252H=0.51x; prior=22.9x; blind=1m,ERAS
2026-05-27,11.140000343322754,11.5600004196167,10.500100135803224,11.470000267028809,54998.0,-0.0253718245065757,11.049319842621651,9.669839740254636,8.08160005569458,7.551333379745484,6.75080002784729,12.472900013923644,23.237700006961823,3.180000066757202,15.880000114440918,3.180000066757202,15.880000114440918,3.180000066757202,32.0,3.180000066757202,37.5,3.180000066757202,71.5,3.180000066757202,90.0,2523648.35,2026769.72,453737.2738095238,38525746.58769651,0.2720958060837326,2.6414214202335904,0.237111430774492,2.742064505386109,-0.1097893579690065,-13.907072555656477,-13.432359465642126,11.960000038146973,10.880000114440918,79800.0,False,True,True,0.095143649115664,0.5206463206449852,1.1400358757884614,0.45669292668961,0.2178588892674003,0.6501748381480501,0.123777781592475,False,False,1.2280000686645507,2.125360037457633,0.5365517714927936,1.4192257246314466,-0.6699259157533999,0.2898100615559682,-0.8708405757295913,0.0996613036166589,5.561915442413957,99.0,99.0,99.0,93.0,93.0,4.0,4.0,99.0,98.0,98.0,97.0,65.38461538461539,89.0,False,tight; volDry=0.22; 50SMA=+65.0%; 252H=0.12x; prior=28.3x; blind=RS/VARS,ERNA
2026-05-27,9.520000457763672,9.520000457763672,8.707799911499023,8.729999542236328,2830676.0,0.0880000523158481,8.614578355747355,7.534863909960855,6.562799987792968,6.0546666542689005,4.873599996566773,3.945894410610199,3.205304191112518,3.380000114440918,10.119999885559082,2.832318090340077,10.119999885559082,2.802814583526525,10.119999885559082,2.642587423324585,10.119999885559082,1.8875624864489975,10.119999885559082,1.7601668971442308,10.119999885559082,2875651.9,2367489.52,732282.8412698413,42797522.98559637,0.1161492770774978,1.0115857464926583,0.1062590018751205,8.97224293841062,0.7611816007030505,12.389216000383708,10.703164627381604,9.8100004196167,8.739999771118164,2896600.0,False,False,False,0.0853151793288296,0.2794117352423915,0.6733192793267861,0.4149765851376772,1.6976284651093196,0.9533815792166108,0.9407115183220912,False,False,1.4727274528782694,2.358813262973529,2.19480839523226,2.950863318700354,2.61577424547342,3.1747047304394056,4.408577960659384,4.17333797604376,3.926968840364159,97.0,99.0,99.0,99.0,99.0,98.0,98.0,99.0,98.0,98.0,98.0,92.3076923076923,37.0,False,volDry=1.70; 50SMA=+95.3%; 252H=0.94x; prior=5.7x,EVC
2026-05-27,26.670000076293945,27.239999771118164,26.399999618530277,27.15999984741211,1519901.0,-0.0129533817742464,24.8781378276857,23.47228533817574,22.56080009460449,21.794000116984048,19.372600078582764,17.127700004577637,18.27409999847412,16.389999389648438,27.239999771118164,13.539999961853027,27.239999771118164,13.479999542236328,27.239999771118164,13.479999542236328,27.239999771118164,13.479999542236328,27.239999771118164,13.479999542236328,27.239999771118164,2705487.525,2458542.02,1684220.242063492,68714539.16325197,0.0536203804178618,1.138571058000837,0.0426910781681202,8.823545224405583,-0.3074031954441874,1.2662852267491278,-0.1585842929601101,27.100000381469727,25.190000534057617,2741900.0,False,False,False,0.031496068623357,0.1841019810036086,0.3610798325166253,0.5098650337806724,0.9581492123531002,0.3766866588950426,0.9790749008952424,False,False,0.5274914933994372,1.457122656003129,0.9050000054495676,1.7595404615169206,0.540727954889165,1.352782556275559,0.7329434360841476,1.337164538396342,1.6063739512388593,88.0,97.0,97.0,96.0,96.0,87.0,87.0,94.0,93.0,92.0,90.0,96.15384615384616,51.0,False,volDry=0.96; 50SMA=+37.7%; 252H=0.98x; prior=2.0x; blind=VARS,EXTR
2026-05-27,15.880000114440918,16.059999465942383,15.390000343322754,15.425000190734863,76477483.0,0.0365535529224516,14.14487608714839,13.432996904893812,12.83670867919922,12.79317143758138,12.331419944763184,12.794353141784669,12.433321261405943,11.317344771200585,16.059999465942383,10.97170094106094,16.059999465942383,10.97170094106094,16.059999465942383,10.97170094106094,16.059999465942383,10.97170094106094,16.059999465942383,9.415675075435546,16.059999465942383,55810202.075,55195515.66,72639757.47222222,1010940827.9825172,0.0480895823128206,0.7771366828449475,0.0489380779121176,5.880234223630697,0.720594500270719,-0.9292414598725004,-3.056274796640265,15.550000190734863,14.779999732971191,90423300.0,False,False,False,0.0421913802135521,0.2575566227606145,0.2986558350480699,0.8623860394998131,1.8374086569771169,0.2877673605775399,0.9887920698949474,False,False,0.2874434693162442,1.2281332207546418,0.1143567384524781,1.029268117722886,0.2668995843165569,1.1123570859980163,0.6084080569025723,1.24107121570046,0.7683148184565742,25.0,93.0,93.0,75.0,75.0,76.0,76.0,89.0,81.0,77.0,73.0,100.0,14.0,False,volDry=1.84; 50SMA=+28.8%; 252H=0.99x; prior=1.7x; blind=VARS,F
2026-05-27,15.350000381469728,15.65999984741211,15.095000267028809,15.239999771118164,420424.0,0.0039241608741917,15.121981276944403,14.601647479163963,14.22480010986328,13.930333423614504,12.8421000289917,12.658750038146971,13.71267502784729,11.789999961853027,16.309999465942383,10.279999732971191,16.309999465942383,8.819999694824219,16.309999465942383,8.819999694824219,16.309999465942383,8.819999694824219,16.309999465942383,8.819999694824219,19.01000022888184,1074103.1,1095654.48,960079.0634920635,16605114.620328331,0.050450603489154,0.9282142094203404,0.0604699795669624,3.229493436618765,0.0646407036304355,-6.069243337794387,-4.950200374364016,15.489999771118164,15.109999656677246,613300.0,False,True,True,0.0368077893382569,0.0990228286638085,0.2547231107650133,0.3887469353150247,0.7205851976254413,0.1952874021239761,0.8074697631065,False,False,0.2201908167379092,1.1639787791936549,0.6123949205224692,1.4892777398885693,0.125366568556142,0.9880889475182832,-0.0906397426163966,0.7016756943596401,1.1187652567833328,66.0,90.0,90.0,94.0,94.0,62.0,62.0,83.0,83.0,88.0,85.0,69.23076923076923,77.0,False,tight; volDry=0.72; 50SMA=+19.5%; 252H=0.81x; prior=2.2x; blind=RS/VARS,FA
2026-05-27,23.690000534057617,25.06999969482422,22.01000022888184,23.25,9092085.0,-0.0290983235890486,21.574363194772907,18.563717788669493,16.471600074768066,15.068666712443036,11.717600049972534,9.826500029563904,8.54655001759529,7.059999942779541,27.690000534057617,6.179999828338623,27.690000534057617,6.179999828338623,27.690000534057617,6.179999828338623,27.690000534057617,5.710000038146973,27.690000534057617,3.7799999713897705,27.690000534057617,8605512.125,7131221.7,3584069.384920635,237647311.3226514,0.1831955752467908,3.461428846631731,0.146113498041313,6.9928180346181374,-0.2051173419796124,4.893774972726131,3.976255059656689,27.690000534057617,23.729999542236328,12206700.0,False,True,False,0.1291684000404818,0.487969654397936,0.7049388090528287,0.6922156194714019,1.984234833142265,1.0217451042044354,0.8555435203014837,False,False,1.2181647806299107,2.115977843785513,1.7546511027025131,2.544314991444545,2.796474583814373,3.333362373305578,3.322992783139247,3.335684552070065,2.40104506938572,94.0,99.0,99.0,99.0,99.0,99.0,99.0,99.0,99.0,98.0,98.0,88.46153846153845,59.0,False,tight; volDry=1.98; 50SMA=+102.2%; 252H=0.86x; prior=7.3x,FCEL
2026-05-27,22.34000015258789,22.8799991607666,22.1200008392334,22.459999084472656,1834510.0,-0.0197455350970546,22.025338841215813,21.090646929410504,20.54920009613037,19.77600005467733,17.85030002593994,17.84615005493164,20.39567506790161,14.520000457763672,25.33699989318848,13.289999961853027,25.33699989318848,13.289999961853027,25.33699989318848,13.289999961853027,25.33699989318848,13.289999961853027,25.33699989318848,13.289999961853027,30.3799991607666,3275032.75,3013776.2,2342792.896825397,98271447.68825912,0.0782383607929781,1.5403571810041154,0.0689506343098963,3.647821249953843,-0.2921405297997899,-7.159175250474304,-6.031808093920329,23.65999984741211,22.059999465942383,2354600.0,True,True,True,0.034019620248085,0.1713966180335457,0.4022828760221689,0.4260599400311051,1.198513346810556,0.2515195890334363,0.7353522307346952,True,True,0.3490338691455135,1.286886259558015,0.2515405980483496,1.1559770683451869,0.1795142303410417,1.035631417357477,-0.1598345233400221,0.6482839880297342,1.397918166150254,82.0,94.0,94.0,85.0,85.0,68.0,68.0,93.0,89.0,86.0,84.0,61.53846153846154,69.0,False,inside; tight; NR20; volDry=1.20; 50SMA=+25.2%; 252H=0.74x; prior=2.3x; blind=RS/VARS,FIVN
2026-05-27,145.7899932861328,146.13999938964844,139.1800994873047,145.39999389648438,4771407.0,0.0178022039596363,135.2288549327341,125.6188690956557,118.52600067138673,112.4250005086263,94.89800010681152,79.29999984741211,69.2451999282837,76.4000015258789,147.33999633789062,58.52999877929688,147.33999633789062,55.15999984741211,147.33999633789062,55.15999984741211,147.33999633789062,53.06999969482422,147.33999633789062,41.43000030517578,147.33999633789062,5253225.175,4862972.14,4440792.884920635,898763821.9583519,0.0535326837194136,8.154276711600167,0.0559316625771172,9.588146721854644,0.3127178391360169,10.666181624637872,9.04609911031509,144.85000610351562,135.92999267578125,5453500.0,False,True,False,0.0477392154664826,0.1786130357728034,0.4145688839795057,0.4308404288770336,1.1784543556936768,0.5362809871866667,0.9894800930481684,False,False,0.6184501589993567,1.5438910164019757,1.2200395515630675,2.050524622555709,1.636823853717643,2.3151714109952173,2.514705759282484,2.7119984451597063,1.1829475751589535,72.0,97.0,97.0,98.0,98.0,97.0,97.0,97.0,96.0,96.0,95.0,96.15384615384616,59.0,False,tight; volDry=1.18; 50SMA=+53.6%; 252H=0.99x; prior=3.6x,FLEX
2026-05-27,21.21999931335449,21.770000457763672,20.290000915527344,20.618000030517575,5929847.0,-0.0051570844231138,20.2597826597905,18.938070369018327,17.398400077819826,16.802833398183186,15.862900047302244,18.493650045394897,16.7513250374794,11.335000038146973,27.38999938964844,11.335000038146973,27.38999938964844,11.335000038146973,33.5099983215332,11.335000038146973,33.5099983215332,11.335000038146973,33.5099983215332,4.402999877929688,33.5099983215332,9411228.675,8147256.94,6376106.932539683,291655837.40976113,0.1172666956424903,3.302285807473319,0.155621390873235,2.1700903392614235,-0.0333104451778894,-3.770033022939892,-3.0047446654165,22.450000762939453,20.700000762939453,7751500.0,False,False,True,0.0697455037760021,0.2557493035525672,0.7565975434031936,0.3380255537206754,1.4167534895493303,0.3377124769164332,0.6332438190460524,True,False,0.5883233427142243,1.515152089375538,0.2994488311386754,1.2002271860990283,0.3779220674668861,1.2098365132282225,3.3483604130582245,3.355258586885343,1.4760148746833188,84.0,97.0,97.0,87.0,87.0,82.0,82.0,96.0,92.0,90.0,88.0,76.92307692307693,51.0,False,NR7; volDry=1.42; 50SMA=+33.8%; 252H=0.63x; prior=7.6x; blind=VARS,FLNC
2026-05-27,57.27999877929688,62.150001525878906,55.25,58.66999816894531,11587307.0,-0.0260160271767821,47.699617332655066,43.35625571228694,39.83700012207032,40.21050008138021,35.997799987792966,30.13304998397827,30.46077499389649,31.23600006103516,62.16999816894531,18.809999465942383,62.16999816894531,18.11199951171875,62.16999816894531,17.510000228881836,62.16999816894531,16.0,62.16999816894531,16.0,73.80000305175781,7379760.175,7278482.14,3891792.113861386,317183211.2346756,0.1204474226054908,5.528785569327218,0.0965220964935761,6.125108547449847,-0.2767339363787846,1.995773152323688,1.8395570479329988,62.16999816894531,51.9900016784668,15777600.0,True,False,False,0.1204609230608577,0.4280376791935431,0.5400488611583361,0.7925906524003343,1.1636177072490557,0.5912083182505823,0.7761517128817049,False,False,0.6598087964425046,1.5833443344075058,1.8147419019930244,2.599817454654037,2.413587391857713,2.997181600667126,0.0,0.0,1.896236992905024,91.0,97.0,97.0,99.0,99.0,98.0,98.0,96.0,98.0,97.0,97.0,96.15384615384616,56.0,False,inside; volDry=1.16; 50SMA=+59.1%; 252H=0.78x; prior=4.6x; blind=VARS,FLY
2026-05-27,133.02999877929688,138.8000030517578,129.1199951171875,138.47000122070312,1296640.0,-0.0252784075047127,130.6101884130989,131.3853085565294,136.44119689941405,136.3869972229004,124.00259857177734,103.74059921264649,73.59984958648681,112.30999755859376,159.08999633789062,81.01000213623047,159.08999633789062,68.97000122070312,159.08999633789062,53.40999984741211,159.08999633789062,40.59999847412109,159.08999633789062,26.07999992370605,159.08999633789062,2013878.5,1928504.8,1214133.0952380951,309224239.62475586,0.0784904436147169,10.83071517944336,0.0814155850471895,0.8941787855433609,-0.3185382397267969,9.126060175382491,10.782575998766225,139.9199981689453,129.52999877929688,2281800.0,False,False,True,0.0727656019198339,0.2075471763038792,0.3406750938892122,0.6092232159811884,0.9898777539988493,0.0728000889617981,0.8361933612516715,False,False,-0.0757312196981615,0.881689348735383,0.2570159357236319,1.1610343272179255,1.6918252470290591,2.3634634700874324,3.380309354731477,3.379910858249319,1.6586966518733042,88.0,23.0,23.0,85.0,85.0,97.0,97.0,70.0,88.0,91.0,94.0,30.76923076923077,70.0,False,volDry=0.99; 50SMA=+7.3%; 252H=0.84x; prior=6.1x; blind=1m/RS,FORM
2026-05-27,47.29999923706055,49.06499862670898,45.58000183105469,46.08000183105469,6072692.0,-0.0509631000752607,46.15769234234645,43.63718187688626,41.90439987182617,40.4793332417806,37.061399917602536,35.80844150890004,0.0,31.520000457763672,51.0,27.270000457763672,51.0,25.950000762939453,51.0,25.950000762939453,51.0,25.950000762939453,51.0,0.0,0.0,4702144.8,4919593.84,0.0,223650416.8908905,0.0795386477195536,3.7407144818987166,0.0790848740430377,3.4932148714087385,-0.6790149122095218,-0.3101732466467757,0.6670873652520202,50.45000076293945,48.79999923706055,4527600.0,False,False,True,0.0736785803777292,0.1953488758457962,0.3266384991996797,0.5980583315329773,1.1487105203790564,0.2762604581106265,0.0,False,False,0.2732166162661149,1.214561773717097,0.3770014945618074,1.2718581828449844,0.0,0.0,0.0,0.0,0.0,0.0,92.0,92.0,90.0,90.0,0.0,0.0,92.0,90.0,90.0,87.0,84.61538461538461,24.0,False,volDry=1.15; 50SMA=+27.6%; blind=VARS,FPS
2026-05-27,71.37999725341797,73.04190063476562,70.33999633789062,72.0,1039945.0,-0.0223257750324544,69.54436148690917,64.448240724405,59.69800079345704,57.15733388264974,52.44050033569336,51.31980018615722,52.45350011825562,41.09999847412109,75.08000183105469,39.02999877929688,75.08000183105469,34.04999923706055,75.08000183105469,34.04999923706055,75.08000183105469,34.04999923706055,75.08000183105469,34.04999923706055,75.08000183105469,2685456.125,2832412.9,2048300.575396825,184505372.38668635,0.057347199651504,4.463849748883929,0.0625364236571217,5.7752205088439545,-0.3651567535892177,-3.940960750599628,-4.752980277995442,75.08000183105469,71.02999877929688,2550900.0,False,True,True,0.0378524012446024,0.183104567279815,0.4284113618341501,0.4274036208934624,0.7869631225023724,0.3611616364543635,0.9507191730500688,False,False,0.5456907055372586,1.474483462555583,0.8415892761729726,1.7009715672716246,0.2053359638983551,1.0583032917907813,0.6799245571598111,1.296254394829654,1.3110654545804323,79.0,97.0,97.0,96.0,96.0,71.0,71.0,95.0,92.0,93.0,91.0,76.92307692307693,74.0,False,tight; volDry=0.79; 50SMA=+36.1%; 252H=0.95x; prior=2.2x; blind=VARS,FROG
2026-05-27,273.6700134277344,274.81500244140625,265.8299865722656,270.0,2077474.0,0.0137803335895023,248.020630937747,234.1675814788351,222.55920227050785,217.34566853841145,208.61020111083985,217.97030075073243,226.430200881958,185.1300048828125,276.3999938964844,182.9900054931641,276.3999938964844,182.9900054931641,276.3999938964844,182.9900054931641,285.989990234375,182.9900054931641,285.989990234375,135.5,285.989990234375,2392119.35,2282351.48,2703692.753968254,645883638.6395355,0.0547025535558427,13.51321738106864,0.0493777787774945,6.3160522592878685,0.2752861228973247,-6.046578005869423,-7.001411898468076,276.3999938964844,264.1300048828125,3969400.0,True,False,False,0.0328315687809662,0.2001680713687769,0.3259399735871919,0.6141255678638943,1.1317702039477284,0.3118726312062112,0.9569216503118024,False,False,0.3858113193668173,1.3219694375521691,0.3024463153785244,1.20299579228679,0.0950742644049964,0.9614918441717606,0.7279328513105332,1.3332982977929873,0.88476005510946,38.0,95.0,95.0,87.0,87.0,58.0,58.0,91.0,83.0,80.0,76.0,100.0,53.0,False,inside; volDry=1.13; 50SMA=+31.2%; 252H=0.96x; prior=2.1x; blind=VARS,FSLR
2026-05-27,13.420000076293944,13.65999984741211,13.109999656677246,13.199999809265137,792862.0,0.0151285783075165,13.522668122615652,13.20336836466777,12.996800079345704,12.54000005722046,11.3096000289917,12.449300031661988,11.834625022411348,9.199999809265137,16.200000762939453,8.550000190734863,16.200000762939453,8.550000190734863,17.809999465942383,8.550000190734863,18.670000076293945,8.550000190734863,18.670000076293945,3.9700000286102295,18.670000076293945,1302769.05,1297373.24,1692958.9761904762,21180813.72794056,0.0576717239982715,0.6764285905020577,0.0504045146539864,3.7020996501405095,0.2956702482322534,-9.378893235398548,-6.380810784027268,13.539999961853027,13.0,1136100.0,False,False,True,0.0409836205371133,0.134128180365253,0.4299553222772492,0.3119584138529696,0.7564332065304507,0.1866025360660255,0.7188002153965635,False,False,0.2660376974848011,1.2077135750547408,0.2978723286512905,1.1987710601639625,0.2311927106382285,1.0810059083304104,2.3054187845890457,2.5505095499764425,0.7695219248203593,25.0,92.0,92.0,87.0,87.0,73.0,73.0,91.0,86.0,83.0,79.0,53.84615384615385,65.0,False,volDry=0.76; 50SMA=+18.7%; 252H=0.72x; prior=4.7x; blind=RS/VARS,FTRE
2026-05-27,3.240000009536743,3.309999942779541,2.940000057220459,3.289999961853028,12789957.0,-0.0181818011050051,2.7705819229595714,2.3101397494556544,1.9228000116348267,1.8196666717529295,1.5885999965667723,1.3736600011587143,1.3872300025820732,1.25,3.839999914169312,1.0399999618530271,3.839999914169312,0.9549999833106996,3.839999914169312,0.9549999833106996,3.839999914169312,0.9549999833106996,3.839999914169312,0.8999999761581421,3.839999914169312,6448793.925,5469851.14,2303475.623015873,29352850.590145767,0.1835707756661564,0.4641428334372384,0.1432539605157599,7.256564982691871,-0.1292704281033657,1.0527145141697165,-1.2307010284273123,3.839999914169312,3.2699999809265137,11896300.0,False,True,False,0.1141974952067931,0.7777777328085672,0.7932098536043701,0.9805447187453876,3.282807016207026,1.0395316735105875,0.8437500213428095,True,False,1.5116279886416648,2.3959217197056555,1.6557376504553112,2.4529542455550977,1.4732825580603863,2.171579668342793,2.115384738826192,2.403876496761348,2.7995928676496185,95.0,99.0,99.0,98.0,98.0,97.0,97.0,98.0,98.0,98.0,97.0,88.46153846153845,61.0,False,tight; NR7; volDry=3.28; 50SMA=+104.0%; 252H=0.84x; prior=4.3x; blind=VARS,GCTS
2026-05-27,7.039999961853027,7.400000095367432,6.97160005569458,6.980000019073486,1619824.0,0.005714280264718,6.857329632337537,6.6193805338385285,6.381599998474121,6.303999996185302,6.067999973297119,6.881499981880188,7.629199991226196,5.409999847412109,7.400000095367432,5.130000114440918,7.539999961853027,5.130000114440918,9.470000267028809,5.130000114440918,10.210000038146973,5.130000114440918,10.210000038146973,5.130000114440918,13.260000228881836,1905428.1,1869130.48,1306722.3174603174,17330520.249795914,0.0762647369784583,0.4477428368159702,0.0635998351196181,2.5186319011107843,0.0893369107532322,-12.559744142626874,-11.65276730982662,7.28000020980835,6.920000076293945,2259100.0,False,True,True,0.0608522786923553,0.1917613511289323,0.2826704912980605,0.6783918273475901,1.1505309142462865,0.1601845736376561,0.5309200482907294,False,False,0.2593917298184436,1.2013737753900224,0.0897832693933582,1.0065709980558697,-0.1794871766371576,0.7204227268827028,-0.4517134051253012,0.4230659675777951,1.4581736873548607,84.0,91.0,91.0,72.0,72.0,23.0,23.0,83.0,77.0,72.0,68.0,80.76923076923077,58.0,False,tight; volDry=1.15; 50SMA=+16.0%; 252H=0.53x; prior=2.6x; blind=VARS,GDYN
2026-05-27,22.65999984741211,23.020000457763672,22.36000061035156,22.790000915527344,1240377.0,-0.0008818543868849,22.62056979582474,21.7262637666013,20.98680000305176,20.56166674296061,19.223800010681156,17.456100034713746,17.881700015068056,17.540000915527344,23.81999969482422,13.279999732971191,23.81999969482422,12.510000228881836,23.81999969482422,12.510000228881836,23.81999969482422,12.510000228881836,23.81999969482422,12.510000228881836,27.899999618530277,1751506.925,1961819.54,2403313.797619048,41843404.61148091,0.0430265175057087,0.875,0.0386142985830571,4.629040949700029,-0.022857666015625,0.1065332484483772,1.0673460247642588,23.489999771118164,22.290000915527344,2127700.0,True,True,True,0.0291262070545638,0.1107678837503827,0.2462488950256246,0.449820835699004,0.7972434100641081,0.1787471693849152,0.8121863855640369,False,False,0.2137118240392739,1.1577982622545715,0.539402135621426,1.421858444316506,0.5056478113111349,1.3219816571593908,-0.1554230372028245,0.6516879553499931,0.7287882783909493,22.0,89.0,89.0,93.0,93.0,87.0,87.0,83.0,90.0,89.0,87.0,61.53846153846154,93.0,True,inside; tight; volDry=0.80; 50SMA=+17.9%; 252H=0.81x; prior=2.2x; blind=RS/VARS,GEO
2026-05-27,81.11000061035156,83.30000305175781,78.88999938964844,82.9800033569336,20980513.0,-0.0983770405089813,78.04946291405489,72.96551843613095,70.61279998779297,67.89249992370605,58.74970008850098,51.44875007629395,43.094575061798096,47.369998931884766,92.5500030517578,40.540000915527344,92.5500030517578,39.18000030517578,92.5500030517578,34.880001068115234,92.5500030517578,32.02000045776367,92.5500030517578,31.51000022888184,92.5500030517578,5025277.825,4810198.26,3575484.972222222,497181297.5496292,0.0597716517245525,5.920428684779576,0.0729925858738557,5.2142666042065855,-1.494823930042929,11.259516816989052,10.213472157023403,92.5500030517578,82.8499984741211,11488300.0,False,False,False,0.0543706525573192,0.3333744385655496,0.4000740270429159,0.8332818829296024,1.5375169380232574,0.3806028028767272,0.8763911176209414,False,False,0.3439934160915123,1.282078011280861,0.6600491116892753,1.5332932135258357,1.38628998543816,2.0951988676988877,1.2191519098065693,1.7123301184100357,1.4054814560936917,83.0,94.0,94.0,95.0,95.0,96.0,96.0,95.0,94.0,93.0,93.0,88.46153846153845,32.0,False,volDry=1.54; 50SMA=+38.1%; 252H=0.88x; prior=2.9x,GFS
2026-05-27,127.51000213623048,127.72000122070312,118.80999755859376,123.93000030517578,3406884.0,0.0639132562339028,111.6804630757732,104.06414743413912,97.550400390625,96.0370002746582,92.65920013427734,98.0072999572754,88.40909990310669,79.01000213623047,127.72000122070312,74.55000305175781,127.72000122070312,74.55000305175781,127.72000122070312,74.55000305175781,127.72000122070312,66.58999633789062,127.72000122070312,37.72999954223633,127.72000122070312,2252612.1,2159071.68,2324644.380952381,237581335.1463867,0.0624573985698824,6.50785882132394,0.051038026133597,7.369369963035737,1.1770390035214449,-2.58969743101203,-3.774781281919735,120.3499984741211,115.3000030517578,1982300.0,False,False,False,0.0698768999516603,0.2762136352493697,0.3820092405961326,0.7230548528573109,1.1614243395568968,0.3761180967615627,0.9983557854489074,False,False,0.4407909845901747,1.374416286626354,0.3384067033606894,1.2362103631452996,0.2095428225286428,1.061996977592815,2.355526372006065,2.589173298373236,0.9690136342820443,49.0,96.0,96.0,89.0,89.0,71.0,71.0,94.0,90.0,87.0,84.0,100.0,41.0,False,volDry=1.16; 50SMA=+37.6%; 252H=1.00x; prior=3.4x; blind=VARS,GH
2026-05-27,190.88999938964844,196.6040954589844,185.3000030517578,196.0,10121659.0,-0.0269154245225085,189.58604232561072,184.28664044454425,180.1152001953125,177.7480005900065,164.90560119628907,141.2048779296875,110.95127054214475,148.1699981689453,211.7899932861328,120.01000213623048,211.7899932861328,90.84045541803384,211.7899932861328,81.51785319669835,211.7899932861328,77.24582263520622,211.7899932861328,47.89801604480382,211.7899932861328,12847701.475,13001297.18,8611447.05952381,2806620806.465037,0.0657000690397697,13.353148324148997,0.0699520580797545,2.2525620298621845,-0.3954122766499992,6.918430339367722,8.676241973134568,199.92999267578125,191.1999969482422,9069800.0,False,False,True,0.0592178345820643,0.2199695655541608,0.3332809226287707,0.660012471818487,0.9931798128469516,0.1575713499411692,0.9013173683411564,False,False,0.1361824036121943,1.083840485403275,0.192085591174606,1.101061850531615,1.4068247095062918,2.1132286674627907,3.006768818690767,3.0916815092430623,1.491932933709569,85.0,85.0,85.0,81.0,81.0,96.0,96.0,82.0,87.0,93.0,94.0,69.23076923076923,57.0,False,volDry=0.99; 50SMA=+15.8%; 252H=0.90x; prior=4.4x; blind=RS,GLW
2026-05-27,280.5299987792969,280.8500061035156,268.04998779296875,272.8900146484375,597052.0,0.0207772043624967,264.2321204969471,256.6711114729421,254.0056005859375,246.8386672973633,228.28620056152343,209.3275001525879,189.54625,201.0,280.8500061035156,183.8300018310547,280.8500061035156,155.44000244140625,280.8500061035156,134.8000030517578,280.8500061035156,134.8000030517578,280.8500061035156,118.08999633789062,280.8500061035156,793186.3,892519.04,1059385.126984127,234962533.65831605,0.0415282117945534,12.36857169015067,0.0440900144154688,5.190567492620399,0.4616532610329695,9.76040294666884,8.497904220773929,279.1700134277344,269.5799865722656,678800.0,False,False,False,0.0456279840524902,0.1521049927402039,0.1527466092395604,0.9957994714085588,0.8867208031774874,0.2288521955740976,0.9988605756907094,False,False,0.2733998860335398,1.2147366005697695,0.1857722402911616,1.0952305663870503,0.9209121588335112,1.6865900643663814,1.2705786471067646,1.7520117421788024,0.748723273336916,24.0,92.0,92.0,81.0,81.0,94.0,94.0,89.0,85.0,89.0,91.0,100.0,48.0,False,volDry=0.89; 50SMA=+22.9%; 252H=1.00x; prior=2.4x,GNRC
2026-05-27,2.6700000762939453,2.990000009536743,2.5899999141693115,2.8499999046325684,2682121.0,-0.234957000287127,2.489014995489471,2.070437405974607,1.6930000019073486,1.612833333015442,1.5172999954223634,2.058849993944168,7.71054998934269,0.9629999995231628,4.389999866485596,0.9629999995231628,4.389999866485596,0.9629999995231628,4.389999866485596,0.9629999995231628,10.75,0.9629999995231628,15.175000190734863,0.9629999995231628,34.75,7425760.525,5956132.42,1249892.1785714286,36136850.17066815,0.2726732044192375,0.6852857044764927,0.2566613052040409,2.959950638715352,-1.196581116293994,-14.424147330033676,-15.717252634368071,3.640000104904175,3.0999999046325684,5622500.0,False,False,True,0.1498127655197096,1.1947564523030698,1.2835205127481606,0.930843286442663,4.803958354572647,0.7597047942722168,0.0768345345696099,True,False,1.405405443139049,2.2945926594136576,0.6084338132416964,1.4856190897505164,-0.7275510179256708,0.2392143462157784,-0.8942574227210318,0.081592521482164,5.9411208841128325,99.0,99.0,99.0,94.0,94.0,3.0,3.0,99.0,97.0,97.0,96.0,88.46153846153845,44.0,False,NR7; volDry=4.80; 50SMA=+76.0%; 252H=0.08x; prior=36.1x; blind=VARS,GOVX
2026-05-27,21.459999084472656,22.38999938964844,20.399999618530277,20.690000534057617,2756651.0,0.0372159753764893,18.70932861136249,17.435049893199775,16.629599990844728,16.333333333333332,14.36920000076294,14.107599992752077,17.599200010299683,12.670000076293944,22.38999938964844,9.170000076293944,22.38999938964844,9.170000076293944,22.38999938964844,9.170000076293944,22.38999938964844,9.170000076293944,22.38999938964844,9.170000076293944,43.08000183105469,2202138.775,2107375.02,1456930.361111111,39278152.09947777,0.0961075177836288,1.812857014792306,0.084476099353797,5.84155860348194,0.4247431232204795,-8.405426244429899,-8.150148256655159,21.170000076293945,17.5,4104300.0,False,False,False,0.0927306549867481,0.2726001269195696,0.416589001015001,0.6543622761412117,1.0075212431814815,0.4934720849687684,0.4981429473617845,False,False,0.434491913753418,1.3684074028664976,0.7376516940575821,1.6049703175702588,0.3149509488825881,1.1545469142437437,-0.1977570435711156,0.6190224159531406,1.5114921301527169,86.0,95.0,95.0,95.0,95.0,79.0,79.0,95.0,96.0,95.0,94.0,100.0,31.0,False,volDry=1.01; 50SMA=+49.3%; 252H=0.50x; prior=4.7x; blind=VARS,GRPN
2026-05-27,10.329999923706056,11.625,10.0,11.039999961853027,2832425.0,-0.0208531055025018,9.775899504053395,9.25317959210545,8.914800052642823,8.503333377838135,7.424800004959106,7.480899996757508,6.615400010347367,6.159999847412109,13.0,4.639999866485596,13.0,4.639999866485596,13.0,4.639999866485596,13.0,4.639999866485596,17.139999389648438,2.819999933242798,18.149999618530277,1798443.125,1731974.5,2049635.0198412696,29395778.683156967,0.133785807450437,1.5482141971588137,0.1498755284214336,2.6107214420241376,-0.142099373221444,0.9204713808163802,2.127293512938345,11.3100004196167,9.979999542236328,3475200.0,False,False,True,0.157308810455151,0.4540173877078488,0.5953533534161943,0.7626015459603172,1.6364285386418795,0.3912832556845347,0.5691460132682109,False,False,0.4387186867240231,1.3724394558657216,0.3294723229168246,1.2279581826494494,0.6906709816656507,1.484434812220367,2.1784615149864783,2.452547461157328,0.8774455488857119,37.0,96.0,96.0,88.0,88.0,91.0,91.0,95.0,95.0,94.0,93.0,80.76923076923077,39.0,False,volDry=1.64; 50SMA=+39.1%; 252H=0.57x; prior=6.4x; blind=VARS,GSIT
2026-05-27,33.65999984741211,34.02000045776367,33.35499954223633,33.959999084472656,3024545.0,-0.0070796952113285,31.736829592130213,29.33262098081284,27.483200302124025,26.170666948954263,23.010400161743163,20.90265769958496,17.860984802246094,18.770000457763672,34.34000015258789,16.850000381469727,34.34000015258789,16.850000381469727,34.34000015258789,16.30069676719004,34.34000015258789,12.331150297679262,34.34000015258789,9.442445740054126,34.34000015258789,2666826.125,2630396.9,2806065.257936508,101860321.81284235,0.048795682202495,1.3138573510306222,0.03903319539473,11.85700508690452,-0.1826695099574802,11.209217357423205,10.565384217089344,34.290000915527344,33.369998931884766,2479900.0,False,True,False,0.0197564146922737,0.1541889648718059,0.4248365805670072,0.3629371196473192,1.197969211414445,0.4628167963534528,0.98019801100308,True,True,0.611297311195306,1.53706768767297,0.664669004823687,1.5375603467933563,1.1117612880887378,1.8541584998695992,2.130373809105481,2.4154422829397397,0.9503792249511333,47.0,97.0,97.0,95.0,95.0,95.0,95.0,96.0,94.0,92.0,91.0,96.15384615384616,67.0,False,tight; NR20; volDry=1.20; 50SMA=+46.3%; 252H=0.98x; prior=3.6x,GTX
2026-05-27,8.550000190734863,10.074999809265137,8.489800453186035,9.609999656677246,37952.0,-0.1167355453322372,9.68726327750187,9.718595008672304,10.2828000831604,9.460333395004271,7.946000051498413,7.909900050163269,12.04325003862381,4.230000019073486,25.989999771118164,3.9600000381469727,25.989999771118164,3.9600000381469727,25.989999771118164,3.9600000381469727,25.989999771118164,3.9600000381469727,25.989999771118164,3.9600000381469727,300.0,2251831.625,1804571.44,374164.2976190476,36752833.59324217,0.3655927860033041,2.694585766111101,0.3151562229239558,0.2411918275682271,-0.4193594906692335,-11.16134949384154,-8.286820306675626,11.0,9.399999618530272,50000.0,False,False,True,0.1854034293235326,1.3684208882555846,2.4315788886627088,0.5627705087570376,0.8054739024352507,0.0760131053765285,0.0285000006357828,False,False,0.2915408366374594,1.2320418295943694,0.2610619360108466,1.1647713882112578,-0.2673521735357095,0.6432759244674006,-0.9710953328479546,0.0223032645527086,6.018296345560699,99.0,93.0,93.0,85.0,85.0,18.0,18.0,97.0,95.0,94.0,92.0,26.923076923076923,73.0,False,volDry=0.81; 50SMA=+7.6%; 252H=0.03x; prior=75.8x; blind=RS/VARS,HCAI
2026-05-27,1.940000057220459,2.6698999404907227,1.8600000143051147,2.640000104904175,3264534.0,-0.2595419305499389,1.8186023104559208,1.3305053456431604,0.9034800016880036,0.821400002638499,0.6723200035095215,0.8006200027465821,2.093269999921322,0.3000000119209289,3.990000009536743,0.25,3.990000009536743,0.25,3.990000009536743,0.25,3.990000009536743,0.25,4.239999771118164,0.25,8.746000289916992,19197740.85,16132952.68,5571007.277777778,57920089.13530157,0.3820122524145943,0.6267071494034359,0.3230449128446689,5.83674496870935,-1.085036015603008,-3.9213266874605663,-9.105552744271336,2.970000028610229,2.4800000190734863,3026000.0,False,False,True,0.4174741764420329,1.884020563601841,1.9020617983396728,0.990514906112104,4.463658006588786,1.8855307697132715,0.2218156863608875,False,False,3.4191344210977084,4.215552697170336,2.6882128760531665,3.40659305382613,-0.1059907884732861,0.7849536724930816,-0.7682198227305144,0.1788449797578532,3.446008933892077,96.0,99.0,99.0,99.0,99.0,28.0,28.0,99.0,99.0,99.0,99.0,84.61538461538461,39.0,False,volDry=4.46; 50SMA=+188.6%; 252H=0.22x; prior=35.0x; blind=VARS,HCWB
2026-05-27,25.200000762939453,25.780000686645508,24.239999771118164,24.46999931335449,22480617.0,0.0566037886740919,24.360101931740846,24.82805127343213,26.100400009155276,26.44600003560384,24.24,24.14239997863769,34.66619993209839,21.280000686645508,31.854999542236328,15.210000038146973,31.854999542236328,13.739999771118164,31.854999542236328,13.739999771118164,40.9900016784668,13.739999771118164,51.36000061035156,13.739999771118164,70.43000030517578,29169927.925,28735032.34,30902359.194444444,596806296.052693,0.0657403963610063,2.004500116620745,0.0795436530132441,0.4978900310731953,0.6734848106397737,-9.234496751073312,-8.954842603614926,24.700000762939453,23.36000061035156,16605500.0,False,False,True,0.0611111455913984,0.1686507885448277,0.3513888600852342,0.4799548525924219,0.7314601720751013,0.0396039918704396,0.3578020822624865,False,False,-0.1425654547030974,0.8179340489886083,0.592920432936801,1.4712902602159876,-0.2739844013936449,0.6374527276291857,-0.5403975939926625,0.3546359484550468,0.9439385433796946,46.0,12.0,12.0,94.0,94.0,17.0,17.0,70.0,89.0,90.0,88.0,30.76923076923077,79.0,False,volDry=0.73; 50SMA=+4.0%; 252H=0.36x; prior=5.1x; blind=1m/RS/VARS,HIMS
2026-05-27,20.649999618530277,21.100000381469727,20.040700912475582,21.02199935913086,2807955.0,-0.0363976050180979,19.59418598754246,17.671653226782407,16.064800148010253,15.226666831970215,12.622800102233889,10.375600061416629,9.365500032901764,9.770000457763672,22.440000534057617,7.019999980926514,22.440000534057617,7.019999980926514,22.440000534057617,7.019999980926514,22.440000534057617,6.849999904632568,22.440000534057617,6.849999904632568,22.440000534057617,4584296.375,4279765.1,1980066.884920635,115261367.20543242,0.0940776868099657,2.357092993600028,0.1141449412659984,5.571237643525319,-0.3309163824946082,6.23585016576731,6.309342877193462,22.440000534057617,20.959999084472656,5049800.0,False,True,True,0.0512977960563049,0.2484262064349787,0.5617433702546158,0.4422414568459919,1.2025836417984717,0.635928593599117,0.920231690154792,False,False,0.7956521407417629,1.71292961557013,1.6783397556886794,2.473830528263658,1.8760445838768869,2.5252108471150136,1.6178310844360202,2.019956809167032,2.3152229906535444,93.0,98.0,98.0,99.0,99.0,98.0,98.0,97.0,97.0,97.0,96.0,80.76923076923077,64.0,False,tight; volDry=1.20; 50SMA=+63.6%; 252H=0.92x; prior=3.3x,HIMX
2026-05-27,4.460000038146973,4.480000019073486,3.859999895095825,4.019999980926514,40077571.0,0.0878049126556421,3.707099878939807,3.3024775421579355,2.9979999828338624,2.9046666542689006,2.555999987125397,2.5616999924182893,3.1848500019311903,2.059999942779541,4.480000019073486,1.7300000190734863,4.480000019073486,1.7300000190734863,4.480000019073486,1.7300000190734863,4.480000019073486,1.7300000190734863,6.300000190734863,1.600000023841858,7.840000152587891,23470386.775,20763269.42,21348609.40873016,100104685.8557858,0.1027356004730837,0.4321428707667759,0.0968930195225561,7.688004310287194,0.8330581339352778,-1.1724340507851094,-3.3874987176108,4.360000133514404,4.070000171661377,34652900.0,False,False,False,0.1390134795234793,0.4035874298028353,0.5134529018534425,0.7860261931444558,2.0775132387604494,0.7449139517261532,0.5688775448141771,False,False,0.8204081434053665,1.7365451528802145,0.947598302376398,1.7988860923935892,0.5432525523367948,1.3549991911966908,1.2755101792567085,1.7558169846198175,1.0993871462842058,64.0,98.0,98.0,97.0,97.0,87.0,87.0,98.0,97.0,96.0,95.0,100.0,36.0,False,volDry=2.08; 50SMA=+74.5%; 252H=0.57x; prior=4.9x; blind=VARS,HIVE
2026-05-27,17.110000610351562,17.200000762939453,15.449999809265137,16.600000381469727,8060778.0,0.0124260944710927,14.317446148374824,13.202543875306985,12.432400093078613,12.102000077565512,11.012600021362305,10.545600023269651,10.234700016975404,9.630000114440918,17.59000015258789,8.470000267028809,17.59000015258789,8.470000267028809,17.59000015258789,8.470000267028809,17.59000015258789,8.470000267028809,17.59000015258789,7.800000190734863,17.59000015258789,2446079.45,2203203.56,1268025.7063492064,57635155.06389656,0.0681242426263644,1.132857322692871,0.066210244434912,8.362375620782625,0.1853728511213608,5.011953588193444,2.432680456439163,17.59000015258789,15.81999969482422,18705300.0,False,False,False,0.1022794208794805,0.3278784576405864,0.4330800457674475,0.7570851182015632,2.489605545118128,0.5536749339085669,0.9727117943108312,False,False,0.6310773101692595,1.555936457001775,0.6547389127522671,1.5283884839396722,0.9289741635969716,1.6936686270535912,0.913870404188316,1.4767704370949954,1.9290456319237783,91.0,97.0,97.0,95.0,95.0,94.0,94.0,96.0,94.0,92.0,90.0,100.0,32.0,False,volDry=2.49; 50SMA=+55.4%; 252H=0.97x; prior=2.3x,HLIT
2026-05-27,25.489999771118164,25.600000381469727,23.959999084472656,24.38999938964844,29076068.0,0.0433892530782249,22.942739942284312,21.97494956114071,21.373199920654297,21.12799987792969,20.22439987182617,19.753049335479737,22.64671039581299,18.850000381469727,25.600000381469727,18.010000228881836,25.600000381469727,17.27963823665528,25.600000381469727,17.27963823665528,25.600000381469727,17.27963823665528,27.71490187246638,17.27963823665528,28.449999905841445,17849451.7,18567813.36,14026329.634920634,422846603.9712017,0.0487845023859008,1.16642883845738,0.0457602529984727,5.689627005094549,0.9087562232636912,-5.686171398908934,-8.731178142773542,25.290000915527344,24.170000076293945,33901100.0,False,False,False,0.0643390079138132,0.2024323222340208,0.2342095439117079,0.8643214057507986,1.1157806467740152,0.2603587712200694,0.8959578156583571,False,False,0.2899797305599816,1.2305526409188536,0.4224917622447099,1.3138749630887268,0.0939930542935383,0.9605425252645468,-0.0429476502623137,0.7384756113851525,1.2725675329603785,77.0,93.0,93.0,91.0,91.0,58.0,58.0,87.0,80.0,79.0,75.0,100.0,14.0,False,volDry=1.12; 50SMA=+26.0%; 252H=0.90x; prior=1.6x; blind=VARS,HPQ
2026-05-27,38.68000030517578,39.27000045776367,38.15999984741211,38.88999938964844,1790323.0,-0.003863031645776,37.85951193403661,36.285210810219965,34.65279998779297,34.17799994150798,33.0433999633789,34.14427347183228,40.62354901313782,29.1200008392334,39.84000015258789,29.030000686645508,39.84000015258789,27.784533106970574,42.13066896889927,27.784533106970574,44.63680175817355,27.784533106970574,51.59371079531572,27.784533106970574,56.98236204488749,2533253.075,2479522.46,1874475.488095238,106031003.94595908,0.0499295679807443,2.151428767613002,0.0556212189927288,3.066846311909092,-0.0697218184199201,-13.383843297947225,-11.865401628028636,39.13999938964844,37.86000061035156,1618600.0,False,True,True,0.0286970165872266,0.1202172049946103,0.2771457918504733,0.4337688268399554,1.0338088649537782,0.1705817303317385,0.6788065449920426,True,False,0.2624021238800551,1.2042454859099343,0.2844921940318927,1.1864125886804846,-0.097724309351411,0.7922117667740366,-0.304425808108608,0.536715234816065,1.3514463598423383,81.0,91.0,91.0,86.0,86.0,29.0,29.0,85.0,74.0,74.0,69.0,80.76923076923077,63.0,False,tight; NR7; volDry=1.03; 50SMA=+17.1%; 252H=0.68x; prior=2.1x; blind=VARS,HRB
2026-05-27,306.2699890136719,307.69500732421875,302.0400085449219,304.6400146484375,579891.0,0.0151811015784493,298.69393456585726,280.6069890410999,267.24719970703126,257.1049992879232,226.01761596679688,218.72241394042967,242.65883010864255,193.0,315.6600036621094,162.2857905716001,315.6600036621094,162.2857905716001,315.6600036621094,162.2857905716001,315.6600036621094,162.2857905716001,315.6600036621094,162.2857905716001,315.6600036621094,1816532.275,1805685.82,1812459.0912698407,502152953.9152603,0.0470033628883725,12.859645298549108,0.0419879379627203,8.456507662760353,0.3561518584639627,-0.7152870109301919,-0.6414527857070628,306.4599914550781,300.3099975585937,698100.0,False,True,False,0.0184640969802772,0.0770235321255637,0.3322558964831596,0.2318199103186351,0.8331676991294089,0.3550713191252512,0.970252757588862,True,True,0.3696001954260479,1.306505131482091,0.7484122772510435,1.6149092579714406,0.3601050857633456,1.1941929325574452,0.3831223694402719,1.067237479405214,1.002247324505021,53.0,94.0,94.0,96.0,96.0,81.0,81.0,94.0,93.0,91.0,89.0,73.07692307692307,65.0,False,tight; NR20; volDry=0.83; 50SMA=+35.5%; 252H=0.97x; prior=1.9x; blind=VARS,HUM
2026-05-27,117.63999938964844,119.5749969482422,109.63999938964844,113.48999786376952,4044862.0,0.0453172066165981,105.20679101185024,97.9000001003646,93.28600036621094,90.15433349609376,75.65900009155274,65.33935001373291,51.97374988555908,68.05000305175781,119.5749969482422,42.060001373291016,119.5749969482422,42.060001373291016,119.5749969482422,34.18000030517578,119.5749969482422,31.670000076293945,119.5749969482422,14.744000434875488,119.5749969482422,5115541.55,4987771.24,6027499.849206349,536174637.6366501,0.0808291377279115,9.708072117396764,0.0825235648398941,6.723790829095167,0.5253358661172232,3.128518585086724,3.423880331069004,116.4499969482422,110.36000061035156,5045300.0,False,False,False,0.084452546838996,0.278434184149615,0.4273630921227992,0.6515166828435649,0.9180385345820312,0.5548711884547208,0.9838177076481022,False,False,0.5538238120752428,1.4822418912286026,1.1273056240986223,1.9648715532316696,2.425742541261549,3.0078540065453048,6.065465590685265,5.451816740465811,0.8487004028168614,34.0,97.0,97.0,97.0,97.0,98.0,98.0,95.0,97.0,97.0,97.0,100.0,49.0,False,volDry=0.92; 50SMA=+55.5%; 252H=0.98x; prior=8.1x,HUT
2026-05-27,6.940000057220459,7.320000171661377,6.270100116729736,6.630000114440918,8754873.0,0.0515151753789031,4.995353220613144,4.032357338595913,3.214399981498718,3.0023333191871644,2.524799988269806,2.28829999089241,2.107699995040893,1.7599999904632568,7.320000171661377,1.6399999856948853,7.320000171661377,1.6399999856948853,7.320000171661377,1.6399999856948853,7.320000171661377,1.559999942779541,7.320000171661377,1.1399999856948853,7.320000171661377,2841484.325,2492407.46,1542452.2738095238,24047096.4228524,0.1463864730102668,0.7046357222965786,0.1015325239894583,17.223373748618407,0.4825190404479462,10.914233183861183,5.121750925518871,7.230000019073486,5.940000057220459,14671300.0,False,False,False,0.1512824274171744,0.6484150145988435,0.7997118364517269,0.8108108259042679,3.38924009640061,1.7487326083110055,0.9480874172773862,False,False,2.7717390931114587,3.5979817294263867,2.6145834439278914,3.338585723320973,3.0823528603286503,3.584367844102306,4.783333151208037,4.462504570259873,1.8421862207652933,90.0,99.0,99.0,99.0,99.0,99.0,99.0,99.0,99.0,99.0,98.0,100.0,32.0,False,volDry=3.39; 50SMA=+174.9%; 252H=0.95x; prior=6.4x,HYLN
2026-05-27,31.979999542236328,33.04999923706055,31.75,32.0099983215332,1469299.0,-0.0373269606532709,34.638064800131126,36.16185073459545,37.162999877929686,37.92249997456869,36.88130004882812,38.348199920654295,23.639999947547917,31.34000015258789,46.29999923706055,29.209999084472656,50.47999954223633,29.209999084472656,58.72999954223633,11.029999732971191,58.72999954223633,6.480000019073486,58.72999954223633,2.930000066757202,58.72999954223633,2218364.975,2639503.98,2432129.361111111,83395807.06005764,0.0744460894818681,3.2859289986746654,0.1027495011166245,-1.2933777556013912,-0.3773671552145328,-3.918067029545655,3.3945421769083435,34.2599983215332,32.78799819946289,1632200.0,False,True,False,0.0406503832291687,0.4677923482992808,0.4677923482992808,1.0,0.8560888398433102,-0.1328939191433825,0.5445257924655279,False,False,-0.1610702928040417,0.8002816961217863,-0.3422459842699833,0.6075300793130841,2.331249819944309,2.924887961379878,9.31612920195454,7.960076396687852,0.9121081347361172,42.0,10.0,10.0,7.0,7.0,98.0,98.0,13.0,31.0,26.0,96.0,0.0,80.0,False,tight; volDry=0.86; 50SMA=-13.3%; 252H=0.54x; prior=20.0x; blind=1m/RS/VARS,HYMC
2026-05-27,15.1899995803833,15.579899787902832,14.770000457763672,15.369999885559082,678491.0,0.0,14.675585741147373,13.803452645796767,13.028399963378906,12.679999987284342,11.4053999710083,11.385199975967408,12.565199999809264,10.010000228881836,15.579899787902832,8.699999809265137,15.579899787902832,8.699999809265137,15.579899787902832,8.699999809265137,15.579899787902832,8.699999809265137,16.489999771118164,8.699999809265137,16.489999771118164,996422.275,970333.82,1038629.7261904762,16824609.48000331,0.0650966406342825,0.8435643741062709,0.0555341933778371,5.975151922767475,0.0,-4.3941742881172505,-4.287066181780156,15.449999809265137,14.739999771118164,842200.0,False,True,False,0.053317929724309,0.1244173969537293,0.366682008748314,0.3393059762556496,0.9731899275653404,0.3318252423409242,0.9211643293645292,False,False,0.4209541792927411,1.35549332794114,0.3106125436065312,1.2105384741471863,0.2616278761221415,1.107728446097929,0.2349592963279274,0.952912681988092,0.9593623693543932,48.0,95.0,95.0,87.0,87.0,75.0,75.0,92.0,90.0,88.0,85.0,88.46153846153845,53.0,False,tight; volDry=0.97; 50SMA=+33.2%; 252H=0.92x; prior=1.9x; blind=VARS,IART
2026-05-27,7.889999866485596,8.295000076293945,7.784999847412109,7.889999866485596,14471663.0,-0.0037879052423428,7.828344533457374,7.812223160546619,7.754399929046631,7.762999947865804,7.718899974822998,7.15479998588562,4.753099989891052,6.730000019073486,8.6899995803833,6.539999961853027,10.579999923706056,4.380000114440918,12.43000030517578,1.950000047683716,12.43000030517578,1.950000047683716,12.43000030517578,1.950000047683716,12.43000030517578,14626446.575,17900707.26,17705614.932539683,111533548.89539306,0.0744018576630467,0.6834285940442767,0.0866195951342509,0.2559046467321179,-0.0438966266114496,14.682433008566669,16.056701643540947,8.029999732971191,7.269999980926514,19077200.0,False,True,True,0.0646388133728832,0.1888466759403135,0.2484156646992248,0.7602043782905724,0.8947560600463113,0.0221663568929095,0.6347545995795547,True,False,0.0823045140977005,1.0324446551754514,-0.1729559855309411,0.7638936497379551,2.7932693057159024,3.330548090429835,2.1185770575924114,2.406339736680529,0.8260908548349408,31.0,78.0,78.0,18.0,18.0,99.0,99.0,68.0,58.0,89.0,98.0,38.46153846153847,99.0,False,tight; NR7; volDry=0.89; 50SMA=+2.2%; 252H=0.63x; prior=6.4x; blind=1m/RS,IBRX
2026-05-27,73.73999786376953,76.65579986572266,71.18190002441406,75.37999725341797,928710.0,0.0138869030691395,70.1990820459063,68.9996927466887,69.67460006713867,68.82016665140787,61.3975,49.19075012207031,33.66212507247925,56.60100173950195,78.0,38.41999816894531,78.0,27.030000686645508,78.0,16.441999435424805,78.0,14.0600004196167,78.0,13.119999885559082,78.0,938417.75,896466.2,872626.2301587302,80931893.44960785,0.0727365915641828,4.7457782200404575,0.0643582635953965,3.1235470689763885,0.2128195756327035,13.494858254000995,15.279870000931762,73.19999694824219,68.0,1723400.0,False,False,False,0.0742324382951748,0.196444292330182,0.2901952655332521,0.6769383090010213,1.1414273064617495,0.2010260656178106,0.9453845879970452,False,False,0.0432936834377697,0.995230984638026,0.4069833634508328,1.2995507346933954,3.969002500374658,4.362859701004147,3.4936013741278904,3.467328639848993,1.0753948455449276,62.0,69.0,69.0,91.0,91.0,99.0,99.0,83.0,93.0,96.0,98.0,65.38461538461539,43.0,False,volDry=1.14; 50SMA=+20.1%; 252H=0.95x; prior=5.9x; blind=1m/RS,ICHR
2026-05-27,5.159999847412109,5.176199913024902,4.829999923706055,5.059999942779541,6269214.0,0.0177514147344182,4.548107910916052,4.322892435476891,4.273200044631958,4.108000048001608,3.6300000286102296,3.651700019836426,3.985400023460388,2.900000095367432,5.269999980926514,2.319999933242798,5.269999980926514,2.319999933242798,5.269999980926514,2.319999933242798,5.269999980926514,2.319999933242798,5.96999979019165,2.319999933242798,6.050000190734863,5193157.85,5008346.28,4425624.261904762,27672135.371382374,0.0866683598644511,0.4015143428530012,0.0778128594430816,5.416682449194115,0.2241505872772328,-0.251635435569618,-1.434865015353698,5.269999980926514,4.699999809265137,10462500.0,True,False,False,0.0670930231698508,0.3003875965410453,0.3003875965410453,1.0,1.2466433131696315,0.4214875500669488,0.8528925098736815,False,False,0.3030302519458208,1.2430019478159016,0.4333333289181744,1.323888703337348,0.5683890295566574,1.3770694001530113,1.1322312746842038,1.6452608831884012,1.1734294514566168,71.0,93.0,93.0,91.0,91.0,88.0,88.0,96.0,95.0,94.0,93.0,100.0,58.0,False,inside; volDry=1.25; 50SMA=+42.1%; 252H=0.85x; prior=2.6x; blind=VARS,INDI
2026-05-27,89.0,95.93070220947266,87.61199951171875,95.47000122070312,1652364.0,-0.0720467458895455,89.90244441311617,79.92160808561255,69.60480026245118,65.5810001373291,55.54419998168945,53.5798999786377,57.06250005722046,39.63999938964844,114.7699966430664,34.22999954223633,114.7699966430664,34.22999954223633,114.7699966430664,34.22999954223633,114.7699966430664,34.22999954223633,114.7699966430664,34.22999954223633,114.7699966430664,2089739.1,1843099.28,1878620.492063492,274867452.5088547,0.1167576662636808,13.531336375645228,0.1520374873668003,3.9617039633079623,-0.5106667567991693,-0.7658941519343436,-1.1657939732713771,100.9000015258789,94.4000015258789,1474100.0,False,False,True,0.0934685696376843,0.1852808748738149,0.8441572725103142,0.2194862034687394,1.074541356231228,0.6023275162724371,0.7754639941028242,False,False,1.1276594813325156,2.02964196390373,0.926824045163242,1.779698089233515,0.7294986704897652,1.518526113007816,1.439693013070253,1.882502864041812,1.112379593871359,66.0,99.0,99.0,97.0,97.0,91.0,91.0,98.0,97.0,96.0,95.0,57.692307692307686,49.0,False,volDry=1.07; 50SMA=+60.2%; 252H=0.78x; prior=3.4x; blind=RS/VARS,INOD
2026-05-27,121.7699966430664,125.25,117.06400299072266,124.6050033569336,91726271.0,-0.0141677464990299,117.2831227256248,109.35752093741048,105.6411996459961,99.16433308919272,79.52019989013672,62.85130004882812,48.20140000343323,62.880001068115234,132.75,40.630001068115234,132.75,40.630001068115234,132.75,34.95000076293945,132.75,32.88999938964844,132.75,18.96999931335449,132.75,138069014.275,128154945.42,108753544.32936507,16538206155.028126,0.0768607055075976,9.791858673095703,0.0804127366595706,6.607274019696771,-0.1787198997069201,14.028903498233898,14.444084529993107,125.62000274658205,117.3499984741211,108167300.0,False,False,True,0.0672250737862154,0.1906873767005665,0.3849880803629579,0.4953072222931962,0.9480282380194393,0.5313089857834994,0.917288110305585,False,False,0.4327567914315227,1.366752214567842,1.5974828043655172,2.399147548189633,2.5295651200888813,3.0990118083749354,5.073316771902213,4.686260179493273,1.269558754396562,77.0,95.0,95.0,98.0,98.0,98.0,98.0,97.0,98.0,97.0,97.0,84.61538461538461,54.0,False,volDry=0.95; 50SMA=+53.1%; 252H=0.92x; prior=7.0x,INTC
2026-05-27,6.409999847412109,6.453000068664551,5.940000057220459,6.340000152587891,3656998.0,0.0047021524189769,6.501284078627739,6.3930019671792,6.562000007629394,6.3453333377838135,5.485000019073486,4.459800004959106,4.527324991226196,4.510000228881836,7.860000133514404,2.619999885559082,7.860000133514404,2.5199999809265137,7.860000133514404,2.5199999809265137,7.860000133514404,2.359999895095825,7.860000133514404,2.359999895095825,7.860000133514404,2220634.95,2122733.96,1199253.9603174604,16013808.30724268,0.1129735343342932,0.7484285831451416,0.1167595321312374,1.4443507546381276,0.0400836280799468,-3.446726185806748,-1.6902687840714017,6.789999961853027,6.235000133514404,2742800.0,False,True,True,0.0800312049385155,0.3213728536376204,0.3213728536376204,1.0,1.2827183487468208,0.1686417183449475,0.8155215952325992,True,False,-0.0997191080841178,0.8588065400337367,0.9602446130889322,1.8105667723536756,0.5153663873543237,1.3305147146023637,0.1305114217215048,0.8723191720520905,1.851680314161452,90.0,19.0,19.0,97.0,97.0,87.0,87.0,90.0,96.0,96.0,95.0,26.923076923076923,74.0,False,tight; NR7; volDry=1.28; 50SMA=+16.9%; 252H=0.82x; prior=3.3x; blind=1m/RS/VARS,INV
2026-05-27,65.4000015258789,66.80989837646484,59.71009826660156,62.66999816894531,29463692.0,0.0279786643174879,57.95164674030643,53.59260960798533,51.05920013427735,50.170000076293945,42.21260009765625,41.125300121307376,47.56925000190735,37.459999084472656,66.80989837646484,25.88999938964844,66.80989837646484,25.88999938964844,66.80989837646484,25.88999938964844,66.80989837646484,25.88999938964844,66.80989837646484,25.88999938964844,84.63999938964844,34190237.3,30833931.84,25166177.746031743,1881448567.6149664,0.1000838650011739,5.917486463274274,0.0904814422815068,6.0708634229405884,0.3008038303156888,-2.6783236939011905,-3.557766004379542,65.0,60.09000015258789,30128800.0,False,False,False,0.1085596321745325,0.3256865375836915,0.4135305558993709,0.7875755078735814,1.068873063967959,0.5493004784017101,0.7726843336187145,False,False,0.4917883507812515,1.4230642941567464,0.9470080746885696,1.798340932553552,0.5679693829153141,1.3767009440252391,0.4313854999253175,1.1044780178168003,1.3585788690295324,81.0,96.0,96.0,97.0,97.0,88.0,88.0,95.0,97.0,96.0,95.0,100.0,36.0,False,volDry=1.07; 50SMA=+54.9%; 252H=0.77x; prior=3.3x; blind=VARS,IONQ
2026-05-27,4.369999885559082,4.485000133514404,4.034999847412109,4.090000152587891,12731959.0,0.0658536554162945,3.859541064372032,3.745482098761455,3.639200010299682,3.6646666685740152,3.639400010108948,3.368200001716614,2.8402000039815904,3.2699999809265137,4.485000133514404,3.180000066757202,5.630000114440918,2.2300000190734863,5.630000114440918,2.0799999237060547,5.630000114440918,1.7599999904632568,5.630000114440918,1.659999966621399,5.630000114440918,15097981.475,14389147.18,14924744.67857143,57977738.26750245,0.0763485047980874,0.3014285905020578,0.0689767959715848,2.9103604818575,0.8957344772000666,0.5879199636574413,2.0302426900621446,4.25,3.950000047683716,14576900.0,False,False,False,0.1029748965416102,0.2757437514144168,0.2780320788114729,0.9917695562079089,0.814035450014766,0.200747341160848,0.7761988981758735,False,False,0.2740524199728591,1.2153590734220912,0.1409921599503591,1.0538697459123931,0.950892797747285,1.7129135208986326,1.455056154943147,1.8943572893410043,1.0116073541061843,55.0,92.0,92.0,77.0,77.0,94.0,94.0,86.0,77.0,92.0,91.0,100.0,50.0,False,volDry=0.81; 50SMA=+20.1%; 252H=0.78x; prior=3.4x; blind=VARS,IOVA
2026-05-27,51.38999938964844,52.2400016784668,49.47499847412109,50.900001525878906,2269444.0,0.0245215220490035,46.45139245943441,43.775187307208974,42.103599853515625,42.01733322143555,37.20119995117187,29.298476543426517,24.0455361032486,35.81999969482422,52.2400016784668,23.24886993716361,52.2400016784668,17.960969058477183,52.2400016784668,16.20164776221908,52.2400016784668,15.430993559331483,52.2400016784668,15.430993559331483,52.2400016784668,2482648.6,2448034.88,2325717.238095238,90083414.63453674,0.0568041311007998,2.7039285387311662,0.0526158507656223,7.24889992733944,0.4548935094318403,12.68338927785133,12.32898909045589,51.63999938964844,49.060001373291016,3208900.0,False,True,False,0.0538043050629547,0.2196925676127076,0.3171823943442417,0.6926379632984067,0.9105035300804212,0.3814070367918227,0.9837289000477056,False,False,0.3740640987431287,1.3107633906512144,1.1870541579027003,2.0200578852231894,2.247312151947707,2.8511894134175795,1.0941916625970485,1.615908961320579,1.0674765441534453,61.0,94.0,94.0,97.0,97.0,98.0,98.0,90.0,95.0,97.0,97.0,100.0,71.0,False,tight; volDry=0.91; 50SMA=+38.1%; 252H=0.98x; prior=3.4x,IRDM
2026-05-27,67.83999633789062,68.12580108642578,59.83000183105469,61.80099868774414,83983541.0,0.1348276634857528,57.58489052617823,54.71103740449963,53.31079986572266,52.37666651407878,46.91899997711182,46.68710008621216,45.22707507133484,42.209999084472656,68.12580108642578,30.76000022888184,68.12580108642578,30.76000022888184,68.12580108642578,30.76000022888184,68.12580108642578,30.76000022888184,76.87000274658203,8.279999732971191,76.87000274658203,45188771.025,42512960.82,36483724.36904762,3115434304.14306,0.0954804063171137,5.792414256504604,0.085383469475062,5.222275977283307,1.3914746428128406,0.3991688678237999,-0.4915952092210795,61.4900016784668,58.61000061035156,41949000.0,False,False,False,0.1222847833607214,0.3261468496581842,0.3820136114523695,0.8537571434122813,1.162547212584381,0.445896041496719,0.8825288657987863,False,False,0.4028121480910265,1.338187068099979,0.5407676179584482,1.4231196629068492,0.6053004976889307,1.4094782300554014,6.43859618302307,5.739729770906297,1.2386008228737098,75.0,95.0,95.0,93.0,93.0,89.0,89.0,94.0,95.0,94.0,92.0,100.0,34.0,False,volDry=1.16; 50SMA=+44.6%; 252H=0.88x; prior=9.3x; blind=VARS,IREN
2026-05-27,11.479999542236328,11.649999618530272,10.899999618530272,11.420000076293944,27823737.0,-0.003472301557105,10.73528042834635,10.312997098080054,9.92840000152588,9.796333376566569,9.374200048446657,10.574800028800963,12.904200022220612,8.1899995803833,11.789999961853027,7.75,11.789999961853027,7.75,16.010000228881836,7.75,16.584999084472656,7.75,17.5049991607666,6.71999979019165,20.950000762939453,28541473.425,27011236.74,31938831.496031743,334432835.9489929,0.0739022054810918,0.7602857862200055,0.0662269875031632,3.3919371704764947,-0.0526129992857299,-9.184488436914725,-9.36488610730144,11.789999961853027,11.079999923706056,48677500.0,False,True,False,0.0653310130580282,0.1759581519718297,0.3135888959076072,0.5611109139007024,1.0780533294455883,0.2246377806006618,0.5479713185760091,False,False,0.2699114591459741,1.2114088793525668,0.1690427595722876,1.0797784938721846,-0.1216526541479214,0.7712023164434006,0.7315232796499569,1.3360687248901226,0.8936292308798507,40.0,92.0,92.0,80.0,80.0,27.0,27.0,89.0,83.0,79.0,75.0,96.15384615384616,53.0,False,tight; volDry=1.08; 50SMA=+22.5%; 252H=0.55x; prior=3.1x; blind=VARS,JOBY
2026-05-27,5.505000114440918,5.599999904632568,5.0,5.170000076293945,50936815.0,0.0730994135739642,4.6550147100749655,4.201929207459273,3.902600021362305,3.7235000212987264,3.1035000109672546,2.747100002765656,2.805600000619888,2.700000047683716,5.599999904632568,1.7949999570846558,5.599999904632568,1.6799999475479126,5.599999904632568,1.6799999475479126,5.599999904632568,1.6799999475479126,5.599999904632568,0.699999988079071,6.599999904632568,34720525.375,34707186.3,48272087.75793651,158264283.53007865,0.1075900717128255,0.5035713740757534,0.0914752704100344,8.459158383190182,0.7446809316519805,1.9214092193759509,0.0896257701526708,5.329999923706055,5.0,46538100.0,False,False,False,0.1089918060235142,0.3197093467530292,0.5267937868595982,0.6068965783725893,1.1186035411922748,0.7738038005436314,0.8340909384827316,False,False,0.7531846912498485,1.6724185665300977,1.3831169916900286,2.2011500049405632,1.265432083624284,1.9890837934295704,4.242857489942709,4.0454656334649295,0.7192671166225151,22.0,98.0,98.0,98.0,98.0,96.0,96.0,97.0,98.0,98.0,97.0,100.0,39.0,False,volDry=1.12; 50SMA=+77.4%; 252H=0.83x; prior=9.4x; blind=VARS,KEEL
2026-05-27,5.510000228881836,5.775000095367432,5.329999923706055,5.514999866485596,6353006.0,-0.0178252945191862,5.103695523342664,4.768504714612196,4.6499999904632565,4.359666657447815,3.54339998960495,3.022100001573562,2.829449998140335,2.700000047683716,6.449999809265137,1.809999942779541,6.449999809265137,1.809999942779541,6.449999809265137,1.809999942779541,6.449999809265137,1.809999942779541,6.449999809265137,1.2300000190734863,6.449999809265137,9466337.65,8208754.12,4552111.134920635,61347639.73145004,0.1311864345651483,0.638214247567313,0.1158283522788216,4.791605224706514,-0.1566870451634993,2.653112629289444,2.8705198571151684,5.75,5.199999809265137,9029700.0,False,True,False,0.0807622782534225,0.2858439601956088,0.5045371356609447,0.5665469199232532,1.0881810405596604,0.5550037379483483,0.8542636266387119,False,False,0.4851752485786782,1.4167558459018963,1.3648070426190109,2.184238143446281,1.416666797378609,2.1218701701685423,3.081481578942024,3.149330969400536,2.079548888290717,92.0,96.0,96.0,98.0,98.0,96.0,96.0,97.0,98.0,97.0,96.0,92.3076923076923,59.0,False,tight; volDry=1.09; 50SMA=+55.5%; 252H=0.85x; prior=5.2x,KOPN
2026-05-27,2.6700000762939453,2.7699999809265137,2.640000104904175,2.7699999809265137,12621065.0,-0.0631578366181837,2.9593985817118686,2.960093859060138,2.9951999950408936,2.924666666984558,2.8592000007629395,2.271599996685982,1.870200001895428,2.3299999237060547,3.3399999141693115,1.8899999856948853,3.3399999141693115,1.190000057220459,3.3399999141693115,0.8399999737739563,3.3399999141693115,0.8399999737739563,3.3399999141693115,0.8399999737739563,3.3399999141693115,18173349.125,21221309.3,15841967.32142857,46537227.10140324,0.0613359811075278,0.1935713802065168,0.0724986422004904,-0.9127388798022564,-0.929888644419363,3.466565495329881,6.517757213668697,3.0,2.8299999237060547,10272900.0,False,False,False,0.0486890907519311,0.2621722057164737,0.2621722057164737,1.0,0.5788307557441802,-0.0661723294692602,0.799401240990151,False,False,-0.0887371960885358,0.8692825347244716,0.277512050690758,1.17996542616039,1.28205143096493,2.003675832931267,0.6380368614139349,1.2639332352463466,1.1471649168482942,69.0,20.0,20.0,86.0,86.0,96.0,96.0,62.0,79.0,94.0,97.0,3.8461538461538463,68.0,False,volDry=0.58; 50SMA=-6.6%; 252H=0.80x; prior=4.0x; blind=1m/RS,KOS
2026-05-27,10.210000038146973,10.345000267028809,9.5,9.5600004196167,2201517.0,0.0514933056679387,9.86194943674893,9.852267579116903,10.12640007019043,9.9110000928243,8.724800062179565,8.01050000667572,6.122649998664856,7.960000038146973,12.050000190734863,5.650000095367432,12.050000190734863,5.650000095367432,12.050000190734863,4.650000095367432,12.050000190734863,3.619999885559082,12.050000190734863,1.7100000381469729,12.050000190734863,3292432.925,3552818.34,2888911.5753968256,34021321.68447194,0.070359392430074,0.7639286858694894,0.074821614399145,2.275109875161415,0.6545113559008578,2.5520006366258574,5.1177005031243015,10.039999961853027,9.359999656677246,2752900.0,False,False,True,0.0827620238855717,0.3114593823011311,0.3310480021363799,0.9408284608007422,0.8088653640534855,0.1702273937950145,0.8473028943184042,False,False,0.0240721930481639,0.976894994388739,0.2212919207469232,1.128038080698482,1.087934625136262,1.833238327743116,4.518918868413889,4.258478636674428,1.139679370265165,68.0,64.0,64.0,83.0,83.0,95.0,95.0,82.0,91.0,89.0,92.0,53.84615384615385,59.0,False,volDry=0.81; 50SMA=+17.0%; 252H=0.85x; prior=7.0x; blind=1m/RS,LAR
2026-05-27,81.38999938964844,83.17500305175781,78.0199966430664,82.4800033569336,890685.0,-0.0022066973868972,77.17853414405515,75.05437767846134,73.88060028076171,73.23016688028972,69.70330017089844,60.618099975585935,46.15682495117188,63.43000030517578,86.94999694824219,53.25,86.94999694824219,41.5099983215332,86.94999694824219,32.630001068115234,86.94999694824219,28.049999237060547,86.94999694824219,14.449999809265137,86.94999694824219,1291947.125,1452251.7,1107594.7817460315,99531414.39634325,0.0849907218238408,7.61664308820452,0.0935820511773248,1.791620264582748,-0.0236324983449123,3.211112024261766,4.876722685717858,82.90499877929688,78.0,1180000.0,False,True,False,0.063337098505336,0.2560510688557783,0.2889789509699614,0.8860543925304584,0.7836234586607818,0.167663499290515,0.9360552299742644,False,False,0.1620502330919428,1.1085166296302271,0.343069330676726,1.2405169675526864,1.6834816879123586,2.356137698399764,4.616977272275536,4.334141937394634,1.1664438531963397,70.0,87.0,87.0,89.0,89.0,97.0,97.0,82.0,85.0,92.0,94.0,84.61538461538461,70.0,False,tight; volDry=0.78; 50SMA=+16.8%; 252H=0.94x; prior=6.0x,LASR
2026-05-27,88.0,90.3499984741211,85.01000213623047,88.87000274658203,1195265.0,0.0119595322731902,86.2868439291585,85.70903502156021,88.18940002441406,85.65049997965495,73.87189994812012,61.84144985198974,51.5427682844259,66.4800033569336,107.23799896240234,46.959999084472656,107.23799896240234,43.88999938964844,107.23799896240234,40.04999923706055,107.23799896240234,31.26000022888184,107.23799896240234,26.959999084472656,107.23799896240234,2054056.625,1872759.3,1364228.0508474575,147633530.02744293,0.0637411722006717,6.304713657924107,0.0716444733855012,2.6694500447705423,0.1649560903087508,5.906765682342316,7.162873674521599,87.3499984741211,83.04499816894531,1524200.0,False,True,True,0.0606817765669389,0.3373635898936878,0.3373635898936878,1.0,0.8666871925292268,0.1912513426864881,0.8206046443560814,False,False,0.0806827909886009,1.0308976419879845,0.5781923000169185,1.4576867191550955,1.158449816334071,1.8951517371169944,0.0,0.0,1.5056548820587738,85.0,77.0,77.0,94.0,94.0,95.0,95.0,85.0,92.0,92.0,92.0,57.692307692307686,81.0,False,tight; volDry=0.87; 50SMA=+19.1%; 252H=0.82x; prior=4.0x; blind=1m/RS,LGN
2026-05-27,14.0,14.734999656677246,13.760000228881836,14.6899995803833,3700496.0,-0.0495586941563135,13.429534519813435,12.86198289207939,12.586799964904785,12.427333291371664,11.398999977111815,10.285199971199036,8.611749970912934,10.619999885559082,15.005000114440918,8.989999771118164,15.005000114440918,7.889999866485596,15.005000114440918,7.03000020980835,15.005000114440918,5.949999809265137,15.005000114440918,5.545000076293945,15.005000114440918,3971184.9,3513121.92,2763880.53968254,54101515.18693181,0.0436542549453036,0.6592856815883091,0.0470918343991649,4.845381704075883,-1.1072582988267845,2.4621846347793515,4.487503247536355,15.005000114440918,14.30500030517578,4961000.0,False,False,False,0.0696428162711007,0.2182143075125558,0.2232142857142857,0.97760009765625,1.4624256478978104,0.228177912809085,0.933022318775346,False,False,0.1437908710615159,1.091098444184568,0.6990291734073928,1.5692968857511638,0.9662921664359944,1.72643440060594,1.1212121518628115,1.6367583666179273,1.4368149574424558,84.0,85.0,85.0,95.0,95.0,94.0,94.0,85.0,86.0,88.0,90.0,92.3076923076923,32.0,False,volDry=1.46; 50SMA=+22.8%; 252H=0.93x; prior=2.7x,LION
2026-05-27,902.3099975585938,914.97998046875,858.0,901.5499877929688,4197312.0,-0.0093323525463971,927.2256200744416,921.972564772983,923.6460009765624,914.4159993489584,858.1899987792968,685.3463003540039,450.55007507324217,780.47998046875,1085.6800537109375,548.239990234375,1085.6800537109375,317.44000244140625,1085.6800537109375,288.5,1085.6800537109375,152.5399932861328,1085.6800537109375,71.04000091552734,1085.6800537109375,5957780.3,6514404.24,4431975.444444444,5852754495.005994,0.0847296479762362,85.3721444266183,0.0946150931028274,0.5433649513112725,-0.0995640915088666,1.9994086850213928,5.327253355950434,963.010009765625,903.02001953125,5212200.0,False,True,True,0.0631490071293927,0.2406046438290068,0.3008844283745192,0.799658011977674,0.8256167412785548,0.0514105254571293,0.8311012019373748,False,False,0.0495882249744177,1.0012355477546364,0.2473354335656818,1.1520929964116324,2.530302478527906,3.0996592202888102,10.908539494981788,9.188803503456484,1.3442719560795802,80.0,71.0,71.0,85.0,85.0,98.0,98.0,65.0,88.0,97.0,97.0,23.07692307692308,93.0,False,tight; volDry=0.83; 50SMA=+5.1%; 252H=0.83x; prior=15.3x; blind=1m/RS/VARS,LITE
2026-05-27,17.610000610351562,18.259899139404297,15.600000381469728,16.3700008392334,4377211.0,0.0843596587772039,14.829320998369552,13.954103194305748,13.498399963378906,13.634999974568684,12.774599933624268,12.178199977874756,9.660299980640412,10.699999809265137,18.259899139404297,9.119999885559082,18.259899139404297,8.720000267028809,18.259899139404297,6.869999885559082,18.259899139404297,5.829999923706055,18.259899139404297,2.2799999713897705,18.259899139404297,3382117.775,3123888.22,1915162.3452380951,52973851.44993611,0.1157241723357462,1.6649927411760603,0.0945481364831605,4.003429503582002,0.822826914107568,-1.891490681637495,0.561563938314557,18.040000915527344,16.18000030517578,5608200.0,False,False,False,0.151044785107561,0.4292958017102667,0.4292958017102667,1.0,1.4853159822728863,0.3785167991053828,0.9644084272267268,False,False,0.2587563186889221,1.2007676365298696,0.4961767141424142,1.381933574058831,1.8357488731362848,2.489830600777799,6.430380363160807,5.733390323960183,1.765969231490676,90.0,91.0,91.0,93.0,93.0,98.0,98.0,94.0,93.0,92.0,95.0,100.0,36.0,False,volDry=1.49; 50SMA=+37.9%; 252H=0.96x; prior=8.0x; blind=VARS,LPTH
2026-05-27,62.025001525878906,63.45000076293945,59.369998931884766,59.59999847412109,1336869.0,0.0320300016744046,58.44006024925264,53.522422444517225,48.59980010986328,46.99650014241536,43.07930015563965,40.179350242614746,33.8538751411438,35.79999923706055,63.45000076293945,29.809999465942383,63.45000076293945,29.1200008392334,63.45000076293945,29.1200008392334,63.45000076293945,21.940000534057617,63.45000076293945,11.850000381469728,63.45000076293945,1396934.225,1313033.38,2138013.765873016,91207756.8505207,0.0690418421236813,3.979285103934152,0.0641561468124085,6.854941858709084,0.4837560017638954,2.280262203266128,2.057601114371658,62.15999984741211,59.15999984741211,1286900.0,False,False,False,0.0657799553515911,0.1562273632087418,0.4266021512862464,0.3662132568663832,1.183356739948226,0.4397866562778647,0.9775413834527032,False,False,0.6610873399147588,1.5845639776383564,1.06750005086263,1.9096325371519247,1.1307111035862607,1.8707967258252864,3.040716611365984,3.1178761233181214,0.6533794343599979,18.0,97.0,97.0,97.0,97.0,95.0,95.0,95.0,94.0,93.0,92.0,92.3076923076923,37.0,False,volDry=1.18; 50SMA=+44.0%; 252H=0.98x; prior=5.4x,LQDA
2026-05-27,318.92999267578125,333.3299865722656,314.2799987792969,331.6650085449219,8810173.0,-0.0116214208662385,300.6267509660712,289.23174131256087,281.41039611816404,278.35033009847007,260.0069985961914,241.725087890625,190.46913150787356,241.6000061035156,333.3299865722656,194.0800018310547,333.3299865722656,194.0800018310547,333.3299865722656,152.96671494332335,333.3299865722656,135.1154167794273,333.3299865722656,78.91180728005533,333.3299865722656,9170449.325,9694567.46,10983855.448412698,2641225522.231375,0.0447399344397922,14.895717075892858,0.046705287737035,4.852144396934409,-0.251750216581985,5.393259697271359,6.153744977316212,323.9800109863281,309.6499938964844,9763600.0,False,False,False,0.0597309385459229,0.2182924049666347,0.2876179179610778,0.7589666405838297,0.8841763529282821,0.2266208002004641,0.9567995845661414,False,False,0.2291594063874147,1.172534201745702,0.2799106939193911,1.1821809168698123,1.2421155747327663,1.968611544320572,2.96332143594629,3.058156872326277,0.8349025866254678,32.0,90.0,90.0,86.0,86.0,96.0,96.0,85.0,88.0,85.0,91.0,96.15384615384616,48.0,False,volDry=0.88; 50SMA=+22.7%; 252H=0.96x; prior=4.2x,LRCX
2026-05-27,147.91000366210938,152.07000732421875,144.82000732421875,152.07000732421875,1737515.0,-0.0162288150472459,137.13472672425456,130.12324077506673,126.42200134277344,124.45900115966796,113.61360061645507,101.24430053710938,85.4225502204895,105.52999877929688,152.07000732421875,83.18000030517578,152.07000732421875,78.69000244140625,152.07000732421875,70.20999908447266,152.07000732421875,60.5,152.07000732421875,43.900001525878906,152.07000732421875,2218257.875,2118840.3,2155754.027777778,347614149.5198822,0.0514142520282558,7.285713740757534,0.0492577483629928,6.12835189503094,-0.3349023209293081,6.842902227691159,6.246914586283816,150.8699951171875,146.25,2332800.0,False,False,False,0.0490162924785137,0.2347373942969619,0.2632006420843809,0.8918572251115796,1.154906058752989,0.3018688155253044,0.972644154259557,False,False,0.2405434831643653,1.1833938341960648,0.4634412200328108,1.35169765476811,1.1990781885871478,1.9308240653170663,2.171312298407478,2.447031020927544,1.0289939605431948,57.0,91.0,91.0,92.0,92.0,96.0,96.0,89.0,91.0,91.0,91.0,96.15384615384616,32.0,False,volDry=1.15; 50SMA=+30.2%; 252H=0.97x; prior=3.5x,LSCC
2026-05-27,33.09000015258789,33.7599983215332,32.91999816894531,33.34000015258789,1622541.0,-0.0039133372467854,32.715711962542414,31.735531126975804,30.617200088500976,30.190000089009605,28.858400077819823,28.421300086975094,27.613400058746336,25.940000534057617,35.33000183105469,25.200000762939453,35.33000183105469,25.200000762939453,35.33000183105469,25.200000762939453,35.33000183105469,24.13999938964844,35.33000183105469,24.13999938964844,35.33000183105469,2890288.525,3310296.82,2656557.3055555555,122251629.95704556,0.0458132442855105,1.3591431209019251,0.0410741346217742,3.569964882386686,-0.0956492852856922,-2.1402780353530977,-0.6411300324508248,33.38999938964844,32.189998626708984,3666500.0,False,True,True,0.0253853172775581,0.1266244310089119,0.2822605626130849,0.4486082994969624,0.8827951869282828,0.1466332181741572,0.9365977480222528,False,False,0.2644249161681287,1.206175091727104,0.2500944847359143,1.154641375495901,0.2825581833760515,1.1261055739099666,0.1434001223893002,0.8822642822733017,1.087982750816499,63.0,92.0,92.0,85.0,85.0,77.0,77.0,81.0,72.0,67.0,62.0,61.53846153846154,65.0,False,tight; volDry=0.88; 50SMA=+14.7%; 252H=0.94x; prior=1.5x; blind=RS/VARS,LTH
2026-05-27,10.869999885559082,10.960000038146973,9.765000343322754,10.15999984741211,16042587.0,0.0688298725677318,9.75949679019527,9.38839291687292,9.271599960327148,9.161999956766763,8.277599973678589,8.01649998664856,7.573699986934661,7.989999771118164,11.289999961853027,6.269999980926514,11.289999961853027,6.090000152587891,11.289999961853027,6.090000152587891,11.289999961853027,6.090000152587891,11.949999809265137,3.369999885559082,11.949999809265137,14603022.175,13909549.74,14591884.075396825,140500729.68829283,0.0808713864244687,0.7946430615016392,0.0731042382583031,4.284054697874431,0.8808984098374245,-1.3231984591003476,-1.3539334604599866,10.1899995803833,9.5,19960600.0,False,False,False,0.1099355756582655,0.2364305171924143,0.2888684798878682,0.8184711508995062,1.1003841954700109,0.3131825553450154,0.9096234359042664,False,False,0.2158837131727284,1.1598700962885804,0.5309859199387714,1.414084863222479,0.4321475187128738,1.2574472833962889,1.922042957515796,2.254691146348048,1.0007633078460343,53.0,90.0,90.0,93.0,93.0,84.0,84.0,87.0,90.0,89.0,86.0,100.0,36.0,False,volDry=1.10; 50SMA=+31.3%; 252H=0.91x; prior=3.5x; blind=VARS,LUMN
2026-05-27,40.34000015258789,40.70000076293945,35.33000183105469,38.02000045776367,29577850.0,0.1572002136055343,35.01083642879631,32.329657220772326,30.28599998474121,29.70766665140788,26.046199913024903,22.224800024032596,16.480274991989134,22.56999969482422,45.52000045776367,15.850000381469728,45.52000045776367,14.539999961853027,45.52000045776367,9.241999626159668,45.52000045776367,7.78000020980835,45.52000045776367,7.78000020980835,45.52000045776367,16035373.75,15869065.0,10050316.865079366,508537868.8383007,0.1374150025800684,5.074713979448591,0.1257985612358268,4.362421898189186,1.0798637252127017,0.8555626576110988,3.4047684049924087,45.52000045776367,31.350000381469727,52394900.0,True,False,False,0.1331184658297595,0.3619236570710104,0.5644521658808901,0.6411945581007532,1.2625372068234644,0.5487863982958641,0.8862038608724947,False,False,0.5396946174768749,1.4687636036902936,1.5387035419127248,2.3448564771723377,3.679814464982616,4.108948211619835,2.557319189575314,2.744879592149567,1.5955092725201725,87.0,97.0,97.0,98.0,98.0,99.0,99.0,96.0,97.0,97.0,98.0,100.0,61.0,False,inside; volDry=1.26; 50SMA=+54.9%; 252H=0.89x; prior=5.9x; blind=VARS,LUNR
2026-05-27,11.600000381469728,11.899999618530272,11.0,11.869999885559082,4929879.0,-0.0309105996077745,12.884983985285311,13.2239494364605,14.016800079345703,13.817000071207682,11.52020007133484,7.85430004119873,5.907800027132034,10.609999656677246,18.709999084472656,3.839999914169312,18.709999084472656,3.0,18.709999084472656,2.8399999141693115,18.709999084472656,2.8399999141693115,18.709999084472656,0.9200000166893004,18.709999084472656,9030431.975,8392383.58,3429214.2023809524,139875366.1170806,0.143899536301775,1.8707142557416645,0.1612684650191919,0.0429531585781777,-0.1977853562741957,7.352417209233927,9.64641977643391,13.300000190734863,11.6899995803833,7391200.0,False,True,False,0.0775861714597842,0.6931033399811009,0.69827578977796,0.99259254026478,1.0159209024142342,0.0069269899516286,0.6199893612553148,True,False,-0.0682730474552176,0.8888039361452164,1.636363665919658,2.435059594849708,1.8223844293529807,2.4780964160588104,10.047619912629806,8.524505343481133,2.6333822975333656,95.0,25.0,25.0,98.0,98.0,97.0,97.0,46.0,98.0,98.0,98.0,0.0,80.0,False,tight; NR7; volDry=1.02; 50SMA=+0.7%; 252H=0.62x; prior=20.3x; blind=1m/RS,LWLG
2026-05-27,14.329999923706056,14.479999542236328,13.835000038146973,14.208000183105469,33504191.0,0.0035014139824818,13.4169756609556,12.798685102307209,12.50560001373291,12.304000027974446,10.941600017547607,10.052799983024595,12.689099972248078,10.109999656677246,14.869999885559082,7.630000114440918,14.869999885559082,6.659999847412109,14.869999885559082,6.659999847412109,14.869999885559082,6.659999847412109,21.040000915527344,6.659999847412109,23.450000762939453,44135264.775,45117689.82,48206990.440476194,565074554.7334173,0.072361532895419,1.0060715675354004,0.0702073672639077,4.410939883976388,0.0496984432800839,-1.2903968846535587,-2.539718555871388,14.869999885559082,14.079999923706056,42643500.0,False,True,False,0.0450104331837668,0.2330774717634536,0.3210048466354596,0.7260870800126631,0.8770326951106292,0.3096804764133487,0.6110873969076064,True,False,0.2817530887787169,1.222704986006141,0.6721120693108706,1.5444350833211336,0.423038764447172,1.2494496587403978,-0.0271554399837777,0.7506611121508746,0.915536613502065,42.0,92.0,92.0,95.0,95.0,84.0,84.0,90.0,92.0,93.0,92.0,100.0,74.0,False,tight; NR7; volDry=0.88; 50SMA=+31.0%; 252H=0.61x; prior=3.5x; blind=VARS,MARA
2026-05-27,46.43000030517578,47.02989959716797,45.5,46.5099983215332,1652288.0,0.0366153015433383,41.33472893970829,38.48175652760192,35.94920021057129,35.74433345794678,33.162000007629395,33.02320753853276,0.0,28.959999084472656,47.02989959716797,23.229999542236328,47.02989959716797,23.229999542236328,47.02989959716797,0.0,0.0,0.0,0.0,0.0,0.0,792102.2,808551.76,0.0,32259637.285699464,0.0627098530495362,2.6678494044712613,0.0574596034231312,6.963091999148449,0.6147271232401019,-0.8854712955106816,-1.7586219330300288,45.79999923706055,42.61000061035156,2445000.0,False,True,False,0.0329506695479694,0.2302369023113795,0.3891858796882448,0.5915859601479106,1.308622221043709,0.4000965048698477,0.0,True,True,0.4962938858444186,1.4273622671708852,0.0,0.0,0.0,0.0,0.0,0.0,0.0,0.0,96.0,96.0,0.0,0.0,0.0,0.0,94.0,94.0,92.0,0.0,100.0,49.0,False,tight; NR20; volDry=1.31; 50SMA=+40.0%; blind=VARS,MDA
2026-05-27,11.449999809265137,11.989999771118164,11.34000015258789,11.869999885559082,382674.0,-0.0188517793993601,10.89109260201576,10.14645790941702,9.650000019073486,9.22599056561788,7.890199680328369,7.7683057737350465,7.440323059558868,6.821345309438617,15.550000190734863,4.845439200287008,15.550000190734863,4.845439200287008,15.550000190734863,4.845439200287008,15.550000190734863,4.845439200287008,15.550000190734863,4.845439200287008,15.550000190734863,890249.35,814237.48,469627.27777777775,15918334.00221014,0.1120158699234825,1.327857153756278,0.1159700590284551,3.890377474942465,-0.1656806731104064,3.8264297525077744,3.754144648996916,11.739999771118164,11.31999969482422,589000.0,False,False,True,0.0567685265814856,0.5301310698351975,0.6986899679707018,0.7587500810623168,2.693019486157773,0.4511673054120499,0.7363343838469774,False,False,0.4438839920711539,1.377366804711199,0.2686104218362282,1.1717434964500772,0.6728966167796915,1.468828649763003,0.5797922250379184,1.2189908206861884,1.8956508536142904,91.0,96.0,96.0,86.0,86.0,90.0,90.0,95.0,96.0,95.0,94.0,92.3076923076923,37.0,False,volDry=2.69; 50SMA=+45.1%; 252H=0.74x; prior=3.2x,MEI
2026-05-27,328.010009765625,339.0,321.44500732421875,338.54998779296875,881186.0,-0.0182573878464569,315.2945830962874,304.7398637012079,298.5856005859375,294.52733357747394,273.0809997558593,249.0335252380371,191.8199097442627,261.2300109863281,339.0,200.5,339.0,199.80715371074825,339.0,146.7583427433329,339.0,130.39443836392653,339.0,79.85294641582699,339.0,1188364.65,1175783.72,1173396.7698412698,414162673.9002258,0.049455708804714,16.552498953683035,0.0504633958137753,3.985968072079996,-0.3685229404337293,8.467282707264275,9.39575085479983,334.79998779296875,326.45001220703125,861100.0,False,False,False,0.0535196858422855,0.1773421898596904,0.2370963894340948,0.7479750758034459,0.9502501021191212,0.2011454845224436,0.9675811497511062,False,False,0.1783662416541502,1.1240809884723335,0.2817396939226839,1.1838702604397349,1.2835346007087556,2.0049780785036124,2.9416000816320467,3.041396357176065,1.0127560263871829,55.0,88.0,88.0,86.0,86.0,96.0,96.0,80.0,88.0,85.0,93.0,96.15384615384616,49.0,False,volDry=0.95; 50SMA=+20.1%; 252H=0.97x; prior=4.2x,MKSI
2026-05-27,3.549999952316284,3.625,3.440000057220459,3.5299999713897705,3564281.0,0.0056657170222693,3.3169403530260246,3.1943982468906498,3.096799983978272,3.046666653951009,2.828599982261658,3.868099989891052,4.568149999380112,2.5899999141693115,4.289999961853027,2.2300000190734863,4.289999961853027,2.2300000190734863,6.269999980926514,2.2300000190734863,6.510000228881836,2.2300000190734863,6.510000228881836,2.2300000190734863,6.510000228881836,5199247.025,5699551.62,4537201.115079365,22438053.28273176,0.0685891842716741,0.2217856986182076,0.0624748455203494,4.082248091840019,0.0901770540261145,-11.360018226714589,-10.73852698894948,3.559999942779541,3.4200000762939453,3697300.0,False,True,False,0.0521126606378778,0.1957746317121295,0.4535211033018018,0.431677005296595,0.7511657732823551,0.2550378189134463,0.5453148736564692,False,False,0.3498098090657073,1.287626453295458,0.0142857006617955,0.9368381757202656,-0.2942346313636547,0.6196727180064172,-0.1383495022028257,0.6648621450388703,1.1459150461107686,69.0,94.0,94.0,56.0,56.0,16.0,16.0,88.0,87.0,84.0,80.0,88.46153846153845,69.0,False,tight; volDry=0.75; 50SMA=+25.5%; 252H=0.55x; prior=2.9x; blind=VARS,MNKD
2026-05-27,19.5,22.200000762939453,17.469999313354492,19.364999771118164,43328533.0,0.2596899597312856,10.038144049360833,7.944064825688371,6.467199993133545,6.527333323160807,5.509600009918213,6.061399991512299,12.507010699510577,4.0920000076293945,22.200000762939453,3.109999895095825,22.200000762939453,3.109999895095825,22.200000762939453,3.109999895095825,22.200000762939453,3.109999895095825,23.75,3.109999895095825,43.57143020629883,6197773.325,5143156.66,1916377.4166666667,121426010.53838758,0.1875984875734337,1.9750001430511477,0.1012820586180075,25.071339650689698,2.035443122324657,1.4525105960480076,-5.332035003496792,16.280000686645508,11.859999656677246,85588800.0,False,True,False,0.2425641769017928,0.875897480891301,0.9286154233492336,0.9432295209271938,2.901483327556272,2.539276892133131,0.4475409668140986,False,False,2.1050954376632247,2.9620491706973344,3.020618635760015,3.7136174014231496,0.778501606565325,1.5615514354983604,-0.3341463166826319,0.513782455072203,3.234108934439628,96.0,99.0,99.0,99.0,99.0,92.0,92.0,99.0,99.0,99.0,99.0,100.0,56.0,False,tight; volDry=2.90; 50SMA=+253.9%; 252H=0.45x; prior=14.0x; blind=VARS,MNTS
2026-05-27,29.96999931335449,34.359901428222656,28.851999282836918,31.8700008392334,5654840.0,-0.0834862809140667,31.980966313463888,28.96863108486094,26.133199882507324,23.820999908447263,18.09559993743897,14.76384994506836,11.686074976921082,11.359999656677246,51.5,8.0,51.5,8.0,51.5,8.0,51.5,7.349999904632568,51.5,5.489999771118164,51.5,3905938.5,3185044.8,912678.7301587302,242647741.19313625,0.1859658624941924,6.657564571925572,0.2221409651137026,2.9539967357011223,-0.4100600782900647,11.529448942632255,12.597891228974085,34.689998626708984,29.61000061035156,7527300.0,False,False,True,0.1837805229088359,0.7774441031327677,1.3053053313927636,0.5956032542234644,2.040198618242356,0.6562036858113744,0.581941734239893,False,False,1.1701664303197985,2.0701906927670874,1.6220471140130548,2.4218362078276536,2.9959999084472657,3.5085486401881125,3.8731705444898754,3.760209771401357,4.279642300112212,97.0,99.0,99.0,98.0,98.0,99.0,99.0,98.0,99.0,98.0,98.0,61.53846153846154,45.0,False,volDry=2.04; 50SMA=+65.6%; 252H=0.58x; prior=9.4x; blind=RS,MRAM
2026-05-27,47.61000061035156,49.07500076293945,46.869998931884766,47.02000045776367,3591465.0,0.0123325929429964,47.98487885264919,48.74846206198168,48.96439971923828,49.85299975077312,50.39919982910156,47.97499996185303,37.26019996643066,43.68000030517578,59.47999954223633,43.68000030517578,59.54999923706055,36.65499877929688,59.54999923706055,23.93000030517578,59.54999923706055,22.280000686645508,59.54999923706055,22.280000686645508,59.54999923706055,6796646.625,6758891.3,10041740.734126983,395283953.99658966,0.0666504791157653,3.480499812534877,0.0731043849593678,-0.757028911538604,0.1666432588118047,0.4819294043807911,3.273807610112307,48.672000885009766,46.16999816894531,3993700.0,False,True,True,0.0463138374876489,0.1560596557430062,0.3318630337010591,0.4702532065791459,0.8028737642222475,-0.0553421329744893,0.7994962421548075,False,False,-0.0223819329673887,0.9325809279768578,-0.0731944403292447,0.8560377309892353,1.0071670315583383,1.7623231532907715,0.8130236174936554,1.3989555793382809,0.6768394848018243,19.0,37.0,37.0,32.0,32.0,94.0,94.0,45.0,29.0,65.0,90.0,15.384615384615383,98.0,False,tight; volDry=0.80; 50SMA=-5.5%; 252H=0.80x; prior=2.7x; blind=1m/RS/VARS,MRNA
2026-05-27,198.6999969482422,218.2599029541016,196.25,218.0399932861328,49971741.0,-0.0459041477516218,188.15170161292093,176.69044832433175,172.749599609375,167.5183329264323,142.0331558227539,112.06139770507812,97.098860912323,128.4199981689453,218.2599029541016,75.20235332344933,218.2599029541016,70.65463146973819,218.2599029541016,70.65463146973819,218.2599029541016,70.65463146973819,218.2599029541016,58.45197576506954,218.2599029541016,28469163.525,26398282.82,20810677.94047619,4525598581.689547,0.065905878223901,14.476418631417411,0.0728556560329905,5.476158299747537,-0.6603841600605683,6.623000484387108,6.606363810971975,217.4499969482422,200.0399932861328,42558200.0,False,False,False,0.1107695183298606,0.2788620921067212,0.3369899392589603,0.8275086571425185,1.1454936029812564,0.3989691054686131,0.9103825038812892,False,False,0.2559255958291166,1.1980673200765786,1.4567408911522728,2.269152225238668,1.568657221037815,2.2553200716872674,2.282866727036577,2.533108052039974,1.3680075010736803,81.0,91.0,91.0,98.0,98.0,97.0,97.0,93.0,97.0,97.0,96.0,96.15384615384616,32.0,False,volDry=1.15; 50SMA=+39.9%; 252H=0.91x; prior=3.7x,MRVL
2026-05-27,400.6600036621094,418.75,393.7950134277344,415.6300048828125,1205549.0,-0.02201715772049,378.8366816591365,354.2475706084097,335.04080078125,324.7453338623047,288.82260040283205,255.76879943847652,201.6570499420166,255.7100067138672,418.75,197.6300048828125,418.75,197.6300048828125,418.75,162.94000244140625,418.75,133.35000610351562,418.75,118.16000366210938,418.75,1267863.725,1254780.98,1072867.6547619049,542346475.8385055,0.0562040323452761,23.817498343331472,0.0594456599751284,6.513819918140089,-0.3787126961718601,9.906862390033591,9.26933342078926,413.75,397.6000061035156,2199100.0,False,False,False,0.062284696111846,0.2029401408061817,0.3842909195162675,0.5280898675972774,1.2317567166183854,0.3872183239929747,0.9568000087453358,False,False,0.4337961643344921,1.3677437053954489,0.5813238007002288,1.4605791087308384,1.531496764051231,2.2226926257873227,2.2940887339438816,2.541767116942862,1.181752212747405,72.0,95.0,95.0,94.0,94.0,97.0,97.0,93.0,94.0,92.0,94.0,96.15384615384616,37.0,False,volDry=1.23; 50SMA=+38.7%; 252H=0.96x; prior=3.5x,MTSI
2026-05-27,3.3399999141693115,3.799999952316284,2.7300000190734863,2.740000009536743,5440118.0,0.1245790848467494,2.5219844883274747,2.0703701509146315,1.7360000038146972,1.6910000006357828,1.547200002670288,2.301550002098084,5.77948502779007,0.9660000205039978,4.309999942779541,0.9660000205039978,4.309999942779541,0.9660000205039978,4.309999942779541,0.9660000205039978,13.420000076293944,0.9660000205039978,14.850000381469728,0.9660000205039978,19.030000686645508,5157917.95,4169716.36,966793.0277777778,27013540.22055089,0.1880106858644383,0.5547142667429787,0.1660821200592579,6.976899779859762,0.6670098602863549,-11.453569230868592,-13.979520038249966,3.539999961853028,2.819999933242798,3375500.0,False,False,False,0.3203592696824714,0.999700602649373,1.0011976072482105,0.9985047860801904,4.845049412425741,1.1587383068800792,0.1755123380795876,False,False,1.100628832737899,2.003856569586398,1.0745340897471205,1.9161294799286908,-0.563113155984007,0.3835932876895402,-0.6156501639299286,0.2965699632370408,5.335079796609346,98.0,99.0,99.0,97.0,97.0,6.0,6.0,99.0,98.0,98.0,97.0,96.15384615384616,34.0,False,volDry=4.85; 50SMA=+115.9%; 252H=0.18x; prior=19.7x; blind=VARS,MTVA
2026-05-27,387.5199890136719,394.55999755859375,380.5700073242188,389.3800048828125,640759.0,-0.008266182946457,394.3006085396836,394.8197522500671,400.8119970703125,395.2466654459635,368.583998413086,315.1576985168457,258.5204990386963,357.010009765625,441.4299926757813,275.75,441.4299926757813,226.08999633789065,441.4299926757813,206.1499938964844,441.4299926757813,182.33999633789065,441.4299926757813,152.42999267578125,441.4299926757813,888123.975,933697.18,917376.8214285716,437452525.0705642,0.0420614612767253,17.74357169015067,0.0457875004985218,1.1220303799325415,-0.1820383766432482,6.256253616916519,8.603449521034172,395.9800109863281,385.3399963378906,661800.0,False,True,True,0.0361013383334954,0.1725072460743621,0.1868032261125642,0.9234703793092546,1.0115441282579434,0.0513749665805178,0.8778741713146238,False,False,0.0042239350679218,0.957961110625602,0.3584798981534971,1.254750834708984,1.0070436365168076,1.762214810569278,1.5419481585508823,1.9614044320665724,0.9681125075920078,49.0,53.0,53.0,89.0,89.0,94.0,94.0,43.0,79.0,87.0,88.0,3.8461538461538463,75.0,False,tight; volDry=1.01; 50SMA=+5.1%; 252H=0.88x; prior=2.9x; blind=1m/RS,MTZ
2026-05-27,928.4099731445312,956.1599731445312,888.1500244140625,955.280029296875,71335829.0,0.0363106309822975,786.7431177527567,715.7400951786381,666.6060009765625,631.0493357340495,538.1058520507812,464.4706326293945,330.3788075256348,435.8999938964844,956.1599731445312,311.489990234375,956.1599731445312,311.489990234375,956.1599731445312,221.5074267095709,956.1599731445312,192.2415407692192,956.1599731445312,91.9997796616549,956.1599731445312,48779393.225,50425020.58,31760819.16269841,39135169310.851135,0.07292163422479,68.19571794782367,0.0734543142797618,9.874568183016631,0.4770089565829826,12.319109975563446,12.07679149298196,916.7999877929688,820.2999877929688,76560800.0,False,False,False,0.07325422033126,0.3273876411973412,0.4885557024295925,0.6701132328805888,1.0759734408818362,0.7253296346922407,0.9709776598274258,False,False,0.7698832878327271,1.6883478882379508,1.1650349509012123,1.9997199925519025,3.480760338366421,3.9341756637559744,8.967143174239924,7.690793665965689,1.5358354888493904,86.0,98.0,98.0,97.0,97.0,99.0,99.0,98.0,98.0,97.0,98.0,100.0,37.0,False,volDry=1.08; 50SMA=+72.5%; 252H=0.97x; prior=10.4x,MU
2026-05-27,101.0999984741211,101.23999786376952,92.06999969482422,96.12000274658205,4412802.0,0.0518101912738049,94.6629499356445,84.81436707366517,80.35960006713867,71.53500010172526,50.16519996643066,34.171899948120114,25.163849987983703,21.280000686645508,106.27999877929688,14.699999809265137,106.27999877929688,14.699999809265137,106.27999877929688,14.699999809265137,106.27999877929688,12.770000457763672,106.27999877929688,10.960000038146973,106.27999877929688,5297040.05,4444444.04,1927001.1984126985,519554843.1150276,0.1358510486278425,12.205713544573102,0.1207291170009012,8.410077936941303,0.4080052927141867,16.850741725679644,16.654355399258975,106.27999877929688,90.1999969482422,7589700.0,True,False,False,0.0907022582328978,0.2574678454219746,0.5127596531651536,0.5021218885547677,1.0933651444962282,1.0153412832356845,0.9512608170429822,False,False,0.9574055273447684,1.8672313091134003,4.423819838227361,5.009674768524221,6.433823208701661,6.527009736700358,7.738115915365812,6.74245823096588,2.748851456015313,95.0,98.0,98.0,99.0,99.0,99.0,99.0,99.0,99.0,99.0,99.0,92.3076923076923,59.0,False,inside; volDry=1.09; 50SMA=+101.5%; 252H=0.95x; prior=9.7x,MXL
2026-05-27,19.76000022888184,19.875,19.01499938964844,19.100000381469727,1980083.0,0.0329326239285621,18.923748373145816,18.146255469844608,17.94679977416992,17.452333164215087,15.039199905395508,13.630349941253662,14.30933562858955,14.010000228881836,19.989999771118164,8.104999542236328,19.989999771118164,8.104999542236328,19.989999771118164,8.104999542236328,19.989999771118164,8.104999542236328,22.75,8.104999542236328,22.75,3159349.575,3565433.66,2562318.762237762,64958816.57101373,0.0608435496447739,1.030714443751744,0.0521616615289922,6.01782400708848,0.6112275537946913,-5.888749418356786,-3.5278712583537986,19.989999771118164,18.90999984741211,3552400.0,True,False,False,0.043522297590592,0.1503036072344497,0.1998987251942122,0.7518987781859129,1.0249575923956469,0.3138996989987932,0.8685714386321686,False,False,0.2412060385794805,1.184025866852478,1.1247311638302715,1.9624936702942564,0.3208556269047589,1.1597313112707912,0.0,0.0,1.2330041139147068,75.0,91.0,91.0,97.0,97.0,79.0,79.0,89.0,96.0,95.0,94.0,96.15384615384616,48.0,False,inside; volDry=1.02; 50SMA=+31.4%; 252H=0.87x; prior=2.8x; blind=VARS,NAVN
2026-05-27,208.3699951171875,209.6000061035156,198.30999755859372,207.78500366210935,11085968.0,0.0014899431040626,203.98773639931056,191.7062390138548,181.52480041503907,178.10266723632813,154.55160049438476,125.9526007080078,111.0293255996704,132.6999969482422,233.72999572753903,83.52999877929688,233.72999572753903,73.5199966430664,233.72999572753903,73.5199966430664,233.72999572753903,73.5199966430664,233.72999572753903,34.720001220703125,233.72999572753903,17102896.7,17764127.36,16232665.746031746,3439033875.1515565,0.0931516627005708,20.262568882533483,0.0972432181089114,3.5809471320316493,0.0152990255278525,4.422447953563932,4.940853191063043,221.00999450683597,205.66000366210935,11287000.0,False,True,True,0.0541825061644425,0.2434611360383651,0.4775639335734082,0.5097979954571711,1.11679208316597,0.3482228229966346,0.8914987332652249,False,False,0.4374309151936206,1.371211009697076,0.963531753903001,1.813602917890952,1.5026422023897066,2.1973578821936712,4.399585236933822,4.166399058697103,1.0536098609793028,60.0,96.0,96.0,97.0,97.0,97.0,97.0,93.0,96.0,97.0,96.0,80.76923076923077,64.0,False,tight; volDry=1.12; 50SMA=+34.8%; 252H=0.89x; prior=6.7x,NBIS
2026-05-27,14.510000228881836,14.800000190734863,13.81999969482422,14.020000457763672,827186.0,0.0076389314767766,14.46784663093141,14.41194749965643,14.672799987792969,14.782666651407878,13.113000011444091,12.503999977111816,9.221184985637665,11.645000457763672,16.889999389648438,8.859999656677246,16.889999389648438,8.859999656677246,16.889999389648438,6.945000171661377,16.889999389648438,5.050000190734863,16.889999389648438,4.438000202178955,16.889999389648438,1434239.65,1258465.72,505613.8333333333,18065988.626826663,0.0747429638700478,1.246499879019601,0.0859062618440536,1.2401367877614309,0.0882475900744413,4.594508771043808,8.627330736958692,15.130000114440918,14.210000038146973,829800.0,False,False,True,0.0675396609546549,0.1550654696422005,0.3059958311748045,0.5067568046494634,0.7423154919150281,0.106535515611877,0.8590882624764772,False,False,-0.0006887209756587,0.9532747719761334,0.1932566127432851,1.1021434567392294,1.3068362983912016,2.025437323145985,1.9508926666578743,2.276952004495274,2.8366305576423114,95.0,47.0,48.0,82.0,82.0,96.0,96.0,79.0,88.0,85.0,91.0,23.07692307692308,74.0,False,volDry=0.74; 50SMA=+10.7%; 252H=0.86x; prior=3.8x; blind=1m/RS,NEXA
2026-05-27,21.489999771118164,23.780000686645508,21.3700008392334,23.0,3384971.0,-0.0664639729027244,21.693197581855493,20.86841012008033,19.95179992675781,20.19516658782959,18.857000064849853,17.338400020599366,16.11315004348755,14.850000381469728,24.1879997253418,13.779999732971191,24.1879997253418,13.109999656677246,24.1879997253418,13.109999656677246,24.1879997253418,10.869999885559082,24.1879997253418,10.84000015258789,24.1879997253418,2835889.275,2687047.42,1569507.424603175,50314753.97765913,0.0681529911820253,1.4850000653948103,0.0691019116431355,2.020636279134392,-1.030303447319198,-4.701294669366578,-2.5527676088582942,23.3700008392334,22.190000534057617,4968600.0,False,False,True,0.1121451779004236,0.2070730949434492,0.3489995383843488,0.5933334350585937,1.1346793053618682,0.1396298296236588,0.8884570867843637,False,False,0.2633744551413697,1.2051730235860028,0.2708456513917103,1.1738080512177405,0.7968227176065901,1.577637649388076,0.727492001286387,1.3329581314570498,1.8068657914867845,90.0,92.0,92.0,86.0,86.0,92.0,92.0,91.0,86.0,85.0,82.0,61.53846153846154,49.0,False,volDry=1.13; 50SMA=+14.0%; 252H=0.89x; prior=2.2x; blind=RS/VARS,NN
2026-05-27,15.68000030517578,16.049999237060547,15.539999961853027,16.0,117406028.0,-0.0473875347923121,14.6729711821065,13.728637713108377,13.173199996948242,12.697333335876465,11.101800022125245,9.127800002098084,7.35125,9.789999961853027,16.6299991607666,7.559999942779541,16.6299991607666,6.059999942779541,16.6299991607666,6.050000190734863,16.6299991607666,5.449999809265137,16.6299991607666,4.0,16.6299991607666,108130205.7,97037206.56,47027325.11111111,1675423134.737645,0.0631534800262505,1.031428268977574,0.065779862812701,6.26914658192819,-0.756231725227064,11.010475811331771,11.568227643878508,16.6299991607666,15.65999984741211,191317800.0,False,False,False,0.0325254633470367,0.2257652384745298,0.3220662716054669,0.7009900085131969,1.1875730648609055,0.4123836021119502,0.9428743894448262,True,False,0.457249067996091,1.390116175174852,1.071334207345799,1.913173930038342,1.6397306656783135,2.317723636066678,1.9690871626494315,2.2909911441044,2.299305891724047,93.0,96.0,96.0,97.0,97.0,97.0,97.0,94.0,94.0,96.0,95.0,96.15384615384616,42.0,False,NR7; volDry=1.19; 50SMA=+41.2%; 252H=0.94x; prior=4.2x,NOK
2026-05-27,5.360000133514404,5.639999866485596,5.150000095367432,5.329999923706055,4156005.0,0.0209524063836961,5.160353404410885,4.938708624303203,4.852000026702881,4.65566668510437,4.141200017929077,4.202500014305115,3.7077500015497207,3.240000009536743,6.400000095367432,2.890000104904175,6.400000095367432,2.8499999046325684,6.400000095367432,2.8499999046325684,6.400000095367432,2.8499999046325684,6.400000095367432,0.6539999842643738,6.400000095367432,4362875.125,4569112.1,3234250.8134920634,26566898.66810739,0.1088500783969088,0.5549285752432687,0.1035314480261807,2.8427193864982234,0.1982239488499625,-3.4203142169635035,-1.578264253790523,5.440000057220459,5.059999942779541,4639000.0,False,True,True,0.0914178654687616,0.367537354096507,0.4944029905517744,0.743396300427552,1.186088321186079,0.2943108544162574,0.8375000083819031,False,False,0.2044944636524699,1.1490055293940649,0.6855345977964875,1.5568327116144378,0.7807309470088963,1.5635088302833988,4.826086995957704,4.495494063101336,1.3489600456463504,81.0,89.0,89.0,95.0,95.0,92.0,92.0,95.0,92.0,91.0,88.0,84.61538461538461,68.0,False,tight; volDry=1.19; 50SMA=+29.4%; 252H=0.84x; prior=9.8x; blind=VARS,NRGV
2026-05-27,32.95000076293945,33.399898529052734,31.3700008392334,32.029998779296875,849802.0,0.0400883979018202,31.59756916280556,31.21129931524328,31.767600021362306,31.425666681925456,29.35940002441406,31.07348152160645,36.80742574691772,27.0,37.70000076293945,18.56999969482422,37.70000076293945,18.56999969482422,46.82049033727395,18.56999969482422,46.82049033727395,18.56999969482422,46.82049033727395,18.56999969482422,61.71835581811829,815190.05,921438.04,852069.4523809524,23934059.74049377,0.0753590566731055,2.120706694466727,0.0643613549427286,1.9001800811921068,0.5988571927826286,-6.115359897947527,-3.801943652891426,31.75,30.68000030517578,572200.0,False,False,False,0.0616053912843141,0.1641881554520937,0.3040971236951738,0.5399201197860573,0.5957320798260075,0.1222981646607082,0.5338768398179933,False,False,-0.0208023991440567,0.9340876954644972,0.5151433292757701,1.3994519607515823,5.464751024431003e-05,0.8780631766829217,-0.459477446273273,0.4170751197050121,0.9567178446805016,48.0,37.0,37.0,93.0,93.0,40.0,40.0,76.0,91.0,88.0,86.0,57.692307692307686,57.0,False,volDry=0.60; 50SMA=+12.2%; 252H=0.53x; prior=3.3x; blind=1m/RS/VARS,NSP
2026-05-27,11.09000015258789,11.604999542236328,10.482999801635742,10.482999801635742,9763036.0,0.0602294562278533,9.661418713867594,9.29762934234661,8.927199935913086,8.883666610717773,8.83439998626709,8.927199950218201,8.368899984359741,7.710000038146973,11.604999542236328,7.570000171661377,11.604999542236328,7.570000171661377,11.970000267028809,6.360000133514404,11.970000267028809,6.199999809265137,11.970000267028809,6.130000114440918,11.970000267028809,4686195.9,4587568.72,5136643.0,58549974.61803617,0.0727919575733027,0.765357221875872,0.0690132742421354,3.699580034645433,0.8231451881995743,2.710090175672864,2.319128370740089,10.520000457763672,9.380000114440918,8324000.0,False,False,False,0.1011722024493176,0.2673579042486921,0.3512172633451627,0.7612322404150822,1.1495356084823944,0.2553201315117142,0.926482865930683,False,False,0.3742255975177522,1.3109174494623026,0.1636936477783441,1.074837822687042,0.714064994159666,1.504975110670052,0.5296551934603988,1.180304352743872,0.9123071040755608,42.0,94.0,94.0,79.0,79.0,91.0,91.0,90.0,82.0,78.0,85.0,100.0,20.0,False,volDry=1.15; 50SMA=+25.5%; 252H=0.93x; prior=2.0x,NVAX
2026-05-27,16.989999771118164,18.34000015258789,16.780000686645508,18.26000022888184,1409820.0,-0.0695509551941249,17.50922864121894,16.718418612537935,16.157399978637695,15.548499965667723,13.805699996948242,13.25010001182556,12.944724988937375,11.300000190734863,18.920000076293945,10.135000228881836,18.920000076293945,9.81999969482422,18.920000076293945,9.81999969482422,18.920000076293945,9.81999969482422,18.920000076293945,9.81999969482422,20.059999465942383,1565015.5,1520928.4,1708047.6984126985,34095718.80896187,0.0612678783742444,0.9042854309082032,0.0532245699288016,4.333545426060132,-1.4044243270492254,-3.995877096492796,-1.9406300013985205,18.670000076293945,17.799999237060547,1929400.0,False,False,True,0.0918186866955863,0.1112418725785568,0.4302531205470172,0.2585498332635581,0.8926403110100384,0.2306510915689761,0.8469591337708445,False,False,0.3613782367233706,1.2986619439068,0.1334222835582346,1.0468778804202554,0.4217573257152178,1.248324536061847,-0.0836030780942974,0.7071052877737241,0.9162598336418712,42.0,94.0,94.0,76.0,76.0,84.0,84.0,92.0,89.0,87.0,85.0,42.30769230769231,55.0,False,volDry=0.89; 50SMA=+23.1%; 252H=0.85x; prior=2.0x; blind=RS/VARS,NVCR
2026-05-27,28.8799991607666,31.940000534057617,28.364999771118164,31.809999465942383,35685695.0,-0.0915382721281834,25.020401558426062,21.860878318557216,20.173999938964844,18.927666600545248,14.988299961090089,12.124999995231628,10.290174987316131,9.760000228881836,33.81999969482422,7.659999847412109,33.81999969482422,7.349999904632568,33.81999969482422,7.105000019073486,33.81999969482422,6.849999904632568,33.81999969482422,4.534999847412109,33.81999969482422,34934987.375,31902815.9,33256120.61507937,805692228.9439788,0.1458339549872733,3.393214430127825,0.1174935778646938,7.888398936130808,-0.8575944181196707,8.890284074898787,7.39332181889929,33.81999969482422,30.600000381469727,50093000.0,False,False,False,0.1237881186574299,0.5650969587628968,0.6814404405605624,0.8292683045022102,1.1863893023938368,0.9268362146300536,0.8539325671604417,False,False,0.5781420964368016,1.5054398751463356,1.923076804276013,2.6998802595968723,2.820105738009895,3.3541108857726343,5.548752870754419,5.053113637269835,1.0504829405495777,59.0,97.0,97.0,99.0,99.0,99.0,99.0,99.0,99.0,98.0,98.0,92.3076923076923,32.0,False,volDry=1.19; 50SMA=+92.7%; 252H=0.85x; prior=7.5x,NVTS
2026-05-27,329.239990234375,339.95001220703125,326.7250061035156,337.0799865722656,3782396.0,-0.010310587233329,309.7173738656724,294.03304296939325,287.44359985351565,275.7026662190755,244.20559692382807,235.33405685424805,226.0290586090088,206.5399932861328,339.95001220703125,184.67999267578125,339.95001220703125,184.67999267578125,339.95001220703125,184.67999267578125,339.95001220703125,181.2456912706042,339.95001220703125,181.2456912706042,339.95001220703125,3720762.4,3475639.92,2866366.6507936507,1289100393.8803954,0.0419742657924182,13.117497035435267,0.0398417489506586,8.739782194849296,-0.2614845792679502,3.835205800953684,2.445495494357462,334.8999938964844,318.0,4618900.0,False,False,False,0.0401682860399223,0.1675677775001167,0.1879480218632074,0.8915644646799008,0.9862815708481102,0.3482082080906219,0.968495303462046,False,False,0.3899607253822459,1.3259276877553052,0.407872760098682,1.3003722199342098,0.7372706720993667,1.5253500485192415,0.7461154785657089,1.3473282793112755,1.2980762244668806,78.0,95.0,95.0,91.0,91.0,91.0,91.0,94.0,91.0,89.0,86.0,96.15384615384616,32.0,False,volDry=0.99; 50SMA=+34.8%; 252H=0.97x; prior=1.9x,NXPI
2026-05-27,0.7515000104904175,0.8299999833106995,0.7311999797821045,0.7720000147819519,7007317.0,-0.0767813257918081,0.6430614916500098,0.5427614241657319,0.4573399984836578,0.4473166654507319,0.430009999871254,0.6492849984765052,1.1827924986183644,0.2750000059604645,1.090000033378601,0.2750000059604645,1.090000033378601,0.2750000059604645,1.1799999475479126,0.2750000059604645,2.015000104904175,0.2750000059604645,2.220000028610229,0.2750000059604645,3.240000009536743,24565300.425,20162908.34,5019086.972222222,30249040.804850686,0.2521025677727837,0.1644857121365411,0.218876526733779,3.4157788047644257,-0.379972212711814,-14.069323024909451,-14.049571473929303,1.0199999809265137,0.8059999942779541,35446400.0,False,True,False,0.131470395408404,1.0844976926697312,1.0844976926697312,1.0,4.4042749291196746,0.7476338008776966,0.2319444469995132,True,False,0.7476744139304092,1.667162137962272,0.1928571685371487,1.101774512780802,-0.277403809562236,0.634450435298098,-0.7519801922157356,0.191375716531403,4.894376320026909,98.0,98.0,98.0,81.0,81.0,17.0,17.0,99.0,97.0,97.0,96.0,88.46153846153845,61.0,False,tight; NR7; volDry=4.40; 50SMA=+74.8%; 252H=0.23x; prior=11.8x; blind=VARS,NXXT
2026-05-27,124.88999938964844,129.0,120.03500366210938,128.93499755859375,13782329.0,-0.0166141780342642,115.16584736287813,108.34295031604634,106.2159994506836,102.10799967447916,86.51239959716797,74.91869976043701,62.84824996948242,71.08999633789062,129.1300048828125,54.9900016784668,129.1300048828125,54.9900016784668,129.1300048828125,51.4900016784668,129.1300048828125,44.560001373291016,129.1300048828125,41.4900016784668,129.1300048828125,11799285.725,10853246.58,9436208.845238095,1471281377.843963,0.053466639088977,7.138213021414621,0.057156001731923,7.761356115764747,-0.2955922727469138,12.00664733637021,11.3453012419673,129.1300048828125,121.05999755859376,19250800.0,False,False,False,0.0717831402170195,0.2008167343552205,0.2646329026605566,0.7588502122610477,1.1634106722746185,0.4436080835947218,0.9671648313108024,False,False,0.2738677909362264,1.2151829499193445,0.7923363783391328,1.6554794589578776,1.674304011762664,2.348079559282436,2.0261690817634643,2.3350363889944283,1.2504265132871035,76.0,92.0,92.0,96.0,96.0,97.0,97.0,96.0,96.0,94.0,94.0,96.15384615384616,32.0,False,volDry=1.16; 50SMA=+44.4%; 252H=0.97x; prior=3.1x,ON
2026-05-27,266.8900146484375,284.69000244140625,261.8599853515625,284.69000244140625,1060214.0,-0.0265528629053217,268.1604777521911,270.769818984455,281.19640075683594,281.06399993896486,256.39940063476564,230.4569006347656,181.06370040893557,238.1199951171875,316.0,175.49000549316406,316.0,175.49000549316406,316.0,146.7899932861328,316.0,118.97000122070312,316.0,89.4000015258789,316.0,1049562.85,988738.28,1087642.119047619,336003660.3152893,0.0483592304195557,15.304143633161273,0.0573425111213724,0.7135217153623136,-0.4756880851224143,3.4818378002706662,6.453140046591235,277.0,264.18798828125,1085000.0,False,False,True,0.0855409188684587,0.1787253534751548,0.268200431492849,0.66638727044673,1.4886966852340338,0.0409151268985041,0.8445886539507516,False,False,-0.1052366375865698,0.8535431933781713,0.1850191510606558,1.0945349805768576,1.0985218902973697,1.8425341074316464,1.9003480154826475,2.2379510113008,0.964989155549656,49.0,18.0,18.0,81.0,81.0,95.0,95.0,55.0,84.0,81.0,87.0,19.230769230769237,61.0,False,volDry=1.49; 50SMA=+4.1%; 252H=0.84x; prior=3.5x; blind=1m/RS,ONTO
2026-05-27,57.9900016784668,60.63999938964844,57.80500030517578,59.650001525878906,659278.0,-0.0181171633922127,60.40904920111208,61.79609673667846,64.87919982910157,65.37966664632161,59.30699996948242,46.15669988632202,34.78649995803833,54.9900016784668,91.0,31.31999969482422,91.0,31.0,91.0,25.229999542236328,91.0,25.11000061035156,91.0,10.640000343322754,91.0,1869799.45,1669347.56,650019.3571428572,132960018.48667488,0.0652743789886438,3.5160705021449496,0.0606323573094594,-0.3662476123564415,-0.3043169055260622,1.7785832557321584,5.001818939526318,61.83000183105469,58.709999084472656,1212300.0,False,False,False,0.0488877220627045,0.1812381103178315,0.368684263653922,0.4915808136795251,0.7952195407408149,-0.0222064560961321,0.6372527656974373,False,False,-0.2408691956826355,0.7241589878703525,0.6437075874417739,1.518199474400332,0.9798566017703634,1.738344180945703,4.295890656491121,4.086386801571631,2.876528874799442,95.0,5.0,5.0,94.0,94.0,94.0,94.0,31.0,92.0,90.0,93.0,0.0,76.0,False,volDry=0.80; 50SMA=-2.2%; 252H=0.64x; prior=8.6x; blind=1m/RS/VARS,ORKA
2026-05-27,21.989999771118164,22.549999237060547,21.780000686645508,22.0,5387503.0,0.0045683135796255,22.462242040602383,21.38417810695377,20.641199951171878,19.85499998728434,17.083600025177002,15.787699985504153,16.597599983215332,14.960000038146973,25.57999992370605,10.6899995803833,25.57999992370605,10.6899995803833,25.57999992370605,10.6899995803833,25.57999992370605,10.6899995803833,25.57999992370605,10.6899995803833,25.57999992370605,7463087.575,7347570.06,14991940.09126984,191393975.63198844,0.0633518558709484,1.4809999465942385,0.0673487931791338,4.264358579781536,0.0675222046426747,2.556198278240643,2.61384201760573,22.75,21.520000457763672,5840100.0,True,True,True,0.035015850769874,0.1846293546248607,0.3688040334135564,0.500616419283646,1.1203854107925308,0.2871994040313717,0.8596559748516306,True,False,0.2799766810535669,1.2210104142498988,0.6980695054053452,1.5684104948459692,0.6313056763998992,1.432311172121126,0.5518701236922985,1.1974457183017508,0.4978066567479102,12.0,92.0,92.0,95.0,95.0,90.0,90.0,91.0,94.0,93.0,91.0,61.53846153846154,75.0,False,inside; tight; NR7; volDry=1.12; 50SMA=+28.7%; 252H=0.86x; prior=2.4x; blind=RS,OSCR
2026-05-27,17.559999465942383,18.170000076293945,16.790000915527344,17.299999237060547,1176761.0,0.0068806724891106,16.416764315936152,14.934953276368944,13.621199951171874,13.002999973297118,11.217699966430663,10.302749977111816,8.091574988365174,8.5600004196167,18.489999771118164,6.880000114440918,18.489999771118164,6.880000114440918,18.489999771118164,5.809999942779541,18.489999771118164,4.170000076293945,18.489999771118164,2.509999990463257,18.489999771118164,1888681.525,1941997.22,1244831.1944444445,37665699.81916113,0.1192455106157714,1.6307141440255302,0.0928652729852469,6.088209479316495,0.0735867364150898,2.451100990199468,3.657042139670166,18.46999931335449,17.18000030517578,1665900.0,False,True,False,0.0785876539144041,0.2357630703621583,0.5654897296984944,0.4169183947652977,0.8039280818331965,0.5653832352880945,0.9497025247870222,False,False,0.7648241007593835,1.6835217689846638,0.9403313918070212,1.7921740592489876,2.9372195775222814,3.4569386164489484,6.023999786376953,5.41982111849534,1.5172189879471163,86.0,98.0,98.0,97.0,97.0,99.0,99.0,97.0,97.0,96.0,96.0,96.15384615384616,75.0,False,tight; volDry=0.80; 50SMA=+56.5%; 252H=0.95x; prior=7.4x,OSS
2026-05-27,44.22999954223633,45.95000076293945,41.2599983215332,43.58000183105469,5605894.0,0.0358313525049114,36.00239265484068,32.52458104205127,30.33659996032715,29.534499994913737,25.72489994049072,23.981749954223638,25.86927501678467,23.450000762939453,45.95000076293945,16.399999618530273,45.95000076293945,16.399999618530273,45.95000076293945,16.399999618530273,45.95000076293945,16.399999618530273,45.95000076293945,10.359999656677246,45.95000076293945,3800517.35,3408951.88,2818669.4206349207,184123288.7038471,0.1284702422691501,4.520857674734933,0.1022124739209606,7.037749957371228,0.3384310875007986,1.4706567397552703,0.3099167424333537,45.42300033569336,38.400001525878906,8636100.0,False,True,False,0.1060366830193531,0.416007273712682,0.5053131497351058,0.8232662734598545,2.1037226844046857,0.7193458339800487,0.9625679827607232,False,False,0.6430163230640464,1.5673254606423723,1.2338384467939298,2.0632698794656714,1.219267379075247,1.948550481347202,3.2983478820413303,3.3166681853992146,1.3483373829428755,81.0,97.0,97.0,98.0,98.0,96.0,96.0,96.0,97.0,96.0,95.0,100.0,56.0,False,tight; volDry=2.10; 50SMA=+71.9%; 252H=0.96x; prior=4.4x; blind=VARS,OUST
2026-05-27,248.47000122070312,251.6199951171875,243.04010009765625,245.6179962158203,7844306.0,-0.0322492649631815,242.6678566066233,225.6946321632546,211.46239990234372,204.3336669921875,187.39260070800785,178.54120025634765,188.42965019226077,161.69000244140625,261.4100036621094,143.5,261.4100036621094,139.57000732421875,261.4100036621094,139.57000732421875,261.4100036621094,139.57000732421875,261.4100036621094,139.57000732421875,261.4100036621094,7780437.65,7919304.12,7618444.865079365,1766423144.8850098,0.0463171216603655,12.55142320905413,0.0505148434313619,6.452218932527896,-0.6596860484573568,-0.9949372541581428,-2.599479960648572,259.8399963378906,250.7700042724609,7164000.0,False,False,True,0.034530909073044,0.2038072972224422,0.3553749048897273,0.573499407015483,1.106882684030576,0.325932829161516,0.9504992071453696,True,False,0.3585019656224226,1.2959181775394528,0.7154792012080613,1.5844908434548666,0.3585019656224226,1.1927853687137615,0.3304953211282631,1.0266296780782973,1.021263235186378,56.0,94.0,94.0,95.0,95.0,81.0,81.0,93.0,90.0,89.0,86.0,80.76923076923077,29.0,False,NR7; volDry=1.11; 50SMA=+32.6%; 252H=0.95x; prior=1.9x; blind=VARS,PANW
2026-05-27,9.890000343322754,13.75,9.510000228881836,9.640000343322754,723818.0,-0.1758333047231038,5.306664648819719,3.8144660619088,2.740880012512207,2.6634000062942507,2.51231999874115,3.935310008525848,7.801455022096634,1.350000023841858,14.100000381469728,1.350000023841858,14.100000381469728,1.350000023841858,14.100000381469728,1.350000023841858,14.699999809265137,1.350000023841858,15.0,1.350000023841858,112.1999969482422,2192065.45,1755604.36,539204.2063492064,20385454.02649491,0.2463865098478712,1.4717857071331568,0.1488155365057024,19.733158517232525,-1.433632387140955,-6.075147244743887,-13.19733913086048,14.100000381469728,6.010000228881836,4439300.0,True,True,False,0.4287158365955776,1.2891809823076543,1.2891809823076543,1.0,4.986751001233558,2.9366005716940293,0.0881461730153611,False,False,3.495454604073988,4.288356944006138,1.247727302036994,2.0760982273367548,0.0916114663647189,0.9584514548740084,-0.4648268079921213,0.4129474738485137,4.065371568300316,97.0,99.0,99.0,98.0,98.0,58.0,58.0,99.0,99.0,99.0,99.0,96.15384615384616,64.0,False,inside; tight; volDry=4.99; 50SMA=+293.7%; 252H=0.09x; prior=83.1x; blind=VARS,PCLA
2026-05-27,12.65999984741211,12.92080020904541,12.130000114440918,12.25,4017705.0,0.0317847901465782,11.594183495099893,10.495940783094897,9.571999988555907,9.107000001271564,7.701199989318848,8.325149993896485,9.966349997520446,6.519999980926514,13.289999961853027,4.929999828338623,13.289999961853027,4.929999828338623,13.289999961853027,4.929999828338623,13.289999961853027,4.929999828338623,14.015000343322754,4.929999828338623,17.3700008392334,4490560.125,4739760.1,3951763.908730159,56956781.18779707,0.0815193019582465,1.1121999876839774,0.0878515008759125,7.329409606538797,0.3506558118747728,-0.3200968766553034,-1.297918571491004,12.585000038146973,11.5600004196167,6176500.0,False,False,False,0.0624644632018809,0.29541862687168,0.4921011132829508,0.6003209887107464,1.3024246733500289,0.6438996344687649,0.7288427884710937,False,False,0.7390109179331179,1.6588977539363086,0.4272829775368301,1.3183003369166573,0.52714112251724,1.3408531109964912,0.3540106236254596,1.0447744299231505,1.1363432200692818,68.0,98.0,98.0,91.0,91.0,87.0,87.0,97.0,97.0,96.0,95.0,92.3076923076923,41.0,False,volDry=1.30; 50SMA=+64.4%; 252H=0.73x; prior=3.5x; blind=VARS,PCT
2026-05-27,54.43999862670898,55.15999984741211,51.97999954223633,55.10200119018555,2218174.0,-0.0092812034422106,49.338267776657744,44.16953205800028,40.299200210571286,38.094333521525066,30.668000144958494,25.01565008163452,23.902200059890745,25.51000022888184,55.650001525878906,16.040000915527344,55.650001525878906,16.040000915527344,55.650001525878906,16.040000915527344,55.650001525878906,16.040000915527344,55.650001525878906,16.040000915527344,55.650001525878906,2747281.85,2368743.48,1371453.0714285714,163787566.2783634,0.0912466995219334,4.610428673880441,0.0846882584530137,9.152864544444254,-0.1106192443925647,10.148534980773544,8.122172965241917,55.650001525878906,51.5,3643100.0,True,True,False,0.0584129387471297,0.2406319364304929,0.5121234711868075,0.4698709392733877,1.6396192465720263,0.7751401581253206,0.9782569116623072,False,False,0.8740103289661068,1.7876779803488736,1.632495059155476,2.4314863821925936,2.0984632653548623,2.720497829179839,2.08616782938528,2.3813323014850125,2.003190562793592,92.0,98.0,98.0,98.0,98.0,98.0,98.0,98.0,98.0,98.0,97.0,96.15384615384616,67.0,False,inside; tight; volDry=1.64; 50SMA=+77.5%; 252H=0.98x; prior=3.5x,PENG
2026-05-27,19.09000015258789,19.11000061035156,17.18000030517578,17.18000030517578,6643073.0,0.1189918376432594,17.013857453576897,16.696988921130743,16.79240005493164,16.637333393096924,15.84620002746582,14.842100057601929,15.881650009155273,14.640000343322754,19.11000061035156,13.59000015258789,19.11000061035156,11.649999618530272,19.11000061035156,11.649999618530272,19.11000061035156,11.649999618530272,19.11000061035156,11.649999618530272,20.61000061035156,3910099.325,3800611.46,3954839.1785714286,56321066.48898449,0.0420500752289392,0.7292858532496861,0.0382025064128049,5.358424244292552,2.7835459547170114,-3.1618048213538623,-3.755662177363168,17.149999618530273,16.649999618530273,3651000.0,False,False,False,0.1011000675615052,0.1891042735199864,0.1891042735199864,1.0,0.8489889939972974,0.2047052365551156,0.9262493734716224,False,False,0.0706674276092726,1.0213436687245097,0.5223285654433905,1.4060885558835068,0.3833333252708695,1.2145876798060142,0.265915135886575,0.9767986612140752,0.9886873140597364,52.0,76.0,76.0,93.0,93.0,82.0,82.0,84.0,79.0,85.0,82.0,100.0,33.0,False,volDry=0.85; 50SMA=+20.5%; 252H=0.93x; prior=1.8x; blind=1m/VARS,PENN
2026-05-27,25.479999542236328,25.790000915527344,24.549999237060547,24.600000381469727,2214018.0,0.01716568136815,24.24603447784351,22.768271458559447,21.42839988708496,20.86033325195313,19.443399963378905,20.84950002670288,21.843749980926518,17.049999237060547,25.89699935913086,16.100000381469727,25.89699935913086,16.100000381469727,25.89699935913086,16.100000381469727,28.75,16.100000381469727,28.75,16.100000381469727,28.75,1548637.95,1506930.36,1410056.4206349207,40792090.75453224,0.0451949773000783,1.3588572910853796,0.0533303499018083,5.82164509472516,0.3164425786259872,-5.541843029001731,-5.714747912468702,25.799999237060547,24.920000076293945,1107700.0,False,False,False,0.0486656868423932,0.1305729876011856,0.3134615249297507,0.4165518802680747,1.0589220592781738,0.3104703699058388,0.8862608536430027,False,False,0.3840304048572844,1.3202705666311472,0.1945616330695803,1.103348829999413,-0.0146945498509819,0.8651131572807179,0.2417153496015667,0.9581257516526394,1.0982808399274395,64.0,95.0,95.0,82.0,82.0,38.0,38.0,92.0,87.0,83.0,80.0,96.15384615384616,19.0,False,volDry=1.06; 50SMA=+31.0%; 252H=0.89x; prior=1.8x; blind=VARS,PGNY
2026-05-27,15.93000030517578,15.9399995803833,12.359999656677246,12.84000015258789,298579.0,0.2263279896735937,11.005474505522022,8.31795890458905,5.988719959259033,5.428933294614156,4.354359974861145,3.4650799930095677,5.377144978642463,2.325000047683716,15.9399995803833,2.1519999504089355,15.9399995803833,1.5199999809265137,15.9399995803833,1.5199999809265137,15.9399995803833,1.5199999809265137,15.9399995803833,1.5199999809265137,15.9399995803833,1953684.475,1572345.58,335751.1071428572,43023333.3816988,0.2585024346234488,2.5762857709612166,0.1617254062527645,16.437752769006735,1.1411779575061265,5.048644049731738,-1.3130539619643085,14.402999877929688,12.210000038146973,280100.0,False,False,False,0.2247331986894491,0.7871939262261989,0.8292529383704897,0.9492808403827446,4.93176436442172,2.65840224445012,0.9993726928813834,False,False,4.900000008830317,5.628197420695687,6.37499984822892,6.8118690811119125,1.789842416594,2.4495240343695244,1.1821917656103742,1.6838111297782752,5.8188474540717925,99.0,99.0,99.0,99.0,99.0,97.0,97.0,99.0,99.0,99.0,99.0,100.0,32.0,False,volDry=4.93; 50SMA=+265.8%; 252H=1.00x; prior=10.5x,PIII
2026-05-27,50.47999954223633,50.630001068115234,47.11000061035156,50.09999847412109,15373667.0,0.0447019838794302,44.34560370101321,41.808185436777656,40.027200317382814,39.633000183105466,36.645400047302246,30.58550003051758,21.437599987983702,32.56999969482422,51.130001068115234,23.51000022888184,51.130001068115234,19.979999542236328,51.130001068115234,11.739999771118164,51.130001068115234,10.520000457763672,51.130001068115234,3.660000085830689,51.130001068115234,11511439.175,14053655.34,12000751.05952381,408136771.55262816,0.0956391347609599,4.089714595249721,0.0810165339210805,4.659866392743998,0.528154177291733,3.6448915219387583,5.969729698780692,51.130001068115234,45.86000061035156,16963300.0,True,True,False,0.0697305960713907,0.259706829026068,0.3676703950395635,0.7063577392412083,0.7363192315203028,0.3775262236754475,0.987287277287302,False,False,0.4239773894450718,1.3583772641370897,1.0495331409773851,1.8930375214978143,3.523297511867093,3.971523948456316,12.71739093111459,10.584539766545124,0.959226561562954,48.0,95.0,95.0,97.0,97.0,99.0,99.0,93.0,95.0,96.0,98.0,100.0,83.0,False,inside; tight; volDry=0.74; 50SMA=+37.8%; 252H=0.99x; prior=14.0x,PL
2026-05-27,53.5099983215332,55.7599983215332,53.02000045776367,55.7400016784668,1523477.0,-0.0170830332225524,51.48997924846999,50.56274713763564,50.830399932861326,50.32199999491374,46.42819992065429,41.02459983825683,32.830249881744386,44.33000183105469,56.0,31.799999237060547,56.0,31.799999237060547,56.0,23.100000381469727,56.0,20.049999237060547,56.0,16.59000015258789,56.0,837279.425,885635.54,956348.7182539684,40916296.96434498,0.0487029194433359,3.034285409109933,0.0567050178338146,2.68992531571499,-0.306497306543284,1.4796509725657927,3.70609439053161,54.77000045776367,51.810001373291016,1060700.0,False,False,False,0.0512053438556531,0.2033264360810061,0.2078116105529742,0.9784171131726792,0.986678673712665,0.152532262999248,0.9555356843130928,False,False,0.041050520097591,0.9930911598742128,0.2281385975747385,1.1343619677698775,1.5408356922357958,2.230892346641546,1.7483307759970304,2.120652282656548,0.8754959451701297,37.0,69.0,69.0,84.0,84.0,97.0,97.0,74.0,89.0,86.0,93.0,80.76923076923077,49.0,False,volDry=0.99; 50SMA=+15.3%; 252H=0.96x; prior=3.4x; blind=1m/VARS,PLAB
2026-05-27,4.139999866485596,4.21999979019165,3.75,3.799999952316284,107246685.0,0.0781249893285953,3.705949483035102,3.5153405741737966,3.419999990463257,3.3456666549046834,2.981199998855591,2.565099993944168,2.4376499998569487,2.720000028610229,4.21999979019165,1.9700000286102293,4.21999979019165,1.7200000286102295,4.21999979019165,1.7200000286102295,4.21999979019165,1.7000000476837158,4.21999979019165,0.7699999809265137,4.579999923706055,82506814.625,79001263.7,97878766.21031746,337865191.4655844,0.1031026057685529,0.3885714667184012,0.0938578452294143,4.141395859761358,0.7720586250191525,1.780121514439264,1.5772981922872045,4.03000020980835,3.680000066757202,112098900.0,False,False,False,0.1135265230311779,0.2439613006321317,0.2850241223172582,0.8559321177755624,1.2045053970446804,0.388702491639219,0.9039301169104784,False,False,0.344155834102775,1.2822329469809788,1.1675392349921587,2.002033057734342,1.0909090033356923,1.8358498769988996,4.307692331204989,4.095493146644688,0.8429490666822781,33.0,94.0,94.0,97.0,97.0,95.0,95.0,92.0,94.0,95.0,94.0,100.0,34.0,False,volDry=1.20; 50SMA=+38.9%; 252H=0.90x; prior=5.9x; blind=VARS,PLUG
2026-05-27,3.829999923706055,4.269999980926514,3.809999942779541,4.230000019073486,60100.0,-0.1134259788158478,4.244119207597016,4.444052828194434,4.206199998855591,3.962833340962728,6.086099977493286,8.718850035667419,12.75812501192093,2.180000066757202,11.869999885559082,2.180000066757202,20.399999618530277,2.180000066757202,40.0,2.180000066757202,40.0,2.180000066757202,40.0,2.180000066757202,87.4000015258789,2249863.375,1807164.2,371892.2817460318,23570845.85416794,0.2725401667742129,0.8993570634296962,0.2348190812911149,-1.578650127395003,-0.5448339351299554,-4.555822892295459,-2.50371184160936,5.0920000076293945,4.0,104500.0,False,False,True,0.1201044509948342,0.3347258721638148,2.5248041855098275,0.1325749830758556,0.04393623999413,-0.3706971725949962,0.0438215086594935,False,False,0.5198412510693358,1.4498248468360897,-0.5942796510642915,0.3747408755753107,-0.7606250047683716,0.2101748831974602,-0.9325704229726982,0.0520296493021797,6.049771628593383,99.0,96.0,96.0,2.0,2.0,3.0,3.0,96.0,90.0,88.0,86.0,38.46153846153847,67.0,False,volDry=0.04; 50SMA=-37.1%; 252H=0.04x; prior=40.1x; blind=RS/VARS,PN
2026-05-27,13.279999732971191,13.550000190734863,12.710000038146973,13.020000457763672,23229131.0,-0.0052434941197229,13.83488189419606,12.759603875872465,11.992399959564208,11.340666643778484,9.236599969863892,7.928799982070923,6.954249994754791,6.369999885559082,20.809999465942383,4.869999885559082,20.809999465942383,4.869999885559082,20.809999465942383,4.869999885559082,20.809999465942383,3.869999885559082,20.809999465942383,3.869999885559082,20.809999465942383,49684045.775,41479860.62,13825626.313492063,808329714.8832325,0.1709041531995381,2.5171429089137485,0.1895438975547763,2.309536017708517,-0.0278095646658152,1.1768889106682143,3.102512401226839,15.079999923706056,13.109999656677246,46121200.0,False,True,True,0.0632530248101107,0.6769578277022144,1.087349387856695,0.6225761795264215,1.5497111643862609,0.4377584583396092,0.6381547368468328,True,True,0.6704402580606774,1.593486023351247,1.088050228645662,1.928613570851228,2.110070208967465,2.7306889020431413,2.0319633301348228,2.339507315908436,3.5936198945659807,97.0,97.0,97.0,97.0,97.0,98.0,98.0,97.0,97.0,96.0,96.0,50.0,77.0,False,tight; NR20; volDry=1.55; 50SMA=+43.8%; 252H=0.64x; prior=5.4x; blind=RS/VARS,POET
2026-05-27,86.9000015258789,87.81999969482422,80.55709838867188,87.80999755859375,2797797.0,0.0334166406274667,75.56233885117501,72.51198999601421,72.88760009765625,70.69866689046223,62.698400268554686,53.91150451660156,46.89913618087768,53.25,87.81999969482422,44.45000076293945,87.81999969482422,41.76388130867173,87.81999969482422,34.595824429474,87.81999969482422,30.53180607527387,87.81999969482422,30.53180607527387,87.81999969482422,1234594.925,1156807.94,945981.3373015872,109560446.45165595,0.0648105776672685,5.633063725062779,0.0648223662387997,5.954739413354803,0.4988413632684343,12.649220668814188,11.562056553553612,84.9000015258789,78.0,3876700.0,False,True,False,0.0835776890520473,0.2685845331192537,0.2685845331192537,1.0,1.3651355989136795,0.3860002991091005,0.989524047231356,False,False,0.2305295687642099,1.1738412431598495,0.7938197226578749,1.656849539976104,1.6568089295540145,2.3327186112595446,0.7770033505958223,1.3711618137966943,1.3050943779944784,79.0,90.0,90.0,96.0,96.0,97.0,97.0,94.0,93.0,93.0,95.0,100.0,54.0,False,tight; volDry=1.37; 50SMA=+38.6%; 252H=0.99x; prior=2.9x,POWI
2026-05-27,10.170000076293944,10.510000228881836,10.079999923706056,10.149999618530272,1256476.0,-0.0039177239670498,10.000792404657744,9.811975912636418,9.83240005493164,9.503000036875408,8.58580002784729,8.36850001335144,11.1144500207901,7.119999885559082,11.529999732971191,6.550000190734863,11.529999732971191,6.360000133514404,11.529999732971191,6.360000133514404,11.529999732971191,6.360000133514404,16.7549991607666,6.360000133514404,19.43600082397461,1983386.9,1789181.52,1918621.3333333333,23914267.29479637,0.0706701713269395,0.5729287011282784,0.0563351717630526,3.2752890279466,-0.0698166486933797,-6.572985649794503,-5.224233627242041,10.869999885559082,9.640000343322754,1894000.0,True,True,True,0.042281248962633,0.1391347051364692,0.2556538257906166,0.5442308743324736,0.951517540825036,0.1845139699630136,0.5232557956958456,False,False,0.2633540168109676,1.2051535268134128,0.3596256751819711,1.255809123966574,0.1157433166941661,0.9796395861548984,0.0039486635144263,0.7746614940043008,1.0337563048744725,57.0,92.0,92.0,89.0,89.0,61.0,61.0,90.0,86.0,84.0,81.0,53.84615384615385,81.0,False,inside; tight; volDry=0.95; 50SMA=+18.5%; 252H=0.52x; prior=3.1x; blind=RS/VARS,PRCH
2026-05-27,9.489999771118164,9.505000114440918,8.835000038146973,9.100000381469728,2398461.0,0.06152127701904,7.904229375651568,7.229990301973292,6.549999980926514,6.544999980926514,6.631199989318848,7.686250009536743,7.599049994945526,4.954999923706055,9.505000114440918,4.954999923706055,9.505000114440918,4.954999923706055,11.5,4.954999923706055,11.5,4.954999923706055,11.5,3.839999914169312,11.5,2161276.525,2049331.22,1462232.384920635,18085736.86802368,0.0953406487273074,0.6912142889840263,0.0728360701427692,5.918955963598945,0.7957014192274222,-4.997698867105127,-6.910781377203466,9.220000267028809,8.600000381469727,2390100.0,False,False,False,0.0706006419866332,0.3398313996221078,0.4794520864565582,0.7087911581189854,1.4405656202319506,0.4311134917366548,0.8252173714015795,False,False,0.5922818306002404,1.518928216710553,0.1419975080525799,1.054798328935336,-0.024665959137651,0.8563581084080826,0.9853555135092052,1.5319293945179069,1.4780663780178187,84.0,97.0,97.0,77.0,77.0,36.0,36.0,97.0,93.0,91.0,89.0,100.0,31.0,False,volDry=1.44; 50SMA=+43.1%; 252H=0.83x; prior=3.0x; blind=VARS,PSNL
2026-05-27,11.479999542236328,11.829999923706056,11.420000076293944,11.829999923706056,6729028.0,-0.0528053093536173,12.08892427039292,11.927980918320586,11.946800003051758,11.625000031789144,11.25240005493164,9.611780190467837,7.642869207859039,9.170000076293944,13.079999923706056,8.670000076293945,13.079999923706056,6.917743641588485,13.079999923706056,5.672549870013957,13.079999923706056,5.107121186987462,13.079999923706056,4.9706713922892,13.079999923706056,9323880.7,9606772.56,9840283.444444444,90386379.95184688,0.0441480068967679,0.547142778124128,0.0476605226429776,0.4243921232434505,-1.1697135901473228,6.91147523956314,10.747136609945487,12.699999809265137,11.979999542236328,8757200.0,False,False,False,0.0357142738467601,0.1445992956101406,0.1742160348214086,0.8299999237060548,0.7562490685217179,0.0202267503993458,0.8776758111007399,False,False,0.0017451574190909,0.9555965258885258,0.3928661392413486,1.2865114553601489,1.1299618637687403,1.8701388818805509,1.1186667185289785,1.634794272973564,0.9475215579551226,47.0,50.0,50.0,90.0,90.0,95.0,95.0,80.0,73.0,86.0,91.0,11.538461538461538,69.0,False,volDry=0.76; 50SMA=+2.0%; 252H=0.88x; prior=2.6x; blind=1m/RS,PTEN
2026-05-27,18.68000030517578,19.100000381469727,18.524999618530277,18.96999931335449,1096907.0,-0.0152872439997695,17.637518507501753,16.554365852028354,15.65480007171631,15.30933338801066,14.059400024414062,13.227200012207032,13.755872122077054,12.710000038146973,19.100000381469727,9.210000038146973,19.100000381469727,8.920000076293945,19.100000381469727,8.920000076293945,19.100000381469727,8.920000076293945,20.100000381469727,8.920000076293945,20.100000381469727,1039357.675,968582.14,1119776.784883721,24653319.4777298,0.0560390224176727,1.0446429933820451,0.0559230715372418,5.876795731879957,-0.2776058519665512,2.040733390360696,1.0495618663503945,18.989999771118164,18.26000022888184,1724700.0,False,False,False,0.0307816249221438,0.1711991382215097,0.34207710058507,0.5004694495150365,1.4738561047594785,0.3286484681236805,0.9293532313759034,True,False,0.3745401100395589,1.311217472947279,0.7441643546817172,1.6109856928182968,0.2469960531378687,1.0948814831822338,0.0,0.0,0.9281829102287812,44.0,94.0,94.0,96.0,96.0,74.0,74.0,91.0,94.0,93.0,91.0,96.15384615384616,32.0,False,NR7; volDry=1.47; 50SMA=+32.9%; 252H=0.93x; prior=2.3x,PTRN
2026-05-27,8.359999656677246,8.645000457763672,8.25,8.550000190734863,13492523.0,-0.0106509058721171,7.730560936775603,7.214438003947245,6.816399936676025,6.719666608174642,6.210799970626831,5.2732999849319455,4.971999986966451,5.539999961853027,9.130000114440918,4.25,9.130000114440918,3.240000009536743,9.130000114440918,3.009999990463257,9.130000114440918,3.009999990463257,9.130000114440918,0.0,0.0,8601128.075,8271060.46,0.0,91698986.3937347,0.0874768157723488,0.7765000547681536,0.0928827854852784,3.7255808713440537,-0.1159048889117757,2.360275129184762,3.5285208412337874,9.130000114440918,8.350000381469727,18891100.0,False,False,False,0.0472488605245551,0.3797847274071294,0.4090909350172454,0.9283626081597712,2.095189895395832,0.3460423288811063,0.0,True,False,0.3375999450683593,1.2759790761845988,1.0193236536922805,1.8651347314464943,0.0,0.0,0.0,0.0,0.0,0.0,94.0,94.0,97.0,97.0,0.0,0.0,92.0,93.0,96.0,96.0,92.3076923076923,15.0,False,NR7; volDry=2.10; 50SMA=+34.6%,PURR
2026-05-27,159.11000061035156,167.05999755859375,157.0,166.50999450683594,1622654.0,-0.0331774106512036,155.95259761123282,151.60927902261378,149.7652001953125,147.2153335571289,135.89400009155273,120.20506614685058,109.06653490458449,129.1999969482422,171.52000427246094,105.41000366210938,171.52000427246094,92.6105835224214,171.52000427246094,75.6064981562771,171.52000427246094,70.40145028140697,171.52000427246094,70.40145028140697,171.52000427246094,1721978.85,1788581.08,2301900.3698630137,303904333.4225327,0.0464688826322996,8.586142403738839,0.0539635621318716,3.1658221448170125,-0.635909172842233,7.055776884285686,8.202138808314487,165.25,159.0030059814453,1581100.0,False,False,True,0.0632266829237838,0.1882345348083272,0.2147570739605807,0.8764998113304441,1.0099376652245475,0.1708390400102879,0.927646902093146,False,False,0.1060826823730178,1.0551274052018436,0.3283169698662782,1.2268910485633822,1.1020149537830917,1.8456010702503929,0.0,0.0,0.7480683667045395,24.0,81.0,81.0,88.0,88.0,95.0,95.0,77.0,84.0,87.0,91.0,80.76923076923077,37.0,False,volDry=1.01; 50SMA=+17.1%; 252H=0.93x; prior=2.4x,Q
2026-05-27,27.479999542236328,28.049999237060547,25.69499969482422,27.26000022888184,33858382.0,-0.0122214290552686,24.39333146576463,22.710374450454108,21.725199966430665,21.63900000254313,18.99119993209839,20.69979989051819,23.08424996852875,17.110000610351562,31.549999237060547,12.75,31.549999237060547,12.75,31.549999237060547,12.75,32.38999938964844,12.75,37.619998931884766,12.75,46.75,35477767.05,32449357.64,41473670.56349207,940572028.5663496,0.1012627060074751,2.6939285823277066,0.0980323372344741,4.5595766267501725,-0.1262097870070895,-7.989661953308712,-7.678417725572608,29.479999542236328,26.32999992370605,54691500.0,False,True,False,0.0856986747258394,0.5027292160422182,0.5254730301037644,0.956717447407234,1.5250868368191215,0.4469859535199989,0.5878074768392797,False,False,0.4617021626290731,1.394364123596878,0.3984732862957532,1.291690459080714,0.3463988117432868,1.1821586156963595,0.4617021626290731,1.1278707988192709,0.8554286748188121,35.0,96.0,96.0,90.0,90.0,81.0,81.0,94.0,95.0,93.0,92.0,92.3076923076923,48.0,False,tight; volDry=1.53; 50SMA=+44.7%; 252H=0.59x; prior=3.7x; blind=VARS,QBTS
2026-05-27,233.3999938964844,248.26499938964844,224.17999267578125,245.42999267578125,25569104.0,-0.0619725623898149,219.32296662120447,203.23376331919897,191.95960083007813,182.5263341267904,161.02360046386718,154.89604934692383,160.3453798675537,131.7899932861328,258.0,121.98999786376952,258.0,121.98999786376952,258.0,121.98999786376952,258.0,121.98999786376952,258.0,121.98999786376952,258.0,22182845.1,21102212.08,11500364.301587302,6441559284.020315,0.0881003359672945,20.87285614013672,0.0894295487830821,5.0260449159564144,-0.7387591484465322,-3.563397622406682,-4.5724201127806765,258.0,235.8000030517578,30646400.0,False,False,False,0.1031919766225408,0.2869751391563681,0.4584404575754006,0.6259812684816735,1.191662291359172,0.449476928997486,0.9046511391336604,False,False,0.5533076163254222,1.4817494757059984,0.6108798962034101,1.487878397850805,0.4457977388199303,1.26943238407,0.643064105067749,1.267812330085673,1.9288819482821324,91.0,97.0,97.0,94.0,94.0,84.0,84.0,96.0,93.0,91.0,89.0,88.46153846153845,31.0,False,volDry=1.19; 50SMA=+44.9%; 252H=0.90x; prior=2.1x; blind=VARS,QCOM
2026-05-27,9.109999656677246,9.289999961853027,8.460000038146973,8.710000038146973,29501426.0,0.0459241810308157,8.26631366594583,7.944336158742616,7.732399997711181,7.625999991099039,7.1834000205993656,7.928250012397766,10.119875013828278,6.550000190734863,9.656999588012695,5.900000095367432,9.656999588012695,5.900000095367432,11.93000030517578,5.900000095367432,13.100000381469728,5.900000095367432,18.559999465942383,3.880000114440918,19.06999969482422,23301600.65,20508076.52,29677395.34126984,201868658.4285737,0.0837172946898519,0.7442858219146729,0.0816998737611524,3.282766832379146,0.5374274327855335,-10.742265862461592,-11.274621996995773,9.039999961853027,8.15999984741211,36180600.0,False,False,False,0.0911086668480497,0.2371020778062182,0.3007683725992086,0.7883211780454409,1.4275055279538231,0.2682016357926744,0.4777136760599837,False,False,0.2903682337836697,1.2309232464846538,0.2958747346787918,1.1969259959066192,-0.2057541896607904,0.6973598903117979,1.294710224439562,1.7706320207136286,0.7851632659149315,27.0,93.0,93.0,87.0,87.0,21.0,21.0,88.0,85.0,82.0,78.0,100.0,36.0,False,volDry=1.43; 50SMA=+26.8%; 252H=0.48x; prior=4.9x; blind=VARS,QS
2026-05-27,2.0999999046325684,2.3499999046325684,1.2200000286102295,1.25,76451429.0,0.3815789019632201,0.9084668397508876,0.6985635983792193,0.5640799975395203,0.5589999983708064,0.5283600008487701,0.6207499992847443,0.8657549965381622,0.2829999923706054,2.3499999046325684,0.2829999923706054,2.3499999046325684,0.2829999923706054,2.3499999046325684,0.2829999923706054,2.3499999046325684,0.2829999923706054,2.3499999046325684,0.2829999923706054,2.3499999046325684,28104318.225,22524374.58,5016747.337301588,53790205.18185127,0.258773310896101,0.2434285623686654,0.1159183682969059,25.66083921740041,2.382628883243626,-8.004817273122676,-14.465013807613277,1.590000033378601,1.1100000143051147,217503900.0,False,False,False,0.5380952034948078,0.9842857172051256,0.9842857172051256,1.0,4.936979826234093,2.9745626112103083,0.8936170169593737,False,False,3.125736524285731,3.935671123678257,2.5593220304737345,3.287543889906249,1.295081809164432,2.015116702991438,3.4210524862823046,3.4113488553348383,5.602099594698101,99.0,99.0,99.0,99.0,99.0,96.0,96.0,99.0,99.0,99.0,99.0,100.0,36.0,False,volDry=4.94; 50SMA=+297.5%; 252H=0.89x; prior=8.3x; blind=VARS,QTEX
2026-05-27,11.420000076293944,11.81999969482422,11.119999885559082,11.56999969482422,20039485.0,-0.022260292987032,10.93919869423056,10.390940019399348,10.052800064086917,9.965666675567627,8.804999990463257,9.198250007629394,12.183224987983705,7.980000019073486,14.449999809265137,6.179999828338623,14.449999809265137,6.179999828338623,14.449999809265137,6.179999828338623,14.449999809265137,6.179999828338623,17.399999618530273,6.179999828338623,25.84000015258789,22197319.625,19558311.7,24464303.51190476,326620173.042151,0.0999513356260271,1.3592854227338518,0.1190267437524371,2.495156526178881,-0.1912771405720754,-6.005802090403546,-5.872918438335369,12.529999732971191,11.265000343322754,34034000.0,False,True,True,0.0612959548676555,0.3721541131004285,0.5665498902773488,0.6568779192918813,1.62340742836203,0.2969903564637148,0.4419504647390734,False,False,0.2549450107220237,1.1971319087948409,0.3156681652976827,1.215208065169893,0.1196078715531567,0.9830327240443116,-0.1419985186880393,0.6620465104702794,0.9073350326200128,41.0,91.0,91.0,88.0,88.0,61.0,61.0,90.0,92.0,90.0,88.0,80.76923076923077,58.0,False,tight; volDry=1.62; 50SMA=+29.7%; 252H=0.44x; prior=4.2x; blind=VARS,QUBT
2026-05-27,2.930000066757202,3.4800000190734863,2.799999952316284,3.4100000858306885,6284588.0,-0.1556195842653358,2.780363946111971,2.11746746410648,1.4644799983501435,1.3048666636149089,0.982899997830391,0.9719699975848198,1.2037899972498416,0.3000000119209289,4.929999828338623,0.3000000119209289,4.929999828338623,0.3000000119209289,4.929999828338623,0.3000000119209289,4.929999828338623,0.3000000119209289,4.929999828338623,0.3000000119209289,4.929999828338623,26168912.2,21059245.76,4482992.015873016,112195336.78367504,0.4187580566309594,0.957285708614758,0.3267186644382027,6.063243263764292,-0.5640948746998795,-2.65423774818754,-4.293317706407858,4.039999961853027,3.3499999046325684,8301600.0,False,False,True,0.2320819287590655,1.516382163328766,1.5802046794974918,0.9596112345465136,4.8266238951950005,1.980974741300999,0.5943205210505236,False,False,4.425925833943453,5.175963006403601,3.74110065479274,4.3790857797207705,1.9329329619588127,2.575159707509109,0.3952381903892785,1.0765862243147302,5.837376490375898,99.0,99.0,99.0,99.0,99.0,98.0,98.0,99.0,99.0,99.0,99.0,73.07692307692307,41.0,False,volDry=4.83; 50SMA=+198.1%; 252H=0.59x; prior=16.4x; blind=VARS,QUCY
2026-05-27,25.170000076293945,25.739999771118164,24.82999992370605,25.149999618530277,494796.0,0.0007952468416316,25.058852525253897,24.00210544200033,23.03120002746582,22.097000058492025,19.693600025177,20.49105001449585,26.393900022506717,16.209999084472656,29.82999992370605,8.729999542236328,29.82999992370605,8.729999542236328,29.82999992370605,8.729999542236328,29.82999992370605,8.729999542236328,71.5,8.729999542236328,71.5,1749859.9,1815775.92,2762598.0,51762441.58270683,0.0918329568254106,2.090714318411691,0.083063739057387,3.347792838167507,0.0095663274449022,-4.820769119420978,-3.2913866690382725,25.520000457763672,24.0,1222300.0,False,True,True,0.0361541455960972,0.218514103429825,0.5256257251543214,0.4157218586774274,0.6528997256445609,0.2780801907277348,0.3520279730950202,True,True,0.4061452856254639,1.341366653870499,0.0120626950919633,0.9347849115548548,-0.0949298612134647,0.7946653347017391,0.660290259210695,1.2811042829407215,0.6334109776377164,17.0,95.0,95.0,55.0,55.0,29.0,29.0,93.0,97.0,97.0,96.0,69.23076923076923,97.0,False,tight; NR20; volDry=0.65; 50SMA=+27.8%; 252H=0.35x; prior=8.2x; blind=RS/VARS,QURE
2026-05-27,24.0,24.91990089416504,22.1299991607666,24.309999465942383,119851938.0,0.0889291743673124,17.063233409257826,14.488975159465646,12.365600090026856,12.037666765848796,10.93520004272461,10.450300011634829,9.15079998254776,8.300000190734863,24.91990089416504,7.429999828338623,24.91990089416504,7.429999828338623,24.91990089416504,5.179999828338623,24.91990089416504,4.869999885559082,24.91990089416504,4.869999885559082,24.91990089416504,35907185.95,32624030.76,15548718.404761905,727082399.0866715,0.1316046681910179,2.2017784799848283,0.0917407699993678,13.02307828580019,0.890189045941698,4.294013590696915,2.145655273424998,23.100000381469727,19.200000762939453,108331400.0,False,True,False,0.1162459055582682,0.5837458769480387,0.692495862642924,0.8429593712230441,2.048797534912574,1.194747229701357,0.963085692111222,False,False,1.5723472879158118,2.453843788019169,1.7842227747829478,2.571628667765483,3.528301723829244,3.97591772259978,0.8461538461538463,1.4245193490441597,2.309334121004029,93.0,99.0,99.0,99.0,99.0,99.0,99.0,99.0,98.0,98.0,98.0,100.0,54.0,False,tight; volDry=2.05; 50SMA=+119.5%; 252H=0.96x; prior=5.1x,RDW
2026-05-27,4.699999809265137,4.860000133514404,4.46999979019165,4.599999904632568,2196280.0,0.0217391101534285,4.693943899515712,4.410233038957808,3.782799968719482,3.5046666423479715,4.729099986553192,6.239799989461899,6.773749994635582,1.843000054359436,5.550000190734863,1.5,9.100000381469728,1.5,9.100000381469728,1.5,11.085000038146973,1.5,11.260000228881836,1.5,13.239999771118164,8703994.5,7269913.6,5404735.634920635,27251138.764113665,0.1529458030875894,0.6185715198516846,0.1316109670115924,-0.0467546767154881,0.1616626395223392,-13.563476645788242,-12.304587010066925,5.010000228881836,4.505000114440918,3600100.0,False,True,True,0.0829787998190859,0.3446808914298561,0.6840426134167372,0.503888039530466,0.852033234617809,-0.0061534282148397,0.3549848859905384,False,False,0.7537312284294577,1.6729399257063666,-0.426829278220881,0.5294052878961615,-0.4891304449232857,0.4485512321931941,-0.437125797060399,0.4343219796311882,1.610438527975811,88.0,98.0,98.0,5.0,5.0,8.0,8.0,98.0,98.0,97.0,97.0,69.23076923076923,98.0,False,tight; volDry=0.85; 50SMA=-0.6%; 252H=0.35x; prior=8.8x; blind=RS/VARS,REPL
2026-05-27,24.6200008392334,25.8523006439209,23.620100021362305,24.625,55988731.0,-0.0177538274623041,21.522025406465687,19.97666152575613,18.889600257873536,18.950000222524007,17.26440013885498,18.44245002746582,23.20755003452301,15.300000190734863,27.78499984741211,12.529999732971191,27.78499984741211,12.529999732971191,27.78499984741211,12.529999732971191,30.20499992370605,12.529999732971191,44.52000045776367,10.300000190734863,58.150001525878906,39338628.275,36389958.62,49055294.56746032,1030933691.687746,0.1031461469455909,2.4435857364109586,0.0992520573970478,4.292666353089135,-0.1821093028140754,-6.477272005516523,-7.395729427047453,26.56999969482422,23.71999931335449,89078700.0,False,True,False,0.0906661472976659,0.5006092359519556,0.5071080110111806,0.9871846334151448,1.825939506935334,0.4260559672631787,0.4233877935201185,False,False,0.4559432916258257,1.3888705536175412,0.396483381237033,1.2898524966369451,0.0436625977101789,0.9163516195960306,0.7560627699979783,1.3550037550823604,0.8019242086275098,28.0,96.0,96.0,90.0,90.0,51.0,51.0,94.0,93.0,92.0,90.0,92.3076923076923,56.0,False,tight; volDry=1.83; 50SMA=+42.6%; 252H=0.42x; prior=5.6x; blind=VARS,RGTI
2026-05-27,26.940000534057617,27.38500022888184,25.670000076293945,26.489999771118164,16698022.0,0.032975483622216,24.567657044484623,23.019979517413308,21.88580009460449,21.17050011952718,18.485600147247315,17.08815007209778,16.674275035858155,15.3100004196167,27.38500022888184,11.5,27.38500022888184,11.5,27.38500022888184,11.5,27.38500022888184,11.5,27.38500022888184,7.929999828338623,27.38500022888184,18608668.05,18014394.44,27144676.67460317,424457155.4007261,0.0596429003162131,1.4382145745413644,0.053385840609883,8.566889618286565,0.5979640490194658,3.89867326429326,2.360995574545699,26.299999237060547,25.13999938964844,16734000.0,False,False,False,0.0636599895541866,0.2099109344669998,0.4482182468407857,0.4683230456290716,0.80485204475183,0.4573506036843084,0.9837502395068488,False,False,0.4737417681684601,1.4058490857564636,0.577283410678852,1.4568472296218702,1.11959090898518,1.861033025990416,2.150877185155028,2.431262988220697,0.6855365519019223,20.0,96.0,96.0,94.0,94.0,95.0,95.0,96.0,96.0,95.0,94.0,100.0,53.0,False,volDry=0.80; 50SMA=+45.7%; 252H=0.98x; prior=3.5x,RIOT
2026-05-27,150.22999572753906,150.99989318847656,137.91000366210938,149.72000122070312,28919009.0,0.0490921712926974,131.19947674679185,117.57122682029976,105.80319915771484,102.0836659749349,88.38219978332519,82.75850017547607,68.10797506332398,69.5999984741211,150.99989318847656,56.13199996948242,150.99989318847656,56.13199996948242,150.99989318847656,41.5,150.99989318847656,37.56999969482422,150.99989318847656,25.239999771118164,150.99989318847656,26700135.225,26808198.18,23464843.686507937,3365983068.9071326,0.0932671587376869,13.19142096383231,0.0878081697330046,7.96937927090299,0.5329220255021376,1.9122161335104515,2.800733356623809,146.0,138.55999755859375,32920000.0,False,True,False,0.087132329751958,0.2381008510205655,0.5126133096906568,0.4644843325746859,1.0696758024339552,0.6997766076861385,0.9949013377116994,False,False,0.8256166491206356,1.7415137119291095,1.1400285221992568,1.9766229726184323,2.7277915278317195,3.273057606490521,4.909913268160836,4.560175642570122,1.1378782480597698,68.0,98.0,98.0,97.0,97.0,99.0,99.0,98.0,97.0,96.0,98.0,100.0,61.0,False,tight; volDry=1.07; 50SMA=+70.0%; 252H=0.99x; prior=6.0x; blind=VARS,RKLB
2026-05-27,14.43000030517578,14.869999885559082,14.109999656677246,14.199999809265137,3018871.0,0.0183486399069827,13.433387468288254,13.319064481431994,13.36800006866455,13.858666706085206,12.948800029754638,10.851800012588502,8.426200010776519,11.619999885559082,17.31999969482422,9.0600004196167,17.31999969482422,7.010000228881836,17.31999969482422,7.010000228881836,17.31999969482422,5.949999809265137,17.31999969482422,2.825000047683716,17.31999969482422,4016821.775,3644315.42,2396701.869047619,54882078.427672006,0.0752798885126999,0.9900714329310826,0.0686120174630877,1.667186061070848,0.2626075455102381,-0.674169670895143,1.368670072042937,14.300000190734863,13.263999938964844,2373500.0,False,False,False,0.0526680674157184,0.2654192545188168,0.2654192545188168,1.0,1.5641695196624883,0.1143889991364095,0.8331409098978181,False,False,-0.0347825759681341,0.9207515607146024,0.5650759096806319,1.4455718533074708,1.131462384908449,1.8714563622421416,3.958762845210224,3.826254044341751,1.6759789053763998,89.0,33.0,33.0,94.0,94.0,95.0,95.0,78.0,87.0,93.0,91.0,76.92307692307693,49.0,False,volDry=1.56; 50SMA=+11.4%; 252H=0.83x; prior=6.1x; blind=1m/VARS,RLAY
2026-05-27,3.259999990463257,3.390000104904175,2.859999895095825,3.119999885559082,34831127.0,0.0283911394331985,2.808874350574181,2.6867620452763794,2.632600011825561,2.6041666825612384,2.4027000045776368,2.840700001716614,3.4068499982357023,2.299999952316284,3.390000104904175,1.850000023841858,3.390000104904175,1.850000023841858,5.599999904632568,1.850000023841858,5.599999904632568,1.850000023841858,6.420000076293945,1.7100000381469729,7.429999828338623,11796870.675,10916388.54,24471808.44047619,41654579.64159533,0.1003671968914539,0.3017142670495169,0.0925503889362411,3.855271956055557,0.2982951885219961,-6.163383915660918,-6.352160145117153,3.2799999713897705,2.753000020980835,39668200.0,False,False,False,0.1625767519505528,0.3343558760050787,0.3343558760050787,1.0,1.7116175950989008,0.356806918987925,0.4387617854349541,False,False,0.2936507996578126,1.2340545903420204,0.2209737443109936,1.127744199170231,0.0866666634877522,0.954109842810078,0.4818181453657553,1.1433925857457186,0.482059619896667,11.0,93.0,93.0,83.0,83.0,57.0,57.0,90.0,91.0,88.0,86.0,100.0,26.0,False,volDry=1.71; 50SMA=+35.7%; 252H=0.44x; prior=4.3x; blind=VARS,RR
2026-05-27,9.75,9.789999961853027,8.829999923706055,8.899999618530273,4720280.0,0.0942761130160811,8.272106757093614,7.798119686384772,7.615399990081787,7.40049999554952,6.475299997329712,6.178449997901916,6.640300002098083,5.235000133514404,9.789999961853027,4.619999885559082,9.789999961853027,4.619999885559082,9.789999961853027,4.619999885559082,9.789999961853027,4.619999885559082,9.789999961853027,4.619999885559082,10.989999771118164,3163634.5,2862453.6,2835768.571428572,27181235.140363216,0.0964136089623228,0.7833571093423026,0.0803443189069028,6.294430647036633,1.072308073253008,-2.869343000803584,-4.406577237760287,9.244999885559082,8.199999809265137,4808700.0,False,False,False,0.0984615423740484,0.3046153630965795,0.3338461655836839,0.9124422997760112,1.2161273111990356,0.505721743242894,0.8871701731626149,False,False,0.3522884810560733,1.289990937241568,0.6927082660711501,1.563458622139719,0.7135324959491887,1.5045075691497622,0.0644104980803659,0.8213147311639901,1.1156180133579308,66.0,94.0,94.0,95.0,95.0,91.0,91.0,96.0,94.0,93.0,91.0,100.0,36.0,False,volDry=1.22; 50SMA=+50.6%; 252H=0.89x; prior=2.4x; blind=VARS,RUM
2026-05-27,50.0099983215332,56.88710021972656,50.0,55.9900016784668,975604.0,-0.1302608987559442,53.13105227385738,47.927037068073496,43.37879981994629,40.30633316040039,34.60159992218018,33.10982449849447,0.0,24.270000457763672,77.38999938964844,21.0,77.38999938964844,21.0,77.38999938964844,0.0,0.0,0.0,0.0,0.0,0.0,829080.1,818236.08,0.0,63340425.07548981,0.1395473518721783,10.098572049822126,0.2019310615628216,2.2052518257768376,-0.7416891855119976,6.669252440193207,7.190136964109165,59.56999969482422,55.88999938964844,457000.0,False,False,True,0.1377144661242895,0.6576684761752277,0.9176164952976856,0.7167138772520347,1.9223674419245849,0.4453088421924673,0.0,False,False,0.4008402591814257,1.33630602063247,0.0,0.0,0.0,0.0,0.0,0.0,0.0,0.0,95.0,95.0,0.0,0.0,0.0,0.0,97.0,96.0,95.0,0.0,65.38461538461539,23.0,False,volDry=1.92; 50SMA=+44.5%; blind=RS,RVI
2026-05-27,25.049999237060547,25.700000762939453,24.850000381469727,25.200000762939453,1385097.0,0.0019999694824219,22.831906967977748,21.367282435408995,20.615600051879884,20.256000010172524,18.00879997253418,16.4435999584198,15.81664999485016,15.93000030517578,25.700000762939453,11.68000030517578,25.700000762939453,11.18000030517578,25.700000762939453,11.18000030517578,25.700000762939453,10.425000190734863,25.700000762939453,10.425000190734863,25.700000762939453,2501827.425,2374517.94,2149161.8928571427,68315166.02639751,0.076327853082422,1.8603572845458984,0.0742657621239991,5.264695026802283,0.0268761476496442,4.34193302227189,3.651889140584791,25.280000686645508,24.46999931335449,2000400.0,False,True,False,0.0339321519903354,0.3572854704801051,0.3572854704801051,1.0,1.5557640722647057,0.3909865885158996,0.9747081125843295,False,False,0.2892433784670454,1.2298502112673306,0.7017662216467351,1.571824941976082,1.1839580343400904,1.917548340132288,0.6611405413657501,1.281760373105984,1.1640944469167076,70.0,93.0,93.0,95.0,95.0,96.0,96.0,93.0,95.0,94.0,93.0,100.0,54.0,False,tight; volDry=1.56; 50SMA=+39.1%; 252H=0.97x; prior=2.5x,RXO
2026-05-27,4.630000114440918,5.070000171661377,4.5507001876831055,5.048999786376953,20738664.0,-0.0684104004233009,4.613724610194826,4.112206782407847,3.592400007247925,3.2236666758855184,2.4323000061511992,1.8023800054192545,1.5432700015604497,1.1299999952316284,7.650000095367432,0.8619999885559082,7.650000095367432,0.3930000066757202,7.650000095367432,0.3930000066757202,7.650000095367432,0.3930000066757202,7.650000095367432,0.3930000066757202,7.650000095367432,23386436.6,20483823.28,10358374.46031746,190271191.50075307,0.2438632904107449,1.3185213463647023,0.2847778215495609,3.17281774044854,-0.257864369574407,0.6198171856793646,-0.0759512926097462,5.170000076293945,3.910000085830689,24448000.0,True,False,True,0.1121598209811228,0.8574513888731545,1.3455723508194906,0.6372391557770514,1.404292841565659,0.9035481242987357,0.6052287655845496,True,False,2.0162867850946915,2.877331776023844,2.429629653831241,3.1677543972028595,3.3886259190838937,3.853280243612223,3.1711712205151663,3.218536810558332,2.257732300525777,93.0,99.0,99.0,99.0,99.0,99.0,99.0,99.0,99.0,99.0,99.0,65.38461538461539,74.0,False,inside; NR7; volDry=1.40; 50SMA=+90.4%; 252H=0.61x; prior=19.5x; blind=RS/VARS,RXT
2026-05-27,15.5600004196167,15.859999656677246,15.239999771118164,15.550000190734863,2759679.0,-0.0195336778940035,14.615460706782656,13.743824847558066,12.90919994354248,12.73599993387858,12.587999935150146,14.428199977874756,17.659524993896483,11.079999923706056,16.155000686645508,10.300000190734863,16.155000686645508,10.300000190734863,18.940000534057617,10.300000190734863,21.959999084472656,10.300000190734863,23.07999992370605,10.300000190734863,24.950000762939453,3152836.975,3438873.58,2531950.3134920634,43369744.75502477,0.0596179529900986,0.8432856968470982,0.0541957374103895,4.35639262370609,-0.3676090642844034,-13.624923651751976,-14.0187151720261,16.155000686645508,15.140000343322754,3243900.0,True,True,False,0.0398457499253946,0.310732703176906,0.3261568525757449,0.9527094118151116,1.1165888511667823,0.2360979106909333,0.6236472923371372,False,False,0.3108677817719976,1.2504784164745957,0.1637995925806277,1.074935677892172,-0.1643394351072801,0.7337226741209959,-0.0895260221948861,0.7025350573499849,1.245220713139355,76.0,93.0,93.0,79.0,79.0,24.0,24.0,89.0,84.0,80.0,77.0,92.3076923076923,56.0,False,inside; tight; volDry=1.12; 50SMA=+23.6%; 252H=0.62x; prior=2.4x; blind=VARS,SAIL
2026-05-27,261.82000732421875,266.25,250.0,266.25,739079.0,0.0071162291603985,242.801573204279,229.8738739945083,225.79960021972656,216.39600016276043,183.48639984130855,167.13149925231934,151.85589965820313,151.35000610351562,266.25,118.0999984741211,266.25,118.0999984741211,266.25,118.0999984741211,266.25,118.0999984741211,266.25,82.44999694824219,266.25,878214.475,828825.58,762647.1388888889,213002154.95578307,0.0585957918103621,13.744999476841516,0.0524978958533933,8.13209326818842,0.1345948471393278,5.215568566061855,4.562885471459867,262.7799987792969,247.0,884000.0,False,False,False,0.0620655394752823,0.2015888675533416,0.2336719538779189,0.8627003121592461,0.952936201607098,0.4269177854634367,0.9833615298562206,False,False,0.3920672308340467,1.3279371502184854,0.6229853424071354,1.4990595119396444,0.7825435635919986,1.5651003351866852,2.109501387335676,2.3993368165754694,1.1515344780280468,69.0,95.0,95.0,94.0,94.0,92.0,92.0,95.0,95.0,94.0,93.0,100.0,44.0,False,volDry=0.95; 50SMA=+42.7%; 252H=0.98x; prior=3.2x,SANM
2026-05-27,9.770000457763672,9.899999618530272,9.010000228881836,9.609999656677246,24009641.0,-0.0903165115480727,9.561046990640246,8.750697724816462,8.013000030517578,7.853500016530355,7.0105000019073485,5.230299994945526,3.9507749968767167,5.769999980926514,12.0,2.869999885559082,12.0,2.7300000190734863,12.0,1.559999942779541,12.0,1.2549999952316284,12.0,1.2549999952316284,12.0,11174503.525,12194094.82,5967324.369047619,90261618.43747416,0.1178535113694156,1.1552141393933977,0.1182409503855666,3.328998232621839,-0.839670568665164,11.293504046257889,12.544528588929644,12.0,10.390000343322754,15144100.0,False,True,True,0.0910951226149846,0.4657113590121925,0.6376662975612098,0.7303371070312662,0.9809169336933202,0.3936239148570779,0.8141667048136393,False,False,0.5594574087747324,1.4876159580702726,2.0436138136009405,2.8112134587626123,6.183823790439888,6.307506448640727,1.6767123842445169,2.065390482557155,1.872615402467797,91.0,97.0,97.0,99.0,99.0,99.0,99.0,95.0,98.0,98.0,99.0,80.76923076923077,76.0,False,tight; volDry=0.98; 50SMA=+39.4%; 252H=0.81x; prior=9.6x,SATL
2026-05-27,73.2300033569336,75.58000183105469,68.77999877929688,70.2249984741211,7110005.0,0.0350530509813935,60.34445990729724,54.21554451811799,49.33520034790039,47.62700030008952,47.259199981689456,41.25780002593994,37.65167503356933,36.06999969482422,75.7300033569336,31.5,75.7300033569336,29.43000030517578,75.7300033569336,28.209999084472656,75.7300033569336,28.209999084472656,75.7300033569336,13.729999542236328,75.7300033569336,4394095.125,4338648.1,4204047.242063492,280531652.6955662,0.1182185170895926,6.759286063058036,0.0923021405599601,5.953704094510564,0.3669031512792034,3.890490200605852,2.1663290713227963,75.7300033569336,63.0,8300100.0,True,False,False,0.0928581556744387,0.4913287137454012,0.5213710551640726,0.942378194721191,1.5305298671261218,0.5495396321839241,0.9669879850893852,False,False,0.5455888920655667,1.4743863394508523,0.7250883872978942,1.5933663036537846,1.1256894553022132,1.8663876423262469,3.3837176708401504,3.3825407648817367,1.0452059341852749,59.0,97.0,97.0,95.0,95.0,95.0,95.0,97.0,96.0,96.0,95.0,100.0,54.0,False,inside; volDry=1.53; 50SMA=+55.0%; 252H=0.97x; prior=5.5x,SEDG
2026-05-27,10.100000381469728,10.39009952545166,9.470000267028809,9.470000267028809,8314975.0,0.0907127572165646,8.798769951090602,8.053881882323088,7.533599987030029,7.399999984105428,6.61799997329712,6.445599966049194,7.01244996547699,6.159999847412109,10.630000114440918,4.489999771118164,10.630000114440918,4.489999771118164,10.630000114440918,4.489999771118164,10.630000114440918,4.489999771118164,10.630000114440918,4.489999771118164,16.700000762939453,5163576.875,4887547.5,5321825.694444444,50783026.95169449,0.0853290736631142,0.8082214082990374,0.0800219185913958,6.574959724851488,1.0393193547740018,-1.189559144889274,-2.2279715670055324,10.220000267028809,9.204999923706056,8654400.0,False,False,False,0.0910989330367689,0.422772259371455,0.4425742671485271,0.955257209361369,1.5957118575318194,0.5261408918437722,0.6047904143743269,False,False,0.4985164279603735,1.4294824206938823,0.7235495138824299,1.5919449335582907,0.4985164279603735,1.315720194213638,-0.2115534698966122,0.6083768913186273,0.9702641859146864,50.0,96.0,96.0,95.0,95.0,86.0,86.0,94.0,95.0,94.0,93.0,100.0,26.0,False,volDry=1.60; 50SMA=+52.6%; 252H=0.60x; prior=3.7x; blind=VARS,SG
2026-05-27,12.119999885559082,12.5,10.62440013885498,10.789999961853027,9605712.0,0.1201478953235759,10.099886959311126,9.354355545408414,8.84779998779297,8.548499981562296,7.762299957275391,8.182799954414367,8.159374990463256,6.710000038146973,12.5,5.429999828338623,12.5,5.429999828338623,12.5,5.429999828338623,12.5,5.429999828338623,12.5,3.990000009536743,12.5,5780125.3,5385742.24,5435783.380952381,55979282.08074055,0.0944871216787619,0.9536142689841134,0.0786810460386505,7.13504596398294,1.3632348351076535,-0.393033193506425,-1.472047710423194,11.074999809265137,10.199999809265137,6395100.0,False,False,False,0.1547524652520654,0.3118811690316138,0.4389439126975678,0.7105262426694132,1.1135291911036571,0.5613928799800294,0.9695999908447266,False,False,0.5538461011777511,1.482263153511494,0.7693430736199689,1.6342418474714624,0.5498720741056149,1.3608112318955892,1.6405227631039834,2.0374660408013017,1.063347248209749,61.0,97.0,97.0,96.0,96.0,88.0,88.0,96.0,95.0,94.0,93.0,100.0,41.0,False,volDry=1.11; 50SMA=+56.1%; 252H=0.97x; prior=3.1x; blind=VARS,SHLS
2026-05-27,6.085000038146973,6.789999961853027,5.579999923706055,6.75,57999414.0,-0.0185483507509647,4.693028268358047,4.199442602576559,3.756999998092651,3.939833331108093,3.5748999881744385,3.185049990415573,2.1678649953007696,2.869999885559082,6.789999961853027,1.8200000524520876,6.789999961853027,1.7999999523162842,6.789999961853027,0.6389999985694885,6.789999961853027,0.628000020980835,6.789999961853027,0.628000020980835,6.789999961853027,28756685.35,25062286.28,15393704.817460315,105327950.82647993,0.1606512844720971,0.7070713554109845,0.116199071648043,6.042608782520786,-0.1626423843054999,-0.3076390179747621,2.898161450166328,6.639999866485596,5.0,61686600.0,False,False,False,0.1988496352607167,0.5916187152118497,0.6442070750565975,0.918367304736404,1.2840389356529207,0.7021455308612268,0.8961708501227066,False,False,0.8164179735445043,1.7327388031030226,1.9396136398006545,2.715154396671843,7.178763298184485,7.18107845488313,2.90064119316888,3.0097918788967064,1.868080861040204,91.0,98.0,98.0,99.0,99.0,99.0,99.0,98.0,98.0,98.0,99.0,96.15384615384616,36.0,False,volDry=1.28; 50SMA=+70.2%; 252H=0.90x; prior=10.8x; blind=VARS,SIDU
2026-05-27,284.9800109863281,287.95001220703125,268.1000061035156,287.95001220703125,844181.0,-0.018393483753006,266.4618224514967,244.84236308562336,231.5020751953125,216.10064595540365,177.3879655456543,149.53639656066895,118.71679691314698,128.2476704923978,294.0,104.77568872158189,294.0,104.77568872158189,294.0,82.85321577151404,294.0,79.29413020087527,294.0,59.26167407435536,294.0,1007094.525,914613.62,539198.3373015873,346639788.396492,0.0849371033008667,18.38428279331752,0.0645107800006348,9.402075150498389,-0.2904653065841466,12.03818391155894,12.69188496451384,294.0,276.20001220703125,1850200.0,False,True,False,0.069654029539875,0.2244016930412364,0.3564935930011297,0.6294690772760263,1.174679751652944,0.6065352015832375,0.9693197652596196,False,False,0.9354949362885572,1.8463301003195156,0.9968038650417206,1.8443344798968264,2.537195385658359,3.105711297489405,3.555943434578012,3.5154326868413364,1.8677626678895087,91.0,98.0,98.0,97.0,97.0,98.0,98.0,98.0,97.0,96.0,97.0,96.15384615384616,59.0,False,tight; volDry=1.17; 50SMA=+60.7%; 252H=0.97x; prior=5.0x,SIMO
2026-05-27,3.930000066757202,4.025300025939941,3.881999969482422,3.890000104904175,41651.0,-0.0100755570692099,4.173563227311615,4.071454984048183,3.978399991989136,3.666099993387858,3.1875599908828733,3.0945800018310545,3.408790004253388,1.6100000143051147,17.950000762939453,1.6100000143051147,17.950000762939453,1.6100000143051147,17.950000762939453,1.6100000143051147,17.950000762939453,1.6100000143051147,17.950000762939453,1.6100000143051147,17.950000762939453,1212671.775,978761.22,217530.1626984127,19670676.79695207,0.6709447421514454,0.6729499782834735,0.1712340882575992,1.3602314553280384,-0.05943972530478,-8.235057623316203,-6.704632329563334,4.070000171661377,3.859999895095825,34900.0,True,True,True,0.0364631180720976,0.5521628599066406,4.139949246570003,0.1333743065483505,0.8819567861505587,0.2329179930724039,0.2189414985915373,True,True,1.3117646803080425,2.2052657612698168,0.7466666963365343,1.6132969638826509,0.3100000222524006,1.1501999254314328,-0.3859374987194315,0.4738196204065046,5.574729315498502,99.0,99.0,99.0,96.0,96.0,79.0,79.0,98.0,96.0,95.0,94.0,42.30769230769231,93.0,False,inside; tight; NR20; volDry=0.88; 50SMA=+23.3%; 252H=0.22x; prior=11.1x; blind=RS/VARS,SKK
2026-05-27,37.880001068115234,38.2051010131836,35.970001220703125,37.0,863285.0,0.0136473682314004,36.1041651566526,34.898068548040825,34.180400161743165,33.97233346303304,31.675600204467774,30.711000022888182,23.17385000228882,30.0,38.38999938964844,25.799999237060547,38.38999938964844,25.799999237060547,38.38999938964844,14.8100004196167,38.38999938964844,12.800000190734863,38.38999938964844,8.180000305175781,38.38999938964844,1229177.125,1211375.7,1596253.115079365,43862419.83036518,0.0451299405340352,1.6529358455113,0.0436361087355572,4.4887868299655125,0.3085432127419988,3.999085284604064,4.94896277371472,37.608001708984375,36.45000076293945,641400.0,False,False,False,0.0590047447058237,0.1428194217229279,0.2214888899966414,0.6448152849792761,0.9717864573311152,0.1958731902031123,0.9867153339504684,False,False,0.1904463051983222,1.1356045448078238,0.3152778497080764,1.214847552796818,1.7134671178083585,2.3824653614872098,3.20888900756836,3.247640407516049,0.7700389827830568,26.0,88.0,88.0,88.0,88.0,97.0,97.0,80.0,82.0,78.0,95.0,100.0,49.0,False,volDry=0.97; 50SMA=+19.6%; 252H=0.99x; prior=4.7x,SKYT
2026-05-27,1.8600000143051147,1.9800000190734863,1.7899999618530271,1.9800000190734863,25033998.0,-0.0362693964482919,1.8273163668146692,1.7152490552999269,1.6536000156402588,1.5786666750907898,1.2440000033378602,1.1928000020980836,1.5037999968230724,0.9100000262260436,2.359999895095825,0.5899999737739563,2.359999895095825,0.5899999737739563,2.359999895095825,0.5899999737739563,2.359999895095825,0.5899999737739563,4.039999961853027,0.4199999868869781,5.139999866485596,22475542.45,18424457.96,9541030.547619049,54922919.372898206,0.2019790694030883,0.3142857125827244,0.1689708119169772,2.9305467065245496,-0.2227270615248629,-5.248555359719029,-4.827825607897369,2.140000104904175,1.8200000524520876,38017000.0,False,False,True,0.1021505676124641,0.4139784170942018,0.7795698159773903,0.5310344354150935,1.5984915194758869,0.4951768563620766,0.3618677164629703,True,False,0.6460177187202998,1.570188587297581,0.8600000143051147,1.7179765219053391,0.2317880967234182,1.0815286663603,1.5833332505491078,1.993337775236355,2.3556724127257658,93.0,97.0,97.0,96.0,96.0,73.0,73.0,97.0,98.0,97.0,97.0,73.07692307692307,51.0,False,NR7; volDry=1.60; 50SMA=+49.5%; 252H=0.36x; prior=12.2x; blind=VARS,SLNH
2026-05-27,8.579999923706055,8.970000267028809,8.119999885559082,8.119999885559082,9150600.0,0.056650251801734,7.5610630321079615,6.773392301171348,6.022400016784668,5.854666662216187,5.412000026702881,4.902000029087066,3.386650010943413,4.230000019073486,9.100000381469728,3.950000047683716,9.100000381469728,3.4600000381469727,9.100000381469728,1.409999966621399,9.100000381469728,1.3899999856948853,9.100000381469728,1.3899999856948853,9.100000381469728,7059305.0,7564118.0,5523581.746031746,65026571.49129868,0.0989444304379114,0.8742858341761998,0.1018981167774369,5.744618745189166,0.5261437623319266,4.567508233607878,8.575075502646314,8.359999656677246,7.409999847412109,8743400.0,False,False,False,0.0990676444088564,0.3974359387612148,0.5174825843284855,0.7680179986674336,1.9168672408336305,0.585365831739139,0.9428570949488588,False,False,0.7581966644459865,1.6771996469661792,0.8857141898977179,1.7417272475013,4.607843192253422,4.923771535874288,3.5396825336755207,3.502885537525072,1.27803032969894,78.0,98.0,98.0,96.0,96.0,99.0,99.0,97.0,95.0,96.0,99.0,96.15384615384616,32.0,False,volDry=1.92; 50SMA=+58.5%; 252H=0.94x; prior=6.5x,SLS
2026-05-27,38.18999862670898,38.81499862670898,36.7599983215332,38.459999084472656,35376843.0,0.0293800592296038,34.35391989442385,32.557490717206164,31.27599983215332,30.77966651916504,28.15819988250733,29.69369997024536,36.00354996681213,25.459999084472656,38.81499862670898,19.479999542236328,38.81499862670898,19.479999542236328,38.81499862670898,19.479999542236328,38.81499862670898,19.479999542236328,55.34999847412109,19.479999542236328,62.36000061035156,35227743.575,41917960.86,33758433.90079365,1294546860.7251165,0.0656832182082076,2.338214465550014,0.0612258326690468,5.818877616662685,0.4661677398063192,-3.0781323678702783,-4.760923807201794,37.90999984741211,35.43000030517578,43169000.0,False,True,False,0.0538099078049867,0.2446975556270083,0.3496988746392943,0.6997378984402158,0.7615116204390674,0.3562656272794517,0.6124117744214641,False,False,0.3712746177238504,1.3081024160996406,0.1366071536021984,1.0498195642475503,0.1863932977934836,1.0416713431104798,-0.047393402809859,0.7350452036007554,1.0435242250432657,58.0,94.0,94.0,77.0,77.0,69.0,69.0,92.0,93.0,92.0,90.0,100.0,69.0,False,tight; volDry=0.76; 50SMA=+35.6%; 252H=0.61x; prior=3.2x; blind=VARS,SMCI
2026-05-27,157.1999969482422,172.02000427246094,153.27999877929688,172.02000427246094,7219798.0,-0.0441445303979355,146.00201257955712,134.0818930436846,125.1672006225586,121.39966735839845,104.9208006286621,94.2975003051758,80.25720020294189,89.02999877929688,172.02000427246094,69.16000366210938,172.02000427246094,69.16000366210938,172.02000427246094,66.75,172.02000427246094,60.27999877929688,172.02000427246094,34.59000015258789,172.02000427246094,2912304.95,3132749.96,2041475.7857142857,467820597.1882874,0.0741895769247382,12.26499993460519,0.078021629597381,6.386343730036363,-0.5919290504960528,3.8679456567179855,3.4445586701899056,168.2899932861328,152.07000732421875,8945400.0,False,False,False,0.1192112331868185,0.300000029119827,0.4889313110842971,0.6135831809472798,1.3516335022154145,0.4982729449864542,0.9138471866286816,False,False,0.5519794207460025,1.4804824677529336,0.7057290657733917,1.5754851963401717,1.4620203712605662,2.16169129719981,3.2167382536380837,3.2536970007544865,1.4265684513034882,83.0,97.0,97.0,95.0,95.0,97.0,97.0,96.0,96.0,95.0,94.0,92.3076923076923,37.0,False,volDry=1.35; 50SMA=+49.8%; 252H=0.91x; prior=5.0x,SMTC
2026-05-27,0.9179999828338624,0.9496999979019164,0.9100000262260436,0.9100000262260436,894510.0,-0.0234042711039915,0.9525146751816158,0.8598240705990388,0.759119998216629,0.76726666589578,0.6936800003051757,0.6991300004720687,0.8360200008749962,0.4510000050067901,1.6699999570846558,0.3389999866485595,2.1600000858306885,0.3389999866485595,2.1600000858306885,0.3389999866485595,2.1600000858306885,0.3389999866485595,2.1600000858306885,0.3389999866485595,2.1600000858306885,34338772.75,27475038.2,5523235.753968254,20594162.939476788,0.1710370186571481,0.2296214295285088,0.2501322808521939,1.2928229284179855,-0.0958099373700679,-12.578728866594268,-10.929487550902502,1.0850000381469729,0.9399999976158142,2128200.0,False,True,True,0.0432461573183467,1.2723311597765514,1.327886682867703,0.9581624518056212,1.4335776610494395,0.3233767478232034,0.4249999751647323,True,True,0.4878444197009488,1.4193020530210956,0.4101381729007081,1.30246465325484,0.0087911608541331,0.8857339681531339,-0.0129032518563482,0.7616583092674842,6.217147751719412,99.0,96.0,96.0,91.0,91.0,42.0,42.0,97.0,97.0,96.0,95.0,69.23076923076923,72.0,False,tight; NR20; volDry=1.43; 50SMA=+32.3%; 252H=0.42x; prior=6.4x; blind=RS/VARS,SNAL
2026-05-27,1589.93994140625,1658.7698974609375,1528.3599853515625,1646.739990234375,10293770.0,0.000245284870654,1475.2547311748133,1371.7231418325105,1313.7019921875,1246.374658203125,1041.3503967285155,790.5978991699219,472.0125249671936,873.9299926757812,1658.7698974609375,517.0,1658.7698974609375,399.7000122070313,1658.7698974609375,187.6999969482422,1658.7698974609375,142.75999450683594,1658.7698974609375,36.20700073242188,1658.7698974609375,15462734.25,16260377.4,11187692.73809524,20788890887.049927,0.0822210638422276,128.84886823381697,0.0810400851492883,6.500559695590362,0.0030259682018896,18.102499039326656,18.649496499412862,1641.739990234375,1520.0,12919700.0,False,False,False,0.0820219108364758,0.2399083962057578,0.3841465212332055,0.6245231518317346,0.736853561590766,0.5268059112486747,0.9585054225061324,False,False,0.4856475555481541,1.4172063945228122,1.5142160237986726,2.3222387455185074,6.9389819118552944,6.97054675412676,41.648604974987535,32.90828828983082,1.3821200324306198,82.0,96.0,96.0,98.0,98.0,99.0,99.0,96.0,98.0,98.0,99.0,100.0,53.0,False,volDry=0.74; 50SMA=+52.7%; 252H=0.96x; prior=45.8x,SNDK
2026-05-27,1.1100000143051147,1.190000057220459,1.100100040435791,1.1799999475479126,134788.0,-0.090163944037298,1.298544089815309,1.2301431715049378,1.1395999932289125,1.0591333270072938,0.9056199955940246,1.0529299980401994,1.9438200017809868,0.5,2.3499999046325684,0.4749999940395355,2.3499999046325684,0.4749999940395355,2.3499999046325684,0.4749999940395355,2.950000047683716,0.4749999940395355,3.7300000190734863,0.4749999940395355,5.289999961853027,10634464.7,8544741.76,2498798.365079365,24935375.002652943,0.2633883511698367,0.3497785670416696,0.3151158221026141,0.7161800544871586,-0.3144847188192932,-10.009791473398256,-7.319938797442451,1.3700000047683716,1.2200000286102295,143000.0,False,False,True,0.0809910050685426,1.0719818973715427,1.663062948410838,0.6445828754683575,0.0720921494530924,0.2256796666432159,0.2098298718921529,False,False,1.02925051680061,1.9357665266964663,0.3703703839974039,1.2657334021050983,-0.4248704432788287,0.504972490089507,-0.6348684117652041,0.2817408817099995,4.255831462280565,97.0,99.0,99.0,89.0,89.0,10.0,10.0,98.0,96.0,95.0,94.0,46.15384615384615,67.0,False,volDry=0.07; 50SMA=+22.6%; 252H=0.21x; prior=11.1x; blind=RS/VARS,SOBR
2026-05-27,13.130000114440918,13.970000267028809,13.050000190734863,13.380000114440918,2710728.0,-0.0450909007679332,14.148817849724791,14.123617388100392,14.012400016784667,13.946333344777424,14.623200073242188,12.553800044059754,13.749100012779236,12.109999656677246,15.800000190734863,7.909999847412109,19.25,6.539999961853027,19.25,4.46999979019165,19.25,3.7200000286102295,19.25,3.7200000286102295,33.290000915527344,3394153.2,3948460.56,5594881.063492063,39895926.66644974,0.072509382346102,1.0425714765276228,0.079403767512611,-1.2859806626879176,-0.5946833378024564,-4.707743499970471,0.3981215094018615,14.605999946594238,13.664999961853027,3030800.0,False,False,False,0.0700685505160119,0.2277227528604237,0.2810358341123852,0.8102979236781533,0.7487304875092888,-0.1021117095657848,0.3944127291482511,False,False,-0.0245170819294801,0.9305441415593564,0.4381160952750922,1.32830627336302,1.937360342443768,2.579047014850445,-0.5909657090785758,0.3156168501634019,0.6066533249737267,16.0,36.0,36.0,92.0,92.0,98.0,98.0,43.0,89.0,92.0,96.0,3.8461538461538463,68.0,False,volDry=0.75; 50SMA=-10.2%; 252H=0.39x; prior=8.9x; blind=1m/RS/VARS,SOC
2026-05-27,3.7899999618530273,3.884999990463257,3.470000028610229,3.7100000381469727,32674563.0,0.0797720718377597,3.06811497418395,2.900676734762272,2.746800022125244,2.777666687965393,2.716400027275085,2.7452000069618223,3.157849999666214,2.2699999809265137,3.890000104904175,2.130000114440918,3.890000104904175,2.130000114440918,3.890000104904175,2.130000114440918,4.570000171661377,2.130000114440918,4.570000171661377,2.130000114440918,5.230000019073486,12311269.075,10362231.26,5154643.107142857,39840506.67043157,0.1110935235226084,0.3616428715842111,0.0954202837003182,4.141980469482295,0.7742444090303894,-8.291119164246219,-9.27548473239703,3.890000104904175,3.1519999504089355,39458800.0,True,True,False,0.1094986717757441,0.3905013282242559,0.4274406702594271,0.9135801887715748,1.8100682979738865,0.3952289514791778,0.7246653820327212,False,False,0.4921259916429594,1.4233863804998212,0.4689922767163734,1.3568248509943366,0.1213017258965172,0.9845199538964724,0.0188171862108692,0.7861342639020594,2.388384378724516,94.0,96.0,96.0,92.0,92.0,62.0,62.0,95.0,91.0,89.0,86.0,100.0,56.0,False,inside; tight; volDry=1.81; 50SMA=+39.5%; 252H=0.72x; prior=2.5x; blind=VARS,SPCE
2026-05-27,25.479999542236328,25.93000030517578,23.200000762939453,24.530000686645508,2883319.0,0.072842085988898,21.0959986487972,19.71263689674629,18.569999923706053,18.750999959309897,17.24559991836548,13.784599938392638,11.78394996881485,15.149999618530272,25.93000030517578,8.720000267028809,25.93000030517578,8.300000190734863,25.93000030517578,6.599999904632568,25.93000030517578,6.599999904632568,25.93000030517578,6.599999904632568,25.93000030517578,2203127.975,1961668.38,877121.1071428572,32435613.65533371,0.1086356024791348,2.25100006375994,0.0883438031475872,5.404774039004032,0.7685470871762826,7.517262306390879,6.329861783368546,25.1200008392334,22.190000534057617,3446600.0,False,False,False,0.1071428411021361,0.3441915469121687,0.4230769576261683,0.8135435899023766,0.9624011475374854,0.4774782937589623,0.982645555046537,False,False,0.5527117476637013,1.4811810576619386,1.8185840320527409,2.6033662122808834,2.31339393402372,2.9092102222153686,1.39473672181097,1.8478139312134167,2.5117717006907867,94.0,97.0,97.0,99.0,99.0,98.0,98.0,95.0,97.0,97.0,98.0,100.0,44.0,False,volDry=0.96; 50SMA=+47.7%; 252H=0.98x; prior=3.9x,SPIR
2026-05-27,31.38999938964844,33.380001068115234,31.049999237060547,33.22999954223633,1044786.0,-0.0584883249554541,31.641017355623426,29.99896567535724,28.86480010986328,28.216666793823244,25.071000022888185,22.162599983215333,24.27954998970032,23.6299991607666,35.869998931884766,16.829999923706055,35.869998931884766,15.59000015258789,35.869998931884766,15.59000015258789,35.869998931884766,15.59000015258789,35.869998931884766,15.59000015258789,35.869998931884766,1129464.65,1203463.72,1314932.880952381,32168277.552948,0.0502724335418625,1.778571265084403,0.0566604428055811,4.448326848848253,-1.09638607191088,-1.5816914526614454,-1.1757212065387592,33.86000061035156,32.939998626708984,955300.0,False,False,True,0.0742275207505438,0.250079599450703,0.3395986000218746,0.7363976159931006,1.1050009883139644,0.2520441689996975,0.8751045532300235,False,False,0.1765366952997726,1.1223357260897335,0.5593641678250834,1.440296241301262,0.1210714067731584,0.984317730206386,0.6804067921214658,1.296626494389555,0.8589523209594926,35.0,88.0,88.0,93.0,93.0,62.0,62.0,85.0,92.0,92.0,90.0,69.23076923076923,39.0,False,volDry=1.11; 50SMA=+25.2%; 252H=0.88x; prior=2.3x; blind=RS/VARS,STAA
2026-05-27,67.75,70.76000213623047,66.12999725341797,70.52999877929688,13298216.0,-0.0415900741246001,64.73489686444431,60.45347639599235,58.38440017700195,55.82800013224284,47.41619194030762,39.16632730484009,32.54646796226501,40.0,71.06999969482422,30.29363708139072,71.06999969482422,26.833501793278124,71.06999969482422,24.11869176246197,71.06999969482422,20.978391985654756,71.06999969482422,20.978391985654756,71.06999969482422,11563982.9,10908016.32,7818986.571428572,722018414.096164,0.0432280094940833,3.524999346051897,0.0520295106428324,8.242184013294787,-0.834043400518397,16.621431406043147,16.626458752044606,71.06999969482422,69.13999938964844,15499300.0,False,False,False,0.0683395554658671,0.1769741382106203,0.2906272860030846,0.6089384814636505,1.0790982754965297,0.4288368008399044,0.9532854972691662,False,False,0.3399920522112529,1.2782609831729903,0.9659473166921686,1.8158340362388343,2.103096447250392,2.7245658332868814,1.8104474663176444,2.1685824307558765,1.4789618570590788,85.0,94.0,94.0,97.0,97.0,98.0,98.0,95.0,95.0,96.0,96.0,96.15384615384616,37.0,False,volDry=1.08; 50SMA=+42.9%; 252H=0.95x; prior=3.4x,STM
2026-05-27,9.6899995803833,10.039999961853027,9.649999618530272,9.760000228881836,3867602.0,-0.0041109931896085,9.29819838590532,8.681430171831272,8.167599945068359,7.972999954223633,7.404399967193603,9.317099976539613,12.190862077406084,6.710000038146973,10.420000076293944,5.739999771118164,10.600000381469728,5.739999771118164,16.299999237060547,5.739999771118164,16.6299991607666,5.739999771118164,21.489999771118164,5.739999771118164,27.88999938964844,4846905.05,4689230.04,4558716.103448276,51657257.44805584,0.0679276204325023,0.7100714615413121,0.0732787917740265,4.21242308001956,-0.0563323045911487,-8.319878607208407,-7.6581829737856655,10.420000076293944,9.59000015258789,9542500.0,True,True,False,0.0402477151920915,0.3637771153781614,0.3637771153781614,1.0,1.8293835292414016,0.3086812737448567,0.3474363496752105,True,False,0.3347106439245562,1.2732228800454757,0.0532608457909635,0.9728373067712291,-0.1052631903373682,0.7855925147125175,0.0,0.0,1.0632171295628026,61.0,94.0,94.0,66.0,66.0,28.0,28.0,90.0,89.0,87.0,84.0,80.76923076923077,61.0,False,inside; tight; NR7; volDry=1.83; 50SMA=+30.9%; 252H=0.35x; prior=4.9x; blind=VARS,STUB
2026-05-27,870.6599731445312,888.9487915039062,846.0700073242188,881.1400146484375,3302400.0,0.0294409325238804,804.3872442544155,758.3260351765072,737.7127978515625,704.7209981282552,597.7526373291016,487.00904296875,359.67835243225096,503.1099853515625,888.9487915039062,341.40447161248795,888.9487915039062,320.6306942066327,888.9487915039062,249.43930747366736,888.9487915039062,208.09012037236693,888.9487915039062,111.7595688232486,888.9487915039062,4148390.0,4153666.0,4147337.698412698,3558983484.1012573,0.0610839975142061,48.440625871930806,0.055636674897296,8.206019453169462,0.5140305875637886,12.097194701976662,11.513141368578207,862.6500244140625,816.97998046875,3437900.0,False,True,False,0.0492485993410535,0.2225998470510784,0.2951195638130619,0.7542700462653172,0.7527302387818375,0.4565556365168766,0.9794264658052638,False,False,0.4611821477336397,1.393868064869959,1.0675091364588003,1.9096409290018117,2.682121237816353,3.2329583978815104,6.82225981516928,6.035770249144584,1.000253729419648,53.0,96.0,96.0,97.0,97.0,99.0,99.0,95.0,97.0,96.0,97.0,100.0,70.0,False,tight; volDry=0.75; 50SMA=+45.7%; 252H=0.98x; prior=8.0x,STX
2026-05-27,78.68000030517578,85.17500305175781,78.1500015258789,84.08000183105469,5317792.0,-0.0568208818965676,74.73877554065615,70.73272389838097,68.41308059692383,66.76018625895182,61.88503440856934,59.97201568603516,64.92081859588623,56.22147383798371,85.17500305175781,51.482655253369984,85.17500305175781,51.482655253369984,85.17500305175781,51.482655253369984,85.17500305175781,51.482655253369984,88.0456373094635,51.482655253369984,88.0456373094635,4282384.8,4099485.84,3311940.047619048,396521642.9837952,0.0593550250101249,4.080802168291226,0.0518658128172729,5.232536918500985,-1.1615358128851254,-1.906351052777441,-2.9655824658490872,84.79000091552734,80.0,6017200.0,False,False,False,0.0892857333328808,0.2552189020396769,0.3101559197298751,0.8228729029642746,1.2811873012836166,0.2713897803744423,0.8936274721782147,False,False,0.2775865418111776,1.2187303845043078,0.3267080341021153,1.2254049658500343,0.2828237249268341,1.1263387234265474,0.1936104094938413,0.9210072752532706,1.2930139852859368,78.0,92.0,92.0,88.0,88.0,77.0,77.0,89.0,85.0,81.0,77.0,92.3076923076923,14.0,False,volDry=1.28; 50SMA=+27.1%; 252H=0.89x; prior=1.7x; blind=VARS,SWKS
2026-05-27,48.560001373291016,50.709999084472656,42.60300064086914,44.95000076293945,879350.0,0.0971532583557688,37.82507221400132,36.24386182611875,34.994000091552735,35.73300005594889,38.476000022888186,38.476000022888186,0.0,26.399999618530277,50.709999084472656,11.25,68.97000122070312,11.25,68.97000122070312,0.0,0.0,0.0,0.0,0.0,0.0,1086163.75,2365969.0,0.0,21023526.723890305,0.1186083059773863,4.505499839782715,0.0927821192826578,2.824741370818753,0.9543897912923214,-5.943012332005345,-6.467592785676841,45.77000045776367,40.02000045776367,1198300.0,False,False,False,0.1669480686642346,0.464579877016866,0.5006177672662376,0.9280131617258282,0.2792196347458483,0.2620854908099639,0.0,False,False,0.2544562780103343,1.1966656911366675,0.0,0.0,0.0,0.0,0.0,0.0,0.0,0.0,91.0,91.0,0.0,0.0,0.0,0.0,96.0,99.0,99.0,0.0,100.0,34.0,False,volDry=0.28; 50SMA=+26.2%; blind=VARS,SWMR
2026-05-27,141.63999938964844,149.11000061035156,140.47999572753906,148.34500122070312,915643.0,-0.0401843710798345,132.77112877978132,121.70572726317658,113.46640075683594,108.12466735839844,94.08700073242188,88.64410049438476,79.3445503616333,76.11000061035156,149.11000061035156,64.52999877929688,149.11000061035156,64.52999877929688,149.11000061035156,64.52999877929688,149.11000061035156,58.27999877929688,149.11000061035156,57.540000915527344,149.11000061035156,916656.075,875370.86,583113.6626984127,129179186.13931043,0.0739782097205157,10.363572256905693,0.0731684008865019,6.907560866373656,-0.5721972875346041,5.601296833931247,5.344450989433605,148.10000610351562,142.08999633789062,907700.0,False,False,False,0.0609291508048623,0.249646997759983,0.4366704231900845,0.5717057636654055,1.1516425164072746,0.5054151826187405,0.9499027483728376,False,False,0.544096742681982,1.4729629307560363,0.7273170657274199,1.595424807517954,1.242203632978406,1.9686888607983184,1.4063880040928605,1.8568042312831028,1.5720023961676508,87.0,97.0,97.0,95.0,95.0,96.0,96.0,96.0,95.0,94.0,92.0,92.3076923076923,37.0,False,volDry=1.15; 50SMA=+50.5%; 252H=0.95x; prior=2.6x,SYNA
2026-05-27,72.51000213623047,74.3499984741211,72.23999786376953,74.3499984741211,549636.0,-0.0154786064634074,72.88063312701648,71.66996010560311,72.43939971923828,72.24483286539713,62.76489990234375,49.46059999465943,36.02652500152588,64.5999984741211,78.80000305175781,38.36000061035156,78.80000305175781,30.920000076293945,78.80000305175781,28.0,78.80000305175781,21.145000457763672,78.80000305175781,13.93000030517578,78.80000305175781,1250600.9,1175092.72,810711.253968254,79861404.72050324,0.0596512396457769,4.1714292253766745,0.0575290181006955,2.6988739250015663,-0.2732874820728852,3.911402552212678,6.524692827518082,76.12000274658203,72.11000061035156,478400.0,True,False,True,0.0290994421209274,0.1838367320140264,0.1948697347472877,0.943382676906862,0.7726825164911242,0.1552635668829103,0.920177656447603,True,True,0.0084840138721278,0.9620249351174506,0.6524612664359939,1.526284751215765,1.9888706286946527,2.6242738288949594,3.8307795490041823,3.727500258366775,1.5425971871965296,86.0,56.0,56.0,94.0,94.0,98.0,98.0,56.0,93.0,95.0,95.0,19.230769230769237,89.0,False,inside; NR20; volDry=0.77; 50SMA=+15.5%; 252H=0.92x; prior=5.7x; blind=1m/RS,SYRE
2026-05-27,4.889999866485596,4.960000038146973,4.789999961853027,4.789999961853027,2013121.0,0.0145227577450668,4.88719933398518,4.683264354778599,4.519599981307984,4.385999981562296,3.9079999780654906,3.794299988746643,3.710624992847442,3.4600000381469727,5.260000228881836,2.9649999141693115,5.260000228881836,2.8350000381469727,5.260000228881836,2.8350000381469727,5.260000228881836,2.8350000381469727,5.260000228881836,2.8350000381469727,5.260000228881836,2332098.025,2205938.42,1743638.575396825,16108455.522365164,0.0485752352313195,0.2252857685089111,0.0460707105644201,5.454211506551951,0.3107151210106284,-6.551025231387148,-2.532563063513872,4.959000110626221,4.769999980926514,2143300.0,False,False,True,0.0347648427271068,0.0920245033848125,0.3292433900763066,0.2795029639425248,1.1605047887057518,0.2512793996754849,0.929657728841032,False,False,0.270129866912888,1.211617225459103,0.6576270465911114,1.5310560893639165,0.23484843923734,1.084215693590464,0.4132947435181155,1.0905189251904774,1.3374893500903708,80.0,92.0,92.0,95.0,95.0,73.0,73.0,89.0,88.0,87.0,85.0,53.84615384615385,27.0,False,volDry=1.16; 50SMA=+25.1%; 252H=0.93x; prior=1.9x; blind=RS/VARS,TBLA
2026-05-27,10.960000038146973,11.274999618530272,9.68000030517578,10.600000381469728,72772515.0,0.0488038505445389,8.321383475619179,7.22003329756714,6.313199996948242,6.108666674296061,5.8906000185012815,6.698500010967255,5.077800010442734,4.59499979019165,11.274999618530272,3.740000009536743,11.274999618530272,3.740000009536743,11.274999618530272,3.740000009536743,11.274999618530272,2.5199999809265137,11.274999618530272,1.0299999713897705,11.274999618530272,28784982.875,25327126.3,13323007.599206349,294743159.73968244,0.1291717627637654,1.166428531919207,0.1064259605711112,8.086292543660958,0.4372322992157065,-2.0397139805778304,-2.8216436960879245,10.800000190734863,8.479999542236328,73145300.0,False,False,False,0.145529133923631,0.5488138110139463,0.609489033310991,0.9004490335659817,2.379929755394318,0.8605914514181316,0.972062120528536,False,False,1.064030161252679,1.968943934307463,0.5180055895619418,1.402095668242661,3.029411736347272,3.537884732788354,9.438095748451584,8.054187570457632,2.1605469080956405,93.0,99.0,99.0,93.0,93.0,99.0,99.0,98.0,97.0,97.0,96.0,100.0,36.0,False,volDry=2.38; 50SMA=+86.1%; 252H=0.97x; prior=10.9x; blind=VARS,TE
2026-05-27,89.06999969482422,90.83999633789062,83.7300033569336,84.20999908447266,4668993.0,0.0488695432802839,85.7923651922877,83.65656086210336,82.53900024414062,80.26150054931641,75.06590042114257,89.90515022277832,125.59342487335203,60.25,96.31800079345705,56.0099983215332,96.31800079345705,56.0099983215332,140.67999267578125,56.0099983215332,166.47999572753906,56.0099983215332,176.72000122070312,56.0099983215332,222.58999633789065,8014517.325,7512557.86,4332051.956349206,718052722.1515347,0.0684917911115401,6.147357940673828,0.069017154617,2.7030584188418865,0.6750870155812033,-18.61950045321197,-16.818619679449903,86.02999877929688,82.0,4013900.0,False,False,False,0.0798247783239881,0.1830021680431755,0.334209024853393,0.547568002161081,0.6900751244263961,0.1865574008319941,0.400152752415775,False,False,0.2867668032947696,1.227487727542602,0.2169694865925304,1.1240456934201932,-0.3910992586948916,0.5346241033187864,-0.5693356709189418,0.3323069044311731,1.850051062581012,90.0,93.0,93.0,83.0,83.0,11.0,11.0,91.0,87.0,84.0,80.0,73.07692307692307,51.0,False,volDry=0.69; 50SMA=+18.7%; 252H=0.40x; prior=4.0x; blind=VARS,TEAM
2026-05-27,375.8299865722656,406.6499938964844,365.0450134277344,402.1300048828125,3273528.0,-0.0342036993759087,359.4589089912736,356.6359374817694,360.6524963378906,362.7335917154948,345.3865081787109,309.64523712158206,231.01207370758056,301.7460114777026,421.9506269999966,262.9206973192305,421.9506269999966,220.1447870064232,421.9506269999966,182.0151211582944,421.9506269999966,135.6194873902852,421.9506269999966,76.82333967572596,421.9506269999966,3655630.7,3560098.56,3609377.095238095,1527394992.8427367,0.0589470451245319,21.60268804925723,0.0574799479048577,1.5334603027336624,-0.6161283283739089,6.94359898720619,8.145399025777053,390.3500061035156,367.6199951171875,4005700.0,False,False,False,0.1107015990081198,0.2590448345596614,0.279126163868807,0.928056442180805,0.993074416456605,0.0881432183152983,0.8906965946332595,False,False,-0.0647464569342567,0.892168062864575,0.0967035746265234,1.0129628915093964,1.3687205026646478,2.0797725948495045,3.894675054318995,3.77680296617064,1.0128148440967637,55.0,25.0,25.0,72.0,72.0,96.0,96.0,79.0,80.0,87.0,91.0,65.38461538461539,60.0,False,volDry=0.99; 50SMA=+8.8%; 252H=0.89x; prior=5.5x; blind=1m/RS,TER
2026-05-27,18.32999992370605,18.71999931335449,18.280000686645508,18.420000076293945,740621.0,-0.0010899431797216,17.922401118852825,17.06939902654336,16.385599899291993,16.18366657892863,14.302199897766114,10.961999945640564,9.471499967575074,13.75,18.93000030517578,7.480000019073486,18.93000030517578,6.380000114440918,18.93000030517578,6.380000114440918,18.93000030517578,5.96999979019165,18.93000030517578,5.96999979019165,18.93000030517578,1552588.025,1337420.42,589927.4642857143,20899024.65729036,0.0461374861177028,0.9022856439862932,0.0492245307005906,5.721151815442076,-0.0221664368672762,5.089070750541785,4.91673035749143,18.5,17.959999084472656,831300.0,False,True,True,0.0240042896094035,0.0861974866493399,0.2645935843784296,0.3257731545223626,0.6685871447962489,0.2816210131819685,0.9683042592817246,False,False,0.281818159385919,1.2227670589253057,1.5889830679703087,2.3912968237503605,1.6185714176722934,2.2991454947954555,1.4871099332880866,1.9190904542164375,2.6318286891082066,95.0,92.0,92.0,98.0,98.0,97.0,97.0,85.0,96.0,97.0,96.0,73.07692307692307,84.0,False,tight; volDry=0.67; 50SMA=+28.2%; 252H=0.97x; prior=3.2x,TH
2026-05-27,19.649999618530277,20.399999618530277,19.600000381469727,20.040000915527344,2849873.0,-0.0194611416756418,21.110178397247747,21.89465988110331,22.928800048828126,23.479666709899902,22.166599960327147,17.426949977874756,12.750799977779389,19.34199905395508,28.40999984741211,10.960000038146973,28.40999984741211,10.800000190734863,28.40999984741211,8.300000190734863,28.40999984741211,6.690000057220459,28.40999984741211,1.9049999713897705,28.40999984741211,2978559.325,3075881.46,2991995.527777778,67695478.18368979,0.0844464120114438,1.8399997438703264,0.0936386656280225,-1.2124391497465394,-0.2119572561334854,4.920716849001707,8.384911822938543,20.61000061035156,19.790000915527344,2017600.0,False,False,False,0.0407124301573082,0.3266158422147996,0.3266158422147996,1.0,1.0819783997787742,-0.1135311841374401,0.6916578572357933,True,True,-0.2537030127053469,0.7119164021488612,0.5558194331338773,1.4370221709093054,0.9591226462285602,1.720139452920526,9.67934742503728,8.240340897820703,0.9955092838030551,52.0,5.0,5.0,93.0,93.0,94.0,94.0,10.0,91.0,89.0,94.0,0.0,56.0,False,NR20; volDry=1.08; 50SMA=-11.4%; 252H=0.69x; prior=14.9x; blind=1m/RS,TNGX
2026-05-27,7.809999942779541,7.934999942779541,7.550000190734863,7.610000133514404,2238545.0,0.0209150124728756,8.025444570578376,8.429645933918193,8.961592674255371,9.022796249389648,8.887075061798095,7.720973935127258,5.804712483882904,7.369999885559082,10.52996642607579,6.144965778204133,10.52996642607579,5.320324616697116,10.52996642607579,3.681783050926333,10.52996642607579,2.781756972153195,10.52996642607579,2.781756972153195,10.52996642607579,3098086.125,3258584.9,3919127.956349206,29933309.638046384,0.0601142978476985,0.6043488782259806,0.0773814190337747,-1.5662116701151,0.2647474880432914,3.343358267172212,6.61956344374175,7.769999980926514,7.510000228881836,2575600.0,False,False,True,0.0492957432606149,0.2548015090522437,0.3982394196338041,0.6398199085528576,0.9633428608841832,-0.1211956815407647,0.7416927677413402,False,False,-0.2253918878093157,0.7389232834841759,0.0909065175354884,1.0076084786588868,1.511834852881265,2.205429169010696,0.7214353782657861,1.3282847524205803,0.790503948711582,27.0,6.0,6.0,72.0,72.0,97.0,97.0,33.0,67.0,78.0,92.0,11.538461538461538,60.0,False,volDry=0.96; 50SMA=-12.1%; 252H=0.74x; prior=3.8x; blind=1m/RS,TROX
2026-05-27,14.130000114440918,16.31999969482422,13.800000190734863,16.059999465942383,1234012.0,-0.1498195306292976,14.206508903152477,13.28407466249754,13.372800064086912,12.299333413441977,9.866600036621094,7.847750000953674,5.764225003719329,6.599999904632568,21.3799991607666,4.480000019073486,21.3799991607666,4.420000076293945,21.3799991607666,4.099999904632568,21.3799991607666,3.25,21.3799991607666,2.309999942779541,21.3799991607666,1799002.8,1453634.24,327814.7301587302,20406313.653471373,0.2114027515756569,2.8664284433637346,0.2028611762312891,2.130049156204913,-0.8686770920646048,0.3321676299976381,5.000805203090917,17.420000076293945,14.529999732971191,1573300.0,False,False,True,0.178343912503858,0.7699928572291516,0.7699928572291516,1.0,1.3428902170053452,0.4321042772581935,0.6608980668423129,False,False,0.0,0.9539317647918928,1.831663479470392,2.61544695604981,2.4048192264414587,2.989483018196413,4.455598680578652,4.209619852264709,5.4878644383335375,99.0,49.0,49.0,99.0,99.0,98.0,98.0,98.0,98.0,98.0,97.0,69.23076923076923,45.0,False,volDry=1.34; 50SMA=+43.2%; 252H=0.66x; prior=9.3x; blind=1m/RS/VARS,TRT
2026-05-27,277.7900085449219,290.0740051269531,273.0,288.8900146484375,1452300.0,-0.0372231320133552,267.2029697620256,250.2700320444265,235.57000122070312,232.90966796875,212.3952014160156,169.892000579834,126.68365034103394,184.13999938964844,302.8599853515625,108.43000030517578,302.8599853515625,108.43000030517578,302.8599853515625,108.43000030517578,302.8599853515625,71.63999938964844,302.8599853515625,37.47999954223633,302.8599853515625,2555570.0,3051918.0,1757198.8095238097,589010895.8618927,0.0762540186166524,22.060286385672438,0.0794135343500125,3.877073529787793,-0.4868472714547503,4.151765039677382,5.18069308995807,302.8599853515625,273.9700012207031,2504300.0,False,False,True,0.0614637121629666,0.2417292795713938,0.4096258847587118,0.5901220810637573,0.8693778797464414,0.3078921119353273,0.917222551610642,False,False,0.366202754356612,1.3032642045269476,1.2052076355721049,2.036825222958196,1.9662573840765865,2.6044190565043897,5.8370662378082026,5.275580454329435,1.4543431205103905,84.0,94.0,94.0,97.0,97.0,98.0,98.0,92.0,97.0,96.0,95.0,80.76923076923077,58.0,False,volDry=0.87; 50SMA=+30.8%; 252H=0.92x; prior=8.1x,TSEM
2026-05-27,190.6699981689453,196.5167999267578,174.0695037841797,196.0,5107374.0,-0.0318862598456766,177.40696180148663,165.87251740028984,160.5620004272461,154.16266682942708,133.37039993286132,113.9852000427246,86.4855998802185,112.16000366210938,200.67999267578125,85.87999725341797,200.67999267578125,81.80000305175781,200.67999267578125,61.380001068115234,200.67999267578125,54.43000030517578,200.67999267578125,28.86000061035156,200.67999267578125,2272111.85,2218597.48,2306390.373015873,455818337.7717026,0.0811895571889764,13.197890145438055,0.0692184941111916,6.206831801884771,-0.4758335393076143,7.149632091727863,6.9906513522194365,200.67999267578125,189.00999450683597,3381700.0,False,False,False,0.1177285171141001,0.2742958425301276,0.3669690388307255,0.7474631740163072,1.192950692434754,0.4296275505279179,0.950119618934768,False,False,0.322535899220232,1.2616090043437889,0.7515156816085338,1.6177756965645278,2.2432385643761137,2.8476127416301784,5.669114975562054,5.14598680033117,0.9851375884078766,51.0,93.0,93.0,96.0,96.0,98.0,98.0,95.0,95.0,95.0,97.0,92.3076923076923,37.0,False,volDry=1.19; 50SMA=+43.0%; 252H=0.95x; prior=7.0x,TTMI
2026-05-27,47.7599983215332,48.02000045776367,44.15999984741211,44.33000183105469,3076328.0,0.0783471965291682,44.42760669498287,43.11459818892273,43.065199584960936,42.5653330485026,37.42299983978271,33.90724988937378,31.142499885559083,38.119998931884766,48.61000061035156,26.149999618530277,48.61000061035156,26.149999618530277,48.61000061035156,22.59000015258789,48.61000061035156,22.59000015258789,48.61000061035156,13.880000114440918,48.61000061035156,2640855.7,2357010.56,1994960.031746032,110250881.16495438,0.0528741462700326,2.075535637991769,0.0434576153880639,6.356088898387867,1.671856335535309,-4.035798844228472,-2.669789003645873,45.52999877929688,43.70000076293945,1808500.0,False,False,False,0.080820786139166,0.1402847780235091,0.1855109070713036,0.7562077089601463,0.8026110837619667,0.2762204667184829,0.982513839165899,False,False,0.1703013162060505,1.1163875999067123,0.6278117952675131,1.503517432710849,0.3767656446305303,1.2088211564056657,2.0151513801425263,2.326534969043042,1.3237637135460136,80.0,87.0,87.0,94.0,94.0,82.0,82.0,80.0,92.0,90.0,91.0,100.0,52.0,False,volDry=0.80; 50SMA=+27.6%; 252H=0.98x; prior=3.5x; blind=VARS,TVTX
2026-05-27,181.57000732421875,190.9499969482422,180.91000366210935,190.0,2391287.0,-0.0426047288811192,188.24645494251985,182.3809242280083,178.95919860839842,172.5346659342448,153.89919952392577,138.25049987792968,127.41355010986328,125.40499877929688,203.7100067138672,112.98999786376952,203.7100067138672,105.0,203.7100067138672,105.0,203.7100067138672,105.0,203.7100067138672,91.83999633789062,203.7100067138672,2742892.175,2530215.74,2706219.3928571427,593241090.6633484,0.0459268293129937,8.332858494349889,0.0458933643124792,3.917739732374456,-0.9696536401937312,-4.741683674211765,-1.1499022586046432,189.8000030517578,180.3600006103516,2204500.0,False,False,True,0.0552954391206527,0.1219364349648031,0.3560610593567458,0.3424593388142235,1.0527990391839075,0.1797982568193357,0.8913160931718662,False,False,0.2733712882210792,1.21470932020806,0.5345673410457366,1.4173928187759743,0.505930229607632,1.322229624715157,0.5998767357645975,1.2344883233487347,1.0135512967794305,55.0,92.0,92.0,93.0,93.0,87.0,87.0,91.0,87.0,87.0,85.0,34.61538461538461,49.0,False,volDry=1.05; 50SMA=+18.0%; 252H=0.89x; prior=2.2x; blind=RS/VARS,TWLO
2026-05-27,64.16999816894531,66.94000244140625,63.73529815673828,65.68399810791016,1258897.0,-0.010790882503448,58.41039659053806,57.073964083065015,57.46279998779297,57.8240000406901,53.855599899292,49.26420001983642,39.468949995040894,48.0,66.94000244140625,41.52000045776367,66.94000244140625,39.130001068115234,66.94000244140625,29.600000381469727,66.94000244140625,23.299999237060547,66.94000244140625,23.299999237060547,66.94000244140625,1409869.925,1374721.94,1439025.384920635,88112031.45707321,0.0715159813835508,3.965336390904018,0.0617942419207208,3.0993100187467277,-0.1765309443210016,3.9845935463801303,4.379732899180369,65.5999984741211,60.59999847412109,1600000.0,False,False,False,0.0499408504926351,0.2951535449875102,0.2951535449875102,1.0,1.099029306246469,0.191519513085749,0.9586195970804516,False,False,0.0519671830974641,1.00350491147532,0.2942717990936438,1.195445455218323,1.2468487173981786,1.9727673155025087,1.2707005537587823,1.752105807137115,0.9797394401612708,51.0,72.0,72.0,87.0,87.0,96.0,96.0,86.0,85.0,85.0,92.0,84.61538461538461,35.0,False,volDry=1.10; 50SMA=+19.2%; 252H=0.96x; prior=2.9x; blind=1m,TWST
2026-05-27,91.58000183105467,92.27999877929688,85.86000061035156,91.11000061035156,1203697.0,0.0471072809251089,84.3024542524448,82.04966312901236,81.38280029296875,80.78666712443034,74.28419998168945,61.74470006942749,43.87475003242493,68.94000244140625,92.27999877929688,48.709999084472656,92.27999877929688,41.869998931884766,92.27999877929688,23.81999969482422,92.27999877929688,21.489999771118164,92.27999877929688,18.93000030517578,92.27999877929688,1010002.425,1025003.94,789785.3055555555,88582845.61102982,0.0773418768870179,5.799283708844866,0.0633247826260507,3.676804537313047,0.7104330385316976,15.538726364274272,15.83739546199724,88.26000213623047,84.25,824300.0,False,True,False,0.0701026211026815,0.218279072549559,0.2548590944663648,0.8564696229757912,0.868747587448298,0.2328328480838257,0.9924144239542488,False,False,0.1293625103823372,1.0773347726188254,0.3603684231462594,1.2564951581356745,3.112258641608085,3.610625574494121,3.595082811276804,3.545633203192188,1.278831624107691,78.0,84.0,84.0,89.0,89.0,99.0,99.0,85.0,93.0,94.0,98.0,100.0,70.0,False,tight; volDry=0.87; 50SMA=+23.3%; 252H=0.99x; prior=4.9x,UCTT
2026-05-27,5.800000190734863,5.860000133514404,5.420000076293945,5.420000076293945,6324128.0,0.0922787670876752,5.005918792862066,4.75139084221548,4.522399997711181,4.496000003814697,4.123199996948242,4.474049999713897,4.53457499742508,3.553999900817871,5.860000133514404,3.0199999809265137,5.860000133514404,3.0199999809265137,6.659999847412109,3.0199999809265137,6.659999847412109,3.0199999809265137,6.659999847412109,3.0199999809265137,6.659999847412109,6060875.7,5829720.56,4403668.365079365,29297065.48166027,0.0794294796569068,0.3689286027635847,0.063608377695043,6.393410579952567,1.3281709368284524,-2.859636718312505,-3.328528509956555,5.340000152587891,5.114999771118164,3994000.0,False,False,False,0.0758620763363648,0.2913793106283217,0.3975862339418926,0.7328707227597496,0.7763121325321295,0.4066744749291069,0.8708709194623453,False,False,0.5104167500976491,1.4408345159918856,0.2419700419657535,1.147137288493023,0.5303430736445431,1.3436644727409948,0.5803814905071729,1.2194455065534715,1.3763242818333274,82.0,96.0,96.0,84.0,84.0,87.0,87.0,94.0,93.0,91.0,89.0,100.0,57.0,False,volDry=0.78; 50SMA=+40.7%; 252H=0.87x; prior=2.2x; blind=VARS,ULCC
2026-05-27,18.82999992370605,19.100000381469727,16.649999618530273,17.170000076293945,6697613.0,0.0896990263581662,16.081490070666188,15.439618523605306,15.014800071716309,15.053333377838134,14.810000019073486,14.9989000415802,13.236400022506714,12.94499969482422,19.100000381469727,10.640000343322754,23.3799991607666,10.640000343322754,23.3799991607666,8.65999984741211,23.3799991607666,7.244999885559082,23.3799991607666,4.809999942779541,23.3799991607666,4255870.325,4578194.26,4085772.6706349207,64550000.446968935,0.1028318393116749,1.7414284433637346,0.0924815958799532,2.9350511098881875,0.890073458353865,-0.8297231532914005,0.9125543659110456,18.8799991607666,16.510000228881836,6267500.0,False,False,False,0.1301115652079754,0.3210302761968461,0.3268720505355213,0.9821282537644178,1.157192333730286,0.2714382106316877,0.805389247203405,False,False,0.2705803179120374,1.212046924975674,0.4010417047326302,1.294062761521062,1.3895938642434946,2.098099723493528,2.7140038039753547,2.86577973564269,1.0416316981088052,58.0,92.0,92.0,90.0,90.0,96.0,96.0,91.0,91.0,88.0,92.0,100.0,36.0,False,volDry=1.16; 50SMA=+27.1%; 252H=0.81x; prior=4.9x; blind=VARS,UMAC
2026-05-27,22.21999931335449,23.65999984741211,21.68000030517578,23.65999984741211,25462834.0,0.0540796676363561,18.575540778734787,16.72427327682476,15.441199913024905,14.774333254496256,12.540599975585938,11.218400006294251,9.28484999895096,9.800000190734863,23.65999984741211,8.289999961853027,23.65999984741211,8.289999961853027,23.65999984741211,7.659999847412109,23.65999984741211,6.96999979019165,23.65999984741211,6.559999942779541,23.65999984741211,14233000.85,13035068.68,9418156.484126983,288852859.41101897,0.048777370156847,1.057142870766776,0.0475761882733911,16.22334667810554,1.0783777871212084,17.980104077666503,13.75578825701674,21.520000457763672,20.5,26752000.0,False,False,False,0.089108893043319,0.3640864267590549,0.5202520172444236,0.69982703515016,1.3296449620240895,0.7718449959820444,0.939137762326946,False,False,0.9007698982847976,1.8132047835341236,1.1061610342783084,1.9453414948460577,2.069060775663917,2.694681996450404,2.02113765434484,2.331154065900893,1.5112300240485257,85.0,98.0,98.0,97.0,97.0,98.0,98.0,98.0,97.0,96.0,96.0,100.0,37.0,False,volDry=1.33; 50SMA=+77.2%; 252H=0.94x; prior=3.6x,UMC
2026-05-27,26.700000762939453,27.790000915527344,26.049999237060547,27.309999465942383,14580832.0,-0.0371438440786143,25.020369339254408,24.35955721995281,24.80919990539551,24.079666646321616,21.00009996414185,20.50040002822876,19.1626500415802,17.200000762939453,28.690000534057617,13.864999771118164,28.690000534057617,13.864999771118164,32.06999969482422,11.725000381469728,32.06999969482422,11.449999809265137,32.06999969482422,8.0,43.97999954223633,17508345.8,16659614.64,12964429.888888888,470826166.70244026,0.1025792775440292,2.485286167689732,0.0930818762799212,2.915954924680031,-0.4144387043582749,1.5727841001765182,1.675066379950372,28.6200008392334,25.31999969482422,23513200.0,True,False,False,0.0651686003276067,0.3466292435827007,0.349250954924424,0.9924933309279266,1.0430507292934597,0.2714225555368936,0.6070941573634631,True,True,0.1356869631221324,1.083367868982241,0.3296813179475142,1.228151219505986,1.1813726521418326,1.9152783352764595,1.8709677650909475,2.215280779754316,1.3504909934377798,81.0,85.0,85.0,88.0,88.0,96.0,96.0,93.0,93.0,91.0,93.0,65.38461538461539,67.0,False,inside; NR20; volDry=1.04; 50SMA=+27.1%; 252H=0.61x; prior=5.5x; blind=RS/VARS,USAR
2026-05-27,4.78000020980835,4.980000019073486,3.2300000190734863,3.430000066757202,21993107.0,0.6482758802125905,1.9032017731454784,1.5141233322754288,1.1426000118255617,1.1435000061988831,1.265100004673004,13.183700015544892,248.252650398016,0.7099999785423279,4.980000019073486,0.7099999785423279,23.399999618530277,0.7099999785423279,55.31999969482422,0.7099999785423279,76.80000305175781,0.7099999785423279,213.0,0.7099999785423279,6930.0,3529587.675,2906388.14,739263.996031746,19021374.562064625,0.199436402862186,0.3810714312962123,0.0797220532572928,34.850552393821346,4.933458559320776,-6.437388621605581,-18.384005511926684,3.140000104904175,1.3799999952316284,79685200.0,False,False,False,0.366108770541281,0.893305408600047,0.893305408600047,1.0,4.623312528381016,2.7783575939863008,0.00068975472003,False,False,3.732673519745189,4.514647602874387,-0.6580829494759975,0.3158093874847679,-0.9313218345603028,0.0603004728440281,-0.9990842911475464,0.0007065743633061,4.774461753779809,98.0,99.0,99.0,2.0,2.0,1.0,1.0,99.0,99.0,99.0,99.0,100.0,34.0,False,volDry=4.62; 50SMA=+277.8%; 252H=0.00x; prior=9760.6x; blind=VARS,VCIG
2026-05-27,44.4900016784668,44.65999984741211,43.04999923706055,44.34000015258789,873307.0,0.0063334675365891,42.70419397495789,40.37096771395668,38.289599838256834,37.502333132425946,35.44299980163574,36.74019989013672,36.8982999420166,31.15999984741211,46.0,29.45499992370605,46.0,29.45499992370605,46.0,29.45499992370605,48.09999847412109,29.45499992370605,50.709999084472656,22.61000061035156,50.709999084472656,924430.175,977598.14,1054673.0436507936,45414737.00792484,0.0552058259268679,2.030071531023298,0.0456298371417202,5.594036418185278,0.1379274521686433,-7.704035464847333,-7.659552512655692,45.51499938964844,43.95000076293945,940700.0,False,True,False,0.0361879197485129,0.1874578520554306,0.3335580937901035,0.5619946136680807,1.1182413869977288,0.255254970726646,0.8773417961289135,False,False,0.314328026114393,1.2537792534667478,0.2455207211101837,1.1504168494392788,0.0109066888261784,0.8875914338587534,0.6380707631964859,1.2639593943583358,0.8765087726145416,37.0,93.0,93.0,85.0,85.0,43.0,43.0,90.0,84.0,80.0,77.0,88.46153846153845,53.0,False,tight; volDry=1.12; 50SMA=+25.5%; 252H=0.88x; prior=2.2x; blind=VARS,VCYT
2026-05-27,60.2400016784668,64.4000015258789,60.11000061035156,64.4000015258789,1107162.0,-0.0358514385432301,58.68773155646041,56.15888048691992,55.41879974365234,53.618333180745445,46.21099994659424,38.89479995727539,33.5994499874115,41.02000045776367,65.43000030517578,29.399999618530277,65.43000030517578,27.299999237060547,65.43000030517578,27.299999237060547,65.43000030517578,26.0,65.43000030517578,19.040000915527344,65.43000030517578,1443264.05,1391505.24,958244.6904761904,91291404.85603525,0.0594092226171629,3.4771431514195035,0.0577214982492676,5.259492102224021,-0.6442063976730662,7.193277413325411,7.52279487006663,62.61000061035156,59.72999954223633,964300.0,False,False,True,0.0712151526559607,0.2068393517927778,0.3014608124405734,0.6861235134286378,0.7502064455035756,0.303585764170561,0.9206786091624328,False,False,0.211097700958575,1.1553045672108175,1.1166550813887,1.9550342509841037,1.1985402378519463,1.930351736397216,2.1374999627470985,2.420940927469226,1.506153975434796,85.0,89.0,89.0,97.0,97.0,96.0,96.0,91.0,94.0,94.0,92.0,76.92307692307693,58.0,False,volDry=0.75; 50SMA=+30.4%; 252H=0.92x; prior=3.4x,VECO
2026-05-27,25.799999237060547,26.38999938964844,23.1200008392334,25.11000061035156,2601688.0,0.0287081066804124,20.92569590308084,18.42759225460831,16.774199981689453,16.0125,14.072599983215332,14.12274998664856,9.953224991559985,10.300000190734863,26.38999938964844,8.359999656677246,26.38999938964844,8.300000190734863,26.38999938964844,5.260000228881836,26.38999938964844,3.75,26.38999938964844,2.809999942779541,26.38999938964844,2920237.2,2878625.76,1406453.242063492,60997049.4846096,0.1419372533889233,2.9610000337873186,0.1147674465638733,7.261204173656086,0.2431608595537787,-1.2587332279442327,0.2845188553447373,25.729999542236328,23.32999992370605,4400000.0,False,True,False,0.1267441336090363,0.4186046339701759,0.5713178374805846,0.7327000953027334,1.6047062678963868,0.8333498619894488,0.9776430403094544,False,False,0.8004186583685686,1.7174765481417804,1.6434424827894034,2.441597896511837,4.243902202638732,4.604225816786045,3.095237850151733,3.15994550975954,2.076313035274137,92.0,98.0,98.0,98.0,98.0,99.0,99.0,98.0,98.0,97.0,99.0,100.0,63.0,False,tight; volDry=1.60; 50SMA=+83.3%; 252H=0.98x; prior=9.4x; blind=VARS,VELO
2026-05-27,44.130001068115234,44.2400016784668,40.63999938964844,41.29999923706055,1568348.0,0.0737226935884682,42.145640425877225,40.66297216583827,39.64200012207032,38.74500007629395,36.13452389126732,0.0,0.0,32.25,47.27000045776367,26.34000015258789,47.27000045776367,0.0,0.0,0.0,0.0,0.0,0.0,0.0,0.0,2859493.7,2724046.380952381,0.0,57746015.02743149,0.058496721873487,2.418572289603097,0.0548056249957936,4.037354797707317,1.2528062969295752,-2.3491631785033675,-1.294393141847979,42.369998931884766,40.45000076293945,1288700.0,False,False,False,0.0815772082865284,0.1545433838602782,0.3038749042111646,0.5085756728133265,0.4488377321874143,0.2212697530181155,0.0,False,False,0.2630224041961235,1.2048371910065074,0.0,0.0,0.0,0.0,0.0,0.0,0.0,0.0,92.0,92.0,0.0,0.0,0.0,0.0,87.0,89.0,0.0,0.0,84.61538461538461,39.0,False,volDry=0.45; 50SMA=+22.1%; blind=VARS,VGNT
2026-05-27,53.05500030517578,54.39799880981445,50.61000061035156,53.52000045776367,7119938.0,-0.0136642609749313,51.24440964013606,50.14158238906568,50.40980010986328,49.122833251953125,43.96889984130859,34.40804992675781,24.46107494831085,37.65999984741211,60.43000030517578,26.8700008392334,60.43000030517578,18.06999969482422,60.43000030517578,16.690000534057617,60.43000030517578,13.010000228881836,60.43000030517578,8.869999885559082,60.43000030517578,6572383.45,6657252.76,4219966.817460317,381074235.4524231,0.0787389359360508,3.5612850189208984,0.0671243991788928,3.078587657418758,-0.2063863483115076,10.628034607339227,12.02609949183037,54.5099983215332,49.470001220703125,8682300.0,True,True,False,0.0713975719097932,0.1975308544332239,0.3181604178874824,0.6208530141643226,0.9769260736316102,0.2066483468237892,0.877957968513061,False,False,0.1810997877968407,1.1266886049683704,0.7197730842507104,1.5884568596905355,2.3242481314765526,2.918740372512161,4.836633598963275,4.503631976460736,1.5574490829658767,87.0,88.0,88.0,95.0,95.0,98.0,98.0,89.0,93.0,97.0,97.0,61.53846153846154,82.0,False,inside; tight; volDry=0.98; 50SMA=+20.7%; 252H=0.88x; prior=6.8x; blind=RS,VIAV
2026-05-27,345.8399963378906,361.8900146484375,337.7049865722656,337.9800109863281,1164629.0,0.0387144726183228,291.8643665478769,276.2734885164694,275.0467999267578,265.41900024414065,228.3072009277344,195.99960021972657,134.28215030670165,187.5800018310547,361.8900146484375,137.6699981689453,361.8900146484375,126.0,361.8900146484375,87.04000091552734,361.8900146484375,60.95000076293945,361.8900146484375,41.58000183105469,361.8900146484375,890688.225,945482.58,565234.2420634921,264657875.7482376,0.0915690296481719,30.23357173374721,0.0874206918051449,5.888778471748946,0.4263467196127331,8.068859779769692,9.269395073030417,334.6199951171875,282.0,1586600.0,False,False,False,0.0699312639725532,0.378469858993857,0.378469858993857,1.0,1.0247707578070873,0.5148010878875373,0.955649457954404,False,False,0.2875172748520418,1.2282036261996567,0.7541082872497171,1.620170339353698,3.099087176477557,3.599060827964645,7.299496317127964,6.404012924329328,1.5757860347391164,87.0,93.0,93.0,96.0,96.0,99.0,99.0,96.0,97.0,97.0,98.0,100.0,32.0,False,volDry=1.02; 50SMA=+51.5%; 252H=0.96x; prior=8.7x,VICR
2026-05-27,12.489999771118164,12.68280029296875,12.425000190734863,12.649999618530272,3148411.0,-0.0142068116883888,11.967658987422116,11.554069328071664,11.385842895507812,11.033432070414223,10.196663970947265,9.563378801345824,8.874417140483857,8.95419964185697,13.220000267028809,8.110016441764346,13.220000267028809,7.992903533106121,13.220000267028809,7.992903533106121,13.220000267028809,7.331707559931098,13.220000267028809,2.6447826562353893,13.220000267028809,7731310.275,6954226.22,5668273.456349206,114289899.9514224,0.0437400733582187,0.4431285858154297,0.0354786704512292,6.339313166639436,-0.4062033254851997,2.094593263691584,1.707459942609918,12.739999771118164,12.289999961853027,5998600.0,True,False,False,0.0206405209734289,0.142914321867302,0.2722178250208411,0.5249998667661105,0.937944912007766,0.2249104027263389,0.9447805990041246,True,True,0.3105979927808961,1.2502210561861926,0.4379764286174648,1.3281772711926696,0.4881383229609066,1.3066080603252874,3.4905227482757084,3.464953127047589,1.363962119071712,81.0,93.0,93.0,91.0,91.0,86.0,86.0,89.0,85.0,82.0,79.0,84.61538461538461,79.0,False,inside; NR20; volDry=0.94; 50SMA=+22.5%; 252H=0.94x; prior=5.0x,VISN
2026-05-27,48.59000015258789,50.5,45.79999923706055,47.09999847412109,4408599.0,0.0462963305223351,40.676617748804304,36.46580635149722,32.67919982910156,32.446999867757164,30.138999938964844,29.777299938201903,28.973599939346315,24.81999969482422,50.79899978637695,21.68000030517578,50.79899978637695,21.68000030517578,50.79899978637695,21.18000030517578,50.79899978637695,17.40999984741211,50.79899978637695,17.40999984741211,73.94999694824219,1964994.975,1969513.98,1594902.4854771784,89047988.57640705,0.1074200036149355,4.250643185206822,0.0874797936171735,6.99815128052296,0.5058061644320998,0.5247562012103852,-0.2776053108948466,50.79899978637695,44.29999923706055,4632900.0,True,False,False,0.0967277371512651,0.4373122140890689,0.5346573371057933,0.8179298846927399,1.5564550092708658,0.6121968297219076,0.6570656140337121,False,False,0.7844289742722972,1.7022234805733594,0.7598695790818089,1.6254917178629753,1.4355888869363929,2.138484052327833,0.0,0.0,1.2320470956016436,75.0,98.0,98.0,96.0,96.0,97.0,97.0,97.0,95.0,94.0,93.0,100.0,56.0,False,inside; volDry=1.56; 50SMA=+61.2%; 252H=0.66x; prior=4.2x; blind=VARS,VOYG
2026-05-27,17.260000228881836,17.479999542236328,17.024999618530273,17.270000457763672,1107972.0,0.0152941311106962,16.981061596974097,16.753299043936885,15.91160011291504,15.703000100453696,17.99440008163452,24.234200010299684,24.315474972724918,13.18000030517578,20.0,13.18000030517578,30.790000915527344,13.18000030517578,34.20000076293945,13.18000030517578,34.290000915527344,13.18000030517578,34.290000915527344,13.18000030517578,34.290000915527344,3318221.8,3219655.44,1585019.7301587302,60370317.34594746,0.0559363721520203,0.883357320513044,0.0511794501042292,-0.7974428961697871,0.2943318890829259,-14.171665396594616,-12.802276277817294,18.0,16.8700008392334,1488200.0,True,True,True,0.0263615247782375,0.1477405046694126,0.3951332331625376,0.3739004777880571,0.6387755579211917,-0.0408126889154937,0.5033537406838064,False,False,0.2785185354727286,1.219619442862646,-0.4035936451151873,0.5508667243693764,-0.4311140361873194,0.4994905206423441,0.2719234058247646,0.9814347303039088,2.093489271371846,92.0,92.0,92.0,5.0,5.0,10.0,10.0,84.0,71.0,66.0,62.0,69.23076923076923,100.0,True,inside; tight; volDry=0.64; 50SMA=-4.1%; 252H=0.50x; prior=2.6x; blind=RS/VARS,VRDN
2026-05-27,319.7799987792969,326.1626892089844,310.1000061035156,326.010009765625,5276568.0,-0.0127504703038463,331.7471677242723,331.65504614496547,335.0588012695313,330.198334757487,305.4276016235352,259.6038607788086,209.4926149368286,292.6700134277344,379.93499755859375,231.6999969482422,379.93499755859375,169.96554093133545,379.93499755859375,147.78484097031065,379.93499755859375,147.78484097031065,379.93499755859375,104.58071963112484,379.93499755859375,5587464.2,7417231.36,7085572.095238095,1907948775.1601684,0.0515416471344833,20.14483642578125,0.0629959237684676,0.7459396851222856,-0.2050155581073342,4.630788000721825,6.958558064182369,343.3099975585937,323.260009765625,6523700.0,False,False,False,0.0502304183087909,0.2183844884660102,0.2505941899791297,0.8714666867743341,0.7807100141473812,0.0469911595398382,0.8416702879022885,False,False,-0.0082188194543957,0.946091571845255,0.2199400935897952,1.1267894746233431,1.001973592265582,1.7577632346756629,2.0744700445280326,2.372306119347039,0.7885692397026194,27.0,43.0,43.0,83.0,83.0,94.0,94.0,46.0,77.0,91.0,92.0,3.8461538461538463,69.0,False,volDry=0.78; 50SMA=+4.7%; 252H=0.84x; prior=3.6x; blind=1m/RS,VRT
2026-05-27,85.56999969482422,87.4800033569336,79.06999969482422,82.26000213623047,3017746.0,0.0512284777736715,75.53298078613031,71.32351894049177,68.6472004699707,67.55966695149739,60.83240013122558,52.57189998626709,42.86605000495911,56.59000015258789,87.4800033569336,41.66999816894531,87.4800033569336,36.709999084472656,87.4800033569336,32.060001373291016,87.4800033569336,29.1299991607666,87.4800033569336,8.609999656677246,87.4800033569336,1742381.15,1808816.92,2662839.865079365,139020995.46059647,0.0596557165047979,5.364286150251116,0.0626888648987056,6.486825229618559,0.7773631107934285,6.673529646111078,5.690352021871109,83.25,76.5,2582000.0,False,False,False,0.0982821513626587,0.2369990239688882,0.3605235760060935,0.6573745511857525,1.290879455063921,0.4066517104410729,0.9781663970185708,False,False,0.4587453105593435,1.3915434884837723,0.7954259330420579,1.6583331054105366,1.8194398227114756,2.475511006683274,8.35191292484108,7.216072994006651,0.6543319306766007,18.0,96.0,96.0,96.0,96.0,97.0,97.0,92.0,94.0,95.0,95.0,100.0,37.0,False,volDry=1.29; 50SMA=+40.7%; 252H=0.98x; prior=10.2x,VSAT
2026-05-27,48.900001525878906,50.52999877929688,47.27000045776367,50.5,5537534.0,-0.0291839872379933,42.58892149375316,37.95845342074352,34.856400146484376,33.35266679128011,27.56360000610352,22.89708795547485,18.933822960853576,22.700000762939453,50.7400016784668,15.520799111449325,50.7400016784668,15.520799111449325,50.7400016784668,13.780799082683602,50.7400016784668,11.619449773229242,50.7400016784668,11.619449773229242,50.7400016784668,4308895.85,3811838.68,2194126.3253968256,224046223.4990269,0.0619384807866587,2.9557138170514787,0.060444043452376,12.806537557325331,-0.4973409122106008,19.08606646178786,15.775505770260327,50.7400016784668,48.47999954223633,9844000.0,False,False,False,0.0666666302619222,0.3308793415193041,0.4916155453043262,0.673044912187386,1.837384524362925,0.774078912589458,0.9637366950784166,False,False,0.7608930759742898,1.679771839573979,1.4456008785117191,2.258862827376835,2.959519369150194,3.47651817235114,2.607984131879511,2.7839734037411064,1.9638321641397287,91.0,98.0,98.0,98.0,98.0,99.0,99.0,98.0,98.0,97.0,97.0,96.15384615384616,37.0,False,volDry=1.84; 50SMA=+77.4%; 252H=0.96x; prior=4.4x,VSH
2026-05-27,11.970000267028809,12.19499969482422,11.620200157165527,11.81999969482422,1678612.0,0.0152672015062067,11.57020467533708,10.989339856479065,10.530400009155274,10.4056666692098,9.421200008392336,8.325300011634827,6.824100012779236,8.899999618530273,12.600000381469728,7.03000020980835,12.600000381469728,6.25,12.600000381469728,5.940000057220459,12.600000381469728,4.829999923706055,12.600000381469728,3.9800000190734863,12.600000381469728,1503302.8,1528740.24,2162147.6666666665,21939373.564990044,0.0515293397159193,0.7574142728533063,0.0632760447750024,4.275532913628912,0.2376510604925492,4.351808762002188,5.245017373324749,12.024999618530272,11.272000312805176,2124300.0,False,False,False,0.0480200104290697,0.1662490125646787,0.3091061554218216,0.5378379228255972,1.2978929631629244,0.2705388120797798,0.9499999924311564,False,False,0.2417012282909256,1.1844982440478236,0.5647058977525263,1.4452300942749865,0.9687500686237696,1.7285924760754623,1.0016722790718964,1.5445196498242535,0.6952822062877914,20.0,91.0,91.0,94.0,94.0,94.0,94.0,86.0,90.0,91.0,90.0,80.76923076923077,37.0,False,volDry=1.30; 50SMA=+27.1%; 252H=0.95x; prior=3.2x,VSTS
2026-05-27,530.5999755859375,546.6799926757812,521.7000122070312,539.5549926757812,6252563.0,0.0113408003335557,491.21300865307785,467.9944161099834,458.85359741210937,444.2823303222656,389.30639801025393,321.92783447265623,225.8470308303833,351.6099853515625,546.6799926757812,238.0,546.6799926757812,216.72626848983745,546.6799926757812,151.2259702215908,546.6799926757812,117.07978199949768,546.6799926757812,50.40243913251936,546.6799926757812,7526304.075,7985927.26,8434847.075396825,3768820051.795807,0.0618518222621748,30.92571803501674,0.0582844316961486,6.226992093709981,0.1923949240285369,10.204200775329632,10.348852709510984,536.1199951171875,500.5,7552500.0,False,False,False,0.0470787440974998,0.2123633581990832,0.2689031271029005,0.7897392659097588,0.7747724338776409,0.3629366953582973,0.9705860516110376,False,False,0.3240834503010064,1.2630852624773774,0.8245537521214856,1.6852368198879035,2.816946309037924,3.351336859126651,9.619574968410848,8.19421959477673,0.8922869623745868,40.0,93.0,93.0,96.0,96.0,99.0,99.0,92.0,95.0,95.0,97.0,100.0,48.0,False,volDry=0.77; 50SMA=+36.3%; 252H=0.97x; prior=10.8x,WDC
2026-05-27,63.2599983215332,74.03279876708984,56.5,73.38999938964844,16463649.0,-0.1393197507274394,62.695316173771765,54.52724321552974,47.72199981689453,44.00266653696696,33.790799865722654,26.06679991722107,24.853192737303583,21.5,80.81999969482422,14.579999923706056,80.81999969482422,13.484999656677246,80.81999969482422,13.484999656677246,80.81999969482422,13.484999656677246,80.81999969482422,8.050000190734863,80.81999969482422,7314493.725,6129808.98,3758691.861445783,617207431.3526099,0.1805194893274504,11.108485358101982,0.1756004687455191,4.966428420002981,-0.921817993035229,5.279542896153913,4.96289642304869,80.69999694824219,70.80000305175781,11498900.0,False,False,True,0.2771545879273572,0.4274423274261001,0.8797028310951986,0.4858940000158345,2.17965273364848,0.8721071585435913,0.7827270299480641,False,False,1.132119924464623,2.0338969222924947,2.0903761819016182,2.8544052061988445,2.6821884282781414,3.233017392127943,0.0,0.0,1.9460211144274209,91.0,99.0,99.0,99.0,99.0,99.0,99.0,99.0,99.0,99.0,98.0,80.76923076923077,42.0,False,volDry=2.18; 50SMA=+87.2%; 252H=0.78x; prior=10.0x,WOLF
2026-05-27,3.7100000381469727,3.910000085830689,3.7100000381469727,3.859999895095825,5821509.0,-0.0884521175259439,4.239892949349176,4.149200374335396,4.172151832580567,3.976674890518189,3.62342866897583,2.9668581283092497,2.4116854840517044,2.743861552070121,5.068660760841728,2.496049417115377,5.068660760841728,1.7502178528632844,5.068660760841728,1.4916629791259766,5.068660760841728,1.4916629791259766,5.068660760841728,1.3474466412697603,5.068660760841728,8243812.725,8442262.18,3772673.845238095,28664875.87789073,0.0727127755205407,0.3394610434554013,0.0914989326051197,0.2611190410852745,-1.060504998894524,4.005045413933352,6.792366216819607,4.380000114440918,4.050000190734863,5075100.0,False,False,False,0.053908368093605,0.3662158244541051,0.4518193845304944,0.8105358844544845,0.7726366181155488,0.023892113542175,0.731948775662562,False,False,-0.016322820290434,0.938360908025858,0.4745991252021182,1.3620035789439644,1.005771685664901,1.76109801839358,1.7137391600364555,2.0939608851041704,2.185137932187119,93.0,39.0,39.0,92.0,92.0,94.0,94.0,87.0,83.0,93.0,94.0,7.6923076923076925,69.0,False,volDry=0.77; 50SMA=+2.4%; 252H=0.73x; prior=3.8x; blind=1m/RS,WTI
2026-05-27,26.739999771118164,26.854999542236328,24.920000076293945,26.190000534057617,36233170.0,0.0619539097313561,23.639028894156745,22.755739006540328,22.50799995422363,22.08633327484131,19.804800052642825,17.250200033187866,14.652950026988982,18.25,26.854999542236328,13.020000457763672,26.854999542236328,11.739999771118164,26.854999542236328,11.130000114440918,26.854999542236328,10.470000267028809,26.854999542236328,3.400000095367432,26.854999542236328,31464876.75,31027743.4,39766114.96031746,677198781.7350264,0.072230537298229,1.915357317243304,0.0716289204800995,4.888775611829805,0.8144691603484341,2.3254656586829494,1.7181288932054062,25.93000030517578,24.190000534057617,46110100.0,False,False,False,0.0723634810211319,0.27131635089252,0.2724382913151939,0.995881854869748,0.8579517581030401,0.3501777195448072,0.9957177518868584,False,False,0.2477834526516507,1.1903002710661104,0.4921874808746258,1.3782489455417584,1.3684676582345467,2.079550593597819,5.804071073001887,5.250120901871541,0.7912484481171658,27.0,91.0,91.0,93.0,93.0,96.0,96.0,91.0,94.0,95.0,94.0,100.0,48.0,False,volDry=0.86; 50SMA=+35.0%; 252H=1.00x; prior=7.9x,WULF
2026-05-27,31.57999992370605,32.130001068115234,29.096099853515625,31.309999465942383,1089499.0,0.0050922930306682,27.84766239284758,24.88792153323407,22.42600006103516,21.38433338801066,18.213100032806395,18.162200078964236,20.5467000579834,13.899999618530272,33.189998626708984,10.510000228881836,33.189998626708984,10.510000228881836,33.189998626708984,10.510000228881836,33.189998626708984,10.510000228881836,37.1150016784668,10.510000228881836,40.75,1476557.475,1380335.98,1245100.9851485149,56354263.1156621,0.1383665191940926,3.998635564531599,0.1266192392081026,5.796250186228201,0.0400136108504931,0.8479117194360093,-0.1480820240923112,33.189998626708984,30.90999984741211,1323600.0,False,True,False,0.0960703363498794,0.3606712925004899,0.6108296090811055,0.5904613776713635,1.941592437516553,0.733916788840038,0.7749693232811302,False,False,0.9338640582515724,1.844774353955534,0.7015086655393168,1.571587052007149,0.8212225862635261,1.5990611048331302,0.0,0.0,1.1858937488703996,72.0,98.0,98.0,95.0,95.0,93.0,93.0,98.0,98.0,97.0,96.0,100.0,61.0,False,tight; volDry=1.94; 50SMA=+73.4%; 252H=0.77x; prior=3.9x; blind=VARS,WYFI
2026-05-27,94.55999755859376,95.37999725341795,91.22000122070312,93.0,404001.0,0.020725368972313,87.40275021153818,78.68496838475679,70.70900024414063,66.89150021870931,56.53650001525879,56.2885998916626,55.20042495727539,43.303001403808594,95.37999725341795,35.86000061035156,95.37999725341795,35.86000061035156,95.37999725341795,35.86000061035156,95.37999725341795,35.86000061035156,95.37999725341795,29.600000381469727,95.37999725341795,855320.025,837904.02,843718.6547619047,82307419.33031769,0.0670973699671511,6.755428314208984,0.0714406566055906,9.41407612147937,0.2842156084917513,2.4093657611634285,1.174657805367834,93.38999938964844,88.0999984741211,850400.0,False,False,False,0.0439931909911177,0.1309221401549503,0.5399746074121312,0.242459808957322,1.0674612827373713,0.6725477794534982,0.99140281276539,False,False,0.9861372893583648,1.8946394495566112,1.2611190399003471,2.088467416078588,0.68977839716998,1.4836511094700444,1.8235291973542476,2.1786764860370527,1.013750282955838,55.0,98.0,98.0,98.0,98.0,91.0,91.0,98.0,97.0,96.0,95.0,100.0,37.0,False,volDry=1.07; 50SMA=+67.3%; 252H=0.99x; prior=3.2x,XMTR
2026-05-27,3.0999999046325684,3.220000028610229,2.970000028610229,3.109999895095825,4869569.0,0.0299003038054694,2.7470889382594903,2.533330752568382,2.3995999908447265,2.28199999332428,1.8975585889816284,1.982095308303833,2.5828643572330474,1.399999976158142,3.289999961853028,1.190000057220459,3.289999961853028,1.190000057220459,3.289999961853028,1.190000057220459,3.289999961853028,1.190000057220459,3.5911646342426984,1.190000057220459,6.556095499983132,7261349.225,6457705.38,4551337.575396826,29266473.2572907,0.1363161677883093,0.2942857231412615,0.0949308813530889,6.675152363366982,0.3058249418579855,-3.8041210726033943,-5.012740357513315,3.289999961853028,2.9100000858306885,12405400.0,True,True,False,0.0806451637712652,0.3000000307636886,0.5645161463988565,0.531428609575544,0.985416107663927,0.6336780970205824,0.4728423960023987,False,False,0.9135801824122882,1.8254249204793465,0.7663424834676349,1.6314703725284925,0.2190649543326766,1.070357554008773,-0.2820832752661721,0.5539550604172799,1.5954319152797387,87.0,98.0,98.0,96.0,96.0,72.0,72.0,98.0,97.0,96.0,95.0,100.0,81.0,False,inside; tight; volDry=0.99; 50SMA=+63.4%; 252H=0.47x; prior=5.5x; blind=VARS,XRX
2026-05-27,1.1299999952316284,1.2599999904632568,0.8658000230789185,1.1200000047683716,4671213.0,-0.1811594209158228,0.9081750497884034,0.7667779762641155,0.611560001373291,0.5541000013550123,0.4613400009274482,0.4578000010550022,0.97084999717772,0.2349999994039535,2.3399999141693115,0.2349999994039535,2.3399999141693115,0.2349999994039535,2.3399999141693115,0.2349999994039535,2.3399999141693115,0.2349999994039535,2.3399999141693115,0.2349999994039535,6.449999809265137,13507382.825,10816348.26,3360987.081730769,21945362.70161972,0.5983977428235889,0.5397999914629119,0.4776991095050962,3.034099342994014,-0.463134501581734,-5.820000839635428,-7.407357263937844,1.659999966621399,1.2200000286102295,120517300.0,False,True,True,0.348849530130781,1.691150382308413,1.8619468332896056,0.9082699634986692,1.7756687227820456,1.449386554298238,0.1751938028910379,False,False,3.484126893083106,4.2775510806695545,0.915254314340969,1.76901178505902,0.3780487866929285,1.209947774634229,0.0,0.0,4.01887377027473,97.0,99.0,99.0,96.0,96.0,82.0,82.0,99.0,99.0,99.0,98.0,84.61538461538461,61.0,False,tight; volDry=1.78; 50SMA=+144.9%; 252H=0.18x; prior=27.4x; blind=VARS,YMAT
