date,close,high,low,open,volume,price_chg_pct0,ema10,ema20,sma25,sma30,sma50,sma100,sma200,min30,max30,min60,max60,min90,max90,min120,max120,min150,max150,min252,max252,vol_sma40,vol_sma50,vol_sma252,avg_dollar_vol,adr_pct,atr14,atr_pct,atr_multi_50sma,vars_norm_change,vars,vars_20ema,previous_session_high,previous_session_low,previous_session_volume,inside_day,tight_day,close_to_ma,perf_1mo,rela_perf_1mo,perf_3mo,rela_perf_3mo,perf_6mo,rela_perf_6mo,vol_ratio,vol_ratio_rank,perf_1mo_rank,rela_perf_1mo_rank,perf_3mo_rank,rela_perf_3mo_rank,perf_6mo_rank,rela_perf_6mo_rank,c0_c30_rank,c0_c60_rank,c0_c90_rank,c0_c120_rank,rs_sts_pct,ticker
2026-04-20,66.52999877929688,67.20800018310547,65.20999908447266,66.20999908447266,5366700.0,0.0138676622161866,69.07434701386303,67.88159538477073,66.0831999206543,65.67766660054525,63.88491073608398,58.76512645721436,45.95340235710144,55.06100082397461,75.69999694824219,54.9500066968113,75.69999694824219,42.69008187503619,75.69999694824219,35.06257597051839,75.69999694824219,30.676935521067115,75.69999694824219,22.42853190688741,75.69999694824219,6459220.0,6550912.0,6661487.698412699,397121533.944912,0.0426079831117118,3.408356257847377,0.051230367058236,0.8081916748706646,0.2669897052632555,10.409371025445894,14.460121915885876,67.52999877929688,63.02999877929688,10626200.0,True,True,True,0.1343563009105972,1.0541519340096377,0.1093551005702984,1.0829629298962231,0.799584578857272,1.6780611435996091,0.9696362573091752,42.0,72.0,72.0,75.0,75.0,95.0,95.0,61.0,53.0,83.0,90.0,30.76923076923077,AA
2026-04-20,163.47000122070312,163.58999633789062,151.64999389648438,159.99000549316406,6711400.0,0.0254046110793817,144.5742853792528,129.00355013048647,116.25040069580078,115.57933400472004,94.62980041503906,64.48980024337769,45.70860014915466,78.57499694824219,163.58999633789062,34.540000915527344,163.58999633789062,26.799999237060547,163.58999633789062,18.5,163.58999633789062,18.5,163.58999633789062,9.711000442504885,163.58999633789062,12881682.5,11156968.0,6238909.126984127,1550361600.3034973,0.1320374611616839,14.8643559047154,0.090930175528945,8.000298198460726,0.2724640796896578,17.13070641292175,17.320376540324748,161.47000122070312,152.5,8713100.0,False,True,False,0.6039050643400805,1.4905013743783164,3.4133368569161053,4.308341135068306,4.249518446523921,4.895025791627343,2.064733150910145,93.0,97.0,97.0,99.0,99.0,99.0,99.0,98.0,99.0,99.0,99.0,100.0,AAOI
2026-04-20,3.910000085830689,4.03000020980835,3.880000114440918,4.03000020980835,5225300.0,-0.0249376901105643,3.739414414501174,3.625102088445308,3.527200002670288,3.5293333371480307,3.439800009727478,3.5971999979019165,4.1356000030040745,3.220000028610229,4.050000190734863,2.744999885559082,4.670000076293945,2.744999885559082,4.849999904632568,2.744999885559082,5.800000190734863,2.744999885559082,6.514999866485596,1.940000057220459,6.514999866485596,3167032.5,3175088.0,4803415.873015873,10257472.800319197,0.0457613101201841,0.1903571741921561,0.0486846982131751,2.807740842431913,-0.5253289952192833,-1.03074327718566,-0.5481208430457608,4.050000190734863,3.869999885559082,4808600.0,True,False,False,0.1076487585044685,1.0293327414354307,-0.0509708265926072,0.9264512451079976,-0.3304794548510341,0.6243087570629898,0.6593292323055815,18.0,65.0,65.0,37.0,37.0,19.0,19.0,62.0,81.0,75.0,69.0,96.15384615384616,ABCL
2026-04-20,3.950000047683716,3.9800000190734863,3.427999973297119,3.4549999237060547,5775000.0,0.1033519921404448,3.305637445034677,3.127445910055403,3.034000015258789,2.9346666812896727,2.822900013923645,3.069400012493133,3.112700011730194,2.240000009536743,3.9800000190734863,2.240000009536743,3.9800000190734863,2.240000009536743,4.15500020980835,2.240000009536743,4.559999942779541,2.240000009536743,5.228000164031982,2.240000009536743,5.228000164031982,3882040.0,3652966.0,4282250.396825396,12628796.351647375,0.0764229107556437,0.251928550856454,0.0637793791937256,6.26017796083219,1.4686708700534816,-0.3640431700712909,-1.1342906652560791,3.734999895095825,3.3299999237060547,6448600.0,False,False,False,0.2824675797169569,1.191791043412063,0.307947043917492,1.276830261204746,-0.1889116754609018,0.7563166618712828,0.9065420375412684,35.0,90.0,90.0,90.0,90.0,27.0,27.0,96.0,93.0,90.0,87.0,100.0,ABSI
2026-04-20,1.2599999904632568,1.3200000524520874,1.2000000476837158,1.25,21798800.0,-0.0307692025540132,1.0981321378979598,1.0460547187632387,0.989319989681244,1.0070999880631766,1.043359988927841,1.5218299895524978,3.876789995729923,0.7699999809265137,1.440000057220459,0.7699999809265137,1.6100000143051147,0.7699999809265137,2.130000114440918,0.7699999809265137,6.480000019073486,0.7699999809265137,8.050000190734863,0.6850000023841858,14.649999618530272,14644317.5,14314978.0,7863236.507936508,12996405.811009107,0.0933227332353907,0.102714295898165,0.0815192830758678,2.547088999706196,-0.3894293535603347,-14.984857030071105,-14.269095382298405,1.440000057220459,1.2000000476837158,38948600.0,False,True,False,0.2352941313966887,1.147952981472622,-0.2317073161867244,0.7500145764440307,-0.7495029944519098,0.2335812923364934,1.862377849784783,91.0,87.0,87.0,17.0,17.0,4.0,4.0,94.0,90.0,87.0,82.0,96.15384615384616,ABTC
2026-04-20,27.84000015258789,27.8700008392334,26.809999465942383,26.809999465942383,3457700.0,0.0311111167625144,26.471346079081727,25.433879512453004,24.695999908447263,24.626999855041504,22.328399982452392,18.310499954223637,20.17629999637604,21.61000061035156,27.989999771118164,12.90999984741211,27.989999771118164,11.43000030517578,27.989999771118164,11.43000030517578,27.989999771118164,11.43000030517578,27.989999771118164,11.43000030517578,28.479999542236328,3436200.0,3551906.0,2926832.53968254,73528174.07355309,0.0483207877428195,1.1428574153355189,0.0410509126821712,6.013084187635832,0.7349999582767587,5.859661909913193,4.97085445525376,27.8700008392334,26.76000022888184,3549600.0,False,False,False,0.2125436090028187,1.1268110288410054,1.3835615946217996,2.326855347555292,0.1253031693673947,1.0493130167207785,1.1740336877533517,64.0,85.0,85.0,99.0,99.0,65.0,65.0,74.0,97.0,97.0,95.0,96.15384615384616,ACHC
2026-04-20,6.110000133514404,6.139999866485596,5.929999828338623,6.010000228881836,21771600.0,0.0,5.816612529418411,5.779033181352868,5.640400047302246,5.748666715621948,6.2444000339508055,7.167800011634827,8.62125,4.800000190734863,6.679999828338623,4.800000190734863,9.109999656677246,4.800000190734863,9.289999961853027,4.800000190734863,11.720000267028809,4.800000190734863,14.619999885559082,4.800000190734863,14.619999885559082,28250060.0,28973916.0,40379034.92063492,140576245.07359743,0.056669907018056,0.330714327948434,0.0541267300690238,-0.3976458355105935,0.0,-6.391510074541474,-5.348183596439967,6.485000133514404,6.099999904632568,28307100.0,False,False,False,0.0166389186063597,0.9447577285708794,-0.3103837053865271,0.6732099420058132,-0.4852569340840713,0.4799831850078103,0.6996219710432792,20.0,34.0,34.0,11.0,11.0,12.0,12.0,72.0,64.0,57.0,50.0,61.53846153846154,ACHR
2026-04-20,49.68999862670898,50.79999923706055,47.5,49.90499877929688,1369600.0,-0.0181782646225537,48.07476741601453,47.16122290798926,45.20179962158203,45.47749977111816,51.6296997833252,48.062599906921385,40.3650749874115,37.15999984741211,52.91299819946289,37.15999984741211,71.6500015258789,36.15299987792969,71.6500015258789,28.459999084472656,71.6500015258789,28.459999084472656,71.6500015258789,17.315000534057617,71.6500015258789,1246810.0,1277684.0,1376885.7142857143,44977480.755176544,0.0566733266390353,2.8692855834960938,0.0577437243468511,-0.6506245306015678,-0.3206379974633259,6.663430811355827,8.270273710865597,52.91299819946289,49.650001525878906,2154800.0,False,True,False,0.0663090183211894,0.9909159168180884,-0.0732935543353551,0.9046595873898025,0.2522681009210457,1.1677041836284512,0.9055290406922454,35.0,51.0,51.0,34.0,34.0,77.0,77.0,80.0,73.0,70.0,86.0,57.692307692307686,ACMR
2026-04-20,5.099999904632568,5.099999904632568,4.920000076293945,4.960000038146973,1742100.0,0.0159362398426323,4.770220007118853,4.737134691395038,4.597199974060058,4.664666652679443,5.192999982833863,6.663399996757508,8.8185999917984,4.065000057220459,5.230000019073486,4.065000057220459,8.744999885559082,4.065000057220459,9.06999969482422,4.065000057220459,9.640000343322754,4.065000057220459,10.595000267028809,4.065000057220459,17.540000915527344,3406635.0,3356872.0,2898859.9206349207,11120801.739842892,0.0616344890305085,0.2767857483455113,0.0542717163767187,-0.3299829007656839,0.2890319468551209,-7.96779311112784,-6.171305452352469,5.15500020980835,4.940000057220459,2732400.0,False,False,False,0.0782240769697835,1.0019885243472846,-0.4164759681704095,0.5696416727611966,-0.4117647220583877,0.5485125705150999,1.1751637172084757,65.0,55.0,55.0,6.0,6.0,15.0,15.0,69.0,61.0,54.0,46.0,76.92307692307693,ACVA
2026-04-20,14.579999923706056,14.859999656677246,14.109999656677246,14.25,1432600.0,0.0076019111712035,14.21111005048318,14.153260762472447,13.8503999710083,13.852333323160808,14.65019998550415,15.977799968719482,14.789574999809265,12.0,15.61299991607666,12.0,19.799999237060547,12.0,19.799999237060547,12.0,20.76000022888184,12.0,20.76000022888184,6.775000095367432,20.76000022888184,2083862.5,2033038.0,2114142.4603174604,27226966.27131462,0.064302651796265,0.986999920436314,0.0676954681482214,-0.070783876845629,0.1114484959924004,-8.407672862723116,-2.158887629379607,14.90999984741211,14.385000228881836,1592900.0,False,False,True,0.0799999943485967,1.0036388759502284,-0.1678082452763184,0.8123934531582634,-0.1557614628115621,0.7872282869221291,0.9856774267175384,44.0,56.0,56.0,22.0,22.0,30.0,30.0,62.0,54.0,48.0,40.0,46.15384615384615,ADPT
2026-04-20,17.6299991607666,17.790000915527344,16.799999237060547,16.899999618530273,2703800.0,0.0395047236121226,15.625668711935395,14.34580505808622,13.469999885559082,12.890333207448323,11.783399906158447,10.308399949073792,9.720099956989287,9.25,17.790000915527344,9.15999984741211,17.790000915527344,8.229999542236328,17.790000915527344,7.110000133514404,17.790000915527344,7.110000133514404,17.790000915527344,7.059999942779541,17.790000915527344,2025965.0,1852662.0,1437050.0,35025864.8088789,0.0502232725102833,0.7092860766819545,0.0402317703032217,12.33285333261869,0.9446119109347396,15.766693813694856,13.292781783456023,17.170000076293945,16.299999237060547,3689000.0,False,False,False,0.4815125820099832,1.3767626206437602,0.9059458552180112,1.86060235043708,0.8735387297179515,1.7470212738570117,1.4098082878118368,79.0,96.0,96.0,98.0,98.0,95.0,95.0,97.0,95.0,95.0,95.0,100.0,ADTN
2026-04-20,90.1500015258789,92.1999969482422,82.55000305175781,84.33999633789062,3963800.0,0.0750059726895699,72.98696179726501,61.93272167165851,51.82880012512207,49.81100012461344,43.67559997558594,34.068999977111815,28.593649983406067,29.1299991607666,92.1999969482422,22.65999984741211,92.1999969482422,19.899999618530277,92.1999969482422,18.700000762939453,92.1999969482422,18.700000762939453,92.1999969482422,7.710000038146973,92.1999969482422,2943020.0,2671562.0,1557723.015873016,248797434.3997288,0.1211065273062121,8.27857003893171,0.0918310582230575,11.587382344889592,0.7597931630640674,12.09437409666413,10.50141792883818,85.01000213623047,79.12000274658203,3903600.0,False,False,False,1.3874471804324608,2.218643349165024,2.129121943665752,3.0546784040319905,2.3751405696709997,3.1472220370703403,1.8893089272039827,91.0,99.0,99.0,99.0,99.0,99.0,99.0,99.0,99.0,99.0,99.0,100.0,AEHR
2026-04-20,19.8799991607666,20.09000015258789,19.26000022888184,19.479999542236328,4605400.0,0.0236868734637225,18.69264558868722,18.37293961122731,17.49788188934326,17.579220231374105,19.90263021469116,22.270349645614623,18.423037896156316,15.653743735063024,20.09000015258789,15.653743735063024,25.87436478292592,15.653743735063024,28.140783800552736,15.653743735063024,28.140783800552736,13.902298263451586,28.140783800552736,8.978114761954862,28.140783800552736,5997310.0,5684744.0,8872487.301587302,95897710.67176342,0.0413256372730153,0.8251169057143447,0.0415048762850414,-0.0273965061854692,0.557495648540145,1.1963948978527652,4.807285027602486,19.899999618530277,19.36000061035156,4021400.0,False,False,False,0.1437110865800961,1.0628452919941014,-0.2132491181095717,0.7680336437922243,0.3493630239904208,1.2582424220406587,0.6759446135163328,19.0,74.0,74.0,18.0,18.0,83.0,83.0,72.0,63.0,57.0,49.0,100.0,AEO
2026-04-20,13.8100004196167,13.880000114440918,13.15999984741211,13.329999923706056,3885800.0,0.0391271978371901,12.766646697718826,12.56785512223614,12.77639991760254,12.800333245595295,12.1057999420166,11.172499990463256,11.330744905471802,10.520000457763672,14.229999542236328,9.270000457763672,14.229999542236328,9.170000076293944,14.229999542236328,7.642000198364258,14.229999542236328,7.642000198364258,14.229999542236328,7.642000198364258,14.615610439523612,4776725.0,4125998.0,2585680.5555555555,70824096.79549694,0.0671504636455333,0.8964283125741142,0.0649115340576503,2.1687291513498663,0.5800803594327346,3.8337837273688375,4.734962835873246,13.734999656677246,12.640000343322754,5963400.0,False,False,False,0.0095029321301793,0.9381262901604842,0.2497737720580335,1.2200409636189848,0.3473171141089461,1.256334669598376,1.8473763086228103,90.0,31.0,31.0,87.0,87.0,83.0,83.0,77.0,84.0,80.0,88.0,50.0,AESI
2026-04-20,15.789999961853027,15.925000190734863,15.220000267028809,15.43000030517578,1201500.0,0.0038143942379396,14.523647948472316,14.22067489035705,14.119800033569335,14.370833365122476,13.993500022888185,14.372150020599364,15.756375017166135,11.461000442504885,17.940000534057617,11.1850004196167,18.13500022888184,11.1850004196167,22.6200008392334,8.829999923706055,22.6200008392334,8.829999923706055,22.6200008392334,6.099999904632568,38.79999923706055,1474550.0,1504136.0,2426776.984126984,16759631.199116709,0.0848803581801078,1.0624283381870814,0.0672848854182264,1.908021819192763,0.0564747921907687,4.297721899204316,5.251241125265757,16.56999969482422,15.050000190734863,1512000.0,True,False,False,0.0381328022519003,0.9647318927696732,-0.1835574024160406,0.7970189771670667,-0.0779562066071224,0.8597794627537141,0.6076166082193412,16.0,42.0,42.0,21.0,21.0,36.0,36.0,83.0,80.0,74.0,87.0,69.23076923076923,AEVA
2026-04-20,67.05999755859375,67.1500015258789,64.18000030517578,64.3499984741211,5793700.0,0.0396898846293605,57.30407704252794,53.38171721322318,49.33759979248047,49.26899998982747,50.09639999389648,60.75340007781983,67.79620008468628,42.095001220703125,67.1500015258789,42.095001220703125,72.97000122070312,42.095001220703125,84.6500015258789,42.095001220703125,84.6500015258789,42.095001220703125,92.55999755859376,39.41999816894531,100.0,5739772.5,6465610.0,6508919.444444444,258752876.97393417,0.0543304594041527,3.4305003029959544,0.0511556878599428,6.619383061560527,0.7462461251958004,-2.518201607154422,-4.180339514754163,66.0,62.33000183105469,8918000.0,False,False,False,0.5093404703574069,1.4026229453911898,-0.1029963129696743,0.8756634737918334,-0.0291009431752045,0.9053355984244712,0.8818318538108605,33.0,97.0,97.0,30.0,30.0,40.0,40.0,92.0,89.0,85.0,80.0,100.0,AFRM
2026-04-20,21.520000457763672,21.6200008392334,20.84000015258789,21.149999618530277,13633600.0,0.0013960301053994,21.20988534180792,21.42462009298001,20.76040008544922,21.492333285013835,23.407983779907227,20.916921253204347,15.73350323677063,17.8799991607666,27.6200008392334,17.8799991607666,32.040000915527344,14.396295299784107,32.040000915527344,10.187378377603151,32.040000915527344,9.677510382240328,32.040000915527344,5.4885872597013,32.040000915527344,20188107.5,20890322.0,21977188.888888888,366552665.2258587,0.0619494784852172,1.25,0.0580855006231676,-1.3885656223550404,0.0240005493164062,7.446892365055497,10.399242178433154,22.82999992370605,21.46999931335449,19973200.0,False,False,True,0.135620031206034,1.055326312583576,0.0011878297234644,0.9773690181767516,0.4041446659989851,1.309324736213149,0.9185937110549474,36.0,72.0,72.0,49.0,49.0,86.0,86.0,60.0,51.0,80.0,93.0,38.46153846153847,AG
2026-04-20,48.95000076293945,49.34999847412109,48.130001068115234,48.77999877929688,1938600.0,-0.0081053236788122,47.89278525880697,46.88907879641355,44.90999984741211,45.6045888264974,46.53462371826172,42.83236373901367,36.54182961463928,37.709999084472656,51.96790452268748,36.13073350786464,55.36515437069226,35.581179811144686,55.36515437069226,29.25630162440201,55.36515437069226,29.25630162440201,55.36515437069226,23.70892411275643,55.36515437069226,3576542.5,3740474.0,3682171.4285714286,136564900.20635605,0.0418121856600122,1.7714287894112724,0.0361885344596856,1.4342925159884417,-0.2258051317516287,5.260623503240176,8.454135671347396,50.400001525878906,49.13999938964844,3209500.0,False,True,False,0.2354871802771865,1.1481323808822888,0.2593739673450648,1.229412764956784,0.3074366050692305,1.2191472356801465,0.9713134136689532,42.0,87.0,87.0,88.0,88.0,81.0,81.0,75.0,74.0,70.0,84.0,50.0,AGI
2026-04-20,12.670000076293944,12.859999656677246,12.539999961853027,12.600000381469728,1037400.0,0.0007899075041364,12.39504214558788,11.942337498509252,11.61959991455078,11.331833267211914,10.766799964904784,10.42709997177124,9.84717495918274,9.100000381469728,12.869999885559082,8.505000114440918,12.869999885559082,8.505000114440918,12.869999885559082,8.505000114440918,12.869999885559082,8.505000114440918,12.869999885559082,7.105000019073486,12.869999885559082,1596487.5,1470830.0,1218942.857142857,16044581.08063221,0.0405436297196155,0.4275000435965402,0.0337411239954456,5.2388777491645975,0.0233923458760481,1.5816576009765797,4.780821531207222,12.845000267028809,12.5600004196167,1348400.0,False,True,False,0.2569444615269045,1.1680725306481266,0.1941565020051878,1.165746859144867,0.3877327401402559,1.2940210848045228,1.3097312073693834,75.0,89.0,89.0,83.0,83.0,85.0,85.0,84.0,84.0,79.0,74.0,53.84615384615385,AHCO
2026-04-20,9.380000114440918,9.420000076293944,9.020000457763672,9.154999732971191,2737900.0,0.0151515526829728,8.966456523926427,8.85771701543547,8.620400047302246,8.692666721343993,9.236400012969971,11.469499998092653,15.380099987983703,7.675000190734863,9.9399995803833,7.675000190734863,14.199999809265137,7.675000190734863,16.399999618530273,7.675000190734863,18.63999938964844,7.675000190734863,20.21999931335449,7.675000190734863,30.239999771118164,6274655.0,6236542.0,7052302.777777778,41701788.08577061,0.0579112252495028,0.546785661152431,0.058292713697373,0.2667090424023292,0.2560424555166327,-10.265888367532014,-9.0238368011431,9.725000381469728,9.170000076293944,5578000.0,False,False,False,0.0818915838407312,1.0053967210998391,-0.2806748357453225,0.7022120212264379,-0.4806201333433172,0.4843068690652799,0.8897313682804159,34.0,57.0,57.0,13.0,13.0,12.0,12.0,64.0,55.0,49.0,41.0,73.07692307692307,AI
2026-04-20,1.830000042915344,2.0,1.7300000190734863,1.7300000190734863,1382000.0,0.0397727572905624,1.7487763874164113,1.786809087745976,1.948000011444092,1.9493333419164025,1.5108000028133393,1.366300001144409,1.967700003385544,1.4500000476837158,3.150000095367432,0.6200000047683716,3.150000095367432,0.6200000047683716,3.150000095367432,0.6200000047683716,3.150000095367432,0.6200000047683716,3.150000095367432,0.6200000047683716,4.510000228881836,15982947.5,12801354.0,3418916.6666666665,21507173.13148737,0.1568786317757486,0.2014285581452506,0.1100702477713377,1.919490717252236,0.3475180138141593,-7.547898886756833,-5.417663829294934,1.7799999713897705,1.6799999475479126,821800.0,False,False,True,-0.1605504647357606,0.7800964744427618,0.776699120142829,1.7344304665879997,-0.3041825234656451,0.6488298933697632,4.674857289102299,98.0,5.0,5.0,97.0,97.0,20.0,20.0,70.0,99.0,98.0,97.0,38.46153846153847,AIFF
2026-04-20,17.013999938964844,17.40999984741211,16.399999618530273,16.841999053955078,519082.0,-0.0227455434760459,18.854551964661184,15.595165050839896,11.550159983634948,10.309399982293447,8.09795999288559,8.58761001944542,19.07641005694866,1.6200000047683716,54.20000076293945,1.6200000047683716,54.20000076293945,1.6200000047683716,54.20000076293945,1.6200000047683716,54.20000076293945,1.6200000047683716,54.20000076293945,1.6200000047683716,80.4000015258789,3844060.4,3100686.24,625077.6150793651,150031473.33590907,0.5218152302046359,8.743285758154732,0.5138877271376484,2.142536024607221,-0.0452918867575524,-7.232207679872815,-6.450461961038939,19.0,15.21399974822998,975613.0,True,True,True,5.173439651638972,5.73694820846233,1.3364460021212117,2.280860661027955,-0.3958096579844824,0.5633902113776726,6.149732940783563,99.0,99.0,99.0,99.0,99.0,15.0,15.0,99.0,99.0,99.0,99.0,61.53846153846154,AIXI
2026-04-20,175.8000030517578,176.97000122070312,168.1999969482422,174.39500427246094,4180500.0,0.0100545818403667,158.2515559741002,144.9807029337801,132.8024008178711,130.792333984375,131.8188005065918,147.16305046081544,158.18125011444093,97.88999938964844,176.97000122070312,97.88999938964844,192.8600006103516,97.88999938964844,192.8600006103516,97.88999938964844,201.8600006103516,97.88999938964844,262.8999938964844,52.56499862670898,262.8999938964844,4864955.0,5426896.0,5389200.793650794,684230397.5704575,0.0750495988613841,10.89335686819894,0.0619644862292282,5.384518720155027,0.1606483677321532,0.8770963306625301,0.5285269819960665,175.0500030517578,167.24000549316406,5165900.0,False,True,False,0.3934685950279282,1.2949437608370586,-0.0340659172980339,0.9429539772718192,0.074900640607896,1.0023141003907752,0.9027229057287258,35.0,95.0,95.0,40.0,40.0,59.0,59.0,96.0,94.0,91.0,87.0,100.0,ALAB
2026-04-20,194.8300018310547,199.4600067138672,193.5,196.0,2216300.0,-0.0147661095774731,189.7326498225881,183.38513905566012,177.86719970703126,175.70830891927082,173.98853424072266,162.61768836975097,123.89682579040527,154.69000244140625,215.7100067138672,154.69000244140625,215.7100067138672,125.85741795246166,215.7100067138672,87.52833272756405,215.7100067138672,77.07585429400564,215.7100067138672,49.97276134276112,215.7100067138672,2195037.5,2249956.0,3485821.8253968256,396736963.7841034,0.0551518544602736,10.7721437726702,0.0552899639246073,2.166513309374948,-0.271069364702835,7.636405616674782,11.938244787037544,208.0500030517578,195.32000732421875,4160700.0,False,True,True,0.1933725859760264,1.1089954880057198,0.1979431603726009,1.169443430817888,1.055852048738735,1.917023228865829,0.6297044455937209,17.0,83.0,83.0,84.0,84.0,97.0,97.0,70.0,62.0,83.0,94.0,76.92307692307693,ALB
2026-04-20,40.650001525878906,40.68999862670898,39.75,40.04999923706055,1690700.0,0.0162500381469725,37.64289050778143,35.96984278620102,33.94000030517578,33.663000170389815,35.53040019989014,32.817650127410886,31.692824993133545,27.649999618530277,40.68999862670898,27.649999618530277,43.86000061035156,25.31999969482422,43.86000061035156,22.40999984741211,43.86000061035156,22.40999984741211,43.86000061035156,16.3799991607666,43.86000061035156,1776717.5,2063748.0,2199199.603174603,57409236.19196892,0.0476255869001138,1.8352142061506,0.0451467192438419,3.1916102230390995,0.3541829197379079,6.806137603959476,7.47336047330931,40.61000061035156,38.900001525878906,1568800.0,False,False,False,0.3151084350225988,1.2221240355420937,0.2188906562446311,1.1898925741912776,0.3859530048284598,1.2923615325346798,0.8078927885560097,26.0,92.0,92.0,85.0,85.0,85.0,85.0,88.0,83.0,85.0,88.0,100.0,ALGM
2026-04-20,21.559999465942383,21.690000534057617,21.209999084472656,21.21999931335449,2383600.0,0.0160226278788764,20.726281860485585,20.000937537459464,19.06160003662109,18.832666714986164,19.29099998474121,19.96794998168945,17.814775009155273,16.375,22.739999771118164,16.375,23.8700008392334,16.375,23.8700008392334,15.845000267028809,23.8700008392334,15.845000267028809,23.8700008392334,11.625,23.8700008392334,3316462.5,3085262.0,3186333.73015873,62865659.586372375,0.0428227236771254,0.9992858341761998,0.0463490658130459,2.537690598529743,0.3402431426121265,3.335563653095349,5.776288941773583,21.3700008392334,20.8700008392334,2514900.0,False,False,False,0.1872246501706216,1.103282240400684,-0.0417778015136718,0.9354255630418812,0.2689817396344469,1.1832891736437192,1.0408396548702974,50.0,82.0,82.0,38.0,38.0,78.0,78.0,78.0,70.0,64.0,62.0,80.76923076923077,ALHC
2026-04-20,43.540000915527344,45.25,43.380001068115234,44.790000915527344,6146600.0,-0.0409691750625014,41.61485650939642,40.93080210557992,39.08000030517578,39.35233357747396,44.89580009460449,47.31479999542236,49.40800003051758,33.029998779296875,47.29999923706055,33.029998779296875,60.630001068115234,33.029998779296875,60.630001068115234,33.029998779296875,60.630001068115234,33.029998779296875,63.650001525878906,33.029998779296875,65.87999725341797,4902122.5,4500816.0,3455826.984126984,194192454.0474701,0.0563483045972657,2.74500002179827,0.0630454745998717,-0.4790002417751849,-0.6775958453847524,-0.3455616814577897,1.41771292032501,47.29999923706055,43.40999984741211,8535700.0,False,False,False,0.1479040486478995,1.0667417917706317,-0.1298960807569261,0.849403666340248,-0.088740016159371,0.8497238688115292,1.418509237446209,80.0,75.0,75.0,26.0,26.0,35.0,35.0,78.0,70.0,64.0,57.0,96.15384615384616,ALK
2026-04-20,17.75,18.09000015258789,17.690000534057617,17.700000762939453,1159700.0,-0.0044868157065828,16.966497935719453,16.784522636554588,16.59519992828369,16.832666556040447,16.729899997711183,19.14609999656677,21.641175026893617,15.079999923706056,19.209999084472656,14.109999656677246,23.5,14.109999656677246,24.46500015258789,14.109999656677246,24.46500015258789,14.109999656677246,26.88999938964844,14.109999656677246,31.65999984741211,1986655.0,1998858.0,1453165.0793650793,22622042.5702858,0.0490624712035967,0.8162858826773507,0.0459879370522451,1.3258838335747172,-0.0980047865628418,-7.427808301569232,-4.123286206669722,18.170000076293945,17.540000915527344,1876000.0,True,True,False,0.0484347123474966,0.974305408994292,-0.1071428194509273,0.8716156149903885,-0.2086491413955022,0.737912039467258,1.367122722814131,78.0,45.0,45.0,29.0,29.0,26.0,26.0,52.0,61.0,55.0,47.0,50.0,ALKT
2026-04-20,2.4200000762939453,2.559999942779541,2.3499999046325684,2.369999885559082,12063700.0,0.0125522887334657,2.4710479135596186,2.4657625861873265,2.4296000099182127,2.4483333508173626,2.3386000108718874,1.9259000062942504,1.5694500017166138,1.850000023841858,4.460000038146973,1.4500000476837158,4.460000038146973,1.2999999523162842,4.460000038146973,1.0399999618530271,4.460000038146973,1.0399999618530271,4.460000038146973,0.8600000143051147,4.460000038146973,11137797.5,9884426.0,4911592.46031746,41738665.86721301,0.1384395287718165,0.4014285887990679,0.1658795769187853,0.2098340135433206,0.07473302158055,5.16211205182131,9.243015274192746,2.5299999713897705,2.3399999141693115,11548800.0,False,True,True,0.0900901104082059,1.0130155729810295,0.4846626278364223,1.449341683760773,0.9055118997155124,1.7768353403037696,2.2676550609575843,94.0,59.0,59.0,95.0,95.0,96.0,96.0,77.0,91.0,92.0,95.0,34.61538461538461,ALLO
2026-04-20,23.3700008392334,23.959999084472656,22.799999237060547,23.040000915527344,5141800.0,-0.0021348948291062,20.744295095733957,19.200491496053665,17.74260005950928,18.25233341852824,17.428600025177,13.199300026893615,9.42300001502037,13.520000457763672,24.40999984741211,10.5600004196167,24.40999984741211,6.400000095367432,24.40999984741211,5.434999942779541,24.40999984741211,4.510000228881836,24.40999984741211,3.1600000858306885,24.40999984741211,6255897.5,5697192.0,2596749.0912698414,113747553.90808104,0.0948390128204161,1.6672140530177526,0.0713399226849339,4.778523364394834,-0.0299896926672645,15.524294783713032,15.314647546547786,24.40999984741211,22.700000762939453,6921400.0,True,True,False,0.3603027022178089,1.2641228538426,1.6955018031814224,2.631374326230832,1.746180988329313,2.5607352185322774,2.409126673436436,95.0,94.0,94.0,99.0,99.0,98.0,98.0,95.0,97.0,99.0,98.0,96.15384615384616,ALM
2026-04-20,24.709999084472656,25.09000015258789,24.489999771118164,24.770000457763672,821300.0,-0.0112045093721495,23.934276655496674,23.97606791627352,23.84759979248047,24.24366652170817,25.65029987335205,20.88789996147156,12.662124983072282,19.86000061035156,28.440000534057617,19.86000061035156,30.600000381469727,7.849999904632568,30.600000381469727,4.385000228881836,30.600000381469727,3.759999990463257,30.600000381469727,2.759999990463257,30.600000381469727,1499310.0,1471728.0,1406901.1904761903,36818226.66185379,0.076845585485795,1.5005713871547155,0.0607272943242498,-0.6036572514239957,-0.1865960453747066,4.883525349373716,12.842638628738618,25.90999984741211,24.88500022888184,1179200.0,False,True,True,-0.0263987430436821,0.90476303358199,0.0356244112480166,1.01098633440333,4.360086414061586,4.998127258616772,1.0656825156943197,53.0,18.0,18.0,61.0,61.0,99.0,99.0,68.0,59.0,98.0,99.0,42.30769230769231,ALMS
2026-04-20,16.670000076293945,17.299999237060547,15.600000381469728,15.770000457763672,1043300.0,0.0341190575947081,14.957570266864046,14.33946263120896,13.579400024414063,13.879500007629394,14.83340005874634,15.980849990844726,16.831975045204164,10.239999771118164,18.850000381469727,10.239999771118164,21.0,10.239999771118164,24.200000762939453,10.239999771118164,24.200000762939453,10.239999771118164,24.200000762939453,6.480000019073486,25.882999420166016,1186265.0,1028522.0,497465.4761904762,24554421.33528233,0.1202593707864561,2.1517857142857144,0.1290813260010552,0.9592028405099864,0.2556013051899636,-0.2814089626644289,1.1268135128346093,18.850000381469727,15.960000038146973,1961200.0,False,False,False,0.1856329714639084,1.1018031009225,-0.2275254802952236,0.754096924149537,-0.1099839570896445,0.8299145015659761,2.3846177408817555,95.0,82.0,82.0,17.0,17.0,33.0,33.0,93.0,90.0,87.0,82.0,92.3076923076923,ALMU
2026-04-20,1.830000042915344,1.909999966621399,1.7400000095367432,1.8600000143051147,37594600.0,-0.0161290167521737,1.5585716922709754,1.39645659804581,1.2300000023841855,1.2096666713555655,1.2136000025272369,1.4984999972581865,2.170899995863438,0.9300000071525574,1.940000057220459,0.9300000071525574,1.940000057220459,0.9300000071525574,2.3299999237060547,0.9300000071525574,2.75,0.9300000071525574,3.180000066757202,0.9300000071525574,4.079999923706055,31004977.5,32913644.0,21997644.444444444,47478598.39287609,0.0934819927462771,0.1421428407941545,0.0776736816725474,6.539028029299364,-0.211055099378626,-8.882721308771895,-10.575044731431582,1.940000057220459,1.6399999856948853,88218200.0,True,True,False,0.776699120142829,1.651078071456312,0.1366459792891261,1.1096045435342643,-0.3345454389398749,0.6205173432055148,1.409468071833954,79.0,98.0,98.0,78.0,78.0,19.0,19.0,97.0,95.0,93.0,91.0,96.15384615384616,AMC
2026-04-20,274.95001220703125,287.6099853515625,272.0,280.6000061035156,34833900.0,-0.0123567738079629,255.3269040071712,238.9949494766156,224.2816015625,220.29700113932293,213.7838006591797,217.6936001586914,203.1345000457764,189.0200042724609,287.6099853515625,188.22000122070312,287.6099853515625,188.22000122070312,287.6099853515625,188.22000122070312,287.6099853515625,149.85000610351562,287.6099853515625,83.75,287.6099853515625,35385117.5,35145442.0,47094802.38095238,8229048068.865051,0.0441338556405166,10.5557131086077,0.0383913898525652,7.452516631460942,-0.3258901038719104,3.394505205322077,2.080040695692439,281.04998779296875,274.1400146484375,35519900.0,False,False,False,0.3394553830772175,1.2447495389737806,0.1859984041556455,1.1577828469498732,0.1721948118555381,1.0930381320298257,0.7513592946790155,22.0,93.0,93.0,83.0,83.0,70.0,70.0,88.0,83.0,77.0,72.0,92.3076923076923,AMD
2026-04-20,69.44000244140625,69.69000244140625,67.0,67.69999694824219,3991600.0,0.0307258365805727,60.41713955275949,55.56424205424092,51.54040008544922,50.11997680664062,49.3881713104248,47.10306770324707,37.05032465934753,40.14307821382048,69.69000244140625,40.14307821382048,69.69000244140625,38.59603986011181,69.69000244140625,29.38273554124754,69.69000244140625,25.41855707433973,69.69000244140625,15.060866669144913,69.69000244140625,3673312.5,4283166.0,3057669.047619048,187750605.4288673,0.0642825289950788,3.624286379132952,0.0521930623805945,7.778902232075433,0.5711468350686544,10.55627131388086,10.78295530919432,69.37000274658203,63.060001373291016,6153000.0,False,False,False,0.4427592125570985,1.340749298087739,0.4494389054535743,1.4149559531917513,1.213242238755594,2.0637850789916845,1.2013440443661956,67.0,96.0,96.0,94.0,94.0,97.0,97.0,95.0,92.0,91.0,95.0,100.0,AMKR
2026-04-20,17.56999969482422,18.19499969482422,17.5,18.15999984741211,770400.0,-0.0430283708749951,16.96116788516861,16.123633316176342,15.247200050354005,15.1256667137146,14.829600067138673,14.176550035476684,12.664500005245207,12.68000030517578,18.604999542236328,12.68000030517578,18.604999542236328,10.829999923706056,18.604999542236328,10.829999923706056,18.604999542236328,10.829999923706056,18.604999542236328,3.799999952316284,18.604999542236328,1136177.5,1039006.0,1457237.3015873015,19836439.07304764,0.0563563810839893,0.9342856407165528,0.0531750516189123,3.4751738915027843,-0.8455667957408085,0.5347269228223368,4.078223789761081,18.604999542236328,17.75,1592300.0,False,False,False,0.2505337691319453,1.1621151045897864,0.2286712909422215,1.1994405221863802,0.1582069615332919,1.0799948617195447,0.7796791221048309,24.0,88.0,88.0,86.0,86.0,69.0,69.0,84.0,77.0,86.0,81.0,84.61538461538461,AMLX
2026-04-20,20.459999084472656,20.809999465942383,19.729999542236328,20.1299991607666,524500.0,0.0133728847584522,19.464179476930216,19.19710430278459,18.793199996948243,18.98633321126302,19.18239994049072,18.316099948883057,18.775749979019164,17.450000762939453,21.6200008392334,15.649999618530272,22.700000762939453,14.970000267028809,22.75,14.970000267028809,22.75,14.970000267028809,22.75,14.869999885559082,23.739999771118164,1036067.5,1212390.0,1014198.4126984128,14210764.245996475,0.0486095038740077,0.919285774230957,0.0449308805164421,1.48233629021128,0.2937046976941534,-0.989016894785645,0.6926754848290494,21.290000915527344,19.920000076293945,1145000.0,False,False,False,0.1174221562665467,1.038415113653463,0.0757097051551962,1.050117977024483,0.026593014108446,0.9572686204946736,1.0215629279515452,48.0,68.0,68.0,69.0,69.0,51.0,51.0,51.0,69.0,70.0,63.0,80.76923076923077,AMN
2026-04-20,7.079999923706055,7.150000095367432,6.820000171661377,6.880000114440918,1145200.0,0.0143266338623653,6.643196224375352,6.69481828198012,6.708400039672852,6.853333361943563,6.950800008773804,8.777550001144409,9.979824991226195,5.510000228881836,7.925000190734863,5.510000228881836,10.710000038146973,5.510000228881836,12.050000190734863,5.510000228881836,12.050000190734863,5.510000228881836,12.43000030517578,5.510000228881836,14.489999771118164,1958380.0,2312014.0,1602129.365079365,11333971.47459507,0.0602541969779926,0.4014286313738142,0.0566989598445764,0.3278327546914425,0.2491100455150332,-10.282602785096472,-7.214791515215492,7.130000114440918,6.929999828338623,1913100.0,False,False,False,-0.0180305289532742,0.9125395752739864,-0.2884422050829213,0.6946294418962418,-0.2625000372529015,0.6876976194572176,1.222360717358793,68.0,19.0,19.0,13.0,13.0,22.0,22.0,74.0,66.0,59.0,52.0,30.76923076923077,AMPL
2026-04-20,19.61000061035156,20.190000534057617,18.309999465942383,18.46999931335449,10725300.0,0.0503481805150698,18.206033912929072,17.551973257940766,17.66280002593994,17.737333393096925,15.210400066375731,12.870999989509585,11.25080001115799,14.5,20.190000534057617,9.229999542236328,20.190000534057617,7.710000038146973,20.190000534057617,7.710000038146973,20.190000534057617,7.710000038146973,20.190000534057617,1.9700000286102293,20.190000534057617,9193780.0,8520044.0,7609192.46031746,133517633.72145651,0.093767262149123,1.6317143440246582,0.0832082760447912,3.4762106504964576,0.5760815534286999,5.007282343156277,6.723179655352882,19.270000457763672,18.46999931335449,5238200.0,False,False,False,0.0261643110429394,0.9536096306153788,0.7827273282137783,1.74031526025883,0.5344288748112893,1.4308110342183094,1.2082464792349896,67.0,38.0,38.0,97.0,97.0,91.0,91.0,81.0,96.0,97.0,96.0,76.92307692307693,AMPX
2026-04-20,40.72999954223633,40.84000015258789,38.810001373291016,39.369998931884766,692300.0,0.0254279529328604,37.595651346988994,35.69000631517818,33.97920028686524,33.304666964213055,33.006600074768066,32.032999992370605,41.42969990730285,26.459999084472656,40.84000015258789,24.8700008392334,40.84000015258789,24.8700008392334,40.84000015258789,24.8700008392334,64.72000122070312,24.8700008392334,70.48999786376953,17.139999389648438,70.48999786376953,915205.0,1086974.0,1076286.111111111,35929782.99581528,0.0657134632599263,2.2778568267822266,0.0559257758994111,4.184038659993066,0.4433985093610817,-0.2241972838936368,-0.2875438988857854,40.75,38.130001068115234,1058400.0,False,False,False,0.3280078070074135,1.2341113607893606,0.2652998223007519,1.2351976405495062,-0.3540047575719018,0.6023720852048803,0.8503361611302241,29.0,93.0,93.0,88.0,88.0,17.0,17.0,91.0,90.0,87.0,82.0,100.0,AMSC
2026-04-20,166.85000610351562,167.89999389648438,164.49000549316406,165.0,6113300.0,0.0159532999094953,153.27428163530425,145.44730321090938,138.34360107421875,138.04033406575522,136.9452001953125,134.11769981384276,134.57204959869384,115.41999816894533,167.89999389648438,115.41999816894533,167.89999389648438,115.41999816894533,167.89999389648438,114.5199966430664,167.89999389648438,114.5199966430664,167.89999389648438,66.58999633789062,167.89999389648438,6826350.0,7446346.0,8602868.650793651,950961029.7784042,0.0410489935192057,5.98585673740932,0.0358756758671955,6.086870768443277,0.4377001473494175,2.7527012584211263,0.8620717672634023,165.27999877929688,160.47000122070312,8216400.0,False,False,False,0.2244973787603157,1.1379196104202287,0.2851421377982754,1.254567896400024,0.142730034797063,1.0655630702474843,0.7934969458554084,25.0,86.0,86.0,89.0,89.0,67.0,67.0,87.0,82.0,76.0,71.0,100.0,ANET
2026-04-20,97.27999877929688,97.52999877929688,92.18000030517578,93.4000015258789,1709500.0,0.0309452962066321,94.72846585036818,93.82557550049036,92.10920043945312,90.96833368937176,92.34300048828123,100.2054000854492,92.82725009918212,81.22000122070312,105.22000122070312,81.22000122070312,106.3000030517578,81.22000122070312,133.11000061035156,65.44999694824219,133.11000061035156,65.44999694824219,133.11000061035156,65.44999694824219,133.11000061035156,1409235.0,1380516.0,2014975.7936507936,108969812.0923996,0.0459650542681233,4.6664292471749445,0.0479690512513457,1.1145456624780492,0.6257457285381706,2.7712321449392263,5.604267473020044,97.87000274658205,93.70999908447266,1355300.0,False,False,False,0.0962362082613259,1.018727112585718,-0.0657831427523277,0.9119913221323576,0.4084262228046105,1.3133171654626798,0.6993806101495174,20.0,61.0,61.0,35.0,35.0,86.0,86.0,58.0,50.0,43.0,73.0,57.692307692307686,ANF
2026-04-20,6.429999828338623,6.53000020980835,6.239999771118164,6.480000019073486,1429200.0,-0.0168195923785964,6.126163926342263,5.898423808766183,5.671399974822998,5.686166652043661,5.520499982833862,5.45545000076294,4.098000000715256,4.855000019073486,6.614999771118164,4.78000020980835,7.179999828338623,4.545000076293945,7.179999828338623,2.539999961853028,7.179999828338623,2.319999933242798,7.179999828338623,1.399999976158142,7.179999828338623,2871290.0,2713774.0,2182055.1587301586,14548648.854088783,0.0740955872921149,0.4574999809265136,0.0711508542986574,2.315496334314768,-0.2404374603287102,1.4487378559469857,7.417802704082778,6.614999771118164,6.349999904632568,3001000.0,False,True,False,0.1712204182895633,1.088409583567718,0.0593080142498105,1.0341064914063818,1.028391064222292,1.8914166463114848,1.3158649947561087,75.0,80.0,80.0,66.0,66.0,96.0,96.0,78.0,73.0,74.0,96.0,92.3076923076923,ANNX
2026-04-20,32.189998626708984,32.54999923706055,30.299999237060547,30.934999465942383,22174300.0,0.0209323795017555,29.370850866010848,28.210925047064823,26.93640007019043,27.029666709899903,28.745599975585936,29.722550010681157,25.214000043869017,20.0,32.54999923706055,20.0,42.27000045776367,20.0,42.27000045776367,19.0049991607666,42.27000045776367,18.649999618530277,42.27000045776367,3.7699999809265137,42.27000045776367,19459195.0,20663932.0,34250143.65079365,615170071.9677353,0.0844958051288642,2.484714644295829,0.0771890261043437,1.5523386526496925,0.265623234273053,-0.2919556954566138,0.4946896507181894,31.71999931335449,30.239999771118164,19767900.0,False,False,False,0.2056178916440272,1.1203749925248023,-0.1393048846686507,0.840218703071208,-0.1214519879112407,0.8192208908619196,0.5681492959095688,14.0,84.0,84.0,25.0,25.0,32.0,32.0,93.0,89.0,86.0,84.0,100.0,APLD
2026-04-20,490.9599914550781,491.3999938964844,465.5499877929688,470.510009765625,3795800.0,0.0288348258509205,445.8428697248126,434.6527486847973,424.8080029296875,432.8090026855469,431.8112023925781,525.0946511840821,520.7955256652832,364.6400146484375,520.3599853515625,359.0,569.9199829101562,359.0,738.010009765625,359.0,738.010009765625,359.0,745.6099853515625,222.0200042724609,745.6099853515625,4900940.0,5666152.0,5957125.0,1845293587.952118,0.0635544123908613,28.222285679408483,0.0574838809080245,2.382900299930489,0.4875572235485667,-4.419584159126836,-3.7260880648966657,486.4599914550781,472.239990234375,4014900.0,False,False,False,0.1160210412562374,1.0371130641151465,-0.1367888335584752,0.842674895935552,-0.1894069518689094,0.7558548307879408,0.8227022263256185,27.0,67.0,67.0,25.0,25.0,27.0,27.0,80.0,75.0,70.0,63.0,92.3076923076923,APP
2026-04-20,6.300000190734863,6.525000095367432,6.260000228881836,6.400000095367432,3076200.0,-0.0232557554985979,6.2273148629560335,6.119480573235067,5.896399993896484,5.904333321253459,6.20039999961853,6.355099997520447,5.8996750092506405,5.105000019073486,6.539999961853027,5.105000019073486,8.399999618530273,5.105000019073486,8.399999618530273,4.909999847412109,8.399999618530273,4.710000038146973,8.399999618530273,3.2100000381469727,8.399999618530273,3483200.0,3672228.0,4240831.349206349,19092622.23187685,0.0410797439755517,0.2538571357727051,0.0402947822360452,0.3986498923263485,-0.5908820253316729,-1.6218355933103208,1.1918476994598104,6.539999961853027,6.28000020980835,3361500.0,False,False,True,0.1454545801336115,1.064465512289873,-0.0666666384096499,0.9111288453247848,0.2475247431264162,1.1632811381662522,0.8213483897801934,27.0,75.0,75.0,35.0,35.0,77.0,77.0,66.0,57.0,51.0,52.0,50.0,ARDX
2026-04-20,118.7699966430664,119.51000213623048,116.0,116.01000213623048,1853400.0,0.0084054837326381,112.64304575121498,110.46237660229671,107.600400390625,106.74285685221354,112.9313687133789,136.52017761230468,150.55943710327148,94.51327007720994,121.77999877929688,94.51327007720994,160.07270594707873,94.51327007720994,177.6031600877151,94.51327007720994,177.6031600877151,94.51327007720994,183.1510929029544,94.51327007720994,190.20318507213315,4219022.5,4180586.0,2562934.9206349207,379833883.4220505,0.04775172566235,5.385570526123047,0.0453445371587239,1.1401742678446858,0.1838241387736888,-7.288054705427002,-5.113314455373541,121.1999969482422,117.0199966430664,4030700.0,False,False,False,0.0998240484539683,1.0220612754717138,-0.2905476357468279,0.6925741005909144,-0.1421080261071615,0.7999597260994974,1.6461684087377504,87.0,62.0,62.0,12.0,12.0,31.0,31.0,69.0,61.0,55.0,47.0,84.61538461538461,ARES
2026-04-20,20.82999992370605,21.0,20.239999771118164,20.700000762939453,1076600.0,-0.0062022503074872,20.42007058606724,19.88010794071532,18.9407999420166,19.01133327484131,19.511200065612798,18.09869999885559,13.508699984550477,15.479999542236328,21.82999992370605,15.479999542236328,23.290000915527344,13.9399995803833,23.290000915527344,8.75,23.290000915527344,8.75,23.290000915527344,5.190000057220459,23.290000915527344,2023167.5,1961840.0,1684294.0476190476,29420307.819395065,0.0511205145637518,1.0592144557407923,0.0508504301305987,1.3292304414204452,-0.1227316716289364,8.4115897794187,13.017475351149365,21.549999237060547,20.76000022888184,1359900.0,False,True,True,0.2443249825871829,1.1563453086810755,0.1508287008121405,1.1234498502774073,0.9005474316793727,1.7722061158661062,1.2011961348791744,67.0,88.0,88.0,80.0,80.0,96.0,96.0,80.0,73.0,80.0,95.0,65.38461538461539,ARIS
2026-04-20,14.970000267028809,15.4399995803833,14.850000381469728,15.220000267028809,1114600.0,-0.0144831678361995,14.387628861660907,14.173359640153038,14.172799987792969,14.110333347320555,13.553199939727785,13.639499969482422,15.296900024414064,12.770000457763672,15.4399995803833,11.050000190734863,16.3700008392334,11.050000190734863,16.3700008392334,11.050000190734863,19.940000534057617,11.050000190734863,19.940000534057617,8.779999732971191,19.940000534057617,1498700.0,1437798.0,1279694.0476190476,15006476.126551628,0.0425348183489719,0.6264285360063825,0.0418455928411759,2.49814175424494,-0.3511961871293977,-3.111475703767616,-2.7878962176475066,15.43000030517578,14.920000076293944,1487500.0,False,False,False,0.0080808001667678,0.936804709667262,0.0624556497452761,1.037179242914589,-0.1532805424982728,0.7895416741488308,1.1711393069213902,64.0,30.0,30.0,67.0,67.0,30.0,30.0,51.0,74.0,68.0,62.0,46.15384615384615,ARLO
2026-04-20,175.10000610351562,175.31500244140625,164.10000610351562,167.4149932861328,8564000.0,0.0502009871676261,159.97411103789554,152.1520054717699,147.2950018310547,142.3841682434082,135.4149008178711,127.11965034484864,138.72572521209716,111.26000213623048,175.31500244140625,100.0199966430664,175.31500244140625,100.0199966430664,175.31500244140625,100.0199966430664,183.16000366210935,100.0199966430664,183.16000366210935,95.31999969482422,183.16000366210935,6485490.0,6423872.0,5361956.349206349,1321046384.8394012,0.0589766689704325,8.853924342564174,0.050564957361166,5.795773909488116,0.9453446914763828,-2.0340712801605934,-2.542649532161697,168.35000610351562,162.72799682617188,5092600.0,False,False,False,0.3487906041032058,1.253424715627759,0.6553224439797023,1.6159414086018682,0.0228401402321825,0.9537691729540712,1.2095380077012283,67.0,93.0,93.0,97.0,97.0,50.0,50.0,92.0,93.0,90.0,86.0,100.0,ARM
2026-04-20,24.46999931335449,24.5,23.875999450683597,24.43000030517578,887300.0,-0.0024460404244375,24.25229236694375,23.99273893333362,23.32859992980957,23.407833290100097,24.508999938964845,26.410400009155275,22.4602249622345,21.1200008392334,25.530000686645508,21.1200008392334,28.799999237060547,21.1200008392334,31.1200008392334,19.600000381469727,31.770000457763672,16.56999969482422,31.770000457763672,12.420000076293944,31.770000457763672,1336845.0,1304378.0,1833540.476190476,25919120.70526123,0.0406533186737867,1.0342144284929549,0.0422645875567529,-0.0376503785973913,-0.0580163761382143,-7.11544905832217,-0.6870222409587879,24.799999237060547,24.23500061035156,1158500.0,False,True,True,0.0680925131528797,0.9925733101120768,-0.0533849534913148,0.9240945516218256,0.1702534429421807,1.0912278610499722,0.7291058023314249,21.0,52.0,52.0,36.0,36.0,70.0,70.0,47.0,40.0,34.0,45.0,42.30769230769231,ARQT
2026-04-20,7.659999847412109,7.885000228881836,7.630000114440918,7.690000057220459,3697000.0,-0.0217113764943028,7.472564965017742,7.431345860773831,7.208399963378906,7.159333308537801,8.237599945068359,8.839449973106385,8.400324971675873,6.505000114440918,8.25,6.505000114440918,12.229999542236328,6.505000114440918,12.229999542236328,6.505000114440918,12.229999542236328,6.505000114440918,12.229999542236328,3.9800000190734863,12.229999542236328,6566155.0,6166928.0,7075593.650793651,38267262.37401724,0.0604946269024906,0.4395715168544224,0.0573853166593638,-1.2218721854073045,-0.3867404273836197,-0.5892043735065418,1.7386534826578754,7.90500020980835,7.59499979019165,16916000.0,True,True,True,0.0989957070287783,1.0212915017113149,-0.2029136190353797,0.7781232556338902,-0.1260696466204297,0.8149150562013366,0.9280005783350054,37.0,62.0,62.0,19.0,19.0,32.0,32.0,53.0,45.0,39.0,32.0,57.692307692307686,ARRY
2026-04-20,69.25,70.47899627685547,68.08999633789062,69.20999908447266,1198500.0,-0.0037404996150179,66.73297375742388,64.51923024419062,61.90800018310547,61.19099998474121,62.02229972839356,63.80385005950928,46.11045000553131,54.02000045776367,72.18000030517578,54.02000045776367,76.11000061035156,54.02000045776367,76.76000213623047,37.060001373291016,76.76000213623047,28.1200008392334,76.76000213623047,10.920000076293944,76.76000213623047,2256870.0,2781710.0,2359144.4444444445,122265083.90993118,0.0517682052961523,3.1982849666050504,0.0461846204563906,2.523218672797367,-0.081294237050571,3.697465207396718,6.8359372866223564,70.88999938964844,68.81999969482422,4331900.0,False,True,False,0.2157654689793984,1.129805088046824,0.0847431051767126,1.058936467469244,0.7770078991737466,1.6570090355889509,0.9566476547524292,41.0,85.0,85.0,71.0,71.0,94.0,94.0,73.0,65.0,59.0,89.0,92.3076923076923,ARWR
2026-04-20,14.859999656677246,14.949999809265137,14.050000190734863,14.050000190734863,1078400.0,0.0546486512243173,13.66481725579288,13.218736223567838,13.015999946594238,12.645666631062824,11.961599979400637,13.481200008392332,15.96935482948057,10.470000267028809,14.949999809265137,9.18000030517578,14.989999771118164,9.18000030517578,17.31999969482422,9.18000030517578,17.31999969482422,9.18000030517578,17.899999618530273,9.18000030517578,31.18000030517578,1237235.0,1224912.0,1333210.752688172,17203690.187125206,0.0468968242161722,0.5982141494750977,0.0402566731693223,6.019093869467872,1.287163643262184,-0.7972453222821585,0.6151129135215325,14.09000015258789,13.3100004196167,1117400.0,False,False,False,0.2200327819665672,1.133770681780325,-0.0119681054276814,0.9645260699904716,0.1317592937667686,1.0553331680490998,0.9280115671924676,37.0,86.0,86.0,44.0,44.0,66.0,66.0,86.0,90.0,86.0,81.0,96.15384615384616,ARX
2026-04-20,36.709999084472656,37.11000061035156,36.16999816894531,36.59000015258789,2753900.0,-0.0107788067717607,35.728720168224875,35.04618890626211,33.930799865722655,33.837666575113936,35.79839988708496,36.65889995574951,36.09619988441467,30.549999237060547,38.04499816894531,30.549999237060547,42.7599983215332,30.549999237060547,42.7599983215332,28.920000076293945,42.7599983215332,28.920000076293945,42.7599983215332,21.059999465942383,42.7599983215332,5158315.0,5088144.0,4546806.746031746,143798225.01483917,0.041278482605372,1.6700002125331337,0.0454916985612102,0.5597681271299111,-0.2395218413009454,-2.561164005941434,2.1017530737021635,38.04499816894531,36.8650016784668,4272600.0,False,True,False,0.1236608858878844,1.0442127355213162,-0.0086416339555249,0.9677734028686916,0.1981070435946201,1.117200546920552,1.1344918066953145,61.0,69.0,69.0,45.0,45.0,72.0,72.0,59.0,51.0,44.0,49.0,76.92307692307693,AS
2026-04-20,7.599999904632568,7.699999809265137,7.360000133514404,7.610000133514404,6931600.0,-0.0193548510151524,7.185107779846847,7.038868392723835,6.573999996185303,6.744666671752929,7.742199993133545,7.339599995613098,5.874099999666214,5.159999847412109,8.529999732971191,5.159999847412109,11.989999771118164,5.159999847412109,11.989999771118164,4.050000190734863,11.989999771118164,4.050000190734863,11.989999771118164,1.850000023841858,11.989999771118164,5268332.5,5194508.0,5533613.095238095,31577987.37770319,0.0653044839683283,0.4535714217594692,0.0596804509804,-0.3077537721438735,-0.3307088766429762,6.7701624944471455,8.898746065558171,8.0600004196167,7.429999828338623,6429100.0,False,True,False,0.3427562030955662,1.2478169753721735,0.0795454468485736,1.0538624643040293,0.1728394880034613,1.093639274097137,0.9520601475613862,40.0,93.0,93.0,70.0,70.0,70.0,70.0,88.0,83.0,78.0,89.0,92.3076923076923,ASM
2026-04-20,58.02000045776367,58.45500183105469,56.5099983215332,57.459999084472656,1090700.0,-0.0104042401371078,57.64429372121977,57.02196147416471,55.51263168334961,55.8623104095459,57.277140045166014,55.36554565429688,52.60673891067505,49.43986549823546,61.640279957838025,49.43986549823546,62.26850156628606,48.01794620817837,62.26850156628606,41.07439258331444,62.26850156628606,41.07439258331444,62.26850156628606,35.56258487193006,62.26850156628606,1612920.0,1525972.0,1610602.380952381,80293327.55659103,0.0430986887075195,2.6044278826032365,0.0448884498802987,0.2889290982826549,-0.2342167408152,3.2402561981044897,6.2949565162748,60.766998291015625,57.9900016784668,1460500.0,False,False,True,0.0963719286712136,1.0188532369193626,-0.0072606360724226,0.969121546049262,0.1065178766687875,1.031796268622895,1.0014389765438247,46.0,61.0,61.0,45.0,45.0,63.0,63.0,52.0,44.0,46.0,68.0,23.07692307692308,ASO
2026-04-20,5.46999979019165,5.545000076293945,5.119999885559082,5.139999866485596,2707800.0,0.0186219565667937,5.011881856119926,4.895094239196764,4.69079999923706,4.864333327611288,5.094399995803833,5.765799994468689,7.535400004386902,3.920000076293945,6.449999809265137,3.920000076293945,8.600000381469727,3.920000076293945,8.600000381469727,3.920000076293945,11.220000267028809,3.920000076293945,14.489999771118164,3.920000076293945,14.489999771118164,4856362.5,4599624.0,5440071.428571428,22220693.22704315,0.093710482571915,0.4763571194240025,0.0870853999442863,0.8466169394966515,0.209926335841239,-2.772699481896786,-2.5347981266923645,5.84499979019165,5.25,7370500.0,False,False,False,0.2517162319082848,1.1632139616434052,-0.2932816599552142,0.689905120328779,-0.5049774030974132,0.461594411746671,0.8927019734509789,34.0,88.0,88.0,12.0,12.0,11.0,11.0,84.0,78.0,72.0,66.0,88.46153846153845,ASPI
2026-04-20,15.619999885559082,15.81999969482422,14.8100004196167,14.869999885559082,4114600.0,0.000640629666994,13.00045408774844,11.801375359207524,11.028600006103517,10.693166637420656,9.84959997177124,13.93160002708435,41.82200012683868,8.229999542236328,15.968999862670898,7.019999980926514,17.899999618530273,7.019999980926514,23.399999618530277,7.019999980926514,36.20000076293945,7.019999980926514,157.8000030517578,7.019999980926514,268.3999938964844,3755015.0,3926644.0,2953035.773809524,41037963.35829735,0.0860999257304144,1.1274284635271346,0.0721785193205704,8.116697329346392,0.0088699453715674,-3.492770288873368,-3.903782107273535,15.968999862670898,14.59000015258789,7712200.0,True,False,False,0.5224171088796743,1.4147750035915343,-0.1761603038076555,0.8042400947132428,-0.1322222285800509,0.8091779495154101,1.2715778905569757,72.0,97.0,97.0,21.0,21.0,31.0,31.0,97.0,97.0,95.0,94.0,100.0,ASST
2026-04-20,4.900000095367432,5.510000228881836,4.800000190734863,5.025000095367432,47137900.0,0.2158808536638898,4.055648357691267,3.889335938872581,3.718000020980835,3.751666680971781,3.774100012779236,3.874050006866455,4.18487500667572,3.265000104904175,5.510000228881836,3.265000104904175,5.510000228881836,3.265000104904175,5.510000228881836,3.265000104904175,6.230000019073486,3.265000104904175,6.75,1.2899999618530271,6.75,6200680.0,5706538.0,4978791.26984127,26240089.073882103,0.0641227322567508,0.313928553036281,0.0640670503931369,4.656415395789552,2.7713308558413776,0.0178420828558056,-1.2283504109605337,4.300000190734863,4.0,5768500.0,False,False,False,0.3725490719873858,1.2755033472262345,0.3461538335577676,1.3141280902132308,-0.1058394017677606,0.8337791808507746,1.245418750040848,70.0,94.0,94.0,91.0,91.0,33.0,33.0,90.0,85.0,80.0,74.0,100.0,ATAI
2026-04-20,106.48999786376952,107.55999755859376,105.30999755859376,106.88999938964844,1323200.0,-0.024370166055185,105.5917285364838,103.31456516521912,98.02240020751952,98.88352762858072,104.1349481201172,97.22515190124513,78.9734469795227,79.98999786376953,113.3000030517578,79.98999786376953,127.00616549022008,76.78001604979104,127.00616549022008,60.88683464214857,127.00616549022008,60.88683464214857,127.00616549022008,36.929926695200095,127.00616549022008,3122030.0,2963668.0,3168235.3174603176,264780003.60603333,0.0406610691018987,4.903572082519531,0.0460472549618469,0.4911338122528573,-0.5424624370450009,4.369722409415649,9.312815002682935,111.08000183105467,106.5199966430664,2296900.0,False,True,True,0.2427353813717774,1.1548680998057173,0.0933973648681201,1.0673848375417945,0.3927286605900049,1.2986796377181968,0.9854160714623444,44.0,88.0,88.0,73.0,73.0,86.0,86.0,79.0,72.0,72.0,86.0,57.692307692307686,AU
2026-04-20,5.21999979019165,5.269999980926514,5.125,5.170000076293945,19305300.0,-0.0094877022610677,4.802632978313302,4.578744492699164,4.362799987792969,4.360999981562297,4.451799974441529,4.37849999666214,4.935525000095367,3.819999933242798,5.539999961853027,3.75,5.539999961853027,3.75,5.539999961853027,3.5999999046325684,5.539999961853027,3.5999999046325684,6.420000076293945,3.5999999046325684,8.25,18691142.5,18472396.0,19490263.888888888,80992443.05854559,0.0603564126540245,0.2810713563646589,0.0538450895903847,3.204737425180697,-0.1778914485686459,2.0406819018542866,1.634688718213046,5.539999961853027,5.260000228881836,29227200.0,False,True,False,0.2488038288428313,1.1605074792783856,0.1177729560840132,1.0911805199770632,-0.0019120896453853,0.9306884266179548,0.9589989446297618,41.0,88.0,88.0,76.0,76.0,45.0,45.0,82.0,78.0,72.0,71.0,88.46153846153845,AUR
2026-04-20,197.22999572753903,198.6000061035156,189.4900054931641,190.80999755859372,1006800.0,0.0303520928542999,193.2817009937576,195.98100333357635,194.69760070800783,198.09933420817055,218.78160064697263,252.49090057373047,273.5763006591797,174.72999572753906,229.5,174.72999572753906,321.0400085449219,174.72999572753906,408.25,174.72999572753906,408.25,174.72999572753906,417.8599853515625,141.08999633789062,417.8599853515625,1834125.0,1707060.0,1286728.5714285714,207426267.0352936,0.0559540192095078,10.711429050990514,0.054309330644552,-1.8138207731890592,0.5424110574729041,-4.4110608655975625,-3.086763561932395,208.6499938964844,186.17999267578125,1572900.0,True,False,True,-0.0668086584727176,0.867210290701743,-0.4979636433294627,0.4900926344097136,-0.4727880446145612,0.4916100677720033,1.4254171708985135,80.0,12.0,12.0,4.0,4.0,12.0,12.0,37.0,31.0,25.0,22.0,15.384615384615383,AVAV
2026-04-20,10.0600004196167,10.220000267028809,9.93000030517578,9.970000267028809,1084800.0,0.00199207747407,9.784060565164555,9.843230869230206,9.841800003051755,9.975166702270508,10.23190004348755,11.63765001296997,13.674850001335145,8.835000038146973,11.109999656677246,8.835000038146973,12.960000038146973,8.835000038146973,14.239999771118164,8.835000038146973,15.0600004196167,8.835000038146973,16.05500030517578,8.835000038146973,20.2450008392334,1735240.0,1825032.0,1582976.1904761903,14908441.585140228,0.041329907208728,0.4103569303240095,0.0407909456468635,-0.4118649777457752,0.0487391738403928,-10.419100868587591,-7.8956555396584465,10.279999732971191,9.984999656677246,1645100.0,False,False,False,-0.0363983885095759,0.8954704104451318,-0.206624591679989,0.7745005690785169,-0.2814285414559501,0.6700473307279337,1.0961883131533428,57.0,16.0,16.0,19.0,19.0,21.0,21.0,41.0,34.0,28.0,24.0,23.07692307692308,AVPT
2026-04-20,37.22999954223633,39.08000183105469,37.06999969482422,38.43000030517578,1174900.0,-0.0329870248769784,35.32279835096376,34.13192694337205,33.220399932861326,32.895666694641115,32.80639991760254,32.30359996795654,24.551249947547912,27.540000915527344,39.9900016784668,27.540000915527344,39.9900016784668,27.540000915527344,39.9900016784668,17.139999389648438,39.9900016784668,15.270000457763672,39.9900016784668,9.220000267028809,39.9900016784668,1081535.0,1009580.0,988123.4126984128,37147035.29305458,0.0546037515116473,2.1807144709995816,0.0585741202743133,2.302032566072453,-0.5823781492959679,2.162622898541465,8.033473098061076,39.9900016784668,38.0,2750300.0,False,False,False,0.1948010181177308,1.110322923224769,0.2001933911293163,1.1716401273418255,1.2240143399804548,2.073829755253491,1.0945343325551762,57.0,83.0,83.0,84.0,84.0,97.0,97.0,81.0,74.0,68.0,93.0,92.3076923076923,AXGN
2026-04-20,78.76000213623047,81.76000213623047,73.0,81.69999694824219,11756700.0,-0.0460270776978448,69.39191201523613,62.52484583295742,59.62440002441407,57.21400006612142,46.93100006103516,31.774900045394897,18.13460001051426,31.549999237060547,83.25,15.850000381469728,83.25,12.25,83.25,5.860000133514404,83.25,3.700000047683716,83.25,1.1399999856948853,83.25,12105350.0,11141070.0,4158178.5714285714,832708754.3243027,0.1849971347962005,10.320000512259346,0.1310309831430544,5.175939771843576,-0.3682165924167529,13.362897964654216,16.450154119251618,83.25,75.30000305175781,10301000.0,False,False,False,0.3558271979574394,1.259963788945663,2.5654142866542067,3.480591111163519,14.97566021878992,14.896846178535515,2.911214559946405,96.0,94.0,94.0,99.0,99.0,99.0,99.0,99.0,99.0,99.0,99.0,92.3076923076923,AXTI
2026-04-20,5.5,5.710000038146973,4.880000114440918,4.880000114440918,56823200.0,0.1316872117085301,4.347516442620524,3.972595375923914,3.6451999950408935,3.6106666644414265,3.5432000160217285,3.7490000104904175,3.971150015592575,3.119999885559082,5.710000038146973,3.119999885559082,5.710000038146973,3.119999885559082,5.710000038146973,3.119999885559082,5.710000038146973,3.119999885559082,5.710000038146973,3.039999961853028,5.710000038146973,10920705.0,9804502.0,10511434.92063492,59207456.39077902,0.0533769776242736,0.2714285680225917,0.0493506487313803,11.19071668605482,2.357894274534605,0.420607399438877,-4.228284905511273,4.940000057220459,4.679999828338623,22597400.0,False,False,False,0.6666666907493517,1.5488254563337072,0.4175257313858387,1.3838020111646077,0.2168141644267451,1.1346444019890063,1.0389357002593096,50.0,98.0,98.0,94.0,94.0,74.0,74.0,96.0,93.0,90.0,87.0,100.0,BB
2026-04-20,3.839999914169312,3.859999895095825,3.700000047683716,3.75,26049900.0,-0.002597400184666,3.642948984697073,3.6266807978736777,3.5591999816894533,3.6453333218892414,3.837399983406067,4.890699999332428,5.714950007200241,3.009999990463257,4.289999961853027,3.009999990463257,6.554999828338623,3.009999990463257,7.0,3.009999990463257,7.400000095367432,3.009999990463257,9.390000343322754,2.359999895095825,9.390000343322754,33151265.0,36436706.0,93613773.015873,96641931.41873837,0.066557175768136,0.2585714374269758,0.0673363133350255,0.0100617929990421,-0.0386739949422332,-8.609160820771974,-6.454823667447177,4.130000114440918,3.829999923706055,46289400.0,False,False,False,0.0294905883467391,0.9567007243484836,-0.3725490218994481,0.6125235727141862,-0.501298700092333,0.4650246970715142,0.3541280725260258,8.0,39.0,39.0,8.0,8.0,11.0,11.0,73.0,64.0,58.0,50.0,53.84615384615385,BBAI
2026-04-20,12.90999984741211,13.350000381469728,12.789999961853027,13.100000381469728,1359000.0,-0.0053928888515321,11.68139993888764,11.28280849865029,10.83200008392334,10.800333404541016,11.699400043487548,18.286449995040893,19.24637499332428,8.800000190734863,13.350000381469728,8.800000190734863,16.610000610351562,8.800000190734863,32.58000183105469,8.800000190734863,32.709999084472656,8.800000190734863,32.709999084472656,8.800000190734863,32.709999084472656,1133867.5,1192092.0,860791.6666666666,12724571.306781769,0.0847228617302355,0.92750004359654,0.0718435363717268,1.4402878808884907,-0.0754713655352327,-12.460821238057916,-7.863866125973532,13.130000114440918,12.279999732971191,1583700.0,False,True,False,0.1953703351308622,1.1108519868267213,-0.3021621704101562,0.6812358821233443,-0.3742122941059597,0.5835291354129876,1.3172380076479986,75.0,83.0,83.0,12.0,12.0,17.0,17.0,88.0,83.0,78.0,72.0,92.3076923076923,BBNX
2026-04-20,20.899999618530277,20.899999618530277,19.15999984741211,19.209999084472656,6670800.0,0.0767645431649408,18.893654262530763,18.93666171946886,18.748000030517577,18.969666735331217,20.550287132263183,20.4722548866272,23.65638793945313,16.719999313354492,21.799999237060547,16.719999313354492,24.76000022888184,16.719999313354492,24.76000022888184,14.161690547684469,26.33008503307892,14.161690547684469,26.868632038450468,14.161690547684469,33.454045011068246,6134900.0,5961444.0,6140267.063492063,120030515.65024376,0.056801062447191,1.0192857469831194,0.04876965385585,0.3489342268294149,1.461807717343506,3.294528120579277,-0.7032110671801048,19.850000381469727,18.459999084472656,9855400.0,False,False,False,0.0280373682716823,0.9553502538204556,-0.0943445894836509,0.884109367996727,-0.1793755173547743,0.7652088565283832,0.999125923443302,46.0,39.0,39.0,31.0,31.0,28.0,28.0,68.0,60.0,54.0,72.0,69.23076923076923,BBWI
2026-04-20,9.1899995803833,9.449999809265137,9.09000015258789,9.399999618530272,3204400.0,-0.0326316231175473,9.461645710908774,9.373461000274752,9.492800064086914,9.326000054677328,8.616200037002564,7.913400011062622,7.873600018024445,8.149999618530273,10.31999969482422,6.230000019073486,10.31999969482422,6.230000019073486,10.31999969482422,6.230000019073486,10.31999969482422,6.0,10.31999969482422,6.0,11.3100004196167,6020077.5,5563476.0,4589464.285714285,51179848.58101368,0.0468607076861529,0.3764285360063825,0.0409606695532278,1.62583840480288,-0.8235306039907745,2.833286296074152,6.936205179970969,9.670000076293944,9.43000030517578,3656600.0,False,False,True,-0.0632008983397804,0.8705629650938416,0.3798798484889274,1.3470517446182055,0.3675595040637951,1.2752101192081926,1.3117168203571847,75.0,12.0,12.0,93.0,93.0,84.0,84.0,37.0,83.0,78.0,72.0,7.6923076923076925,BCRX
2026-04-20,218.2700042724609,220.6999969482422,201.8000030517578,207.8600006103516,8765700.0,0.0500818032884724,191.24016759575483,174.63259218072224,160.18560089111327,159.36166763305664,157.51340103149414,137.32880073547364,104.31495034217836,116.50499725341795,229.5500030517578,116.50499725341795,229.5500030517578,75.69999694824219,229.5500030517578,75.69999694824219,229.5500030517578,61.369998931884766,229.5500030517578,16.010000228881836,229.5500030517578,10545467.5,10715488.0,11049934.523809524,1762390340.2762983,0.0947100702216743,16.25285393851144,0.0744621506408338,5.180126924977993,0.6405031203438479,6.48477308488245,6.381574847444199,215.69000244140625,200.22999572753903,11306200.0,False,False,False,0.3094366853176198,1.2168533054232389,0.4600000285783341,1.4252658213631826,0.8965158677357674,1.7684467978094929,0.95434660515657,40.0,92.0,92.0,94.0,94.0,96.0,96.0,97.0,95.0,98.0,97.0,96.15384615384616,BE
2026-04-20,31.190000534057617,31.459999084472656,30.61100006103516,30.940000534057617,1257800.0,-0.0063714195437918,29.13329474882811,27.675892498688924,26.04360000610352,26.05400002797445,26.735000076293947,27.45245002746582,24.61042501449585,21.6299991607666,32.47999954223633,21.6299991607666,35.05500030517578,21.6299991607666,36.43999862670898,20.229999542236328,36.43999862670898,20.229999542236328,36.43999862670898,15.350000381469728,36.43999862670898,2104100.0,1966172.0,2172932.53968254,55941550.90190888,0.0604646301038391,1.6431427001953125,0.052681714397571,3.163061701623952,-0.1217172772438129,1.965840202106688,3.617046123211109,32.47999954223633,31.209999084472656,1944400.0,False,True,False,0.2391736368500663,1.151558187503034,-0.0009608834066835,0.975271424118965,0.2093834597454047,1.127715482425115,0.9683227442980832,42.0,87.0,87.0,47.0,47.0,73.0,73.0,87.0,82.0,76.0,77.0,96.15384615384616,BEAM
2026-04-20,16.969999313354492,17.75,16.725000381469727,17.549999237060547,1445800.0,-0.0598337933161006,17.01279219006148,16.746427738952086,15.9088000869751,16.401666736602785,17.284400005340576,22.26029998779297,23.35017538907235,13.43000030517578,22.459999084472656,13.43000030517578,26.3700008392334,13.43000030517578,32.70000076293945,13.43000030517578,39.5,13.43000030517578,39.5,0.0,0.0,1652435.0,1643954.0,0.0,23030442.3946476,0.0701896254593728,1.2827143669128418,0.0755871784805208,-0.2406473316571475,-0.8419644712527328,-8.766018084741987,-6.559895513080173,18.6200008392334,17.489999771118164,1180700.0,False,False,True,0.0740505764870633,0.9981101101295314,-0.3897878590707323,0.5956948570023097,0.0,0.0,0.0,0.0,54.0,54.0,7.0,7.0,0.0,0.0,71.0,62.0,56.0,48.0,50.0,BETA
2026-04-20,5.489999771118164,5.539999961853027,5.210000038146973,5.360000133514404,4957400.0,0.0073394427986999,4.810267103619282,4.484706180153808,4.288800029754639,4.199000024795533,3.8804000186920167,3.8070000052452087,2.8655500012636184,3.450000047683716,5.619999885559082,2.819999933242798,5.619999885559082,2.819999933242798,5.619999885559082,1.899999976158142,5.619999885559082,1.559999942779541,5.619999885559082,1.3200000524520874,5.619999885559082,6306512.5,5864384.0,5048619.444444444,20469512.68341303,0.0658951518241741,0.2985713481903076,0.0543845829941622,7.627208098950298,0.1339712001686498,7.292188716323144,8.983834485281786,5.605000019073486,5.389999866485596,6255200.0,False,False,False,0.382871468905263,1.2850959017576988,0.3197115318485968,1.2883148654690146,1.4508927445288524,2.2853873777556197,1.2491558473356028,70.0,94.0,94.0,91.0,91.0,98.0,98.0,92.0,95.0,93.0,97.0,100.0,BFLY
2026-04-20,10.81999969482422,10.97599983215332,10.59000015258789,10.859999656677246,1623500.0,-0.0145719357087988,10.135698944289103,9.860982637362293,9.369599990844726,9.489000002543133,10.24939998626709,10.685799989700318,12.458149991035462,8.029999732971191,12.100000381469728,8.029999732971191,14.006999969482422,8.029999732971191,14.006999969482422,7.480000019073486,18.56599998474121,7.480000019073486,18.56599998474121,7.480000019073486,24.059999465942383,2262877.5,2247052.0,2718217.0634920634,19617617.919368744,0.0706755087021762,0.736785752432687,0.0680948034393319,0.8175590549215893,-0.2171592581477436,-3.2056970164930627,-1.3462158168466023,11.0600004196167,10.25,2695000.0,True,True,False,0.2075892465132081,1.122206963261244,-0.1765601665054347,0.8038497449699364,-0.3434466022226631,0.6122172630574803,0.8324859446996872,28.0,84.0,84.0,21.0,21.0,18.0,18.0,80.0,74.0,68.0,71.0,96.15384615384616,BHVN
2026-04-20,39.630001068115234,39.900001525878906,38.650001525878906,38.77000045776367,1326100.0,0.0211285664985454,38.24691952969627,38.586649697176746,38.47360000610352,38.97433344523112,41.60500007629395,46.11399997711182,46.943549995422366,34.439998626708984,45.0,34.439998626708984,52.34999847412109,34.439998626708984,57.209999084472656,34.439998626708984,57.209999084472656,34.439998626708984,57.209999084472656,34.439998626708984,57.209999084472656,1976950.0,2548526.0,2699417.0634920634,77974590.31028748,0.0500040722999162,1.9207147870744976,0.0484661805527891,-0.9794506501518586,0.4269242369259761,-9.783114868080034,-6.705672747197796,39.400001525878906,38.119998931884766,1764800.0,False,False,False,-0.030340051288872,0.9011003945100688,-0.1495707646831059,0.8301970540133887,-0.201812691839314,0.7442868331253049,0.7323618223864029,21.0,17.0,17.0,24.0,24.0,26.0,26.0,44.0,37.0,31.0,26.0,23.07692307692308,BILL
2026-04-20,11.020000457763672,12.5,10.789999961853027,11.199999809265137,6802800.0,0.0203703947355058,7.80597783420739,5.897509937885912,4.446400012969971,4.242333340644836,3.735799994468689,4.025850002765655,5.761825021505356,2.150000095367432,24.309999465942383,2.150000095367432,24.309999465942383,2.150000095367432,24.309999465942383,2.150000095367432,24.309999465942383,2.150000095367432,24.309999465942383,2.150000095367432,24.309999465942383,8784485.0,7040160.0,1450228.9682539685,276804334.91193295,0.2831624872466778,2.591428416115897,0.2351568337994229,8.291644390792358,0.0848953672270642,-7.499242585967325,-7.713094259230207,13.479999542236328,10.5600004196167,20121600.0,True,True,False,2.454545536079308,3.2102927934186805,1.7142858652897428,2.6497115051248774,0.7603833953424741,1.6415071613016108,6.057309012780412,99.0,99.0,99.0,99.0,99.0,94.0,94.0,99.0,99.0,99.0,99.0,96.15384615384616,BIRD
2026-04-20,41.79999923706055,41.97999954223633,38.959999084472656,39.40999984741211,1946100.0,0.0571572652808336,38.40149830955582,37.64661564362421,36.58320007324219,36.69300015767416,38.091600036621095,39.91420001983643,43.04705003738403,33.060001373291016,41.97999954223633,33.060001373291016,42.61000061035156,33.060001373291016,48.15999984741211,33.060001373291016,48.15999984741211,33.060001373291016,48.15999984741211,33.060001373291016,59.5,2242407.5,2337522.0,2252100.0,74826504.05525208,0.0474730566607468,1.9465716225760323,0.0465686999546682,2.0905624677917505,1.1610147272887867,-2.8857615925435747,-0.6414644276738443,39.68999862670898,38.22499847412109,2679500.0,False,False,False,0.1925820298695699,1.1082608279629311,0.0865609022794973,1.0607110181747634,-0.0125207316576422,0.9207961713962352,0.9956962390657608,45.0,82.0,82.0,72.0,72.0,43.0,43.0,71.0,62.0,56.0,48.0,100.0,BIRK
2026-04-20,37.41999816894531,38.76900100708008,36.650001525878906,37.15999984741211,1479100.0,-0.0039925878918644,34.58182847223093,31.84907702984215,29.74840003967285,28.79466667175293,25.9353999710083,23.7653999710083,22.03259994983673,21.09000015258789,40.619998931884766,17.520000457763672,40.619998931884766,16.34000015258789,40.619998931884766,12.40999984741211,40.619998931884766,12.40999984741211,40.619998931884766,6.440000057220459,40.619998931884766,1839715.0,1698140.0,1745963.492063492,71446751.16833687,0.1300742753039956,3.9439283098493294,0.1053962721228131,4.201434578174773,-0.0380335325833132,5.221352716891346,7.144981837883556,40.619998931884766,36.65999984741211,2679500.0,False,True,False,0.4600077797203512,1.3567783098007624,0.3592443601753097,1.3269071859710544,0.4359170735152633,1.3389515973888175,1.053696144485648,52.0,96.0,96.0,92.0,92.0,87.0,87.0,96.0,96.0,96.0,97.0,92.3076923076923,BKSY
2026-04-20,91.31999969482422,91.73999786376952,86.5199966430664,88.12000274658203,2621100.0,0.0318644033313471,86.35595720669907,86.3389114060031,84.26600006103516,85.36933314005533,95.21759994506836,103.92400032043456,115.20504978179932,76.5,96.08999633789062,76.5,129.75,76.5,131.5,76.5,131.5,76.5,142.5,76.5,151.02999877929688,2331817.5,2356438.0,2131022.619047619,164821767.05265045,0.0468371369019409,4.619999476841518,0.0505913216412698,-0.8091034239949628,0.610389613453403,-4.54139201206465,-2.5065537501917263,92.23999786376952,87.66000366210938,2739100.0,False,False,False,0.0808379927061577,1.0044176238521096,-0.2797539314187298,0.7031110167303737,-0.2572590324400995,0.6925847065289273,1.094224659634124,57.0,56.0,56.0,13.0,13.0,23.0,23.0,57.0,49.0,42.0,36.0,73.07692307692307,BLDR
2026-04-20,6.670000076293945,6.75,6.53000020980835,6.619999885559082,2829500.0,-0.0089152960786768,6.283969592158833,6.080348045881294,5.848400020599366,5.820000012715657,6.07079999923706,6.460899987220764,7.020977094173431,5.190000057220459,6.760000228881836,5.190000057220459,7.760000228881836,5.190000057220459,8.140000343322754,5.190000057220459,8.140000343322754,5.190000057220459,8.170000076293945,5.190000057220459,10.477082965043738,3144452.5,3059234.0,2528935.714285714,13215277.338776588,0.0572704146133116,0.3350000381469726,0.0502248927009171,1.965200733376338,-0.1791042864097155,-1.8519182734686168,-0.4180506588398023,6.760000228881836,6.519999980926514,2140000.0,True,True,False,0.1061359608984053,1.0279269057902138,-0.1303780951829127,0.8489331193037307,-0.1281045760596708,0.8130175427073469,1.243389652903113,70.0,64.0,64.0,26.0,26.0,32.0,32.0,74.0,66.0,59.0,52.0,96.15384615384616,BLMN
2026-04-20,43.09999847412109,43.59999847412109,41.7599983215332,42.790000915527344,1053100.0,-0.0094231179781314,40.409117391706296,38.87688524634662,38.25159927368164,37.97099939982096,35.72319953918457,37.71699975967408,45.62959281788316,32.79999923706055,44.04999923706055,24.790000915527344,44.04999923706055,24.790000915527344,47.72999954223633,24.790000915527344,56.91999816894531,24.790000915527344,74.9800033569336,24.790000915527344,118.0,1248252.5,1565566.0,3135913.9534883723,44147938.8842392,0.0608014081615411,2.39535767691476,0.0555767462115578,3.715561719796166,-0.1711643531834429,-3.5874585438812807,-3.1101522970934448,44.04999923706055,41.060001373291016,1164900.0,True,True,False,0.0883838417894706,1.0114299456407168,0.1048449199837633,1.078560048997362,-0.2510860287489642,0.6983408558953377,0.398050622087845,9.0,59.0,59.0,74.0,74.0,23.0,23.0,77.0,92.0,90.0,86.0,96.15384615384616,BLSH
2026-04-20,4.429999828338623,4.429999828338623,4.139999866485596,4.199999809265137,3126100.0,0.0399060071180814,3.941722750257852,3.722912931955552,3.63439998626709,3.568333315849304,3.3299999904632567,3.4437999868392946,4.791300004720688,2.755000114440918,4.480000019073486,2.609999895095825,4.480000019073486,2.609999895095825,4.480000019073486,2.609999895095825,5.960000038146973,2.609999895095825,7.320000171661377,2.609999895095825,8.640000343322754,4766380.0,4432848.0,3361960.3174603176,10972161.747335196,0.0591779438570796,0.2251428365707397,0.0508223127076677,6.499709772956572,0.7550744320633686,0.5480811060039574,-1.9394094934182895,4.480000019073486,4.210000038146973,3356500.0,False,False,False,0.1844919296904887,1.1007427362105744,0.2408963336631346,1.2113747243875876,-0.1688555550187782,0.7750184204886257,1.417738328214595,80.0,81.0,81.0,87.0,87.0,29.0,29.0,93.0,92.0,89.0,84.0,100.0,BMBL
2026-04-20,22.530000686645508,22.7549991607666,21.57999992370605,22.18000030517578,37645800.0,-0.0183006563107474,21.82691300633975,21.34559563912158,21.05600006103516,20.999000040690103,20.63939994812012,25.460349197387696,37.22717978477478,17.84000015258789,24.11000061035156,17.190000534057617,30.549999237060547,17.190000534057617,42.084999084472656,17.190000534057617,54.52398725763355,17.190000534057617,65.58073559392504,3.918848952554093,160.95272284613716,46227742.5,45252842.0,42626321.46118721,949935611.3281822,0.0606229568522942,1.3860717500959114,0.0615211588039362,1.4889436063468109,-0.303014671689891,-6.419566265545717,-6.4489394017933055,24.11000061035156,22.670000076293945,63695600.0,False,False,False,0.0657521919171724,0.9903984606799854,-0.2769576124206347,0.7058408097547576,-0.5587976185353715,0.4114086003501618,1.0844881968548945,55.0,51.0,51.0,14.0,14.0,9.0,9.0,70.0,69.0,63.0,56.0,53.84615384615385,BMNR
2026-04-20,12.59000015258789,13.100000381469728,12.369999885559082,12.869999885559082,605000.0,-0.0330261359491256,11.97027756134317,12.36050504819428,12.02159999847412,12.855666637420654,15.644799976348876,15.671764691670736,0.0,10.199999809265137,18.709999084472656,10.199999809265137,23.489999771118164,10.199999809265137,23.489999771118164,0.0,0.0,0.0,0.0,0.0,0.0,1210752.5,1238388.0,0.0,14637039.143686296,0.0770784003845168,0.903571469443185,0.0717689800232015,-2.720670626648459,-0.4758896442810038,-6.850214179555406,-3.426307622589629,13.220000267028809,12.100000381469728,1650900.0,True,False,True,-0.0639404958269834,0.8698756606544006,0.0,0.0,0.0,0.0,0.0,0.0,12.0,12.0,0.0,0.0,0.0,0.0,66.0,57.0,51.0,0.0,53.84615384615385,BOBS
2026-04-20,5.539999961853027,5.690000057220459,5.53000020980835,5.639999866485596,7022700.0,-0.0053860339109111,5.657687406937116,5.651344146515895,5.552800025939941,5.517666705449423,5.621000032424927,4.873700039386749,3.7742000180482864,4.644999980926514,6.195000171661377,4.369999885559082,6.25,3.5799999237060547,6.25,2.890000104904175,6.25,2.440000057220459,6.25,1.5499999523162842,6.25,7948627.5,8023676.0,5742419.841269841,44972354.15554047,0.058880251309199,0.3054286071232387,0.0551315179108915,-0.2613797026624271,-0.0982233134312945,7.461382092032423,11.830922906769674,5.65500020980835,5.269999980926514,10433200.0,False,False,True,0.1446280552059187,1.0636974265919883,0.3004694047415968,1.2695305191956532,1.1389961951523335,1.994552767101266,1.3841947680095597,78.0,74.0,74.0,90.0,90.0,97.0,97.0,57.0,63.0,83.0,90.0,34.61538461538461,BORR
2026-04-20,16.479999542236328,16.6299991607666,15.835000038146973,16.030000686645508,2816800.0,0.0210656855914104,15.944929276323442,16.120929888078027,16.2007999420166,16.32499993642171,17.064799995422362,22.292699966430664,31.009000005722047,14.1850004196167,19.11000061035156,14.1850004196167,28.21999931335449,14.1850004196167,33.560001373291016,14.1850004196167,33.560001373291016,14.1850004196167,38.334999084472656,14.1850004196167,79.56999969482422,3449330.0,3601886.0,3362261.507936508,54278630.6585598,0.0578977089320189,0.848285606929234,0.0514736426269416,-0.6657659732191736,0.400808583583871,-12.794796293498637,-9.40264128166985,17.059999465942383,15.960000038146973,2896700.0,False,False,True,-0.049596343874496,0.8832056130779068,-0.3107486554827379,0.6728536742739976,-0.5037639266319174,0.4627259438398801,1.0258958120473287,49.0,14.0,14.0,11.0,11.0,11.0,11.0,48.0,40.0,34.0,29.0,26.923076923076923,BRBR
2026-04-20,41.09999847412109,41.27000045776367,39.68999862670898,40.43999862670898,3261500.0,0.0098279534074572,39.09080841262783,38.07706410983344,36.49835464477539,36.38666305541992,37.61010704040528,42.71233737945557,39.66920958518982,32.32146939688683,41.27000045776367,32.32146939688683,52.001923520073554,32.32146939688683,56.13571404909055,32.32146939688683,56.13571404909055,30.01361175831844,56.13571404909055,28.414164588334742,56.13571404909055,2039800.0,2238676.0,2822549.603174603,71541223.05269241,0.0438061273857766,1.6392863137381417,0.0398853132505669,2.326453304997354,0.2440072291395559,-6.027840734506172,-0.4739892564114749,40.720001220703125,39.65999984741211,3136500.0,False,False,False,0.2239580055451255,1.1374183734477807,-0.1493756972334881,0.8303874807006206,0.0786545178700379,1.0058144835600078,0.7226799478406962,21.0,86.0,86.0,24.0,24.0,60.0,60.0,72.0,64.0,57.0,50.0,100.0,BRKR
2026-04-20,54.619998931884766,54.630001068115234,51.88999938964844,52.790000915527344,4077700.0,0.0220808446014073,52.90834588589186,52.42924501694544,51.719599914550784,51.49033317565918,51.92779983520508,56.11269992828369,57.87409992218018,44.58000183105469,58.20000076293945,44.58000183105469,62.880001068115234,44.58000183105469,65.93000030517578,44.58000183105469,65.93000030517578,44.58000183105469,65.93000030517578,44.58000183105469,77.87999725341797,4094060.0,4885622.0,3833082.53968254,211118779.27129745,0.049609452419979,2.8493573325020924,0.05216692398796,0.993829817877356,0.4141285797031266,-5.256695055950296,-1.8052779097165108,54.31999969482422,52.0,5945100.0,False,False,False,0.0724523582289078,0.9966248934771872,-0.1211585262931762,0.8579333495564931,0.0016504704676807,0.934010412018202,1.0680855310616597,53.0,54.0,54.0,27.0,27.0,45.0,45.0,64.0,56.0,49.0,42.0,50.0,BROS
2026-04-20,23.729999542236328,23.770000457763672,22.75,22.75,2024300.0,0.0472197573711112,22.199781748858257,21.690873226072743,21.34499992370605,20.950666618347167,19.82380002975464,24.51659998893738,26.302924971580502,17.645000457763672,24.229999542236328,15.260000228881836,26.166000366210938,15.260000228881836,37.32699966430664,15.260000228881836,37.32699966430664,15.260000228881836,37.32699966430664,15.260000228881836,37.66999816894531,3369662.5,3423822.0,2168602.380952381,92633034.6465206,0.0654858701600675,1.4366429192679269,0.0605412114193634,3.254740787838727,0.744791680990194,-5.877813407125133,-3.4400928436055054,23.700000762939453,22.36000061035156,2879500.0,False,False,False,0.2352941526903644,1.147953001260734,0.030395086179773,1.0058814178672508,-0.0911528537908826,0.8474739667381153,1.5538406346857148,84.0,87.0,87.0,60.0,60.0,34.0,34.0,80.0,87.0,83.0,78.0,69.23076923076923,BRZE
2026-04-20,1.6399999856948853,1.6399999856948853,1.5299999713897705,1.5399999618530271,20138900.0,0.0379746462973709,1.501686975882274,1.4911335687554392,1.4737999963760375,1.5013333280881247,1.5903999900817871,1.8768499875068665,2.5241249942779542,1.25,1.7200000286102295,1.25,2.259999990463257,1.25,2.4800000190734863,1.25,4.079999923706055,1.25,4.550000190734863,1.25,4.550000190734863,18838152.5,20365262.0,30194814.285714287,25640050.245372653,0.067556698063719,0.0996428557804652,0.0607578394204958,0.5133019947714984,0.6021499716119523,-7.589001494892712,-7.651686378678086,1.6349999904632568,1.5499999523162842,24235400.0,False,False,False,0.0186335224367799,0.9466113044568092,-0.3080168502590412,0.6755204883423147,-0.5555555663242355,0.4144317212998217,0.6238870132383185,16.0,35.0,35.0,11.0,11.0,9.0,9.0,77.0,70.0,63.0,56.0,61.53846153846154,BTBT
2026-04-20,13.029999732971191,13.05500030517578,12.350000381469728,12.399999618530272,6977500.0,0.0108610850209138,11.676873914420064,10.682158746553624,9.808999938964844,9.431166617075602,9.343499975204468,10.829699997901916,13.447250015735628,6.915999889373779,13.239999771118164,6.915999889373779,14.829999923706056,6.915999889373779,16.2450008392334,6.915999889373779,25.280000686645508,6.915999889373779,27.799999237060547,6.915999889373779,27.799999237060547,7767982.5,8731512.0,6503507.936507937,73374738.74708176,0.0786831510040282,0.8528570447649274,0.0654533432266197,6.027993655888351,0.1641534070777658,0.476202879480299,-0.5814805180683021,13.239999771118164,12.550000190734863,10396400.0,False,False,False,0.5204200929949336,1.4129191861949566,-0.1773990146810453,0.8030308534558213,-0.4965224051195361,0.4694784555102034,1.1944296179595384,66.0,97.0,97.0,21.0,21.0,11.0,11.0,97.0,95.0,92.0,89.0,100.0,BTDR
2026-04-20,4.940000057220459,5.110000133514404,4.849999904632568,4.869999885559082,38497900.0,-0.0119999885559082,4.875509993222382,4.816609916047372,4.60560001373291,4.699333333969117,5.035670204162598,4.869174065589905,4.546199772357941,3.880000114440918,5.460000038146973,3.880000114440918,6.265854089613477,3.880000114440918,6.265854089613477,3.6957581289948327,6.265854089613477,3.6957581289948327,6.265854089613477,2.833192955434963,6.265854089613477,31451242.5,32616926.0,42344398.809523806,133892108.96752356,0.0436751311038994,0.2100000040871756,0.0425101217924548,-0.446916935542768,-0.2857140076751318,2.48317304772534,4.540390924526302,5.119999885559082,4.980000019073486,36231100.0,False,False,True,0.1733966775436883,1.0904319709779176,0.082759089201235,1.056999652329836,-0.1651453434422334,0.7784780866550732,0.7427485897597915,22.0,80.0,80.0,71.0,71.0,29.0,29.0,72.0,64.0,58.0,59.0,34.61538461538461,BTG
2026-04-20,7.010000228881836,7.03000020980835,6.590000152587891,6.650000095367432,19396800.0,0.0431548285333971,6.022044925562492,5.683626580202088,5.341600017547608,5.352333339055379,5.617000007629395,6.986000003814698,9.984099998474122,4.5,7.03000020980835,4.5,8.0,4.5,10.369999885559082,4.5,11.970000267028809,4.5,16.040000915527344,4.5,38.61000061035156,12530977.5,11849472.0,14944051.19047619,74988446.83490992,0.0544042690291495,0.346428632736206,0.0494192041975817,5.018235210057041,0.8371145202394725,-8.18464219454298,-10.813597304722988,6.760000228881836,6.46999979019165,20201900.0,False,False,False,0.3301708262339338,1.23612144430466,-0.1409313284356235,0.838630953299934,-0.4034042358398437,0.5563084847665143,0.838526135937353,29.0,93.0,93.0,25.0,25.0,15.0,15.0,92.0,87.0,83.0,78.0,100.0,BULL
2026-04-20,16.540000915527344,18.21999931335449,16.510000228881836,18.200000762939453,3456200.0,-0.0991285203878524,17.387419005215495,16.418747958139065,15.914000129699708,15.456666787465414,13.174400100708008,10.159500041007997,6.465545024871826,10.18000030517578,18.799999237060547,7.949999809265137,18.799999237060547,4.570000171661377,18.799999237060547,3.119999885559082,18.799999237060547,2.640000104904175,18.799999237060547,0.2240000069141388,18.799999237060547,4670475.0,4168954.0,3182445.238095238,54306757.41548538,0.0944794021740382,1.3310715130397253,0.0804759032262294,3.174431030620622,-1.3673192439284827,7.301294121815243,12.70287529959306,18.76000022888184,17.510000228881836,2761500.0,False,False,True,0.055520155392313,0.9808898776334776,0.9643706372515152,1.9176371746309064,3.58171783827387,4.272320826524687,1.4675743494632385,82.0,48.0,48.0,98.0,98.0,99.0,99.0,93.0,96.0,98.0,99.0,42.30769230769231,BW
2026-04-20,25.81999969482422,26.0,24.950000762939453,25.01000022888184,1498100.0,0.0311501098553552,23.453466569878923,22.642400653206963,22.172400131225587,21.919000116984048,20.63060012817383,22.62450006484985,26.92292501449585,19.299999237060547,26.0,15.880000114440918,26.489999771118164,15.880000114440918,27.01000022888184,15.880000114440918,28.799999237060547,15.880000114440918,32.15999984741211,15.880000114440918,45.15999984741211,1915622.5,1873268.0,1107395.634920635,35479464.843883514,0.0509259697699564,1.1554995945521764,0.0447521149577629,5.620716557273853,0.6750316339134417,-4.868217045222566,-2.3972463524705354,25.170000076293945,24.059999465942383,1730100.0,False,False,False,0.2225378157589796,1.1360985978106863,-0.0307807700304545,0.9461609690711172,0.0880741758493488,1.0145980451812775,1.729844727207444,89.0,86.0,86.0,40.0,40.0,61.0,61.0,80.0,90.0,86.0,82.0,100.0,BWIN
2026-04-20,1.159999966621399,1.1699999570846558,0.7799999713897705,0.8320000171661377,220171100.0,0.4094774570240016,0.7914312168449152,0.7384011678944209,0.6978000020980835,0.7082000017166138,0.7298199999332428,0.8563499987125397,1.6414999908208847,0.5730000138282776,1.1699999570846558,0.5730000138282776,1.1699999570846558,0.5730000138282776,1.3200000524520874,0.5730000138282776,2.359999895095825,0.5,7.690000057220459,0.5,7.690000057220459,42393090.0,39231198.0,66048870.63492064,41313409.73317057,0.1064900579321292,0.0953571498394012,0.0822044418821297,7.170329872618829,3.534081643177155,-1.3771029851802847,-3.6375181151451614,0.9700000286102296,0.8230000138282776,197859100.0,False,False,False,0.6315048177066196,1.5161496943692847,0.1776649236292051,1.14964762452875,1.2307692484037416,2.0801285141375487,0.6418442827633511,17.0,98.0,98.0,82.0,82.0,97.0,97.0,97.0,96.0,94.0,92.0,100.0,BYND
2026-04-20,2.315000057220459,2.4100000858306885,2.190000057220459,2.380000114440918,12332200.0,-0.0813491766895504,2.009740702009276,1.830612401998404,1.6549999904632569,1.565166660149892,1.4185999894142152,1.7382999992370605,2.722599996328354,1.0,2.640000104904175,1.0,2.640000104904175,1.0,2.640000104904175,1.0,4.798999786376953,1.0,6.760000228881836,1.0,6.760000228881836,8574145.0,7280294.0,3308444.8412698414,28385652.35249996,0.1719038165555757,0.3019285712923322,0.1304227057578769,4.844943564113273,-0.6789682832220948,-4.778346662392125,-4.908747349112487,2.640000104904175,2.0,79699000.0,True,True,False,1.1435184863246528,1.9919615698618407,0.0243363128271201,0.9999667860796536,-0.5548076649742004,0.4151291179153987,2.591593758204863,95.0,99.0,99.0,58.0,58.0,9.0,9.0,98.0,97.0,96.0,95.0,92.3076923076923,BZAI
2026-04-20,21.239999771118164,21.524999618530277,20.799999237060547,20.940000534057617,1564600.0,0.0042553264402442,20.10546263519173,19.60623753737496,19.053999938964843,18.945000012715656,19.42139995574951,22.955850048065187,26.896900053024293,16.280000686645508,21.524999618530277,16.280000686645508,26.850000381469727,16.280000686645508,29.31999969482422,16.280000686645508,32.25,16.280000686645508,34.54399871826172,16.280000686645508,42.5,2474055.0,2350196.0,1701659.5238095238,41194465.60225487,0.0556356206626413,1.119285719735282,0.0526970683520095,1.776929328293941,0.0804085596742681,-6.598999164403285,-4.947053616117595,21.459999084472656,20.940000534057617,1121900.0,False,False,False,0.1291866227628326,1.0493477766092698,-0.2068708279865727,0.774260190869693,-0.3352112906439866,0.6198964555377737,1.4539071802456145,81.0,71.0,71.0,19.0,19.0,18.0,18.0,76.0,68.0,62.0,55.0,100.0,CAI
2026-04-20,34.209999084472656,36.81999969482422,33.900001525878906,34.869998931884766,1038000.0,-0.0141210855243015,33.52375914586645,32.32513780486547,31.476000289916996,31.614000193277995,29.42740016937256,26.445900087356566,16.703550033569336,27.5,36.81999969482422,21.059999465942383,36.81999969482422,21.059999465942383,36.81999969482422,4.300000190734863,40.369998931884766,4.300000190734863,40.369998931884766,4.300000190734863,40.369998931884766,1346330.0,1326180.0,2145950.793650794,33443256.739282608,0.0659324107326226,2.17142881665911,0.0634735128550379,2.5604690553649414,-0.2256586422301872,5.980134913552638,8.592306020493687,35.65999984741211,34.33000183105469,769500.0,False,False,True,0.0975296439120241,1.0199290962055083,0.4049280718084243,1.3715040568677568,4.553571417513052,5.178546489796955,0.6273815802223308,17.0,62.0,62.0,93.0,93.0,99.0,99.0,68.0,90.0,86.0,99.0,69.23076923076923,CAPR
2026-04-20,608.7999877929688,612.5800170898438,476.0,491.260009765625,5733800.0,0.2327380347682639,404.3944465879356,312.2123360551828,233.44319915771484,210.97399927775064,168.51919982910155,148.07909980773923,153.68010009765624,92.30999755859376,612.5800170898438,85.95999908447266,612.5800170898438,85.95999908447266,612.5800170898438,85.95999908447266,612.5800170898438,85.95999908447266,612.5800170898438,73.44999694824219,612.5800170898438,2229415.0,2002928.0,1193926.5873015872,1237414355.269127,0.1820640635298551,60.36428724016462,0.0991529048136124,26.349653269570958,1.9041060152687197,13.164913621615328,6.969792025608705,501.6600036621094,422.0799865722656,4814900.0,False,False,False,5.0613298784826775,5.632765127626775,3.84597628832954,4.730687835409131,3.026455026988984,3.754554138006653,1.8672965521596572,91.0,99.0,99.0,99.0,99.0,99.0,99.0,99.0,99.0,99.0,99.0,100.0,CAR
2026-04-20,11.039999961853027,11.050000190734863,10.5600004196167,10.5600004196167,1065200.0,0.0424928992239126,9.992055452508849,9.474194569522473,8.86800006866455,8.680333391825359,9.25540002822876,10.712900009155272,11.446250004768372,7.400000095367432,11.050000190734863,7.400000095367432,12.279999732971191,7.400000095367432,13.6899995803833,7.400000095367432,13.6899995803833,7.400000095367432,13.845000267028809,7.400000095367432,13.970000267028809,1824770.0,1615990.0,975269.0476190476,11022726.89901352,0.0444338044936452,0.4264284883226667,0.038625769003272,4.991930605158444,1.0552761402859985,-4.157812085415127,-3.487917893047954,10.795000076293944,10.40999984741211,915500.0,False,False,False,0.3529411970950331,1.2572818420227985,-0.0776942593508083,0.9003635775777106,0.0564593457757565,0.9851181204634925,1.8710426671028508,91.0,93.0,93.0,33.0,33.0,57.0,57.0,89.0,84.0,79.0,74.0,100.0,CARS
2026-04-20,97.38999938964844,97.8499984741211,94.51000213623048,95.88999938964844,3090200.0,0.0275374619536465,89.49862799516721,86.3241194962388,85.17679962158203,84.46999944051107,79.8321997833252,69.87619979858398,69.1381999015808,72.62999725341797,97.8499984741211,58.25,97.8499984741211,51.209999084472656,97.8499984741211,43.40999984741211,97.8499984741211,43.40999984741211,97.8499984741211,43.40999984741211,101.5,3482562.5,3413112.0,3955476.984126984,229494185.9728241,0.0483444199360953,3.9834278651646207,0.0409018163069012,5.377115900778319,0.6552147292979035,9.321977617360089,10.13144253140377,96.6999969482422,92.5,3520400.0,False,False,False,0.1112505712905289,1.032679888986265,0.3509502612980448,1.3188104082879175,0.5370896220246746,1.4332921048854952,0.8804405926201182,33.0,66.0,66.0,92.0,92.0,91.0,91.0,80.0,91.0,93.0,94.0,100.0,CAVA
2026-04-20,31.40999984741211,31.81999969482422,29.690000534057617,29.899999618530277,1241300.0,0.0400661938378998,29.326952890889288,28.92600986408513,28.255277709960936,28.195978736877443,29.614946517944336,29.092970104217528,38.58433409690857,26.12849774702777,31.81999969482422,26.12849774702777,34.56696233694365,24.47325278812568,36.330714730502514,24.47325278812568,36.330714730502514,24.47325278812568,51.83344083613914,24.47325278812568,70.39991631164284,1198552.5,1144482.0,1379571.825396825,31714774.250946045,0.0509424651197412,1.5552259490706628,0.0495137203637649,1.2241674942566558,0.7780214091693239,0.7780123356929565,0.8055921976669193,30.450000762939453,29.309999465942383,1321200.0,False,False,False,0.1268685701397742,1.047193621293368,-0.0821130986288231,0.8960498649271812,-0.2034582379569385,0.7427524084406145,0.8687858637988956,31.0,70.0,70.0,32.0,32.0,26.0,26.0,59.0,51.0,59.0,52.0,96.15384615384616,CBRL
2026-04-20,30.56999969482422,30.88999938964844,29.790000915527344,29.899999618530277,695300.0,0.0189999898274739,29.213997000736654,28.55930845612214,27.536400070190428,27.340666834513343,28.37780014038086,38.65730010986328,49.35609992980957,24.290000915527344,31.100000381469727,24.290000915527344,43.04999923706055,24.290000915527344,55.08000183105469,24.290000915527344,56.40999984741211,24.290000915527344,57.5099983215332,24.290000915527344,79.3499984741211,1389465.0,1355160.0,771232.5396825396,29486884.210186005,0.053848303530732,1.4549997874668663,0.0475956755640142,1.6230573433783462,0.3917524248004049,-12.38436950665526,-10.15514627366562,31.040000915527344,29.520000457763672,653800.0,True,False,False,0.1488161966795362,1.0675894466131897,-0.3981098810045804,0.5875708205675308,-0.41504017074895,0.5454583083036639,1.801616151429427,90.0,76.0,76.0,7.0,7.0,15.0,15.0,70.0,61.0,55.0,47.0,92.3076923076923,CBZ
2026-04-20,23.31999969482422,23.540000915527344,22.959999084472656,23.190000534057617,2256900.0,0.0060396629769317,22.77063491466629,21.86658455007009,21.23080017089844,20.63833344777425,19.819812507629397,16.683216524124145,15.277248377799989,15.479999542236328,24.1299991607666,14.356684173117804,24.1299991607666,11.491316666639822,24.1299991607666,10.38695536296492,24.1299991607666,10.38695536296492,24.1299991607666,8.965801881631306,24.1299991607666,3222015.0,3519558.0,3476102.777777778,57147752.547016144,0.0524335080829012,1.0846424102783203,0.0465112531935003,3.79693959125967,0.1290742352703261,11.556703847472814,12.899071355442736,23.565000534057617,22.700000762939453,1964300.0,True,True,False,0.2312565489578817,1.1442008752488764,0.5015432198265568,1.4658206771422615,0.7157273821908747,1.5998667063998715,0.9269044116295628,37.0,87.0,87.0,95.0,95.0,94.0,94.0,90.0,90.0,94.0,94.0,61.53846153846154,CC
2026-04-20,123.62000274658205,123.69000244140624,117.68000030517578,120.12000274658205,2992700.0,0.0245317337529815,117.8155065139447,115.2337298134654,111.61439971923828,112.17299982706706,114.39399978637697,108.38843681335447,95.27657794952393,100.11000061035156,123.69000244140624,100.11000061035156,135.24000549316406,84.29000091552734,135.24000549316406,77.54900507529015,135.24000549316406,77.54900507529015,135.24000549316406,38.904250843551445,135.24000549316406,3382985.0,3486362.0,4596199.603174604,328445990.2586365,0.0421122783132748,5.290714808872768,0.0427982097664129,1.8844505311514976,0.5594705425264284,7.242175375851959,8.020621594125295,123.69000244140624,117.61000061035156,4220500.0,False,False,False,0.1596623312953689,1.0776687081050424,0.0616626602081087,1.036405119036575,0.3591649925734264,1.267382477364077,0.7360396179624936,21.0,77.0,77.0,67.0,67.0,84.0,84.0,66.0,57.0,78.0,80.0,100.0,CCJ
2026-04-20,29.01000022888184,29.059999465942383,28.5,28.76000022888184,19133300.0,-0.0071868271528904,27.97945600696008,27.362054254013294,26.28159996032715,26.117333221435548,28.11473861694336,28.559333953857426,28.87276022911072,23.46999931335449,30.15999984741211,23.46999931335449,33.873419785948904,23.46999931335449,33.873419785948904,23.46999931335449,33.873419785948904,23.46999931335449,33.873419785948904,16.97154874561733,33.873419785948904,28453090.0,26881696.0,22722811.507936507,746539572.6496696,0.0405620385859317,1.5149997983660015,0.0522233638887632,0.6097489620150202,-0.138613275525944,-0.8822935845442545,1.7397501359438914,30.15999984741211,28.950000762939453,37524000.0,False,False,False,0.1631916442530263,1.080948481908964,0.0077489409906534,0.9837740369823958,0.0331123709093077,0.9633477342286524,1.2521817553282106,71.0,78.0,78.0,52.0,52.0,52.0,52.0,66.0,58.0,51.0,43.0,76.92307692307693,CCL
2026-04-20,24.38999938964844,24.76000022888184,23.209999084472656,23.46999931335449,1183100.0,0.0321625161182266,22.244128955980763,21.249472279495052,20.00959991455078,20.15066655476888,21.276729736328125,21.708233337402344,30.150054302215576,17.219999313354492,24.76000022888184,16.395586622992504,28.684782965987903,16.395586622992504,28.684782965987903,15.926861533250923,44.21799662598209,15.926861533250923,45.59513010095853,15.926861533250923,54.023795865019295,1153190.0,1275584.0,1237187.3015873015,19075524.05716896,0.0661449543199221,1.427142688206264,0.0585134368150894,2.5006692511534485,0.5325327559482221,2.9063382469637773,1.0518268733544769,23.850000381469727,23.059999465942383,805700.0,False,False,False,0.2182816599382293,1.1321433723790573,0.0235404840648008,0.9991898905232228,-0.4550557900085794,0.5081448879701227,0.9321062368814054,38.0,85.0,85.0,58.0,58.0,13.0,13.0,86.0,84.0,79.0,77.0,100.0,CCOI
2026-04-20,19.780000686645508,20.09000015258789,19.46999931335449,19.81999969482422,14205500.0,-0.0294405544076835,19.80158495396962,19.753532967915124,19.04360000610352,19.546333440144856,21.216600074768067,20.27520004272461,17.311200017929078,16.020000457763672,24.040000915527344,16.020000457763672,27.770000457763672,15.350000381469728,27.770000457763672,13.550000190734863,27.770000457763672,13.550000190734863,27.770000457763672,5.210000038146973,27.770000457763672,28026087.5,27072684.0,19331980.95238095,631361908.8430119,0.0640820020648318,1.2121428080967491,0.0612812318512773,-1.1049239828556114,-0.4949899220729475,2.7536863092417523,5.728375154610367,21.0,20.09000015258789,19051900.0,False,True,True,0.0826491620715956,1.0061007349591429,-0.1240035095890728,0.8551560499848356,-0.1437229281384533,0.7984538761487541,1.4497266249658844,81.0,57.0,57.0,27.0,27.0,31.0,31.0,66.0,57.0,60.0,72.0,30.76923076923077,CDE
2026-04-20,63.5406608581543,64.89003628075852,62.85098067972452,63.090867779640654,1601900.0,0.0248267319712005,64.23395744935583,62.90018730372383,62.53632400512695,61.15609461466472,58.17045104980469,51.0102225112915,48.4337526512146,47.64799631975496,68.73825827458667,43.06540550885947,68.73825827458667,39.778808763756906,68.73825827458667,35.09366053667088,68.73825827458667,35.09366053667088,68.73825827458667,35.09366053667088,68.73825827458667,2636465.0,2733094.0,2243157.53968254,153176410.68569183,0.0486215460200403,3.549788029406834,0.0558664008441971,1.652487294564957,0.4336290981557993,5.899089842844042,9.276710591412638,65.31983685969614,61.45162408570478,3726400.0,True,True,True,0.0537045868795937,0.9792026784197264,0.3550587029566694,1.3228211078498922,0.5920464026274381,1.4845377307873275,1.175336530475306,65.0,47.0,47.0,92.0,92.0,92.0,92.0,79.0,83.0,85.0,88.0,19.230769230769237,CE
2026-04-20,61.33000183105469,62.9900016784668,60.13999938964844,62.31999969482422,1168700.0,-0.0146208197762138,63.21355826997557,61.13078207077054,58.5384001159668,58.066000111897786,55.63140007019043,47.602599964141845,36.560149974823,46.34999847412109,68.69000244140625,43.11000061035156,68.69000244140625,29.299999237060547,68.69000244140625,25.399999618530277,68.69000244140625,25.399999618530277,68.69000244140625,14.770000457763672,68.69000244140625,2363717.5,2455722.0,1995384.9206349207,129235366.64020538,0.0656952155510735,3.895714351109096,0.0635205321180421,1.6126279787941349,-0.2335899825799691,10.772869169379572,14.089574396564574,62.9900016784668,57.47999954223633,2738500.0,False,False,True,0.2352467260064001,1.1479089278681107,0.2892579824365147,1.2585858228206388,0.8876576996824843,1.7601868094831157,1.1845922436097582,65.0,87.0,87.0,89.0,89.0,95.0,95.0,78.0,80.0,95.0,95.0,46.15384615384615,CENX
2026-04-20,6.190000057220459,6.260000228881836,6.074999809265137,6.179999828338623,2092900.0,-0.0048231083574147,5.961338657761717,5.991917895126834,5.953199958801269,6.088999954859416,6.398799982070923,7.746099987030029,9.382775011062622,5.190000057220459,7.210000038146973,5.190000057220459,10.1850004196167,5.190000057220459,10.204999923706056,5.190000057220459,12.9399995803833,5.190000057220459,13.880000114440918,5.190000057220459,15.380000114440918,4121315.0,3913994.0,2327906.746031746,25356093.164756294,0.0521758712073054,0.2964285782405308,0.0478882997577286,-0.6814004014944137,-0.1012039161313547,-9.94664555076789,-8.129764279317957,6.349999904632568,6.110000133514404,2488000.0,False,True,False,-0.0297805726978593,0.9016203153129768,-0.3491062136443014,0.635408663610634,-0.5110584414038688,0.4559240174708523,1.7703952304040436,89.0,17.0,17.0,9.0,9.0,11.0,11.0,57.0,48.0,42.0,35.0,34.61538461538461,CERT
2026-04-20,1.2899999618530271,1.3799999952316284,1.149999976158142,1.2000000476837158,1742600.0,0.0573769931157615,1.1415285096970371,1.0352419485489686,0.8693600034713745,0.850166670481364,1.011419997215271,1.8051599943637848,6.803429995179176,0.5099999904632568,1.7400000095367432,0.5099999904632568,2.130000114440918,0.5099999904632568,6.5,0.5099999904632568,9.699999809265137,0.5099999904632568,11.699999809265137,0.5099999904632568,42.59999847412109,5270245.0,4385818.0,2529005.3492063493,11829097.842693925,0.1758040818252064,0.2336428591183253,0.1811185007964712,1.5207419571439873,0.2996022797655772,-8.87247176554912,-9.652882143230956,1.2599999904632568,1.2000000476837158,604100.0,False,False,False,0.963470245896828,1.8246435933938965,-0.4342105359471957,0.552329020148775,-0.757518811987148,0.2261067717731927,2.083920068280561,93.0,99.0,99.0,6.0,6.0,4.0,4.0,99.0,98.0,97.0,96.0,96.15384615384616,CETX
2026-04-20,19.959999084472656,20.239999771118164,19.57999992370605,19.75,1252900.0,-0.0034948377320587,19.32676047308323,18.841237829142496,18.11440021514893,18.20308116277059,18.53203077316284,16.898535718917845,13.124106802940368,15.4399995803833,20.239999771118164,15.4399995803833,21.111692636971416,13.073891534065163,21.111692636971416,10.431191023168992,21.111692636971416,8.92534958050303,21.111692636971416,6.24597479505855,21.111692636971416,2115347.5,2069534.0,1561588.888888889,31372287.0981884,0.0432433522748547,0.8214284351893834,0.0411537311055485,1.8723470105015805,-0.0852193559098212,9.843330619615736,12.54999896579955,20.229999542236328,19.56999969482422,1397900.0,False,False,False,0.208232356621536,1.1228046024368108,0.2408634023017564,1.2113425764814885,0.5784798682044423,1.4718873255015743,1.3546122894772417,77.0,84.0,84.0,87.0,87.0,91.0,91.0,75.0,67.0,82.0,90.0,76.92307692307693,CGAU
2026-04-20,70.4000015258789,73.27999877929688,70.30999755859375,73.0,930500.0,-0.0412637718467134,68.78472661499939,67.3821126273758,67.08239974975587,66.43566665649413,62.36159996032715,54.222399940490725,44.0084499168396,59.58000183105469,73.55999755859375,48.5099983215332,73.55999755859375,37.0099983215332,73.55999755859375,35.79999923706055,73.55999755859375,33.79999923706055,73.55999755859375,19.905000686645508,73.55999755859375,1407755.0,1276418.0,1119913.492063492,84180983.38943481,0.0450125990155445,3.2757154192243303,0.0465300475600157,2.7702499297158645,-0.9249884045221366,5.7805936421043285,9.376991310552832,73.55999755859375,66.83000183105469,1765200.0,True,False,True,0.0689341159042407,0.9933554075600328,0.2863146741221822,1.2557125374370508,0.6821984251543607,1.568601913041772,1.2570211984910966,71.0,52.0,52.0,89.0,89.0,93.0,93.0,54.0,82.0,93.0,91.0,38.46153846153847,CGON
2026-04-20,28.86000061035156,28.95499992370605,27.475000381469727,27.59499931335449,8961100.0,0.0486918651998009,26.930095243737444,26.475580883956056,25.90520011901856,25.839666748046877,25.889800033569337,29.13820007324219,33.26555013656616,22.739999771118164,28.95499992370605,22.739999771118164,32.44499969482422,22.739999771118164,37.34000015258789,22.739999771118164,37.34000015258789,22.739999771118164,40.54999923706055,22.739999771118164,48.619998931884766,8468480.0,8506692.0,7557671.428571428,234068958.19490436,0.0414814727730239,1.0760002136230469,0.0372834438969867,3.077096104349493,1.2453530544161493,-6.850879440158709,-5.825820548229331,27.75,27.21999931335449,5715900.0,False,False,False,0.188632610963028,1.104590651691857,-0.1446354720020568,0.8350149333551943,-0.242718442714679,0.706143390521844,1.1205144441693116,59.0,82.0,82.0,24.0,24.0,23.0,23.0,72.0,63.0,57.0,49.0,80.76923076923077,CHWY
2026-04-20,24.3700008392334,24.739999771118164,23.790000915527344,23.8799991607666,4385900.0,0.0103648420937594,22.225157649849603,21.22919586956496,19.95880012512207,20.30200010935465,20.75320011138916,22.91290008544922,23.866400032043455,16.899999618530273,24.739999771118164,16.899999618530273,27.739999771118164,16.899999618530273,28.59000015258789,16.170000076293945,28.59000015258789,16.170000076293945,28.59000015258789,16.170000076293945,44.93999862670898,4906360.0,4508876.0,3792522.429906542,88264743.11663628,0.0579260615681882,1.2284282956804549,0.0504073965275701,3.457365073118173,0.2035120819661022,1.80810238169898,2.908509732649724,24.405000686645508,23.459999084472656,8409300.0,False,False,False,0.2659740695705661,1.1764637026061204,-0.0652090094166103,0.9125517965188548,0.3893956423719324,1.2955716935691042,1.2936930738524086,74.0,89.0,89.0,35.0,35.0,86.0,86.0,87.0,82.0,76.0,75.0,100.0,CHYM
2026-04-20,503.2699890136719,517.8800048828125,497.6199951171875,512.0,1963500.0,-0.0081981824530569,479.9004487361706,451.6444865258953,435.3956018066406,418.498334757487,378.5996014404297,304.49379989624026,217.91324966430665,287.25,517.8800048828125,220.5200042724609,517.8800048828125,201.6999969482422,517.8800048828125,168.22000122070312,517.8800048828125,131.4499969482422,517.8800048828125,56.93999862670898,517.8800048828125,3121132.5,3674076.0,2735663.492063492,1295837888.4960938,0.070282550206119,31.69785417829241,0.06298379571652,5.228225696857082,-0.1312392832243598,10.949600492626756,12.887232048397731,513.8300170898438,495.1700134277344,1926300.0,False,False,False,0.21981192833628,1.1335654435484632,1.067496478511918,2.0183095951588013,1.946890693353733,2.747891277270393,1.1409051255956015,61.0,86.0,86.0,98.0,98.0,99.0,99.0,96.0,97.0,97.0,97.0,84.61538461538461,CIEN
2026-04-20,19.290000915527344,19.8799991607666,18.65999984741211,19.0,25085900.0,-0.0041300939721188,17.405112747112263,16.3184202034489,15.340800285339355,15.123000240325927,15.378000221252442,16.237500028610228,13.899500007629394,11.720000267028809,19.8799991607666,11.720000267028809,19.8799991607666,11.720000267028809,20.739999771118164,11.720000267028809,25.520000457763672,10.470000267028809,25.520000457763672,2.25,25.520000457763672,25679760.0,26773900.0,34276522.222222224,405940356.8250036,0.0905796971030159,1.3657142775399345,0.0707990779015781,3.593117826724648,-0.0585773503445821,-0.9748996217801312,-0.0084265740651092,19.3799991607666,16.989999771118164,35433700.0,False,True,False,0.3176229824561061,1.224460792554033,0.0260639201251058,1.001653292645653,0.0304488046517299,0.9608640348833944,0.7491938602613321,22.0,92.0,92.0,59.0,59.0,52.0,52.0,94.0,90.0,87.0,83.0,96.15384615384616,CIFR
2026-04-20,34.380001068115234,35.790000915527344,34.34000015258789,35.790000915527344,943300.0,-0.0049203523212516,33.312985838238774,32.32548257476593,31.724400100708007,31.520333353678385,29.4092000579834,27.934200115203858,26.070350027084352,27.920000076293945,35.790000915527344,22.32999992370605,35.790000915527344,22.32999992370605,35.790000915527344,22.100000381469727,35.790000915527344,22.100000381469727,35.790000915527344,17.59000015258789,35.790000915527344,1241187.5,1113582.0,1007124.2063492064,40422410.81673622,0.0482300585088677,1.5514285223824638,0.0451259009360907,3.74556450333622,-0.1095752504822158,-0.0017698782950805,3.388006982207401,35.290000915527344,34.31999969482422,1481100.0,False,False,False,0.1448551542459402,1.0639084686535154,0.340350938768754,1.308463249496891,0.2949153316782384,1.2074715064075865,1.2324075741355336,69.0,75.0,75.0,91.0,91.0,80.0,80.0,65.0,87.0,82.0,78.0,80.76923076923077,CLDX
2026-04-20,9.729999542236328,9.960000038146973,8.880000114440918,8.9399995803833,24579000.0,-0.0211267652929694,9.410987188373886,9.224792030435337,8.729599933624268,8.799666611353556,9.731999979019164,11.547000012397769,11.406950023174286,7.730000019073486,10.0,7.730000019073486,15.350000381469728,7.730000019073486,15.350000381469728,7.730000019073486,15.350000381469728,7.730000019073486,16.700000762939453,5.630000114440918,16.700000762939453,16568727.5,18855314.0,23790315.47619048,133799816.52460098,0.0463508715275122,0.4178571019853864,0.0429452334680528,-0.0047863864909341,-0.5025642430131938,-3.340861865996107,-0.6101228793661533,10.0,9.770000457763672,19033800.0,False,False,False,0.1894864522290795,1.1053841223335092,-0.3050000326974051,0.6784655341476049,-0.2824484335442693,0.6690963105290609,0.6964484147586064,19.0,82.0,82.0,11.0,11.0,21.0,21.0,70.0,61.0,55.0,47.0,88.46153846153845,CLF
2026-04-20,32.06999969482422,32.540000915527344,31.920000076293945,32.540000915527344,803800.0,-0.0043464574240216,32.68682224352892,32.326516445340125,31.981200485229493,31.47100041707357,30.13240020751953,25.259300060272217,21.3369500541687,27.01000022888184,36.93999862670898,20.8799991607666,36.93999862670898,18.229999542236328,36.93999862670898,17.850000381469727,36.93999862670898,17.079999923706055,36.93999862670898,8.880000114440918,36.93999862670898,1453850.0,1453004.0,1041576.5873015872,48192583.12184334,0.0508139922583674,1.4814284188406808,0.0461935900510709,1.3920299138707075,-0.0945029728523748,8.846396234275565,12.578088050317737,32.529998779296875,31.11000061035156,1677500.0,False,False,True,0.1166434701101128,1.0376914842989715,0.5774717075836575,1.5399427842310989,0.6923482007211086,1.5780662884286911,1.3958167049112438,79.0,67.0,67.0,96.0,96.0,93.0,93.0,55.0,86.0,90.0,88.0,34.61538461538461,CLMT
2026-04-20,401.1199951171875,404.9500122070313,390.1600036621094,399.0,1648500.0,0.0129036772443877,364.7376924429528,337.41824787949747,313.89919921875,305.95933329264324,297.40760040283203,303.3055003356933,270.35435035705564,244.50999450683597,404.9500122070313,244.50999450683597,404.9500122070313,244.50999450683597,404.9500122070313,244.50999450683597,404.9500122070313,227.0,404.9500122070313,78.54000091552734,404.9500122070313,1975005.0,2074548.0,3088666.26984127,696034581.6734314,0.0609931370491927,20.022859845842635,0.0499173815555939,6.985971397165977,0.2552075672958122,1.3587971548972515,1.44205687060938,399.3599853515625,387.0,1964800.0,False,True,False,0.4109040180799752,1.3111464168419114,0.2790815921884344,1.248651534518216,0.4332881301815876,1.3365001829297276,0.6394361926649647,17.0,95.0,95.0,89.0,89.0,87.0,87.0,94.0,90.0,87.0,82.0,100.0,CLS
2026-04-20,12.050000190734863,12.149999618530272,11.5600004196167,11.574999809265137,18595000.0,0.0066833685815708,10.963778033592828,10.408672756394148,9.912400093078611,9.872333431243897,9.890800037384032,11.17465000152588,12.222249970436096,8.0,12.234999656677246,8.0,14.44499969482422,8.0,15.484999656677246,8.0,20.864999771118164,8.0,23.61000061035156,7.150000095367432,23.61000061035156,19512300.0,21098206.0,27457860.31746032,201083778.47768307,0.0737420636851984,0.7257142066955566,0.0602252444156433,3.624790486930233,0.1102361273459475,-0.9003032212249296,-1.3503985709558044,12.234999656677246,11.5600004196167,27916000.0,False,False,False,0.2258392964658169,1.1391666481837606,-0.0987284746539114,0.8798297778764191,-0.3971985828561701,0.5620950786643004,0.7106271127613037,20.0,86.0,86.0,30.0,30.0,15.0,15.0,90.0,85.0,80.0,75.0,100.0,CLSK
2026-04-20,2.740000009536743,2.799999952316284,2.650000095367432,2.6600000858306885,4264100.0,0.0223880377929024,2.525083292594392,2.4787319642880306,2.4636000061035155,2.489000002543132,2.344999990463257,2.801900000572205,3.376850006580353,2.0999999046325684,2.809999942779541,1.659999966621399,2.970000028610229,1.659999966621399,3.7300000190734863,1.659999966621399,3.869999885559082,1.659999966621399,4.329999923706055,1.659999966621399,4.769999980926514,7240920.0,7488756.0,5497336.507936508,13300963.477751017,0.0655853764300431,0.1699999911444527,0.062043792172539,2.714913123814113,0.3529408582648556,-9.324046272871994,-6.993664413178889,2.809999942779541,2.6700000762939453,4759400.0,False,False,False,0.083003968585666,1.0064304549710177,-0.1356467054915393,0.8437898521448395,-0.2281690010308413,0.7197103287127791,1.3171687761057158,75.0,57.0,57.0,26.0,26.0,24.0,24.0,76.0,90.0,87.0,83.0,80.76923076923077,CLVT
2026-04-20,1.1399999856948853,1.5199999809265137,1.0499999523162842,1.3300000429153442,225263700.0,0.5833332505491078,0.98861389098364,1.0026180476518265,0.9270399975776672,0.924733328819275,1.026840000152588,2.099920004606247,19.59516005218029,0.5860000252723694,1.5199999809265137,0.5860000252723694,2.75,0.5860000252723694,4.880000114440918,0.5860000252723694,48.0,0.5860000252723694,52.400001525878906,0.5860000252723694,52.400001525878906,6681005.0,5512636.0,1209396.003968254,14514209.766303005,0.1710024599757198,0.2436428538390568,0.2137218042950629,0.5156336758727311,1.7238344998293902,-12.935955161734023,-12.94325514727314,0.7599999904632568,0.671999990940094,1711000.0,False,False,False,0.7404580694500611,1.6173994348166116,-0.5440000057220459,0.4451515025099222,-0.9699049642674256,0.028062759967716,5.5242492765631575,99.0,98.0,98.0,4.0,4.0,0.0,0.0,97.0,95.0,93.0,90.0,69.23076923076923,CMND
2026-04-20,9.460000038146973,10.210000038146973,8.630000114440918,8.645000457763672,39751500.0,0.4204204586915816,6.654729081610838,6.29619066487586,5.885599956512452,6.044999965031942,6.451499977111816,6.500399985313416,5.806799985170365,4.880000114440918,10.210000038146973,4.880000114440918,10.210000038146973,4.880000114440918,10.210000038146973,4.880000114440918,10.210000038146973,4.820000171661377,10.210000038146973,2.25,10.210000038146973,3502157.5,4179886.0,2392955.5555555555,31092349.650330544,0.0665413967858903,0.5667141846248082,0.0599063617695097,7.784242909096489,4.940762498451662,5.783836413115648,2.336838448359415,6.949999809265137,6.550000190734863,1963200.0,False,False,False,0.6509598615457961,1.534229174399366,0.2870748518220403,1.2564546300894908,0.4758190738438521,1.3761590713191745,1.4635280174215055,82.0,98.0,98.0,89.0,89.0,89.0,89.0,97.0,95.0,93.0,90.0,100.0,CMPS
2026-04-20,5.414999961853027,6.239999771118164,5.40500020980835,6.110000133514404,2761900.0,-0.0975000063578287,5.646432111944735,5.556424585033525,5.425799942016601,5.420166635513306,5.680899991989135,5.6050499820709225,4.5834749937057495,4.869999885559082,6.84499979019165,4.869999885559082,6.880000114440918,4.789999961853027,6.880000114440918,3.490000009536743,6.880000114440918,3.2799999713897705,6.880000114440918,1.6649999618530271,6.880000114440918,2515862.5,2332400.0,1667809.9206349207,15238544.187197683,0.0777840143813992,0.4665000098092215,0.0861495869059219,-0.5433104312582014,-1.2540193480086157,-2.337168347108955,2.811140403206468,6.670000076293945,5.869999885559082,3732100.0,False,False,True,0.0046382367322268,0.9336055517840122,-0.0499999749033066,0.9273989996992904,0.1980088461732816,1.1171089806340402,1.5084827526641844,83.0,27.0,27.0,37.0,37.0,72.0,72.0,32.0,26.0,26.0,78.0,7.6923076923076925,CMPX
2026-04-20,29.951799392700195,30.42534516702895,29.202017642494518,29.21188341467265,1195100.0,0.0120000680536813,28.504418070211425,28.560146169870197,28.322799530029297,28.952418581644693,30.533668174743653,34.784802722930905,41.09420743942261,23.943681382429595,34.16438673180185,23.943681382429595,43.00865840204269,23.943681382429595,43.76610910370979,23.943681382429595,46.67863538911024,23.943681382429595,56.13672446041152,23.943681382429595,59.94340013262004,1659172.5,1643282.0,1016369.8412698412,54381984.32569504,0.0780002119179563,1.7127293283163116,0.0571828525512138,-0.3332577513469609,0.2073659048153608,-3.7579468738424007,-1.5168146083231666,30.40561218926353,28.97510916153721,983000.0,False,False,False,-0.0488721528993394,0.8838786003187242,-0.2897875816919564,0.6933160725399504,-0.3118061799343297,0.6417210517834595,1.6324495598246482,86.0,14.0,14.0,13.0,13.0,20.0,20.0,69.0,60.0,54.0,46.0,65.38461538461539,CNXC
2026-04-20,11.460000038146973,11.770000457763672,10.470000267028809,10.56999969482422,2819000.0,0.0903900845458123,10.149081735729752,9.220451698605151,8.232400035858154,7.900000031789144,7.601000013351441,6.654500002861023,6.749900002479553,5.53000020980835,11.770000457763672,5.53000020980835,11.770000457763672,4.579999923706055,11.770000457763672,4.579999923706055,11.770000457763672,4.579999923706055,11.770000457763672,4.579999923706055,17.670000076293945,1380322.5,1355742.0,1449107.142857143,12597273.468911648,0.0781388629262838,0.5921427181788853,0.0516703940844516,9.825672265692884,1.604342635820683,8.914339638835973,9.048843040987434,10.789999961853027,10.510000228881836,977400.0,False,False,False,1.0176057014950608,1.8749514156994276,1.0537634757771848,2.0049033081455323,0.5320855626904759,1.4286259626948803,0.9525330868761552,40.0,99.0,99.0,98.0,98.0,90.0,90.0,98.0,96.0,97.0,96.0,100.0,CODI
2026-04-20,37.0,37.992000579833984,36.7400016784668,37.47999954223633,1160300.0,-0.0067114093959731,36.57308464901716,36.401557276569854,35.96439971923828,35.94033317565918,36.70639999389648,37.45209995269775,26.33567494869232,32.70000076293945,39.40999984741211,32.70000076293945,40.45000076293945,32.70000076293945,42.25,13.779999732971191,43.72999954223633,11.600000381469728,43.72999954223633,4.195000171661377,43.72999954223633,2286685.0,2136646.0,2473153.571428572,89646538.7395668,0.0437791544992194,1.7278567722865514,0.0466988316834203,0.1712806300960467,-0.1446879185878142,-5.029697060386692,2.097206381528722,37.29999923706055,36.52000045776367,3948200.0,False,False,True,0.0690551675094051,0.9934679002429724,-0.0498202027510689,0.9275744949727166,1.2616136075562716,2.108889996760365,0.9246029144397768,37.0,52.0,52.0,37.0,37.0,98.0,98.0,38.0,31.0,26.0,96.0,19.230769230769237,COGT
2026-04-20,347.510009765625,348.4700012207031,335.0,346.2799987792969,3872500.0,0.0072170333060164,312.12016415266964,291.21591299978707,274.4580017089844,270.3283355712891,260.2956005859375,224.48370010375976,167.92370014190675,215.5500030517578,348.4700012207031,175.24000549316406,348.4700012207031,167.5,348.4700012207031,123.75,348.4700012207031,100.62999725341795,348.4700012207031,50.810001373291016,348.4700012207031,8165385.0,7625372.0,4717643.650793651,1683735518.475647,0.0749356349676684,20.83785901750837,0.059963334672179,5.587732903154527,0.1194950378472645,7.380293809254367,9.252976892710205,345.1199951171875,332.25,5628900.0,False,True,False,0.2610588980271937,1.171896056986948,0.8190432473745801,1.775767203641105,1.9968093524429624,2.794438998973711,1.7308185196705848,89.0,89.0,89.0,98.0,98.0,99.0,99.0,93.0,96.0,95.0,97.0,100.0,COHR
2026-04-20,211.6300048828125,212.3000030517578,200.0200042724609,201.0399932861328,9967500.0,0.0256870208148281,191.70992827952185,186.90373263937997,185.11760009765624,187.0546666463216,181.50140045166012,210.30699951171877,272.3372503662109,158.4600067138672,216.0500030517578,139.36000061035156,222.75,139.36000061035156,284.739990234375,139.36000061035156,373.25,139.36000061035156,402.1600036621094,139.36000061035156,444.6499938964844,12014520.0,12767746.0,11485148.80952381,1979561316.805725,0.0612613937711983,11.37571280343192,0.0537528353303733,3.088144815243921,0.4659051387231632,-8.789035572181124,-9.578221946318545,216.0500030517578,202.9499969482422,15670400.0,False,False,False,0.0429747230955841,0.9692314668608062,-0.1224133931612022,0.8567083366644728,-0.359182422762112,0.5975440605194404,1.0460918007468236,51.0,44.0,44.0,27.0,27.0,17.0,17.0,79.0,86.0,81.0,76.0,76.92307692307693,COIN
2026-04-20,8.079999923706055,8.12600040435791,7.920000076293945,8.010000228881836,7434900.0,-0.0073710586100794,7.519781588808016,7.621822461833632,7.545200061798096,7.715000041325887,8.75480004310608,10.107000031471252,9.126050012111664,6.369999885559082,9.111000061035156,6.369999885559082,13.954999923706056,6.369999885559082,13.954999923706056,6.369999885559082,13.954999923706056,6.369999885559082,13.954999923706056,5.65500020980835,13.954999923706056,16499475.0,17514842.0,12741035.317460315,113781600.95822334,0.056678365763908,0.4525000367845808,0.0560024803288652,-1.3763270871678277,-0.1325976016334851,-5.474791517683133,0.0040573352406796,8.229999542236328,7.618000030517578,27698200.0,True,True,False,-0.0061500848746669,0.923580015647354,-0.3716951680079782,0.613357112949891,0.1053351555340409,1.0306934149958693,1.294986991943199,74.0,22.0,22.0,8.0,8.0,62.0,62.0,71.0,63.0,57.0,49.0,53.84615384615385,COMP
2026-04-20,46.34000015258789,46.59999847412109,45.060001373291016,45.880001068115234,722600.0,0.0038994866934747,43.67185682655161,41.66263553872465,39.62279983520508,38.54600003560384,38.0302001953125,49.34200012207031,61.79460025787353,31.809999465942383,50.400001525878906,28.65999984741211,50.400001525878906,28.65999984741211,89.0,28.65999984741211,89.0,28.65999984741211,91.0,28.65999984741211,91.0,1678117.5,1776714.0,1413991.2698412698,76789424.56331253,0.0641812439277693,1.8207135881696428,0.0392903233097629,5.561300404515491,0.0988625044297796,-5.81287367080032,-3.515749895523985,46.560001373291016,44.540000915527344,1735000.0,False,True,False,0.3597417154585225,1.2636015315060636,0.3342931403218778,1.3025495694215237,-0.4168868825873929,0.5437363023385516,1.1867948096938252,66.0,94.0,94.0,91.0,91.0,15.0,15.0,88.0,89.0,86.0,81.0,100.0,CORT
2026-04-20,19.8700008392334,20.09000015258789,19.46500015258789,19.61000061035156,11880300.0,0.0010075797168418,18.67227517701279,17.829886887621544,17.059199981689453,16.878999996185303,16.98659990310669,16.886949949264526,16.471950006484985,13.5600004196167,20.09000015258789,13.5600004196167,20.09000015258789,13.354999542236328,20.09000015258789,13.354999542236328,23.6299991607666,13.354999542236328,23.6299991607666,6.300000190734863,23.6299991607666,12155540.0,11826708.0,14580348.015873017,197885577.66779423,0.0639751959368795,1.034285340990339,0.0520526068095648,3.2610397563669635,0.0193374661430676,-0.0802081056199872,0.7944558443039751,20.045000076293945,19.440000534057617,12888000.0,False,False,False,0.2057039679102472,1.1204549827910313,0.0518793796320604,1.0268545881099247,0.0101678069224051,0.9419525846282348,0.8336934061359009,28.0,84.0,84.0,65.0,65.0,47.0,47.0,88.0,83.0,79.0,74.0,100.0,CORZ
2026-04-20,2.369999885559082,2.390000104904175,2.3299999237060547,2.3299999237060547,7428800.0,0.0042372842829514,2.2598126350639234,2.226582896987679,2.147599983215332,2.1699999809265136,2.321399993896484,2.7701999974250797,3.542200005054474,1.950000047683716,2.430000066757202,1.950000047683716,3.470000028610229,1.950000047683716,3.470000028610229,1.950000047683716,4.179999828338623,1.950000047683716,4.559999942779541,1.950000047683716,5.340000152587891,7650262.5,8715664.0,7928574.206349206,17047685.469111204,0.0451634573603896,0.0992857388087681,0.0418927188198351,0.4997430642044294,0.1007193035297604,-9.408964814966334,-9.564422203080436,2.430000066757202,2.309999942779541,7099700.0,True,False,False,0.1023254792712242,1.024385843274339,-0.2229508450453531,0.7585627262996868,-0.4289157033503037,0.532519771055325,0.9648976349207484,41.0,63.0,63.0,17.0,17.0,14.0,14.0,62.0,54.0,48.0,40.0,96.15384615384616,COTY
2026-04-20,6.550000190734863,6.550000190734863,6.260000228881836,6.300000190734863,3830900.0,0.0298742222062609,6.113551777136445,6.01214395324692,5.9116000556945805,5.935000038146972,6.017600021362305,6.636500005722046,8.468099997043609,5.21999979019165,6.550000190734863,5.21999979019165,6.894999980926514,5.21999979019165,8.890000343322754,5.21999979019165,9.380000114440918,5.21999979019165,12.31999969482422,5.21999979019165,13.5600004196167,4548347.5,5045940.0,3429859.523809524,24263201.46243572,0.0515342270531353,0.3204285417284284,0.0489203866255885,1.8085269576081695,0.5929560962190721,-10.443559373729869,-9.321036050340092,6.550000190734863,6.340000152587891,4365800.0,False,False,False,0.0844371245203405,1.0077622799884849,0.0413354897390556,1.0165615431821449,-0.3508424091495267,0.6053208846514064,1.326103144582487,76.0,57.0,57.0,62.0,62.0,18.0,18.0,69.0,61.0,55.0,47.0,100.0,COUR
2026-04-20,21.280000686645508,21.479999542236328,20.71999931335449,20.71999931335449,2675500.0,0.0181818696196682,19.95916261144985,19.43989763908509,18.788000106811523,18.7116668065389,19.283000030517577,22.08720001220703,21.3584000492096,16.719999313354492,21.479999542236328,16.719999313354492,25.350000381469727,16.719999313354492,27.0,16.719999313354492,28.270000457763672,16.719999313354492,28.270000457763672,13.0600004196167,28.270000457763672,2909107.5,2895414.0,2901514.285714286,49547307.73519516,0.0454585948591652,0.9700001307896206,0.0455827114422207,2.271974488314433,0.3917536256473467,-6.009713135798052,-2.229103398452207,21.32999992370605,20.350000381469727,3080000.0,False,False,False,0.1477885456210199,1.066634455355194,-0.1433172078934746,0.836301835232396,0.0275230143588085,0.9581358191259612,1.0026169832501255,46.0,75.0,75.0,25.0,25.0,51.0,51.0,72.0,64.0,57.0,50.0,100.0,CPRI
2026-04-20,26.86000061035156,27.059999465942383,26.489999771118164,26.57999992370605,3549500.0,0.0041121723495911,25.82383983396904,25.28089065399656,24.45480003356933,24.325850868225096,25.937388496398924,28.004070434570316,30.105165758132934,22.084158530146578,27.81999969482422,22.084158530146578,31.790504304055712,22.084158530146578,32.288660480967245,22.084158530146578,32.288660480967245,22.084158530146578,33.27067766738817,22.084158530146578,35.64709672451505,4729102.5,4665620.0,4338351.19047619,131302362.91584969,0.0408554541153727,0.9814282826014928,0.0365386545160114,0.9735098599912516,0.1120821687143369,-3.2473382176582715,-2.1645297127218237,27.81999969482422,26.684999465942383,3982600.0,False,False,False,0.1498287632085522,1.068530419889416,-0.1096476165090014,0.8691704084380294,-0.1070218598154333,0.8326765725449199,1.0900690820931258,56.0,76.0,76.0,29.0,29.0,33.0,33.0,62.0,54.0,48.0,40.0,92.3076923076923,CRBG
2026-04-20,106.36000061035156,106.5,98.5,102.4800033569336,11403800.0,0.0042488616059144,101.88264030936944,100.76290601383184,104.74120025634764,106.360999806722,93.53959976196288,85.54829990386963,114.0310000038147,84.2699966430664,136.64999389648438,49.900001525878906,136.64999389648438,49.900001525878906,136.64999389648438,49.900001525878906,147.44000244140625,49.900001525878906,159.47000122070312,49.900001525878906,298.989990234375,19230757.5,17354052.0,17067830.1369863,1527012371.379433,0.0919475981260613,8.05078615461077,0.0756937392667448,1.8106984800614887,0.0558947833913672,0.4286283266476154,0.8203144914515255,111.1989974975586,102.6999969482422,14543400.0,False,False,False,-0.1711992589981136,0.7702006004060776,0.3530085203478017,1.3208197002178543,-0.1720380270004293,0.7720508563986987,1.126725386042283,60.0,5.0,5.0,92.0,92.0,28.0,28.0,70.0,96.0,95.0,93.0,46.15384615384615,CRCL
2026-04-20,174.52999877929688,174.61000061035156,160.1999969482422,160.64999389648438,7465800.0,0.0861285464410719,145.63892904122946,130.828609619571,116.66199981689454,116.3343335469564,117.44660049438475,132.1447006225586,133.11427528381347,86.48500061035156,174.61000061035156,86.48500061035156,174.61000061035156,86.48500061035156,176.73699951171875,86.48500061035156,213.8000030517578,86.48500061035156,213.8000030517578,33.040000915527344,213.8000030517578,7699470.0,7555648.0,5968132.936507937,916411302.1935272,0.0754251465645929,11.404429844447543,0.0653436654111772,7.438166176270862,1.2135631966405476,1.1516300276801612,-0.854258606490403,165.0,152.08999633789062,7236700.0,False,False,False,0.6297507213336657,1.5145196209236624,0.1560574774332244,1.1285542314141874,0.2783271100838993,1.192003464268352,1.2900969334816963,73.0,97.0,97.0,80.0,80.0,79.0,79.0,97.0,96.0,94.0,92.0,100.0,CRDO
2026-04-20,39.150001525878906,39.41999816894531,38.43000030517578,38.43000030517578,1409400.0,0.0166191439169147,36.74274103700035,36.13943580047025,35.494800109863284,35.245871988932294,36.52334747314453,34.997213459014894,31.9251123714447,31.46129032863718,39.720001220703125,31.46129032863718,44.11926866672599,30.786197743603733,44.11926866672599,27.430343958352253,44.11926866672599,26.73129370493646,44.11926866672599,22.80365480509681,44.11926866672599,1276692.5,1258040.0,1353749.603174603,36684216.04694367,0.0416775377249063,1.76642826625279,0.0451194941866131,1.593925724404064,0.362314856806143,3.765009141012925,5.49989901286773,39.720001220703125,37.68999862670898,1809500.0,True,False,False,0.1172945349019751,1.0382965157242443,0.0884516837695208,1.062556816928631,0.3045679220279842,1.2164722708013769,0.9430787621330408,39.0,68.0,68.0,72.0,72.0,81.0,81.0,68.0,59.0,57.0,69.0,100.0,CRI
2026-04-20,185.5399932861328,186.8300018310547,181.1199951171875,181.1199951171875,576700.0,0.0090275634067893,178.4011034705104,174.40445762064317,168.25680053710937,167.59366760253906,169.20940155029297,185.69800079345703,175.34560050964356,149.63999938964844,186.8300018310547,146.3300018310547,224.77999877929688,146.3300018310547,228.8800048828125,146.3300018310547,228.8800048828125,144.25999450683594,228.8800048828125,99.8000030517578,228.8800048828125,916582.5,1072036.0,985726.5873015872,147531622.05741882,0.0411073610075511,7.691430228097098,0.0414542982991039,2.3281334135807383,0.2158231114489356,0.0884733314023948,2.3627290485937587,185.6100006103516,179.07000732421875,745000.0,False,False,False,0.2122834994220004,1.1265693102403735,-0.1554847707629095,0.8244237454052471,0.0605315605751259,0.9889153442803092,0.9298546998809596,38.0,85.0,85.0,23.0,23.0,58.0,58.0,67.0,63.0,57.0,49.0,88.46153846153845,CRL
2026-04-20,11.9399995803833,13.68000030517578,11.529999732971191,13.0,25650500.0,-0.0493631224936153,9.871071830429852,9.303543770740063,8.628000068664551,8.760000038146973,9.311700019836426,10.353399996757508,9.2047750043869,6.539999961853027,13.75,6.539999961853027,21.86000061035156,6.539999961853027,21.86000061035156,6.539999961853027,21.86000061035156,6.03000020980835,32.150001525878906,1.2910000085830688,32.150001525878906,9821322.5,9678356.0,11150535.317460315,118549233.06633472,0.1072072539789925,1.2742856911250524,0.1067240984847794,2.644742479999813,-0.4865477526362292,4.314066623972568,4.261212597967737,13.75,11.149999618530272,73669800.0,True,False,False,0.419738382522971,1.3193561498471886,-0.3235127570287419,0.6603932377549359,-0.385169951932261,0.5733114329280883,0.8807938112729943,33.0,95.0,95.0,10.0,10.0,16.0,16.0,96.0,94.0,92.0,88.0,96.15384615384616,CRML
2026-04-20,40.25,40.875,40.0,40.77999877929688,1189100.0,-0.0182926829268292,39.36021999396746,38.75478686153508,37.43959976196289,37.417999776204425,39.68759986877441,44.615949897766114,40.348424959182736,33.099998474121094,41.32500076293945,33.099998474121094,55.27000045776367,33.099998474121094,57.9900016784668,33.099998474121094,57.9900016784668,33.099998474121094,57.9900016784668,25.82999992370605,57.9900016784668,1125187.5,1115288.0,1172776.1904761903,43046073.68303299,0.042952678312031,1.6053567613874162,0.0398846400344699,0.355291568304386,-0.4671858729718238,-6.04994044957187,-2.717161905922869,41.32500076293945,39.709999084472656,1102100.0,True,False,False,0.1236739347548316,1.0442248617715235,-0.2811216504128138,0.7017758365267163,-0.0486882842455171,0.887070963162151,0.9594221891076524,41.0,69.0,69.0,13.0,13.0,38.0,38.0,62.0,54.0,48.0,40.0,69.23076923076923,CRNX
2026-04-20,111.19000244140624,111.44000244140624,105.0,105.0500030517578,1391000.0,0.0502503027940648,100.92043133533775,95.22154621891823,88.81280029296875,87.61233367919922,89.0052001953125,87.75070007324219,87.37389987945556,75.12999725341797,111.44000244140624,75.12999725341797,111.44000244140624,75.12999725341797,111.44000244140624,73.20999908447266,111.44000244140624,73.20999908447266,111.44000244140624,73.20999908447266,122.83999633789062,1334937.5,1431302.0,1638832.9365079366,121850517.9195404,0.0404668718463883,4.404285975864956,0.0396104494932975,6.292604111272914,1.207914228089929,4.937598675292467,5.505649487047813,106.70999908447266,103.66000366210938,1221100.0,False,False,False,0.4386078551471266,1.3368914613225409,0.3385097249294209,1.3066658391519217,0.3372218929761583,1.2469211646606233,0.8145659452296071,26.0,96.0,96.0,91.0,91.0,83.0,83.0,89.0,84.0,79.0,76.0,100.0,CROX
2026-04-20,57.68999862670898,58.59999847412109,56.869998931884766,57.13999938964844,1263800.0,-0.0051733582182187,54.7815954419915,52.926239472944815,50.26880020141601,50.52833340962728,52.17440017700196,53.45660015106201,56.58064998626709,44.119998931884766,59.38999938964844,44.119998931884766,61.7599983215332,44.119998931884766,61.7599983215332,44.119998931884766,67.7300033569336,44.119998931884766,78.4800033569336,33.029998779296875,78.4800033569336,1979615.0,1882298.0,2371302.777777778,77483332.77851105,0.0458206056958574,2.6675003596714566,0.046238523542562,2.2862894795224578,-0.1124659836202468,-0.1290797994993022,0.3619874364569524,59.15999984741211,57.04999923706055,1801500.0,False,False,False,0.2287539443928461,1.1418752166880028,0.0781162481086024,1.0524672669916018,-0.1569487305358737,0.7861211937303868,0.834821693185532,28.0,86.0,86.0,70.0,70.0,29.0,29.0,76.0,69.0,62.0,55.0,92.3076923076923,CRSP
2026-04-20,15.539999961853027,16.905000686645508,15.515000343322754,16.75,1246900.0,-0.0716845773997869,15.338584477706569,15.19644095648136,14.663199996948242,14.916000016530354,16.19269998550415,13.832350006103516,9.972849994897842,12.949999809265137,17.18000030517578,12.949999809265137,26.950000762939453,6.389999866485596,26.950000762939453,6.389999866485596,26.950000762939453,5.639999866485596,26.950000762939453,3.150000095367432,26.950000762939453,1176250.0,1237066.0,1599973.8095238097,15286230.615034103,0.0624007970527671,1.0382143429347448,0.066809159941011,-0.603334761279855,-1.1558305059368272,0.3889487034485572,4.696926810443505,17.18000030517578,16.190000534057617,2521200.0,False,False,True,0.1029098505012306,1.0249288966886816,0.9304347321306612,1.8845086234397976,1.0313725187093137,1.8941967673376716,0.735168284004649,21.0,63.0,63.0,98.0,98.0,96.0,96.0,59.0,50.0,97.0,95.0,42.30769230769231,CRVS
2026-04-20,433.1499938964844,433.80999755859375,417.0199890136719,422.5400085449219,2885100.0,0.0217006284339023,412.7740636243472,409.04284716762623,406.2611975097656,411.7446645100911,406.4625,440.7786999511719,459.3232498168945,361.8070068359375,452.0,342.7200012207031,487.2000122070313,342.7200012207031,529.89599609375,342.7200012207031,566.9000244140625,342.7200012207031,566.9000244140625,342.7200012207031,566.9000244140625,4500845.0,4359524.0,3263033.333333333,1493484129.79187,0.0460482358474831,19.77364022391183,0.0456507918793539,1.438265270055071,0.4652649479445767,-8.749766268067228,-7.53824961407452,431.8399963378906,420.3599853515625,2906300.0,False,False,False,0.0116072710208727,0.9400818423178228,-0.0456728887884815,0.931623142045069,-0.1017771933966905,0.837567073959431,1.3793438620506482,78.0,32.0,32.0,38.0,38.0,33.0,33.0,58.0,62.0,56.0,48.0,61.53846153846154,CRWD
2026-04-20,117.43000030517578,118.08000183105467,110.5999984741211,116.18000030517578,29542400.0,0.0049636443186016,108.1610818786951,99.19749038275424,91.08519989013672,88.97966664632162,89.10899978637696,86.31210014343262,101.78144985198976,67.1500015258789,122.13999938964844,67.1500015258789,122.13999938964844,63.79999923706055,122.13999938964844,63.79999923706055,141.7899932861328,63.79999923706055,153.1999969482422,33.51499938964844,187.0,28445492.5,27419102.0,25986025.793650795,3093785381.7573166,0.0764966211035833,7.813214983258929,0.0665350844158565,4.776791779940563,0.0742334406895797,2.742561948115936,1.550470296449225,120.69000244140624,115.98999786376952,24685900.0,False,True,False,0.4558640586863669,1.352927569483576,0.1600315757288037,1.132433783715938,-0.1715112476777822,0.7725420630488175,1.0946457425186629,57.0,96.0,96.0,81.0,81.0,28.0,28.0,95.0,93.0,92.0,89.0,88.46153846153845,CRWV
2026-04-20,30.280000686645508,30.5,29.270000457763672,29.450000762939453,1609400.0,0.0236646641225464,29.23583612205593,28.033772545181044,26.727199935913085,26.44633331298828,25.933199958801268,22.96679995536804,18.89604995727539,22.030000686645508,31.200000762939453,21.950000762939453,31.200000762939453,17.200000762939453,31.200000762939453,14.619999885559082,31.200000762939453,14.390000343322754,31.200000762939453,8.239999771118164,31.200000762939453,2469402.5,2492008.0,1634507.5396825396,61372583.25188637,0.0495773441221696,1.4914287839617049,0.049254582237162,3.4030394408244216,0.4693491036695902,13.333601361202536,15.796096461655162,30.46999931335449,28.38999938964844,3079200.0,False,False,False,0.2765599309945046,1.186301093454344,0.3664260331744393,1.3339180030022249,0.9548096277641008,1.8228040615731007,1.5107929697770723,83.0,90.0,90.0,92.0,92.0,96.0,96.0,83.0,77.0,90.0,92.0,84.61538461538461,CSTM
2026-04-20,4.889999866485596,5.070000171661377,4.730000019073486,4.789999961853027,3211000.0,0.0145227577450668,4.641369077557308,4.629630004124436,4.623599948883057,4.664333295822144,4.940799970626831,4.75169998884201,3.754124993085861,4.079999923706055,8.210000038146973,4.079999923706055,8.210000038146973,3.7799999713897705,8.210000038146973,3.220000028610229,8.210000038146973,1.899999976158142,8.210000038146973,0.6100000143051147,8.210000038146973,8754427.5,7666892.0,4621424.603174604,23458778.733785152,0.0670897874676803,0.2874999386923654,0.0587934451006415,-0.1748793062326707,0.2434772513086369,-0.0441144800857635,3.476193515598147,5.079999923706055,4.800000190734863,4939300.0,False,False,False,0.0230124794663255,0.9506806484697398,-0.0927643807765085,0.8856519826657855,0.4908536308351403,1.3901783656578348,1.8943136049404128,91.0,37.0,37.0,31.0,31.0,89.0,89.0,58.0,50.0,61.0,76.0,57.692307692307686,CTMX
2026-04-20,95.9000015258789,96.5,93.01000213623048,94.08000183105467,518800.0,0.0177225735907016,89.86324620431125,86.59897406419385,82.8628012084961,82.61633427937825,84.68820053100586,101.2797999572754,135.54574993133545,71.75,97.48999786376952,71.75,129.47999572753906,71.75,129.47999572753906,71.75,175.02999877929688,71.75,198.17999267578125,71.75,200.67999267578125,1172035.0,1110712.0,783686.5079365079,97717052.63847353,0.055807837128913,4.942143031529018,0.0515343373607284,2.568950756200795,0.3379097201945291,-6.971412189159858,-7.023661129260746,97.48999786376952,93.94000244140624,1038500.0,False,False,False,0.2017543591280157,1.116784630069379,-0.2150282150838571,0.7662968725177683,-0.4382614758659622,0.5238051055154557,1.4955406123885382,83.0,84.0,84.0,18.0,18.0,13.0,13.0,80.0,72.0,66.0,59.0,100.0,CVLT
2026-04-20,80.39800262451172,80.59600067138672,76.6218032836914,77.0,10185500.0,0.0373133182384726,72.50442090288874,69.01557937126324,65.01200012207032,64.50533345540364,66.38463996887207,76.23982013702393,73.14922010421753,54.4640007019043,80.59600067138672,54.4640007019043,97.37799835205078,54.4640007019043,97.37799835205078,54.4640007019043,97.37799835205078,54.4640007019043,97.37799835205078,38.80400085449219,97.37799835205078,14988787.5,18180070.0,17936597.222222224,992640943.7588692,0.0601760785200344,4.541728155953543,0.0564905595623449,3.736791621432624,0.6367633246871366,2.3456130855850112,3.090802606771438,79.6240005493164,73.51399993896484,23688000.0,False,False,False,0.3664763856514057,1.2698600285964805,-0.092819076929699,0.8855985877642947,0.1661686788693597,1.0874189353946273,0.8356539043776883,28.0,94.0,94.0,31.0,31.0,69.0,69.0,88.0,83.0,78.0,72.0,100.0,CVNA
2026-04-20,7.75,8.020000457763672,7.539999961853027,7.570000171661377,8577700.0,0.0078023332032624,7.237504331976959,7.178048460100904,6.787600002288818,6.798000001907349,8.289199991226196,9.90780604839325,12.71700694322586,5.699999809265137,8.40999984741211,5.699999809265137,15.18000030517578,5.699999809265137,15.18000030517578,5.699999809265137,16.942874713106924,5.699999809265137,17.999952280338928,5.699999809265137,19.257395665001532,3676970.0,3410194.0,2599769.4444444445,22212274.38124895,0.0661689326220502,0.5007143361227853,0.064608301435198,-1.0068132794807092,0.119828689635976,-4.007332701512802,-2.4148521684426774,8.40999984741211,7.5,4126900.0,True,False,False,0.2725779648308724,1.182600671171518,-0.4334795448017779,0.5530426206110282,-0.4825367394811667,0.4825196886652612,1.41434464808311,80.0,90.0,90.0,6.0,6.0,12.0,12.0,81.0,75.0,69.0,62.0,100.0,CWH
2026-04-20,14.850000381469728,14.920000076293944,14.4399995803833,14.5600004196167,1162800.0,0.015037612119473,13.85957134848248,13.394113803573592,12.838400039672852,12.739000066121418,13.124000034332276,14.671000061035157,14.717550015449524,11.649999618530272,14.920000076293944,11.56999969482422,16.790000915527344,11.56999969482422,17.399999618530273,11.56999969482422,17.399999618530273,11.56999969482422,17.399999618530273,7.820000171661377,17.399999618530273,1790065.0,2285882.0,2032909.9206349207,20134537.22019196,0.0432489959057456,0.6149999073573521,0.0414141341117248,3.175602025877982,0.3577240653159564,-4.3184402534543285,-2.040772930414483,14.850000381469728,14.210000038146973,1400500.0,False,False,False,0.2242374477631383,1.137678057776528,-0.1366279230948194,0.842831978250387,-0.0589353211178006,0.8775158943899289,0.8805431966414552,33.0,86.0,86.0,25.0,25.0,37.0,37.0,72.0,66.0,59.0,52.0,100.0,CWK
2026-04-20,189.8000030517578,191.1699981689453,181.32000732421875,181.63999938964844,3715000.0,0.032138798638998,172.0661009846738,166.87066528652068,160.98739990234375,162.12649943033855,167.09089996337892,191.7107498168945,220.0095997619629,143.3000030517578,191.1699981689453,143.3000030517578,212.5,143.3000030517578,239.0,143.3000030517578,269.0,143.3000030517578,285.5,143.3000030517578,285.5,4378942.5,5284442.0,4412863.095238095,679650362.0274353,0.047265705871178,8.269927978515625,0.0435718010829559,3.119188861528257,0.714637863529516,-5.91863293887986,-7.159183205476712,188.44000244140625,183.4770050048828,4424100.0,False,False,False,0.1917619590499923,1.1074987400371283,-0.0755893420944284,0.9024184176897598,-0.2882589211584068,0.6636781970348664,0.9923132455038772,45.0,82.0,82.0,33.0,33.0,21.0,21.0,78.0,71.0,65.0,58.0,100.0,DASH
2026-04-20,6.090000152587891,6.170000076293945,5.980000019073486,6.050000190734863,4822300.0,-0.0049019172438188,5.974800017073777,5.942592773236817,5.79,5.746666669845581,6.2936000156402585,6.687800006866455,6.168250002861023,5.070000171661377,6.300000190734863,5.070000171661377,9.25,5.070000171661377,9.25,5.070000171661377,9.25,5.070000171661377,9.25,3.200000047683716,9.25,4862212.5,6382306.0,4208403.571428572,23722223.54209661,0.0522843118048499,0.3471428666796003,0.0570021113270555,-0.5675281414222697,-0.0864189814935186,-0.822157445219299,2.901573088380846,6.28000020980835,6.0,5659100.0,False,True,True,0.1194853103916226,1.0403323930033137,-0.2090908696828785,0.772092965191741,0.1032609010200946,1.0287592319945904,1.1553579445208693,63.0,68.0,68.0,19.0,19.0,62.0,62.0,59.0,51.0,44.0,37.0,38.46153846153847,DCH
2026-04-20,129.74000549316406,129.82000732421875,123.5,125.01000213623048,3921000.0,0.0247216244192687,120.32410727400544,119.54804315651634,120.55600036621094,121.4903335571289,119.88910003662107,128.89575012207033,138.5785007095337,100.79499816894533,133.60000610351562,98.01000213623048,143.38999938964844,98.01000213623048,153.69900512695312,98.01000213623048,201.69000244140625,98.01000213623048,201.69000244140625,87.69499969482422,201.69000244140625,4964560.0,5530348.0,5450860.714285715,532562115.5765533,0.0579803477098939,7.004643031529018,0.0539898468857247,1.5218938254174617,0.4468471653336005,-11.504105412047448,-9.897754762065876,128.42999267578125,123.80999755859376,4050600.0,False,False,False,-0.0015391484106856,0.9278649370492096,0.0900689728823156,1.064135629840007,-0.141760884668606,0.8002834255611494,0.9107846008592352,36.0,23.0,23.0,72.0,72.0,31.0,31.0,74.0,71.0,65.0,58.0,50.0,DDOG
2026-04-20,203.6100006103516,205.1452435867328,195.9337400932815,195.94371898248147,7155800.0,0.0391248813989288,187.19996490132397,178.28278908482451,173.85925476074215,169.44703979492186,152.85783599853517,138.70138946533203,136.89510189056398,137.0758603203263,205.1452435867328,110.85698684434615,205.1452435867328,109.8800132652644,205.1452435867328,109.8800132652644,205.1452435867328,109.8800132652644,205.1452435867328,79.02393061159783,205.1452435867328,9300885.0,8894508.0,6974411.111111111,1501059233.275528,0.0502513129332518,9.084035009805223,0.0446148763939613,7.441957213945273,0.8439283882260643,4.419248228307797,3.405207165853636,196.7312820614873,191.15852860714315,6311200.0,False,False,False,0.302883378927826,1.210763348855436,0.7019291647301129,1.6614393297190762,0.3605474048394219,1.268671537258931,1.3335728066248524,76.0,91.0,91.0,97.0,97.0,84.0,84.0,89.0,94.0,92.0,89.0,100.0,DELL
2026-04-20,23.18000030517578,26.25,22.5,25.6299991607666,5987900.0,0.0220458550825457,21.903325923472234,20.871862833395827,19.98400001525879,19.722333272298176,18.71800003051758,16.438200035095214,13.45580003261566,17.1299991607666,26.25,15.614999771118164,26.25,12.0,26.25,10.46500015258789,26.25,8.77299976348877,26.25,5.449999809265137,26.25,1825397.5,1712414.0,1608830.5555555555,41318650.013046265,0.0607288528672427,1.3446429116385323,0.0580087529739286,4.109382996276799,0.3718459344650234,8.261748920663486,9.330206608208895,23.0,22.01000022888184,2122200.0,False,False,False,0.2422293941438877,1.1543978882730304,0.5401993363060513,1.503557143256243,0.946263694555168,1.8148352233077645,1.1346114068362283,61.0,87.0,87.0,96.0,96.0,96.0,96.0,81.0,84.0,93.0,94.0,100.0,DFTX
2026-04-20,10.199999809265137,10.220000267028809,9.899999618530272,10.0600004196167,2769900.0,-0.0058479939842299,9.821837023792051,9.678095996322629,9.3242000579834,9.458500067392984,9.969400043487548,11.39889998435974,13.990000009536743,8.305000305175781,10.550000190734863,8.305000305175781,15.364999771118164,8.305000305175781,17.09000015258789,8.305000305175781,17.09000015258789,8.305000305175781,17.969999313354492,8.305000305175781,27.780000686645508,3409692.5,3453142.0,6981450.396825396,30110302.126994133,0.0428232519172697,0.4424999782017299,0.0433823516153192,0.5331835580847937,-0.1355941753048987,-4.878547169262073,-6.046775844248778,10.550000190734863,10.050000190734863,4208600.0,False,False,False,0.177829098035519,1.0945509983329529,-0.2645998634877431,0.7179045610138507,-0.3536121684493467,0.6027381633318545,0.4883931427129317,12.0,80.0,80.0,14.0,14.0,17.0,17.0,65.0,56.0,50.0,42.0,76.92307692307693,DJT
2026-04-20,13.529999732971191,13.720000267028809,13.395000457763672,13.5,1357600.0,-0.0109649538639146,13.329884405559046,13.039758265561256,12.75879997253418,12.581666660308835,12.538199996948242,13.237600021362304,13.29994999885559,11.15999984741211,13.989999771118164,11.15999984741211,14.84000015258789,11.15999984741211,15.550000190734863,11.15999984741211,15.880000114440918,11.15999984741211,16.780000686645508,8.146587328841361,16.780000686645508,1615200.0,1530338.0,1788039.2857142857,24332973.67949009,0.0448822554106131,0.5828572681971959,0.0430788824612341,1.8362185351351368,-0.2573538675575728,-2.9313890797854985,-0.898599019374133,13.850000381469728,13.635000228881836,1818100.0,False,True,True,0.0798084613975385,1.003460885286605,-0.0370107082351913,0.9400792445378224,-0.121428567005221,0.8192427301868401,0.9033358567145576,35.0,56.0,56.0,39.0,39.0,32.0,32.0,62.0,53.0,47.0,40.0,38.46153846153847,DLO
2026-04-20,20.540000915527344,20.875,20.09000015258789,20.76000022888184,739000.0,-0.0014583752912948,20.279587319447444,20.15466641333158,20.052199935913087,20.230833307902017,20.26410011291504,19.407650108337403,17.22560004234314,17.860000610351562,23.459999084472656,17.860000610351562,23.770000457763672,15.34000015258789,23.770000457763672,13.75,23.770000457763672,12.579999923706056,23.770000457763672,12.3100004196167,23.770000457763672,1715750.0,1712660.0,1685843.253968254,37186134.0242672,0.0586421968275527,1.0496429715837752,0.0511023819278552,0.2664308424583549,-0.028579983965034,-0.93502698409833,4.069518910210437,21.3700008392334,20.540000915527344,1462100.0,False,True,True,0.0400000463558147,0.966467113865399,0.1417454795359725,1.1145827238531651,0.2284690047278748,1.1455122071891397,1.0177399327970436,47.0,43.0,43.0,79.0,79.0,75.0,75.0,44.0,37.0,67.0,74.0,23.07692307692308,DNLI
2026-04-20,3.9600000381469727,3.990000009536743,3.7699999809265137,3.849999904632568,18054200.0,0.0206185364294975,3.77916798474462,3.71734724359312,3.6056000137329103,3.660666680335999,3.799800019264221,3.461500005722046,2.947550000548363,3.240000009536743,4.150000095367432,3.240000009536743,4.429999828338623,2.4800000190734863,4.429999828338623,2.200000047683716,4.429999828338623,2.200000047683716,4.429999828338623,1.2400000095367432,4.429999828338623,38640627.5,39563754.0,72986601.1904762,122575035.27608752,0.0590252489855811,0.2221428155899047,0.0560966700631279,0.7515618734305082,0.3601283412817707,6.488594525014225,7.691048448613089,4.059999942779541,3.859999895095825,23184300.0,False,False,False,0.1250000169331377,1.0454571836546875,0.0731707254036995,1.0476394010038612,0.2815534460011608,1.1950119302235307,0.5294208371089638,13.0,70.0,70.0,69.0,69.0,79.0,79.0,64.0,55.0,85.0,88.0,92.3076923076923,DNN
2026-04-20,91.91999816894533,93.54000091552734,91.0999984741211,93.0,534800.0,-0.0143684745506196,91.00107900110162,86.90051102843206,85.11480010986328,84.60133336385091,71.96199989318848,58.15249992370605,43.914549894332886,75.5,96.5,45.63999938964844,96.5,35.84000015258789,96.5,32.279998779296875,96.5,32.220001220703125,96.5,16.639999389648438,96.5,1207892.5,1064706.0,677250.3968253968,81605613.20480347,0.0514937111535607,4.352856772286551,0.0473548396322438,5.8566515560069945,-0.30784471839657,7.354826865409086,11.92588664743618,94.4499969482422,91.5500030517578,553100.0,False,False,True,0.1489999771118164,1.0677602328978568,1.0843537720956182,2.034765844415816,1.5533332824707031,2.380910249127865,1.7835242410517318,89.0,76.0,76.0,98.0,98.0,98.0,98.0,63.0,96.0,97.0,97.0,61.53846153846154,DNTH
2026-04-20,89.56999969482422,90.6050033569336,84.44000244140625,85.19999694824219,2751500.0,0.0460119417001263,84.04912921248464,82.01505432645749,83.49239929199219,80.34633267720541,72.61099990844727,61.70400001525879,48.67294996261597,52.59400177001953,94.65599822998048,51.02999877929688,94.65599822998048,43.810001373291016,94.65599822998048,37.834999084472656,94.65599822998048,33.685001373291016,94.65599822998048,25.559999465942383,94.65599822998048,4989042.5,4593194.0,2787271.8253968256,498624678.67542267,0.0929013662451228,8.054571969168526,0.0899248855265314,2.5972749309709613,0.4891634783931264,7.388138786963708,10.484307424482548,93.48999786376952,82.23999786376953,4571400.0,True,False,False,0.049443483258909,0.975242855021069,0.6976876903778741,1.6572987623847584,1.0791549648973486,1.9387525316158896,1.7899375491623273,90.0,46.0,46.0,97.0,97.0,97.0,97.0,95.0,93.0,94.0,95.0,46.15384615384615,DOCN
2026-04-20,24.38999938964844,24.5,23.049999237060547,23.5,3703300.0,-0.0129502107114727,23.4981539088198,23.60350954481756,23.582799911499023,23.770999972025557,24.489599952697755,34.04280000686646,49.23084994316101,20.549999237060547,25.709999084472656,20.549999237060547,41.130001068115234,20.549999237060547,46.75,20.549999237060547,71.37000274658203,20.549999237060547,76.51000213623047,20.549999237060547,76.51000213623047,2890080.0,3573020.0,2472136.507936508,69876146.11721039,0.0518414969377944,1.330357551574707,0.0545452064315891,-0.0745630239860085,-0.2405366094591969,-18.460184054048085,-17.138575306663046,25.649999618530277,24.549999237060547,3838700.0,False,False,False,-0.0165322524203717,0.9139319165547398,-0.4088705675753863,0.5770661366746781,-0.6377543631908975,0.3377836944756696,1.1690616560702587,64.0,19.0,19.0,7.0,7.0,7.0,7.0,55.0,47.0,41.0,34.0,26.923076923076923,DOCS
2026-04-20,47.709999084472656,47.72999954223633,45.70000076293945,45.7400016784668,2905300.0,0.0430694651009004,46.26552281851703,46.47688921065769,46.78199981689453,46.94699974060059,46.33939979553222,55.1457500076294,64.63354993820191,42.380001068115234,51.400001525878906,40.15999984741211,58.959999084472656,40.15999984741211,71.1500015258789,40.15999984741211,74.25,40.15999984741211,86.6500015258789,40.15999984741211,94.66999816894533,5183490.0,5130088.0,3441272.619047619,202518836.991024,0.0503581659072853,2.426713671003069,0.0508638381381325,0.5815016739866036,0.8117963934292963,-11.168876648702508,-8.830472945829783,47.54999923706055,45.400001525878906,2530900.0,False,False,False,-0.000837715508426,0.9285167753207484,-0.1587021714917329,0.8212828884171235,-0.2891835945745368,0.6628159655241294,1.5062712472441502,83.0,23.0,23.0,23.0,23.0,21.0,21.0,36.0,47.0,41.0,34.0,26.923076923076923,DOCU
2026-04-20,5.869999885559082,6.0,5.710000038146973,5.909999847412109,1092300.0,-0.0117845405702121,5.704799573106705,5.691405550155302,5.580799961090088,5.72699998219808,6.32809998512268,7.121199998855591,6.872300002574921,4.349999904632568,6.920000076293945,4.349999904632568,10.239999771118164,4.349999904632568,10.619999885559082,4.349999904632568,11.279999732971191,4.349999904632568,14.399999618530272,1.6299999952316284,14.399999618530272,2133742.5,1974804.0,2881184.126984127,10420648.943240644,0.0860414775825657,0.4183570657457624,0.0712703703410577,-1.015729435095596,-0.1673215953376926,-4.718165080166273,-2.174757759834035,6.329999923706055,5.860000133514404,1793000.0,False,True,True,-0.1024464954437262,0.8340922177146651,-0.3879040884086905,0.5975338117196662,-0.399795496336301,0.5596735311274434,0.7405783198706881,22.0,9.0,9.0,7.0,7.0,15.0,15.0,81.0,74.0,68.0,61.0,50.0,DPRO
2026-04-20,13.350000381469728,13.536999702453612,13.18000030517578,13.1899995803833,1106900.0,0.0105980577531015,12.849603733395922,12.598885624197925,12.1996000289917,11.900333340962728,12.968000011444092,14.1128000164032,15.272250008583068,10.029999732971191,13.539999961853027,9.800000190734863,17.299999237060547,9.800000190734863,17.299999237060547,9.800000190734863,17.299999237060547,9.800000190734863,18.3700008392334,9.800000190734863,19.739999771118164,2321350.0,2052638.0,1145752.380952381,21586943.646616936,0.0477960583109562,0.5122857093811035,0.0383734602803588,0.7676439269191435,0.2732856700060781,-0.186026478686232,1.3246769875597777,13.350000381469728,12.729999542236328,1084000.0,False,False,False,0.2750716371527093,1.1849180290411223,-0.1398195884207227,0.8397162444057312,-0.1651031536859005,0.7785174273960376,2.0260485935629737,92.0,90.0,90.0,25.0,25.0,29.0,29.0,79.0,75.0,69.0,62.0,73.07692307692307,DRVN
2026-04-20,104.83999633789062,104.96499633789062,99.8949966430664,100.56199645996094,1693300.0,0.0430802319135494,98.42349700733864,98.18660000437768,97.57220001220703,97.56749979654948,102.32540008544922,136.41155006408692,222.30030002593995,87.88999938964844,108.16899871826172,87.88999938964844,161.27999877929688,87.88999938964844,213.3699951171875,87.88999938964844,318.8399963378906,87.88999938964844,353.0,87.88999938964844,544.9299926757812,2696877.5,2636270.0,1816799.603174603,163044725.30937195,0.0584683007627113,6.316070556640625,0.0602448567079729,0.4079104551386027,0.6855519049114585,-12.806677819980596,-12.118504936776896,107.27999877929688,99.80999755859376,2127800.0,True,False,False,0.0525575302898939,0.9781367241675396,-0.3018114425875882,0.6815782659372639,-0.6828412478454623,0.295741464222271,1.484411101415689,83.0,47.0,47.0,12.0,12.0,5.0,5.0,57.0,48.0,42.0,35.0,46.15384615384615,DUOL
2026-04-20,13.3100004196167,13.539999961853027,12.81999969482422,12.920000076293944,2785400.0,0.0262143520114035,12.656260641969531,12.510839480798529,12.269199905395508,12.251666577657064,12.59399995803833,13.597599964141846,13.696900010108948,11.229999542236328,13.539999961853027,11.229999542236328,15.5,11.229999542236328,15.68000030517578,11.229999542236328,15.68000030517578,11.229999542236328,15.68000030517578,11.229999542236328,17.260000228881836,2701362.5,2737668.0,2078093.253968254,33942384.42741394,0.0441292963626858,0.6114288057599749,0.0459375496982578,1.2376042397430158,0.5560748027978297,-0.2982795989663254,1.9400768031793016,13.239999771118164,12.739999771118164,2620800.0,False,False,False,0.1110184414190802,1.032464171796937,-0.0871055905853899,0.8911761471122205,0.0382215863070813,0.9681119314406162,1.2999236174033928,74.0,66.0,66.0,32.0,32.0,53.0,53.0,55.0,47.0,41.0,34.0,73.07692307692307,DXC
2026-04-20,29.280000686645508,29.68000030517578,28.93000030517578,29.6200008392334,1316100.0,-0.0239999771118164,29.08480283245035,28.54207846257856,27.818800048828123,27.499333381652832,28.057600135803224,28.84960012435913,28.420700101852415,23.809999465942383,34.0,23.809999465942383,36.65999984741211,23.809999465942383,40.97999954223633,19.711000442504883,40.97999954223633,19.711000442504883,40.97999954223633,19.711000442504883,50.5,1811257.5,1615374.0,983464.2857142856,85195603.80714417,0.0673809125446831,1.4935715539114816,0.0510099562460971,0.8540987069203112,-0.4820654969418116,5.093199925700452,7.152341905589038,30.0,29.149999618530277,1722300.0,False,True,True,0.1712000274658203,1.0883906344718584,-0.0533462529017229,0.9241323315030122,0.0896910968418438,1.0161057777555915,1.8417115154156227,90.0,80.0,80.0,37.0,37.0,61.0,61.0,65.0,56.0,50.0,73.0,50.0,DXYZ
2026-04-20,20.020000457763672,20.364999771118164,19.790000915527344,20.1299991607666,1740900.0,-0.0191082504930977,19.50199246677797,18.9296538540818,18.60199989318848,18.61633326212565,17.4671999168396,18.234249982833862,16.125775003433226,14.960000038146973,21.43000030517578,14.0,21.43000030517578,14.0,21.68000030517578,14.0,25.0,11.920000076293944,25.0,7.590000152587891,25.0,2305925.0,2172666.0,2639244.8412698414,35019494.25008774,0.059757226479147,1.1184287752423967,0.0558655719115468,2.616069895609039,-0.3487029288600993,-5.266933305113346,-1.070154760108522,20.989999771118164,19.920000076293945,2674200.0,False,True,True,0.1247191750481069,1.0451961986220144,0.1984436126427813,1.1699319770521004,0.219244845599432,1.1369109426541608,0.8737063587062015,32.0,70.0,70.0,84.0,84.0,74.0,74.0,80.0,81.0,75.0,69.0,69.23076923076923,DYN
2026-04-20,158.30999755859375,159.33999633789062,150.97000122070312,155.7899932861328,1839400.0,0.0010749852636995,154.32841138653723,151.2303694293822,147.9716003417969,146.79100087483724,148.7812008666992,150.72410034179688,146.42910034179687,129.02000427246094,161.7100067138672,129.02000427246094,175.2899932861328,129.02000427246094,175.2899932861328,100.3000030517578,175.2899932861328,100.3000030517578,175.2899932861328,100.3000030517578,187.1199951171875,1144195.0,1156514.0,1403361.111111111,149286574.78744507,0.0431322963182783,6.736429486955915,0.0425521419420313,1.5051111571963804,0.0252356488365963,-0.0292749478958782,5.653298033085213,161.7100067138672,154.39999389648438,1357400.0,False,False,False,0.0936032299387656,1.0162802983098995,0.0039954649421369,0.980109858202574,0.2340972798960099,1.1507604127895297,0.8153247164545437,26.0,60.0,60.0,50.0,50.0,76.0,76.0,64.0,56.0,50.0,79.0,57.692307692307686,EAT
2026-04-20,5.440000057220459,6.199999809265137,4.670000076293945,6.0,3911100.0,-0.161787326799366,3.3197449243299157,2.706150298876432,2.269999985694885,2.199999984105428,2.042199990749359,2.144499992132187,2.321349984407425,1.690000057220459,9.84000015258789,1.659999966621399,9.84000015258789,1.659999966621399,9.84000015258789,1.659999966621399,9.84000015258789,1.659999966621399,9.84000015258789,1.4299999475479126,9.84000015258789,4289342.5,3434500.0,695907.1428571428,55326326.84795916,0.1256758063091785,0.7992856928280422,0.1469275155185261,11.323910173782243,-1.3136725995714793,-0.7386699320178849,-1.961601510902544,9.84000015258789,5.0,167170000.0,False,False,False,1.98901093430802,2.777673694453331,1.1003861920841898,2.050416844276207,0.7777778297208242,1.6577269738006362,6.1636707483551785,99.0,99.0,99.0,98.0,98.0,94.0,94.0,99.0,99.0,98.0,98.0,96.15384615384616,EFOI
2026-04-20,68.41999816894531,68.6500015258789,65.5999984741211,66.66999816894531,1748600.0,0.02394490394236,66.92424910518466,67.57083199706324,66.76119995117188,68.42033335367839,74.96479995727539,78.29010009765625,98.72680038452148,58.04999923706055,82.30000305175781,58.04999923706055,97.50499725341795,58.04999923706055,97.50499725341795,58.04999923706055,132.36500549316406,58.04999923706055,150.99000549316406,49.540000915527344,150.99000549316406,2271752.5,2369858.0,2262688.095238095,159009225.0477028,0.0561624035969348,3.588358197893416,0.0524460434657262,-1.664663209483207,0.4458859416711492,-3.8984503376375703,-2.664210178785208,71.2300033569336,66.50499725341797,2798500.0,False,False,True,-0.0678474557684821,0.8662449412983015,-0.239693301554221,0.7422185820800562,-0.4963563114100243,0.4696333331432987,1.0040060336999082,46.0,11.0,11.0,16.0,16.0,11.0,11.0,53.0,45.0,39.0,32.0,46.15384615384615,ELF
2026-04-20,148.8170928955078,149.06692014289786,144.69994473795845,145.56933867943732,2259400.0,0.0195809472594117,136.4902731922894,130.25853862658252,123.88234008789064,122.17751846313476,125.46884170532226,111.24851684570312,98.6186023712158,107.17588728580778,149.06692014289786,107.17588728580778,149.06692014289786,83.30311269569825,149.06692014289786,67.86662641509832,149.06692014289786,67.86662641509832,149.06692014289786,65.39469022924729,149.06692014289786,2289442.5,2507482.0,2881591.26984127,271518177.79777527,0.0438034014838066,5.8502413768833135,0.0393116224961541,4.73366477959368,0.4885297517922297,11.690841340536014,11.121489335039584,146.3588086926409,139.30367406243687,2476800.0,False,False,False,0.2853443004778291,1.1944643663805563,0.2700790068646077,1.2398631256724642,0.6479618191173078,1.5366772572326033,0.7945063284863825,25.0,91.0,91.0,88.0,88.0,93.0,93.0,84.0,78.0,91.0,94.0,100.0,ENTG
2026-04-20,3.650000095367432,5.429999828338623,3.494999885559082,4.199999809265137,158704700.0,1.0054945000961863,2.30669797319752,2.169780998728281,2.049320015907288,2.0331000129381818,2.090159997940064,3.3719800090789795,7.100370020866394,1.7100000381469729,5.429999828338623,1.7100000381469729,5.429999828338623,1.7100000381469729,13.25,1.7100000381469729,13.25,1.7100000381469729,13.25,1.7100000381469729,17.8439998626709,4328660.0,3842708.0,958846.7222222222,30450414.796376824,0.1136068278566391,0.4884285075323922,0.1338160259645757,5.576894388273868,3.746710142208437,-6.570357892539765,-5.695724415479001,1.9600000381469729,1.7100000381469729,1164800.0,False,False,False,0.8622449103716459,1.7305753688607517,-0.068877544814177,0.9089705376049736,-0.6140016953537122,0.3599323778010839,4.514444175152314,98.0,98.0,98.0,34.0,34.0,7.0,7.0,98.0,96.0,95.0,93.0,100.0,ENVB
2026-04-20,6.829999923706055,6.840000152587891,6.420000076293945,6.480000019073486,4802500.0,0.0317220606914312,6.222637975645555,5.887223312935287,5.527999992370606,5.436666679382324,5.575600023269653,6.68365002155304,8.921075012683868,4.614999771118164,6.840000152587891,4.614999771118164,7.789999961853027,4.614999771118164,9.1899995803833,4.614999771118164,12.649999618530272,4.614999771118164,14.210000038146973,4.614999771118164,16.489999771118164,6089582.5,5983582.0,6794705.158730159,32642633.74847412,0.0677356439044465,0.4016429015568324,0.058805696346025,3.825824135501701,0.5228526069625001,-4.981540584362761,-5.106187922481872,6.78000020980835,6.539999961853027,5620200.0,False,False,False,0.3444881941500715,1.2494265064501326,-0.1711164910895104,0.8091639123405131,-0.4066029723815592,0.5533257544395667,0.8962246863906694,34.0,93.0,93.0,22.0,22.0,15.0,15.0,89.0,84.0,79.0,73.0,100.0,ENVX
2026-04-20,7.159999847412109,7.389999866485596,6.880000114440918,7.010000228881836,19922200.0,0.0,6.412139157018322,6.144441673088678,5.527399997711182,5.634833319981893,7.248599996566773,10.820900015830992,10.397799999713898,4.369999885559082,7.78000020980835,4.369999885559082,18.36000061035156,4.369999885559082,18.739999771118164,4.369999885559082,19.86000061035156,4.369999885559082,19.86000061035156,3.690000057220459,19.86000061035156,27568077.5,25123742.0,19368830.95238095,144335941.2992692,0.1028352195401403,0.6671429021017892,0.0931763849608068,-0.1311820645996413,0.0,-4.678430438900097,-3.4681144908589547,7.78000020980835,7.079999923706055,28762400.0,False,False,False,0.2971014261145572,1.2053902075103693,-0.5896848404374506,0.4005535352496777,-0.5365695834430779,0.4321356072522945,1.423321705258166,80.0,91.0,91.0,3.0,3.0,10.0,10.0,94.0,90.0,87.0,82.0,92.3076923076923,EOSE
2026-04-20,41.63999938964844,42.09000015258789,41.220001220703125,41.38999938964844,3204800.0,-0.0021567254630999,40.17075232069633,39.41994420610504,38.414400024414064,38.38600006103516,39.98279884338379,43.337653999328616,46.72583164215088,35.19499969482422,43.54999923706055,35.19499969482422,46.7266716685288,35.19499969482422,49.52729070864956,35.19499969482422,49.52729070864956,35.19499969482422,54.44325677719304,35.19499969482422,55.58863015196998,4308212.5,3989994.0,2958284.523809524,186033607.2104073,0.04232203943122,1.612499509538923,0.038724772650688,1.070318418627403,-0.0558140650930338,-6.048220135770013,-3.8270858934498686,43.54999923706055,41.625,3033800.0,False,True,False,0.1181524573809522,1.0390937790177246,-0.1027577537601903,0.8758963575459386,-0.1067230090547226,0.8329552423308113,1.45632121093346,81.0,68.0,68.0,30.0,30.0,33.0,33.0,54.0,46.0,40.0,33.0,84.61538461538461,EQH
2026-04-20,22.229999542236328,22.600000381469727,20.799999237060547,20.799999237060547,1184800.0,0.0402432695006753,20.878963298512403,21.45596762151568,21.09679992675781,22.0896666208903,25.762199935913085,26.841916656494146,0.0,18.799999237060547,29.489999771118164,18.799999237060547,35.5,18.799999237060547,35.5,18.799999237060547,35.5,0.0,0.0,0.0,0.0,1440147.5,1295938.0,0.0,34369767.67365456,0.0668807577119727,1.3417859758649553,0.0603592444217375,-2.2715306102875665,0.6409358261838658,-8.579789223218965,-5.398276973337653,21.549999237060547,20.38999938964844,1483700.0,False,False,False,-0.0224274509241456,0.908453536526229,0.0,0.0,0.0,0.0,0.0,0.0,18.0,18.0,0.0,0.0,0.0,0.0,54.0,46.0,40.0,33.0,53.84615384615385,EQPT
2026-04-20,15.390000343322754,15.640000343322754,15.130000114440918,15.34000015258789,6716100.0,-0.0140934861110254,15.069705796241529,14.849309103931777,14.12639991760254,14.422804260253908,15.357011699676514,14.915335998535156,12.155023760795594,11.720999717712402,17.024074923491195,11.720999717712402,18.942278854500174,11.720999717712402,18.942278854500174,10.230429820955868,18.942278854500174,10.2254340171514,18.942278854500174,5.604756928382292,18.942278854500174,9681342.5,9751434.0,12671679.365079366,137468099.32492256,0.0496759378328928,0.7588573183332171,0.0493084666279726,0.0435648524210796,-0.2899086666749251,1.426841820596831,4.8848517290950175,15.989999771118164,15.229999542236328,7307800.0,False,True,True,0.2401289711967298,1.1524459751834597,0.0817694766247523,1.0560335831832308,0.2110375349491773,1.1292578602386685,0.7640141626910052,23.0,87.0,87.0,71.0,71.0,74.0,74.0,77.0,70.0,63.0,75.0,46.15384615384615,EQX
2026-04-20,21.709999084472656,21.850000381469727,18.799999237060547,19.01000022888184,7627200.0,0.142030448347324,18.335475194673712,17.20547073072935,16.30680004119873,16.09266668955485,14.94040002822876,10.39270003795624,6.155725022554398,12.90999984741211,21.850000381469727,9.050000190734863,21.850000381469727,3.150000095367432,21.850000381469727,2.1050000190734863,21.850000381469727,1.5299999713897705,21.850000381469727,1.059999942779541,21.850000381469727,5385315.0,5000752.0,2947333.73015873,91205662.99227238,0.0859388075705567,1.5517144203186035,0.071474642365527,6.339408394925023,1.740010159238223,19.390440911120752,22.053117620204844,19.780000686645508,18.44499969482422,5255500.0,False,False,False,0.4226735752849617,1.3220838105691857,1.2567566884342996,2.2030672001357376,7.581027403153289,8.001562597596054,1.8271819525880333,90.0,95.0,95.0,99.0,99.0,99.0,99.0,94.0,98.0,99.0,99.0,100.0,ERAS
2026-04-20,28.38999938964844,28.86000061035156,28.040000915527344,28.57999992370605,855400.0,-0.0193437429545046,29.24461130306221,28.788611429135297,27.47119995117188,27.48333333333333,29.002999992370604,28.86569999694824,23.246150012016297,22.40999984741211,32.47999954223633,22.40999984741211,39.79899978637695,22.40999984741211,39.79899978637695,19.09499931335449,39.79899978637695,16.3700008392334,39.79899978637695,10.614999771118164,39.79899978637695,1229367.5,1329272.0,1063555.9523809524,30159365.36026001,0.0486007857975492,1.566642897469657,0.055182914094774,-0.3830128530142599,-0.3574531082964054,4.382200368570832,8.679662860311817,30.56800079345703,28.770000457763672,1457300.0,False,True,True,0.1765437371339924,1.0933565185392962,-0.038279168380502,0.9388409617600932,0.2468159340755993,1.162620194001481,1.1559029849326214,63.0,80.0,80.0,39.0,39.0,77.0,77.0,71.0,63.0,57.0,73.0,42.30769230769231,ERO
2026-04-20,38.93999862670898,39.43999862670898,37.0,37.220001220703125,2707900.0,0.0339882842401242,35.23947115484126,33.35922720531127,31.67320014953613,31.514000129699703,31.06260005950928,33.06530002593994,39.6874250793457,28.44099998474121,39.43999862670898,24.739999771118164,39.43999862670898,24.739999771118164,42.34999847412109,24.739999771118164,44.209999084472656,24.739999771118164,46.27999877929688,24.739999771118164,79.95999908447266,1226292.5,1368460.0,1322270.6382978724,40184153.43020439,0.0451823406138383,1.6351424625941686,0.0419913333400228,6.039282564947387,0.7828056628571343,-5.351586846282031,-5.490510948745634,38.68000030517578,37.43999862670898,1325400.0,False,False,False,0.3253914138537006,1.2316799590323448,0.2428981398510881,1.213328906500489,0.0106410552920237,0.9423938751958796,0.92741414993422,37.0,92.0,92.0,87.0,87.0,47.0,47.0,82.0,88.0,84.0,79.0,100.0,ETOR
2026-04-20,64.18000030517578,64.44000244140625,61.369998931884766,61.4900016784668,2876400.0,0.0368335819562728,57.85507055083029,55.55303088829657,53.53039993286133,53.46966654459636,52.93260002136231,54.709300117492674,58.40557493209839,46.90499877929688,64.44000244140625,44.0,64.44000244140625,44.0,64.51000213623047,44.0,76.2300033569336,44.0,76.51499938964844,41.505001068115234,76.51499938964844,2845622.5,3504408.0,4682137.698412699,146038715.51431656,0.045631828508257,2.4835717337472096,0.038696972918944,5.491006162948918,0.9180321825682948,1.0970914124995854,-0.2301754182628272,62.435001373291016,60.75,3263300.0,False,False,False,0.1720234162231222,1.0891558057414628,0.0390157006565021,1.0142969431633666,-0.1017494325203783,0.8375929601825066,0.6077613866342932,16.0,80.0,80.0,62.0,62.0,33.0,33.0,82.0,83.0,77.0,71.0,100.0,ETSY
2026-04-20,6.519999980926514,6.539999961853027,6.184999942779541,6.449999809265137,2600900.0,0.006172833601125,6.297650268173061,6.101976548270058,5.948200035095215,5.836166699727376,5.649900026321411,6.123350019454956,6.740374991893768,4.880000114440918,6.679999828338623,4.864999771118164,6.764999866485596,4.864999771118164,7.480000019073486,4.864999771118164,8.34000015258789,4.864999771118164,8.8100004196167,3.1040000915527344,8.90999984741211,3224020.0,3201374.0,3149766.26984127,16024150.273303986,0.0489757807603532,0.2898571491241455,0.0444566180938785,3.464112286603938,0.137998879702965,-2.7401368579890213,-2.0992499753231466,6.679999828338623,6.480000019073486,2352600.0,False,False,False,0.1865332332510403,1.102639709934376,0.0448718301408166,1.020013752092198,-0.1930693016719752,0.7524397943562012,1.0235743619676492,48.0,82.0,82.0,63.0,63.0,27.0,27.0,80.0,73.0,67.0,60.0,76.92307692307693,EVLV
2026-04-20,2.859999895095825,3.059999942779541,2.805000066757202,2.9800000190734863,3886400.0,-0.0434782990054436,2.739068708251222,2.803209763517586,2.781200008392334,2.9726666768391925,3.5160000133514404,4.535700001716614,4.887899997234345,1.899999976158142,4.190000057220459,1.899999976158142,5.860000133514404,1.899999976158142,7.328000068664551,1.899999976158142,7.328000068664551,1.899999976158142,7.328000068664551,1.899999976158142,7.599999904632568,2984132.5,2566754.0,1748230.1587301588,13392749.429438114,0.1333432849258582,0.3110714299338205,0.1087662382321164,-1.7153823659815453,-0.4179108138236131,-6.786108391266136,-3.774111453182796,3.4200000762939453,2.924999952316284,10466700.0,False,False,True,-0.2291105483318797,0.7163839137061617,-0.5272727595156596,0.4614807982885697,-0.428000020980835,0.5333736186722347,1.7069448694144191,88.0,3.0,3.0,4.0,4.0,14.0,14.0,90.0,85.0,80.0,75.0,57.692307692307686,EVTL
2026-04-20,10.09000015258789,10.18000030517578,9.789999961853027,10.010000228881836,8856300.0,-0.0088408791640341,9.810325341137922,9.804805502331652,9.425600051879885,9.678666718800862,10.731800022125244,10.54710000038147,8.63155000448227,7.989999771118164,11.960000038146973,7.989999771118164,15.149999618530272,7.989999771118164,15.149999618530272,6.599999904632568,15.149999618530272,6.019999980926514,15.149999618530272,3.140000104904175,15.149999618530272,10406887.5,10463940.0,13401606.349206349,79798782.81428337,0.0612156522799403,0.5885713441031319,0.0583321442222351,-1.0252248214277633,-0.1529129025556508,1.2005666896691674,3.958942690769733,10.68000030517578,10.100000381469728,7978800.0,False,True,True,0.1611047916923877,1.079009179715267,-0.1390785048893302,0.8404396971505215,-0.0059112776549119,0.9269592981937728,0.7765403063503877,24.0,78.0,78.0,25.0,25.0,44.0,44.0,70.0,62.0,56.0,76.0,50.0,EXK
2026-04-20,273.239990234375,273.5400085449219,263.2799987792969,264.989990234375,1486100.0,0.0278362699308751,251.06189417369148,243.0430406922283,238.1831982421875,237.1383316040039,229.5366482543945,252.01656707763672,231.56540046691896,218.6499938964844,273.5400085449219,184.93877760474487,279.9027687815552,184.93877760474487,303.1423376369712,184.93877760474487,303.1423376369712,184.93877760474487,303.1423376369712,143.0352404170072,303.1423376369712,2310047.5,2722992.0,2086964.2857142857,389715468.09143066,0.0448544588467734,11.887854439871653,0.0435070079956989,4.376262812733792,0.6224835552885749,-0.2909096173318009,2.063333981559688,269.6499938964844,260.6499938964844,1882500.0,False,False,False,0.1413056516218573,1.0606099326882763,-0.0395539279101848,0.937596529463826,0.2843091719197403,1.1975815658164934,1.1068936425087703,58.0,74.0,74.0,39.0,39.0,79.0,79.0,68.0,84.0,79.0,73.0,100.0,EXPE
2026-04-20,25.489999771118164,26.440000534057617,24.90999984741211,25.450000762939453,1123800.0,-0.0073987746027917,25.37332037986452,25.644042480957854,25.99,26.09766674041748,26.68200004577637,27.18540002822876,26.141575021743776,22.1299991607666,28.989999771118164,22.1299991607666,30.0,22.1299991607666,30.020000457763672,22.0,30.020000457763672,22.0,30.020000457763672,10.75,30.020000457763672,1429770.0,1342454.0,1900094.8412698407,36216234.46298599,0.0562958587104329,1.5132142475673132,0.0593650161300465,-0.7525361803945086,-0.1255608942111584,-5.505064617797971,-0.442823159151284,26.6299991607666,25.28300094604492,1591400.0,False,True,True,-0.103727169744837,0.8329020931565623,-0.0899678842260498,0.8883819490184642,-0.0576709615505299,0.8786948735200583,0.7524729655307515,22.0,9.0,9.0,31.0,31.0,37.0,37.0,45.0,37.0,31.0,28.0,7.6923076923076925,EYE
2026-04-20,15.06999969482422,15.329999923706056,14.789999961853027,14.869999885559082,803400.0,0.0093770520285858,14.448061483662109,14.192614629764256,13.630800018310548,13.80099999109904,14.53379997253418,15.28179998397827,13.603449988365174,11.81999969482422,16.139999389648438,11.81999969482422,18.8700008392334,11.81999969482422,19.0,9.649999618530272,19.11000061035156,9.649999618530272,19.11000061035156,5.300000190734863,19.11000061035156,1204640.0,1367548.0,1071606.349206349,12231558.908514977,0.0507244109280091,0.6885714530944824,0.0456915372951846,0.8074425574424546,0.2033186084309357,-2.3725309729793955,1.3240121872728037,15.25,14.760000228881836,1264300.0,False,False,False,0.09282086559188,1.0155532508304548,-0.0006631451546703,0.9755620790134858,0.3047618567931294,1.2166531094224713,1.1241441420090297,60.0,60.0,60.0,47.0,47.0,81.0,81.0,72.0,64.0,58.0,78.0,100.0,EYPT
2026-04-20,12.609999656677246,12.93000030517578,12.43000030517578,12.619999885559082,1235700.0,0.0079935592298825,11.914205169374512,11.63646825629576,11.341799964904784,11.328166675567626,11.097500019073486,12.7330500125885,14.126824998855591,10.279999732971191,12.93000030517578,8.819999694824219,14.779999732971191,8.819999694824219,16.21500015258789,8.819999694824219,16.21500015258789,8.819999694824219,16.229999542236328,8.819999694824219,19.01000022888184,1349560.0,1337590.0,964951.5873015872,10966357.741365433,0.0528278670921906,0.5745715413774762,0.0455647547201342,2.9911699425429266,0.1740417347431997,-4.255429139560443,-1.406352040932792,12.869999885559082,12.06999969482422,1223100.0,False,True,False,0.149498573357157,1.0682235760254912,-0.1637931219844318,0.8163130544489959,-0.1031294964199569,0.8363060900721627,1.3985779367169502,79.0,76.0,76.0,23.0,23.0,33.0,33.0,64.0,81.0,75.0,69.0,92.3076923076923,FA
2026-04-20,41.380001068115234,41.43999862670898,39.27000045776367,39.47999954223633,1915100.0,0.0234974216118875,39.87258978679999,40.43995591420715,39.633200073242186,40.443333307902016,46.25201644897461,49.9178271484375,51.59966730117798,36.06999969482422,46.869998931884766,36.06999969482422,64.52838169277867,36.06999969482422,64.52838169277867,36.06999969482422,64.52838169277867,36.06999969482422,64.52838169277867,36.06999969482422,64.52838169277867,2944710.0,3263710.0,2143909.523809524,106325445.19838332,0.0465235192330586,1.9621429443359373,0.0474176629697537,-2.221456604076696,0.48416491045252,-3.05500011025606,0.1356914663910141,41.59999847412109,39.13999938964844,2507500.0,True,False,True,0.0117359296901886,0.9402014042094238,-0.3244544266762655,0.6594739709485253,-0.1571296411985452,0.7859524997123015,1.373523447373623,78.0,32.0,32.0,10.0,10.0,29.0,29.0,44.0,36.0,30.0,26.0,23.07692307692308,FBIN
2026-04-20,8.649999618530273,8.699999809265137,7.059999942779541,7.139999866485596,6461000.0,0.1931033956593479,7.317521725480657,7.114618065681302,6.86040002822876,6.889000034332275,7.268600015640259,7.669700012207032,7.109200001955032,6.179999828338623,8.699999809265137,6.179999828338623,10.539999961853027,6.179999828338623,10.899999618530272,5.710000038146973,10.899999618530272,5.710000038146973,11.989999771118164,3.5799999237060547,11.989999771118164,1566135.0,1528082.0,2420863.095238095,12291490.353364944,0.0730579439696117,0.5542856625148228,0.0640792701686849,2.96586240812026,2.5257727435676443,1.5594068407092463,1.387233844688854,7.539999961853027,7.179999828338623,1575400.0,False,False,False,0.281481424967448,1.1908746144773512,0.0758706044243133,1.0502750484111036,-0.0698925332122201,0.8672986075372595,0.6469324940681821,17.0,90.0,90.0,69.0,69.0,36.0,36.0,85.0,79.0,73.0,75.0,100.0,FCEL
2026-04-20,235.8800048828125,236.58999633789065,230.5200042724609,232.30999755859372,981700.0,0.0135350372238274,227.02224212506965,221.9635646712918,215.9452020263672,214.88233439127603,211.58494323730469,245.24603790283203,291.23931831359863,191.22999572753903,236.58999633789065,184.05026842174053,289.25736491542943,184.05026842174053,304.5285792708312,184.05026842174053,304.5285792708312,184.05026842174053,361.51786173663294,184.05026842174053,467.994034613235,1048170.0,1103874.0,706818.253968254,235615704.22470093,0.0410889847750053,9.222857883998326,0.0390997867266465,2.9366950931127302,0.3415437161553479,-7.251958373752728,-4.270769961824518,233.7700042724609,230.41000366210935,765600.0,False,False,False,0.1294771548509929,1.0496177667017834,-0.1784574827941762,0.8019975668838222,-0.1437679846790696,0.7984118622134484,1.4829413277250725,82.0,71.0,71.0,21.0,21.0,30.0,30.0,66.0,65.0,59.0,51.0,80.76923076923077,FDS
2026-04-20,36.29999923706055,37.310001373291016,35.5,36.0099983215332,3058600.0,-0.0100899631949833,35.143068569173764,34.52363415889171,33.74279991149902,34.169666608174644,33.790599975585934,41.06115013122559,40.66101975190012,28.950000762939453,42.27000045776367,25.01000022888184,68.2750015258789,25.01000022888184,78.0,25.01000022888184,78.0,25.01000022888184,78.0,25.01000022888184,78.0,5961955.0,5710828.0,4376359.210526316,142820700.30018806,0.0702692393382771,2.562785966055734,0.0706001658379996,1.051884708223762,-0.1443737154742633,1.5161219802801158,3.820723715544388,37.5,35.7400016784668,6738900.0,False,True,True,0.0973396985420662,1.0197525808734769,-0.5088621642746574,0.4794533952983815,-0.1028175961825118,0.8365969281218355,1.3623093336716745,78.0,62.0,62.0,4.0,4.0,33.0,33.0,69.0,82.0,77.0,71.0,65.38461538461539,FIGR
2026-04-20,15.989999771118164,16.214000701904297,15.539999961853027,16.020000457763672,1916900.0,-0.0111317442378785,15.264132294336177,14.938746803766344,14.785199966430664,14.891666666666667,13.964799976348877,12.675399980545045,9.919949996471406,13.15999984741211,16.649999618530273,9.916999816894531,17.479999542236328,9.916999816894531,17.479999542236328,7.210000038146973,17.479999542236328,6.5,17.479999542236328,3.765000104904175,17.479999542236328,3972022.5,3789404.0,2472844.4444444445,41131983.722167015,0.059107698704379,0.9077142306736538,0.0567676199916654,2.5546562387125853,-0.1983006315128443,5.898974435046686,10.804414940666618,16.649999618530273,16.020000457763672,2311200.0,False,True,False,0.1244725366281014,1.0449669987072776,0.3784482108001639,1.3456541663809252,1.0793237519035506,1.938909920671108,1.6062565152141484,86.0,70.0,70.0,93.0,93.0,97.0,97.0,62.0,89.0,86.0,94.0,61.53846153846154,FIGS
2026-04-20,16.239999771118164,16.25,15.600000381469728,15.600000381469728,1814800.0,0.0291508267383449,15.25623747452694,15.28340070414431,15.12099994659424,15.394166660308835,16.241900005340575,17.846100034713746,21.258625054359435,13.289999961853027,18.149999618530277,13.289999961853027,20.76499938964844,13.289999961853027,22.07999992370605,13.289999961853027,24.959999084472656,13.289999961853027,27.575000762939453,13.289999961853027,30.3799991607666,2374257.5,2506214.0,2139506.3492063493,30357242.924280167,0.0540053700393177,0.7864284515380859,0.0484253979446908,-0.0024160009715511,0.5849229351345452,-7.526495850792832,-6.073660478029001,16.260000228881836,15.635000228881836,2013600.0,False,False,False,0.0278480743716267,0.9551743438963164,-0.0767481733802663,0.9012871556403752,-0.2467532387107915,0.7023810586687187,1.1097221099066763,58.0,39.0,39.0,33.0,33.0,23.0,23.0,64.0,55.0,49.0,41.0,46.15384615384615,FIVN
2026-04-20,84.27999877929688,84.55999755859375,82.26000213623047,82.62000274658203,2781400.0,0.0299400817966548,77.93440550885555,73.85204320653231,70.44239944458008,69.11466623942057,67.13079940795899,65.19789970397949,60.679599838256834,58.52999877929688,84.55999755859375,55.15999984741211,84.55999755859375,55.15999984741211,84.55999755859375,53.06999969482422,84.55999755859375,53.06999969482422,84.55999755859375,30.049999237060547,84.55999755859375,3394157.5,3544484.0,4220584.920634921,237021098.7041092,0.0455664332066136,3.2657138279506137,0.0387483848511021,6.592777605914746,0.7502178933356429,5.090112311863086,4.725888070812235,82.8499984741211,80.0199966430664,3235500.0,False,False,False,0.2810457152525383,1.1904697115043874,0.3000153694107301,1.2690872856161266,0.3305967568087136,1.2407434146930696,0.8041912587531593,26.0,90.0,90.0,90.0,90.0,82.0,82.0,87.0,86.0,82.0,80.0,100.0,FLEX
2026-04-20,42.790000915527344,46.29600143432617,42.25,43.040000915527344,4886700.0,-0.0212717355720335,38.9887089895141,34.89279817064426,31.43219985961914,29.774833170572915,26.25129981994629,25.214399929046632,29.34465904669328,18.809999465942383,46.29600143432617,18.11199951171875,46.29600143432617,18.11199951171875,46.29600143432617,16.0,46.29600143432617,16.0,49.59000015258789,16.0,73.80000305175781,6008000.0,5356012.0,3460750.0,267680906.6660595,0.12342417798745,4.287713732038226,0.1002036373054231,6.287342221941272,-0.2168988797518654,6.1860001904456485,5.637690708196399,46.27999877929688,42.959999084472656,7762400.0,False,True,False,0.8636760723769055,1.7319053409290643,0.2807542984422311,1.2502844461661962,0.5254902702097703,1.4224760411115478,1.7360398757494764,89.0,98.0,98.0,89.0,89.0,90.0,90.0,98.0,98.0,96.0,96.0,92.3076923076923,FLY
2026-04-20,13.760000228881836,13.845000267028809,13.43000030517578,13.529999732971191,1429800.0,0.0110213501828413,12.77102686258571,12.450697961184014,12.18439998626709,12.307666651407878,12.084599990844726,12.95529998779297,12.834500017166135,11.15999984741211,13.989999771118164,10.550000190734863,14.0,10.550000190734863,15.25,10.550000190734863,15.25,10.550000190734863,15.25,8.505000114440918,15.25,1920010.0,1824690.0,1997408.7301587304,18717805.853013992,0.0434581059263974,0.5392858641488212,0.0391922859868036,3.537412431970737,0.2781466791111656,-3.0904495847022586,-1.7373819166259796,13.989999771118164,13.5649995803833,1609600.0,False,False,False,0.1572750068597976,1.0754501788220954,-0.0021754701272066,0.9740857330874868,0.0783699045503567,1.0055490897806216,0.9612504296240962,41.0,77.0,77.0,47.0,47.0,60.0,60.0,66.0,68.0,62.0,55.0,100.0,FLYW
2026-04-20,17.350000381469727,17.440000534057617,16.809999465942383,16.959999084472656,2065300.0,0.0104834190085008,17.30270475209112,16.789828963391813,16.242692680358886,15.87339817682902,15.328682041168213,14.836091814041138,23.432319269180297,12.977942001367625,18.290000915527344,12.420606064533349,18.290000915527344,12.420606064533349,18.290000915527344,12.042771933742454,30.62644014470902,12.042771933742454,37.613144734173616,12.042771933742454,43.447656024251,3409300.0,3614010.0,3315493.253968254,47771869.45312023,0.048580571238987,0.7128573826381138,0.0410868799403292,3.2094213525572264,0.2525053531880997,3.3953513003754745,4.61468457155916,17.360000610351562,17.030000686645508,2477900.0,False,False,True,0.2514690981382184,1.1629843014022043,0.1356980024148759,1.1086791195535353,-0.4151667843118521,0.5453402447779732,1.0282934510331063,49.0,88.0,88.0,78.0,78.0,15.0,15.0,80.0,78.0,72.0,70.0,46.15384615384615,FMC
2026-04-20,54.59000015258789,54.91999816894531,52.369998931884766,53.790000915527344,2050500.0,0.009617171457344,52.63040741824224,52.955987293344165,51.93199996948242,52.95500005086263,58.90599960327148,62.661899642944334,69.32859985351563,46.470001220703125,61.970001220703125,46.470001220703125,75.73999786376953,46.470001220703125,77.45999908447266,46.470001220703125,77.45999908447266,46.470001220703125,92.40499877929688,46.470001220703125,92.40499877929688,2720487.5,2761654.0,2372105.5555555555,157897876.71665192,0.0496900147316869,2.9252144949776784,0.0535851710350106,-1.3673422371773505,0.1777648984908506,-4.908738726910316,-1.8228663724105656,56.54999923706055,52.915000915527344,3345200.0,False,False,False,0.0249718714414033,0.952501502145391,-0.2823714950494186,0.7005557263844572,-0.2298250244365598,0.7181661342566383,1.1468661222214676,62.0,38.0,38.0,13.0,13.0,24.0,24.0,52.0,44.0,38.0,31.0,42.30769230769231,FND
2026-04-20,144.02999877929688,145.47999572753906,137.83999633789062,138.25,1591400.0,0.0497047717492782,127.05635351036172,117.34590621726451,109.49640045166016,106.25400034586588,101.70780014038084,82.87540000915527,60.174650020599366,81.01000213623047,145.47999572753906,68.97000122070312,145.47999572753906,53.40999984741211,145.47999572753906,41.84000015258789,145.47999572753906,30.200000762939453,145.47999572753906,23.790000915527344,145.47999572753906,1508355.0,1470314.0,1067457.142857143,190281689.89128116,0.0646642916922117,7.508569444928851,0.0521319829797023,7.981963094740285,0.908294464804582,15.486537400284462,16.279340339177494,138.27999877929688,130.8699951171875,1609500.0,False,False,False,0.514511052473789,1.4074279428453091,0.8392287481752194,1.7954724802267945,2.4374700127478257,3.205342459838045,1.4130356521506382,80.0,97.0,97.0,98.0,98.0,99.0,99.0,96.0,96.0,97.0,98.0,100.0,FORM
2026-04-20,49.31999969482422,50.4900016784668,49.16999816894531,49.33000183105469,1576700.0,-0.0068465596784653,46.84459876380285,46.20729940344809,45.06119979858399,45.17066663106282,48.80619995117188,57.05059997558594,71.12955005645752,39.90499877929688,55.459999084472656,39.90499877929688,66.91799926757812,39.90499877929688,70.73999786376953,39.90499877929688,77.5,39.90499877929688,88.5,39.90499877929688,108.5,2564465.0,2417372.0,2035139.2857142857,98537786.5466118,0.0702763298396715,2.3035717010498047,0.0467066446736322,0.2253928935594679,-0.1475969480059781,-10.467057457576544,-7.96135101824381,50.7400016784668,48.875,1294700.0,True,True,False,0.1756853110333136,1.0925587872325555,-0.234280439517537,0.7475026691387066,-0.334233281914566,0.6208084207025253,1.260093114019925,71.0,80.0,80.0,16.0,16.0,19.0,19.0,66.0,58.0,51.0,43.0,80.76923076923077,FOUR
2026-04-20,34.09000015258789,34.11000061035156,32.95000076293945,33.689998626708984,2496600.0,0.011873005110834,32.550151614214926,32.247352686134604,32.2383999633789,32.48266658782959,32.93159996032715,32.85450976502661,0.0,27.270000457763672,37.52999877929688,25.950000762939453,37.52999877929688,25.950000762939453,37.52999877929688,0.0,0.0,0.0,0.0,0.0,0.0,3931060.0,3971600.0,0.0,160213125.59531212,0.0595990676778264,1.6185714176722936,0.0474793608221624,0.740868152088794,0.2471324536634645,-2.4518238863743207,0.5090587280674114,34.72999954223633,33.099998474121094,3625300.0,False,True,False,-0.0504178634083415,0.8824421788688009,0.0,0.0,0.0,0.0,0.0,0.0,14.0,14.0,0.0,0.0,0.0,0.0,68.0,70.0,63.0,0.0,61.53846153846154,FPS
2026-04-20,3.7100000381469727,4.289999961853027,3.4600000381469727,3.7200000286102295,4348400.0,-0.1351981186161897,2.804181867956146,2.7214494099701767,2.668599987030029,2.7181666612625124,2.999500002861023,4.800250000953675,15.334649991989137,1.7599999904632568,5.550000190734863,1.7599999904632568,5.550000190734863,1.7599999904632568,11.670000076293944,1.7599999904632568,24.440000534057617,1.7599999904632568,27.200000762939453,1.7599999904632568,174.60000610351562,1549605.0,1371220.0,1015887.5793650794,10508935.397367476,0.1626677279583201,0.5264286058289664,0.1418945014598708,1.6693587224051285,-1.1017636908099429,-15.312102139765535,-15.839925162872388,5.550000190734863,2.759999990463257,40349200.0,True,True,False,0.3202847379694915,1.2269343493368918,-0.3363148592349451,0.6478957046323737,-0.7778443192421773,0.2071538176584854,1.5253705542580698,84.0,92.0,92.0,10.0,10.0,3.0,3.0,98.0,96.0,95.0,93.0,96.15384615384616,FRMM
2026-04-20,36.970001220703125,36.97999954223633,35.06999969482422,35.9900016784668,3671700.0,-0.0043091797147699,35.627046907799546,34.983617618725745,34.43080024719238,34.09151083628337,33.58654964447022,28.549547023773197,24.77644374847412,29.81999969482422,38.15999984741211,25.03582300811794,38.66353153703388,19.84062233217888,38.66353153703388,19.84062233217888,38.66353153703388,19.84062233217888,38.66353153703388,14.21078134511936,38.66353153703388,4563197.5,4268596.0,3039853.571428572,131243084.12508012,0.0449072359486972,1.796428952898298,0.0485915307974699,2.0731655967330127,-0.0890655025092815,7.070046471352333,11.495817169956204,38.15999984741211,35.869998931884766,7193600.0,False,False,False,0.1243917280937709,1.0448919037193267,0.4508461991026771,1.4163297665475227,0.6576596423759005,1.5457202000200296,1.5011241142959189,83.0,70.0,70.0,94.0,94.0,93.0,93.0,67.0,83.0,92.0,89.0,61.53846153846154,FRO
2026-04-20,45.560001373291016,45.650001525878906,43.709999084472656,44.0,1226200.0,0.0326383154185796,44.83852903530389,44.95497089259501,45.06259994506836,44.48216654459635,44.48409996032715,52.80300003051758,50.20205005645752,39.900001525878906,52.0,34.04999923706055,61.400001525878906,34.04999923706055,70.43000030517578,34.04999923706055,70.43000030517578,34.04999923706055,70.43000030517578,29.5,70.43000030517578,3403972.5,3768226.0,1900120.634920635,131902119.69558716,0.0699119669609555,3.1307144165039062,0.0687162932865767,0.3519718616655478,0.4599596928468206,-8.01376743059641,-2.994943132664376,44.970001220703125,43.33000183105469,3311300.0,False,False,True,0.0483203482065568,0.9741991309401602,-0.199156233747807,0.7817912506498116,-0.0239931217772632,0.910098495771466,1.7914507307806689,90.0,45.0,45.0,19.0,19.0,41.0,41.0,42.0,73.0,67.0,59.0,26.923076923076923,FROG
2026-04-20,68.12000274658203,69.66999816894531,67.58000183105469,69.19000244140625,877500.0,-0.0198560755887478,66.87009806230748,66.41737692558684,63.94759994506836,66.60933341979981,70.64120002746581,67.39059993743896,62.93089994430542,52.310001373291016,83.87999725341797,52.310001373291016,86.0,52.310001373291016,86.0,48.7599983215332,86.0,46.7599983215332,86.0,46.7599983215332,89.80000305175781,1711862.5,1636932.0,1390202.380952381,101636298.15486908,0.0651865163260583,3.500713348388672,0.051390387657674,-0.69449139340738,-0.3942045852035162,2.54046782608154,6.300364977765669,71.98999786376953,66.34500122070312,1700600.0,True,False,True,0.0783600557403556,1.0021148887742886,0.0602335057833778,1.035009964985104,0.2697111054828824,1.183969286434253,1.2313764696815297,69.0,55.0,55.0,66.0,66.0,78.0,78.0,76.0,68.0,62.0,66.0,50.0,FRPT
2026-04-20,10.649999618530272,10.829999923706056,10.5600004196167,10.670000076293944,4941700.0,-0.0193370206985094,10.503180138957203,10.41906963980284,9.998800010681151,10.200333340962729,10.883800048828125,10.501200037002564,9.136800034046171,8.390000343322754,12.020000457763672,8.390000343322754,13.850000381469728,8.390000343322754,13.850000381469728,7.699999809265137,13.850000381469728,7.690000057220459,13.850000381469728,5.230000019073486,13.850000381469728,7316687.5,7422988.0,12568723.015873017,75650725.68588734,0.0471319539393109,0.4857141630990164,0.0456069653048538,-0.4710137402333455,-0.4323531288589635,2.165884223584144,5.643951282470724,11.25,10.8100004196167,5652600.0,False,True,True,0.1833332909478082,1.0996660187185177,0.0220728925673991,0.9977572138382732,0.1198737499696649,1.044250238438125,0.5821345168287796,15.0,81.0,81.0,57.0,57.0,64.0,64.0,72.0,63.0,57.0,65.0,42.30769230769231,FSM
2026-04-20,257.29998779296875,259.3800048828125,253.50999450683597,256.8999938964844,924900.0,-0.007062158203838,257.026376245633,254.71556429583453,247.56979919433596,248.48542277018228,262.7136846923828,239.65242233276368,195.7978073120117,221.83999633789065,280.0967834800925,221.83999633789065,322.9643404900411,161.79663949670524,322.9643404900411,149.2478370591748,322.9643404900411,149.2478370591748,322.9643404900411,84.50419110788141,322.9643404900411,1663427.5,1567250.0,1473859.5238095238,275930289.31022644,0.0515856694723273,14.712644304547991,0.0571808977946249,-0.3603796601329454,-0.1243839687797014,7.86066989017012,11.301477781992183,278.0,258.2300109863281,1205700.0,False,True,True,0.0714582678726367,0.9957010900207224,-0.0583657152978941,0.9192322848901044,0.5222840527804928,1.4194863350709357,1.1286201114340224,60.0,53.0,53.0,36.0,36.0,90.0,90.0,47.0,40.0,85.0,85.0,26.923076923076923,FTAI
2026-04-20,13.289999961853027,13.359999656677246,12.850000381469728,12.970000267028809,1380300.0,0.0145037843397364,12.419923821470764,12.336388381480592,11.903600044250489,12.259666697184246,13.526199951171876,22.27790002822876,33.65395003318787,8.3100004196167,14.880000114440918,8.3100004196167,30.71999931335449,8.3100004196167,34.79999923706055,8.3100004196167,52.68000030517578,8.3100004196167,56.63999938964844,8.3100004196167,56.63999938964844,1939596.475,1892023.34,1384227.107142857,33157407.10144048,0.1051813150909155,1.1422141620091029,0.0859453848974912,-0.2031802590351239,0.1663432189013487,-18.929217078449778,-16.97224727516493,13.84000015258789,12.81999969482422,2430100.0,True,False,False,-0.0369565378139808,0.8949517249419682,-0.5852060055525037,0.4049258161785075,-0.6990489128674249,0.2806282802011542,1.4012126080982945,79.0,16.0,16.0,3.0,3.0,5.0,5.0,93.0,89.0,85.0,80.0,61.53846153846154,FUBO
2026-04-20,19.270000457763672,20.01000022888184,19.059999465942383,19.61000061035156,1714100.0,-0.0350525227671245,19.22343005811866,18.589725614512517,18.05279998779297,17.685999965667726,17.452799949645996,16.602599954605104,20.340149927139283,14.9399995803833,20.729999542236328,14.9399995803833,20.729999542236328,13.0,20.729999542236328,12.510000228881836,27.3700008392334,12.510000228881836,27.3700008392334,12.510000228881836,38.470001220703125,1778282.5,1868572.0,3098263.492063492,32124030.63121796,0.0542940748521592,1.0378569194248743,0.0538586868069706,1.9332231128645017,-0.6744656633196826,1.6994162421276382,2.749715276435011,20.729999542236328,19.709999084472656,2173600.0,False,False,True,0.1061997918121311,1.0279862235558044,0.1629451305169802,1.1352780234261937,-0.0936029985745126,0.8451892768125028,0.5739610283487012,15.0,64.0,64.0,81.0,81.0,34.0,34.0,74.0,67.0,79.0,77.0,61.53846153846154,FUN
2026-04-20,12.859999656677246,13.010000228881836,12.420000076293944,12.420000076293944,1193300.0,0.0086274240531174,11.926380202045632,11.803263599310874,11.545999946594238,11.649999936421713,12.822499961853028,14.679749975204468,15.955500025749206,10.09000015258789,13.010000228881836,10.09000015258789,17.70400047302246,10.09000015258789,17.70400047302246,10.09000015258789,18.770000457763672,10.09000015258789,18.822999954223636,10.09000015258789,20.549999237060547,2058090.0,1870260.0,1291928.9682539685,18795554.041724205,0.0538288374757176,0.6335714203970773,0.049266830273056,0.0593608902324726,0.1736184006032124,-8.071580174178573,-6.02250291380436,13.0,12.399999618530272,1367400.0,False,False,False,0.0379337611243719,0.964546924793242,-0.2299401754989086,0.7517396758786771,-0.268902811533788,0.6817272155883329,1.5930364985789367,86.0,42.0,42.0,17.0,17.0,22.0,22.0,72.0,64.0,58.0,50.0,80.76923076923077,FWRG
2026-04-20,4.860000133514404,4.980000019073486,4.75,4.849999904632568,3979100.0,-0.00613491488554,4.58674170539282,4.639018410334881,4.531999950408935,4.652666616439819,5.221199979782105,7.691299972534179,9.67879997253418,3.825000047683716,5.53000020980835,3.825000047683716,9.8100004196167,3.825000047683716,11.470000267028809,3.825000047683716,12.130000114440918,3.825000047683716,13.6899995803833,3.825000047683716,13.729999542236328,5872537.5,6547418.0,5540285.317460317,22940181.79436445,0.0565019571745382,0.2745715209415981,0.0564961961725395,-1.224497833066476,-0.1092601769779773,-12.747913735938813,-12.056326736104449,5.050000190734863,4.829999923706055,7029200.0,False,True,False,0.0340426235622091,0.9609309090992676,-0.5085945434981062,0.479714649228819,-0.5933054216665072,0.3792310610082132,1.0599702296003752,53.0,41.0,41.0,4.0,4.0,8.0,8.0,72.0,64.0,57.0,49.0,46.15384615384615,GENI
2026-04-20,18.790000915527344,18.84000015258789,18.420000076293945,18.530000686645508,1483800.0,0.0102150822667135,18.019620726710013,17.50151424518187,17.31439998626709,16.781666692097982,15.978400058746338,16.292000036239624,18.408700003623963,13.279999732971191,18.86000061035156,12.510000228881836,18.86000061035156,12.510000228881836,18.86000061035156,12.510000228881836,18.86000061035156,12.510000228881836,22.559999465942383,12.510000228881836,32.09000015258789,2439437.5,2645646.0,2548706.746031746,31470614.35538292,0.0406652502285969,0.7250002452305385,0.0385843645505852,4.56046392017963,0.2620696135036479,1.2997101631817998,2.9090882058538448,18.86000061035156,18.15999984741211,2599300.0,True,False,False,0.1471307617971788,1.0660231799653488,0.0682206226566124,1.04280706393567,0.1224612408863998,1.0466629997041428,0.9571275721689542,41.0,75.0,75.0,68.0,68.0,64.0,64.0,86.0,85.0,80.0,74.0,80.76923076923077,GEO
2026-04-20,1.559999942779541,1.690000057220459,1.5499999523162842,1.659999966621399,21052100.0,-0.0714285764969937,1.6648178512046878,1.6475680605966974,1.6143999910354614,1.6149999936421713,1.6363999938964844,1.484999998807907,1.3876499992609024,1.3799999952316284,1.840000033378601,1.2899999618530271,2.009999990463257,1.2100000381469729,2.009999990463257,1.0399999618530271,2.009999990463257,1.0399999618530271,2.009999990463257,1.0399999618530271,2.009999990463257,20140480.0,19690088.0,11410740.07936508,33426473.029885888,0.0634058845478606,0.1092857377869742,0.0700549626894559,-0.666446472887549,-1.0980390231915,2.7867000937310955,6.936840608196709,1.7400000095367432,1.659999966621399,23705600.0,False,False,False,0.0064516069489635,0.9352907081317258,0.190839702992317,1.1625089686127832,0.2682926167388448,1.1826465862555735,1.765045900609162,89.0,29.0,29.0,83.0,83.0,78.0,78.0,38.0,52.0,60.0,74.0,0.0,GERN
2026-04-20,48.77999877929688,49.470001220703125,48.459999084472656,49.02000045776367,2293900.0,-0.0236189016573165,48.19043927029888,47.51225800974631,45.53599990844727,46.13051325480144,48.865399856567386,47.23076969146729,40.527055444717405,38.380001068115234,52.970001220703125,38.380001068115234,59.8954486373071,38.380001068115234,59.8954486373071,34.456402759663746,59.8954486373071,34.456402759663746,59.8954486373071,18.802351403941024,59.8954486373071,3505947.5,3372282.0,3408232.1428571427,151917385.72731018,0.0433539628222636,2.520714351109096,0.0516751622424995,-0.033820501512431,-0.4681213897388213,2.717977037312969,5.708369643902061,51.209999084472656,48.65999984741211,4319300.0,False,True,True,0.1970551847680215,1.1124177096089731,0.0160047526014923,0.9918334382743258,0.0768081256615114,1.0040927756406497,1.0286703936372543,49.0,83.0,83.0,56.0,56.0,60.0,60.0,72.0,64.0,57.0,68.0,42.30769230769231,GFI
2026-04-20,58.7599983215332,60.06999969482422,56.650001525878906,58.43999862670898,8783100.0,0.0732419784754923,50.78529106241197,48.43552966937517,46.26760025024414,45.94133364359538,46.327700271606446,42.81325008392334,39.0062000656128,40.540000915527344,60.06999969482422,39.18000030517578,60.06999969482422,34.880001068115234,60.06999969482422,32.02000045776367,60.06999969482422,31.59000015258789,60.06999969482422,30.729999542236328,60.06999969482422,3867647.5,4004748.0,3127507.936507937,159030594.81594086,0.0465160498699215,2.501071112496512,0.0425641794407602,6.304728738007023,1.6033123974353989,8.864033228568102,8.586560073493741,54.97999954223633,52.0,5077800.0,False,True,False,0.3551659938746661,1.2593493351254028,0.4248301631911513,1.3909326665021473,0.6994937678936328,1.5847293254218222,1.2366547355011597,69.0,94.0,94.0,94.0,94.0,93.0,93.0,87.0,85.0,88.0,89.0,100.0,GFS
2026-04-20,47.793975830078125,48.05291213056995,46.44948792623031,47.345813195462185,732300.0,0.0018788671269263,47.715013053815866,46.79064450385832,45.51303497314453,45.0818339029948,45.55598327636719,48.70416625976563,45.285422744750974,40.223124260330536,49.99494845348006,40.223124260330536,55.98414755155737,40.223124260330536,56.18137834077828,40.223124260330536,61.335192148448094,25.22270649692338,61.335192148448094,25.22270649692338,63.79466974121784,1153682.5,1216132.0,1803777.7777777775,46534313.76443863,0.0470054348670534,2.058699537643507,0.0430744566001957,1.1404950507798588,0.0435372551041227,-3.712682455160055,-1.3635980022863363,49.87544142083261,47.59479440925018,1491600.0,False,True,True,0.0985290522784241,1.0208578416635803,-0.0569202553688927,0.9206433565288918,0.4703008454089272,1.3710134811496733,0.6395923678699027,17.0,62.0,62.0,36.0,36.0,89.0,89.0,56.0,48.0,41.0,35.0,34.61538461538461,GGAL
2026-04-20,91.06999969482422,92.98999786376952,90.0,90.4499969482422,2050900.0,0.0078574488676057,87.76636488398184,88.2077873123105,87.64079986572266,87.6749994913737,92.41919952392578,99.57229965209962,81.88774982452392,74.55000305175781,99.0,74.55000305175781,118.29000091552734,74.55000305175781,120.73999786376952,68.0199966430664,120.73999786376952,53.400001525878906,120.73999786376952,36.36000061035156,120.73999786376952,2009210.0,2002740.0,2347275.0,189992407.763176,0.0598003570773233,5.77142824445452,0.063373539736407,-0.2303594906135578,0.123019650318768,-5.700683917351852,0.3016206415500703,91.83000183105467,85.33000183105469,2541300.0,False,True,True,0.022339445698976,0.9500552013796714,-0.1878901356295992,0.7927893220701534,0.3497850607253205,1.2586359592238106,0.8559755461119809,30.0,37.0,37.0,20.0,20.0,83.0,83.0,63.0,55.0,49.0,60.0,34.61538461538461,GH
2026-04-20,33.04999923706055,34.28499984741211,32.7400016784668,33.5,1113500.0,-0.0253612684819045,32.32208015066595,32.15721638914306,31.83720016479492,32.29000002543132,33.06959999084473,35.91644996643066,35.2491250038147,27.795000076293945,36.0,27.795000076293945,39.0,27.795000076293945,41.93999862670898,27.795000076293945,41.93999862670898,27.795000076293945,41.93999862670898,27.795000076293945,43.209999084472656,1097927.5,1637504.0,1592711.507936508,34067455.69572449,0.049803532112433,1.5128575733729772,0.0457748141693309,-0.0129484338274799,-0.568461053762091,-7.759253271281946,-4.061469526582823,35.45500183105469,33.849998474121094,847400.0,False,False,True,-0.0276552631652783,0.9035953553884284,-0.1186666870117187,0.8603659066048994,-0.0151967257258921,0.9183008834730164,0.6893448653626278,19.0,17.0,17.0,28.0,28.0,42.0,42.0,56.0,48.0,42.0,35.0,30.76923076923077,GLBE
2026-04-20,50.59999847412109,51.23500061035156,49.7599983215332,49.7599983215332,1529000.0,0.0126075092661184,47.99267836962544,47.29627739594182,45.97600006103516,46.208000055948894,47.81160003662109,57.27870014190674,62.67695009231567,42.0,51.290000915527344,40.7599983215332,71.45999908447266,40.7599983215332,71.45999908447266,40.7599983215332,72.0999984741211,40.7599983215332,72.0999984741211,40.7599983215332,142.2449951171875,1432910.0,1470694.0,1393154.761904762,55238870.77142716,0.0487278984828667,2.212142671857561,0.0437182359400453,1.3340095029954162,0.2847905161962058,-6.949343254668557,-3.6912256227265097,50.775001525878906,49.415000915527344,1206000.0,False,False,False,0.1234457692179344,1.0440128286195047,-0.2580645053031006,0.7242844394170087,-0.1055329901521873,0.8340649009175511,1.0285361247596667,49.0,69.0,69.0,15.0,15.0,33.0,33.0,60.0,58.0,52.0,44.0,92.3076923076923,GLOB
2026-04-20,19.809999465942383,20.170000076293945,19.38999938964844,19.780000686645508,1439600.0,0.0015166217520472,18.329759483495963,17.707625333487034,16.834000091552735,16.830333455403647,17.553200035095216,18.29280002593994,12.955675020217896,14.199999809265137,20.170000076293945,14.199999809265137,23.950000762939453,13.6899995803833,25.770000457763672,11.260000228881836,25.770000457763672,6.059999942779541,25.770000457763672,3.509999990463257,25.770000457763672,1149527.5,1121286.0,1091607.9365079366,18850737.552933693,0.05855433615941,0.9802139145987374,0.0494807643121815,2.5983656253162897,0.0306043189655753,-0.2171010951496086,2.926426274566288,19.924999237060547,18.75,890400.0,False,True,False,0.2334993850997586,1.1462851322453145,-0.1644875482548764,0.8156351489631412,0.9214353695127075,1.791683520407048,1.0530589431928723,52.0,87.0,87.0,22.0,22.0,96.0,96.0,84.0,78.0,76.0,86.0,100.0,GLUE
2026-04-20,165.3800048828125,168.58999633789062,162.50999450683594,166.0800018310547,8571800.0,0.0060834649610388,163.42052711575965,156.0808086070137,148.36000244140624,145.4973353068034,142.78269760131835,117.17679374694823,94.95399808883668,120.01000213623048,176.75,90.84045541803384,176.75,83.79360177257892,176.75,77.24582263520622,176.75,75.74973247947672,176.75,39.563640885359824,176.75,12977697.5,12668692.0,7711173.80952381,1748119388.8339996,0.0592489645860152,8.829998561314174,0.0533921774132917,2.96417251496683,0.113250301577758,11.137256725399652,13.254148161212154,170.10000610351562,163.25,10349800.0,False,True,True,0.2427111707795339,1.1548456010170944,0.7589032114625307,1.7170579324060466,0.9171342459036662,1.7876728456730302,1.6829730233770228,88.0,87.0,87.0,97.0,97.0,96.0,96.0,83.0,94.0,94.0,93.0,73.07692307692307,GLW
2026-04-20,26.799999237060547,27.125,24.959999084472656,25.040000915527344,6142000.0,0.0371516671363685,23.427553284766766,22.171131520136782,21.141999969482423,21.210499954223632,21.275199966430662,23.89560001373291,26.98122504234314,16.43000030517578,27.125,16.43000030517578,33.70000076293945,16.43000030517578,34.72999954223633,16.43000030517578,41.25,16.43000030517578,45.91999816894531,16.43000030517578,45.91999816894531,5460217.5,5647934.0,7628871.982758621,119552426.66983604,0.0790822200322514,1.7404999051775252,0.0649440281614136,3.998560124150979,0.5515651460921738,0.1550399647364004,-0.7721137039715746,27.100000381469727,24.915000915527344,9500300.0,False,False,False,0.2731591547935343,1.1831407682491957,-0.2188866754775681,0.7625302070283199,-0.3284891170251822,0.6261646901530141,0.7157306496085114,20.0,90.0,90.0,18.0,18.0,19.0,19.0,93.0,90.0,87.0,82.0,100.0,GLXY
2026-04-20,7.809999942779541,7.960000038146973,7.570000171661377,7.579999923706055,3351100.0,0.0303430107372657,7.272782981601082,7.170462776711201,6.806799983978271,6.708333317438761,7.842999944686889,9.006249995231629,12.122249991893767,5.65500020980835,7.960000038146973,5.65500020980835,10.604999542236328,5.65500020980835,11.479999542236328,5.65500020980835,15.149999618530272,5.65500020980835,17.780000686645508,5.65500020980835,19.40999984741211,4555600.0,4055200.0,3318677.380952381,26408395.467112064,0.0545586117693044,0.3530714171273367,0.04520760815802,-0.0930722521460667,0.651426334492933,-9.166790570615923,-9.139085582905192,7.659999847412109,7.170000076293945,3926000.0,False,False,False,0.3396226492254954,1.244904978612596,-0.1856100293520862,0.7950151833597447,-0.4796802249375219,0.4851833067680909,1.372715536058721,78.0,93.0,93.0,20.0,20.0,12.0,12.0,83.0,77.0,71.0,64.0,92.3076923076923,GO
2026-04-20,4.210000038146973,4.25,4.110000133514404,4.15500020980835,48419500.0,0.0,3.92472729266907,3.8464916257144335,3.740000009536743,3.756000010172526,3.9418000030517577,4.41789999961853,4.957775001525879,3.4800000190734863,4.28000020980835,3.4800000190734863,4.795000076293945,3.4800000190734863,5.360000133514404,3.4800000190734863,6.239999771118164,3.4800000190734863,6.619999885559082,3.4800000190734863,6.619999885559082,47568515.0,47546474.0,44674013.0952381,216968558.2648754,0.0425124702011583,0.1707143102373395,0.0405497170286201,1.677939960391852,0.0,-9.209096475716436,-9.373031299517251,4.28000020980835,4.110000133514404,72799800.0,False,False,False,0.1440217287432834,1.0631339702840232,-0.0388128017927335,0.9383200237815292,-0.2626970210120672,0.6875139377364139,1.064791625023507,53.0,74.0,74.0,39.0,39.0,22.0,22.0,61.0,53.0,46.0,39.0,100.0,GRAB
2026-04-20,14.949999809265137,15.079999923706056,13.949999809265137,14.039999961853027,1770800.0,0.052075986568024,13.31953238583571,12.604140842203622,11.854000015258787,11.67933333714803,12.032800006866456,14.222600002288818,19.775900030136107,9.170000076293944,15.81999969482422,9.170000076293944,16.469999313354492,9.170000076293944,18.68000030517578,9.170000076293944,21.57999992370605,9.170000076293944,24.18000030517578,9.170000076293944,43.08000183105469,1618692.5,1490412.0,1398009.5238095238,20321570.407648087,0.0809276630746778,1.049285820552281,0.0701863434073086,3.4541950700551083,0.7052413714393593,-7.350795079384834,-7.464185685414488,15.81999969482422,14.0,4047400.0,False,False,False,0.3615665239108223,1.2652973173518731,-0.0748762406913478,0.9031145540165288,-0.2717974033488507,0.6790280915190866,1.1578551307641476,63.0,94.0,94.0,33.0,33.0,22.0,22.0,93.0,90.0,87.0,82.0,96.15384615384616,GRPN
2026-04-20,80.36000061035156,80.37000274658203,79.62000274658203,79.9000015258789,2133800.0,0.0042489875224784,76.9048856330585,72.80922704594688,69.12480010986329,67.2310001373291,64.27860008239746,63.77360023498535,50.15100011825562,53.66999816894531,81.06999969482422,53.66999816894531,81.06999969482422,53.66999816894531,81.06999969482422,41.060001373291016,81.06999969482422,29.63999938964844,81.06999969482422,17.239999771118164,81.06999969482422,1456850.0,1254600.0,954171.4285714284,170141682.52994537,0.0604311540379387,4.133572169712612,0.0514381799193285,4.863756965985472,0.0822542714450284,0.2846270318168526,3.5325358737770385,80.80000305175781,79.76000213623047,1991300.0,False,True,False,0.3060296148972208,1.2136871310298072,0.3357712901292236,1.3039925532283911,0.8148148786292175,1.6922629624821122,1.52682207449994,84.0,92.0,92.0,91.0,91.0,95.0,95.0,90.0,85.0,80.0,91.0,84.61538461538461,GSAT
2026-04-20,25.770000457763672,25.924999237060547,25.51000022888184,25.530000686645508,1540500.0,0.0074276987734287,24.97948877059353,24.45821520177661,23.57520004272461,23.58500010172526,24.95300006866455,23.7382000541687,24.108799991607665,20.8799991607666,26.57999992370605,20.8799991607666,28.46999931335449,20.8799991607666,28.46999931335449,20.8799991607666,28.46999931335449,20.8799991607666,28.46999931335449,16.274999618530273,28.46999931335449,2340622.5,2518662.0,2217969.4444444445,53488442.06551552,0.040809218796419,1.1085710525512695,0.0430178902933349,0.7611151872318829,0.1713922924654664,0.7302899517049442,3.1359708974571903,26.020000457763672,25.475000381469727,2677300.0,True,False,False,0.1639566923300115,1.0816594374608632,0.1327472728687329,1.105798589493341,-0.0042503364207864,0.9285080783842312,1.0552997048100805,52.0,78.0,78.0,78.0,78.0,44.0,44.0,66.0,57.0,51.0,43.0,84.61538461538461,GTES
2026-04-20,6.239999771118164,6.309999942779541,6.025000095367432,6.139999866485596,5411400.0,0.0048308748449128,5.960366677693488,5.93762216041197,5.85879997253418,5.913333304723104,6.128199977874756,7.840749950408935,9.245974979400636,5.150000095367432,6.574999809265137,5.150000095367432,9.1899995803833,5.150000095367432,10.760000228881836,5.150000095367432,12.3100004196167,5.150000095367432,12.510000228881836,5.150000095367432,12.510000228881836,10502937.5,11703544.0,6177802.380952381,63019753.96006346,0.0614167767200553,0.354285682950701,0.0567765538374716,0.3213209503775463,0.0846766731337712,-11.42467871379634,-9.51561506298865,6.400000095367432,6.199999809265137,9273300.0,False,False,False,0.0487394909494702,0.9745886383045692,-0.309352531654388,0.6742165835452222,-0.3861288937987714,0.5724172470676027,1.7001090116419115,88.0,45.0,45.0,11.0,11.0,16.0,16.0,61.0,53.0,47.0,39.0,46.15384615384615,GTM
2026-04-20,25.670000076293945,26.020000457763672,25.1299991607666,25.309999465942383,5087300.0,-0.0081143389212704,24.394280999997868,23.395115750446585,21.79239974975586,21.84743315378825,23.37586433410645,22.096892566680907,17.642094116210938,17.5,26.399999618530277,17.5,28.731057091587807,16.89474161093272,28.731057091587807,14.335538573391398,28.731057091587807,12.995955044188683,28.731057091587807,6.747899716980353,28.731057091587807,5778745.0,5931558.0,6595013.095238095,116362786.4408493,0.0434445914429137,1.1885717936924525,0.0463019785804398,2.1195901047955137,-0.17668186775682,10.206648817165355,11.565415796733486,26.399999618530277,25.299999237060547,5752400.0,False,False,False,0.3764075389464747,1.2790890022836183,0.1412439444034119,1.114093120518467,0.4885791127990961,1.388057442650634,0.876229495916016,32.0,94.0,94.0,79.0,79.0,89.0,89.0,88.0,83.0,81.0,87.0,92.3076923076923,HBM
2026-04-20,31.01000022888184,31.854999542236328,28.40999984741211,28.53499984741211,69289000.0,0.0759889159350311,24.75632698959513,22.987760411867875,22.18439994812012,22.490999921162924,20.078999977111817,26.83759998321533,38.28619989395142,18.6200008392334,31.854999542236328,13.739999771118164,31.854999542236328,13.739999771118164,40.7400016784668,13.739999771118164,50.18999862670898,13.739999771118164,65.29900360107422,13.739999771118164,70.43000030517578,40475257.5,41015786.0,33519642.46031746,718817887.1317863,0.0791250643566712,2.025571550641741,0.065319946329932,8.334355204532173,1.0811765861165368,-5.013620600230663,-7.355641540772739,29.780000686645508,27.399999618530277,58933000.0,False,False,False,0.2835265076462101,1.1927751001177942,-0.011790915926708,0.9646990440553336,-0.475739654625122,0.488857775866431,1.2075086286471286,67.0,90.0,90.0,44.0,44.0,12.0,12.0,94.0,97.0,96.0,94.0,100.0,HIMS
2026-04-20,10.989999771118164,11.199999809265137,10.81999969482422,10.93000030517578,2019100.0,-0.0099099645559649,10.084909067453486,9.485280613796656,9.097600059509276,9.085666704177855,8.507400026321411,8.392399997711182,8.48220000743866,7.210000038146973,12.0,7.019999980926514,12.0,7.019999980926514,12.0,6.849999904632568,12.0,6.849999904632568,12.0,5.97620720890466,12.0,3589645.0,3100730.0,1512516.2698412698,22676039.91051197,0.061441977546814,0.5957141944340297,0.0542051143622016,5.383560365566751,-0.1846533310425325,5.66344531090512,5.142133563502043,11.479999542236328,10.920000076293944,3303100.0,False,True,False,0.2224694161200453,1.1360350343504135,0.2793945955643819,1.24895709137094,0.1817203812605257,1.1019204530259976,2.3732934789367346,95.0,86.0,86.0,89.0,89.0,71.0,71.0,91.0,88.0,84.0,81.0,92.3076923076923,HIMX
2026-04-20,2.539999961853028,2.559999942779541,2.380000114440918,2.390000104904175,25962900.0,0.0119521798819741,2.291042775300099,2.195193253352673,2.1027999925613403,2.1016666611035664,2.1411999917030333,2.5640999948978425,3.0861500030756,1.7300000190734863,2.5799999237060547,1.7300000190734863,3.309999942779541,1.7300000190734863,3.680000066757202,1.7300000190734863,6.300000190734863,1.7300000190734863,7.840000152587891,1.409999966621399,7.840000152587891,12436237.5,11460074.0,19857771.42857143,34634183.57710481,0.0759281620253882,0.1942857333592006,0.0764904473531809,2.4349535630599064,0.1544116022883974,-4.881460118435282,-5.492610004310071,2.5799999237060547,2.1600000858306885,72780800.0,True,False,False,0.2153110364421102,1.1293827860437633,-0.268011544406147,0.7145740458691812,-0.5650685110466183,0.4055611724590565,0.6262655174944103,17.0,85.0,85.0,14.0,14.0,9.0,9.0,88.0,83.0,78.0,72.0,100.0,HIVE
2026-04-20,19.32999992370605,19.440000534057617,18.950000762939453,19.200000762939453,11380700.0,-0.0107472355159622,19.26376132548501,19.30912284487638,18.764400177001956,19.116333516438804,20.60020881652832,20.947015533447267,15.514468123912811,16.25,22.68000030517578,16.25,34.1632959140699,15.946871690226544,34.1632959140699,11.804154131080384,34.1632959140699,10.374861202029848,34.1632959140699,4.5018326828208775,34.1632959140699,17250947.5,18374210.0,22538747.61904762,261597939.76893425,0.0498387620857485,0.9292858668736048,0.0480747993037465,-1.2825846748756198,-0.2259810455611415,3.341819113690393,7.198832873589772,20.36000061035156,19.450000762939453,12707200.0,False,True,True,0.0976717350221689,1.020061140800707,-0.2715225661530167,0.711146553269233,0.2690010121217956,1.1833071446868924,0.7653906859235218,23.0,62.0,62.0,14.0,14.0,78.0,78.0,56.0,48.0,47.0,82.0,23.07692307692308,HL
2026-04-20,16.979999542236328,17.030000686645508,16.65999984741211,17.0,830100.0,-0.0023502299912746,16.094620115477476,15.743363238186628,15.190400009155274,15.306666692097982,16.264400024414062,15.413799991607666,12.30004998922348,13.56999969482422,17.459999084472656,13.56999969482422,20.399999618530277,11.65999984741211,20.399999618530277,7.559999942779541,20.399999618530277,7.559999942779541,20.399999618530277,6.199999809265137,20.399999618530277,1394010.0,1572636.0,1769306.746031746,18509411.87342167,0.0422884096881879,0.7714286531720843,0.045431606240814,0.9684426342511396,-0.0518530331520116,4.714852599536847,11.972113402008755,17.459999084472656,16.43000030517578,1279500.0,True,True,False,0.1403626024663464,1.059733561577762,0.0005892887027971,0.9767847167776128,0.972125461011832,1.8389505807661688,0.7878848611901397,25.0,74.0,74.0,48.0,48.0,96.0,96.0,69.0,60.0,77.0,94.0,88.46153846153845,HLF
2026-04-20,17.993837356567383,18.12138281653808,17.728933088149876,17.90553593376155,5818400.0,-0.0176753714348903,16.884330022530953,16.47992705756755,15.380511589050291,15.627035776774088,17.606096153259276,19.07013116836548,17.450048179626464,12.784061260276768,19.03382852076265,12.784061260276768,25.56812305082157,12.784061260276768,25.56812305082157,12.784061260276768,25.56812305082157,12.784061260276768,25.56812305082157,12.342555754232816,25.56812305082157,5565102.5,5414052.0,5037464.285714285,88513858.32602978,0.0426178732885755,0.9082414405916376,0.0504751389375067,0.436316223217064,-0.3564806763941334,0.8813374657176638,2.882007936985099,18.95533889653729,17.98402515608902,8042500.0,False,True,False,0.3435898524137384,1.2485916817323637,-0.1587155196714319,0.8212698577979933,-0.1625570596285601,0.7808915872748057,1.104742819871109,58.0,93.0,93.0,23.0,23.0,29.0,29.0,85.0,79.0,74.0,67.0,96.15384615384616,HMY
2026-04-20,43.93000030517578,43.93000030517578,42.86000061035156,42.86000061035156,561500.0,0.0140812699595758,40.85032899480129,40.43475256173458,40.25560012817383,41.10833346048991,40.84659999847412,43.02930013656616,46.94005007743836,34.63999938964844,46.72999954223633,30.07999992370605,47.2400016784668,30.07999992370605,51.150001525878906,30.07999992370605,53.79999923706055,30.07999992370605,61.88999938964844,30.07999992370605,62.18000030517578,980330.0,1260916.0,1213601.3157894737,28791491.01745605,0.0526478806651018,1.9225003378731864,0.0437628118488011,1.7249192952599357,0.3172954502709689,-7.891566902235185,-5.1828652102282415,44.41999816894531,42.79999923706055,483200.0,True,False,False,-0.0130307355252545,0.9171858596094856,0.0138471832163891,0.9897271986567816,-0.134213660780801,0.8073209959520973,0.8077858743604561,26.0,20.0,20.0,55.0,55.0,31.0,31.0,71.0,83.0,77.0,72.0,61.53846153846154,HNGE
2026-04-20,23.950000762939453,24.100000381469727,23.26000022888184,23.3700008392334,3180000.0,0.0195828436059364,22.59678699315757,21.549820146071383,20.405600128173827,20.054000091552734,19.800257682800293,20.48287878036499,23.26480046272278,17.09000015258789,24.100000381469727,17.09000015258789,24.100000381469727,17.09000015258789,24.100000381469727,17.09000015258789,27.417277617323837,17.09000015258789,30.67633082221514,17.09000015258789,30.67633082221514,3740937.5,3918572.0,2479007.53968254,74902096.35465622,0.0401573870716647,0.8207142693655831,0.0342678180885725,6.1159498327840085,0.5604885999811755,-3.192616553319233,-3.6716747525326814,23.90999984741211,22.56999969482422,4098300.0,False,False,False,0.3607954683998395,1.264580779120033,0.1811998728182975,1.153098475323852,-0.0896312471996624,0.8488928213596597,1.509046438995124,83.0,94.0,94.0,82.0,82.0,35.0,35.0,85.0,79.0,73.0,66.0,100.0,HOG
2026-04-20,91.2750015258789,92.37999725341795,88.20999908447266,89.69999694824219,35942400.0,0.0057851407810347,81.5935662351295,77.85471562693849,74.16340026855468,74.6721669514974,75.90649993896484,95.5710498046875,107.31722476959229,63.51499938964844,93.31999969482422,63.51499938964844,111.45999908447266,63.51499938964844,139.75,63.51499938964844,150.47000122070312,63.51499938964844,153.86000061035156,39.209999084472656,153.86000061035156,29796242.5,32157750.0,35591042.06349207,2488442149.329567,0.0531421056402714,4.794571467808315,0.0525288566163313,3.854380736051776,0.1094991553267833,-8.594823191873552,-9.428899753906933,93.31999969482422,89.56999969482422,49795300.0,False,False,False,0.2307847494418897,1.1437624341948192,-0.1606124395898088,0.8194180666523738,-0.3055766902730561,0.6475298727012718,0.8371837623311358,29.0,87.0,87.0,23.0,23.0,20.0,20.0,87.0,81.0,76.0,70.0,100.0,HOOD
2026-04-20,27.809999465942383,27.90999984741211,26.34000015258789,26.450000762939453,20616500.0,0.0518153897205886,25.55372247939504,24.681334307925173,24.07958229064941,23.62669429779053,22.871546783447265,22.759838027954103,22.55622679710388,20.46802024588562,27.90999984741211,19.712889088724488,27.90999984741211,19.712889088724488,27.90999984741211,19.67898935160942,27.90999984741211,19.67898935160942,27.90999984741211,14.190995727440304,27.90999984741211,18654612.5,18133900.0,21831910.31746032,466131383.1673336,0.0468010009851103,0.9614286422729492,0.0345713290448051,6.24567360744855,1.4249616369301212,2.5595294309940737,1.223019256786117,26.559999465942383,25.895000457763672,17927100.0,False,False,False,0.2653399520088171,1.1758744201614684,0.3054720335852332,1.2744141327355405,0.2514514200746711,1.1669426520999395,0.8544654237188196,30.0,89.0,89.0,90.0,90.0,77.0,77.0,81.0,80.0,74.0,68.0,96.15384615384616,HPE
2026-04-20,21.899999618530277,22.81999969482422,21.43000030517578,22.739999771118164,1913500.0,-0.0580645325363323,22.61885841523323,22.435903904462407,21.89359992980957,22.36599998474121,23.973400077819825,23.68800006866455,23.75620003223419,17.559999465942383,26.36000061035156,17.559999465942383,28.899999618530277,17.559999465942383,29.350000381469727,14.6899995803833,29.350000381469727,14.6899995803833,30.850000381469727,10.619999885559082,30.850000381469727,1955100.0,2000666.0,2987922.222222222,46939823.02977562,0.0589591524299613,1.290999821254185,0.0589497645544171,-1.4671397452280626,-1.0457014472381747,2.102646182714276,3.518971857277905,24.959999084472656,23.170000076293945,3183300.0,False,False,True,-0.1002465291191951,0.8361366359930305,-0.232924686383107,0.7488261681571214,-0.0369393210660787,0.8980265352539708,0.654334301428343,18.0,9.0,9.0,17.0,17.0,39.0,39.0,68.0,59.0,53.0,74.0,23.07692307692308,HSAI
2026-04-20,31.3799991607666,32.38999938964844,30.854999542236328,31.09000015258789,979800.0,0.0012762925329918,28.943374847069396,27.539013533251765,26.54759986877441,25.76499989827474,25.14569999694824,27.760949993133544,30.108304538946044,20.40999984741211,32.38999938964844,20.1299991607666,33.720001220703125,20.1299991607666,37.2400016784668,20.1299991607666,40.58000183105469,20.1299991607666,41.22299957275391,20.1299991607666,41.22299957275391,1400537.5,1570290.0,930467.816091954,36046082.91559219,0.0610381187902571,1.6048571722848075,0.0511426773488033,4.847752612906963,0.0249237183653951,-2.4046415894745667,-1.0354918570888916,31.709999084472656,30.1299991607666,1095600.0,False,True,False,0.2120509810947783,1.1263532320609364,-0.1555436143805053,0.8243663017098204,-0.0624440389516249,0.8742441153749441,1.5051971446818866,83.0,85.0,85.0,23.0,23.0,37.0,37.0,91.0,87.0,83.0,78.0,100.0,HTFL
2026-04-20,7.809999942779541,8.180000305175781,7.380000114440918,7.420000076293945,27579900.0,0.0511440273513286,6.710894078556263,6.028026579478648,5.3683999824523925,5.142666657765706,4.976099996566773,5.132199988365174,5.620199999809265,3.775000095367432,8.180000305175781,3.775000095367432,8.180000305175781,3.775000095367432,8.180000305175781,3.775000095367432,8.180000305175781,3.775000095367432,8.180000305175781,3.775000095367432,9.390000343322754,9691320.0,8939560.0,10726403.174603175,80202112.08468437,0.1002067162447706,0.6464285850524902,0.0827693456835582,6.880593358508047,0.5878454685138372,2.4517895724601937,1.8635883870436876,7.755000114440918,6.670000076293945,22175700.0,False,False,False,0.9623115340078944,1.823566807927373,0.3983885209373774,1.36512008552452,0.3512110137169875,1.2599656195998932,0.9035013734096874,35.0,99.0,99.0,93.0,93.0,84.0,84.0,98.0,96.0,95.0,92.0,100.0,HTZ
2026-04-20,13.649999618530272,13.949999809265137,13.25,13.300000190734863,3967300.0,0.0224718523212146,13.458747467060808,13.137694897662117,12.72,12.61449712117513,12.648930015563964,11.699063987731934,10.579667074680328,10.31999969482422,14.220000267028809,10.31999969482422,14.281137512893093,9.651903123529245,14.281137512893093,7.189682511486351,14.281137512893093,7.189682511486351,14.281137512893093,7.189682511486351,14.281137512893093,6745922.5,6910946.0,5233494.444444444,70797592.8328371,0.0582586762664001,0.6985713413783482,0.0511773890769943,1.5464374521888482,0.4294468142203195,5.448104261382047,8.982317368596375,13.65999984741211,13.09000015258789,6556500.0,False,False,True,0.185925225638013,1.1020746913413195,0.1540295881165057,1.126574586704563,0.6499338150355316,1.5385160870184251,1.288990094784768,73.0,82.0,82.0,80.0,80.0,93.0,93.0,78.0,71.0,74.0,90.0,46.15384615384615,HUN
2026-04-20,78.98999786376953,79.04000091552734,73.73999786376953,73.98999786376953,4876900.0,0.0546060915162662,68.50953628114372,62.47949108369203,57.0163996887207,55.71033312479655,54.77969985961914,52.61754985809326,42.66617484092713,42.060001373291016,79.04000091552734,42.060001373291016,79.04000091552734,34.18000030517578,79.04000091552734,31.670000076293945,79.04000091552734,31.670000076293945,79.04000091552734,10.609999656677246,79.04000091552734,4782312.5,4613434.0,6225479.365079365,311134081.9405556,0.0796473789953944,5.212787083217076,0.0659930019520615,6.697035520189979,0.7846083625894961,4.106403044536313,3.673388532718752,76.08000183105469,72.08000183105469,6006000.0,False,False,False,0.5753888876208735,1.4640014265092192,0.3242245740681171,1.2927205399210315,0.6193111898414876,1.509961364969312,0.7681838167877428,23.0,97.0,97.0,91.0,91.0,92.0,92.0,97.0,95.0,96.0,96.0,100.0,HUT
2026-04-20,43.970001220703125,44.83000183105469,42.45000076293945,43.09000015258789,1860900.0,-0.0045278912504641,40.4761727070069,39.00162607916749,36.59600021362305,37.36566670735677,39.2532999420166,32.71114992141724,19.264999965429308,29.209999084472656,46.65999984741211,29.209999084472656,58.72999954223633,11.1899995803833,58.72999954223633,6.480000019073486,58.72999954223633,5.690000057220459,58.72999954223633,2.7100000381469727,58.72999954223633,3580557.5,3706770.0,2234075.793650794,89492036.81601524,0.0933076845269325,3.413856642586844,0.0776405855767736,1.5476522983769043,-0.0585838742457094,13.963878601230498,17.836745320549728,45.79899978637695,42.09999847412109,2836400.0,True,False,False,0.3844458722867951,1.2865589873580707,0.2697083414527375,1.2395012785955055,3.9739819526848086,4.638095892701065,1.6027018913932485,86.0,94.0,94.0,88.0,88.0,99.0,99.0,90.0,85.0,99.0,99.0,96.15384615384616,HYMC
2026-04-20,1.7000000476837158,1.7200000286102295,1.6200000047683716,1.6399999856948853,17363100.0,0.024096434859411,1.6434418257803656,1.6250918715974538,1.5423999881744386,1.5793333252271016,1.7189999914169312,1.611199995279312,1.2194999969005584,1.2300000190734863,1.8799999952316284,1.2300000190734863,2.240000009536743,1.2300000190734863,2.240000009536743,0.8880000114440918,2.240000009536743,0.8640000224113464,2.240000009536743,0.4819999933242798,2.240000009536743,19746720.0,17957244.0,9229985.317460315,32529810.494748358,0.0614895236847083,0.0935714415141514,0.0550420228762019,-0.2008084823168412,0.4274817232164518,5.779538678349734,9.28593552316659,1.725000023841858,1.6399999856948853,12814100.0,False,False,False,0.2878787728271106,1.1968196395222883,0.0625000139698384,1.037222551689741,0.5454545553065526,1.4410921658962623,2.139409687103752,93.0,91.0,91.0,67.0,67.0,91.0,91.0,83.0,77.0,71.0,90.0,53.84615384615385,IAUX
2026-04-20,8.199999809265137,8.350000381469727,7.650000095367432,7.659999847412109,16211200.0,0.0649350665435559,7.598142696791033,7.625300847847478,7.687800006866455,7.771166706085205,8.019400005340577,5.70059999704361,4.090624997615814,6.539999961853027,9.539999961853027,5.539999961853027,12.43000030517578,1.950000047683716,12.43000030517578,1.950000047683716,12.43000030517578,1.950000047683716,12.43000030517578,1.830000042915344,12.43000030517578,28276235.0,29223386.0,17244576.984126985,164668253.17284584,0.1059860171726665,0.6092857633318219,0.0743031435980514,0.3030876286425586,0.8206329937298994,18.52850980949167,20.788219840644317,7.900000095367432,7.260000228881836,21520500.0,False,False,False,-0.0702947740375674,0.8639706600302182,0.4855072169563295,1.4501661796389484,2.241106680630017,3.0222392695095985,1.63971751966008,87.0,11.0,11.0,95.0,95.0,99.0,99.0,69.0,84.0,99.0,98.0,57.692307692307686,IBRX
2026-04-20,117.12000274658205,119.4499969482422,115.77999877929688,118.25,995000.0,-0.0213903538775562,113.4268800570947,110.87640989053416,106.81120025634766,106.26966679890953,107.9247999572754,145.18299980163573,157.97930004119874,95.75,121.02999877929688,66.56999969482422,191.0,66.56999969482422,203.91000366210935,66.56999969482422,203.91000366210935,66.56999969482422,203.91000366210935,66.56999969482422,211.0,1062197.5,2012078.0,1369887.6984126985,96472844.01065826,0.0459794717524739,5.116428375244141,0.043685350540119,1.950312634689697,-0.5003485577908817,-7.440740415789461,-4.635721004205135,121.02999877929688,116.41000366210938,1175700.0,False,False,False,0.194492596647424,1.1100363086142158,-0.3586331397233296,0.6261083883659037,-0.3785418732134421,0.5794919267406281,0.775390202591627,24.0,83.0,83.0,9.0,9.0,16.0,16.0,64.0,93.0,90.0,86.0,73.07692307692307,ICLR
2026-04-20,33.599998474121094,34.040000915527344,33.09000015258789,33.720001220703125,843900.0,-0.0091418866023579,32.58325079286508,32.4070419063587,32.27599983215332,32.55633335113525,32.45900001525879,33.64670001983642,30.050250005722045,29.56999969482422,38.09999847412109,29.468000411987305,38.09999847412109,29.468000411987305,39.27999877929688,28.84000015258789,39.27999877929688,24.238000869750977,39.27999877929688,16.06999969482422,39.27999877929688,1324410.0,1247796.0,1148282.9365079366,56366409.14216995,0.0635837176970421,2.1557861055646623,0.0641603036745689,0.5478775574041514,-0.1437996898165448,-4.988042219162966,0.1006739731439505,34.665000915527344,32.630001068115234,1613300.0,True,True,True,0.0306748480615368,0.9578012512884948,-0.0625000465661285,0.9151963116466344,0.2134343743617632,1.131492844430555,1.1533829841865335,63.0,40.0,40.0,35.0,35.0,74.0,74.0,40.0,34.0,28.0,30.0,30.76923076923077,IDYA
2026-04-20,15.390000343322754,15.664999961853027,14.70699977874756,15.079999923706056,2627800.0,-0.0006493036009875,14.184276127683823,13.568327548079637,12.550400009155274,12.672666676839192,14.016000022888184,15.192400045394898,13.313200025558473,10.619999885559082,15.664999961853027,10.619999885559082,21.549999237060547,10.619999885559082,21.549999237060547,10.619999885559082,21.549999237060547,8.5600004196167,21.549999237060547,5.829999923706055,21.549999237060547,2228270.0,2136148.0,1708766.6666666667,28997283.39840412,0.0557890992186775,0.8070000920976911,0.0524366519879789,1.869509987827839,-0.0123906741838501,2.653307539014472,3.032481242799023,15.479999542236328,14.979999542236328,2921200.0,False,False,False,0.353562049096362,1.257858796845026,-0.1205714089529854,0.8585064990508247,-0.044099380206484,0.891349984915326,1.3040223943194895,74.0,93.0,93.0,27.0,27.0,39.0,39.0,87.0,82.0,76.0,71.0,100.0,IE
2026-04-20,24.25,24.899999618530277,24.1299991607666,24.46999931335449,985300.0,-0.01542830587554,23.067024252526068,22.37875777106552,21.568399963378905,21.504999987284343,21.87720001220703,21.779399967193605,16.973424987792967,19.15999984741211,24.899999618530277,19.15999984741211,27.649999618530277,18.809999465942383,27.649999618530277,14.640000343322754,27.649999618530277,8.925000190734863,27.649999618530277,6.9710001945495605,27.649999618530277,1304872.5,1238480.0,1399864.6825396826,28108898.362636566,0.0517888030288393,1.2478570938110352,0.0514580244870529,2.1077363469251957,-0.3045213772083948,0.2624975076803544,4.240018449512054,24.809999465942383,23.530000686645508,1022400.0,False,True,False,0.1641862740672282,1.0818727866811269,0.0821062099561045,1.0563623054426114,0.4705882557059393,1.3712814830304143,0.9321418821943958,38.0,78.0,78.0,71.0,71.0,89.0,89.0,71.0,63.0,60.0,83.0,92.3076923076923,IMNM
2026-04-20,7.619999885559082,7.929999828338623,7.269999980926514,7.449999809265137,3127600.0,0.0019723690266897,6.967600403124571,6.737782783839354,6.464199981689453,6.507833305994669,6.720399990081787,7.854749989509583,10.822849996089936,5.329999923706055,8.149999618530273,5.329999923706055,13.0600004196167,5.329999923706055,13.524999618530272,5.329999923706055,21.600000381469727,5.329999923706055,31.5,5.329999923706055,31.5,1705350.0,1685848.0,1706904.365079365,12092024.769861698,0.0766444274891853,0.5136428219931466,0.067407195499644,1.9858571974390016,0.0292029126921116,-2.6816420500926914,-2.2630418234653327,8.149999618530273,7.119999885559082,5154400.0,True,False,False,0.2450980437988963,1.1570637108010984,-0.3481608076063565,0.6363315779166736,-0.6723989763294429,0.3054785837151909,0.9990893660411416,45.0,88.0,88.0,9.0,9.0,6.0,6.0,87.0,81.0,75.0,69.0,100.0,IMSR
2026-04-20,28.530000686645508,29.36000061035156,28.440000534057617,29.200000762939453,1501500.0,-0.0262798146916364,26.871341429896237,26.087409932032216,25.17199996948242,25.21299991607666,25.854199905395507,25.62789995193481,21.739074993133546,22.790000915527344,29.479999542236328,22.790000915527344,29.479999542236328,22.32999992370605,29.479999542236328,19.209999084472656,29.479999542236328,14.579999923706056,29.479999542236328,13.359999656677246,29.479999542236328,1392217.5,1398864.0,1503676.1904761903,39530358.31210136,0.0522760529129318,1.3267856325422014,0.0465049281671854,2.225480000739327,-0.5803488759067095,0.1570525496579593,2.5330115542420417,29.479999542236328,27.5,3421800.0,True,False,False,0.2063425432062862,1.121048407787031,0.0860296988770674,1.0601924523947257,0.638713436915183,1.528053405374305,0.9258758692981012,37.0,84.0,84.0,71.0,71.0,93.0,93.0,69.0,60.0,58.0,73.0,96.15384615384616,IMVT
2026-04-20,3.390000104904175,3.470000028610229,3.3299999237060547,3.3299999237060547,2203700.0,0.0029585769599629,3.1322270629175724,3.057732896283568,2.9548000049591066,2.8859999974568686,3.127400002479553,3.569400007724762,3.959550015926361,2.414999961853028,3.470000028610229,2.319999933242798,4.739999771118164,2.319999933242798,4.739999771118164,2.319999933242798,5.96999979019165,2.319999933242798,6.050000190734863,1.7599999904632568,6.050000190734863,5080005.0,4865790.0,4028540.873015873,10294114.585492613,0.076973506831006,0.2182142904826573,0.0643699952005829,1.304451637328177,0.0458264692066608,-1.6591030159589653,-1.411046720922807,3.434999942779541,3.305000066757202,3681200.0,False,False,False,0.2988506671107402,1.2070157688773708,-0.2079439395504205,0.7732126092227589,-0.3847549974435991,0.5736983661192073,1.2610037132866354,71.0,91.0,91.0,19.0,19.0,16.0,16.0,85.0,83.0,77.0,72.0,80.76923076923077,INDI
2026-04-20,32.41999816894531,33.20000076293945,32.02000045776367,32.5099983215332,894400.0,-0.0085627702587542,31.86767916607586,31.50818350172368,30.79080009460449,31.01700013478597,31.94860015869141,33.39415004730225,28.442349987030028,27.68000030517578,35.34000015258789,27.68000030517578,36.02999877929688,27.68000030517578,37.65999984741211,24.280000686645508,38.0,22.21999931335449,38.0,8.6899995803833,38.0,2797397.5,2568710.0,2319119.8412698414,57041385.78654289,0.0412770214844098,1.3417855671473913,0.0413875892328911,0.3565051277266384,-0.2086790921364733,-4.396323284126706,0.8471580332393421,32.83000183105469,31.739999771118164,1258200.0,False,True,True,0.0629507596375511,0.9877951029402794,-0.0036878532023878,0.972609330441137,0.3130821169576268,1.2244115140291325,1.2062324034398657,67.0,50.0,50.0,47.0,47.0,81.0,81.0,51.0,43.0,37.0,59.0,26.923076923076923,INDV
2026-04-20,16.0,19.15999984741211,15.699999809265137,16.899999618530273,29797700.0,-0.0815155034486111,14.169290087995282,12.885907165435787,11.476800003051755,11.430666669209796,11.8122727654197,0.0,0.0,8.520000457763672,21.280000686645508,8.520000457763672,21.280000686645508,0.0,0.0,0.0,0.0,0.0,0.0,0.0,0.0,5122770.0,5103222.727272728,0.0,104755753.5331583,0.1210302369812725,1.6728572164263045,0.104553576026644,3.390830085900071,-0.8488471474735103,-2.0562954571334164,-0.8396051775057194,21.280000686645508,15.869999885559082,34659600.0,False,False,False,0.6632016829873522,1.5456054410433278,0.0,0.0,0.0,0.0,0.0,0.0,98.0,98.0,0.0,0.0,0.0,0.0,97.0,95.0,0.0,0.0,96.15384615384616,INFQ
2026-04-20,46.93999862670898,47.84000015258789,45.5,45.619998931884766,725500.0,0.0002130475488639,42.6587037994829,41.92794327748248,41.403599700927735,41.82399965922038,43.15959976196289,49.81419994354248,54.41410007476807,34.22999954223633,48.380001068115234,34.22999954223633,64.9000015258789,34.22999954223633,66.93000030517578,34.22999954223633,81.23999786376953,34.22999954223633,93.8499984741211,29.1299991607666,93.8499984741211,982577.5,1003076.0,1794392.4603174604,40741297.8836441,0.0737165003394819,3.1885716574532643,0.0679286695939304,1.2894577198388903,0.0031356740908839,-5.313207524030521,-4.532910370430217,48.380001068115234,44.90999984741211,1187500.0,True,False,False,0.0564933221762955,0.9817942369133844,-0.237244102561178,0.7446095132760648,-0.4239784040100151,0.5371236614612538,0.5475822718437885,14.0,48.0,48.0,16.0,16.0,14.0,14.0,83.0,76.0,70.0,63.0,73.07692307692307,INOD
2026-04-20,56.970001220703125,58.52999877929688,56.0,56.79999923706055,634600.0,-0.0107657393686758,55.95136804508833,55.781938748172216,54.308400268554685,55.19600016276042,58.26940017700196,80.62220001220703,86.66324977874756,48.29999923706055,62.5099983215332,48.29999923706055,86.0,48.29999923706055,147.02999877929688,48.29999923706055,147.02999877929688,48.29999923706055,147.02999877929688,48.29999923706055,163.35000610351562,1089747.5,1194988.0,1128882.9365079366,52436379.19799805,0.054964526007954,3.199857439313616,0.0561674104045968,-0.3970247353060662,-0.1937582981877337,-8.071752739766204,-3.1966682615412294,58.22999954223633,56.369998931884766,635100.0,False,True,True,0.0418800457707857,0.968214188411234,-0.3823051160452952,0.6029995814375442,-0.2633824163656932,0.6868748261745368,0.9653325998274034,41.0,43.0,43.0,8.0,8.0,22.0,22.0,53.0,45.0,39.0,33.0,38.46153846153847,INSP
2026-04-20,65.69999694824219,69.20999908447266,64.47000122070312,68.44999694824219,96851100.0,-0.040875956959968,62.65347106749486,57.56657800701216,52.579199981689456,51.52800000508626,49.33960006713867,45.74810009002685,37.50125003814697,40.630001068115234,70.33000183105469,40.630001068115234,70.33000183105469,34.95000076293945,70.33000183105469,32.88999938964844,70.33000183105469,24.21999931335449,70.33000183105469,18.25,70.33000183105469,95033820.0,93438938.0,101008824.6031746,5874003487.889404,0.0572095166321549,3.6371432713099887,0.0553598697146865,5.989673515967881,-0.7698357867407671,9.697318332911026,9.993920795408911,70.33000183105469,67.73999786376953,118831500.0,False,False,False,0.4226937313570922,1.3221025415114842,0.3990629946576365,1.3657785131423803,0.7833875319250501,1.6629578606434507,0.940846706942209,39.0,95.0,95.0,93.0,93.0,95.0,95.0,93.0,89.0,92.0,91.0,84.61538461538461,INTC
2026-04-20,48.31999969482422,48.56499862670898,45.119998931884766,45.34000015258789,47873500.0,0.0483835872174784,38.99914212660999,35.72983126093396,32.84640014648438,33.081000010172524,33.76940006256103,40.663199977874754,46.50314999580383,25.88999938964844,48.56499862670898,25.88999938964844,50.59000015258789,25.88999938964844,55.65999984741211,25.88999938964844,65.5,25.88999938964844,84.63999938964844,23.48500061035156,84.63999938964844,26824712.5,24966020.0,23833072.61904762,1115403820.9914017,0.0821710862180653,3.0900000163487027,0.0639486762389132,6.737922121908214,0.7216826959345477,-1.847093459199028,-4.290807569394707,46.68999862670898,43.68000030517578,48967100.0,False,False,False,0.5147335508667465,1.4076347095473252,-0.0488188893598855,0.9285519865651768,-0.2633022961931425,0.6869495359436444,1.1255247247709652,60.0,97.0,97.0,37.0,37.0,22.0,22.0,97.0,94.0,92.0,89.0,100.0,IONQ
2026-04-20,30.809999465942383,31.23500061035156,29.950000762939453,30.424999237060547,5432800.0,0.0062050496897942,29.42353444748861,29.80271914961233,30.755599975585938,31.053666750590008,29.767000045776367,32.60739980697632,35.10355002403259,25.100000381469727,35.54999923706055,23.3799991607666,35.55500030517578,23.3799991607666,45.5,23.3799991607666,47.470001220703125,23.3799991607666,47.470001220703125,23.3799991607666,48.40499877929688,7908537.5,8098196.0,6145149.603174604,182567562.9774761,0.05641993630547,1.7114286422729492,0.0555478309619828,0.6307857789842043,0.1110175569205427,-7.927510747439133,-5.252755875114184,30.799999237060547,29.56999969482422,9119700.0,False,False,False,-0.0846702434459114,0.8506116044434175,-0.1169389508478052,0.862052538971035,-0.1540362159541918,0.7888370302668342,1.2869560565156013,73.0,10.0,10.0,28.0,28.0,30.0,30.0,64.0,70.0,64.0,57.0,30.76923076923077,IOT
2026-04-20,3.7799999713897705,3.859999895095825,3.660000085830689,3.75,9751100.0,-0.0207253693990239,3.713288243711701,3.691135837408397,3.6532000064849854,3.8270000060399374,3.6189999914169313,3.0575999999046326,2.689150003790856,3.180000066757202,5.630000114440918,2.25,5.630000114440918,2.0799999237060547,5.630000114440918,1.7599999904632568,5.630000114440918,1.7599999904632568,5.630000114440918,1.6399999856948853,5.630000114440918,18588725.0,16333506.0,15087351.587301588,48669791.85978532,0.0793857870415906,0.2964285441807338,0.0784202503768135,0.5672950777892471,-0.2698792855025404,4.934066921285492,8.29026262214747,3.9700000286102295,3.849999904632568,10684200.0,False,True,True,-0.0232557924627198,0.9076837626604626,0.6016949743280764,1.5635897660782168,0.6874999800430879,1.5735454613272783,1.2320734286887949,69.0,18.0,18.0,96.0,96.0,93.0,93.0,56.0,91.0,91.0,93.0,30.76923076923077,IOVA
2026-04-20,1.399999976158142,1.4199999570846558,1.375,1.399999976158142,7955300.0,-0.0070921919858044,1.3650581384304914,1.3574608962365793,1.3059999990463256,1.3116666634877523,1.4796000027656555,1.7491999924182893,1.9901500010490416,1.1799999475479126,1.4700000286102295,1.1799999475479126,2.188999891281128,1.1799999475479126,2.188999891281128,1.1799999475479126,2.359999895095825,1.1799999475479126,2.7300000190734863,1.1799999475479126,2.8399999141693115,10942397.5,10373420.0,15645827.38095238,11921742.075008154,0.051456133394629,0.0699999843324933,0.0499999896604185,-1.0759670575743208,-0.1428570385924348,-12.399761660914022,-9.56503260029199,1.4700000286102295,1.399999976158142,6020000.0,False,True,True,0.1382113450800679,1.0577344082848523,-0.2783505490386446,0.7044810118683782,-0.3203883422107606,0.6337184309489945,0.6993811981667104,20.0,73.0,73.0,13.0,13.0,19.0,19.0,55.0,47.0,41.0,34.0,57.692307692307686,IQ
2026-04-20,41.7400016784668,42.7400016784668,41.34999847412109,41.650001525878906,2678500.0,-0.0026283584149308,37.76759386088868,34.27905310990234,31.58120002746582,30.409825642903645,27.310867347717284,22.79776643753052,22.191801643371583,23.268748592996012,44.36000061035156,18.32873776265436,44.36000061035156,16.20164776221908,44.36000061035156,15.430993559331483,44.36000061035156,15.430993559331483,44.36000061035156,15.430993559331483,44.36000061035156,2256175.0,2358330.0,2233280.9523809524,86572897.14964867,0.0638468160806335,2.278571673801967,0.05458964020544,9.678199092161943,-0.0482744505775229,16.029305237410828,15.036478570415827,44.36000061035156,41.43000030517578,3877200.0,False,True,False,0.5858663435575531,1.4737380766519348,1.2055346126448416,2.1530637258254823,1.261346188125334,2.1086406357904104,1.010251306533842,47.0,97.0,97.0,99.0,99.0,97.0,97.0,96.0,97.0,97.0,96.0,92.3076923076923,IRDM
2026-04-20,48.720001220703125,49.9900016784668,47.40999984741211,48.10499954223633,35973000.0,0.0124688757717488,44.50578910991069,42.27924188169893,40.51800010681152,40.494666735331215,41.09850017547608,43.92330011367798,40.57847507953644,30.76000022888184,49.9900016784668,30.76000022888184,63.59000015258789,30.76000022888184,63.59000015258789,30.76000022888184,76.87000274658203,30.76000022888184,76.87000274658203,5.360000133514404,76.87000274658203,33406835.0,34314636.0,32762195.634920634,1340745150.3657532,0.0822770987249774,3.148571286882673,0.0646258458126785,2.86951368401414,0.1905633489443421,-1.3246455097495429,-0.6943289825355036,49.84000015258789,47.16999816894531,30817700.0,False,True,False,0.1694671483233234,1.086780278097938,-0.1573849623339878,0.8225687604413514,-0.2120329972846117,0.7347566906441085,1.019676317554012,48.0,79.0,79.0,23.0,23.0,25.0,25.0,92.0,88.0,84.0,80.0,96.15384615384616,IREN
2026-04-20,15.869999885559082,16.594999313354492,14.93000030517578,14.93000030517578,2506700.0,0.0031605683754356,15.163118896881192,14.757625543129905,14.411199951171875,14.33116658528646,13.977099952697754,15.153449993133544,20.24144999504089,13.020000457763672,16.594999313354492,12.119999885559082,16.594999313354492,12.119999885559082,16.770000457763672,12.119999885559082,35.34000015258789,12.119999885559082,35.34000015258789,12.119999885559082,35.34000015258789,1072417.5,1071958.0,1225433.3333333333,15437169.452443125,0.0418766410811664,0.7128571101597377,0.0449185327851453,3.014984077119454,0.0701405513422727,-5.3381105976116,-2.7127203852415844,15.850000381469728,15.329999923706056,1148200.0,False,False,False,0.1207627158597388,1.0415194798504075,0.1533429957543473,1.1259043287539885,-0.4165441382199417,0.5440559016571748,0.875133286184479,32.0,69.0,69.0,80.0,80.0,15.0,15.0,63.0,69.0,63.0,56.0,88.46153846153845,JANX
2026-04-20,330.2799987792969,331.82000732421875,321.3399963378906,322.6099853515625,861100.0,0.0267027146404876,305.0269780885999,291.03109684089446,280.0820013427734,275.2970011393229,269.3146594238281,249.5856039428711,231.6771411895752,234.9600067138672,331.82000732421875,227.2185759564142,331.82000732421875,206.69501830261413,331.82000732421875,189.54042393487896,331.82000732421875,189.54042393487896,331.82000732421875,127.52112062944023,331.82000732421875,1197407.5,1173232.0,1297963.492063492,286615237.35679626,0.0408012228899554,11.327142987932476,0.0342955765707799,6.600622467520285,0.7583550721520945,8.1972560339418,8.173152022589315,323.54998779296875,312.8500061035156,1318000.0,False,False,False,0.2448833508671473,1.1568641976771885,0.3147511875761009,1.283472530526962,0.5758309917561144,1.4694173239832475,0.9225278733351514,37.0,88.0,88.0,90.0,90.0,91.0,91.0,85.0,82.0,85.0,86.0,100.0,JBL
2026-04-20,5.75,5.889999866485596,5.659999847412109,5.659999847412109,31542800.0,-0.0204429110559773,5.322258413477121,5.042522620952111,4.686400012969971,4.62599999109904,5.039799995422364,4.981500010490418,4.829900004863739,3.869999885559082,6.159999847412109,3.869999885559082,6.5,3.869999885559082,6.5,3.869999885559082,6.5,3.869999885559082,6.5,3.400000095367432,6.5,27775587.5,25321942.0,22052763.888888888,157239360.40671825,0.0698733417256274,0.3835713522774832,0.0667080612656492,2.112462703472499,-0.3128489258819092,2.9860376171188845,4.720855031640093,6.159999847412109,5.800000190734863,37070600.0,False,False,False,0.3990267185425258,1.300108898675738,0.0687732114662849,1.0433465063522986,0.2054507385727773,1.1240483324250925,1.2595059576180612,71.0,95.0,95.0,68.0,68.0,73.0,73.0,89.0,84.0,79.0,73.0,96.15384615384616,JBLU
2026-04-20,21.959999084472656,22.059999465942383,21.51000022888184,21.59000015258789,5763400.0,0.0096551303205818,20.717373443110237,20.428796464820437,19.76360008239746,19.875333404541017,21.630799980163573,21.585500011444093,21.978150005340577,17.360000610351562,22.25,17.360000610351562,27.43000030517578,17.360000610351562,27.43000030517578,16.459999084472656,27.43000030517578,16.459999084472656,27.43000030517578,16.459999084472656,29.82999992370605,6642982.5,6850034.0,6519559.126984127,144205781.66246414,0.0438144724483702,1.0307140350341797,0.0469359780512454,0.3242501542619955,0.2037413650486407,0.825065820562763,3.523104466681396,22.25,20.450000762939453,13121900.0,True,False,False,0.1267316235177558,1.0470663574466024,-0.0718512584067238,0.9060675703015364,0.0124480656416345,0.9440788606582964,1.0189312452900428,48.0,70.0,70.0,34.0,34.0,48.0,48.0,71.0,62.0,56.0,59.0,100.0,JHX
2026-04-20,8.020000457763672,8.300000190734863,7.769999980926514,8.020000457763672,4914500.0,-0.0171567882679357,7.473778662807449,7.362966381332485,7.077999992370605,7.165999984741211,7.923199987411499,10.255199999809266,9.535149998664856,6.289999961853027,8.430000305175781,6.289999961853027,14.149999618530272,6.289999961853027,14.720000267028809,6.289999961853027,14.720000267028809,6.289999961853027,14.720000267028809,2.0199999809265137,14.720000267028809,1731775.0,2011300.0,3190574.603174603,13611689.11108017,0.0540574249035414,0.481285776410784,0.0600106918877891,0.2035861434699619,-0.2908861979934061,-6.743118204149181,-5.116858758970642,8.430000305175781,7.909999847412109,4219600.0,False,True,False,0.1359774111564902,1.055658424077687,-0.3558232465356918,0.6288514326423624,-0.3249157928866654,0.6294967126990949,0.5427784068352121,13.0,73.0,73.0,9.0,9.0,19.0,19.0,72.0,64.0,58.0,50.0,96.15384615384616,JMIA
2026-04-20,9.140000343322754,9.229999542236328,8.930000305175781,9.100000381469728,17093500.0,-0.0086767810617249,8.900088540160487,8.917110488699583,8.854000072479248,9.031333367029823,9.418200025558471,11.726800045967105,13.673200018405916,7.75,10.5600004196167,7.75,14.609999656677246,7.75,16.584999084472656,7.75,17.5049991607666,7.75,19.979999542236328,5.610000133514404,20.950000762939453,23353005.0,22894256.0,29786262.698412698,184517664.27400827,0.0532690145724408,0.4932143007005964,0.053962175292577,-0.5473930403041847,-0.1622011437876337,-8.791200836231644,-6.63054123670853,9.890000343322754,9.199999809265137,25034100.0,False,True,True,-0.0567594696468285,0.8765489542482278,-0.4076474295171033,0.5782601756028669,-0.4312383001309863,0.5303540159940164,0.7840193056930393,24.0,13.0,13.0,7.0,7.0,14.0,14.0,53.0,45.0,39.0,33.0,38.46153846153847,JOBY
2026-04-20,18.170000076293945,18.239999771118164,17.860000610351562,17.969999313354492,794000.0,-0.0021965409220046,16.529280007709374,15.518581856497663,14.786399803161622,14.620999844868978,14.04849988937378,12.967399950027463,13.448024973869323,12.729999542236328,18.3799991607666,11.154999732971191,18.3799991607666,10.289999961853027,18.3799991607666,10.289999961853027,18.3799991607666,10.289999961853027,18.3799991607666,10.289999961853027,18.3799991607666,1577990.0,1570228.0,1817981.746031746,19928374.6959734,0.0418882230433608,0.8202143396650042,0.0451411302268029,6.499095862408242,-0.0487665311911609,3.791966461800694,4.193289635204549,18.3799991607666,17.489999771118164,2080900.0,True,False,False,0.2445205206539069,1.1565270212797043,0.5268908116602156,1.4905652357636454,0.4020061745996646,1.3073306541537215,0.8679900133455162,31.0,88.0,88.0,95.0,95.0,86.0,86.0,86.0,90.0,91.0,87.0,96.15384615384616,KC
2026-04-20,14.640000343322754,14.670000076293944,14.170000076293944,14.270000457763672,3805100.0,0.0166667174409951,13.643654134796527,13.351099168645591,12.94719985961914,12.900999895731609,12.905199947357175,19.3513999080658,25.48034999370575,11.989999771118164,14.670000076293944,10.100000381469728,24.88999938964844,10.100000381469728,27.834999084472656,10.100000381469728,29.450000762939453,10.100000381469728,32.529998779296875,10.100000381469728,44.20000076293945,3680085.0,6148962.0,3016392.8571428573,45575362.191114426,0.0431421372233153,0.5818573406764439,0.0397443529392966,3.3822783375563668,0.4124734845030318,-7.774074869000121,-7.475008376105366,14.489999771118164,14.029000282287598,3273900.0,False,False,False,0.1835085269817749,1.0998288647343293,-0.4192780295521778,0.5669062739676193,-0.4676363511518998,0.4964138745644119,1.2200284161545838,68.0,81.0,81.0,6.0,6.0,12.0,12.0,63.0,82.0,77.0,71.0,100.0,KD
2026-04-20,2.880000114440918,2.970000028610229,2.809999942779541,2.880000114440918,20860300.0,0.0,2.58251438268387,2.4111546144139586,2.2828000020980834,2.268000002702077,2.220200002193451,2.462949998378753,2.4540249985456466,1.7949999570846558,3.0,1.6799999475479126,3.0,1.6799999475479126,3.240000009536743,1.6799999475479126,4.889999866485596,1.6799999475479126,6.599999904632568,0.699999988079071,6.599999904632568,32049780.0,32486468.0,46268547.61904762,72655480.85994422,0.0797894281368929,0.1889286126409258,0.0656002101158255,4.530175801787444,0.0,-2.761241735739734,-3.004623825081111,3.0,2.7799999713897705,27941100.0,True,True,False,0.2050209154933862,1.1198202254174563,-0.0237287905462104,0.9530451780677668,-0.4545454545454546,0.508620761191605,0.6926904268506993,19.0,84.0,84.0,42.0,42.0,13.0,13.0,93.0,92.0,89.0,85.0,96.15384615384616,KEEL
2026-04-20,14.899999618530272,15.210000038146973,14.630000114440918,14.859999656677246,4743400.0,-0.0106242228836869,14.2528889514895,14.055920454563385,13.574800033569336,13.869000021616618,14.696000061035155,21.82330009460449,27.511447392011945,12.0600004196167,16.774999618530273,12.0600004196167,28.81999969482422,12.0600004196167,33.099998474121094,12.0600004196167,40.04999923706055,12.0600004196167,47.47999954223633,12.0600004196167,47.47999954223633,6677217.5,7337756.0,4444565.131578947,75754581.82549477,0.0595362028186874,0.8017141478402274,0.0538063200245442,0.2579863866927863,-0.1995733785133502,-12.365036254851203,-12.394838496160562,15.5,14.9399995803833,8223200.0,False,True,False,0.1111110953074103,1.0325502746162172,-0.4862069097058527,0.5015696688457466,-0.5800451011620527,0.3915959305740171,1.502333142236549,83.0,66.0,66.0,5.0,5.0,8.0,8.0,66.0,57.0,51.0,43.0,76.92307692307693,KLAR
2026-04-20,46.43999862670898,47.40999984741211,43.93999862670898,43.93999862670898,678900.0,0.0342983752448755,42.43292189404502,38.89457518430127,35.271600036621095,33.47133344014485,30.1738000869751,27.865300006866452,19.91460001587868,21.0,47.40999984741211,20.8799991607666,47.40999984741211,20.8799991607666,47.40999984741211,15.829999923706056,47.40999984741211,9.100000381469728,47.40999984741211,2.3399999141693115,47.40999984741211,1317117.5,1195022.0,810710.7142857143,78320437.86951065,0.1098919101236735,4.001429421561105,0.0861634267848528,6.256523747766486,0.3848617427892227,4.039454978964443,7.071844203445186,45.61000061035156,41.0,1040700.0,False,False,False,1.0485222086642765,1.9036819792790447,0.7104972110206957,1.6698035374552338,2.112600428233004,2.9024108650041747,1.624645483019749,86.0,99.0,99.0,97.0,97.0,99.0,99.0,98.0,97.0,95.0,97.0,100.0,KOD
2026-04-20,12.989999771118164,13.380000114440918,12.760000228881836,13.170000076293944,1066000.0,-0.0129179390778926,12.210867745027093,11.126078981213864,10.208800010681152,9.660333315531412,8.770999994277954,8.402099986076355,7.451949987411499,6.409999847412109,13.380000114440918,6.409999847412109,13.380000114440918,6.409999847412109,13.380000114440918,5.78000020980835,13.380000114440918,5.78000020980835,13.380000114440918,4.940000057220459,13.380000114440918,1344897.5,1192412.0,1310215.4761904762,18889064.50399876,0.0806119361411956,0.8585713250296456,0.066094791390111,7.277683347731536,-0.1980034405272915,3.662141980243618,5.641449330619968,13.270000457763672,12.65999984741211,1353300.0,False,True,False,0.6463878315506533,1.5299804085946,0.8218793215456692,1.7785358060409555,0.9711683566527682,1.8380581083288163,1.0264704733227268,49.0,98.0,98.0,98.0,98.0,96.0,96.0,97.0,96.0,94.0,94.0,96.15384615384616,KODK
2026-04-20,14.609999656677246,14.729999542236328,14.170000076293944,14.31999969482422,4604700.0,0.0061982917407865,13.94088211157871,13.75877212524601,13.149062042236327,13.255359204610189,14.915750350952148,17.724668521881103,15.98749397277832,11.920000076293944,16.77313725652195,11.920000076293944,20.22875976004974,11.920000076293944,24.1398500907234,11.920000076293944,24.83823667112202,11.920000076293944,24.83823667112202,5.863901259390988,24.83823667112202,5306537.5,4980894.0,7463717.46031746,55543238.73044014,0.047310170245943,0.6749999182564872,0.0462012275235058,-0.4436789572288732,0.1333321626853534,-4.310209074852908,-2.249123912030252,15.149999618530272,14.380000114440918,5103800.0,False,False,False,0.1369649200746729,1.0565761114349297,-0.207554053441715,0.773593219725557,-0.0593180546432881,0.8771590063253062,0.7109778107509301,20.0,73.0,73.0,19.0,19.0,37.0,37.0,64.0,56.0,50.0,42.0,100.0,KSS
2026-04-20,9.779999732971191,9.859999656677246,9.5,9.649999618530272,1605900.0,0.0103305190746678,9.105595696133266,8.860505595348814,8.606799983978272,8.684333340326946,8.56040002822876,9.254350047111512,8.78090003490448,7.534999847412109,10.015000343322754,7.357999801635742,10.015000343322754,7.357999801635742,11.600000381469728,7.357999801635742,12.489999771118164,7.357999801635742,12.489999771118164,5.449999809265137,12.489999771118164,1540732.5,1528312.0,1581109.9206349207,12951759.314935207,0.0490429534372587,0.4862143312181745,0.0497151681486254,2.865723850145425,0.2056694370667127,-6.422044326137122,-3.623684887535247,10.015000343322754,9.489999771118164,3581700.0,True,False,False,0.1601422750799366,1.0781147175892865,0.1560283320179918,1.1285257793844836,-0.0345508763589035,0.9002536916231879,0.974462610026059,43.0,78.0,78.0,80.0,80.0,40.0,40.0,75.0,72.0,65.0,58.0,100.0,KURA
2026-04-20,20.059999465942383,20.07999992370605,18.540000915527344,18.540000915527344,5566200.0,0.074450957898676,18.515750247605038,18.56305765908767,18.57400001525879,18.773333422342937,18.730800037384032,23.35270001411438,26.703399977684025,16.170000076293945,20.950000762939453,15.529999732971191,26.729999542236328,15.529999732971191,33.35499954223633,15.529999732971191,33.35499954223633,15.529999732971191,36.22499847412109,15.529999732971191,37.790000915527344,4199612.5,4761390.0,3076715.873015873,74648280.47215462,0.0631148001912309,1.1814285005841936,0.0588947423747447,1.2049174443872048,1.1765412709792509,-8.960325154305453,-5.917734923754651,18.96999931335449,18.36000061035156,6761900.0,False,False,False,0.074450957898676,0.9984821826776842,-0.157850557391016,0.8221142421479345,-0.1557239363340519,0.787263279288982,1.3649659810424537,78.0,54.0,54.0,23.0,23.0,30.0,30.0,67.0,67.0,60.0,53.0,42.30769230769231,KVYO
2026-04-20,4.980000019073486,5.170000076293945,4.789999961853027,4.800000190734863,12804800.0,0.0289255913371695,4.537303739674114,4.393351401053108,4.190000066757202,4.257000056902568,4.457200045585632,4.8573000359535214,4.6120500099658965,3.660000085830689,5.170000076293945,3.660000085830689,6.960000038146973,3.660000085830689,6.960000038146973,3.660000085830689,6.960000038146973,2.884999990463257,10.520000457763672,2.470000028610229,10.520000457763672,7974782.5,7969136.0,17829448.015873015,31453457.781535387,0.056144273914501,0.238214305468968,0.0478341977021291,2.452081701388144,0.5877055377089155,-0.854227046257662,0.1158314049932352,5.03000020980835,4.829999923706055,11083500.0,False,False,False,0.2418951957172652,1.1540873192591463,-0.1644295323491607,0.8156917846384107,-0.326116358721697,0.6283772193994919,0.4472815138696551,11.0,87.0,87.0,22.0,22.0,19.0,19.0,82.0,75.0,69.0,62.0,100.0,LAC
2026-04-20,2.940000057220459,2.9600000381469727,2.630000114440918,2.640000104904175,18297500.0,0.0888888908511817,2.608416952566824,2.684139782422637,2.63460000038147,2.8601666768391927,3.3059000158309937,3.823549993038177,3.9752499938011168,1.9900000095367432,4.239999771118164,1.9900000095367432,5.304999828338623,1.9900000095367432,5.480000019073486,1.9900000095367432,7.639999866485596,1.9900000095367432,8.710000038146973,1.9900000095367432,8.710000038146973,10494712.5,9343506.0,15352253.57142857,35500249.70381737,0.0923531620933573,0.2621428966522217,0.0891642488265994,-1.2413146776342998,0.915531233543761,-7.613817733690457,-6.2393142474225565,2.869999885559082,2.640000104904175,18592900.0,False,False,False,-0.042345237410159,0.8899440319476699,-0.3552631372560092,0.6293982166128651,-0.5377358497639093,0.4310480972685633,0.6835942652439811,19.0,15.0,15.0,9.0,9.0,10.0,10.0,89.0,83.0,78.0,73.0,61.53846153846154,LAES
2026-04-20,9.079999923706056,9.220000267028809,8.800000190734863,8.869999885559082,3260300.0,0.0318181507843591,8.242497556403862,7.757715004758916,7.231600036621094,7.189333359400432,7.183200016021728,6.765099973678589,5.160199986696243,5.650000095367432,9.56999969482422,5.650000095367432,9.56999969482422,4.650000095367432,9.56999969482422,3.619999885559082,9.56999969482422,3.0299999713897705,9.56999969482422,1.7100000381469729,9.56999969482422,3450545.0,3164042.0,2643112.698412698,30199206.642620564,0.0790660917664376,0.5928570543016706,0.0652926276743505,4.044263215868244,0.4722887767625613,5.699232966558308,9.13854791859846,9.56999969482422,8.739999771118164,5765800.0,True,False,False,0.5108152375886672,1.4039934395893523,0.1086691561565502,1.0822933044790084,1.203883537844784,2.055058358093146,1.3054853854972583,74.0,97.0,97.0,75.0,75.0,97.0,97.0,93.0,89.0,93.0,96.0,96.15384615384616,LAR
2026-04-20,71.33999633789062,71.95999908447266,68.91999816894531,70.67500305175781,771100.0,0.0129205740277125,67.15589978523953,65.3323990581356,65.37720001220703,65.03599993387859,61.94499977111816,50.90174983978272,39.14154993057251,53.25,74.0999984741211,41.5099983215332,74.0999984741211,34.28499984741211,74.0999984741211,28.049999237060547,74.0999984741211,27.21999931335449,74.0999984741211,6.929999828338623,74.0999984741211,1990395.0,1866646.0,1030809.126984127,95781318.6151886,0.0835282444660774,4.903786795479911,0.0687382540959758,2.206438733800773,0.1855700646597517,8.367675828995289,10.94338505086032,71.55799865722656,68.0,1081900.0,False,True,False,0.0064898293213531,0.9353262280012276,0.6235775732256514,1.5849517658596024,1.2504730164326805,2.098501714208455,1.9309054876370424,91.0,29.0,29.0,96.0,96.0,97.0,97.0,80.0,92.0,95.0,96.0,61.53846153846154,LASR
2026-04-20,48.29999923706055,48.9900016784668,47.52999877929688,48.720001220703125,1051800.0,-0.0150897566201408,47.16154026647604,45.684123902910464,43.20000030517578,43.05300025939941,46.42280014038086,48.737998237609865,50.00816881179809,38.66999816894531,51.310001373291016,38.66999816894531,58.75,38.66999816894531,58.75,38.66999816894531,58.75,38.66999816894531,58.75,32.096448241178464,58.75,1548425.0,1455008.0,1042342.0634920635,60222172.83103943,0.0436270984800746,2.2257142748151506,0.0460810416143311,0.877519379684768,-0.332478291054792,-0.870393005331155,1.0638986285979328,51.310001373291016,48.869998931884766,1036200.0,False,True,False,0.2123493737969557,1.1266305269847996,-0.086788769025602,0.891485431312082,0.0121996650398314,0.9438472342024856,1.4855248140063089,83.0,85.0,85.0,32.0,32.0,47.0,47.0,68.0,60.0,53.0,45.0,76.92307692307693,LAZ
2026-04-20,57.09000015258789,58.18000030517578,55.2599983215332,55.2599983215332,2230700.0,0.0336773605969189,53.43477857185833,52.50627472114156,51.479999694824215,51.43266639709473,52.64179985046387,49.97249988555908,56.580879306793214,48.43999862670898,58.18000030517578,42.09999847412109,58.18000030517578,42.09999847412109,58.18000030517578,42.09999847412109,58.18000030517578,42.09999847412109,65.7249984741211,42.09999847412109,97.37828063964844,1008525.0,1078274.0,1324512.1984126985,47869938.45952988,0.0407462998047867,2.238571984427316,0.0392112800568251,2.154976733104262,0.8308871116455959,-0.1218300683582285,0.6340488551594938,56.34000015258789,54.77000045776367,837200.0,False,False,False,0.1608377348175746,1.0787610050272534,0.2925062829802485,1.2617568445000062,-0.0292467468209289,0.905199640695471,0.761431265947283,23.0,78.0,78.0,90.0,90.0,40.0,40.0,53.0,74.0,68.0,62.0,96.15384615384616,LBRDK
2026-04-20,25.06999969482422,26.71999931335449,21.690000534057617,21.709999084472656,7406500.0,0.1842229383313736,20.47984230883538,19.509035690026494,18.659599914550785,18.775333213806157,18.61400001525879,20.476200027465826,27.703450078964234,16.700000762939453,26.71999931335449,16.239999771118164,26.71999931335449,16.239999771118164,26.71999931335449,16.239999771118164,33.5,16.239999771118164,35.400001525878906,16.239999771118164,45.297000885009766,1872697.5,1943672.0,1808231.746031746,39689540.28467178,0.0551485707635985,1.286428724016462,0.0513134718658193,6.75915475883425,3.03164842771372,-3.616160933653231,-6.410878493948368,21.559999465942383,20.799999237060547,1809100.0,False,False,False,0.4029098219057325,1.3037174482267015,0.1323396741621276,1.1054006877851323,-0.2252781451801135,0.7224059691021484,1.0356512676595393,50.0,95.0,95.0,78.0,78.0,25.0,25.0,90.0,87.0,82.0,77.0,100.0,LEGN
2026-04-20,76.08000183105469,76.31999969482422,71.98999786376953,73.73999786376953,1557200.0,0.0313136138417513,67.16394604415467,62.50777567440021,58.57320007324219,57.30833333333333,55.36379981994629,50.62049987792969,45.30956946619299,46.959999084472656,76.31999969482422,43.88999938964844,76.31999969482422,40.04999923706055,76.31999969482422,33.0099983215332,76.31999969482422,28.309999465942383,76.31999969482422,26.959999084472656,76.31999969482422,1645482.5,1536868.0,1323154.9668874172,150176085.6451416,0.0639569365029708,3.761786324637277,0.0494451397752434,7.567643043104641,0.6140713450041635,5.894598731871277,7.119444173094042,74.4800033569336,70.22599792480469,4220600.0,False,False,False,0.4775684472908352,1.3730973549429863,0.534180310485125,1.497681313384635,1.2615934367247852,2.1088711880369804,1.2436052776726707,70.0,96.0,96.0,96.0,96.0,97.0,97.0,93.0,92.0,93.0,94.0,100.0,LGN
2026-04-20,48.630001068115234,48.65999984741211,47.255001068115234,48.06999969482422,797100.0,-0.0024615165514824,44.01564212741044,43.0613820607344,41.34759994506836,41.83833338419596,45.14260025024414,55.35490009307861,71.4224001121521,37.0099983215332,50.29999923706055,37.0099983215332,71.26000213623047,37.0099983215332,73.88999938964844,37.0099983215332,100.18000030517578,37.0099983215332,112.54000091552734,35.619998931884766,112.54000091552734,1601602.5,1430562.0,1017616.2698412698,45027490.13528824,0.0551554712383846,2.831428800310408,0.0582239098934929,1.3268258611404538,-0.0423810522346916,-10.954237312001297,-10.860505950395796,50.29999923706055,47.43000030517578,1581400.0,False,False,False,0.2383498981727434,1.1507926910544126,-0.1444405183397744,0.8352052489621544,-0.4721016107446917,0.4922501477205714,1.57387666399027,85.0,87.0,87.0,24.0,24.0,12.0,12.0,77.0,70.0,63.0,56.0,96.15384615384616,LIF
2026-04-20,12.449999809265137,12.579999923706056,12.0600004196167,12.220000267028809,7475200.0,0.0,11.193646470168732,10.616342873338038,10.14439998626709,10.126333332061767,9.624399995803833,9.1210999584198,7.789199969768524,9.109999656677246,12.579999923706056,7.889999866485596,12.579999923706056,7.309999942779541,12.579999923706056,6.139999866485596,12.579999923706056,5.875,12.579999923706056,5.545000076293945,12.579999923706056,2736157.5,2704380.0,2473875.396825397,30206951.21494293,0.0424083771531236,0.5073570523943219,0.0407515710977564,7.204313982061165,0.0,9.030025821631384,10.203161614727073,12.470000267028809,11.18000030517578,9918100.0,False,False,False,0.3064008560453095,1.2140321236691811,0.3091482134200725,1.2780028542213082,1.074999968210856,1.9348781160572637,1.1060207411865517,58.0,92.0,92.0,90.0,90.0,97.0,97.0,82.0,88.0,89.0,92.0,100.0,LION
2026-04-20,895.1099853515625,906.2000122070312,861.969970703125,889.5,3337500.0,0.0011631952965922,859.44698483053,815.5039207741977,784.2507983398438,760.9849995930989,711.4052001953125,535.3494998168945,344.20462493896486,573.6599731445312,960.0,327.2900085449219,960.0,309.07000732421875,960.0,184.1999969482422,960.0,144.52000427246094,960.0,49.130001068115234,960.0,6752090.0,6364326.0,4067492.063492064,4971876925.300903,0.0853879241622823,70.14278302873883,0.0783621947879283,3.295314294240708,0.0148265863206147,9.547861516953612,14.131869743280667,912.0,865.02001953125,4343900.0,False,True,False,0.1592736711318645,1.0773075280572024,1.760555082040285,2.6948799516488187,4.483734661401732,5.113425712367385,1.660013073068698,87.0,77.0,77.0,99.0,99.0,99.0,99.0,92.0,98.0,98.0,99.0,80.76923076923077,LITE
2026-04-20,68.66999816894531,71.69999694824219,68.65499877929688,69.83000183105469,1588600.0,-0.0319989314115949,64.61497671717713,62.95275463164127,62.87880065917969,61.48733393351237,60.76680030822754,70.33470020294189,61.82175006866455,52.209999084472656,72.77999877929688,48.290000915527344,99.33999633789062,48.290000915527344,99.9000015258789,48.290000915527344,99.9000015258789,47.04399871826172,99.9000015258789,25.06999969482422,99.9000015258789,2171427.5,2385130.0,2499727.777777778,101269232.7311325,0.0622850270324422,4.061784744262695,0.0591493352638468,2.1988045021578517,-0.558868678520529,-1.985667922807388,1.2177822377930536,72.77999877929688,69.94000244140625,1468900.0,False,False,False,0.063991279746393,0.9887620533457484,-0.1352475128809076,0.8441795477427417,0.4441640225185073,1.346641641434638,0.8686655880306966,31.0,51.0,51.0,26.0,26.0,88.0,88.0,77.0,80.0,75.0,68.0,61.53846153846154,LMND
2026-04-20,68.56999969482422,68.66999816894531,66.47000122070312,66.76000213623047,585600.0,0.0161528791296159,64.72814207434135,63.61966016341687,61.75919982910156,62.660332997639976,64.66099998474121,67.0560998916626,71.24459995269775,54.584999084472656,71.08999633789062,54.584999084472656,75.62000274658203,54.584999084472656,75.62000274658203,54.584999084472656,82.47000122070312,54.584999084472656,83.43000030517578,54.584999084472656,99.66999816894533,1179235.0,1123482.0,960803.9682539684,58926087.07540512,0.0435779807402485,2.993213381086077,0.0436519380838207,1.384904068095155,0.3641559084221131,-1.6547110304682926,-1.5991155671603856,67.91999816894531,63.29499816894531,894600.0,False,False,False,0.0835967291019932,1.006981304509376,-0.0840235220978287,0.8941848914878621,-0.1506255810289768,0.7920173497751516,1.2273419333841615,69.0,57.0,57.0,32.0,32.0,30.0,30.0,69.0,61.0,55.0,47.0,84.61538461538461,LOAR
2026-04-20,5.070000171661377,5.079999923706055,5.019999980926514,5.070000171661377,1775700.0,-0.0019684551564682,4.6497190179386365,4.4369727350159325,4.22520001411438,4.193333347638448,4.297800002098083,4.267000000476838,4.365550003051758,3.670000076293945,5.170000076293945,3.670000076293945,5.670000076293945,3.670000076293945,5.670000076293945,3.670000076293945,5.670000076293945,3.670000076293945,5.670000076293945,2.720000028610229,5.670000076293945,1958492.5,1745132.0,729566.6666666666,11324543.770842552,0.0452220248490655,0.2335714953286307,0.0460693269073583,3.900064808006113,-0.0428123818388381,1.877468621697496,1.1204042735592603,5.170000076293945,5.03000020980835,1919700.0,False,True,False,0.2457002353372872,1.1576233245435614,0.1709007531164006,1.1430443773691177,-0.0155339654805087,0.917986417048405,2.6844599533969937,96.0,88.0,88.0,82.0,82.0,42.0,42.0,83.0,77.0,71.0,65.0,100.0,LPL
2026-04-20,14.300000190734863,15.09000015258789,14.0,14.020000457763672,1998100.0,0.0098870300022171,13.483899985399129,12.653970606471498,11.923199920654296,11.75366662343343,11.650400009155272,10.824400000572204,8.320949988365173,9.119999885559082,15.720000267028809,8.720000267028809,15.720000267028809,6.869999885559082,15.720000267028809,5.829999923706055,15.720000267028809,5.75,15.720000267028809,1.899999976158142,15.720000267028809,2187185.0,2377354.0,1518415.0793650793,28075557.018342014,0.1029384878294066,1.2300000190734863,0.0860139862005329,2.644054685071653,0.113821415570555,5.119853408284987,6.543468780853395,15.720000267028809,13.850000381469728,3579600.0,True,True,False,0.2445605287721637,1.156564200634377,0.1376293188473969,1.110564488901226,0.8475452989153001,1.7227831431621643,1.4404394619912264,81.0,88.0,88.0,78.0,78.0,95.0,95.0,92.0,90.0,95.0,95.0,88.46153846153845,LPTH
2026-04-20,37.65999984741211,39.7400016784668,37.0099983215332,39.09000015258789,1540000.0,-0.0458576467522787,38.86425529740313,38.184383360920044,37.5368002319336,37.53066698710124,36.65040031433105,36.42350017547607,29.764450125694275,34.209999084472656,42.0,29.1200008392334,46.66999816894531,29.1200008392334,46.66999816894531,22.049999237060547,46.66999816894531,21.149999618530277,46.66999816894531,11.850000381469728,46.66999816894531,1433895.0,1516456.0,2153540.873015873,43060043.17281723,0.0557204921557825,2.1521423884800504,0.0571466382687184,0.482036285251677,-0.8410230582230799,-0.5127168443275876,4.716110716498752,42.0,37.900001525878906,2439100.0,False,False,True,0.0080299580342464,0.9367574623144826,-0.0071183879670791,0.9692604099935984,0.6246764172390085,1.5149642860479493,0.6658313375737964,18.0,30.0,30.0,45.0,45.0,92.0,92.0,29.0,67.0,61.0,85.0,0.0,LQDA
2026-04-20,263.1600036621094,267.6499938964844,262.5400085449219,267.1000061035156,5989900.0,-0.016591936996028,256.9101866586567,246.35052654133085,237.04480102539063,233.10200042724608,232.58636901855468,211.46413192749023,166.80393657684326,194.0800018310547,273.5,194.0800018310547,273.5,153.41620213256954,273.5,135.1154167794273,273.5,116.46785367536812,273.5,60.69528745601137,273.5,10142987.5,10000542.0,11118826.19047619,2146951117.401886,0.0431984916063199,10.78571537562779,0.0409853899739124,3.2072568463325086,-0.4116558138961474,8.741622668140641,10.583558289014364,268.760009765625,262.4200134277344,8465400.0,True,False,False,0.1246634364039001,1.0451444009641333,0.1817155336275415,1.1536018682775822,0.8536844528700829,1.72850772861768,0.9122354577939132,36.0,70.0,70.0,82.0,82.0,95.0,95.0,81.0,74.0,89.0,91.0,73.07692307692307,LRCX
2026-04-20,118.83000183105467,119.36000061035156,116.20999908447266,118.38999938964844,1403400.0,0.0151204878641397,109.58749381635958,104.21891233975556,99.71999969482422,97.94299977620445,96.92740005493164,87.81120025634766,75.97670011520385,83.18000030517578,119.36000061035156,78.69000244140625,119.36000061035156,71.2699966430664,119.36000061035156,60.5,119.36000061035156,60.5,119.36000061035156,39.59999847412109,119.36000061035156,1638262.5,1880928.0,2181276.1904761903,147887189.63039398,0.0482088183321254,5.118572235107422,0.0430747467494336,5.2459773453672325,0.3458003894759514,7.989201257621509,9.526401104189423,118.73999786376952,113.36000061035156,2379900.0,False,True,False,0.251896377194958,1.163381369804489,0.4279019477050025,1.3939313715654946,0.6927351424055894,1.5784271004812032,0.7510568845673569,22.0,88.0,88.0,94.0,94.0,93.0,93.0,86.0,85.0,88.0,91.0,100.0,LSCC
2026-04-20,8.670000076293945,8.75,8.270000457763672,8.470000267028809,12324700.0,0.0116686563629775,8.01226613661728,7.6044651118693105,7.202000007629395,7.103666671117147,7.263800001144409,7.73760000705719,6.930599993467331,6.269999980926514,8.84000015258789,6.090000152587891,9.720000267028809,6.090000152587891,9.720000267028809,6.090000152587891,11.949999809265137,5.449999809265137,11.949999809265137,3.009999990463257,11.949999809265137,12950340.0,13209162.0,14296536.507936507,101266759.1026783,0.0601611816015341,0.5064285482679095,0.0584115967487264,3.314241571497061,0.1974619752613642,-1.1026528686523092,0.4043553652985316,8.84000015258789,8.420000076293945,11980700.0,False,False,False,0.2825443465595918,1.1918623824750778,0.0260355351473009,1.0016255829621503,0.2350427492664553,1.151642035932808,0.9058375777105744,35.0,90.0,90.0,59.0,59.0,76.0,76.0,83.0,81.0,75.0,68.0,96.15384615384616,LUMN
2026-04-20,27.520000457763672,29.8799991607666,27.229999542236328,27.40999984741211,16444500.0,-0.0021754701272066,24.876468230607657,22.985178987582294,21.40119987487793,20.815999921162923,19.525,17.567500019073485,14.031674990653991,15.850000381469728,29.8799991607666,14.539999961853027,29.8799991607666,10.154999732971191,29.8799991607666,7.78000020980835,29.8799991607666,7.78000020980835,29.8799991607666,6.75,29.8799991607666,14585177.5,13308468.0,9259136.904761905,406962403.57917786,0.1187034557086617,2.5202858788626537,0.0915801539585968,4.471220431015745,-0.0238066111648648,8.3381302603952,9.344476318439716,28.21500015258789,26.729999542236328,14602800.0,False,True,False,0.4553146842848794,1.3524170384561038,0.2752548913372521,1.244915872994235,1.326289149217705,2.1691980893492806,1.57521998540695,85.0,96.0,96.0,89.0,89.0,98.0,98.0,95.0,95.0,97.0,98.0,92.3076923076923,LUNR
2026-04-20,41.81999969482422,42.38999938964844,41.54999923706055,41.810001373291016,6547200.0,-0.0206089239436035,40.782739052788685,40.58676193507061,39.70199981689453,39.9020248413086,44.02525894165039,42.68607082366943,37.409980907440186,35.72999954223633,44.91999816894531,35.72999954223633,54.87296914954954,35.72999954223633,54.87296914954954,29.00772351414377,54.87296914954954,29.00772351414377,54.87296914954954,23.34838241686099,54.87296914954954,9062360.0,9403386.0,10247831.349206349,293053060.0707054,0.0423634535152126,2.1021431514195035,0.0502664554461886,-0.996504974139124,-0.4186209048232517,4.057402669030715,8.028853081465737,44.91999816894531,42.54999923706055,10387600.0,False,True,True,0.0232444528448056,0.9508962202308938,-0.0259589689268736,0.9508680568627778,0.2671583174912468,1.1815888846532312,0.8843197834927135,33.0,37.0,37.0,41.0,41.0,78.0,78.0,51.0,43.0,37.0,70.0,46.15384615384615,LUV
2026-04-20,14.18000030517578,14.81999969482422,12.359999656677246,12.369999885559082,11511900.0,0.1307815269786023,11.394565819867886,9.813374041306412,8.812000064849853,8.289333391189576,6.567800030708313,5.191800029277801,4.343650017380714,3.839999914169312,14.81999969482422,3.0,14.81999969482422,2.8399999141693115,14.81999969482422,2.8399999141693115,14.81999969482422,2.8399999141693115,14.81999969482422,0.8199999928474426,14.81999969482422,6592567.5,5509324.0,2524601.587301587,76555924.57103014,0.1365626904248909,1.3500000408717563,0.095204514232556,12.17398446092961,1.214815032348985,9.79770403528692,8.764582238266648,13.300000190734863,11.81999969482422,8090700.0,False,False,False,1.014204599717555,1.8717907879375475,2.089324582523368,3.015827844096098,1.737451887083116,2.5525955813116186,2.611329856227511,95.0,99.0,99.0,99.0,99.0,98.0,98.0,99.0,99.0,99.0,99.0,100.0,LWLG
2026-04-20,14.420000076293944,14.6899995803833,14.18000030517578,14.68000030517578,22331100.0,-0.0354514876075602,14.122787799788217,13.858210248223232,13.581400032043456,13.52916669845581,13.726700019836423,16.5575500869751,17.47020001411438,12.460000038146973,15.34000015258789,12.460000038146973,18.434999465942383,12.460000038146973,22.489999771118164,12.460000038146973,25.540000915527344,12.460000038146973,25.540000915527344,10.604999542236328,25.540000915527344,16824505.0,18730394.0,17429641.26984127,185241967.1141672,0.0423827175229256,0.639357158115932,0.0443382215487652,1.1391392697219902,-0.8289572209264118,-10.925827641379405,-8.800570959980245,15.34000015258789,14.770000457763672,12294500.0,False,False,True,0.0777279486515523,1.001527474652616,-0.2133115037472168,0.7679727423433619,-0.2742828652618073,0.6767104693806053,0.9652811976751154,41.0,55.0,55.0,18.0,18.0,22.0,22.0,47.0,39.0,33.0,28.0,61.53846153846154,LYFT
2026-04-20,6.570000171661377,6.599999904632568,6.400000095367432,6.400000095367432,1843800.0,0.0123267185461595,6.1828426350665096,6.129600435902727,6.006399974822998,6.051333316167196,6.408800001144409,7.950600037574768,8.979400041103363,5.28000020980835,6.639999866485596,5.28000020980835,9.550000190734863,5.28000020980835,10.510000228881836,5.28000020980835,12.399999618530272,5.28000020980835,12.399999618530272,5.28000020980835,12.399999618530272,2857665.0,3050190.0,2451095.238095238,16985642.63709545,0.0505317346117357,0.2989284992218017,0.0454990093472418,0.5528239340875793,0.2676238657454117,-8.649100078271879,-7.281134565891815,6.53000020980835,6.400000095367432,1607000.0,False,False,False,0.0665584958450142,0.9911477550985484,-0.2593009857466006,0.7230773755263178,-0.3350202332428662,0.6200746110992205,1.1658726905367864,64.0,51.0,51.0,15.0,15.0,18.0,18.0,68.0,59.0,53.0,45.0,73.07692307692307,LZ
2026-04-20,31.8700008392334,32.560001373291016,30.63999938964844,30.959999084472656,1352900.0,0.0237713362806455,30.04263795480754,29.311978504270293,28.54360000610352,28.309333292643228,28.661999931335448,29.43960823059082,33.23658725738525,25.68000030517578,32.560001373291016,25.149999618530277,37.59000015258789,25.149999618530277,37.59000015258789,25.149999618530277,37.59000015258789,25.149999618530277,39.70058486671687,25.149999618530277,46.15485425981789,1327097.5,1402342.0,1129042.857142857,34859010.49221039,0.0601313001177286,1.814999989100865,0.0569501079794927,1.965320752500899,0.4077144258460228,1.058126292026782,2.3752369913179443,31.88999938964844,30.5,1288200.0,False,False,False,0.2122479927496088,1.1265363140580085,0.0598603645719026,1.0346457010091812,-0.0802378833645131,0.8576518644436292,1.1754181797477004,65.0,85.0,85.0,66.0,66.0,35.0,35.0,67.0,63.0,57.0,49.0,92.3076923076923,MAN
2026-04-20,11.630000114440918,11.81999969482422,11.06999969482422,11.300000190734863,41940100.0,0.0025861837917793,10.538063906787707,9.85553221656868,9.297600021362303,9.210000006357827,8.8,9.648799977302552,13.35469996213913,7.630000114440918,12.119999885559082,6.659999847412109,12.119999885559082,6.659999847412109,12.869999885559082,6.659999847412109,20.46999931335449,6.659999847412109,23.450000762939453,6.659999847412109,23.450000762939453,48855572.5,48705640.0,48321468.253968254,446773499.4033766,0.0825029955196974,0.7478571619306292,0.0643041405478593,5.001091988100047,0.0401142550988555,-2.646390001458128,-4.345786346111713,12.119999885559082,11.449999809265137,52372100.0,False,False,False,0.2613882622140904,1.1722021335647672,0.0237676466482081,0.9994116487832814,-0.4262456905872206,0.5350094815825678,1.0110531460514527,47.0,89.0,89.0,58.0,58.0,14.0,14.0,91.0,93.0,90.0,86.0,96.15384615384616,MARA
2026-04-20,9.229999542236328,9.234999656677246,8.869999885559082,8.90999984741211,1920500.0,0.0255555046929254,8.721157990464327,8.66504159405389,8.364399948120116,8.365999921162922,9.494399967193605,10.62979998588562,11.436399998664855,7.380000114440918,9.234999656677246,7.380000114440918,13.954999923706056,7.380000114440918,13.954999923706056,7.380000114440918,13.954999923706056,7.380000114440918,14.220000267028809,7.380000114440918,14.220000267028809,2439270.0,2633780.0,1633608.7301587302,17252591.37971878,0.0451642923035309,0.3860713754381452,0.0418278867373166,-0.6657768688432524,0.5957435771437495,-1.2532064387611197,-0.1849436659963905,9.220000267028809,8.789999961853027,1932100.0,False,False,False,0.1987012689442144,1.1139474078320832,-0.2844961383581867,0.6984816295137031,-0.2844961383581867,0.6671868843636185,1.4931788469096805,83.0,83.0,83.0,13.0,13.0,21.0,21.0,69.0,60.0,54.0,46.0,88.46153846153845,MBC
2026-04-20,8.039999961853027,8.149999618530273,7.849999904632568,7.849999904632568,7583000.0,0.0216010265268089,7.6453558776716015,7.58074563461549,7.421599922180175,7.483333269755046,8.018799915313721,9.35859992980957,11.82199996948242,6.46999979019165,8.149999618530273,6.46999979019165,10.5,6.46999979019165,14.329999923706056,6.46999979019165,14.329999923706056,6.46999979019165,15.8100004196167,6.46999979019165,20.18000030517578,5960985.0,5889170.0,6033268.650793651,51591486.59044266,0.0493276243182294,0.3614285332815988,0.0449537978851306,0.0588113364473716,0.4703559919589791,-9.800555396696708,-9.377589201108016,8.130000114440918,7.840000152587891,5848900.0,False,False,False,0.0190114192529442,0.9469624821769804,-0.2342857179187593,0.7474975163135653,-0.445517244010136,0.5170393092685033,0.9880191559538556,44.0,35.0,35.0,16.0,16.0,13.0,13.0,67.0,59.0,52.0,44.0,65.38461538461539,MBLY
2026-04-20,264.1099853515625,268.885009765625,257.1499938964844,262.9800109863281,1481900.0,0.0027715865108088,249.9558858159147,252.71307778588903,251.1655993652344,253.7729990641276,283.1629986572266,340.955700378418,314.7034251403809,215.67999267578125,279.9830017089844,215.67999267578125,426.3200073242188,215.67999267578125,444.7200012207031,215.67999267578125,444.7200012207031,215.67999267578125,444.7200012207031,148.8800048828125,444.7200012207031,2170267.5,2042798.0,2202834.126984127,397557359.1666413,0.0544483228025414,13.411500113351003,0.0507799812850645,-1.325057215836419,0.0544294420892792,-6.44502749684699,-4.584347188476936,269.4219970703125,250.0399932861328,2582800.0,True,True,False,-0.0223942042809329,0.90848443247419,-0.3393286499407298,0.6449536136723619,-0.1598219175329331,0.7834420290416548,0.9852160330252766,44.0,18.0,18.0,10.0,10.0,29.0,29.0,64.0,55.0,49.0,42.0,38.46153846153847,MDB
2026-04-20,14.0,14.109999656677246,13.449999809265137,13.579999923706056,1687700.0,0.0211524406306438,12.984967739153394,12.66996488014914,12.34599998474121,12.41266663869222,12.428599967956544,13.879599981307983,17.527649993896485,11.359999656677246,14.109999656677246,10.81999969482422,15.949999809265137,10.81999969482422,17.40999984741211,10.81999969482422,20.36000061035156,10.81999969482422,26.190000534057617,9.649999618530272,26.649999618530277,2177470.0,2125470.0,2647788.888888889,22972596.102147102,0.044450875960915,0.5842855998447963,0.0417346857031997,3.0294751926163017,0.4963325502631932,-3.161056800326357,-2.665943264552127,14.039999961853027,13.65999984741211,2485000.0,False,False,False,0.120896737914564,1.041644025910742,-0.0264255988467836,0.9504125283264389,-0.2353904746943996,0.7129765110880247,0.8223729652834021,27.0,69.0,69.0,41.0,41.0,24.0,24.0,65.0,67.0,61.0,53.0,100.0,MGNI
2026-04-20,19.56999969482422,19.690000534057617,19.31999969482422,19.549999237060547,2459300.0,-0.0076064717927597,19.43432994746668,19.439271427238584,19.05720001220703,19.318333435058594,20.33200008392334,22.665800075531006,22.83080004692077,17.1200008392334,21.82999992370605,17.1200008392334,26.5,17.1200008392334,27.489999771118164,17.1200008392334,30.277000427246094,17.1200008392334,30.277000427246094,13.140000343322754,30.277000427246094,3442047.5,3671626.0,3630951.1904761903,57631554.02658463,0.0422458802259084,0.8074284962245396,0.0412584828214424,-0.9083680208484346,-0.1857744917743895,-7.637405146589321,-4.591957114868966,20.21999931335449,19.614999771118164,3857300.0,False,True,True,-0.0060945066520355,0.9236316642262252,-0.2733011706998389,0.7094102627071189,-0.1995910395026321,0.7463584603800464,0.9479740485160816,40.0,22.0,22.0,14.0,14.0,26.0,26.0,42.0,35.0,29.0,25.0,7.6923076923076925,MIR
2026-04-20,279.92999267578125,285.82000732421875,278.0,279.010009765625,946500.0,0.004809922665943,266.4961133990384,255.5384432550026,245.50399963378905,241.0816665649414,243.3922756958008,213.12699295043944,166.168815574646,200.5,285.82000732421875,200.5,285.82000732421875,146.7583427433329,285.82000732421875,134.40442561159014,285.82000732421875,114.60386195219206,285.82000732421875,58.42696713565167,285.82000732421875,1174290.0,1332606.0,1180174.2063492064,237298512.35839844,0.0466309571111129,12.00785391671317,0.0428959176611733,3.499601976176809,0.1115933244345641,11.109605123908016,13.487298819625163,281.7699890136719,275.0,947800.0,False,True,False,0.1818872090441807,1.0983221816593665,0.3735974912470605,1.3409188481256311,1.0372333414139383,1.8996618168639363,0.9950141205276728,45.0,81.0,81.0,92.0,92.0,96.0,96.0,84.0,78.0,93.0,92.0,92.3076923076923,MKSI
2026-04-20,17.889999389648438,18.468000411987305,17.829999923706055,18.299999237060547,570700.0,-0.0245365735657289,18.051329951305934,17.852151361490602,17.523200073242187,17.55800005594889,17.47340009689331,16.052500009536743,26.199474966526036,15.770000457763672,19.729999542236328,14.470000267028809,19.729999542236328,11.0600004196167,19.729999542236328,9.369999885559082,19.729999542236328,5.949999809265137,62.75,5.949999809265137,62.75,1159410.0,1197154.0,2131125.793650794,23441931.837015152,0.0650078597240904,1.3079280853271484,0.0731094538820356,0.3261125912200827,-0.3440561969635323,1.064507146312705,6.560558225807878,18.56999969482422,18.1299991607666,859600.0,False,False,True,0.0725419102119078,0.996708113710546,0.0674223833732006,1.0420278152057751,0.907249378612054,1.778455489675111,0.5440363977828991,13.0,54.0,54.0,68.0,68.0,96.0,96.0,39.0,58.0,86.0,90.0,19.230769230769237,MLTX
2026-04-20,30.06999969482422,30.3700008392334,29.520000457763672,30.3700008392334,573300.0,-0.0166775745635786,28.80724116262882,27.840899088159563,26.34479995727539,26.5146666208903,27.427999992370605,31.494150047302245,30.39689996242523,22.420000076293945,31.479999542236328,22.420000076293945,34.220001220703125,22.420000076293945,39.150001525878906,22.420000076293945,47.650001525878906,22.420000076293945,47.650001525878906,12.59000015258789,47.650001525878906,1317442.5,1295996.0,1287561.111111111,34908690.40714264,0.064528359072582,1.949499811444964,0.0648320529175303,1.4857606427635055,-0.261605682589846,-10.23632606508637,-7.400259265030668,31.32999992370605,30.045000076293945,1040400.0,False,True,False,0.2916666154599288,1.2003396637280022,-0.0815516752217715,0.8965979317612367,-0.3002094754343091,0.6525346470120029,1.023207744184742,48.0,91.0,91.0,32.0,32.0,20.0,20.0,80.0,73.0,67.0,60.0,80.76923076923077,MLYS
2026-04-20,49.630001068115234,50.36000061035156,49.08000183105469,50.0,1065400.0,-0.0272442057463158,45.73550014814141,44.525172010682816,42.052799987792966,42.95600001017253,48.2281999206543,61.42179985046387,76.90309982299804,32.66999816894531,51.38999938964844,32.66999816894531,67.36000061035156,32.66999816894531,86.94000244140625,32.66999816894531,92.08999633789062,32.66999816894531,103.23999786376952,32.66999816894531,113.8499984741211,1684290.0,1849848.0,1332025.7936507936,79656939.7876358,0.0695496889091609,2.98857171194894,0.0602170390415112,0.4826873995470579,-0.4651049141939365,-13.40871804863528,-12.117296474282371,51.38999938964844,48.97999954223633,2582400.0,True,True,False,0.1609356974997715,1.078852041283512,-0.3284167788449179,0.6556058853268534,-0.4374929255376137,0.5245217567126566,1.2644574962649384,72.0,78.0,78.0,10.0,10.0,14.0,14.0,90.0,86.0,81.0,76.0,96.15384615384616,MMYT
2026-04-20,2.9200000762939453,2.970000028610229,2.789999961853028,2.8499999046325684,4068800.0,0.0281690720219733,2.7241784017564066,2.72457859121285,2.563199977874756,2.5926666418711344,3.397399983406067,4.552699987888336,4.6632999992370605,2.2300000190734863,2.970000028610229,2.2300000190734863,6.269999980926514,2.2300000190734863,6.510000228881836,2.2300000190734863,6.510000228881836,2.2300000190734863,6.510000228881836,2.2300000190734863,6.510000228881836,7041177.5,6068284.0,4085065.873015873,11695384.880943298,0.0516831020532664,0.1178571326392037,0.040362030671173,-3.481469876248585,0.6787893132402807,-6.861322120552068,-5.512687761742993,2.8499999046325684,2.759999990463257,3549800.0,False,False,False,0.1587301977757818,1.076802480843256,-0.439539336868701,0.5471269943449361,-0.4542055834869239,0.5089376812318492,1.7236386679859643,89.0,77.0,77.0,6.0,6.0,13.0,13.0,77.0,69.0,63.0,56.0,88.46153846153845,MNKD
2026-04-20,6.420000076293945,7.46999979019165,6.170000076293945,7.170000076293945,2732600.0,-0.1439999898274739,5.710700898848598,5.0583797612795145,4.50040002822876,4.421666693687439,4.665600037574768,7.122207100391388,14.447442823648451,3.109999895095825,8.449999809265137,3.109999895095825,9.657999992370604,3.109999895095825,18.75,3.109999895095825,23.21428680419922,3.109999895095825,34.46428680419922,3.109999895095825,43.57143020629883,1895780.0,2299292.0,1181980.5952380951,19418522.576606277,0.2113707596298806,1.0757142305374146,0.1675567317373598,2.24418803085908,-1.0039840443186283,-5.282035118639922,-5.750266539040482,8.399999618530273,7.050000190734863,3740300.0,False,False,False,0.5469879346413684,1.4376085555153095,-0.2687926797782044,0.7138114941391409,-0.7375766509084593,0.2447022665438812,1.6039011195595128,86.0,97.0,97.0,14.0,14.0,4.0,4.0,98.0,96.0,95.0,92.0,88.46153846153845,MNTS
2026-04-20,251.5,251.80999755859372,240.0,243.75999450683597,658900.0,0.0319641913402382,239.921031740775,231.32035769342323,223.26880065917967,218.8386672973633,218.97679992675785,183.8714000701904,160.133349609375,180.82000732421875,260.010009765625,139.25,260.010009765625,111.18000030517578,260.010009765625,111.18000030517578,260.010009765625,111.18000030517578,260.010009765625,67.80000305175781,260.010009765625,1050450.0,1113104.0,1105799.2063492064,237808236.4604187,0.0650768595857738,15.270713806152344,0.0607185439608443,2.446097802229744,0.5101263362682064,5.441169260999267,7.95286659722711,248.30999755859372,236.00999450683597,958300.0,False,False,False,0.2520535974189424,1.1635274738134724,0.8373757380803535,1.7936635542657278,0.5676619801901095,1.461799954368293,0.9499464224323856,40.0,89.0,89.0,98.0,98.0,91.0,91.0,84.0,94.0,96.0,94.0,84.61538461538461,MOD
2026-04-20,66.2300033569336,66.53500366210938,62.130001068115234,62.369998931884766,8950900.0,0.0859157490450903,58.81886078290812,56.78984338094545,54.52560012817383,55.48366673787435,57.01459999084473,58.444900016784665,61.97259986877442,44.43000030517578,66.53500366210938,44.43000030517578,72.93000030517578,44.43000030517578,72.93000030517578,44.43000030517578,72.93000030517578,44.43000030517578,100.2509994506836,18.63999938964844,100.2509994506836,5574792.5,5434630.0,11235924.603174604,300488938.43265533,0.0616559489487611,3.3387854439871654,0.0504119775744753,3.2062289658626075,1.5694334860311376,0.2456203629522724,0.5467823994577298,64.30999755859375,60.7599983215332,6558300.0,False,False,False,0.2472694022620651,1.1590815439294904,-0.0398666260679962,0.93729127056793,-0.2100428643864142,0.7366124326449569,0.4961578772453578,12.0,88.0,88.0,39.0,39.0,26.0,26.0,89.0,84.0,79.0,74.0,100.0,MP
2026-04-20,54.59000015258789,55.72499847412109,53.01499938964844,53.68999862670898,5609200.0,0.0161950653781719,52.89944563130147,52.16822998065909,51.79720001220703,52.25233345031738,50.595200042724606,42.672300033569336,34.92137498855591,47.13999938964844,57.880001068115234,36.65499877929688,59.54999923706055,26.895000457763672,59.54999923706055,22.280000686645508,59.54999923706055,22.280000686645508,59.54999923706055,22.280000686645508,59.54999923706055,7707285.0,8356826.0,10464773.80952381,300484302.41054535,0.0507647796894152,2.590927941458566,0.0474615851660835,1.6635792575527664,0.3357866183630714,11.489679295095812,13.802727020317356,56.060001373291016,52.95000076293945,13585400.0,True,False,False,0.0423907058617774,0.968688742413454,0.3050441731527764,1.2739964513391309,1.0114223058313423,1.8755937644944696,0.7364980017996885,21.0,43.0,43.0,90.0,90.0,96.0,96.0,47.0,84.0,94.0,95.0,38.46153846153847,MRNA
2026-04-20,147.83999633789062,149.5800018310547,143.92999267578125,147.50999450683594,39548500.0,0.0583434301241632,130.16545566250844,118.4993875777201,108.92567932128908,105.82786280314129,95.47670928955078,90.275531539917,84.4113723373413,84.15786859494568,149.5800018310547,70.65463146973819,149.5800018310547,70.65463146973819,149.5800018310547,70.65463146973819,149.5800018310547,66.2053073399999,149.5800018310547,47.96034146173932,149.5800018310547,24811015.0,22130786.0,19758180.95238095,3213608524.870568,0.0522516160735262,7.17105387334977,0.0485055062972283,11.306766327359504,1.136512713531926,6.545701723084216,4.768333863805259,139.91000366210938,133.16000366210938,26341300.0,False,True,False,0.6521166117671533,1.535304136897508,0.8383544211209477,1.7946189538961408,0.6776654910061015,1.5643750816107538,1.2557337671821531,71.0,98.0,98.0,98.0,98.0,93.0,93.0,96.0,96.0,95.0,93.0,100.0,MRVL
2026-04-20,50.91999816894531,52.310001373291016,50.369998931884766,51.72999954223633,866400.0,-0.0116460070552647,50.02370615823489,47.219428346188856,44.19280029296875,42.72362174987793,42.00789833068848,40.16766593933105,37.06468744277954,33.953854818923794,53.72999954223633,33.953854818923794,53.72999954223633,33.953854818923794,53.72999954223633,29.651230665194905,53.72999954223633,27.66853494418375,53.72999954223633,27.66853494418375,53.72999954223633,1198182.5,1082246.0,1011636.9047619049,70621427.64549255,0.0427888828033151,1.8804994310651504,0.0369304693379194,5.744659100370762,-0.3190653923668068,7.893675142035605,10.259005071832345,52.84999847412109,51.459999084472656,1473600.0,False,False,True,0.4335584885336236,1.3321991088607306,0.2642561795807481,1.234178826666342,0.7167239985230516,1.6007960226219322,1.1843997528757613,65.0,95.0,95.0,88.0,88.0,94.0,94.0,90.0,85.0,80.0,85.0,69.23076923076923,MRX
2026-04-20,170.80999755859375,171.05999755859375,160.63999938964844,162.3000030517578,22173500.0,0.0257626301709283,146.63036229190385,140.21734093487922,136.41760070800785,136.77300059000652,134.87719970703125,149.42570030212403,241.0141003036499,116.4000015258789,173.14999389648438,104.16999816894533,173.14999389648438,104.16999816894533,198.3999938964844,104.16999816894533,299.79998779296875,104.16999816894533,365.2099914550781,104.16999816894533,457.2200012207031,20012307.5,21124014.0,16205270.634920634,2650846867.773056,0.0579213979400057,9.110713958740234,0.0533382945317058,4.994745546724785,0.4708734469725359,-3.7919634786170056,-6.903482725416668,173.14999389648438,153.77000427246094,52173700.0,True,False,False,0.2356046786112162,1.1482415715272043,-0.0166945428771428,0.959912077098918,-0.3982173063613733,0.5611451481357568,1.2349258430078671,69.0,87.0,87.0,43.0,43.0,15.0,15.0,88.0,90.0,87.0,82.0,100.0,MSTR
2026-04-20,281.0799865722656,281.5,275.32000732421875,276.7799987792969,649200.0,0.0148390993011819,261.19911754008257,250.3626287818917,240.1728002929688,236.66433359781905,238.36179931640623,215.09819946289065,176.21064979553222,197.6300048828125,281.5,197.6300048828125,281.5,162.94000244140625,281.5,142.0,281.5,121.97000122070312,281.5,93.23999786376952,281.5,1133467.5,1153360.0,1009379.761904762,253712582.62504575,0.0511457802714334,11.81071036202567,0.0420190370223642,4.265108315432843,0.3479879893403457,7.660128469603004,9.92702326605778,277.3699951171875,263.79998779296875,1046100.0,False,False,False,0.2518036651674944,1.1632952129567875,0.273699455778136,1.243397442106326,1.0376974162492272,1.9000945533732227,1.122934640438081,60.0,88.0,88.0,88.0,88.0,96.0,96.0,86.0,80.0,89.0,91.0,100.0,MTSI
2026-04-20,448.4200134277344,464.55999755859375,435.8999938964844,458.25,32013600.0,-0.014613122793097,434.6250692288164,419.4339031526757,409.2950817871094,409.1373107910157,407.6150762939453,358.9005067443848,259.6985734176636,311.489990234375,471.1420829782047,311.489990234375,471.1420829782047,221.5074267095709,471.1420829782047,192.43139181117184,471.1420829782047,154.42593371021755,471.1420829782047,65.49323393813212,471.1420829782047,43467812.5,41653518.0,28509061.904761903,18978042686.80832,0.0638172377874279,25.48571559361049,0.0568344739986001,1.7613701392820549,-0.2609302403951958,8.597647464631757,10.993026802331949,470.9700012207031,452.2000122070313,33405000.0,False,False,False,0.0097652333475768,0.9383700454386016,0.2366874632467459,1.2072659853234748,1.2159167400274842,2.066278974924998,1.5247016069911272,84.0,31.0,31.0,86.0,86.0,97.0,97.0,87.0,81.0,94.0,95.0,61.53846153846154,MU
2026-04-20,25.790000915527344,25.90999984741211,25.06999969482422,25.40999984741211,621000.0,-0.0046313752447494,24.057961388139912,23.167826391640347,21.636800079345704,22.124333381652832,23.702800064086915,22.41130002975464,18.43160002231598,18.1200008392334,26.549999237060547,18.1200008392334,29.700000762939453,17.700000762939453,29.700000762939453,14.93000030517578,29.700000762939453,13.045000076293944,29.700000762939453,6.880000114440918,29.700000762939453,1140475.0,1090480.0,1199987.3015873015,21429139.382247925,0.0533522069459806,1.2547144208635603,0.0486511972207079,1.8099686727371336,-0.0956384416162014,5.506115527467649,6.446252616475904,26.32999992370605,25.11000061035156,1380900.0,False,False,False,0.3185072402702544,1.2252825291496685,0.1296540079594001,1.1027789150649872,0.1351233140384977,1.0584700207264297,0.9504058905385242,40.0,92.0,92.0,77.0,77.0,66.0,66.0,86.0,80.0,77.0,85.0,92.3076923076923,MUX
2026-04-20,31.729999542236328,33.13999938964844,26.5,26.5,8071800.0,0.2078416059889729,23.503906412980086,21.19620578640468,19.315599822998045,18.843999830881756,18.59399990081787,18.28029992103577,16.965899968147276,14.699999809265137,33.13999938964844,14.699999809265137,33.13999938964844,14.699999809265137,33.13999938964844,12.770000457763672,33.13999938964844,12.770000457763672,33.13999938964844,9.06999969482422,33.13999938964844,1349560.0,1273488.0,1326279.761904762,35946620.67463875,0.0640273867488283,1.6078570229666571,0.0506730868629989,13.941610411295915,3.395823761989988,13.202068727878974,7.872921024278571,27.25,23.75,4186400.0,False,False,False,0.8555554873917008,1.7243589197908635,0.6440414920487276,1.6049288367491708,0.8162564847945439,1.6936072189948812,1.017553037273074,47.0,98.0,98.0,96.0,96.0,95.0,95.0,98.0,97.0,95.0,95.0,100.0,MXL
2026-04-20,3.5199999809265137,3.680000066757202,3.289999961853028,3.470000028610229,3174900.0,-0.0761154766951154,2.4162367982786668,2.063209917119793,1.801999988555908,1.7981666564941403,1.812799994945526,1.91282999753952,2.1487399989366534,1.309999942779541,5.769999980926514,1.309999942779541,5.769999980926514,1.309999942779541,5.769999980926514,1.309999942779541,5.769999980926514,1.309999942779541,5.769999980926514,1.309999942779541,5.769999980926514,7174335.0,5749136.0,1246955.9523809524,44452652.35713244,0.1313505703986401,0.4855714184897287,0.1379464264547863,6.826908038945463,-0.5972344145687433,-1.4732434735284623,-2.136767008661769,3.950000047683716,3.470000028610229,33771900.0,False,True,False,1.1728394880034614,2.019209437751325,0.8723404201353875,1.8277964072194333,0.2264808784969028,1.1436583363480792,5.753479091463688,99.0,99.0,99.0,98.0,98.0,75.0,75.0,99.0,98.0,97.0,96.0,96.15384615384616,MYSE
2026-04-20,2.119999885559082,2.220000028610229,2.039999961853028,2.0799999237060547,12759500.0,0.0047393322087359,1.8825251503976048,1.7202595651780046,1.537599983215332,1.506666652361552,1.5607999920845033,1.8196999967098235,1.593249998986721,1.0800000429153442,2.220000028610229,1.0800000429153442,2.6600000858306885,1.0800000429153442,2.6600000858306885,1.0800000429153442,2.6600000858306885,0.8100000023841858,2.9800000190734863,0.7300000190734863,2.9800000190734863,8889590.0,10292124.0,11464078.174603175,16396312.981876137,0.0858633311047272,0.1528571418353489,0.0721024292862345,4.969010661171448,0.065420498795067,3.2212112274238267,2.887071188409103,2.180000066757202,1.9600000381469729,13031700.0,False,False,False,0.6692912735419578,1.5512644686833306,0.1099476034594661,1.0835413368143465,-0.0535714836905194,0.8825175193610773,0.7754299878810543,24.0,98.0,98.0,75.0,75.0,38.0,38.0,97.0,95.0,93.0,91.0,100.0,NAK
2026-04-20,6.059999942779541,6.090000152587891,5.800000190734863,6.010000228881836,3417800.0,0.0049750799216214,5.906228119539176,5.788483687291051,5.734799995422363,5.647666645050049,5.333058319091797,4.488113238811493,3.7845913004875182,4.909999847412109,6.340000152587891,3.8889170087497376,6.340000152587891,3.229449492780725,6.340000152587891,3.229449492780725,6.340000152587891,2.967602244658371,6.340000152587891,2.3060897147246577,6.340000152587891,5761195.0,5210290.0,3060831.3492063493,28059338.975458145,0.0527003573986253,0.3264285836900983,0.0538661034277791,2.530507583484536,0.0919028984289937,10.234575575396812,15.026733019465476,6.199999809265137,5.800000190734863,6364800.0,False,True,True,0.1038251722085743,1.025779500813032,0.5277947950292101,1.491447712868912,0.8487221605920454,1.7238805330122104,1.8822320940661543,91.0,64.0,64.0,95.0,95.0,95.0,95.0,66.0,87.0,92.0,89.0,57.692307692307686,NAT
2026-04-20,15.350000381469728,15.43000030517578,14.329999923706056,14.329999923706056,2128200.0,0.0192563050313918,13.931294865682569,12.90681746591681,11.86640007019043,11.445000044504802,10.95900001525879,12.915899991989136,13.52243590558696,8.104999542236328,15.43000030517578,8.104999542236328,15.43000030517578,8.104999542236328,18.549999237060547,8.104999542236328,22.75,8.104999542236328,22.75,0.0,0.0,3010812.5,2705870.0,0.0,56466132.98950672,0.1035889680050281,1.158428532736642,0.0754676549803267,5.309231843160336,0.2503391047939218,-4.375334294235726,-3.3347009176581777,15.359999656677246,14.75,2364000.0,False,False,False,0.688668880505974,1.5692719869923475,0.0378634496998697,1.0131721048935205,0.0,0.0,0.0,0.0,98.0,98.0,62.0,62.0,0.0,0.0,97.0,95.0,93.0,90.0,100.0,NAVN
2026-04-20,6.400000095367432,6.480000019073486,6.139999866485596,6.170000076293945,5180200.0,0.0289389567921891,5.565053570085706,5.256355024418929,4.927600040435791,4.913333368301392,5.168300046920776,5.718000025749206,5.6175000166893,4.150000095367432,6.480000019073486,4.150000095367432,8.180000305175781,4.150000095367432,8.180000305175781,4.150000095367432,8.180000305175781,4.150000095367432,12.579999923706056,2.1700000762939453,12.579999923706056,4636282.5,4506354.0,4882429.761904762,22746029.25113678,0.0741509686105283,0.4378570829119001,0.0684151681855189,3.4834119773888625,0.4110937385749645,-0.2572346486234789,-0.3040790839283827,6.460000038146973,6.03000020980835,10897800.0,False,False,False,0.4479637974879096,1.3455858941961467,-0.0317700505151609,0.9451952241156418,-0.2289156688801485,0.7190140823013472,0.9495850890011096,40.0,96.0,96.0,40.0,40.0,24.0,24.0,91.0,87.0,82.0,77.0,100.0,NB
2026-04-20,159.16000366210938,161.75,154.0399932861328,157.0,12962500.0,0.0128548064166149,149.04609132249118,135.82782066116238,126.51040069580078,122.90383402506512,112.10070068359374,102.61575050354004,94.3830754852295,86.5,168.7100067138672,73.5199966430664,168.7100067138672,73.5199966430664,168.7100067138672,73.5199966430664,168.7100067138672,73.5199966430664,168.7100067138672,20.25,168.7100067138672,16742347.5,16595552.0,15490745.23809524,2096721806.1969376,0.0765197242699351,10.586073739188055,0.0665121481252406,6.311552350891998,0.1908171360060703,4.333985494537579,4.2987471256975365,164.05999755859375,154.72999572753906,17203600.0,False,True,False,0.3097433184564739,1.217138258145849,0.4638094247052178,1.4289845898518156,0.2935630890589809,1.2062105788453286,1.08079677527888,55.0,92.0,92.0,94.0,94.0,80.0,80.0,96.0,97.0,95.0,93.0,84.61538461538461,NBIS
2026-04-20,20.26000022888184,20.479999542236328,19.61000061035156,20.280000686645508,28853600.0,-0.0347784445067405,20.27469939448285,20.134911632433905,19.73720001220703,19.77566668192545,21.075800018310545,21.276900081634523,22.28340003967285,17.559999465942383,22.21999931335449,17.559999465942383,25.100000381469727,17.559999465942383,25.1299991607666,17.350000381469727,25.1299991607666,17.350000381469727,26.729999542236328,15.3100004196167,27.18000030517578,22315075.0,23141486.0,17454107.14285714,417023785.2152348,0.0488084334150242,1.215714045933315,0.0600056284402327,-0.6450710197574814,-0.6004697771472245,0.401380435680136,2.8844487393485485,22.21999931335449,20.899999618530277,31605200.0,False,True,True,0.0315682718177772,0.958631505750673,-0.0795093131213885,0.898591704939007,-0.113347926010901,0.8267776967714932,1.2784999437299858,73.0,40.0,40.0,33.0,33.0,33.0,33.0,45.0,38.0,32.0,30.0,15.384615384615383,NCLH
2026-04-20,18.700000762939453,19.06999969482422,18.299999237060547,18.299999237060547,2750400.0,0.013001174992943,17.795572692991954,17.183170628510005,16.368800010681152,16.24800001780192,16.35559997558594,20.30554998397827,24.07697491645813,13.800000190734863,19.06999969482422,13.800000190734863,24.88999938964844,13.800000190734863,26.51000022888184,13.800000190734863,27.5,13.800000190734863,31.229999542236328,13.800000190734863,33.91999816894531,2997072.5,2911986.0,2096389.6825396824,62056621.66670799,0.0543012764324932,0.9561431748526436,0.0511306489755644,2.803393573711029,0.2510101884101037,-9.879143591953763,-8.42603376716026,18.88999938964844,18.34000015258789,1942700.0,False,False,False,0.206451662125126,1.121149811481126,-0.2288659479200225,0.7527883469900352,-0.2224531660640079,0.7250401813208526,1.4296352080731385,80.0,84.0,84.0,17.0,17.0,25.0,25.0,81.0,74.0,68.0,62.0,96.15384615384616,NCNO
2026-04-20,8.229999542236328,8.369999885559082,7.96999979019165,8.199999809265137,1935300.0,-0.0143713573354683,8.175215172424696,8.18537673409005,7.976400127410889,8.043333466847738,8.936800098419189,10.593300094604492,9.356200044155122,7.070000171661377,9.119999885559082,7.070000171661377,13.1899995803833,7.070000171661377,13.739999771118164,7.070000171661377,13.739999771118164,7.070000171661377,13.739999771118164,4.71999979019165,13.739999771118164,1852215.0,1961586.0,2464084.523809524,15478324.563791752,0.0557240646367389,0.4650000504084995,0.0565006168010242,-1.3997860144752847,-0.2580662929562662,-8.81722839368284,-2.9440844064156395,8.5600004196167,8.229999542236328,8821800.0,False,True,True,0.0061123759407333,0.9349754623636062,-0.3565285717918049,0.6281628874637291,-0.1994163661463791,0.7465213382883115,0.7516848477001262,22.0,28.0,28.0,9.0,9.0,26.0,26.0,49.0,41.0,35.0,29.0,15.384615384615383,NEO
2026-04-20,9.630000114440918,9.649999618530272,9.43000030517578,9.43000030517578,1548600.0,0.0126182841925326,9.502046349024734,9.50462486308748,9.285999946594238,9.326666609446209,9.965199890136718,8.972899966239929,7.29374997138977,8.239999771118164,10.829999923706056,8.239999771118164,11.43000030517578,6.0,11.43000030517578,5.369999885559082,11.43000030517578,4.900000095367432,11.43000030517578,4.320000171661377,11.43000030517578,2728597.5,2804488.0,4816737.301587301,25226434.754810333,0.0524239747414176,0.5378571237836566,0.055852244796664,-0.6022503650974352,0.2231073648609883,5.490173763017397,8.143191779091214,9.699999809265137,9.369999885559082,2105800.0,True,False,True,0.1068965891453663,1.02863375401502,0.0410810934530723,1.016313199124339,0.6239461034080509,1.5142832892908302,0.5664825231595715,14.0,65.0,65.0,62.0,62.0,92.0,92.0,50.0,42.0,85.0,87.0,30.76923076923077,NEOG
2026-04-20,23.530000686645508,24.190000534057617,23.06999969482422,23.959999084472656,1262200.0,-0.0312886043736625,23.25525944778428,22.75822174911633,22.18680000305176,21.841666666666665,22.39810001373291,19.525300006866456,14.546025009155274,18.459999084472656,25.299999237060547,18.459999084472656,26.850000381469727,14.210000038146973,26.850000381469727,11.842000007629396,26.850000381469727,9.920000076293944,26.850000381469727,5.46999979019165,26.850000381469727,2285247.5,2251152.0,1130306.349206349,47239787.9550457,0.0545852382535176,1.3081433432442802,0.0555947005979782,0.9089997061795756,-0.5809762613606138,10.817405147149106,15.218944578382914,25.299999237060547,23.38999938964844,2827200.0,False,False,True,0.1172840115545843,1.0382867364273909,0.2949917769865424,1.2641832072308503,1.234568023109169,2.0836707628883766,2.021794800679125,92.0,67.0,67.0,90.0,90.0,97.0,97.0,72.0,64.0,88.0,91.0,46.15384615384615,NESR
2026-04-20,7.15500020980835,7.380000114440918,6.849999904632568,6.920000076293945,4053800.0,0.0460526389171613,7.378507847103547,7.319944708374842,7.436000003814697,7.146666669845581,6.450999994277954,5.934300003051757,7.1442000102996825,5.309999942779541,9.0600004196167,4.75,9.0600004196167,4.75,9.0600004196167,4.75,9.0600004196167,4.75,9.0600004196167,4.75,12.119999885559082,5632070.0,4979626.0,3496062.698412698,45627320.258286,0.0814869708985412,0.6760713372911725,0.0944893525459842,1.1549491868830004,0.4659272473857204,-1.8022348028153463,1.4403945757458425,7.315000057220459,6.760000228881836,6246300.0,False,False,True,-0.0171703291754837,0.9133389548504603,0.3525520342918933,1.3203740742173886,0.1710311053124107,1.0919530089655825,1.6109751128196597,86.0,19.0,19.0,92.0,92.0,70.0,70.0,80.0,85.0,80.0,75.0,19.230769230769237,NEXT
2026-04-20,10.75,10.869999885559082,10.449999809265137,10.720000267028809,2598000.0,-0.0173674211765045,10.013443203370604,9.760142165737191,9.104399909973145,9.50866657892863,10.29479995727539,10.06639994621277,8.649799966812134,7.5,12.800000190734863,7.5,14.399999618530272,7.5,14.399999618530272,7.5,14.399999618530272,6.900000095367432,14.399999618530272,2.890000104904175,14.399999618530272,3776665.0,3872264.0,4007318.253968254,28997118.288066387,0.0634710781504304,0.6071429933820452,0.0564784179890274,0.782892006491896,-0.3129404151152632,1.9980304967425733,3.8734510450262234,11.300000190734863,10.399999618530272,3003500.0,True,True,False,0.3607594772440334,1.264547332709527,0.0749999999999999,1.0494251561469852,0.0336538840680447,0.9638526797594712,0.9424419925370664,39.0,94.0,94.0,69.0,69.0,53.0,53.0,87.0,81.0,76.0,69.0,84.61538461538461,NG
2026-04-20,6.659999847412109,6.800000190734863,6.619999885559082,6.800000190734863,20657300.0,-0.0248902017852001,6.509420047248514,6.245644083473462,6.101599998474121,6.001999998092652,5.582799997329712,5.248999996185303,5.621499996185303,4.739999771118164,7.0,4.380000114440918,7.0,4.380000114440918,7.0,4.380000114440918,7.539999961853027,4.380000114440918,8.020000457763672,3.3399999141693115,8.020000457763672,44947770.0,43407492.0,54339430.55555555,245621162.60477304,0.0470346961732182,0.3371428762163435,0.0506220546457441,3.8115747947388177,-0.5042374859045126,-0.364614428874944,-0.0256243443209827,7.0,6.800000190734863,34996400.0,False,False,True,0.1307300506588893,1.0507820768378018,0.4140126950046296,1.3803725518595842,-0.0248902017852001,0.9092619943245738,0.8271667468809099,27.0,71.0,71.0,93.0,93.0,41.0,41.0,85.0,86.0,81.0,76.0,65.38461538461539,NIO
2026-04-20,11.84000015258789,12.010000228881836,11.550000190734863,11.550000190734863,1103300.0,0.0163090592514187,11.25342073023638,11.246805082711829,11.048399963378904,11.200666618347167,11.4446000289917,13.795999975204468,14.746684507890182,10.053000450134276,12.760000228881836,10.053000450134276,18.209999084472656,10.053000450134276,18.38500022888184,10.053000450134276,18.38500022888184,10.053000450134276,18.700000762939453,10.053000450134276,20.38999938964844,1468070.0,1446022.0,1555037.4331550803,18166593.31913948,0.0575946887794889,0.6435713768005371,0.054355689907645,0.6356106552071956,0.2952283785555992,-7.305534725024636,-1.8603593989013465,11.885000228881836,11.5,1459200.0,False,False,False,0.0793071890958776,1.0029950553125155,-0.3318284079353887,0.6522754207771018,-0.1223127981115975,0.8184182099731169,0.9440737365539628,39.0,56.0,56.0,10.0,10.0,32.0,32.0,53.0,45.0,39.0,32.0,53.84615384615385,NIQ
2026-04-20,100.3499984741211,109.0,95.4000015258789,97.4800033569336,4852300.0,0.1825359150643231,83.90155796749049,79.34889671885685,76.47759948730469,75.66999969482421,72.02540000915528,58.80679992675781,50.85729990959168,62.5,109.0,33.400001525878906,109.0,33.400001525878906,109.0,33.400001525878906,109.0,33.400001525878906,109.0,7.989999771118164,109.0,970600.0,1273994.0,1164770.865079365,78343309.18769836,0.0639917153171227,5.776427677699497,0.0575628078279359,6.831815243957048,2.68158777847601,4.311022167405316,3.705604358090868,86.94999694824219,84.0999984741211,509900.0,False,False,False,0.3408605476282613,1.2460553517311086,1.663216498444053,2.5998571067282583,0.8258733650974905,1.7025746847914989,0.8332969419988586,28.0,93.0,93.0,99.0,99.0,95.0,95.0,93.0,99.0,98.0,97.0,100.0,NKTR
2026-04-20,23.200000762939453,24.049999237060547,22.71999931335449,22.770000457763672,3781000.0,0.0162067823245675,19.03553433382257,17.960242905458678,17.523800239562988,17.390833568572997,17.015700092315672,16.254150075912477,15.502225060462951,13.779999732971191,24.049999237060547,13.109999656677246,24.049999237060547,13.109999656677246,24.049999237060547,10.869999885559082,24.049999237060547,10.869999885559082,24.049999237060547,10.84000015258789,24.049999237060547,1779827.5,1600904.0,1361884.9206349207,41747283.912062645,0.0831757044115575,1.466928550175258,0.0632296768075363,5.748040398361769,0.2522282623711928,4.395274830320108,4.092146648728183,22.850000381469727,21.170000076293945,4642200.0,False,False,False,0.2513484151723713,1.1628721512940352,0.477707072916542,1.4425516053348342,0.7764165403924508,1.656457610440904,1.306885385859351,74.0,88.0,88.0,95.0,95.0,94.0,94.0,95.0,93.0,91.0,93.0,100.0,NN
2026-04-20,25.530000686645508,25.700000762939453,24.26000022888184,25.0,1570700.0,-0.0123790982631322,23.60305224642412,22.95623208870332,21.87400016784668,22.19033342997233,23.732600135803224,27.90909999847412,33.074175157547,18.93000030517578,27.049999237060547,18.93000030517578,36.29999923706055,18.93000030517578,39.869998931884766,18.93000030517578,49.5,18.93000030517578,60.869998931884766,17.260000228881836,60.869998931884766,1899337.5,1827676.0,2901788.888888889,41507152.15950966,0.0729524194740822,1.9022858483450755,0.0745117821066155,1.0164232668259834,-0.1682185120089116,-5.264756624125752,-4.397661628149622,27.049999237060547,24.809999465942383,2785500.0,False,False,False,0.2151356691348418,1.1292198180362945,-0.2842724419068739,0.6987000041028645,-0.4726296061327031,0.4917578071242853,0.6545402069987478,18.0,85.0,85.0,13.0,13.0,12.0,12.0,81.0,74.0,68.0,61.0,96.15384615384616,NNE
2026-04-20,10.600000381469728,10.6899995803833,10.4399995803833,10.4399995803833,88700500.0,0.0281280261930201,9.921076504040576,9.374457033718622,8.960400047302246,8.799333381652833,8.293400011062623,7.367700004577637,6.2386717605590825,7.559999942779541,10.6899995803833,6.059999942779541,10.6899995803833,6.059999942779541,10.6899995803833,5.860000133514404,10.6899995803833,4.510000228881836,10.6899995803833,4.0,10.6899995803833,65234077.5,60613030.0,36448860.71428572,682585402.4328184,0.0429059021920457,0.4757143429347447,0.0448787099825354,6.197255186629143,0.6096094560949734,11.135540093916571,10.957407214829065,10.489999771118164,10.1899995803833,48836300.0,False,False,False,0.2771084503470626,1.1868108298888989,0.6183206218014601,1.5798198802138452,0.8661973066591067,1.740175606852243,1.7897425659297013,90.0,90.0,90.0,96.0,96.0,95.0,95.0,85.0,93.0,90.0,88.0,96.15384615384616,NOK
2026-04-20,156.70010375976562,169.26164056977976,155.7729504604819,168.6235951731817,3831000.0,-0.062898806465274,162.32305872727454,159.6859850290458,155.65890625,155.11032002766927,160.44684448242188,158.4805258178711,158.64568817138672,139.46290761004954,174.98412476243192,139.46290761004954,189.3800421561953,139.46290761004954,189.3800421561953,139.46290761004954,189.3800421561953,139.46290761004954,189.3800421561953,89.45207880802636,189.3800421561953,3020017.5,2832988.0,2610409.523809524,384452571.1999512,0.0400955801636293,6.376898818892796,0.040694924035718,-0.5738286373849536,-1.6493608108811293,-3.9223954159957577,-0.232235215904651,170.82686913685944,165.78230469801318,3433200.0,False,False,True,-0.0261462638603134,0.9049976612904372,0.0369658531758252,1.0122958626866343,-0.0697617667527835,0.8674205435201773,1.1569133013247328,63.0,18.0,18.0,61.0,61.0,36.0,36.0,36.0,29.0,24.0,21.0,0.0,NRG
2026-04-20,3.700000047683716,3.7699999809265137,3.509999990463257,3.5899999141693115,1914000.0,0.0277778182500685,3.448048054858438,3.404713395285279,3.410000009536743,3.3796666781107585,3.368600010871887,4.089800004959106,3.2157349982857704,2.890000104904175,4.019999980926514,2.8499999046325684,5.760000228881836,2.8499999046325684,6.349999904632568,2.8499999046325684,6.349999904632568,2.109999895095825,6.349999904632568,0.5960000157356262,6.349999904632568,3598365.0,3986298.0,2846846.8253968256,10563128.352075815,0.0704069305228203,0.2174285309655325,0.0587644670711957,1.6741266299404989,0.4599218998862655,0.9319302378342228,3.1303427276686304,3.7100000381469727,3.549999952316284,2524100.0,False,False,False,-0.0053763389173911,0.9242990540981826,-0.353146821084106,0.6314641844539404,-0.046391768414455,0.8892123984839705,1.263982651928742,72.0,22.0,22.0,9.0,9.0,38.0,38.0,73.0,68.0,61.0,54.0,69.23076923076923,NRGV
2026-04-20,17.040000915527344,17.399999618530273,16.979999542236328,17.1299991607666,597100.0,-0.0268417651176984,16.530748838977868,16.139218617582546,15.668400001525878,15.656999969482422,15.746400051116945,17.041000022888184,13.913599996566772,14.010000228881836,17.68000030517578,14.010000228881836,19.649999618530277,14.010000228881836,21.989999771118164,11.1899995803833,22.5,8.194999694824219,22.5,8.194999694824219,22.5,1185515.0,1115104.0,1194222.619047619,19995021.299448013,0.0596592409849241,0.9660714013235908,0.0566943280175107,1.4490367636491217,-0.4865057724621157,-4.428945813019412,2.766943900388229,17.68000030517578,16.920000076293945,856000.0,True,True,False,0.1420912083373122,1.061339946820702,-0.1129619090247282,0.8659349647721379,0.6989034266384349,1.584178849087756,0.9927085462050926,45.0,74.0,74.0,28.0,28.0,93.0,93.0,62.0,54.0,48.0,76.0,84.61538461538461,NRIX
2026-04-20,31.420000076293945,31.8799991607666,28.790000915527344,29.06999969482422,711000.0,0.0871972488244561,28.282453961700337,27.27193546187272,26.54639999389649,25.54033330281576,25.231340980529787,32.13709856033325,39.71540036201477,18.56999969482422,31.8799991607666,18.56999969482422,46.34392415380725,18.56999969482422,46.82049033727395,18.56999969482422,46.82049033727395,18.56999969482422,52.16639015858037,18.56999969482422,77.56015700751419,1159842.5,1241136.0,837642.0634920635,25743722.273693085,0.0690743858307476,1.7592856543404716,0.0559925413771031,4.380523835099687,1.432399821794932,-0.0794718658380073,0.7307426811206895,29.190000534057617,28.11000061035156,845000.0,False,False,False,0.3829225803640634,1.2851433993941128,-0.3066003986185153,0.6769032418158344,-0.3055435595687448,0.6475607661353555,1.3846516913975264,78.0,94.0,94.0,11.0,11.0,20.0,20.0,95.0,91.0,89.0,84.0,96.15384615384616,NSP
2026-04-20,15.210000038146973,15.30500030517578,14.529999732971191,14.75,2670700.0,0.0173913198795294,14.365071096811503,13.922839390475266,13.522399940490722,13.467999998728434,13.28529993057251,11.96284996986389,13.04204996585846,11.619999885559082,15.30500030517578,10.9350004196167,17.09000015258789,8.739999771118164,17.09000015258789,7.949999809265137,17.09000015258789,7.949999809265137,28.25,6.800000190734863,28.25,3653442.5,3527814.0,5338729.365079365,41666246.75682545,0.0608206629091641,0.8505715642656598,0.0559218647029855,2.590657870335059,0.3056770762214545,7.012163228232646,8.2548888309958,15.140000343322754,14.489999771118164,3094700.0,False,False,False,0.1566540288498454,1.0748731069006514,0.2168000030517578,1.1878516587927843,-0.3894018413762803,0.569365317072546,0.684328095725768,19.0,77.0,77.0,85.0,85.0,16.0,16.0,77.0,78.0,90.0,90.0,100.0,NTLA
2026-04-20,40.59000015258789,40.79999923706055,39.61000061035156,39.77000045776367,2241600.0,0.0134831691838748,38.86866312532826,38.870664605424885,39.09720001220703,39.08166681925456,39.54580017089844,43.73949996948242,57.64760021209717,34.0099983215332,42.25,34.0099983215332,43.77000045776367,34.0099983215332,54.150001525878906,34.0099983215332,72.54000091552734,34.0099983215332,80.47000122070312,34.0099983215332,83.36000061035156,4852365.0,4649022.0,3752024.206349206,127696528.35353851,0.0488300992123764,2.02142824445452,0.0498011391193759,0.5302052663491306,0.267138305309008,-12.280604902248214,-12.53340410629393,40.79999923706055,39.85499954223633,2401400.0,False,False,False,-0.0107238274384497,0.9193296583606676,-0.1125929457126232,0.8662951502432247,-0.3918189773478765,0.567111406919955,1.2932659101156083,74.0,21.0,21.0,28.0,28.0,16.0,16.0,57.0,49.0,42.0,36.0,26.923076923076923,NTNX
2026-04-20,207.7400054931641,210.8699951171875,206.1300048828125,206.32000732421875,824800.0,-0.0031669310107952,204.57304353419607,203.16377336874865,200.7055987548828,199.88599904378256,203.2798992919922,218.81374954223637,194.7383246612549,181.0,220.0,181.0,249.25999450683597,181.0,256.3599853515625,181.0,256.3599853515625,157.4250030517578,256.3599853515625,131.81100463867188,256.3599853515625,1303167.5,1245338.0,1278940.0793650793,247553495.3639984,0.0473811368587226,11.090143476213727,0.0533847269806617,0.4109923489293131,-0.0595112592308533,-6.182800188096746,0.3295399898334163,209.2749938964844,198.27999877929688,1427000.0,False,True,True,0.0247127207182416,0.9522606746066348,-0.1016648411106418,0.876963269199806,0.1506592069266488,1.0729567964484612,1.0189433586653631,48.0,38.0,38.0,30.0,30.0,68.0,68.0,44.0,36.0,30.0,26.0,19.230769230769237,NTRA
2026-04-20,10.079999923706056,10.114999771118164,9.609999656677246,9.720000267028809,2697800.0,0.0212765998563206,9.448658741610192,9.414387152627214,9.09239995956421,9.4343333085378,10.122799978256223,13.81224995136261,16.50751696800699,7.664999961853027,12.81999969482422,7.664999961853027,16.75,7.664999961853027,23.559999465942383,7.664999961853027,24.979999542236328,7.664999961853027,27.989999771118164,7.664999961853027,27.989999771118164,5029955.0,4458760.0,3407687.7551020407,42098636.369524,0.0715640127740615,0.6302855695996966,0.0625283307906973,-0.0676187023071713,0.3331823672884446,-11.921723554410589,-10.455300315840542,9.979999542236328,9.56999969482422,5669900.0,False,False,False,0.0621707235845774,0.9870702191333316,-0.3170731864907512,0.6666796073524711,-0.558088550648302,0.4120697858723344,1.4760610013253346,82.0,50.0,50.0,11.0,11.0,9.0,9.0,77.0,70.0,64.0,56.0,69.23076923076923,NTSK
2026-04-20,4.579999923706055,4.75,4.5329999923706055,4.559999942779541,3605900.0,-0.0065076375139883,4.580382364707419,4.565161308072441,4.603399991989136,4.646166682243347,4.698600001335144,4.679000010490418,3.290360006839037,3.660000085830689,6.340000152587891,3.660000085830689,8.380000114440918,2.009999990463257,9.44499969482422,2.009999990463257,9.44499969482422,0.3980000019073486,9.44499969482422,0.3210000097751617,9.44499969482422,4700625.0,4359544.0,10773510.714285716,26395021.04975581,0.1215869794411395,0.5281427758080619,0.1153150184729038,-0.2188923712191423,-0.0568032190962928,-1.0243950055445454,2.507362574951873,5.079999923706055,4.5,6581300.0,True,True,True,-0.067209762517607,0.8668375466139112,0.0577367215715847,1.0325725806489865,0.4539681857285216,1.3557837431849658,0.4363132060347751,10.0,11.0,11.0,66.0,66.0,88.0,88.0,69.0,60.0,96.0,94.0,30.76923076923077,NUAI
2026-04-20,5.119999885559082,5.179999828338623,4.889999866485596,5.019999980926514,3794600.0,0.0078740083570405,4.806604363482274,4.704115332475486,4.508000030517578,4.517333364486694,4.897800016403198,6.227600026130676,4.83850001692772,4.045000076293945,5.179999828338623,4.045000076293945,6.21999979019165,4.045000076293945,9.75,3.920000076293945,9.75,2.990000009536743,9.75,1.5700000524520874,9.75,4292922.5,4323956.0,6224322.222222222,13973283.298323154,0.0539151866437854,0.2554286207471575,0.0498884036047719,0.909375278139424,0.1565993729912605,-7.004956612591116,-1.713457385005992,5.099999904632568,4.849999904632568,2720700.0,False,False,False,0.2018778428335856,1.1168993828916982,-0.1247863300810321,0.8543918532248269,0.4104682435657856,1.315221291411529,0.6897011990596031,19.0,84.0,84.0,27.0,27.0,86.0,86.0,71.0,63.0,56.0,55.0,100.0,NUVB
2026-04-20,12.670000076293944,13.06999969482422,12.5,12.720000267028809,832300.0,-0.0124707598100975,11.851944779551271,11.654396134959066,11.460000038146973,11.628333377838135,11.828600006103516,12.395050048828123,12.748774995803831,10.135000228881836,13.170000076293944,9.81999969482422,15.460000038146973,9.81999969482422,15.460000038146973,9.81999969482422,15.460000038146973,9.81999969482422,15.460000038146973,9.81999969482422,20.059999465942383,1607205.0,1975696.0,1618768.253968254,13305778.928141594,0.0506331068733238,0.5820713724408831,0.0459409130967537,1.5483515569428967,-0.2748801177786139,-3.2561744125091163,-0.7948690073355358,13.170000076293944,12.774999618530272,1401900.0,False,True,False,0.042798392929215,0.9690676040729388,-0.0711143872883887,0.9067869108489032,-0.0969351163622034,0.8420821722889846,0.992856757636612,45.0,44.0,44.0,34.0,34.0,34.0,34.0,68.0,67.0,60.0,53.0,57.692307692307686,NVCR
2026-04-20,13.199999809265137,13.420000076293944,11.93000030517578,12.130000114440918,31465700.0,0.0714285824869473,10.947631170383024,10.171170766117108,9.608999977111816,9.606833330790202,9.247500019073486,9.066799998283386,8.621224994659423,7.659999847412109,13.420000076293944,7.349999904632568,13.420000076293944,7.105000019073486,13.420000076293944,6.849999904632568,15.140000343322754,5.829999923706055,17.790000915527344,1.7200000286102295,17.790000915527344,22101572.5,21105894.0,30833107.936507937,210711824.59796903,0.087322811814881,0.9464286395481656,0.0716991403957341,5.9611982562887045,0.9298113747498584,3.91173376189305,3.526505337202458,12.869999885559082,11.850000381469728,36741500.0,False,False,False,0.4394765212041214,1.3376987085721523,0.2098991745078917,1.1811150047721422,-0.1554702679068216,0.7874998178413203,0.7168129967796933,20.0,96.0,96.0,85.0,85.0,30.0,30.0,95.0,94.0,92.0,90.0,100.0,NVTS
2026-04-20,4.369999885559082,4.400000095367432,4.190000057220459,4.269999980926514,7682700.0,0.0092378666415289,4.05718426300569,3.936093640712468,3.731599979400635,3.8079999764760335,4.091145486831665,3.991673936843872,4.460376895666123,3.2699999809265137,4.480000019073486,3.2699999809265137,4.8159090318137325,3.2699999809265137,4.8159090318137325,2.96420078041074,4.962864110961549,2.96420078041074,5.899436072068895,2.96420078041074,6.411170409325527,5696670.0,5755970.0,7915613.095238095,19777812.462056875,0.0466418402417376,0.1957143034253801,0.0447858829635509,1.521918635273274,0.2043793486370202,3.9044565240886815,4.417351075527924,4.480000019073486,4.28000020980835,7849700.0,False,False,False,0.2344632578107679,1.1471808545872573,0.0514764353982857,1.0264612301420664,-0.0570885799587671,0.8792379276956533,0.7196751447373072,21.0,87.0,87.0,64.0,64.0,37.0,37.0,80.0,72.0,66.0,72.0,96.15384615384616,NWL
2026-04-20,12.710000038146973,12.760000228881836,12.270000457763672,12.539999961853027,6305300.0,0.0015760802541389,12.166989738461233,11.964625691945432,11.685199966430664,11.832999992370606,11.988600006103516,11.174500007629394,9.531650025844574,10.645000457763672,13.4399995803833,9.850000381469728,13.960000038146973,8.135000228881836,13.960000038146973,7.329999923706055,13.960000038146973,7.329999923706055,13.960000038146973,4.389999866485596,13.960000038146973,7349127.5,8147516.0,8714516.666666666,68546916.821208,0.0488417769232047,0.5796429770333427,0.045605269495959,1.3194491582690293,0.034504787526342,6.429165847660764,7.740034246177177,13.18000030517578,12.609999656677246,7670400.0,False,False,False,0.1158911022858795,1.0369923124458549,0.0689654895834144,1.043534210066803,0.4153675596938557,1.3197897635585545,0.8433201497118793,29.0,67.0,67.0,68.0,68.0,87.0,87.0,57.0,67.0,83.0,86.0,88.46153846153845,NXE
2026-04-20,9.520000457763672,9.751999855041504,9.404999732971191,9.729999542236328,3482800.0,-0.030549821423993,9.018722189837654,8.837047569045179,8.509600048065186,8.656000026067098,8.837100019454956,10.359250044822693,11.099650042057036,7.380000114440918,10.25,6.230000019073486,11.5,6.230000019073486,16.309999465942383,6.230000019073486,16.440000534057617,6.230000019073486,16.440000534057617,6.230000019073486,16.440000534057617,4762452.5,5981900.0,3536857.1428571427,30967565.74487448,0.0644608767313457,0.6117858205522809,0.064263213354508,1.2025002719073743,-0.4903664435859707,-7.731925381715545,-3.721813850660429,9.859999656677246,8.989999771118164,5327300.0,True,False,False,0.1511487219842329,1.0697570513235426,-0.1552794967984638,0.824624135788681,-0.2196720814262778,0.7276334631940502,1.346521023507553,77.0,76.0,76.0,23.0,23.0,25.0,25.0,74.0,86.0,82.0,76.0,92.3076923076923,OCUL
2026-04-20,14.739999771118164,15.940999984741213,14.649999618530272,15.289999961853027,1474200.0,-0.039113453422522,14.69166148223315,14.762197650116354,14.174199905395508,14.000499884287516,17.611799964904787,28.28929998397827,43.094024953842165,12.100000381469728,15.949999809265137,10.800000190734863,36.650001525878906,10.800000190734863,45.470001220703125,10.800000190734863,47.54499816894531,10.800000190734863,64.2300033569336,10.800000190734863,79.18000030517578,2869150.0,2564170.0,1286587.3015873015,18655343.38787079,0.0625846439309847,0.9205000059945244,0.0624491194225233,-2.611103924379177,-0.6518200733974745,-15.412705841216548,-13.469075813410544,15.685999870300291,14.920000076293944,941700.0,False,False,True,0.0491102897520467,0.9749332198743552,-0.5836158436224191,0.4064781472778358,-0.704550010995259,0.2754986635530116,2.230046881746962,94.0,45.0,45.0,3.0,3.0,5.0,5.0,63.0,75.0,69.0,63.0,30.76923076923077,ODD
2026-04-20,9.260000228881836,9.829999923706056,9.210000038146973,9.68000030517578,7249800.0,-0.0512295069953377,8.474356549399223,7.736414290263463,6.968400020599365,6.876666688919068,7.097225742340088,7.45913341999054,8.335404918193817,5.690000057220459,9.829999923706056,5.690000057220459,9.915456748056958,5.690000057220459,9.915456748056958,5.690000057220459,9.915456748056958,5.690000057220459,11.231888570639445,5.690000057220459,13.118568622221366,5513017.5,5462646.0,5398693.253968254,59266944.99362707,0.0737183311284583,0.6860000746590751,0.0740820796655542,4.113480596506344,-0.7288628944369832,0.8438422992569983,0.7897730532236152,9.779999732971191,9.206000328063965,7003200.0,False,False,False,0.476874044186758,1.3724520494295795,0.0596941168715483,1.034483408433457,-0.0076856271495872,0.9253047680443364,1.0211762811209386,48.0,96.0,96.0,66.0,66.0,44.0,44.0,93.0,90.0,86.0,82.0,88.46153846153845,OGN
2026-04-20,68.12999725341797,68.30000305175781,63.75,65.52999877929688,12883000.0,0.019757517483316,59.73067945185309,57.35569388931336,54.56239959716797,55.59799957275391,59.72599983215332,73.91239971160888,85.72999979019166,44.880001068115234,74.20999908447266,44.880001068115234,95.0999984741211,44.880001068115234,115.72000122070312,44.880001068115234,152.05999755859375,44.880001068115234,193.83999633789065,19.88999938964844,193.83999633789065,9355582.5,9003986.0,15852740.07936508,590643417.5128365,0.0838521788067043,5.284286226545062,0.0775618147596499,1.814155541780709,0.2497971605310359,-5.985935333744973,-5.748040265679785,74.20999908447266,64.94999694824219,24357200.0,False,False,False,0.2457487468311123,1.1576684060448466,-0.2824644608408356,0.7004649723005743,-0.5798075890595593,0.3918174038156815,0.5901555474424143,15.0,88.0,88.0,13.0,13.0,8.0,8.0,90.0,86.0,81.0,76.0,100.0,OKLO
2026-04-20,75.76000213623047,76.88999938964844,73.4000015258789,73.7699966430664,4925300.0,0.0485813444460965,71.76175879562484,73.37849549555098,75.15780029296874,75.90750020345052,77.2486001586914,82.59320007324219,86.84552501678466,62.65999984741211,82.48999786376953,62.65999984741211,92.87999725341795,62.65999984741211,97.4499969482422,62.65999984741211,97.4499969482422,62.65999984741211,97.4499969482422,62.65999984741211,127.56700134277344,4212730.0,3963194.0,3415025.396825397,320173555.89256287,0.0522951026251921,4.134643009730747,0.0545755397722388,-0.3530927332670168,0.8489250772000856,-4.083217172864551,-2.699383013923448,73.4800033569336,71.12999725341797,5992900.0,False,False,False,-0.0619118359056717,0.8717608847041828,-0.1539921881136848,0.8258808186887122,-0.1362444085392505,0.805427381755831,1.2335867264460605,69.0,12.0,12.0,24.0,24.0,31.0,31.0,61.0,52.0,46.0,39.0,26.923076923076923,OKTA
2026-04-20,16.579999923706055,17.46500015258789,16.309999465942383,16.770000457763672,1199600.0,-0.01426871435628,16.19617046621959,16.16931157366572,15.24319995880127,15.26899995803833,18.64600004196167,23.068799982070924,15.398849987983704,12.989999771118164,18.6200008392334,12.989999771118164,27.59000015258789,12.989999771118164,36.25899887084961,7.760000228881836,36.25899887084961,6.650000095367432,36.25899887084961,3.890000104904175,36.25899887084961,1750862.5,1652784.0,1775898.4126984128,15291594.271950722,0.0537540883508154,0.8688572474888393,0.0524039355540978,-2.1143688762287365,-0.2762246293183472,-7.706404651618286,0.6583898512491889,16.915000915527344,16.3799991607666,802800.0,False,False,True,0.108288762127553,1.0299274937689844,-0.3890935778712695,0.5963726208685015,0.7270832567579246,1.610455734604735,0.9859023959256928,44.0,65.0,65.0,7.0,7.0,94.0,94.0,73.0,65.0,58.0,93.0,73.07692307692307,OLMA
2026-04-20,26.8799991607666,27.34000015258789,26.030000686645508,26.32999992370605,3183900.0,0.0302797624974466,27.80143537402268,27.687635260462137,27.705600051879884,27.14933338165283,26.106281394958497,23.902704944610598,22.80511339187622,22.530000686645508,30.459999084472656,19.55486352098227,30.459999084472656,19.55486352098227,30.459999084472656,18.10886964812364,30.459999084472656,18.10886964812364,30.459999084472656,17.612413164332125,30.459999084472656,2975560.0,3010418.0,2617255.9523809524,80252271.5736866,0.0550762955169383,1.635714258466448,0.0608524668726142,0.4870340954058603,0.482968834006111,2.5384373147839607,6.726404035898363,27.07999992370605,25.93000030517578,3310700.0,False,False,True,0.0499999515712268,0.9757599783862532,0.1573364918619382,1.1298028173830872,0.1436736200998989,1.0664429365516102,1.1369006524918182,61.0,46.0,46.0,81.0,81.0,67.0,67.0,57.0,76.0,70.0,73.0,15.384615384615383,OLN
2026-04-20,13.470000267028809,13.9399995803833,13.039999961853027,13.350000381469728,1128000.0,0.0022321940165308,12.277722473743808,11.793671668027002,11.2796000289917,11.31766668955485,11.430599994659424,11.640599966049194,8.36224997162819,9.770000457763672,13.9399995803833,9.770000457763672,13.9399995803833,8.270000457763672,17.649999618530273,6.239999771118164,17.649999618530273,3.940000057220459,17.649999618530273,2.950000047683716,17.649999618530273,1065997.5,1017372.0,2014966.2698412696,15077819.424777033,0.0601486420749766,0.8207142693655831,0.060929046258038,2.9282561612045077,0.0365543621761304,-0.0962259555511311,3.989387593385163,13.460000038146973,12.449999809265137,1953000.0,False,True,False,0.2113309717315321,1.125684130772248,0.1215653630576909,1.0948827034938302,0.3702950530594124,1.2777609403976435,0.5290398732500741,13.0,85.0,85.0,77.0,77.0,84.0,84.0,83.0,76.0,87.0,93.0,100.0,OMER
2026-04-20,85.55999755859375,85.58999633789062,81.63999938964844,82.66999816894531,9539200.0,0.0307191345228301,74.88686292945256,70.08909024653087,65.72759963989257,64.58299967447917,65.65959968566895,61.48379997253418,56.4576000213623,54.9900016784668,85.58999633789062,54.9900016784668,85.58999633789062,53.09999847412109,85.58999633789062,44.560001373291016,85.58999633789062,44.560001373291016,85.58999633789062,33.20000076293945,85.58999633789062,7835665.0,8445474.0,9082864.682539685,572613312.1676445,0.0437119819828051,3.2157140459333147,0.0375843167098165,8.064117920082037,0.7929795329867964,10.751364350339331,9.355949828570976,83.5199966430664,79.77999877929688,15737800.0,False,False,False,0.4430763406547124,1.3410440037257825,0.4181998170361731,1.3844600599449413,0.6152538339975147,1.5061779967033695,0.8626865283001276,31.0,96.0,96.0,94.0,94.0,92.0,92.0,91.0,87.0,86.0,90.0,100.0,ON
2026-04-20,10.729999542236328,11.0600004196167,9.65999984741211,9.800000190734863,94506700.0,0.0729999542236328,9.885512221942934,9.804632129796977,9.831199989318849,9.860999997456869,9.970599994659423,10.120850009918213,7.821125007271767,7.78000020980835,11.760000228881836,7.78000020980835,13.079999923706056,7.28000020980835,15.279999732971191,4.949999809265137,15.279999732971191,4.949999809265137,15.279999732971191,0.6899999976158142,15.279999732971191,78745322.5,79342666.0,60189148.809523806,614366382.3118496,0.0865265576241651,0.7516428402491978,0.0700505938784543,1.0872695344697598,0.9712053426788524,0.7009453697340389,3.6518666662983934,10.529999732971191,9.770000457763672,58571400.0,False,False,False,-0.0018605076989461,0.9275662993857524,-0.1175987107828882,0.8614084750892732,0.308536559978033,1.2201729121689644,1.3082976592541549,75.0,23.0,23.0,28.0,28.0,81.0,81.0,83.0,76.0,78.0,93.0,61.53846153846154,ONDS
2026-04-20,1.2699999809265137,1.347000002861023,1.2000000476837158,1.2599999904632568,3041700.0,0.0159999847412108,0.9581763651108692,0.8300837905107677,0.7591600036621093,0.7219666699568431,0.64166000187397,0.6880399987101555,0.8906049965322018,0.5099999904632568,2.4779999256134038,0.4550000131130218,2.4779999256134038,0.4550000131130218,2.4779999256134038,0.4550000131130218,2.4779999256134038,0.4550000131130218,2.4779999256134038,0.4550000131130218,2.4779999256134038,7489102.5,6002658.0,1495688.0952380951,21646486.36270136,0.1813095115421865,0.220285700900214,0.1734533104004515,5.64556136173372,0.0907910992169816,-1.83909208286202,-3.2308552179993333,1.399999976158142,1.1820000410079956,8202000.0,True,True,False,0.8955223123754807,1.7614999008204182,0.7493112420680053,1.7076941612622265,0.1759258615381949,1.0965172291341596,5.007128507503316,98.0,99.0,99.0,97.0,97.0,70.0,70.0,99.0,98.0,98.0,97.0,96.15384615384616,ONFO
2026-04-20,37.25,37.41999816894531,35.880001068115234,36.47999954223633,4162800.0,0.0081190590220892,35.51463072272236,35.84848192421792,35.597199783325195,36.25066649119059,40.0119998550415,43.27759984970093,44.05499989509583,31.40999984741211,41.720001220703125,31.40999984741211,50.29999923706055,31.40999984741211,51.08000183105469,31.40999984741211,51.08000183105469,31.40999984741211,51.08000183105469,31.40999984741211,61.28799819946289,7387017.5,6690492.0,6050504.365079365,291768124.56398964,0.0480052271490756,1.7232142857142858,0.0462607861936721,-1.4921771443929228,0.1740928215066386,-5.771934119995607,-2.361959835567082,37.77000045776367,36.69499969482422,5796100.0,False,False,False,-0.0416773598250833,0.8905646874219896,-0.1731409404918225,0.8071876257078312,-0.1126726916106192,0.8274073335350257,1.2208928469888154,68.0,15.0,15.0,22.0,22.0,33.0,33.0,55.0,47.0,41.0,34.0,57.692307692307686,ONON
2026-04-20,5.349999904632568,5.380000114440918,5.119999885559082,5.210000038146973,25393300.0,0.0113421442745198,4.9142519682228745,4.857426542907135,4.868400001525879,4.895333337783813,4.886900024414063,5.6624500179290775,5.620940006375313,4.119999885559082,5.670000076293945,4.119999885559082,6.400000095367432,4.119999885559082,7.920000076293945,4.119999885559082,9.454999923706056,4.119999885559082,10.869999885559082,0.5080000162124634,10.869999885559082,37013837.5,40184792.0,144753096.82539684,147932292.3436737,0.0646635095219902,0.3184286185673305,0.059519369017484,1.5921460209658536,0.1884250952363889,-6.683119399094907,-5.111641268794747,5.519999980926514,5.21999979019165,43432300.0,False,False,False,0.0408560396112533,0.9672625843405886,-0.1979010729479345,0.7830165504808773,-0.2475387054615827,0.7016486333914755,0.2557032513414659,6.0,43.0,43.0,19.0,19.0,23.0,23.0,75.0,68.0,61.0,54.0,61.53846153846154,OPEN
2026-04-20,42.7400016784668,43.040000915527344,41.63999938964844,42.27000045776367,715200.0,0.0028156440541873,40.67463349626492,39.94559914155613,38.22589126586914,38.92619234720866,40.84418594360351,39.42519664764404,36.04497541427613,32.42932324131998,44.60030045491918,32.42932324131998,47.98501572516448,32.42932324131998,47.98501572516448,30.172848693840983,47.98501572516448,30.172848693840983,47.98501572516448,21.99710655769283,47.98501572516448,1257717.5,1252632.0,1148632.142857143,42610009.02597427,0.0417630568609852,1.752999986921038,0.0410154402919509,1.1316666066697996,0.0684556460224529,4.8409270343637445,6.949748669627338,43.61000061035156,41.63999938964844,1155600.0,False,False,False,0.237190579094813,1.1497153413300327,0.0389997405290796,1.0142813627361922,0.0696349867689887,0.997404028807295,1.0949697932634157,57.0,87.0,87.0,62.0,62.0,59.0,59.0,78.0,70.0,64.0,68.0,76.92307692307693,OR
2026-04-20,1.0099999904632568,1.0700000524520874,0.9520000219345092,1.0299999713897705,17508100.0,-0.047169768882415,1.0166707094815128,1.0026150221552177,0.9915199971199036,0.9707999964555104,1.0562800014019011,1.5297899955511094,3.691870001852513,0.7450000047683716,1.4600000381469729,0.7450000047683716,1.6299999952316284,0.7450000047683716,3.2300000190734863,0.7450000047683716,7.179999828338623,0.7450000047683716,15.960000038146973,0.7450000047683716,83.12000274658203,31318087.5,25351406.0,8094840.873015873,33523819.18640524,0.1755223273074959,0.1441428661346435,0.1427157103917689,-0.3070029947473565,-0.3468777446785284,-12.704094055255508,-10.742294546297034,1.3200000524520874,1.0299999713897705,40217400.0,False,True,True,0.0699152376495262,0.9942671593477748,-0.372670818950782,0.6124046732819869,-0.8815943702132507,0.1104098628444309,3.868894767826598,97.0,53.0,53.0,8.0,8.0,2.0,2.0,81.0,74.0,68.0,62.0,50.0,ORBS
2026-04-20,177.5800018310547,177.75999450683594,173.50999450683594,176.80999755859375,22330900.0,0.0143950891557478,163.34988223621434,157.00392863021852,151.80796264648438,152.36133524576823,151.95078002929688,170.64082382202147,213.80246200561524,134.57000732421875,184.5,134.57000732421875,184.66504484140145,134.57000732421875,223.94382267748557,134.57000732421875,285.247077106773,134.57000732421875,326.92021641022694,120.0356911892917,343.01319851338906,29268930.0,28723594.0,22112868.65079365,4340515925.319824,0.0439518456532184,8.443978659555444,0.0475502791558074,3.5471488627312246,0.2984380200451157,-6.639236107356886,-8.719614379186973,184.5,173.36000061035156,45282600.0,True,True,False,0.1458346748142061,1.064818732475042,-0.0674540100682004,0.9103602056729524,-0.4291652593488494,0.5322870672251012,1.3236152424280565,75.0,75.0,75.0,35.0,35.0,14.0,14.0,78.0,71.0,64.0,57.0,96.15384615384616,ORCL
2026-04-20,10.890000343322754,11.15999984741211,10.625,10.720000267028809,1230800.0,0.0130232877509539,10.413535665392311,10.577188954335424,10.697799968719483,10.931166632970172,11.347099981307984,10.71839997768402,11.042549979686736,7.230000019073486,13.039999961853027,7.230000019073486,14.25,7.230000019073486,14.25,7.230000019073486,14.25,7.230000019073486,14.93000030517578,4.519999980926514,14.93000030517578,2256425.0,2006376.0,1450386.111111111,24331320.42067528,0.0999224406820986,1.0874999250684465,0.0998622489241014,-0.4033895594186348,0.1287359567532313,-1.885984331199044,1.0317897477036624,10.979999542236328,10.300000190734863,1748900.0,False,True,True,-0.0189189217054033,0.911713996100084,-0.1014851117038265,0.8771387227447468,-0.1812029934473971,0.7635047873460196,1.555740904241974,85.0,19.0,19.0,30.0,30.0,28.0,28.0,90.0,85.0,80.0,75.0,46.15384615384615,ORIC
2026-04-20,16.149999618530273,16.34000015258789,15.93000030517578,16.18000030517578,1752900.0,-0.0170420378237791,16.69688748282864,16.660943110886333,15.981600074768066,16.23266668319702,17.15720006942749,15.87050004005432,13.390450024604798,12.407999992370604,19.0,12.407999992370604,21.979999542236328,12.0,21.979999542236328,9.40999984741211,21.979999542236328,9.40999984741211,21.979999542236328,8.5,21.979999542236328,2347585.0,2271496.0,2215004.365079365,40685297.9711628,0.0620909558629472,1.0895000185285295,0.0674613030503389,-0.8701913668992979,-0.2569992490901235,2.9316281745154624,8.149190070757543,17.18000030517578,16.354999542236328,3062600.0,False,True,True,0.2079281792645237,1.1225219318606268,0.0964019090579251,1.0703179019655495,0.194526558559128,1.1138618470428754,1.0598556991628705,53.0,84.0,84.0,73.0,73.0,72.0,72.0,76.0,68.0,67.0,85.0,26.923076923076923,ORLA
2026-04-20,16.440000534057617,16.514999389648438,15.899999618530272,16.079999923706055,5828100.0,0.0411653308280508,15.05265636651326,14.255409539789756,13.410400085449218,13.40500005086263,13.41280002593994,14.623099966049194,15.856899976730348,10.6899995803833,16.514999389648438,10.6899995803833,16.514999389648438,10.6899995803833,18.200000762939453,10.6899995803833,20.13999938964844,10.6899995803833,23.799999237060547,10.6899995803833,23.799999237060547,6676467.5,7618996.0,14955946.825396825,89313747.2069788,0.0516278238250631,0.7717855998447963,0.0469455945725756,4.807584143814239,0.8422035502285906,-1.0787323823498394,-1.6429138970119237,16.229999542236328,15.6899995803833,4934100.0,False,False,False,0.2360902479918882,1.1486928088512447,-0.0066464476177502,0.9697211226213068,-0.2182596292306655,0.7289505344639952,0.4464088818945673,11.0,87.0,87.0,45.0,45.0,25.0,25.0,91.0,86.0,82.0,77.0,100.0,OSCR
2026-04-20,10.119999885559082,10.609999656677246,9.630000114440918,9.789999961853027,1188900.0,0.020161270940217,9.16587037999462,8.896770426213736,8.8253999710083,8.970166619618734,8.960099964141845,8.565549993515015,7.00392499089241,6.880000114440918,12.210000038146973,6.880000114440918,12.210000038146973,6.369999885559082,12.75,4.170000076293945,12.75,4.170000076293945,12.75,1.9800000190734863,12.75,1522247.5,1556056.0,1026097.619047619,11481738.880841732,0.0892188115729768,0.7059285300118583,0.0697557843868354,1.85578404877026,0.2833145293926243,7.056485762007689,8.052079880525413,10.279999732971191,9.663999557495115,1501000.0,False,False,False,-0.0146057025821451,0.9157222501882748,-0.0506566575593452,0.9267579398864046,0.8039215052958248,1.6821052034480255,1.483530876343799,82.0,20.0,20.0,37.0,37.0,95.0,95.0,88.0,83.0,84.0,95.0,76.92307692307693,OSS
2026-04-20,23.36000061035156,23.59000015258789,22.809999465942383,22.809999465942383,1683700.0,-0.0046867791317036,22.67556846170875,22.629098436650352,22.351199951171875,22.650999959309896,23.3959065246582,27.197920742034917,30.246152839660645,20.0,25.709999084472656,20.0,28.859198535732894,20.0,33.64762644514857,20.0,39.06510368130153,20.0,39.153420284423575,20.0,39.153420284423575,1904397.5,2106378.0,1521512.3015873015,35374522.00166702,0.0400987535976882,0.960714612688337,0.0411264806329933,-0.0373168146857578,-0.1144967522614482,-15.46601633291676,-14.22255952156548,23.959999084472656,23.290000915527344,1244100.0,False,False,False,0.0331711623066752,0.9601210642849018,-0.2181597014196483,0.7632398859718057,-0.3864578939511285,0.5721104638364087,1.2516477835987638,71.0,40.0,40.0,18.0,18.0,16.0,16.0,50.0,42.0,36.0,30.0,19.230769230769237,OTEX
2026-04-20,27.13999938964844,27.270000457763672,24.59000015258789,24.8700008392334,3446000.0,0.1187138966857026,23.20847568629634,21.940240796837283,20.86079986572265,21.10733318328857,20.507399864196778,22.0967999458313,25.223324975967408,16.399999618530273,27.270000457763672,16.399999618530273,27.274999618530277,16.399999618530273,30.200000762939453,16.399999618530273,40.060001373291016,16.399999618530273,41.650001525878906,6.579999923706055,41.650001525878906,1950985.0,1865834.0,2437589.285714286,35163150.06432533,0.0717665781139011,1.6164285114833288,0.0595589000676196,5.430333562492915,1.781705247282323,1.3947091937555625,0.430907751234647,25.489999771118164,23.950000762939453,1648700.0,False,False,False,0.2886989590640043,1.197581834704856,0.0295902413215638,1.005095720712832,-0.1389594227317467,0.8028957086829029,0.8003747848064173,25.0,91.0,91.0,60.0,60.0,31.0,31.0,94.0,91.0,88.0,83.0,100.0,OUST
2026-04-20,9.890000343322754,9.970000267028809,9.670000076293944,9.75,15056400.0,0.0040609096755241,9.301068444995414,9.209680152375505,8.974399948120118,9.000333309173584,9.920871047973632,12.386487970352173,14.757774958610534,7.949999809265137,10.220000267028809,7.949999809265137,15.336114957971798,7.949999809265137,16.669688670245094,7.949999809265137,16.669688670245094,7.949999809265137,18.6384067226096,7.949999809265137,20.14030450135106,34511242.5,34059852.0,15669283.333333334,250325400.22316456,0.0499919904862014,0.4985713277544294,0.0504116592969625,-0.0617256604686587,0.0802291660717586,-9.812031524041732,-8.512387777412323,10.06999969482422,9.645000457763672,33933700.0,True,False,False,0.0844298758142438,1.0077555438002654,-0.3668568054967074,0.6180803681442036,-0.3558703196108793,0.6006325019669697,2.2024774053695286,94.0,57.0,57.0,8.0,8.0,17.0,17.0,68.0,59.0,53.0,45.0,80.76923076923077,OWL
2026-04-20,68.0,68.53500366210938,66.23999786376953,66.87000274658203,2164400.0,0.0153800023969308,64.86154405723187,63.90293759342043,63.031599884033206,62.80966657002767,65.34879997253418,68.6936999130249,72.24024997711182,56.77999877929688,69.0999984741211,56.77999877929688,76.83999633789062,56.77999877929688,77.4000015258789,56.77999877929688,100.58999633789062,56.77999877929688,100.58999633789062,39.720001220703125,100.58999633789062,3179047.5,3200460.0,3207226.984126984,153542164.5080185,0.0433293286168805,2.680285862513951,0.0394159685663816,1.029277965913285,0.3842869127141523,-3.825994881367613,-3.254889689578131,69.0999984741211,66.97000122070312,2043700.0,False,False,False,0.0389610874050054,0.9655016142366906,-0.0672153830358899,0.9105931556363416,-0.2602262689886188,0.6898178433236978,0.9912137543533874,44.0,42.0,42.0,35.0,35.0,22.0,22.0,58.0,50.0,43.0,36.0,69.23076923076923,P
2026-04-20,58.70000076293945,58.88999938964844,57.75,58.52000045776367,3239100.0,-0.0060955062983518,57.29767432404222,56.53682458881468,54.35960006713867,55.26933339436849,57.65155113220215,55.054872093200686,44.60347759246826,45.93999862670898,64.19000244140625,45.93999862670898,69.80661375500918,43.92461203346364,69.80661375500918,32.99332969568791,69.80661375500918,32.99332969568791,69.80661375500918,21.9271424950398,69.80661375500918,7047815.0,7247416.0,6550734.523809524,283625844.1140747,0.0424600627597624,2.3107147216796875,0.0393648158713239,0.4619855055340826,-0.1557962161983689,6.785173459893194,10.111903272666757,60.560001373291016,58.040000915527344,6294500.0,False,True,False,0.2143152788094673,1.1284574331952686,0.0661993627547949,1.0408338909235042,0.4002904165275887,1.3057307588298817,1.075881639590762,54.0,85.0,85.0,67.0,67.0,86.0,86.0,73.0,65.0,66.0,87.0,42.30769230769231,PAAS
2026-04-20,169.55999755859375,170.5399932861328,165.1999969482422,167.00999450683594,4859700.0,0.0101876162817864,165.32358351322975,163.88705690731382,163.02240112304688,163.54366760253907,160.59440032958983,173.09710067749023,185.80515029907227,143.5,179.27000427246094,139.57000732421875,189.38999938964844,139.57000732421875,196.66000366210935,139.57000732421875,223.6100006103516,139.57000732421875,223.6100006103516,139.57000732421875,223.6100006103516,9061842.5,11641464.0,7381480.158730159,1328490942.430725,0.0437627557004003,7.315714154924665,0.0431452834410228,1.2939440569764278,0.2337422456462466,-7.502367446978086,-7.833258024092883,170.6199951171875,166.6999969482422,7037300.0,False,False,False,-0.0010604920981787,0.9283097500917696,-0.0964510590978434,0.8820530124583151,-0.174930650134616,0.7693535680680562,1.227645716731008,69.0,23.0,23.0,31.0,31.0,28.0,28.0,54.0,54.0,48.0,40.0,30.76923076923077,PANW
2026-04-20,14.579999923706056,14.579999923706056,14.079999923706056,14.079999923706056,1524300.0,0.0282087172018092,13.637409006757778,13.95798560785507,13.548800048828124,14.04033342997233,16.587400093078614,25.35090003967285,36.58065017700196,11.59000015258789,18.899999618530277,11.59000015258789,33.88999938964844,11.59000015258789,40.540000915527344,11.59000015258789,40.540000915527344,11.59000015258789,44.560001373291016,11.59000015258789,72.1500015258789,2263530.0,2052162.0,987468.253968254,24801207.658205032,0.0689507960507505,0.9228571483067104,0.063296101038122,-1.9119594511743827,0.4334361165909657,-13.29988021625452,-11.619233894863257,14.239999771118164,13.720000267028809,1504500.0,False,False,False,0.0340425198049743,0.9609308126781608,-0.6060524024605778,0.3845753665688724,-0.5795847809860002,0.3920251659709658,2.2922559696514253,94.0,41.0,41.0,2.0,2.0,8.0,8.0,70.0,61.0,55.0,47.0,53.84615384615385,PAR
2026-04-20,59.13999938964844,60.04999923706055,58.09999847412109,58.22999954223633,850000.0,0.0315715594066718,61.35634998881038,60.45031538884976,61.09679962158203,59.34366620381673,52.98199966430664,45.99999984741211,40.543899898529055,46.380001068115234,67.38999938964844,34.369998931884766,67.38999938964844,34.369998931884766,67.38999938964844,34.369998931884766,67.38999938964844,32.2400016784668,67.38999938964844,12.649999618530272,67.38999938964844,1598692.5,1443902.0,1358257.142857143,92586517.635746,0.0594857603988157,4.283571243286133,0.0724310329302422,1.604673353505479,0.422544053966805,1.2157749753801337,6.300615856726823,60.209999084472656,54.0,2821700.0,True,False,True,0.0193036698215829,0.9472340692452574,0.6040141335210298,1.5658537511928168,0.7368575833998712,1.6195700146087992,1.177017554008288,65.0,35.0,35.0,96.0,96.0,94.0,94.0,72.0,92.0,89.0,85.0,19.230769230769237,PARR
2026-04-20,132.97999572753906,133.76400756835938,126.8499984741211,126.8499984741211,1176700.0,0.0476640306296176,124.17569007284357,123.39428693988596,122.2843994140625,123.66433308919272,124.32741897583008,139.55165824890136,174.48000484466553,110.48999786376952,138.86000061035156,104.61496981891074,153.0330418801388,104.61496981891074,169.75748077104768,104.61496981891074,201.84585182578172,104.61496981891074,222.5264228389864,104.61496981891074,265.9877107038705,1885182.5,2049790.0,982539.6825396824,128117412.88303377,0.0441704789756243,5.416787283761161,0.0407338506376518,1.7085318370160485,1.116897361005923,-11.139319982643755,-10.719279602141478,127.70099639892578,124.12999725341795,986600.0,False,False,False,0.0711235931786884,0.9953900784138698,-0.10152745889851,0.8770973830132184,-0.3333760922258061,0.6216077255678268,1.9186833198707596,91.0,53.0,53.0,30.0,30.0,19.0,19.0,60.0,64.0,57.0,50.0,57.692307692307686,PAYC
2026-04-20,5.199999809265137,5.349999904632568,5.139999866485596,5.260000228881836,4180600.0,-0.0132827650692078,5.014280003871594,4.924620098605477,4.825599975585938,4.787333313624064,4.954099988937378,5.350349988937378,5.853324999809265,4.320000171661377,5.349999904632568,4.079999923706055,6.534999847412109,4.079999923706055,6.534999847412109,4.079999923706055,6.534999847412109,4.079999923706055,6.908999919891357,4.079999923706055,7.664999961853027,4176470.0,4027576.0,3450323.8095238097,15160627.332456112,0.0454633253812448,0.2153571673801967,0.0414148413998943,1.1984983518343333,-0.3250422194576741,-3.255307145583851,-0.8545356165293094,5.320000171661377,5.199999809265137,2134100.0,False,False,False,0.1428570530291104,1.0620516426629714,-0.0352504753111141,0.9417976005482456,-0.0909090909090909,0.847701268652675,1.2104574035839286,67.0,74.0,74.0,39.0,39.0,34.0,34.0,60.0,64.0,58.0,50.0,61.53846153846154,PAYO
2026-04-20,20.90999984741211,21.40999984741211,20.31999969482422,21.40999984741211,910700.0,-0.0319444686051745,21.07394980149148,20.869437891658816,21.088000106811524,20.981481552124023,20.981481552124023,0.0,0.0,17.0,24.88999938964844,0.0,0.0,0.0,0.0,0.0,0.0,0.0,0.0,0.0,0.0,3134662.962962963,3134662.962962963,0.0,41486958.69369507,0.0861679314656163,1.3950000490461076,0.0667144935067399,-0.0510667896376379,-0.4946240213607413,-3.486754438448359,0.8189292424110526,21.709999084472656,20.36000061035156,938300.0,False,False,True,0.0224938419223088,0.950198681058234,0.0,0.0,0.0,0.0,0.0,0.0,37.0,37.0,0.0,0.0,0.0,0.0,65.0,0.0,0.0,0.0,15.384615384615383,PAYP
2026-04-20,11.300000190734863,16.958999633789062,11.0600004196167,13.114999771118164,42274200.0,0.4868421490172605,5.369487248817068,4.187629651634602,3.2304000091552734,3.107666675249736,2.943220000267029,19.218903748989103,85.19597531199456,2.259999990463257,16.958999633789062,1.919999957084656,16.958999633789062,1.919999957084656,71.09375,1.919999957084656,132.8125,1.919999957084656,216.40625,1.919999957084656,468.359375,3750610.0,3037426.0,653251.3095238095,58904001.45527601,0.2422019392304932,1.671642848423549,0.147932992938723,19.19336883462485,2.2133916282366166,-5.398242690032713,-12.940593456401327,10.529999732971191,7.110000133514404,50506200.0,False,False,False,3.8085109146000846,4.468526402386184,-0.5682387986823694,0.421489363824153,-0.9161507232223732,0.0781870521300038,5.741450411686161,99.0,99.0,99.0,3.0,3.0,1.0,1.0,99.0,99.0,99.0,99.0,100.0,PBM
2026-04-20,55.709999084472656,56.220001220703125,54.74300003051758,55.08000183105469,1580900.0,0.0048701382476874,53.667670608959234,54.309430680925615,55.40319976806641,55.71599973042806,54.71899993896484,62.499900016784665,66.84549993515014,46.63999938964844,60.56999969482422,46.08000183105469,67.26000213623047,46.08000183105469,78.94000244140625,46.08000183105469,82.31500244140625,46.08000183105469,82.31500244140625,46.08000183105469,82.31500244140625,2294787.5,2544824.0,1709963.0952380951,110678732.18507768,0.0512291874649333,2.7463575090680803,0.0492973892335521,0.3673763615746659,0.0983122032991585,-11.85843223697626,-9.040678717342896,55.59999847412109,54.09999847412109,1906000.0,False,False,False,-0.0522286450932271,0.8807594280314679,-0.1837362771505838,0.7968443579612726,-0.2111300351490146,0.7355986770067886,1.3420099570514263,76.0,14.0,14.0,21.0,21.0,25.0,25.0,57.0,52.0,46.0,39.0,26.923076923076923,PCOR
2026-04-20,6.940000057220459,6.949999809265137,6.550000190734863,6.630000114440918,2079500.0,0.0251107942057453,6.386116887990592,6.172341020793853,5.795199985504151,5.78899998664856,6.715699958801269,8.147649993896485,10.642199993133543,4.929999828338623,7.099999904632568,4.929999828338623,12.170000076293944,4.929999828338623,12.3100004196167,4.929999828338623,13.404999732971191,4.929999828338623,15.489999771118164,4.929999828338623,17.3700008392334,5006512.5,4608664.0,3781076.587301587,22931413.72759581,0.0797874974281691,0.4410714421953474,0.0635549623283434,0.5255193525941785,0.3854252622835951,-5.011844531693891,-4.769275600730889,7.099999904632568,6.625,4248800.0,False,False,False,0.1377049452000749,1.057263813276522,-0.4098639521982111,0.5760963852207972,-0.5084985755334042,0.4583110191714232,1.324097088330327,75.0,73.0,73.0,7.0,7.0,11.0,11.0,85.0,79.0,74.0,67.0,100.0,PCT
2026-04-20,43.79999923706055,44.650001525878906,42.869998931884766,43.2400016784668,1894600.0,0.0043567673480813,42.4970012771072,42.42906231319623,42.21404037475586,42.48721135457357,42.985187683105465,49.06774906158447,52.68278657913208,38.380001068115234,46.96687060445734,35.86470019230156,51.38375164893928,35.86470019230156,63.18365051420617,35.86470019230156,68.01780729643129,35.86470019230156,68.01780729643129,32.86984444785524,68.01780729643129,2094907.5,2431166.0,1808009.523809524,75750581.02706909,0.045548337308904,1.89991813933437,0.0433771272243947,0.4369961040248271,0.1000035858258344,-9.03805208910996,-7.212912177768224,44.90999984741211,43.380001068115234,1945800.0,False,False,False,0.0155443581198213,0.9437405586985484,-0.1569360596684401,0.8230069834645022,-0.1966857597020115,0.7490675506901012,1.158681673084318,63.0,33.0,33.0,23.0,23.0,26.0,26.0,41.0,55.0,49.0,41.0,30.76923076923077,PEGA
2026-04-20,28.100000381469727,28.170000076293945,26.6200008392334,26.649999618530277,2090600.0,0.050860157890521,24.815938244408905,22.717701204470696,20.62160011291504,20.227000109354652,19.873600120544435,19.97625003814697,21.813825035095213,16.040000915527344,28.170000076293945,16.040000915527344,28.170000076293945,16.040000915527344,28.170000076293945,16.040000915527344,28.170000076293945,16.040000915527344,29.799999237060547,15.395000457763672,29.799999237060547,1256807.5,1216916.0,1097932.142857143,32386157.848653797,0.0539982047862437,1.3898568834577287,0.0494610983839792,8.368922246839695,0.9785184550571216,4.98116309351067,1.6345750592726904,27.46999931335449,26.21999931335449,1219700.0,False,False,False,0.5902660022717634,1.477826658642306,0.4078157149480717,1.374323001381916,0.24944422709848,1.1650710020643569,1.1447041679000458,62.0,97.0,97.0,93.0,93.0,77.0,77.0,96.0,93.0,90.0,86.0,100.0,PENG
2026-04-20,15.84000015258789,15.960000038146973,15.31999969482422,15.609999656677246,3740800.0,-0.0006309292518079,15.583748023177025,15.209703297347357,14.8403999710083,14.791666634877522,14.33160005569458,14.236600036621091,16.055049967765807,13.59000015258789,16.489999771118164,11.649999618530272,16.489999771118164,11.649999618530272,16.489999771118164,11.649999618530272,18.170000076293945,11.649999618530272,20.040000915527344,11.649999618530272,20.61000061035156,4306155.0,4293424.0,3916454.761904762,50730906.11266613,0.0410906117734302,0.6592860903058734,0.0416215962092753,2.52873395398645,-0.0151682691761271,-2.377086030976961,-1.0111769803652653,16.43000030517578,15.729999542236328,3539700.0,False,False,True,0.1186440906270784,1.0395506514631911,0.10846747339906,1.0820964198657328,-0.0638297824371293,0.872951949213186,1.0995033165928123,57.0,68.0,68.0,75.0,75.0,37.0,37.0,49.0,75.0,69.0,62.0,57.692307692307686,PENN
2026-04-20,4.110000133514404,4.300000190734863,3.9800000190734863,3.990000009536743,3671000.0,0.0326633451803803,4.004843232903267,3.917496930667389,3.755600004196167,3.7040000041325887,3.898599987030029,4.040299992561341,3.641800003051758,3.039999961853028,4.369999885559082,3.039999961853028,5.46999979019165,3.039999961853028,5.46999979019165,3.039999961853028,5.46999979019165,2.990000009536743,5.46999979019165,1.2300000190734863,5.46999979019165,4949687.5,4911142.0,5076503.174603174,22089649.70825076,0.080007860763569,0.2842857667378017,0.0691692840639187,0.7839409057302378,0.4572867503451827,-2.3567553038221205,0.5010293685916107,4.050000190734863,3.910000085830689,2504400.0,False,False,True,0.2379518723363276,1.1504228075311258,-0.0680271483623183,0.9098007026554652,0.177650464837666,1.098125372379532,0.9750190888803912,43.0,87.0,87.0,34.0,34.0,70.0,70.0,81.0,74.0,68.0,61.0,61.53846153846154,PGEN
2026-04-20,15.06999969482422,15.130000114440918,14.479999542236328,14.720000267028809,2657500.0,0.0053368862526732,13.609388734641756,12.893062930872263,12.113199920654298,11.969666576385498,12.151599960327149,17.37634994506836,23.926824979782104,10.399999618530272,15.479999542236328,10.399999618530272,22.291000366210938,10.399999618530272,26.799999237060547,10.399999618530272,31.059999465942383,10.399999618530272,44.9900016784668,8.949999809265137,44.9900016784668,3241057.5,4090712.0,3563395.238095238,41606187.053136826,0.0617288693894717,0.8450712476457868,0.0560763944763732,4.282833895723251,0.0946664839549562,-7.011000479687813,-7.094536079206969,15.479999542236328,14.899999618530272,4770600.0,False,False,False,0.3662738041394999,1.2696717705576273,-0.3146885015152536,0.6690075593550506,-0.4559567047020894,0.5073048107886229,0.9095419630555664,36.0,94.0,94.0,11.0,11.0,13.0,13.0,87.0,82.0,76.0,71.0,100.0,PGY
2026-04-20,13.470000267028809,13.664999961853027,13.0,13.149999618530272,762600.0,0.0212282559176071,12.601021660332096,12.108831616805793,11.539200019836423,11.414500013987224,11.62650001525879,13.373900003433228,12.434949991703034,10.0,13.664999961853027,10.0,14.529999732971191,10.0,18.309999465942383,10.0,18.309999465942383,10.0,18.309999465942383,2.2100000381469727,18.309999465942383,1095162.5,1053416.0,1499375.396825397,11574394.09852028,0.0550530207106541,0.635857241494315,0.0472054364431405,3.3589395454528224,0.4403514946019706,-3.7523063153977656,-0.9212329452810278,13.270000457763672,12.664999961853027,922600.0,False,False,False,0.2080718141588908,1.122655411087186,-0.0419630252474754,0.9352447458830264,0.0120210249712913,0.9436806574484786,0.7304124786352836,21.0,84.0,84.0,38.0,38.0,47.0,47.0,80.0,74.0,67.0,61.0,100.0,PHAT
2026-04-20,60.68000030517578,60.709999084472656,57.0099983215332,57.11000061035156,1722800.0,0.0478328520991604,55.70572488533852,55.385727770943376,54.63360046386719,54.219000498453774,57.57318603515625,62.27540470123291,59.54765989303589,47.13999938964844,60.709999084472656,47.13999938964844,70.01726617088445,47.13999938964844,73.76483629037618,47.13999938964844,73.76483629037618,47.13999938964844,73.76483629037618,29.85220384718374,73.76483629037618,1373690.0,1251726.0,1326367.857142857,95514766.38811111,0.0558245345900736,3.638571330479213,0.059963271459787,0.89993202899518,0.7612879358885216,-5.061151289362996,-2.636553642144039,59.119998931884766,54.0,1817700.0,False,False,False,0.1573526597745522,1.0755223413077308,-0.1227016616105087,0.856426926280821,-0.0636923989370512,0.8730800553972249,1.0356779927998858,50.0,77.0,77.0,27.0,27.0,37.0,37.0,74.0,66.0,60.0,52.0,88.46153846153845,PII
2026-04-20,37.5,39.90999984741211,36.93000030517578,39.150001525878906,8998100.0,-0.0254677638745983,35.94380199745367,33.93036451070324,32.72639984130859,31.485999870300294,28.48739990234375,24.31769992828369,17.093349952697753,23.66200065612793,40.22999954223633,19.979999542236328,40.22999954223633,12.559000015258787,40.22999954223633,10.520000457763672,40.22999954223633,9.484999656677246,40.22999954223633,2.9200000762939453,40.22999954223633,14891300.0,13768464.0,11297571.825396825,557213415.9411526,0.1131575574411609,3.369856970650809,0.0898628525506882,3.5206032744616804,-0.2908133937942963,12.82715551908409,14.751689527602654,40.22999954223633,37.84000015258789,11763400.0,False,False,True,0.3909496021310235,1.2926028726770538,0.3029881551531979,1.2719893471435506,1.8344672182551869,2.6430596025562747,1.3180973956301398,75.0,95.0,95.0,90.0,90.0,98.0,98.0,92.0,95.0,98.0,98.0,73.07692307692307,PL
2026-04-20,49.27999877929688,49.619998931884766,48.16999816894531,48.290000915527344,985000.0,0.0186026806802777,45.62344946133111,43.27505225450513,41.424399871826175,40.1629997253418,39.11299980163575,35.59649980545044,28.809649877548217,31.799999237060547,49.619998931884766,31.799999237060547,49.619998931884766,25.030000686645508,49.619998931884766,20.049999237060547,49.619998931884766,20.049999237060547,49.619998931884766,16.59000015258789,49.619998931884766,1047242.5,1023376.0,926756.3492063492,40580840.38726807,0.0530288970212118,2.100714547293527,0.0426281371617253,6.097829817429281,0.4284245626523414,13.357543071575956,13.773341867409028,48.54999923706055,46.18000030517578,1133500.0,False,False,False,0.3326122063093113,1.2383902072374755,0.4271647993466958,1.3932117603738483,1.106883286243539,1.964608398116941,1.1300084438556393,60.0,93.0,93.0,94.0,94.0,97.0,97.0,91.0,87.0,93.0,95.0,100.0,PLAB
2026-04-20,13.84000015258789,14.6899995803833,13.6899995803833,13.979999542236328,1684000.0,-0.0308122961212234,13.412428416038107,13.128756275965433,12.5403999710083,12.669999980926514,13.898699989318848,15.997750024795533,19.16330002784729,9.609999656677246,15.020000457763672,9.609999656677246,20.700000762939453,9.609999656677246,22.100000381469727,9.609999656677246,22.100000381469727,9.609999656677246,24.989999771118164,9.609999656677246,35.529998779296875,1726805.0,1572026.0,1315542.857142857,25328569.14153099,0.0842818928501822,1.0542857306344169,0.0761767138013564,-0.0554422030558428,-0.4173437689596072,-3.526369118994132,-0.9353617081730332,15.020000457763672,14.0,2907500.0,False,True,True,0.0058139478470455,0.9346981345505804,-0.2967479706314836,0.6865212750983624,-0.2535059617501517,0.6960843375926604,1.3126178220832248,75.0,28.0,28.0,12.0,12.0,23.0,23.0,87.0,82.0,76.0,70.0,69.23076923076923,PLAY
2026-04-20,145.88999938964844,147.1999969482422,143.8300018310547,145.0,33482700.0,-0.0034155338621809,142.03852086863685,143.2882409576469,145.97919921875,147.10333251953125,143.7667999267578,158.6173001098633,164.2995751953125,122.68000030517578,162.39999389648438,122.68000030517578,172.0,122.68000030517578,198.8800048828125,122.68000030517578,207.5200042724609,122.68000030517578,207.5200042724609,89.30999755859375,207.5200042724609,49978107.5,51124450.0,62197053.571428575,7134259810.632858,0.0505506179490651,7.592073168073382,0.0520397093689485,0.2837901563100196,-0.0658581640259512,-6.292070365111103,-4.434510007992076,148.27999877929688,143.3000030517578,50657600.0,True,True,True,-0.0628853657934158,0.8708561879936714,-0.1466425265540495,0.8330556277397334,-0.1809454110210059,0.7637449755906175,0.8035446155436279,26.0,12.0,12.0,24.0,24.0,28.0,28.0,56.0,48.0,42.0,35.0,23.07692307692308,PLTR
2026-04-20,3.220000028610229,3.2300000190734863,2.720000028610229,2.7300000190734863,112240400.0,0.1582734035067257,2.8220676043999555,2.643424951906723,2.5088000106811523,2.453666679064433,2.2652000045776366,2.231699995994568,2.203550000786781,2.009999990463257,3.2300000190734863,1.7200000286102295,3.2300000190734863,1.7200000286102295,3.2300000190734863,1.7000000476837158,3.2300000190734863,1.5199999809265137,4.579999923706055,0.6899999976158142,4.579999923706055,80317592.5,81720860.0,103607257.14285716,174613811.00084543,0.0781226390234106,0.2335714101791381,0.0725377043800676,5.8108820505233485,1.8837924422471048,2.520820774977253,2.35654837636498,2.9600000381469727,2.759999990463257,83567800.0,False,False,False,0.3416666252745539,1.2468044358673005,0.3644068524331374,1.3319468596861972,-0.0747126405282259,0.8628039953417573,0.7752120335475672,24.0,93.0,93.0,92.0,92.0,36.0,36.0,93.0,94.0,92.0,90.0,100.0,PLUG
2026-04-20,8.59000015258789,9.380000114440918,7.320000171661377,7.320000171661377,45081000.0,0.1831955760021921,7.113731097980583,6.724165177059848,6.347199974060058,6.46933331489563,6.307199993133545,6.425,6.195149998664856,4.869999885559082,9.380000114440918,4.869999885559082,9.380000114440918,4.869999885559082,9.380000114440918,3.869999885559082,9.380000114440918,3.869999885559082,9.40999984741211,3.5799999237060547,9.40999984741211,11174797.5,10006888.0,6796830.952380952,85196393.45053196,0.0984714624296985,0.7457142557416644,0.0868119025023538,4.169193174498442,1.78352487359019,4.970433047186011,4.782584051417539,7.539999961853027,7.139999866485596,9873200.0,False,False,False,0.3788122193080472,1.281323660346338,0.0349397536372046,1.0103179651752987,0.1362434150270186,1.059514482858317,1.6441187927567085,87.0,94.0,94.0,61.0,61.0,66.0,66.0,96.0,93.0,91.0,94.0,100.0,POET
2026-04-20,11.550000190734863,11.649999618530272,11.211000442504885,11.350000381469728,3041000.0,-0.0119759961226488,10.661959373416638,10.585425256649309,10.240799980163574,10.625999959309896,11.917399978637697,13.474300003051756,14.911524958610537,8.239999771118164,13.5649995803833,8.239999771118164,16.770000457763672,8.239999771118164,17.666000366210938,8.239999771118164,22.459999084472656,8.239999771118164,24.920000076293945,4.110000133514404,24.920000076293945,4908627.5,4501898.0,8047355.952380952,51574580.88102341,0.0700208389690504,0.7220714432852608,0.06251700704425,-0.4931274829836834,-0.1938857864416741,-4.771830496991744,-4.364693234706943,11.9399995803833,11.239999771118164,5758400.0,False,False,False,0.0734200692424262,0.9975241827354596,-0.2914109980769712,0.691731278127545,-0.4342395457866422,0.5275554402691948,0.6099677371109322,16.0,54.0,54.0,12.0,12.0,14.0,14.0,85.0,79.0,73.0,66.0,61.53846153846154,PONY
2026-04-20,33.5099983215332,33.79999923706055,32.79999923706055,33.47999954223633,1316000.0,-0.0115045187844011,31.510469026596475,30.518665122944032,28.97160003662109,29.445000076293944,30.276000099182127,29.195350017547607,24.38057502269745,23.979999542236328,34.720001220703125,23.979999542236328,37.369998931884766,23.82999992370605,37.369998931884766,20.3799991607666,37.369998931884766,16.722999572753906,37.369998931884766,11.220000267028809,37.369998931884766,1584077.5,1589512.0,2406294.047619048,41348354.99773979,0.0605327769755488,1.848857607160296,0.0551733124370894,1.936030613926755,-0.2109428021040075,4.034759965464275,6.266230217212184,34.150001525878906,32.279998779296875,2069100.0,True,True,False,0.2593009226951115,1.1702623788429924,0.0397145143492627,1.0149791316923369,0.1967856543404715,1.1159683892387136,0.6583058714571459,18.0,89.0,89.0,62.0,62.0,72.0,72.0,85.0,78.0,73.0,83.0,96.15384615384616,PPTA
2026-04-20,25.729999542236328,25.96999931335449,24.795000076293945,24.96999931335449,1037200.0,0.0234685826138416,24.77962820756236,24.91528002810819,25.11760025024414,25.280666859944663,25.95280014038086,29.00440006256104,34.82887493133545,22.809999465942383,28.68000030517578,19.350000381469727,31.34499931335449,19.350000381469727,37.119998931884766,19.350000381469727,38.11000061035156,19.350000381469727,40.09999847412109,19.350000381469727,66.8499984741211,1870067.5,1748054.0,1291408.7301587302,30097987.602672577,0.0535873508868189,1.293928555079869,0.0502887127127949,-0.1707110412872876,0.455975834424237,-6.58013512260948,-3.889323257611756,25.51000022888184,24.690000534057617,755600.0,False,False,False,0.0019470107658241,0.9311046082488432,-0.1530612161614337,0.8267896423039304,-0.24189744892953,0.7069089437423934,1.4480833653417733,81.0,25.0,25.0,24.0,24.0,23.0,23.0,37.0,72.0,65.0,58.0,34.61538461538461,PRCT
2026-04-20,12.039999961853027,12.130000114440918,11.670000076293944,11.670000076293944,1876900.0,0.0203389633253232,11.321068524187242,11.036274067135553,10.474800033569336,10.359666728973387,11.602114181518555,12.640068473815916,17.150989294052124,9.229999542236328,12.130000114440918,9.229999542236328,14.837224090056894,9.229999542236328,15.042617230592851,9.229999542236328,21.52717767743585,9.229999542236328,22.15313885495854,9.229999542236328,27.476622387559622,3859570.0,3520026.0,2471320.634920635,33751768.85088444,0.0496559530341684,0.547142778124128,0.0454437524798728,0.83051890263259,0.4386419426771933,-3.4086743144452654,-4.8508202981535575,11.890000343322754,11.59000015258789,1879100.0,False,False,False,0.2476684391503383,1.1594523670184764,-0.1809687917305248,0.7995460033743702,-0.4282378909131488,0.5331518117644982,1.561743929728466,85.0,88.0,88.0,21.0,21.0,14.0,14.0,76.0,68.0,62.0,55.0,100.0,PRGO
2026-04-20,31.31999969482422,32.22999954223633,30.790000915527344,30.84000015258789,1086700.0,0.0126090975040558,29.39043625780549,29.746395315191087,29.166800079345705,30.39666659037272,34.095600051879885,38.21680000305176,41.64795001983643,23.81999969482422,39.36000061035156,23.81999969482422,44.52999877929688,23.81999969482422,47.25,23.81999969482422,47.25,23.81999969482422,47.369998931884766,23.81999969482422,65.5,1188642.5,1198592.0,858234.5238095238,38303869.66978073,0.0670995626364669,1.832142966134208,0.0584975409957292,-1.3916210398286026,0.2128651512776483,-9.911827082076396,-7.59630579647239,31.309999465942383,30.21999931335449,1665400.0,False,False,False,-0.0157133879571133,0.9146928834193332,-0.218757805547116,0.762656011071936,-0.3019834980970297,0.6508804216240153,1.3849856502204831,78.0,20.0,20.0,18.0,18.0,20.0,20.0,77.0,70.0,64.0,56.0,61.53846153846154,PRGS
2026-04-20,35.459999084472656,36.0,34.61000061035156,35.20000076293945,1347600.0,-0.0169115779182856,35.72726325818133,34.90735934882564,33.689199981689455,33.46466668446859,34.103199882507326,35.234699954986574,41.92975012779236,28.770000457763672,38.09999847412109,28.770000457763672,39.27999877929688,28.770000457763672,39.470001220703125,28.770000457763672,52.02999877929688,28.770000457763672,55.709999084472656,28.770000457763672,56.95000076293945,1088287.5,1068676.0,994429.761904762,34694657.134780884,0.046978451593155,1.6700003487723214,0.0470953297205127,0.8447780231355758,-0.3652697502728046,-3.055637463542196,-1.364847346463518,38.0,36.02000045776367,1240400.0,False,True,True,0.0968140141090694,1.0192640648214415,-0.0633914814365509,0.914326084504227,-0.3189936759689016,0.6350189173258225,1.0943834765317764,57.0,61.0,61.0,35.0,35.0,19.0,19.0,66.0,57.0,51.0,43.0,50.0,PRKS
2026-04-20,11.81999969482422,11.869999885559082,11.609999656677246,11.68000030517578,5952000.0,0.0068143036853258,11.144619794881962,10.684009671115708,9.982799949645996,10.009591801961262,10.47524492263794,11.725249376296995,13.468215160369873,8.619999885559082,11.970000267028809,8.619999885559082,14.027469266419384,8.619999885559082,15.163199601742315,8.619999885559082,17.006569181412903,8.619999885559082,20.67348834034264,8.619999885559082,20.67348834034264,15563292.5,14162782.0,11385897.61904762,126781788.82931232,0.0487543016790368,0.5449999400547573,0.0461082871510905,2.784196729248181,0.1467888669822916,-11.042902702018344,-9.4560005946501,11.970000267028809,11.609999656677246,7187800.0,False,False,False,0.3191963888951863,1.2259229517005097,0.0068742567254089,0.982920161939016,-0.294281686544832,0.6580621405901094,1.3668920115673586,78.0,92.0,92.0,51.0,51.0,21.0,21.0,83.0,76.0,70.0,63.0,96.15384615384616,PSKY
2026-04-20,5.179999828338623,5.269999980926514,5.005000114440918,5.059999942779541,15547100.0,0.0156862598435318,4.855253191543671,4.642182316515141,4.435200004577637,4.326333332061767,4.260300002098084,5.26344999074936,6.364750000238419,3.650000095367432,5.269999980926514,3.650000095367432,6.099999904632568,3.650000095367432,7.019999980926514,3.650000095367432,7.939000129699707,3.650000095367432,9.199999809265137,3.650000095367432,9.199999809265137,13215780.0,13630404.0,12801707.936507937,69720492.55617857,0.0792635681167701,0.2910714830671038,0.0561914078596521,3.841811115211713,0.2748463121947658,-6.505643902326454,-5.701101632779246,5.170000076293945,4.965000152587891,14282200.0,False,False,False,0.2758620446660185,1.1856525509970035,-0.1816745828164458,0.7988570034482774,-0.3111702338461425,0.6423140533197855,1.0323450640762717,49.0,90.0,90.0,21.0,21.0,20.0,20.0,86.0,80.0,74.0,68.0,100.0,PTON
2026-04-20,13.899999618530272,14.220000267028809,13.84000015258789,13.960000038146973,1391100.0,-0.004298024316099,14.079203848002567,13.994738452476003,14.267599906921388,14.097999954223631,13.16799997329712,11.677099981307984,8.97005000114441,11.850000381469728,15.489999771118164,10.149999618530272,15.489999771118164,8.789999961853027,15.489999771118164,6.909999847412109,15.489999771118164,4.635000228881836,15.489999771118164,4.510000228881836,15.489999771118164,2771710.0,2901182.0,2644497.619047619,31907991.433606148,0.0494218483554673,0.7440714836120605,0.0535303240310977,1.038463367992167,-0.0806379775843981,2.392390883030478,6.958464095613105,14.380000114440918,13.718000411987305,2982800.0,True,True,True,-0.0544217823887751,0.8787213559373694,0.3508260126394749,1.3186891155735725,1.71484373617568,2.5315141272848813,1.0481045549204142,51.0,13.0,13.0,92.0,92.0,98.0,98.0,51.0,76.0,84.0,92.0,0.0,PUMP
2026-04-20,6.170000076293945,6.28000020980835,5.934999942779541,6.119999885559082,4506000.0,-0.0374414628441931,6.060056726159961,5.757686159741971,5.6168000030517575,5.588000011444092,5.115600004196167,4.474361703750935,0.0,4.40399980545044,6.880000114440918,3.259999990463257,6.880000114440918,3.009999990463257,6.880000114440918,3.009999990463257,6.880000114440918,3.009999990463257,6.880000114440918,0.0,0.0,5457902.5,4952718.0,0.0,28291124.532928467,0.0838768263860105,0.4710714135851179,0.0763486884538371,2.699648780597105,-0.5094764067546173,2.4164272898919137,5.537697166370491,6.679999828338623,6.289999961853027,6493800.0,False,True,True,0.0547008849364205,0.9801285334818536,0.6630727797446774,1.623507359597543,0.0,0.0,0.0,0.0,48.0,48.0,97.0,97.0,0.0,0.0,85.0,95.0,94.0,92.0,61.53846153846154,PURR
2026-04-20,98.37999725341795,98.8000030517578,93.62999725341795,93.62999725341795,1386700.0,0.0447063732221777,88.89576683469866,82.70032388095368,76.65079956054687,74.23233286539714,71.77648788452149,70.94357906341553,75.05594411849975,59.59999847412109,98.8000030517578,59.59999847412109,98.8000030517578,59.59999847412109,98.8000030517578,59.59999847412109,98.8000030517578,59.59999847412109,98.8000030517578,59.59999847412109,98.8000030517578,1192647.5,1123174.0,1148587.3015873015,119984151.34483336,0.0470338850700318,4.615715026855469,0.0469172103650887,7.8999536685091165,0.9121011717529682,3.076122507883233,2.541746560132757,95.95999908447266,90.0,1221100.0,False,False,False,0.5371874570846558,1.4285010181724715,0.5230728199541077,1.4868380761893665,0.2051127416208962,1.1237331599356908,1.0383603391329583,50.0,97.0,97.0,95.0,95.0,73.0,73.0,94.0,90.0,87.0,83.0,100.0,PVH
2026-04-20,37.90999984741211,38.34000015258789,36.43999862670898,37.400001525878906,925500.0,0.0120128343282843,36.2211426695861,35.371204929900614,34.73120018005371,34.84333349863688,33.90340023040771,36.17361116409302,40.611630086898806,29.549999237060547,39.95000076293945,29.549999237060547,39.95000076293945,29.549999237060547,42.2026939091038,29.549999237060547,53.71185448285401,29.549999237060547,54.38508213288092,28.81000468870395,54.38508213288092,1429745.0,1381606.0,1261132.142857143,30011620.26226044,0.0433780648196524,1.4985712596348353,0.0395297089334368,2.989572377206462,0.3002865296169547,-6.999574533203432,-5.636909140694758,38.16999816894531,37.02999877929688,1110200.0,False,False,False,0.1249257860285413,1.045388201226873,0.0621952951806978,1.036925082328927,-0.2673115602730577,0.6832110118720458,1.1336995953182656,61.0,70.0,70.0,67.0,67.0,22.0,22.0,73.0,66.0,59.0,52.0,88.46153846153845,PZZA
2026-04-20,138.10000610351562,138.27999877929688,134.99000549316406,136.25,1032200.0,0.0132805995050773,131.01743182598562,125.84754546678629,121.11879974365236,119.61833318074544,117.49121841430664,102.46341583251952,100.3727840423584,105.41000366210938,138.27999877929688,92.6105835224214,140.50986998112668,75.6064981562771,140.50986998112668,70.40145028140697,140.50986998112668,70.40145028140697,140.50986998112668,0.0,0.0,2171870.0,2265834.0,0.0,181887906.64375305,0.0414732318048547,5.295859745570591,0.0383480051521574,4.5740853132615165,0.3417788431607712,8.436922676924823,8.831839841298574,137.8000030517578,133.8699951171875,1399900.0,False,False,False,0.233696650809013,1.1464684503339582,0.4209624620640604,1.387156980121471,0.0,0.0,0.0,0.0,87.0,87.0,94.0,94.0,0.0,0.0,77.0,84.0,92.0,91.0,96.15384615384616,Q
2026-04-20,21.65999984741211,21.93000030517578,20.56999969482422,21.024999618530277,39241800.0,-0.0013831574876358,18.52954499159928,17.368910315281315,16.14119983673096,16.520666535695394,17.597199840545656,21.770899877548217,22.529099960327148,12.75,22.489999771118164,12.75,27.200000762939453,12.75,32.38999938964844,12.75,37.619998931884766,12.75,46.75,5.96999979019165,46.75,26898865.0,26500302.0,46609952.38095238,532802839.3075037,0.0820079715913557,1.5385001727512904,0.0710295560290646,3.2504446742181057,-0.0194999566310465,-4.156698426254398,-4.903535939819087,22.489999771118164,21.38999938964844,46076200.0,False,False,False,0.3453415735531073,1.2502195478846732,-0.2486992748965728,0.7334268658186114,-0.4646564424732137,0.4991925541685424,0.5771056099811097,15.0,93.0,93.0,15.0,15.0,12.0,12.0,95.0,92.0,89.0,84.0,96.15384615384616,QBTS
2026-04-20,1.2699999809265137,1.409999966621399,1.2309999465942385,1.2350000143051147,1747300.0,-0.0729927178786872,1.291641702526635,1.355735253814608,1.1324000000953671,1.1216666718324029,1.4110000038146973,15.601499961614609,16.367499954104424,0.800000011920929,3.839999914169312,0.800000011920929,34.099998474121094,0.800000011920929,45.5,0.800000011920929,45.5,0.800000011920929,45.5,0.800000011920929,45.5,8198689.0,12705368.0,2593979.722222222,19717078.82662058,0.2831493059849579,0.424928571496691,0.3345894314003763,-0.298661986455057,-0.2353337255944829,-4.132902215881653,1.75749439196228,1.4500000476837158,1.2799999713897705,2779500.0,False,True,True,0.4431818043274327,1.341142010616983,-0.9642253526499572,0.034923548726904,-0.9341968895787408,0.0613595182039328,3.1606604052310443,96.0,96.0,96.0,0.0,0.0,1.0,1.0,92.0,88.0,84.0,80.0,69.23076923076923,QNCX
2026-04-20,7.179999828338623,7.199999809265137,6.864999771118164,6.932000160217285,12937300.0,0.0112675950395233,6.82381064905637,6.739660350681839,6.6308000373840335,6.667333380381266,6.969000024795532,8.960650038719177,10.429925022125245,5.900000095367432,7.5879998207092285,5.900000095367432,10.960000038146973,5.900000095367432,13.0,5.900000095367432,18.559999465942383,5.900000095367432,19.06999969482422,3.650000095367432,19.06999969482422,10867810.0,12407072.0,27795445.634920634,70279167.1170783,0.0562201695707158,0.3934284959520612,0.0547950564565816,0.5525482479191095,0.2033404405861912,-11.781279832829956,-10.53512799849508,7.449999809265137,7.050000190734863,14516000.0,False,False,False,0.0420899807652606,0.968409280006586,-0.3194313081961661,0.6643775866651049,-0.5355756914215886,0.4330623831325669,0.3909924720309681,9.0,43.0,43.0,11.0,11.0,10.0,10.0,63.0,54.0,48.0,40.0,57.692307692307686,QS
2026-04-20,9.829999923706056,9.9399995803833,9.279999732971191,9.350000381469728,19699300.0,0.0271682588477462,8.514317602523823,7.9947466218727214,7.475599918365479,7.482499933242797,7.835899953842163,9.604049997329712,13.142724967002868,6.179999828338623,9.9399995803833,6.179999828338623,12.119999885559082,6.179999828338623,13.399999618530272,6.179999828338623,16.790000915527344,6.179999828338623,25.84000015258789,5.760000228881836,25.84000015258789,12398150.0,12262118.0,24054025.0,109990606.6771245,0.0722616176112658,0.628857067653111,0.0639732525466818,3.977952680495854,0.4134488459391169,-4.513936754268548,-5.490380526856816,9.904999732971191,9.345000267028809,22053500.0,False,False,False,0.3671766127226121,1.270510746294937,-0.2259842463513509,0.7556014912864745,-0.4754535729047383,0.4891245388874694,0.5154293304343036,13.0,94.0,94.0,17.0,17.0,12.0,12.0,92.0,89.0,85.0,80.0,100.0,QUBT
2026-04-20,18.040000915527344,19.229999542236328,17.1299991607666,17.5,2221400.0,0.0261661543696023,17.098028342386755,16.840865749221095,16.295599975585937,16.455666637420656,17.793400001525878,20.748449993133544,25.295825009346007,13.210000038146973,19.229999542236328,8.729999542236328,28.479999542236328,8.729999542236328,28.770000457763672,8.729999542236328,71.5,8.729999542236328,71.5,8.729999542236328,71.5,3969527.5,3517144.0,2830981.3492063493,26459394.3106699,0.088245542435708,1.4737858772277832,0.0816954435938675,0.169643765889953,0.3121219974549891,-7.201163904448231,-5.131144798519523,17.889999389648438,17.014999389648438,1903100.0,False,False,False,0.1821756648066059,1.0985902422322154,-0.2101575834060002,0.7710516291773678,-0.6992832070214337,0.280409807604404,1.402173667132366,79.0,81.0,81.0,19.0,19.0,5.0,5.0,82.0,96.0,95.0,92.0,76.92307692307693,QURE
2026-04-20,24.21999931335449,24.38999938964844,22.850000381469727,24.15999984741211,55121000.0,-0.0312000274658202,22.83014406850743,21.91987412266191,20.79359992980957,20.79666665395101,22.267399940490723,22.105299911499024,20.932549934387207,18.049999237060547,25.440000534057617,18.049999237060547,27.61000061035156,18.049999237060547,27.61000061035156,15.5,27.61000061035156,15.5,27.61000061035156,11.970000267028809,27.61000061035156,8552177.5,8496524.0,8315176.984126984,231499686.14185333,0.0486153250845236,1.2128571101597376,0.0500766781397466,1.7510886133478183,-0.6431101241124595,2.8143491541906998,4.240110195379186,25.440000534057617,24.540000915527344,10066400.0,False,True,False,0.1942800046009611,1.1098387478330451,0.0172196495845609,0.993019432187032,0.2794505506020692,1.1930510404161114,1.028502161328067,49.0,83.0,83.0,56.0,56.0,79.0,79.0,80.0,73.0,67.0,78.0,92.3076923076923,QXO
2026-04-20,25.059999465942383,25.280000686645508,24.25,24.6200008392334,1447700.0,0.0100765822402852,24.034961975901357,23.15537140276493,22.01759994506836,22.038333257039387,22.22419994354248,25.471350021362305,28.14932500839233,18.290000915527344,26.190000534057617,18.290000915527344,26.190000534057617,18.290000915527344,36.81100082397461,18.290000915527344,39.88999938964844,18.290000915527344,39.88999938964844,18.290000915527344,42.369998931884766,1995425.0,2113358.0,1917380.5555555555,44227711.43960953,0.0492953597912297,1.1410714558192665,0.0455335786167925,2.8023192189580337,0.2190923265366453,-7.625280995176411,-4.84453387740001,25.239999771118164,24.540000915527344,1725500.0,False,False,False,0.2272281769007005,1.1404573281891217,0.1142729978203305,1.0877638276539252,-0.2622902983391861,0.6878931949947842,1.040703679933706,50.0,86.0,86.0,76.0,76.0,22.0,22.0,82.0,76.0,70.0,63.0,92.3076923076923,RARE
2026-04-20,61.83000183105469,62.275001525878906,59.68999862670898,60.0,5693300.0,0.0246934317981253,58.9954923105045,58.523236845875054,57.19280014038086,57.480333455403645,61.06200019836426,71.65520015716552,96.99944997787476,51.22999954223633,64.08999633789062,51.22999954223633,76.58000183105469,51.22999954223633,99.9800033569336,51.22999954223633,134.6699981689453,51.22999954223633,142.0,51.22999954223633,150.58999633789062,8735675.0,9980228.0,9084658.333333334,471267798.293438,0.0526499957520694,3.297786167689732,0.0533363427143453,0.2358130765027906,0.4518187665001394,-10.867672018517542,-11.065026297930553,62.9900016784668,59.65999984741211,7999900.0,True,False,False,0.0749304822494882,0.9989278023841272,-0.2915902532560417,0.6915562875282091,-0.540263221758903,0.4286913951773987,0.9615854201084428,41.0,54.0,54.0,12.0,12.0,10.0,10.0,60.0,52.0,46.0,38.0,76.92307692307693,RBLX
2026-04-20,53.59999847412109,53.7400016784668,51.790000915527344,52.0,2117600.0,0.0240733343114234,50.68689657478324,50.4392713110212,49.661199951171874,50.65399996439616,51.75839988708496,61.64250011444092,71.96259984970092,42.25,57.93999862670898,42.25,69.05999755859375,42.25,92.76599884033205,42.25,92.76599884033205,42.25,92.76599884033205,42.25,103.0,4082997.5,3960850.0,3712994.444444445,181779553.914032,0.0670098703142536,3.556143351963588,0.0663459599477516,0.5362899386598247,0.3543159532186666,-9.985383390619797,-8.533859619040866,54.41999816894531,51.72499847412109,3925900.0,True,False,False,0.0526315868332107,0.9782055445622436,-0.2011922549477648,0.7798036675189424,-0.3184130354764908,0.6355603479760751,1.0996508508406662,57.0,47.0,47.0,19.0,19.0,19.0,19.0,71.0,63.0,57.0,49.0,53.84615384615385,RBRK
2026-04-20,22.739999771118164,24.21999931335449,22.209999084472656,24.21999931335449,2045700.0,-0.0622680506755396,23.0149334140024,22.614507653040143,22.209599914550783,22.41066659291585,21.7046000289917,22.372800045013427,17.843600001335144,20.0,24.90999984741211,18.51499938964844,24.90999984741211,18.51499938964844,26.399999618530277,17.450000762939453,26.399999618530277,11.300000190734863,26.399999618530277,7.059999942779541,26.399999618530277,1195270.0,1161188.0,1263779.365079365,21719276.330718994,0.0503043547130503,1.1525005613054549,0.0506816434874917,0.9412512712986968,-1.3101947882536698,-3.0019216005297578,3.0768863160644075,24.34000015258789,23.56999969482422,695700.0,False,False,True,0.0138207517487571,0.942138819467171,0.0431192920621572,1.0183029078625694,0.369879472804254,1.2773734236971663,0.9457900904442584,39.0,33.0,33.0,63.0,63.0,84.0,84.0,40.0,56.0,50.0,54.0,7.6923076923076925,RCUS
2026-04-20,166.27999877929688,166.7899932861328,161.00999450683594,162.14999389648438,3055100.0,0.0151403887749343,154.12461503681942,148.2171013158761,142.3739990234375,141.1356658935547,142.27419952392577,181.84859954833985,192.60409996032715,119.2699966430664,168.6999969482422,119.2699966430664,222.6499938964844,119.2699966430664,263.5,119.2699966430664,263.5,119.2699966430664,282.95001220703125,90.77999877929688,282.95001220703125,4538280.0,5376988.0,6268190.079365079,581951300.6391907,0.053165742525153,7.833641597202846,0.0471111477911448,3.5815113677495245,0.3165827408321301,-3.738419506192624,-2.7254864473279845,168.6999969482422,161.36399841308594,4068600.0,False,False,False,0.2038807171852061,1.1187606445337803,-0.2802043083275498,0.7026713545370123,-0.1642961363062243,0.7792699480182715,0.7240176099541151,21.0,84.0,84.0,13.0,13.0,29.0,29.0,84.0,78.0,72.0,66.0,100.0,RDDT
2026-04-20,10.210000038146973,10.649999618530272,9.979999542236328,10.34000015258789,22030500.0,-0.0125725447313829,9.999360211151808,9.708717295149684,9.473999977111816,9.47533327738444,9.216599969863893,9.012299990653991,9.563199965953826,7.429999828338623,11.380000114440918,7.429999828338623,14.550000190734863,6.320000171661377,14.550000190734863,4.869999885559082,14.550000190734863,4.869999885559082,14.550000190734863,4.869999885559082,22.25,18454025.0,18419592.0,11111909.126984129,196907913.10382843,0.0976001344931569,0.9307141304016112,0.0911571133128544,1.1823958140167998,-0.1396778131914917,4.522647393860897,6.190921166715455,11.380000114440918,10.300000190734863,24983700.0,False,True,True,0.0602284441135467,0.9852652680265844,-0.128095644330789,0.8511612693892078,0.1941520246059123,1.1135126048448516,1.6607429730671843,87.0,49.0,49.0,26.0,26.0,72.0,72.0,83.0,76.0,86.0,93.0,61.53846153846154,RDW
2026-04-20,11.829999923706056,12.329999923706056,11.529999732971191,12.079999923706056,2701900.0,-0.0206953643691167,10.761859616215908,10.342754739508196,9.694399871826173,9.781666564941409,10.561199932098388,12.904999961853028,11.020124974250791,8.050000190734863,12.46500015258789,8.050000190734863,16.5,8.050000190734863,17.392000198364258,8.050000190734863,17.392000198364258,8.050000190734863,17.392000198364258,4.699999809265137,17.392000198364258,3612670.0,3462874.0,3461775.0,29281099.80287075,0.0600517897902035,0.7027857644217355,0.0594070810612118,2.022281872014499,-0.3557271826723815,-4.5764997639535725,-2.0706314205009457,12.46500015258789,11.710000038146973,4125200.0,False,False,False,0.2830802148684028,1.1923603623546395,-0.2869198423810333,0.6961155867484661,0.1380470805915772,1.0611963494043484,1.0435889103133509,51.0,90.0,90.0,13.0,13.0,66.0,66.0,88.0,83.0,78.0,72.0,96.15384615384616,REAL
2026-04-20,20.63999938964844,20.70499992370605,19.84000015258789,19.850000381469727,3352900.0,0.0314842155702366,18.511222047029683,17.53473920796559,16.678999977111815,16.624499956766766,16.1425,14.942899990081788,15.8664000415802,14.989999771118164,20.70499992370605,12.100000381469728,20.70499992370605,12.100000381469728,20.70499992370605,12.079999923706056,20.70499992370605,12.079999923706056,20.70499992370605,12.079999923706056,24.70499992370605,3458560.0,4003168.0,3640001.1904761903,57336164.92401123,0.040783565564977,0.7275002343314034,0.035247105418824,7.904544715364932,0.8659779489220254,7.190997773810981,5.299001083073666,20.200000762939453,19.770000457763672,8463600.0,False,False,False,0.3154875679827271,1.2224763620049917,0.5010908647017045,1.4653790837957203,0.3490195511335541,1.2579221434264938,0.9501535354024284,40.0,92.0,92.0,95.0,95.0,83.0,83.0,83.0,92.0,89.0,85.0,100.0,RELY
2026-04-20,6.900000095367432,6.909999847412109,6.429999828338623,6.550000190734863,3098600.0,0.0566615426755003,6.832716230203067,6.799277101188483,6.893600006103515,6.809000015258789,6.442393026351929,6.10756995677948,5.416268002986908,6.050000190734863,7.409999847412109,5.034545504469694,7.409999847412109,5.034545504469694,7.409999847412109,4.672559110117722,7.409999847412109,4.12052649960892,7.409999847412109,4.12052649960892,7.409999847412109,2404737.5,2411070.0,1865802.380952381,15664558.116211891,0.0416333876718606,0.3328570978982108,0.0482401584489377,1.4724372071338248,1.1115877891605896,3.925221093353226,7.984747009845153,6.940000057220459,6.519999980926514,3317600.0,False,False,True,0.0072992980191208,0.936078463425483,0.1335385926114336,1.106571083302221,0.6165334427231999,1.5073711952375264,1.288848982373216,73.0,29.0,29.0,78.0,78.0,92.0,92.0,41.0,76.0,70.0,73.0,7.6923076923076925,RES
2026-04-20,19.63999938964844,19.88500022888184,18.790000915527344,19.26000022888184,37783100.0,-0.0085815285652183,17.480949528003283,16.525344173737388,15.554799995422364,15.75466667811076,16.185799961090087,20.06654994010925,22.689299988746644,12.529999732971191,20.170000076293945,12.529999732971191,25.209999084472656,12.529999732971191,28.459999084472656,12.529999732971191,44.52000045776367,12.529999732971191,58.150001525878906,7.809999942779541,58.150001525878906,29207392.5,29299374.0,50180957.14285714,505730023.8996744,0.0782082238270238,1.3146427699497767,0.0669370066601264,3.18821023732248,-0.129312753380479,-5.755262844650128,-5.955535595328983,20.170000076293945,19.149999618530277,40352800.0,False,False,False,0.2744970528307109,1.1843840705540052,-0.2334114462801826,0.7483509885468939,-0.5905774673782558,0.3817748003502882,0.5820413591723895,15.0,90.0,90.0,16.0,16.0,8.0,8.0,92.0,88.0,84.0,79.0,92.3076923076923,RGTI
2026-04-20,142.69000244140625,143.30999755859375,137.47999572753906,139.33999633789062,868900.0,0.0116988743180526,131.75495753946564,132.16839690397472,128.95760070800782,130.2866673787435,152.89820068359376,170.77539978027343,185.93334968566896,106.3000030517578,148.72999572753906,106.3000030517578,235.0,106.3000030517578,239.3999938964844,106.3000030517578,239.3999938964844,106.3000030517578,248.44000244140625,106.3000030517578,257.0,1513575.0,1400756.0,1195655.1587301588,228882917.1777344,0.0548998547667838,9.543570382254464,0.0668832449293243,-0.9982271677838848,0.1728922289232028,-2.814503261693808,-0.7911802017597545,147.0,133.5,1891400.0,True,False,False,0.0608133839017783,0.9858088497993912,-0.3873335930406817,0.5980907346877163,-0.1899977323167043,0.7553039449193407,1.265895930735988,72.0,49.0,49.0,7.0,7.0,27.0,27.0,80.0,73.0,67.0,60.0,69.23076923076923,RH
2026-04-20,28.020000457763672,28.3700008392334,27.350000381469727,27.57999992370605,2176600.0,0.0211370230472911,26.240281630396687,25.529888816102595,24.813200073242182,24.531666692097986,24.81166519165039,26.15226043701172,29.328103485107423,21.82999992370605,28.600000381469727,21.82999992370605,34.69050217743936,21.82999992370605,34.69050217743936,21.82999992370605,34.69050217743936,21.82999992370605,34.838319496298425,21.82999992370605,45.00145872970602,3235945.0,3309158.0,2386370.238095238,70930547.06360817,0.0578063429362449,1.577857562473842,0.0563118321447655,2.2962764682436347,0.3675869973945573,-1.1214227025344523,1.1089979497274556,27.82999992370605,26.729999542236328,2250900.0,False,False,False,0.2209150120383198,1.1345905340045626,0.0140600477784564,0.9899349990533264,-0.0832536176584328,0.8548397784780665,1.3560112962952802,77.0,86.0,86.0,55.0,55.0,35.0,35.0,74.0,66.0,59.0,52.0,96.15384615384616,RHI
2026-04-20,18.11000061035156,18.530000686645508,17.570999145507812,17.959999084472656,22124900.0,0.0,16.86137120239726,15.955346771891517,14.965000190734862,14.893833510080974,15.159000129699708,15.196100044250487,15.51005002975464,11.5,18.90999984741211,11.5,18.90999984741211,11.5,19.38999938964844,11.5,23.489999771118164,11.5,23.934999465942383,6.190000057220459,23.934999465942383,17682975.0,18126154.0,28482157.14285714,276643958.62731457,0.0751634773491376,1.2192143031529017,0.0673227091144329,2.8915928325659963,0.0,1.093177819430462,1.2483903633092046,18.479999542236328,17.049999237060547,20578400.0,False,True,False,0.2807638027324051,1.190207731535588,-0.0587317658112908,0.9188749429206357,-0.0736572216319685,0.8637881432728065,0.6208439519277984,16.0,90.0,90.0,36.0,36.0,36.0,36.0,92.0,88.0,84.0,79.0,96.15384615384616,RIOT
2026-04-20,16.920000076293945,17.149999618530273,16.760000228881836,17.030000686645508,19620300.0,-0.0179918441194657,16.252194675975193,15.885324583474048,15.60759994506836,15.646999963124593,15.513799953460694,16.618699951171877,15.139099946022034,14.239999771118164,17.774999618530273,13.579999923706056,18.479999542236328,13.579999923706056,22.690000534057617,12.390000343322754,22.690000534057617,12.390000343322754,22.690000534057617,10.850000381469728,22.690000534057617,26952377.5,30152070.0,37847896.82539683,374169461.2802601,0.04792007933148,0.755356924874442,0.0446428440584198,2.030378893502009,-0.4104013026608739,-2.381553652793293,0.6357211519905848,17.774999618530273,17.09000015258789,32234700.0,False,True,False,0.0496277416508244,0.9754140854713598,0.0149970005312429,0.9908496611825316,0.3106119501376807,1.2221081541273753,0.7121235196856255,20.0,46.0,46.0,55.0,55.0,81.0,81.0,56.0,59.0,53.0,63.0,80.76923076923077,RIVN
2026-04-20,89.45999908447266,90.3499984741211,84.5999984741211,84.8499984741211,28827400.0,0.0549527814270314,76.99902116931015,73.25836343673284,70.34800033569336,70.26166725158691,70.56220039367676,70.343850440979,60.22892515182495,56.13199996948242,90.3499984741211,56.13199996948242,94.4499969482422,50.34000015258789,99.58000183105467,37.56999969482422,99.58000183105467,37.56999969482422,99.58000183105467,18.209999084472656,99.58000183105467,22691132.5,21440482.0,22231519.444444444,1778168211.934986,0.0740075359755227,5.39092881338937,0.0602607742964426,4.444310523307086,0.8644143141235479,7.746879196683837,6.713599263799327,86.98999786376953,83.5999984741211,26066300.0,False,False,False,0.2437091436802829,1.1557730125037404,-0.0710280763294358,0.9068711684224624,0.3352238669324276,1.2450580625273444,1.020673938041172,48.0,88.0,88.0,34.0,34.0,83.0,83.0,92.0,89.0,91.0,95.0,100.0,RKLB
2026-04-20,17.1200008392334,17.18000030517578,16.31999969482422,16.610000610351562,23657400.0,0.0294649250267435,15.738366508611628,15.40095569743196,14.797599983215331,14.829999987284342,16.00720003128052,18.0858000087738,17.704149980545044,13.43000030517578,17.18000030517578,13.43000030517578,21.73500061035156,13.43000030517578,24.36000061035156,13.43000030517578,24.36000061035156,13.43000030517578,24.36000061035156,11.079999923706056,24.36000061035156,28111902.5,27616734.0,26697274.206349205,396678117.9504156,0.0462924750626667,0.791785717010498,0.0462491634460663,1.5031356620558327,0.6188564253430453,-2.0667914904306603,0.180258630755447,16.985000610351562,16.375,37318900.0,False,False,False,0.1686007703084788,1.0859751571150522,-0.2633390272013032,0.7191354013085232,0.0344411860090265,0.9645868162990726,1.0529877425956229,52.0,79.0,79.0,14.0,14.0,53.0,53.0,72.0,64.0,58.0,50.0,100.0,RKT
2026-04-20,16.399999618530273,16.690000534057617,15.9399995803833,16.579999923706055,2641700.0,-0.0214797497276394,15.066866342249114,13.614220345959325,12.262800025939942,11.970333353678386,10.889200019836426,9.442399988174438,7.139000006914139,9.265000343322754,17.31999969482422,7.360000133514404,17.31999969482422,7.010000228881836,17.31999969482422,5.949999809265137,17.31999969482422,3.884999990463257,17.31999969482422,2.5299999713897705,17.31999969482422,3082985.0,2867934.0,2212613.492063492,44854480.112109184,0.0759837493437689,1.1384286199297224,0.0694163808786567,7.290489275841488,-0.3162258959844018,8.33183852309325,9.93685595489897,17.31999969482422,16.15999984741211,2360700.0,False,True,False,0.6399999618530274,1.5240441915607208,1.2312924940575385,2.178208813010166,1.5192010817098165,2.349082948252263,1.3933680740257963,79.0,98.0,98.0,99.0,99.0,98.0,98.0,96.0,97.0,96.0,97.0,96.15384615384616,RLAY
2026-04-20,7.369999885559082,7.659999847412109,7.25,7.5,2201200.0,-0.0147059001649614,7.187438560439801,6.890148883776837,6.773199996948242,6.716666666666667,5.731800012588501,4.941200008392334,3.282335004210472,5.679999828338623,7.940000057220459,3.220999956130981,7.940000057220459,3.220999956130981,7.940000057220459,2.150000095367432,7.940000057220459,1.4520000219345093,7.940000057220459,0.2680000066757202,7.940000057220459,2320237.5,1989432.0,1349241.2698412698,10164231.783988476,0.0652447359970962,0.461571455001831,0.0626284209184647,4.563566643507921,-0.2383165863538245,1.5280043110735253,7.135493537911151,7.539999961853027,7.03000020980835,2384600.0,False,False,True,0.1791999816894531,1.0958249540150755,0.9705881996700771,1.923706817804816,2.6666666271279302,3.4190617466970488,1.7196609323052816,88.0,81.0,81.0,98.0,98.0,99.0,99.0,75.0,97.0,96.0,98.0,69.23076923076923,RLMD
2026-04-20,126.87000274658205,127.25,125.0,126.5,1159200.0,-0.0004726822536004,115.32608331108764,107.53589874973994,100.32320068359375,98.7510004679362,99.06059982299804,100.0739998626709,93.01204978942872,77.88999938964844,128.58999633789062,77.88999938964844,128.58999633789062,77.88999938964844,135.75,77.88999938964844,135.75,77.88999938964844,135.75,43.209999084472656,135.75,1907285.0,1945496.0,1771495.238095238,195446910.983696,0.0583178421639132,6.317141396658761,0.0497922381957932,5.638051812378356,-0.0094975804444528,3.271441627346108,3.330122927990541,128.58999633789062,122.0,2107700.0,True,True,False,0.3408370224462393,1.2460334898909562,0.1748310515445126,1.1468811718264438,0.292613354806017,1.2053249788210962,1.0766526259764415,54.0,93.0,93.0,82.0,82.0,80.0,80.0,93.0,90.0,87.0,82.0,100.0,RMBS
2026-04-20,2.990000009536743,3.7799999713897705,2.505000114440918,2.5299999713897705,8503000.0,0.1033210211986666,1.9582612421456305,1.4368544672294423,0.9860000026226045,0.907266668478648,0.8113200008869171,1.1479400008916856,1.7763049975037577,0.3319999873638153,3.7799999713897705,0.3319999873638153,3.7799999713897705,0.3319999873638153,3.7799999713897705,0.3319999873638153,3.7799999713897705,0.3319999873638153,3.7799999713897705,0.3319999873638153,5.460000038146973,21268277.5,17638910.0,3747999.603174603,85904889.41583455,0.386104568946179,0.6359285584517888,0.2126851359275803,12.625951792344296,0.4403009861224812,-2.9942688823595427,-6.1186486853684325,3.299999952316284,2.4100000858306885,7991300.0,False,False,False,5.308016805743121,5.862010119925704,1.3543307515291645,2.298319922367574,-0.06562501094304,0.8712779499830058,5.674567703258426,99.0,99.0,99.0,99.0,99.0,37.0,37.0,99.0,99.0,99.0,99.0,100.0,RMSG
2026-04-20,40.209999084472656,41.08000183105469,39.0099983215332,40.040000915527344,1921400.0,-0.0044565562737273,38.57667275257788,37.8818721590583,37.534000091552734,37.853000005086265,36.07051376342773,32.19254287719727,30.388566074371337,33.04999923706055,42.0099983215332,24.09691301166634,42.34428345709616,24.09691301166634,42.34428345709616,24.09691301166634,42.34428345709616,24.09691301166634,42.34428345709616,21.870894451931616,42.34428345709616,2039187.5,2737536.0,1682464.6825396826,56729676.42671585,0.055202062158921,2.056428636823381,0.0511422204338593,2.243956527111317,-0.0875305381147737,1.7831701340915096,4.611812660409435,41.75,40.0099983215332,1417300.0,False,True,False,0.073698218032201,0.9977826650874756,0.5316310915527518,1.4951927417789062,0.5024952118772386,1.4010338069781954,1.2120239557848216,68.0,54.0,54.0,95.0,95.0,90.0,90.0,63.0,91.0,88.0,84.0,46.15384615384615,RNG
2026-04-20,118.7300033569336,118.83999633789062,114.33000183105467,115.5500030517578,2324900.0,0.021860752751152,108.358637358802,103.50261191366177,99.30120056152344,99.01466725667318,95.97340026855468,100.10495025634764,97.62645000457763,84.9000015258789,118.83999633789062,78.52999877929688,118.83999633789062,78.52999877929688,118.83999633789062,78.52999877929688,118.83999633789062,78.52999877929688,118.83999633789062,57.0099983215332,118.83999633789062,2829710.0,3388514.0,3476125.793650794,245646406.7720413,0.0460997159967886,4.689570835658482,0.0394977739667066,6.003215487888426,0.5416275826806425,0.5271276680924277,0.5112624896508199,116.80500030517578,112.33000183105467,3105900.0,False,False,False,0.2385771187248708,1.151003846036564,0.1453791159794519,1.1181299140783556,0.2454631393729411,1.1613587516372443,0.8140413114992893,26.0,87.0,87.0,79.0,79.0,77.0,77.0,85.0,85.0,81.0,75.0,100.0,ROKU
2026-04-20,8.119999885559082,8.642999649047852,7.071000099182129,7.320000171661377,1201100.0,0.0712401012253582,6.200015149468129,5.305588147163681,4.495599994659424,4.430333320299784,4.42720000743866,4.434149992465973,3.591144995689392,2.869999885559082,11.739999771118164,2.869999885559082,11.739999771118164,1.159999966621399,33.68000030517578,1.159999966621399,33.68000030517578,1.159999966621399,33.68000030517578,1.159999966621399,33.68000030517578,2634730.0,2185076.0,1027772.619047619,37360783.39197874,0.1632570033123042,1.2122856719153268,0.1492962671183409,5.586987261571093,0.4454395315914813,6.666451466355548,5.508473650683136,8.3100004196167,7.170000076293945,1680000.0,False,False,False,1.0661576965975,1.9200705546297416,-0.5189573288349433,0.4695984002797698,1.7951807110257638,2.606426058335029,2.5635339482398947,95.0,99.0,99.0,4.0,4.0,98.0,98.0,99.0,98.0,99.0,99.0,100.0,ROLR
2026-04-20,5.829999923706055,5.960000038146973,5.5,5.5,2462300.0,0.0264084682923848,5.607279776601073,5.738890743389203,5.701599979400635,5.881999985376994,6.454200019836426,10.39410002708435,14.945700011253358,4.96999979019165,7.170000076293945,4.96999979019165,13.31999969482422,4.96999979019165,16.8799991607666,4.96999979019165,19.34000015258789,4.96999979019165,20.950000762939453,4.96999979019165,27.100000381469727,2280197.5,2314294.0,1249269.8412698412,11587553.050084114,0.0676560599193023,0.3717857088361467,0.0637711344256429,-1.516551867368552,0.403458475682129,-16.849958938988934,-14.699247134766118,5.920000076293945,5.630000114440918,1742000.0,False,False,True,-0.0760697342989273,0.8586040168304981,-0.538765841348586,0.4502611432214731,-0.6768292889227033,0.3013474439487726,1.8252241626855048,90.0,11.0,11.0,4.0,4.0,6.0,6.0,51.0,43.0,38.0,31.0,30.76923076923077,RPD
2026-04-20,2.569999933242798,2.6050000190734863,2.319000005722046,2.3499999046325684,8767800.0,0.0663899758148598,2.2888192861046828,2.246976918661925,2.1639999961853027,2.2023333311080933,2.432099995613098,3.1231999969482422,3.315024996995926,1.850000023841858,2.6050000190734863,1.850000023841858,5.599999904632568,1.850000023841858,5.599999904632568,1.850000023841858,6.420000076293945,1.850000023841858,7.429999828338623,1.7100000381469729,7.429999828338623,8700047.5,10015234.0,23795847.222222224,17313952.7004838,0.0699208880605304,0.1814999750682286,0.0706225602267677,0.802858824345513,0.8815419801130165,-3.173732774732824,-2.756312369329845,2.555000066757202,2.380000114440918,11468700.0,False,False,False,0.1473213938844144,1.0662003334604917,-0.3376289027215357,0.6466129229662347,-0.546737231276615,0.4226545664878213,0.3656120086312913,9.0,75.0,75.0,10.0,10.0,9.0,9.0,84.0,78.0,72.0,65.0,100.0,RR
2026-04-20,207.9600067138672,209.4900054931641,202.72000122070312,204.42999267578125,611000.0,0.0124635486536235,201.2229010688356,198.02949345556289,192.56472778320312,192.8615254720052,201.77754150390624,176.5276138305664,160.21299018859864,172.60030626399188,216.02999877929688,151.15251471864966,228.84961011220076,138.79417282239487,228.84961011220076,127.39474769883324,228.84961011220076,127.39474769883324,228.84961011220076,94.175201807956,228.84961011220076,1121962.5,1152462.0,877799.2063492064,200603744.55604556,0.0453497852969468,9.915713718959264,0.0476808684306416,0.6426058845179983,0.2581773627134837,6.936022774489128,10.246665527560369,208.27999877929688,200.1699981689453,1062300.0,False,False,False,0.1238297860761004,1.0443696936657014,0.3014132727879173,1.2704519320997387,0.4526930563600095,1.3545947215232432,1.2781539239096331,73.0,69.0,69.0,90.0,90.0,88.0,88.0,60.0,76.0,80.0,82.0,76.92307692307693,RRX
2026-04-20,6.900000095367432,7.150000095367432,6.2210001945495605,6.289999961853027,6317400.0,0.0917721373342284,5.808037367853764,5.531596386535165,5.292399997711182,5.306999985376994,5.482000007629394,6.0030499982833865,6.820225005149841,4.619999885559082,7.150000095367432,4.619999885559082,7.150000095367432,4.619999885559082,7.625,4.619999885559082,7.889999866485596,4.619999885559082,8.949999809265137,4.619999885559082,10.989999771118164,2320882.5,2239904.0,2720111.111111111,14466422.421193125,0.0613501809645722,0.3909999983651297,0.0566666656465181,4.564671903638539,1.4833757701564747,-1.9201163849757088,-3.050581400952986,6.695000171661377,6.289999961853027,4189400.0,False,False,False,0.3068181479519076,1.2144199110601746,0.1423841289645575,1.1152061794590404,-0.0799999872843424,0.8578736957334941,0.8532307708018464,30.0,92.0,92.0,79.0,79.0,35.0,35.0,89.0,84.0,80.0,74.0,100.0,RUM
2026-04-20,26.739999771118164,27.42099952697754,26.200000762939453,27.059999465942383,662200.0,-0.0205128015235314,25.483110332298573,24.692891110118254,23.659200134277345,23.657000096639,24.309799995422363,26.41939998626709,24.10894998550415,21.280000686645508,28.420000076293945,21.280000686645508,30.13999938964844,21.280000686645508,31.68000030517578,19.815000534057617,31.68000030517578,19.815000534057617,31.68000030517578,16.799999237060547,31.68000030517578,1055122.5,1089014.0,1186673.4126984128,18906217.20527649,0.0445980225411184,1.2766423906598772,0.0477427973667665,2.093884532958634,-0.438650220327501,-0.6938619611375922,2.510543270122643,28.420000076293945,26.989999771118164,1466100.0,False,False,False,0.1697287426584601,1.0870233764737207,-0.1195258797433362,0.8595271545430035,0.2855769592276704,1.1987637412167391,0.8891431195047379,34.0,79.0,79.0,27.0,27.0,79.0,79.0,69.0,61.0,55.0,61.0,88.46153846153845,RVLV
2026-04-20,146.22999572753906,153.5,146.1699981689453,151.85000610351562,3495600.0,-0.0161475413875261,132.0355219790358,119.45965865638684,108.48879974365236,106.67966639200846,104.08939987182616,97.5444997406006,71.73299987792969,91.5199966430664,155.6999969482422,91.5199966430664,155.6999969482422,73.0,155.6999969482422,55.400001525878906,155.6999969482422,42.18000030517578,155.6999969482422,34.0,155.6999969482422,3021010.0,2762934.0,2601427.380952381,469937770.7737351,0.0416819404307293,7.9489271981375555,0.0543590742691963,7.447698985097164,-0.3019286874127823,13.208980152959072,15.785560718412514,151.13499450683594,145.52000427246094,4759900.0,False,False,False,0.472756515048748,1.3686256491171822,0.2157465681044621,1.1868232856448249,1.943437899139958,2.744671645431437,1.1612893837128793,63.0,96.0,96.0,85.0,85.0,99.0,99.0,93.0,89.0,94.0,96.0,84.61538461538461,RVMD
2026-04-20,19.559999465942383,19.59000015258789,18.46999931335449,18.549999237060547,2126600.0,0.045989233578392,17.151287262609976,16.132186986201525,15.097199897766114,14.71933323542277,15.001599922180176,14.656699962615969,15.257649955749512,11.68000030517578,19.59000015258789,11.18000030517578,19.59000015258789,11.18000030517578,19.59000015258789,10.425000190734863,19.59000015258789,10.425000190734863,19.59000015258789,10.425000190734863,19.59000015258789,1886812.5,2433874.0,2070080.5555555555,27343454.765524864,0.0571947466497213,0.978928702218192,0.0500474810299811,6.071452277155113,0.8785100498680095,5.825446220100513,4.479076478321234,19.200000762939453,18.31999969482422,1801000.0,False,False,False,0.4361233208732491,1.334582595397594,0.3048698975719413,1.2738263218706374,0.0964125167400846,1.0223733095479663,0.9114681527423114,36.0,96.0,96.0,90.0,90.0,62.0,62.0,94.0,93.0,90.0,89.0,100.0,RXO
2026-04-20,3.690000057220459,3.799999952316284,3.660000085830689,3.704999923706055,9830100.0,-0.0238095012832029,3.5265961024143104,3.429962670408929,3.303600006103516,3.3233333428700766,3.4476000118255614,3.954900007247925,4.613649997711182,2.799999952316284,3.900000095367432,2.799999952316284,4.960000038146973,2.799999952316284,5.239999771118164,2.799999952316284,6.5,2.799999952316284,7.179999828338623,2.799999952316284,7.179999828338623,14003085.0,15322174.0,26974730.95238095,39510431.37492061,0.0525596650514232,0.1982143265860421,0.0537166188380359,1.3089020709763624,-0.4540535274085942,-5.852598675669182,-4.312507213539575,3.880000114440918,3.7100000381469727,14319000.0,False,True,False,0.0949555437769069,1.0175369971502204,-0.2098501077223112,0.7713517898446857,-0.4198113239375922,0.5410093444316209,0.5191186160380964,13.0,61.0,61.0,19.0,19.0,14.0,14.0,78.0,70.0,64.0,57.0,92.3076923076923,RXRX
2026-04-20,2.759999990463257,2.7799999713897705,2.630000114440918,2.690000057220459,10721400.0,0.0222222006370014,2.697473066736169,2.684344723645512,2.674399995803833,2.688333328564961,2.585,2.790499999523163,3.478849995136261,2.2730000019073486,3.2850000858306885,2.049999952316284,3.414999961853028,2.049999952316284,4.96999979019165,2.049999952316284,5.0,2.049999952316284,8.449999809265137,1.2999999523162842,8.449999809265137,17118577.5,17755814.0,16887994.444444444,60168868.4200716,0.0976379279321355,0.2742856911250523,0.0993788739394214,0.6812137511200366,0.2187498098549583,-3.586999976087541,-1.4840270735495564,2.799999952316284,2.680000066757202,12732400.0,False,False,True,0.0739299852746373,0.9979980452873812,-0.4013015378463366,0.5844550950051797,-0.4523809501283202,0.510639099646055,1.0136536671843477,47.0,54.0,54.0,7.0,7.0,13.0,13.0,62.0,73.0,67.0,61.0,34.61538461538461,RZLV
2026-04-20,14.31999969482422,14.520000457763672,13.899999618530272,13.949999809265137,7645800.0,0.0213979477364725,13.505241790857346,13.433196434426382,13.478000030517578,13.596666717529295,13.495400047302246,14.18340000152588,15.89820004940033,11.8100004196167,14.859999656677246,11.8100004196167,15.390000343322754,11.8100004196167,15.649999618530272,11.8100004196167,18.045000076293945,11.8100004196167,19.299999237060547,11.8100004196167,21.399999618530277,8570017.5,8421542.0,7212970.238095238,102991342.05500604,0.0492091230939149,0.633500167301723,0.0442388394415045,1.3811907356477302,0.4735582601948445,-6.6155058121647645,-5.401718228530137,14.390000343322754,13.880000114440918,6826000.0,False,False,False,-0.0164835657881662,0.913977160811292,0.0302158336561417,1.0057064298601797,-0.1486325829583272,0.7938757634673548,1.1881398670879757,66.0,19.0,19.0,60.0,60.0,30.0,30.0,62.0,53.0,47.0,40.0,46.15384615384615,S
2026-04-20,33.040000915527344,33.34000015258789,32.45000076293945,33.0,521500.0,-0.0166665947626475,31.679979310243368,30.984514749242525,29.243599853515622,29.92533321380615,31.90699993133545,31.152999992370606,25.58315001487732,23.57999992370605,35.59000015258789,23.57999992370605,40.060001373291016,23.57999992370605,40.060001373291016,21.670000076293945,40.060001373291016,18.51000022888184,40.060001373291016,11.119999885559082,40.060001373291016,1056797.5,1034998.0,1059865.0793650793,27805258.8650322,0.0548989620295568,1.7899999618530271,0.0541767527921528,0.6554375895400367,-0.312847804764216,3.091393815049108,5.95262319995445,34.15999984741211,32.02000045776367,764000.0,True,True,False,0.3301127501033916,1.2360674744318063,0.0706416157504719,1.0451704602664182,0.141278067177937,1.064209151975431,0.9971056888043552,45.0,93.0,93.0,68.0,68.0,67.0,67.0,85.0,79.0,73.0,76.0,73.07692307692307,SA
2026-04-20,3.819999933242798,3.9700000286102295,3.381999969482422,3.4600000381469727,5264700.0,0.0852272596425753,3.411746306270261,3.325581099122307,3.1752000045776367,3.186666663487752,3.4850000095367437,3.994600002765656,3.977299998998642,2.6600000858306885,4.079999923706055,2.6600000858306885,5.199999809265137,2.6600000858306885,5.360000133514404,2.6600000858306885,5.699999809265137,2.6600000858306885,6.550000190734863,1.5800000429153442,6.550000190734863,3198837.5,2956920.0,4261850.793650794,11652613.040895462,0.0806140964291866,0.2930714402879987,0.0767202736674423,1.2529443474319877,1.023641034491375,-3.3192697764566117,-2.6322186001210053,3.630000114440918,3.505000114440918,3260000.0,False,False,False,0.2050472685504691,1.1198447151885,-0.1659388653107832,0.8142183595417329,-0.2799245887178258,0.6714497236364455,0.7505747279481378,22.0,84.0,84.0,22.0,22.0,21.0,21.0,87.0,81.0,76.0,70.0,100.0,SANA
2026-04-20,6.699999809265137,7.050000190734863,6.559999942779541,6.800000190734863,6562100.0,-0.0331890367634577,6.901552231784015,6.324485836163747,5.836399974822998,5.375333309173584,4.509899983406067,3.635199987888336,3.362649992108345,2.869999885559082,8.020000457763672,2.7300000190734863,8.020000457763672,1.75,8.020000457763672,1.2549999952316284,8.020000457763672,1.2549999952316284,8.020000457763672,1.2549999952316284,8.020000457763672,10286790.0,9524588.0,5101395.238095238,100916784.82243538,0.1707292070233301,0.8982143402099609,0.1340618456388401,3.622361639110195,-0.2560636239894844,15.912254784882489,17.296895903759726,7.690000057220459,6.860000133514404,8826300.0,False,True,True,1.0426828864959643,1.8982555248642456,0.8820224485829564,1.837248094861675,1.3024053648275251,2.1469271435887203,2.016465990163289,92.0,99.0,99.0,98.0,98.0,98.0,98.0,98.0,98.0,99.0,99.0,50.0,SATL
2026-04-20,135.11000061035156,137.44000244140625,133.02000427246094,134.2899932861328,3709200.0,0.0142631469163239,129.16180644964544,124.57103322460422,120.37359924316408,118.53299916585289,115.932999420166,110.92039962768554,83.56594994544983,104.12999725341795,137.44000244140625,104.12999725341795,137.44000244140625,86.02999877929688,137.44000244140625,65.76000213623047,137.44000244140625,65.76000213623047,137.44000244140625,14.899999618530272,137.44000244140625,6749810.0,6075526.0,4985487.301587301,804880990.1176834,0.0570364241067131,6.708570752825056,0.0496526587411699,3.331433239264065,0.2832188802188999,10.429210087807006,12.20486483358298,135.67999267578125,132.08999633789062,5818100.0,False,True,False,0.2382916309646991,1.150738543614142,0.0960493574244867,1.069973737730228,0.8679662268768595,1.741825074356251,1.353891724456096,77.0,87.0,87.0,73.0,73.0,95.0,95.0,75.0,68.0,84.0,92.0,92.3076923076923,SATS
2026-04-20,220.41000366210935,224.4600067138672,218.67999267578125,218.67999267578125,661600.0,-0.0122344525186267,214.9318473478388,205.93868289734723,194.63639892578124,193.7235850016276,194.1159646606445,190.8481167602539,197.84677139282223,162.41000366210938,224.4600067138672,162.41000366210938,224.4600067138672,162.41000366210938,224.4600067138672,162.41000366210938,224.4600067138672,162.41000366210938,224.4600067138672,162.41000366210938,239.80569526938456,1373057.5,1271554.0,997235.3174603176,341142182.70347595,0.0413088540459471,9.17357417515346,0.0416204982656623,3.254533701725374,-0.2975934652529687,-2.784738407913171,-0.6785560674468603,224.2700042724609,220.2400054931641,944700.0,False,True,False,0.2091837016576898,1.123688682869887,0.1432259336955725,1.1160279571904737,0.1302806470135038,1.053954372247605,1.3768640921149862,78.0,85.0,85.0,79.0,79.0,66.0,66.0,81.0,74.0,68.0,62.0,61.53846153846154,SBAC
2026-04-20,7.789999961853027,7.800000190734863,7.360000133514404,7.599999904632568,10022900.0,-0.0250312659567383,7.279584654497677,7.111455382879495,7.040400009155274,7.120000012715658,7.07520001411438,8.438200035095214,13.002450032234192,5.960000038146973,8.40999984741211,5.960000038146973,10.210000038146973,5.960000038146973,12.289999961853027,5.960000038146973,14.899999618530272,5.960000038146973,19.540000915527344,2.2799999713897705,124.12000274658205,7032585.0,6894030.0,16695521.523809524,53179339.01756764,0.0587562128220953,0.4442857674189976,0.0570328330673462,1.7714171496759277,-0.4501602885615749,-6.293467261004684,-5.870709051192327,8.09000015258789,7.78000020980835,7866200.0,False,False,False,0.0143229343714972,0.9426054953983246,-0.2918181852860884,0.6913337781270718,-0.4653397306095818,0.4985554075264824,0.4212258353218145,10.0,33.0,33.0,12.0,12.0,12.0,12.0,76.0,69.0,62.0,55.0,57.692307692307686,SBET
2026-04-20,13.479999542236328,13.640000343322754,13.260000228881836,13.56999969482422,4165800.0,-0.0231884524692528,13.140413674660175,12.983126600860947,12.413469123840333,12.576451460520426,13.829705028533937,14.355513763427734,11.879796884059909,10.505126744207578,14.35344288355946,10.505126744207578,20.689559062266344,10.505126744207578,20.689559062266344,9.445867630188484,20.689559062266344,8.24083817282084,20.689559062266344,4.3050607181981615,20.689559062266344,6291205.0,6192868.0,8252853.174603174,67491229.22449589,0.0457596082280993,0.6749999182564872,0.0500741796126578,-0.5049817531240047,-0.4740750922238497,3.786827010815261,7.273683492781695,14.220000267028809,13.699999809265137,6317100.0,False,True,False,0.1927092096654072,1.108379015544418,-0.1728558118174357,0.8074659710135431,0.0819975689738041,1.0089317830880244,0.7623066673911235,23.0,83.0,83.0,22.0,22.0,60.0,60.0,74.0,66.0,59.0,69.0,65.38461538461539,SBSW
2026-04-20,12.800000190734863,12.829999923706056,12.109999656677246,12.130000114440918,1291900.0,0.0372771501182278,12.046428822877209,11.935881483318084,11.777999954223633,11.914333279927572,12.047599983215331,14.60419994354248,17.271574964523314,10.94499969482422,13.149999618530272,10.94499969482422,17.434999465942383,10.94499969482422,19.57999992370605,10.94499969482422,23.020000457763672,10.94499969482422,23.020000457763672,10.94499969482422,27.6299991607666,1320007.5,1426906.0,1189048.8095238097,14790947.260451317,0.0477789488447237,0.6086430549621582,0.0475502379603648,1.3133959501075056,0.7557796550813723,-8.976176993219754,-8.266288527071044,12.5,11.649999618530272,2544100.0,False,False,False,0.0491803599057487,0.974998335736084,-0.2376414834559382,0.7442215862923126,-0.3697685609396964,0.5876727894798425,1.1101373546882711,58.0,46.0,46.0,16.0,16.0,17.0,17.0,50.0,43.0,37.0,31.0,69.23076923076923,SDGR
2026-04-20,89.33999633789062,90.875,88.6050033569336,90.6500015258789,4192500.0,-0.02178917610059,87.61744789204838,86.85275847419048,83.89440002441407,84.52033335367838,93.17019989013671,110.11199974060058,139.01025005340577,77.2699966430664,93.44000244140624,77.05000305175781,130.19000244140625,77.05000305175781,148.25999450683594,77.05000305175781,164.02999877929688,77.05000305175781,196.44900512695312,77.05000305175781,199.3000030517578,5451547.5,5409942.0,4725052.777777778,294041201.9564438,0.0409350524366083,4.125641414097378,0.0461791088337847,-0.8902239618311187,-0.4823505713230879,-10.825018695631574,-10.078921531818958,93.44000244140624,89.47000122070312,3792300.0,False,False,True,0.1032352758014703,1.0252313128777997,-0.2642069042565638,0.7182881715278411,-0.4507224119863819,0.5121856390217879,1.1537537793522588,63.0,63.0,63.0,14.0,14.0,13.0,13.0,46.0,40.0,34.0,28.0,57.692307692307686,SE
2026-04-20,64.98999786376953,66.0199966430664,62.90999984741211,64.51000213623047,1376700.0,-0.0096008054928847,63.42040665562604,61.24779842709588,60.981600036621096,59.61933339436849,56.28489967346192,53.32453540802002,45.5074525642395,46.57669731470769,70.16999816894531,44.50174788083661,70.16999816894531,40.28201063943731,70.16999816894531,38.32232721241007,70.16999816894531,29.75283002248994,70.16999816894531,16.805555460869193,70.16999816894531,2689045.0,2770122.0,2566288.492063492,132764708.4129715,0.0703014459768809,4.096142905099051,0.0630272817316487,2.4538793208017564,-0.1538044197696919,1.6528134970993378,4.036568617122156,68.49700164794922,63.27000045776367,1658900.0,False,True,True,-0.0135094023490152,0.9167410367988674,0.1455616586175103,1.118308113926214,0.205495110052563,1.1240897075607692,1.0478342588201384,51.0,20.0,20.0,79.0,79.0,73.0,73.0,84.0,83.0,86.0,84.0,50.0,SEI
2026-04-20,9.989999771118164,10.045000076293944,9.359999656677246,9.489999771118164,3924000.0,0.0438871567071308,9.153009301315585,9.031275147402289,8.89559995651245,9.030833260218303,9.351499967575071,10.595450015068057,11.110225007534028,7.659999847412109,11.600000381469728,7.659999847412109,13.289999961853027,7.659999847412109,16.079999923706055,7.659999847412109,16.079999923706055,7.659999847412109,18.63999938964844,5.010000228881836,18.63999938964844,3911652.5,3839070.0,6926507.936507937,28485405.96703768,0.0609735234883941,0.5564286708831787,0.0556985669300869,1.2258447458347317,0.7548138661282672,-0.4695167965793851,-0.19005344189479,9.845000267028809,9.449999809265137,3948000.0,False,False,False,0.0941949228803387,1.0168301557560997,-0.3265925348547551,0.6573867295447388,-0.3529792718511096,0.6033283213060311,0.5647365939455049,14.0,60.0,60.0,10.0,10.0,17.0,17.0,76.0,68.0,62.0,55.0,73.07692307692307,SERV
2026-04-20,6.96999979019165,7.014999866485596,6.78000020980835,6.889999866485596,3959800.0,0.0145560271176672,6.31121260997787,5.9856090397045305,5.66399995803833,5.655666621526082,5.62819995880127,6.26749997138977,7.78104996919632,4.489999771118164,7.014999866485596,4.489999771118164,7.190000057220459,4.489999771118164,8.260000228881836,4.489999771118164,8.260000228881836,4.489999771118164,9.137999534606934,4.489999771118164,21.040000915527344,4377142.5,4285534.0,5340292.857142857,24042404.32518959,0.065652269885633,0.4170713765280587,0.059838075908549,3.984195071890204,0.2397668846637832,-2.695004247444279,-0.357483246125571,7.014999866485596,6.650000095367432,5568200.0,False,True,False,0.3052433691062393,1.2129564765427605,-0.1254705177320906,0.853723942775947,-0.0542740979075453,0.8818623517016163,0.8196446556569262,27.0,92.0,92.0,27.0,27.0,38.0,38.0,91.0,87.0,83.0,78.0,100.0,SG
2026-04-20,12.100000381469728,12.119999885559082,11.210000038146973,11.25,3727200.0,0.0717449444068689,11.11709484190812,10.899021491720628,10.756000022888184,10.761581230163577,10.436517810821533,10.599067859649658,11.278592104911803,10.029999732971191,12.119999885559082,8.420578166054385,12.119999885559082,8.420578166054385,12.182963659144812,8.420578166054385,12.750308133838288,8.420578166054385,14.31299167790993,7.255783401381561,14.31299167790993,2942502.5,3100268.0,2326521.4285714286,33484613.39290142,0.0499702305747082,0.5652856145586286,0.0467178179121649,3.411772675163674,1.4329047100360806,-4.873579535541234,-3.161714715732085,11.380000114440918,11.029999732971191,7221400.0,False,False,False,0.1350844798001758,1.054828627200426,0.2230029353373672,1.1939070198926864,-0.0655920190920804,0.8713087139403108,1.2647648389840136,72.0,72.0,72.0,86.0,86.0,37.0,37.0,60.0,81.0,76.0,70.0,100.0,SGHC
2026-04-20,84.54000091552734,85.16000366210938,83.69000244140625,84.27999877929688,1888600.0,-0.0055287755427877,80.2884616694822,78.84691636304436,76.28360046386719,76.65066706339518,81.93107055664062,86.61027503967286,83.7721166229248,69.30000305175781,86.41999816894531,69.30000305175781,98.364628016016,69.30000305175781,98.364628016016,69.30000305175781,98.364628016016,69.30000305175781,98.364628016016,55.70614254381071,98.364628016016,2746402.5,2731770.0,2310632.936507937,249765461.4155197,0.0448109749738718,4.017143794468471,0.0475176691621096,0.6701294857947624,-0.1169988540988519,-4.655549169143495,-1.434352719294841,86.41999816894531,80.72000122070312,3889900.0,True,True,False,0.1399675935927904,1.0593664817037614,-0.0988519759326856,0.8797092147612917,-0.0017852117408683,0.93080673663464,1.1885931584402336,66.0,73.0,73.0,30.0,30.0,45.0,45.0,63.0,55.0,49.0,41.0,96.15384615384616,SGI
2026-04-20,21.690000534057617,21.81999969482422,19.690000534057617,20.040000915527344,5659000.0,0.099898645501931,17.842837910434252,15.806345496725967,13.68060001373291,13.441499996185303,13.358800010681152,12.936000003814698,9.603875000476837,8.925000190734863,21.81999969482422,8.925000190734863,21.81999969482422,8.925000190734863,21.81999969482422,4.614999771118164,21.81999969482422,4.614999771118164,21.81999969482422,4.25,21.81999969482422,4427602.5,3974686.0,3900915.873015873,75846090.9882927,0.1125079803473025,1.7680000577654158,0.0815122182680126,7.650986351058415,1.1142540477023624,3.830666697483904,7.311542385154329,20.149999618530277,18.989999771118164,4752900.0,False,False,False,1.1931243459158876,2.0380600600666674,0.7677261389451353,1.725670957569866,2.199115024020144,2.98308325087048,1.135016145984439,61.0,99.0,99.0,97.0,97.0,99.0,99.0,99.0,98.0,97.0,99.0,100.0,SGML
2026-04-20,104.69000244140624,104.91000366210938,102.25499725341795,102.9499969482422,961600.0,0.0092547869797063,99.78671697095432,96.58538573622413,92.98840118408204,92.73633422851564,93.27340057373048,90.42600044250489,98.00500003814696,79.90799713134766,106.1999969482422,79.90799713134766,107.45999908447266,76.51000213623047,107.45999908447266,76.51000213623047,107.45999908447266,76.51000213623047,107.45999908447266,76.51000213623047,144.64999389648438,1374065.0,1345070.0,1424110.3174603174,106992484.06520844,0.0411502694314989,4.244072505405971,0.0405394250304018,3.0192665857670766,0.2261976163813974,0.7461060879587933,2.5613976229605373,106.1999969482422,102.87000274658205,1490300.0,False,False,False,0.1874999783649211,1.1035381015866934,0.0561945070670035,1.0310670562794215,0.1225605837803787,1.046755634111126,0.9648585388036752,41.0,82.0,82.0,66.0,66.0,64.0,64.0,77.0,69.0,70.0,63.0,96.15384615384616,SHAK
2026-04-20,7.079999923706055,7.335000038146973,7.045000076293945,7.21999979019165,3960800.0,-0.0111731739400762,6.969213458284888,6.870277589440076,6.649999923706055,6.559666601816813,7.301899900436402,8.111049966812134,7.740999989509582,5.429999828338623,7.639999866485596,5.429999828338623,11.154999732971191,5.429999828338623,11.154999732971191,5.429999828338623,11.359999656677246,5.429999828338623,11.359999656677246,2.9200000762939453,11.359999656677246,5946827.5,5543944.0,5698347.222222222,35195833.13604355,0.0629082420509903,0.4440714631761823,0.0627219587516226,-0.4845089112228044,-0.180151012483131,-1.9580519526709452,0.2967884041438482,7.400000095367432,7.025000095367432,16918200.0,True,False,True,0.1721854252353278,1.0893063599486432,-0.2362460006378404,0.7455838698032733,-0.301085898941591,0.651717407161103,1.0436056751348466,51.0,80.0,80.0,16.0,16.0,20.0,20.0,76.0,68.0,62.0,55.0,50.0,SHLS
2026-04-20,135.13999938964844,135.3300018310547,129.55999755859375,130.0500030517578,5696100.0,0.0304232228658229,124.28459756124764,122.0555994654597,119.99079986572264,121.3759999593099,121.26599975585935,138.13239967346192,141.54659980773926,108.947998046875,135.3300018310547,104.91999816894533,144.13999938964844,104.91999816894533,172.97999572753906,104.91999816894533,182.19000244140625,104.91999816894533,182.19000244140625,80.3499984741211,182.19000244140625,8867515.0,11582978.0,9631467.857142856,979477015.4909134,0.0484143363483573,6.443001883370536,0.0476764977983569,2.39970734862195,0.6192774059964679,-6.549296257271211,-5.395351285148279,133.32000732421875,129.8249969482422,8838100.0,False,False,False,0.1043556129479867,1.0262724368780762,-0.1326615653220337,0.8467039741806572,-0.1368717310601763,0.8048424214493034,0.9206815753866326,37.0,64.0,64.0,26.0,26.0,31.0,31.0,67.0,66.0,60.0,52.0,96.15384615384616,SHOP
2026-04-20,4.340000152587891,4.857999801635742,4.050000190734863,4.855000019073486,45442800.0,-0.1887850037474053,4.542512699722197,3.904243314276885,3.324799976348877,3.1109999815622964,2.723199985027313,2.534919989705086,1.88723999530077,1.8200000524520876,5.989999771118164,1.7999999523162842,5.989999771118164,0.7310000061988831,5.989999771118164,0.628000020980835,5.989999771118164,0.628000020980835,5.989999771118164,0.628000020980835,5.989999771118164,17831215.0,15533606.0,12989341.26984127,121770019.79433537,0.226829272322889,0.8830713714872088,0.2034726590874988,2.9179023164762925,-1.1437351324657992,8.770322052474448,9.252839780616805,5.860000133514404,5.25,25038900.0,False,False,True,0.8951966047527964,1.7611972222703904,0.2878339169046844,1.257195636594495,2.500000096136523,3.263649973957357,1.3727574500949191,78.0,99.0,99.0,89.0,89.0,99.0,99.0,98.0,98.0,99.0,99.0,76.92307692307693,SIDU
2026-04-20,9.130000114440918,10.029999732971191,8.720000267028809,9.329999923706056,2978400.0,0.1398252001942115,8.577708377507276,7.068129781773468,5.543400011062622,5.087500007947286,4.248500003814697,3.565210007429123,3.80964499771595,1.850000023841858,19.450000762939453,1.850000023841858,19.450000762939453,1.6640000343322754,19.450000762939453,1.6640000343322754,19.450000762939453,1.6640000343322754,19.450000762939453,1.6640000343322754,19.450000762939453,10487164.75,8432614.86,2112668.2182539683,139289518.58603597,0.336426912187532,3.0625714233943397,0.3354404583796523,3.4253285756341167,0.3657057193845793,4.701291037127261,5.251437347810514,9.880000114440918,7.519999980926514,1235400.0,False,True,True,1.7011833743535545,2.510196907183131,2.0032895490155664,2.931839631563041,1.2916667140431837,2.1369136589058653,4.963943064693424,98.0,99.0,99.0,99.0,99.0,98.0,98.0,99.0,99.0,99.0,99.0,80.76923076923077,SKYQ
2026-04-20,33.41999816894531,33.790000915527344,32.439998626708984,32.439998626708984,916700.0,0.0161142836464656,31.111540903070097,29.98898372326154,28.94200019836426,28.80500017801921,28.97200004577637,26.31699993133545,20.06949995994568,25.799999237060547,33.790000915527344,25.799999237060547,34.13999938964844,14.8100004196167,36.26800155639648,12.800000190734863,36.26800155639648,10.59000015258789,36.26800155639648,6.340000152587891,36.26800155639648,1117415.0,1153406.0,1537754.365079365,35005039.26117897,0.0430863195357873,1.311286245073591,0.0392365744140605,3.912866530901184,0.4041823677233271,7.22918931036865,7.692656837321835,32.9900016784668,32.05899810791016,704800.0,False,False,False,0.2069338217541751,1.1215978801391442,0.0096676649418703,0.9856471134308692,1.0144664172129074,1.8784323112825496,0.7266537656307216,21.0,84.0,84.0,52.0,52.0,96.0,96.0,75.0,67.0,96.0,96.0,100.0,SKYT
2026-04-20,3.400000095367432,3.400000095367432,3.2300000190734863,3.275000095367432,4978200.0,0.0089021397113111,3.184696826121033,3.145095772585504,3.0688000106811524,3.0923333485921223,3.291199998855591,4.113200006484985,4.378500014543533,2.75,3.7799999713897705,2.75,5.579999923706055,2.75,6.03000020980835,2.75,8.859999656677246,2.75,8.859999656677246,1.059999942779541,8.859999656677246,4653507.5,4623230.0,8643596.42857143,15005527.00749278,0.0572436163334191,0.2060714108603341,0.0606092367882902,0.5454264453262562,0.1455816199010856,-7.541358856721736,-5.717098257735944,3.490000009536743,3.289999961853028,8431800.0,False,False,False,0.0759493680436571,0.9998746481235088,-0.3928571154876626,0.5926986198910611,-0.4370860733707129,0.524901134720496,0.5383763041756345,13.0,55.0,55.0,7.0,7.0,14.0,14.0,66.0,58.0,51.0,43.0,92.3076923076923,SLDP
2026-04-20,44.08000183105469,44.11000061035156,42.54999923706055,42.970001220703125,1802200.0,0.01848435938821,40.70366100519513,39.38914093714249,38.13362335205078,38.0225777943929,38.31703353881836,41.6061190032959,48.14503158569336,34.171117850555525,44.11000061035156,34.171117850555525,45.73839296086653,34.171117850555525,48.99137717953796,34.171117850555525,52.213826212319184,34.171117850555525,64.1898658665145,34.171117850555525,64.1898658665145,1412357.5,1455182.0,1165781.349206349,52115336.387462616,0.0446800662509121,1.7327139718191964,0.0393083915572455,3.826212423509222,0.4617052004941589,-3.6461599547255057,-5.056273507021852,43.41999816894531,40.97999954223633,2143700.0,False,False,False,0.1312116721094884,1.0512296453691372,-0.076538050612997,0.9014922794709348,-0.1579748008359255,0.785164412525798,1.2115114905222295,68.0,71.0,71.0,33.0,33.0,29.0,29.0,75.0,67.0,60.0,53.0,100.0,SLG
2026-04-20,4.989999771118164,5.46999979019165,4.96999979019165,5.260000228881836,6420600.0,-0.0440613081068805,4.892403255079887,4.837126614770754,4.814800033569336,4.934333372116089,4.722600030899048,3.909100017547608,2.8440000087022783,3.950000047683716,6.139999866485596,3.4600000381469727,6.139999866485596,1.830000042915344,6.139999866485596,1.3899999856948853,6.139999866485596,1.3899999856948853,6.139999866485596,1.2599999904632568,6.139999866485596,7105352.5,6563888.0,4936904.761904762,27187579.49529648,0.0774741526336693,0.3192856652396066,0.0639851061893056,0.8849137031784629,-0.7203581122280693,11.427304088406796,14.55388814396346,5.239999771118164,4.849999904632568,6051500.0,False,False,True,-0.0403846242018708,0.8917660205095554,0.2537687807046287,1.223940928802949,1.3101849874228684,2.1541814191268025,1.4392322401736195,81.0,15.0,15.0,87.0,87.0,98.0,98.0,71.0,82.0,97.0,98.0,46.15384615384615,SLS
2026-04-20,28.809999465942383,28.8799991607666,27.709999084472656,28.06999969482422,22593900.0,0.0087535015642463,26.689115383705545,26.18006951979064,25.17759994506836,26.221666653951008,28.48239997863769,29.974600009918213,38.77010000228882,19.479999542236328,33.06999969482422,19.479999542236328,34.939998626708984,19.479999542236328,35.5,19.479999542236328,54.08000183105469,19.479999542236328,58.77999877929688,19.479999542236328,62.36000061035156,37710772.5,35840940.0,35617173.41269841,947960479.6315956,0.0626898647911236,1.4128567831856864,0.0490405001518965,0.234537203029795,0.1769464555609833,-6.218390023261854,-6.667469445430553,29.1299991607666,28.18000030517578,21872300.0,False,False,False,-0.0643066382172937,0.8695354062664639,-0.1173406861312844,0.861660361191877,-0.4648959995488114,0.4989691740479535,1.058780607406515,53.0,12.0,12.0,28.0,28.0,12.0,12.0,89.0,84.0,79.0,73.0,76.92307692307693,SMCI
2026-04-20,25.1200008392334,25.440000534057617,23.739999771118164,24.5,3371500.0,-0.0011927944235343,22.01344136995016,20.21586805954232,18.73620002746582,18.270500055948894,17.170900058746337,17.195300035476684,19.84695004940033,14.970000267028809,25.479999542236328,13.829999923706056,25.479999542236328,13.829999923706056,25.479999542236328,13.829999923706056,25.479999542236328,13.829999923706056,25.489999771118164,13.829999923706056,36.90999984741211,2628100.0,2518498.0,3539004.365079365,61157943.39858055,0.0667863709312936,1.3585714612688338,0.0540832570016066,8.55977018607708,-0.0220811198763572,4.485352714413613,2.4889375326047625,25.479999542236328,24.059999465942383,4899800.0,False,False,False,0.5979644028327524,1.4849807457960804,0.4741783738018068,1.4391068559213671,0.1433774066603712,1.0661667259922825,0.7426099910846147,22.0,97.0,97.0,95.0,95.0,67.0,67.0,94.0,94.0,91.0,88.0,100.0,SMMT
2026-04-20,12.789999961853027,12.899999618530272,12.010000228881836,12.274999618530272,35210200.0,0.0110672211497679,11.227579453060365,11.1116316258772,10.942799911499025,11.123333263397218,12.268600006103515,15.348999967575072,26.870849976539613,8.850000381469727,13.300000190734863,8.850000381469727,20.924999237060547,8.850000381469727,22.290000915527344,8.850000381469727,45.540000915527344,8.850000381469727,57.41999816894531,8.850000381469727,57.41999816894531,25830760.0,25569094.0,20448156.746031743,325150576.76437855,0.077852503129304,1.025071484701974,0.0801463242970534,0.5302642804515482,0.1365761758200279,-7.705092059159091,-7.695091963446513,13.300000190734863,11.859999656677246,67121900.0,True,False,False,0.0667222857386473,0.9912999642703983,-0.3665180969025661,0.6184110186737805,-0.7315281249849863,0.2503423439525685,1.263231709381963,71.0,52.0,52.0,8.0,8.0,4.0,4.0,87.0,82.0,76.0,70.0,88.46153846153845,SMR
2026-04-20,105.91000366210938,109.19000244140624,105.06999969482422,107.52999877929688,2013900.0,-0.0167114978893614,95.36600867071596,89.9239281040608,84.09520050048827,84.30600051879883,85.94120025634766,81.36820030212402,70.62525007247925,69.16000366210938,110.5500030517578,69.16000366210938,110.5500030517578,66.75,110.5500030517578,60.27999877929688,110.5500030517578,57.5,110.5500030517578,24.049999237060547,110.5500030517578,2441087.5,2211448.0,1914058.3333333333,225634542.90721893,0.0669165586014479,6.131429399762835,0.0578928258686901,4.013524123691189,-0.293568645254711,3.234231939221416,3.985833483071141,110.5500030517578,104.6999969482422,3572000.0,True,False,False,0.3517550188222571,1.256179532175951,0.3655235559039083,1.3330369961645074,0.4969611825033126,1.3958734828850534,1.275346449733768,72.0,93.0,93.0,92.0,92.0,90.0,90.0,91.0,86.0,84.0,86.0,96.15384615384616,SMTC
2026-04-20,121.66000366210938,121.73999786376952,118.06999969482422,118.1500015258789,838500.0,0.0172241238651356,115.33711139570738,112.64782218158848,108.43840026855467,108.22133382161458,114.2234001159668,114.31919990539552,110.088099899292,96.86000061035156,123.54499816894533,96.86000061035156,133.99000549316406,96.86000061035156,133.99000549316406,83.12000274658203,133.99000549316406,83.12000274658203,133.99000549316406,69.19000244140625,133.99000549316406,1948885.0,1942714.0,1731932.5396825396,178959085.99956512,0.0493255034482247,5.823571886335101,0.0478675958494059,1.3601222023766362,0.3537356845928259,3.7363586480212607,5.773460844178303,123.54499816894533,115.88999938964844,1350200.0,True,False,False,0.1935642430870447,1.1091735940506058,-0.0424995592652531,0.9347209763059244,0.2952198793446143,1.207755488395054,1.1252661147859877,60.0,83.0,83.0,38.0,38.0,80.0,80.0,69.0,61.0,55.0,72.0,100.0,SN
2026-04-20,6.0,6.050000190734863,5.809999942779541,5.980000019073486,47457600.0,-0.0049751589990911,5.531270519234267,5.218755942853335,4.85160002708435,4.846666693687439,4.945000014305115,6.284999978542328,7.230399988889694,3.809999942779541,6.210000038146973,3.809999942779541,7.809999942779541,3.809999942779541,9.06999969482422,3.809999942779541,9.130000114440918,3.809999942779541,9.279999732971191,3.809999942779541,10.40999984741211,52169787.5,55046362.0,57859736.50793651,337725831.6819799,0.0675802015183628,0.3674999986376081,0.0612499997729346,3.4832132611510898,-0.081633224270928,-10.320045140970418,-9.31033589949596,6.210000038146973,5.949999809265137,64356300.0,False,True,False,0.3157894901951927,1.222756936886037,-0.2031872731976046,0.7778561118553571,-0.2268041465168152,0.7209830165061519,0.9016596107872696,35.0,92.0,92.0,19.0,19.0,24.0,24.0,92.0,88.0,84.0,79.0,88.46153846153845,SNAP
2026-04-20,913.02001953125,951.469970703125,900.3699951171875,930.969970703125,11303500.0,-0.0086536995924317,869.0005477764588,805.1635300760365,761.0044018554687,738.9533345540365,686.21900390625,511.5980014038086,308.89157598495484,517.0,965.0,454.3299865722656,965.0,199.5,965.0,164.55999755859375,965.0,85.12000274658203,965.0,28.940000534057617,965.0,18550907.5,18856718.0,9930905.15873016,13627213899.169617,0.0765808188981183,62.06355939592634,0.0679761210797876,4.862122259584277,-0.1284162684302654,14.947470806975147,17.382140764838063,930.5,886.0,25655700.0,False,False,False,0.1825305181699525,1.0989200057809003,1.2073884974360864,2.154873505673418,5.32855058219148,5.901192392981978,1.8679976501126971,91.0,81.0,81.0,99.0,99.0,99.0,99.0,96.0,96.0,99.0,99.0,84.61538461538461,SNDK
2026-04-20,19.5,19.645000457763672,19.09000015258789,19.26000022888184,52582100.0,0.0036026605107963,18.083579035420158,17.600971239472038,16.93000003814697,17.144000148773195,18.02840013504028,22.25050004005432,23.88360002040863,14.93000030517578,20.1299991607666,14.93000030517578,26.399999618530277,14.93000030517578,29.86000061035156,14.93000030517578,32.72999954223633,14.93000030517578,32.72999954223633,10.489999771118164,32.72999954223633,66035957.5,64375322.0,66761946.82539683,945349760.1773976,0.044502367659108,0.864642824445452,0.0443406576638693,1.8409009440950783,0.0809579318131898,-9.527393058426696,-8.988018980971523,20.1299991607666,19.38999938964844,73610400.0,False,False,False,0.1416861877695401,1.0609635631267182,-0.2537313193152085,0.7285145365165041,-0.2669173037461976,0.6835786448058392,0.9891257016920804,44.0,74.0,74.0,15.0,15.0,22.0,22.0,76.0,69.0,62.0,55.0,100.0,SOFI
2026-04-20,8.319999694824219,8.350000381469727,7.849999904632568,7.910999774932861,25475700.0,0.0297029422505346,7.443959235154367,7.237077620149861,6.926199970245361,7.061166652043661,7.495300016403198,9.165950002670288,11.836675000190734,5.829999923706055,8.350000381469727,5.829999923706055,10.96500015258789,5.829999923706055,12.737000465393066,5.829999923706055,19.09000015258789,5.829999923706055,22.170000076293945,5.829999923706055,22.170000076293945,26376840.0,25613404.0,38017709.92063492,156828415.40312767,0.0667187366044257,0.5314286776951381,0.0638736414889214,1.7226027163405777,0.451612382227975,-9.179358848332612,-9.423318906582592,8.180000305175781,7.840000152587891,30766700.0,False,False,False,0.2101817737926137,1.1246161865743816,-0.2504505037032632,0.7317172997126484,-0.5992293062092926,0.373707208121715,0.6938040206804622,19.0,85.0,85.0,15.0,15.0,8.0,8.0,86.0,81.0,75.0,69.0,100.0,SOUN
2026-04-20,2.9200000762939453,2.950000047683716,2.859999895095825,2.890000104904175,8227900.0,-0.0034129659506542,2.890472325338169,2.78877407329763,2.6684000301361084,2.6420000235239667,2.610400004386902,2.9642999958992005,3.264299998283386,2.130000114440918,3.319999933242798,2.130000114440918,3.319999933242798,2.130000114440918,4.039999961853027,2.130000114440918,4.570000171661377,2.130000114440918,5.230000019073486,2.130000114440918,6.639999866485596,5689875.0,4996888.0,4687294.444444444,27392266.119459867,0.0953958132649619,0.3204285417284284,0.1097357990946066,1.080800808400049,-0.0312081764293397,-7.373010649344026,-4.658257326933674,3.0899999141693115,2.930000066757202,8904300.0,False,True,True,0.1680000305175781,1.0854168924746512,-0.0580644625406715,0.9195263706778142,-0.3408577450466789,0.6146312983211668,1.2138932314661504,68.0,79.0,79.0,36.0,36.0,18.0,18.0,83.0,76.0,70.0,63.0,65.38461538461539,SPCE
2026-04-20,18.149999618530277,19.940000534057617,18.059999465942383,19.479999542236328,2082400.0,-0.0711361940568034,19.085985484231657,17.235266513560365,15.59799991607666,14.778999932607016,12.61959997177124,11.146799969673156,10.799799978733065,9.199999809265137,23.59000015258789,8.300000190734863,23.59000015258789,6.599999904632568,23.59000015258789,6.599999904632568,23.59000015258789,6.599999904632568,23.59000015258789,6.599999904632568,23.59000015258789,1573650.0,1352666.0,771368.253968254,48423909.77303505,0.1263660286811649,2.5024283954075406,0.137874845619979,3.1785268802061752,-0.555460967254049,8.29410881164713,9.621242868562195,21.799999237060547,19.32999992370605,2480200.0,False,False,True,0.4877049100235628,1.38251712171745,0.4987613652427045,1.4631050044157154,0.5162906611225551,1.413897668787773,2.0400761787958728,92.0,96.0,96.0,95.0,95.0,90.0,90.0,97.0,97.0,97.0,97.0,69.23076923076923,SPIR
2026-04-20,87.4257583618164,89.56147383495399,86.970931742968,87.9992383548188,1377700.0,-0.0042793398895772,85.97329179601607,82.97503508292476,80.49300079345703,79.5859161376953,76.61075134277344,73.70351352691651,58.69296955108643,68.06592452848331,94.38659607893509,64.91180106546224,94.38659607893509,59.47364105367924,94.38659607893509,42.86254826962372,94.38659607893509,40.1236994001325,94.38659607893509,29.02986187079477,94.38659607893509,1386235.0,1351008.0,1402924.603174603,133904968.65451813,0.0478693431014078,4.3180338021048,0.0493908646949835,2.8581857821719447,-0.0870147013883614,6.767201109102773,12.173272323026564,93.2791895757803,86.9808219141496,2128900.0,False,True,True,0.1843020922613212,1.1005663211874075,0.1404617653015676,1.113329549889548,0.9896489911521142,1.8552907713704785,0.9881037062598824,44.0,81.0,81.0,79.0,79.0,96.0,96.0,74.0,74.0,78.0,92.0,65.38461538461539,SQM
2026-04-20,17.40999984741211,17.75,16.90999984741211,17.270000457763672,3669000.0,-0.0005740659493707,17.063814431287994,17.208888222078667,17.4896000289917,17.671000067392985,17.691000003814697,19.438800001144408,23.665475010871887,14.699999809265137,20.36000061035156,14.699999809265137,20.36000061035156,14.699999809265137,24.170000076293945,14.699999809265137,27.44700050354004,14.699999809265137,31.18000030517578,14.699999809265137,32.220001220703125,2438425.0,2391756.0,2248072.222222222,39001124.04738903,0.056954234637246,0.9420713697160992,0.0541109349783327,-0.2935412511003455,-0.0106151499804622,-9.996703545334842,-7.903811382644954,18.6200008392334,17.200000762939453,3193100.0,False,True,True,-0.1157948514375005,0.8216876537558889,-0.082235082889232,0.895930782739714,-0.3530286158999588,0.6032823093919403,1.0846737822282302,55.0,8.0,8.0,32.0,32.0,17.0,17.0,55.0,46.0,40.0,34.0,19.230769230769237,SRAD
2026-04-20,21.420000076293945,21.489999771118164,20.809999465942383,21.3799991607666,2807400.0,-0.0060324438686306,21.577502549156662,21.06248630554756,20.533599853515625,19.988666534423828,19.06079984664917,20.23049988746643,19.60424988746643,16.270000457763672,23.850000381469727,15.529999732971191,24.68000030517578,15.529999732971191,24.68000030517578,15.079999923706056,24.68000030517578,15.079999923706056,25.31999969482422,10.420000076293944,64.80000305175781,3023070.0,2780972.0,6233362.301587301,76428504.19297218,0.0632905260764207,1.132143156869071,0.0528544889279455,2.341756870389229,-0.1148257267447632,-1.2506543132429635,1.9572791247651096,21.75,21.020000457763672,2512100.0,False,True,True,0.2864865205435198,1.195525826073905,0.0137246061072169,0.989607537724751,-0.0822622135279231,0.8557642344711651,0.4849822381141213,12.0,91.0,91.0,54.0,54.0,35.0,35.0,78.0,76.0,71.0,68.0,38.46153846153847,SRPT
2026-04-20,47.79999923706055,49.68999862670898,47.70000076293945,49.65999984741211,1128700.0,-0.0432345854082176,48.96428480145758,47.990116264188366,46.5879997253418,45.95666631062826,46.14939979553223,45.28540000915528,39.73115014076233,38.75,51.625,38.75,51.625,38.75,51.625,27.06999969482422,51.625,27.06999969482422,51.625,27.06999969482422,51.625,1642015.0,1501418.0,1682491.2698412698,85654936.17891312,0.0443633015103173,2.180000032697405,0.0456066959726475,0.784236454652347,-0.9908256032177448,-2.816648131797326,4.595047249403419,50.97999954223633,49.28499984741211,1757600.0,False,False,True,0.0505494337815504,0.976270609599966,0.0629307969654793,1.037643086119942,0.6236412489790275,1.513999021255969,0.9759426568405978,43.0,46.0,46.0,67.0,67.0,92.0,92.0,66.0,57.0,51.0,87.0,30.76923076923077,SRRK
2026-04-20,31.920000076293945,32.099998474121094,30.850000381469727,31.59000015258789,2197100.0,0.0053543331116203,31.67311547977992,30.812066824383383,29.24320022583008,29.33766682942708,29.24180004119873,26.125500011444093,22.595450019836427,22.559999465942383,36.52000045776367,22.450000762939453,36.52000045776367,20.809999465942383,36.52000045776367,18.190000534057617,36.52000045776367,18.190000534057617,36.52000045776367,9.880000114440918,36.52000045776367,4176162.5,4358182.0,3322823.8095238097,123262976.74181938,0.0579210918564672,1.9671429225376675,0.0616272843933545,1.486161058476263,0.0864197889976599,4.217737565394675,6.817189941527077,32.5,31.65999984741211,2543700.0,False,True,True,0.3250311280245015,1.2313451471188908,0.3957148624820035,1.3625100348807857,0.2372093418685954,1.1536623215600446,1.2568112964733094,71.0,92.0,92.0,93.0,93.0,76.0,76.0,86.0,80.0,82.0,86.0,61.53846153846154,SSRM
2026-04-20,2.680000066757202,3.5999999046325684,2.400000095367432,2.450000047683716,11303700.0,0.2465116036653916,2.525436033371516,2.614326313360245,2.4735999965667723,2.4726666609446206,2.81421998500824,3.5075799942016603,5.023289992809295,1.350000023841858,5.800000190734863,1.350000023841858,5.800000190734863,1.350000023841858,5.800000190734863,1.350000023841858,6.599999904632568,1.350000023841858,9.300000190734863,1.350000023841858,15.0,3699652.5,2961156.0,637366.5873015873,25434641.666495204,0.4001627718553424,0.9112857069287982,0.3400319717273191,-0.1402617242295758,0.5815958347201217,-9.07792039381927,-7.444348160199487,2.299000024795532,2.0999999046325684,202100.0,False,False,True,0.774834492505525,1.6493452818306062,-0.3649288625591399,0.6199624442542494,-0.6241234188300784,0.35049416018603,5.804591225378133,99.0,98.0,98.0,8.0,8.0,7.0,7.0,97.0,96.0,94.0,91.0,69.23076923076923,SST
2026-04-20,25.530000686645508,25.790000915527344,25.11000061035156,25.18000030517578,560000.0,0.0179426142068725,24.16099707933092,22.590142654130293,21.00359992980957,20.51766656239828,19.59159984588623,21.151499938964843,23.053449993133544,16.829999923706055,26.920000076293945,15.59000015258789,26.920000076293945,15.59000015258789,27.530000686645508,15.59000015258789,28.399999618530277,15.59000015258789,28.399999618530277,15.59000015258789,30.809999465942383,1466837.5,1437570.0,1296338.492063492,29728504.27564621,0.0550911322735487,1.413571902683803,0.0553690507115116,5.474349610657488,0.3183430302237072,-6.181219591285148,-3.3411858926237192,25.280000686645508,24.15999984741211,895300.0,False,False,False,0.4613624321742104,1.3580371819055854,0.2174535776158577,1.1884896844569557,0.052349564953908,0.9812858674052704,1.131523524897506,60.0,96.0,96.0,85.0,85.0,56.0,56.0,90.0,90.0,87.0,82.0,88.46153846153845,STAA
2026-04-20,55.15999984741211,55.470001220703125,54.29999923706055,54.29999923706055,722300.0,0.0034564057211159,51.9012436785921,50.17716616333255,48.46320022583008,47.9026668548584,49.28529983520508,58.067745513916016,59.56673526763916,43.095001220703125,56.53499984741211,40.58000183105469,75.41782140204636,40.58000183105469,77.33134224876157,40.58000183105469,77.33134224876157,40.58000183105469,77.33134224876157,40.58000183105469,77.33134224876157,1379865.0,1426242.0,805138.4920634921,48326982.95938492,0.0473384670556968,2.543571744646345,0.0461126133372474,2.584928625088316,0.0746975693171971,-1.9630474023900863,-0.3164046918557163,56.53499984741211,54.70000076293945,1097000.0,False,False,False,0.1701315350361416,1.0873976895212143,-0.2724436163618213,0.7102474153537037,-0.0980588370612257,0.8410343348805949,1.7138231665754042,88.0,79.0,79.0,14.0,14.0,34.0,34.0,73.0,75.0,69.0,62.0,96.15384615384616,STEP
2026-04-20,12.72219944000244,12.755244083177262,12.259574435554956,12.474365010114507,5264500.0,0.0198674803062921,12.207128589489471,12.031401508956868,11.73812931060791,11.7137864112854,12.45635528564453,12.565567932128909,13.141247472763062,10.822131552150577,13.06090825215759,10.822131552150577,15.02706609926354,10.822131552150577,15.02706609926354,10.822131552150577,16.224934375231555,10.822131552150577,16.48103235056443,9.772962399387328,16.48103235056443,5373230.0,5262152.0,5620466.26984127,55849865.31991959,0.0459143496300997,0.5771017301225989,0.0453617892758398,0.4704851837325857,0.4294463050297765,-1.794413600603873,-1.6368419613404783,13.06090825215759,12.284357941819058,6432800.0,False,False,False,0.1127167420325336,1.0340423945077064,0.0628019212057704,1.0375172763857503,-0.1279728407344532,0.8131403821298916,0.9560114307298828,40.0,66.0,66.0,67.0,67.0,32.0,32.0,52.0,44.0,38.0,32.0,88.46153846153845,STNE
2026-04-20,6.900000095367432,6.929999828338623,6.710000038146973,6.840000152587891,2168800.0,-0.0028901706222559,6.739216552628023,6.850092437187172,6.65079999923706,6.8473333040873205,7.872399978637695,10.582699995040894,12.90405407467404,5.739999771118164,9.149999618530272,5.739999771118164,16.225000381469727,5.739999771118164,16.6299991607666,5.739999771118164,20.540000915527344,5.739999771118164,27.88999938964844,5.739999771118164,27.88999938964844,4615640.0,4468472.0,4410618.243243244,24882417.474324703,0.067013915758181,0.4323571068899972,0.0626604494078595,-1.9712615056028584,-0.0462580135906085,-7.397138581780711,-6.793903699219287,7.010000228881836,6.78000020980835,2020000.0,False,True,True,-0.0170940008383367,0.9134098864124032,-0.5687499940395355,0.4209903300869291,-0.6132286975139678,0.3606531761754427,1.046483677672815,51.0,19.0,19.0,3.0,3.0,7.0,7.0,59.0,51.0,45.0,37.0,34.61538461538461,STUB
2026-04-20,539.75,553.0,531.6099853515625,550.77001953125,2915800.0,-0.0146052031036056,511.1232248775733,478.4817300380319,451.3198986816406,439.3988301595052,424.36273376464845,369.5077679443359,283.9413374328613,341.40447161248795,553.5700073242188,331.1722971641402,553.5700073242188,273.5140406257972,553.5700073242188,216.72237700981512,553.5700073242188,198.15622206076324,553.5700073242188,71.6959446642523,553.5700073242188,3598242.5,3577612.0,4142643.65079365,1661185330.519104,0.0599401186686532,27.890714372907365,0.051673393928499,5.262034104537173,-0.2868338147613416,9.178315505961155,10.493880301517878,553.5700073242188,537.52001953125,3449100.0,False,False,False,0.24411307852591,1.156148387241281,0.6573936234513353,1.6179633135697071,1.398398818926227,2.236438293692724,0.8685860535724925,31.0,88.0,88.0,97.0,97.0,98.0,98.0,92.0,90.0,93.0,96.0,92.3076923076923,STX
2026-04-20,72.33999633789062,72.37999725341797,70.04000091552734,70.25,1763500.0,0.0104763240447749,68.72400610239886,68.25795089938656,67.36399917602539,68.19199918111165,69.06799937656947,0.0,0.0,61.02999877929688,76.18000030517578,61.02999877929688,76.7699966430664,0.0,0.0,0.0,0.0,0.0,0.0,0.0,0.0,4502477.142857143,4502477.142857143,0.0,213239258.99162287,0.0444415443594174,2.813569477626256,0.0388936911813548,1.2180268269588634,0.2665653028880445,-4.857680901850902,-2.1033733087878588,71.7699966430664,67.98999786376953,3193100.0,False,False,False,0.0957285673459356,1.0182553642890748,0.0,0.0,0.0,0.0,0.0,0.0,61.0,61.0,0.0,0.0,0.0,0.0,55.0,47.0,0.0,0.0,65.38461538461539,SUNB
2026-04-20,12.4399995803833,12.68000030517578,11.890000343322754,12.65999984741211,3997900.0,-0.0311526921690861,12.037088037486216,11.605983783626646,10.943199920654298,11.054999955495198,11.379999980926511,10.365799984931948,7.966699995994568,8.779999732971191,13.449999809265137,8.779999732971191,14.0,7.849999904632568,14.0,5.949999809265137,14.0,5.0,14.0,3.469551969544366,14.0,4819325.0,5084866.0,5971593.650793651,43875305.21139622,0.0577709633789671,0.6724285398210798,0.0540537429664737,1.72320786303452,-0.5948595999673397,9.28583399187335,11.54653383527222,13.449999809265137,12.779999732971191,4011100.0,False,False,False,0.312236306020824,1.2194549796735663,0.0999115047605716,1.0737440024476543,0.6653279691811262,1.552870695417386,0.8070416846530558,26.0,92.0,92.0,74.0,74.0,93.0,93.0,86.0,80.0,84.0,93.0,84.61538461538461,SVM
2026-04-20,65.12999725341797,65.79000091552734,62.310001373291016,63.0,1522700.0,0.0310273728238954,58.60544642377057,56.18194820296486,53.98199981689453,53.35633328755696,54.27319984436035,58.93055000305176,58.02480001449585,45.75,65.79000091552734,45.75,65.79000091552734,45.75,73.97000122070312,45.75,87.87999725341797,45.75,87.87999725341797,19.13999938964844,87.87999725341797,1325407.5,1465206.0,2107822.619047619,73685617.85680771,0.0534704628927698,3.563213893345424,0.0547092590758312,3.656414926142828,0.5500649534772822,-0.9971654665039392,-1.028755317624049,65.44999694824219,61.119998931884766,2373400.0,False,False,False,0.2700857801056093,1.1802846957183588,-0.0338229681772437,0.9431911464988156,-0.0977975474335052,0.8412779799843898,0.62880409766115,17.0,90.0,90.0,40.0,40.0,34.0,34.0,86.0,80.0,75.0,68.0,100.0,SYM
2026-04-20,73.38999938964844,74.68000030517578,72.02999877929688,72.19999694824219,915700.0,0.005204728698801,63.831602066344566,57.176710196886624,52.00240020751953,50.150000127156574,45.76140014648438,39.03755012512207,28.74360006332397,39.0,75.0,30.920000076293945,75.0,28.0,75.0,21.145000457763672,75.0,14.505000114440918,75.0,12.25,75.0,1082152.5,1043504.0,756375.0,82388216.39003754,0.0724350047904553,5.062857491629464,0.0689856592687691,8.751867701189887,0.0750558857416442,12.581125605363775,13.514439115604604,74.5999984741211,70.20999908447266,2126500.0,False,False,False,0.7345780431947055,1.6119351542866451,1.2078819399456049,2.1553552089130465,2.299910078459438,3.077071755944796,1.4307089737233516,80.0,98.0,98.0,99.0,99.0,99.0,99.0,97.0,98.0,97.0,98.0,100.0,SYRE
2026-04-20,6.099999904632568,6.144999980926514,5.644999980926514,5.650000095367432,5472400.0,0.0720562114743443,5.571263242541505,5.456200537537668,5.417199993133545,5.416666666666667,5.198599987030029,6.045299997329712,6.981699995994568,4.960000038146973,6.144999980926514,4.400000095367432,6.505000114440918,4.400000095367432,8.055000305175781,4.400000095367432,9.770000457763672,4.400000095367432,9.770000457763672,4.400000095367432,9.770000457763672,5426110.0,5544562.0,6427764.682539683,23647519.73449945,0.051564173919359,0.2950714656284877,0.0483723721707601,3.5845424430185115,1.3894933776088103,-7.228252643943532,-6.338817240613269,5.929999828338623,5.690000057220459,4129500.0,False,False,False,0.1050724503098101,1.0269385904408763,-0.0286624680194516,0.948228875507083,-0.3237251003261101,0.6306069994526687,0.8441674933650624,29.0,64.0,64.0,41.0,41.0,19.0,19.0,65.0,77.0,71.0,65.0,100.0,TDOC
2026-04-20,71.4800033569336,71.58899688720703,66.31999969482422,67.0,8296000.0,0.0678219412899079,66.14228181913501,67.46232912603571,67.79080047607422,69.29400024414062,74.00760040283203,109.83109992980955,140.31914989471434,56.0099983215332,83.91000366210938,56.0099983215332,140.67999267578125,56.0099983215332,166.47999572753906,56.0099983215332,176.72000122070312,56.0099983215332,176.88999938964844,56.0099983215332,242.0,7314672.5,7552648.0,3767905.952380952,498182072.7416229,0.0667454142780599,4.484213692801339,0.0627338204002248,-0.5444146204676414,1.0124408037947794,-14.770322810766697,-12.698735123158922,70.5,65.91000366210938,23913000.0,False,False,False,-0.0418229917024708,0.8904293524085743,-0.3970476464203371,0.588607784004214,-0.5238792977277994,0.4439689356827417,1.9413097334284135,92.0,15.0,15.0,7.0,7.0,10.0,10.0,73.0,65.0,58.0,50.0,34.61538461538461,TEAM
2026-04-20,56.77999877929688,57.92499923706055,54.84999847412109,54.93999862670898,5827100.0,0.0162878085700619,51.70045994184144,50.14835881486686,48.34819946289063,48.803832880655925,51.08669975280762,59.31919971466064,67.3955498123169,41.72999954223633,58.040000915527344,41.72999954223633,70.16000366210938,41.72999954223633,77.19999694824219,41.72999954223633,93.37999725341795,41.72999954223633,104.31999969482422,39.0099983215332,104.31999969482422,5386627.5,5391694.0,8288835.714285715,270309138.84901047,0.0640793257330381,3.5421431405203685,0.062383642421139,1.7864275937966658,0.2569065707712826,-8.655332083391517,-7.447243608509756,57.56999969482422,54.875,6580400.0,False,False,False,0.1649568490758204,1.082588878384373,-0.192663197767396,0.7881298137173565,-0.376181049512023,0.5816933273120622,0.6498653955363367,18.0,79.0,79.0,20.0,20.0,17.0,17.0,82.0,75.0,69.0,62.0,96.15384615384616,TEM
2026-04-20,19.520000457763672,19.8799991607666,19.299999237060547,19.31999969482422,2300500.0,0.0087855334854021,18.477085199468167,18.46474965977494,18.42480026245117,18.78066698710124,19.562400131225587,21.76630006790161,25.97160001754761,15.729999542236328,21.209999084472656,15.729999542236328,23.350000381469727,15.729999542236328,27.239999771118164,15.729999542236328,30.690000534057617,15.729999542236328,30.959999084472656,15.729999542236328,35.689998626708984,3135440.0,3175318.0,1882406.746031746,59595648.44453812,0.0621954285273818,1.0257139205932615,0.0525468184702478,-0.0412471501888349,0.1657382949386307,-13.623093420579004,-12.002073365286693,19.8700008392334,18.950000762939453,3183100.0,False,True,False,-0.0331847478242386,0.8984568315025553,-0.1175406999469098,0.8614651058154171,-0.3312778314276292,0.6235642937424634,1.665654889204866,87.0,16.0,16.0,28.0,28.0,19.0,19.0,67.0,58.0,52.0,44.0,50.0,TENB
2026-04-20,375.2099914550781,384.9700012207031,373.0,382.7099914550781,1819400.0,-0.0135917066127783,360.0687312508469,342.9010751837328,326.978798828125,321.5566650390625,318.5264636230469,265.76320144653323,196.7070343017578,263.0199890136719,384.9700012207031,224.06632220828408,384.9700012207031,182.0838705626839,384.9700012207031,143.9409904852319,384.9700012207031,110.77992827615913,384.9700012207031,67.9880058400642,384.9700012207031,3189730.0,3234570.0,3490140.0793650798,975374353.0273438,0.0473941757111213,15.455001831054688,0.0411902726020691,4.320327660145154,-0.334520402148769,13.675896495057106,15.55212221992196,381.4700012207031,371.1000061035156,2423200.0,False,False,False,0.2407738063100544,1.1530452173979937,0.6452635588525972,1.6061218299086806,1.6967017888331557,2.5145972803289847,0.9139260681423051,36.0,87.0,87.0,97.0,97.0,98.0,98.0,86.0,91.0,94.0,96.0,80.76923076923077,TER
2026-04-20,7.710000038146973,7.809999942779541,7.429999828338623,7.579999923706055,3493500.0,-0.0025873196477573,7.400895269325693,7.161076698076434,6.714400005340576,6.779666678110758,7.307999992370606,6.75489999294281,5.248450003862381,5.480000019073486,7.960000038146973,5.480000019073486,9.25,5.03000020980835,9.25,3.930000066757202,9.25,3.5299999713897705,9.25,1.8899999856948853,9.25,5354047.5,5458896.0,7427177.777777778,31179727.867274284,0.0507662563937754,0.3942857469831194,0.0511395259445267,1.0756497148916062,-0.0507245850998766,8.098175849224049,10.488194420837278,7.960000038146973,7.650000095367432,4594400.0,False,False,False,0.3067796463597887,1.2143841317131017,0.0936169971001537,1.0675992446016986,0.9037036234677338,1.7751491744275216,0.720872404053581,21.0,92.0,92.0,73.0,73.0,96.0,96.0,85.0,79.0,82.0,91.0,92.3076923076923,TGB
2026-04-20,8.869999885559082,9.005000114440918,8.300000190734863,8.430000305175781,3022400.0,0.0435293983010685,7.880435300410355,7.725716667730045,7.421999969482422,7.543666632970174,8.330599985122682,9.322999987602234,10.4587499833107,6.360000133514404,9.005000114440918,6.360000133514404,11.3100004196167,6.360000133514404,11.859999656677246,6.360000133514404,12.9399995803833,6.360000133514404,14.944000244140623,6.360000133514404,14.944000244140623,3267610.0,3050124.0,2496247.619047619,22345886.83402061,0.0612921122414287,0.4667143140520368,0.0526171724998415,1.2305721276501165,0.7927759539807654,-3.2885497024358203,-4.247673465962622,8.585000038146973,8.100000381469727,4181100.0,False,False,False,0.153446010345692,1.071891910509555,-0.22465033121427,0.756903671845561,-0.2776872900295289,0.673535940666512,1.3090087598147315,75.0,76.0,76.0,17.0,17.0,21.0,21.0,84.0,78.0,72.0,66.0,100.0,TIC
2026-04-20,7.150000095367432,7.230000019073486,6.809999942779541,6.829999923706055,5215800.0,0.042274046094582,6.8225522423192215,6.784672464369469,6.641999950408936,6.721999931335449,7.076199951171875,8.113299994468688,9.734650008678436,5.889999866485596,7.5,5.889999866485596,9.300000190734863,5.889999866485596,15.699999809265137,5.889999866485596,15.699999809265137,5.889999866485596,23.200000762939453,3.5,23.200000762939453,2819867.5,2781782.0,6066308.650793651,20706923.46426487,0.0624964293914345,0.4285714626312256,0.0599400639041812,0.1739962596776779,0.6766665238804401,-8.173594637156823,-7.866198281096502,7.170000076293945,6.860000133514404,3541200.0,False,False,False,0.0735736124897543,0.997666869747464,-0.2441860394782857,0.7378327288730896,-0.5357142680208842,0.4329331644176356,0.4648407561047983,11.0,54.0,54.0,16.0,16.0,10.0,10.0,62.0,54.0,47.0,40.0,61.53846153846154,TLRY
2026-04-20,5.659999847412109,5.730000019073486,5.228000164031982,5.25,5604200.0,0.0639097114247939,5.020493304028472,5.005508832648454,4.903600025177002,5.129000012079874,5.553199996948242,6.350899996757508,6.381524984836578,3.930000066757202,6.534999847412109,3.930000066757202,9.74899959564209,3.930000066757202,10.050000190734863,3.930000066757202,10.050000190734863,3.930000066757202,11.350000381469728,2.220000028610229,11.350000381469728,5497907.5,5441128.0,9672967.063492063,30724287.609455585,0.0811599350734433,0.3712143216814313,0.0655855709697871,0.2932371744539188,0.9159120645202726,-1.823148480698148,-0.8125328575694851,5.570000171661377,5.251999855041504,6978800.0,False,False,False,0.0272231601269303,0.954593614050581,-0.2182320405601387,0.7631692678194292,-0.3486766259242493,0.6073404155578702,0.5683786023370564,15.0,38.0,38.0,18.0,18.0,18.0,18.0,87.0,82.0,76.0,70.0,76.92307692307693,TMC
2026-04-20,21.239999771118164,21.86000061035156,20.78499984741211,20.8799991607666,1718600.0,0.0305676439645605,20.4348326297736,20.703981464744707,21.317800064086917,21.344333330790203,21.69020000457764,21.42560001373291,17.846550040245056,18.07999992370605,26.3799991607666,17.709999084472656,29.649999618530277,17.709999084472656,29.649999618530277,13.234999656677246,29.649999618530277,11.460000038146973,29.649999618530277,9.979999542236328,29.649999618530277,2214315.0,2232658.0,1921657.142857143,34841350.61612129,0.0616975386967915,1.218285424368722,0.0573580714452421,-0.3618658656911599,0.5171195092423007,-4.377423164368407,2.1335912547829468,21.322999954223636,20.354999542236328,1982800.0,False,False,True,-0.1376370079235895,0.8013898412570569,0.0535714251924803,1.02850637897174,0.3891432193662376,1.295336316336723,1.152294522584674,62.0,6.0,6.0,65.0,65.0,86.0,86.0,52.0,50.0,44.0,81.0,46.15384615384615,TNDM
2026-04-20,26.38999938964844,27.15999984741211,26.040000915527344,26.86000061035156,1515700.0,-0.0093843845993909,23.76718202044207,21.889989169742428,21.00879981994629,20.320333162943523,17.31159990310669,13.84814995765686,10.575874969959258,16.110000610351562,27.15999984741211,10.800000190734863,27.15999984741211,8.300000190734863,27.15999984741211,7.119999885559082,27.15999984741211,6.380000114440918,27.15999984741211,1.0299999713897705,27.15999984741211,3590067.5,3372262.0,2909764.6825396824,60782459.87423897,0.06862229860575,1.495000158037458,0.0566502536041693,9.256999170417188,-0.1672240625901901,10.355146952183109,13.620845254271552,26.809999465942383,24.920000076293945,2808300.0,False,False,False,0.3659420189700237,1.2693634441721713,1.028439579198729,1.980181881056141,1.8778625049165707,2.6835244660683166,1.233799943185282,69.0,94.0,94.0,98.0,98.0,98.0,98.0,94.0,98.0,98.0,98.0,96.15384615384616,TNGX
2026-04-20,29.18000030517578,29.43000030517578,28.76499938964844,28.940000534057617,7642700.0,0.0034388026730427,27.78717690838702,27.44640129897246,27.081999740600587,27.31133314768473,27.52359981536865,30.90329984664917,35.86229996681213,24.799999237060547,29.790000915527344,24.350000381469727,34.52000045776367,24.350000381469727,37.43000030517578,24.350000381469727,39.66999816894531,24.350000381469727,42.150001525878906,24.350000381469727,49.65999984741211,10503905.0,11662280.0,8953471.031746032,261602988.44654083,0.0447751175584678,1.252500397818429,0.0429232482768777,1.4020630212942804,0.079840598568994,-7.847600378785156,-6.070477376934087,29.200000762939453,28.670000076293945,8639800.0,False,True,False,0.0649635296141286,0.9896655605397324,-0.1294749431181076,0.8498147848819937,-0.2197861199287732,0.7275271255524854,1.1731656876709209,64.0,51.0,51.0,26.0,26.0,25.0,25.0,52.0,50.0,44.0,37.0,65.38461538461539,TOST
2026-04-20,44.68000030517578,45.31999969482422,44.33000183105469,44.63999938964844,2027200.0,-0.0066696140532159,42.19579167946391,41.49732811723965,40.41459976196289,40.5178332010905,42.918819961547854,52.535149269104,54.64228328704834,36.95000076293945,45.6150016784668,36.95000076293945,62.32672212238506,36.95000076293945,69.4844681133263,36.95000076293945,69.4844681133263,36.95000076293945,69.4844681133263,36.95000076293945,69.4844681133263,3634202.5,4075264.0,2326260.3174603176,118804817.59750366,0.0442567241172167,1.898214885166713,0.0424846658952869,0.9658815041508052,-0.1580428219190785,-5.721885699937813,-3.371632747057171,45.6150016784668,43.63999938964844,4015600.0,True,True,False,0.0868401761571682,1.0099954244850189,-0.3259481050100257,0.6580158280474652,-0.1687531475348592,0.7751139125380672,1.562250996899445,85.0,58.0,58.0,10.0,10.0,29.0,29.0,61.0,52.0,46.0,39.0,96.15384615384616,TPG
2026-04-20,11.479999542236328,11.550000190734863,11.130000114440918,11.3100004196167,3256500.0,0.0079015975593306,11.175266839142676,10.88643639573171,10.471200065612791,10.364333375295002,10.5096000289917,12.3864000415802,14.5826500082016,9.010000228881836,11.729999542236328,9.010000228881836,13.59000015258789,9.010000228881836,15.729999542236328,9.010000228881836,17.530000686645508,9.010000228881836,20.15999984741211,9.010000228881836,20.15999984741211,3922422.5,4165292.0,3164669.4444444445,43944337.564754486,0.0518563376437968,0.512857164655413,0.0446739708280081,2.066854123483948,0.1754858957153194,-9.579440506879076,-7.427500779461994,11.600000381469728,11.239999771118164,2259500.0,False,False,False,0.2357373077907389,1.1483648231951218,-0.1355421857626906,0.8438918852916,-0.2593548682428175,0.6906303995931904,1.2394414547420698,69.0,87.0,87.0,26.0,26.0,23.0,23.0,72.0,64.0,58.0,50.0,61.53846153846154,TRIP
2026-04-20,9.329999923706056,9.380000114440918,9.020000457763672,9.119999885559082,1847200.0,0.0230263202611979,9.233695119256048,8.934749314188249,8.74599998474121,8.42833333015442,7.995894899368286,6.497468667030335,5.279629197120666,6.179999828338623,9.9399995803833,5.92642352510754,9.9399995803833,4.050218983705644,9.9399995803833,2.7976165299450613,9.9399995803833,2.7976165299450613,9.9399995803833,2.7976165299450613,9.9399995803833,3403932.5,3891350.0,3942628.5714285714,28647700.213632584,0.0642327008234053,0.5349999836512974,0.0573419065408507,2.909717420785668,0.392523447783592,12.351894024659403,15.043297279605778,9.5600004196167,8.890000343322754,2822400.0,True,False,True,0.2659430215171963,1.17643484979728,0.6431124602152694,1.6040219070962476,1.5918606810645182,2.416835946260316,0.8633662639863181,31.0,89.0,89.0,96.0,96.0,98.0,98.0,90.0,88.0,96.0,98.0,42.30769230769231,TROX
2026-04-20,77.75,78.66000366210938,76.62999725341797,77.70999908447266,2491100.0,-0.0063897763578274,73.9065951451004,72.5433632718353,70.93560089111328,71.17066752115885,72.82028076171875,78.04503105163575,82.27112075805664,65.43499755859375,78.8499984741211,65.12517641252911,85.63558791505068,65.12517641252911,88.96996971140277,65.12517641252911,88.96996971140277,65.12517641252911,95.2084060264498,65.12517641252911,98.949824674086,2401070.0,2697366.0,2567471.031746032,146763553.84731293,0.0403292050782517,2.8785002572195872,0.0370225113468757,1.8285378804321444,-0.1737015651626038,-6.466716195727518,-3.0960213917293835,78.8499984741211,76.6500015258789,1803000.0,False,True,False,0.0842281549663996,1.0075680855724454,-0.0967164252659744,0.881793959497918,-0.003930968679119,0.9288058796679872,0.935188740325195,38.0,57.0,57.0,30.0,30.0,44.0,44.0,56.0,49.0,43.0,36.0,88.46153846153845,TRU
2026-04-20,15.399999618530272,16.1200008392334,15.050000190734863,15.220000267028809,3871100.0,0.0111621852530261,14.047749231775695,13.216731626434424,12.36959991455078,12.22833325068156,11.917999954223632,11.929799947738648,10.333024971485138,10.25,16.1200008392334,9.81999969482422,16.1200008392334,9.81999969482422,16.1200008392334,9.81999969482422,16.1200008392334,7.644999980926514,16.1200008392334,5.380000114440918,16.1200008392334,1501637.5,1451184.0,1813577.7777777775,22361831.903066635,0.0742659136134455,0.957714285169329,0.0621892408371845,4.697968388723537,0.1775060463506487,0.9057267593224037,2.549455253259848,15.760000228881836,13.81999969482422,7258600.0,False,True,False,0.4392523264528849,1.337490365452428,0.469465676641057,1.4345062764294665,0.4487299579243919,1.350899245594408,0.8279972981583366,28.0,96.0,96.0,95.0,95.0,88.0,88.0,90.0,88.0,84.0,79.0,100.0,TRVI
2026-04-20,224.4900054931641,228.72999572753903,217.66000366210935,224.41000366210935,2221200.0,-0.0086552946853256,210.69648805829212,195.25401626434308,186.09040161132813,174.90966796875,156.49040100097656,139.03220039367676,102.28185020446776,108.43000030517578,228.72999572753903,108.43000030517578,228.72999572753903,108.43000030517578,228.72999572753903,77.04000091552734,228.72999572753903,64.83000183105469,228.72999572753903,34.38999938964844,228.72999572753903,3030880.0,2946146.0,1548278.5714285714,631995715.8558655,0.0738637020679324,13.829998561314174,0.0616062997144668,7.053319533383388,-0.1417202934901737,8.563670022120053,11.63058865361726,227.22999572753903,215.1199951171875,2254300.0,False,True,False,0.3516979950513674,1.2561265402559347,0.7291073120779019,1.687970893927671,2.0,2.797414186553828,1.957580538755023,92.0,93.0,93.0,97.0,97.0,99.0,99.0,98.0,96.0,95.0,97.0,96.15384615384616,TSEM
2026-04-20,6.460000038146973,6.699999809265137,6.275000095367432,6.480000019073486,3058500.0,0.0046656626141934,5.477096538184983,5.06747841358863,4.7292000198364255,4.700166686375936,4.670900030136108,4.868250012397766,4.181950016021728,4.03000020980835,6.699999809265137,4.03000020980835,6.699999809265137,4.03000020980835,6.699999809265137,3.693000078201294,6.699999809265137,2.7109999656677246,6.699999809265137,1.1299999952316284,6.699999809265137,3020272.5,2886418.0,4034309.523809524,16150926.69957161,0.076531219412256,0.3934285981314523,0.0609022594130364,6.289275807346142,0.0762532514180017,1.4799943321301765,1.6013759328638566,6.5,5.920000076293945,6165300.0,False,True,False,0.416666692809055,1.3165016431547123,0.416666692809055,1.3829634095901169,0.2716535699146536,1.1857805789536906,0.7486466970803997,22.0,95.0,95.0,94.0,94.0,79.0,79.0,93.0,89.0,85.0,86.0,100.0,TSHA
2026-04-20,14.640000343322754,15.09000015258789,14.390000343322754,14.600000381469728,1356700.0,-0.0181086188365199,14.12525193897433,13.388298408309392,12.98319995880127,12.741333262125652,11.154199981689452,10.03649998664856,14.222299995422365,8.649999618530273,15.460000038146973,7.420000076293945,15.460000038146973,6.869999885559082,15.460000038146973,6.869999885559082,21.770000457763672,6.869999885559082,21.770000457763672,6.5,31.940000534057617,1842662.5,1605512.0,2224909.9206349207,22314164.50792789,0.0950153257087014,1.1999999455043249,0.0819672074701583,3.812623712171533,-0.2249995969590503,4.900991918044344,4.868588709850506,15.460000038146973,14.600000381469728,1891300.0,False,True,True,0.3418882262216909,1.2470103685771687,0.214937768596827,1.1860337279242743,-0.145857592494171,0.7964633626980155,0.8281964509709953,28.0,93.0,93.0,85.0,85.0,30.0,30.0,95.0,95.0,95.0,93.0,80.76923076923077,TSSI
2026-04-20,66.27999877929688,66.4800033569336,63.875,64.30000305175781,1410300.0,0.0306328921705871,62.31055326552788,63.24086347359362,63.43079971313477,65.64266649881999,66.63699996948242,81.5649496459961,92.802449760437,55.22999954223633,82.47000122070312,55.22999954223633,95.0,55.22999954223633,111.36000061035156,55.22999954223633,111.36000061035156,55.22999954223633,119.5999984741211,55.22999954223633,131.3300018310547,1277832.5,1383242.0,1157685.7142857143,63335502.13069916,0.0560109853174382,3.347500392368861,0.0505054383527611,-0.1060757430053616,0.5884991754426807,-7.176669089967968,-5.336733098638032,65.38999938964844,63.150001525878906,1305800.0,False,False,False,-0.0325500406860196,0.8990466618378267,-0.2698832378216271,0.7127468810740188,-0.2849282874795951,0.666783917669307,1.1037818677657394,58.0,17.0,17.0,14.0,14.0,21.0,21.0,59.0,50.0,44.0,37.0,30.76923076923077,TTAN
2026-04-20,24.049999237060547,24.315000534057617,22.25,22.270000457763672,21010700.0,0.070315975611402,22.249042507670584,22.51341551958211,22.44359992980957,23.281833267211915,24.33090000152588,30.39115009307861,43.96892496109009,19.739999771118164,28.965999603271484,19.739999771118164,36.69499969482422,19.739999771118164,40.900001525878906,19.739999771118164,54.04499816894531,19.739999771118164,56.38999938964844,19.739999771118164,91.4499969482422,21864847.5,20319534.0,14792007.142857144,404505890.4948712,0.0584821379290008,1.2739289147513253,0.0529700189257481,-0.2179538872816884,1.240257525683429,-14.415402059148676,-13.83522874741374,23.420000076293945,22.299999237060547,19586700.0,False,False,False,0.0229689069724179,0.9506401567576688,-0.3221533385751374,0.6617203148925573,-0.518036102171503,0.4494175483974057,1.4781528489565552,82.0,37.0,37.0,10.0,10.0,11.0,11.0,63.0,54.0,48.0,41.0,57.692307692307686,TTD
2026-04-20,8.970000267028809,9.170000076293944,8.770000457763672,8.8100004196167,1697400.0,0.0181611622918709,8.608184507976192,8.580466588357652,8.387200012207032,8.393000030517578,9.148800010681152,9.480699977874757,7.413399991989135,7.519999980926514,9.170000076293944,7.519999980926514,12.539999961853027,7.519999980926514,12.539999961853027,6.699999809265137,12.539999961853027,4.71999979019165,12.539999961853027,2.309999942779541,12.539999961853027,1923775.0,1804900.0,1976867.0634920637,14686339.142918589,0.0543941317887759,0.458571263722011,0.0511227703534847,-0.3822859856163337,0.3489094500023062,1.624599496046879,4.92281549867706,8.8100004196167,8.220000267028809,3543700.0,False,False,False,0.1006135812122173,1.0227949845218631,-0.2247190575950064,0.7568365805033882,0.2669492039109269,1.1813938922211684,0.9731433314497748,42.0,63.0,63.0,17.0,17.0,78.0,78.0,57.0,48.0,42.0,60.0,61.53846153846154,TTI
2026-04-20,125.80999755859376,130.99000549316406,124.0,126.2699966430664,1629800.0,-0.0034062128679676,116.83604836857263,110.5858981937945,105.02919952392578,103.185999806722,101.96800003051756,90.98829978942872,71.64164987564087,85.87999725341797,130.99000549316406,81.80000305175781,130.99000549316406,61.380001068115234,130.99000549316406,55.43999862670898,130.99000549316406,46.0099983215332,130.99000549316406,17.93000030517578,130.99000549316406,1780905.0,1840204.0,2126386.111111111,185758186.77856445,0.0753752065661499,7.570714678083148,0.0601757795484991,3.885590353630126,-0.0567978484806211,6.377205763774221,7.923062194720804,126.3499984741211,118.91999816894533,1672400.0,False,True,False,0.2959414419618262,1.2043122397351294,0.245520195009163,1.215888581517874,1.152437911315893,2.007086782930456,0.837526632954452,29.0,91.0,91.0,87.0,87.0,97.0,97.0,88.0,86.0,94.0,94.0,88.46153846153845,TTMI
2026-04-20,40.290000915527344,40.872501373291016,39.29999923706055,40.77000045776367,1448700.0,-0.0117733514065959,36.805048698509566,33.9921715376318,31.35080017089844,30.84000002543132,30.22479995727539,32.06214994430542,27.650124921798707,26.149999618530277,43.310001373291016,26.149999618530277,43.310001373291016,22.59000015258789,43.310001373291016,22.59000015258789,43.310001373291016,22.05500030517578,43.310001373291016,13.880000114440918,43.310001373291016,1941955.0,1858270.0,1940526.1904761903,93087271.66633606,0.0600727318737461,2.991007668631417,0.0742369719698545,4.485788217322553,-0.1604808798286897,-1.4816445014027648,0.9449904574802556,40.880001068115234,38.66999816894531,2057400.0,True,True,False,0.4534632724942775,1.3506965302541,0.4456404629457333,1.4112478777295128,0.4645583635156864,1.3656587810449463,1.0007363000462564,46.0,96.0,96.0,94.0,94.0,88.0,88.0,91.0,87.0,91.0,87.0,88.46153846153845,TVTX
2026-04-20,8.420000076293945,8.460000038146973,8.069999694824219,8.119999885559082,621800.0,0.0343980001426995,8.076166187067015,7.967686096567689,7.540399932861328,7.627999925613404,8.71460000038147,8.629300012588502,8.517950010299682,6.429999828338623,8.760000228881836,6.429999828338623,11.699999809265137,6.429999828338623,11.699999809265137,6.429999828338623,11.699999809265137,6.429999828338623,11.699999809265137,6.03000020980835,11.699999809265137,1296140.0,1154686.0,692586.5079365079,12472700.965337751,0.0517146884309542,0.4578571660178048,0.0543773351388531,-0.621680510259947,0.6115438476293346,-0.3704230732975775,2.7893261837474723,8.279999732971191,7.940000057220459,672000.0,False,False,False,0.17597768934831,1.0928304930149173,-0.0936490731034995,0.8847883376579766,0.1393775681214157,1.0624369909680162,1.871448526858716,91.0,80.0,80.0,31.0,31.0,67.0,67.0,77.0,69.0,63.0,56.0,76.92307692307693,TWI
2026-04-20,145.6199951171875,145.66000366210938,138.0,139.41000366210938,2062200.0,0.0393262042882958,133.5139626837639,130.07420580652084,128.0800003051758,127.68333384195964,123.26760040283204,126.98210037231443,120.52355033874512,112.98999786376952,145.66000366210938,105.0,145.66000366210938,105.0,145.89999389648438,105.0,145.89999389648438,98.44000244140624,145.89999389648438,80.9000015258789,145.89999389648438,2038405.0,2331526.0,2703920.238095238,271598491.72309875,0.0515929450560816,7.208284105573382,0.049500647900534,3.663230384260715,0.7643975218146103,-0.8200741918305159,1.072125805673272,140.37600708007812,137.24000549316406,1814600.0,False,False,False,0.1434628728855389,1.06261462818419,0.222978042247508,1.1938827190231864,0.3707991199802869,1.2782309683827855,0.7538702404313314,23.0,74.0,74.0,86.0,86.0,84.0,84.0,74.0,77.0,72.0,65.0,100.0,TWLO
2026-04-20,61.880001068115234,62.09000015258789,58.9900016784668,59.720001220703125,1033400.0,0.0346095911602604,55.35816831059588,52.31173360208128,49.54439971923828,48.84999987284343,48.89200004577637,42.57870002746582,36.44009994506836,41.52000045776367,62.09000015258789,39.65999984741211,62.09000015258789,30.209999084472656,62.09000015258789,23.299999237060547,62.09000015258789,23.299999237060547,62.09000015258789,23.299999237060547,62.09000015258789,1100260.0,1218946.0,1401387.6984126985,65182157.6465416,0.065910991011449,3.705713817051479,0.0598854840511777,4.435912248885467,0.5585967500510477,8.737018820796633,9.732057539736386,61.61000061035156,57.880001068115234,1520500.0,False,False,False,0.381250047364406,1.283589122404715,0.4943250735602789,1.458774254563117,1.0123577583126906,1.8764660471751933,0.7851217769688038,24.0,94.0,94.0,95.0,95.0,96.0,96.0,89.0,88.0,94.0,96.0,100.0,TWST
2026-04-20,24.59000015258789,26.100000381469727,24.540000915527344,25.850000381469727,3602100.0,-0.0571318932314793,24.13447928331657,22.90965624760725,21.46919982910156,21.20966650644938,20.74079990386963,19.72529998779297,16.51345001220703,15.899999618530272,26.44499969482422,15.899999618530272,26.44499969482422,15.18000030517578,26.44499969482422,12.34000015258789,26.44499969482422,11.15999984741211,26.44499969482422,7.25,26.44499969482422,2363695.0,2485808.0,3009200.0,51496403.86470795,0.0533024042233187,1.3682139260428292,0.0556410702542771,3.335412319169752,-1.0890108211568683,2.3116008223243174,7.869691548956081,26.44499969482422,25.63999938964844,2037200.0,False,False,True,0.3378673163966716,1.243273756134394,0.1983430606252423,1.1698338172226057,0.9862681684392196,1.852138250897387,0.7854894988701316,24.0,93.0,93.0,84.0,84.0,96.0,96.0,91.0,87.0,86.0,91.0,84.61538461538461,TXG
2026-04-20,26.530000686645508,26.729999542236328,25.1299991607666,25.684999465942383,8388000.0,0.0235339740955271,24.178431863632184,22.8599684220013,21.387199935913085,21.183333333333334,20.845,31.70990005493164,34.64489998817444,17.020000457763672,26.729999542236328,16.780000686645508,44.33000183105469,16.780000686645508,52.150001525878906,16.780000686645508,52.150001525878906,16.780000686645508,52.150001525878906,16.780000686645508,52.150001525878906,15566980.0,18597540.0,13202773.80952381,346559302.69615173,0.061959463907897,1.4060712541852678,0.0529992920389574,5.145866957380121,0.4338333555542464,-4.652628486126033,-3.060991331468532,26.709999084472656,25.670000076293945,12690000.0,False,False,False,0.385378653531359,1.287425816547608,-0.3521367474391923,0.6324502278888552,-0.2358871038626006,0.7125134185944976,1.179068900564726,65.0,95.0,95.0,9.0,9.0,24.0,24.0,92.0,88.0,84.0,79.0,100.0,U
2026-04-20,6.449999809265137,6.480000019073486,6.239999771118164,6.239999771118164,3988764.0,0.0238094625379332,6.121240073756118,6.068002834275066,5.920400009155274,5.986666679382324,6.463800001144409,5.757199997901917,5.458650002479553,5.300000190734863,6.650000095367432,5.300000190734863,7.906700134277344,4.070000171661377,7.906700134277344,3.950000047683716,7.906700134277344,3.950000047683716,7.906700134277344,3.950000047683716,7.906700134277344,2486772.9,3044912.1,4451087.805555556,15053043.603057051,0.042698703320831,0.2905428068978445,0.0450453977503212,-0.0473965563344679,0.5162737296160755,6.8306612793081705,8.11154542102624,6.5,6.25,4001141.0,False,False,False,0.0858585432881839,1.009083197712446,0.1335676176453211,1.1065994178145182,0.39610388940185,1.3018269420385704,0.5586887989260003,14.0,58.0,58.0,78.0,78.0,86.0,86.0,63.0,54.0,84.0,82.0,88.46153846153845,UA
2026-04-20,6.610000133514404,6.670000076293945,6.440000057220459,6.449999809265137,6117900.0,0.0184900410829391,6.2819478928323065,6.224750367060961,6.068799953460694,6.147666613260905,6.640999984741211,5.933600006103515,5.649900014400482,5.420000076293945,6.889999866485596,5.420000076293945,8.149999618530273,4.260000228881836,8.149999618530273,4.130000114440918,8.149999618530273,4.130000114440918,8.149999618530273,4.130000114440918,8.149999618530273,8863947.5,9744110.0,11626891.26984127,42351315.05935192,0.0434152921224968,0.3007142884390695,0.0454938399947029,-0.1026061836075325,0.3990510827374756,6.529067227671355,7.997863869085393,6.690000057220459,6.380000114440918,9082800.0,True,False,False,0.0818330587682665,1.0053423340273846,0.1435985975048217,1.1163917551218334,0.3886554234614288,1.294881460608638,0.7623660782819903,23.0,57.0,57.0,79.0,79.0,86.0,86.0,63.0,55.0,83.0,80.0,80.76923076923077,UAA
2026-04-20,98.91000366210938,102.2699966430664,98.44000244140624,99.9800033569336,6381800.0,-0.028388991188724,96.47898687491136,95.52341130120764,93.57160003662108,92.95733311971028,99.4568000793457,104.37429985046388,100.46780002593994,84.63999938964844,105.9800033569336,84.63999938964844,118.94000244140624,84.63999938964844,119.20999908447266,84.63999938964844,119.20999908447266,84.63999938964844,119.20999908447266,63.22999954223633,119.20999908447266,8617202.5,8031612.0,6610256.746031746,789971752.9333878,0.045482310660692,5.412857600620815,0.0547250773451784,-0.1004626880111751,-0.5339138035548867,-1.887860161133064,1.0743738369294331,105.9800033569336,100.91000366210938,13120700.0,False,False,True,0.0505576426881106,0.9762782380979252,-0.1284694200026473,0.8507963860470645,0.0073327345228735,0.9393089607114492,1.3036108627963745,74.0,46.0,46.0,26.0,26.0,46.0,46.0,50.0,42.0,36.0,30.0,46.15384615384615,UAL
2026-04-20,10.640000343322754,11.229999542236328,10.399999618530272,10.5,10954200.0,0.0066225781002446,9.806041543675171,9.445476628127096,9.221599922180175,9.35933329264323,9.01039991378784,7.984399938583374,7.089949960708618,7.800000190734863,11.489999771118164,6.880000114440918,11.970000267028809,4.360000133514404,11.970000267028809,4.360000133514404,11.970000267028809,4.360000133514404,19.709999084472656,1.940000057220459,19.709999084472656,12377792.5,11945962.0,10445991.666666666,98342023.3979702,0.0969272479020906,0.9000000953674316,0.0845864723991514,2.138140057702421,0.0777784900900003,2.334968175491661,3.705487735978701,11.43000030517578,10.359999656677246,10971300.0,True,True,False,0.1679473923496892,1.0853679760747172,0.2834741124587945,1.252939554304822,-0.1528662430054711,0.789927996575046,1.1849322587052928,65.0,79.0,79.0,89.0,89.0,30.0,30.0,82.0,87.0,97.0,95.0,84.61538461538461,UAMY
2026-04-20,79.44999694824219,80.44000244140625,78.30000305175781,79.51000213623047,544900.0,-0.0007546872893484,74.59755977630466,69.97895697852798,66.31239959716797,64.51366640726725,61.77379989624024,47.34619993209839,36.44874997138977,48.709999084472656,80.44000244140625,41.869998931884766,80.44000244140625,23.81999969482422,80.44000244140625,21.489999771118164,80.44000244140625,21.489999771118164,80.44000244140625,17.950000762939453,80.44000244140625,1487975.0,1432060.0,741330.9523809524,64208477.568912506,0.0598992080629288,4.123570850917271,0.0519014601549145,5.513215155218476,-0.0145517538458041,19.476640533523188,19.916838132385674,79.58000183105469,76.5999984741211,484700.0,False,True,False,0.2685613219427194,1.1788680239729494,0.8159999302455356,1.772796288707754,1.739655067180765,2.5546499837318506,2.007166968033685,92.0,90.0,90.0,98.0,98.0,98.0,98.0,93.0,95.0,98.0,98.0,96.15384615384616,UCTT
2026-04-20,15.130000114440918,15.18000030517578,14.359999656677246,14.81999969482422,6163000.0,0.0106880323686102,14.41815810610334,14.106538427356108,13.613999938964843,13.667999935150146,14.403200016021728,14.501800041198733,12.954400012493132,11.880000114440918,15.619999885559082,11.880000114440918,20.229999542236328,11.420000076293944,20.34000015258789,10.0,20.34000015258789,10.0,20.34000015258789,4.659999847412109,20.34000015258789,9282465.0,9206794.0,12656238.095238095,108968329.3692112,0.062772167993012,0.8971426827566964,0.059295616389349,0.8510075198547276,0.1783438136289198,2.333897482569081,3.8089385434513945,15.619999885559082,14.65999984741211,10644700.0,False,False,False,0.1393072604419261,1.0587528372363963,-0.1533296360443832,0.8265276082782772,-0.0543749928474426,0.8817682700562096,0.7334300232146015,21.0,73.0,73.0,24.0,24.0,38.0,38.0,72.0,64.0,65.0,75.0,96.15384615384616,UEC
2026-04-20,4.809999942779541,4.849999904632568,4.420000076293945,4.420000076293945,8793400.0,0.0571428002517699,4.140902729793472,3.9566193286657945,3.684399995803833,3.6579999923706055,4.163099999427796,4.593999998569489,4.480474998950959,3.0199999809265137,4.849999904632568,3.0199999809265137,6.659999847412109,3.0199999809265137,6.659999847412109,3.0199999809265137,6.659999847412109,3.0199999809265137,6.659999847412109,2.8910000324249268,6.659999847412109,5139265.0,4885310.0,4165684.523809524,20630614.062634703,0.0657768340625652,0.3025000095367431,0.0628898156206501,2.4708134039787213,0.8595032854473245,3.519932445533053,3.99644610592848,4.760000228881836,4.440000057220459,8435100.0,False,False,False,0.5173501031592793,1.410066259191292,-0.0872865350686586,0.8909995073981664,0.1291079071237677,1.0528608258460432,1.23371440410954,69.0,97.0,97.0,32.0,32.0,65.0,65.0,92.0,89.0,85.0,80.0,100.0,ULCC
2026-04-20,15.4399995803833,16.139999389648438,14.0,14.0600004196167,6037200.0,0.0958125914248098,14.466991107410829,14.472581396931112,14.734799995422364,15.551333332061768,14.751400032043456,13.78750002861023,12.589400005340575,10.640000343322754,23.3799991607666,10.640000343322754,23.3799991607666,8.65999984741211,23.3799991607666,7.244999885559082,23.3799991607666,7.244999885559082,23.3799991607666,4.670000076293945,23.3799991607666,4973120.0,4413438.0,3801255.158730159,65399212.37786293,0.12133105483626,1.5647855486188615,0.1013462170430975,0.4606021391934612,0.8627376633091802,5.155786941352645,6.41688103383532,16.399999618530273,13.619999885559082,7648900.0,True,False,False,-0.1698925127030954,0.771414953544547,-0.1658563268793643,0.8142989343382725,0.2109803592457491,1.1292045455307032,1.3082836569332832,75.0,5.0,5.0,22.0,22.0,73.0,73.0,88.0,82.0,91.0,93.0,53.84615384615385,UMAC
2026-04-20,11.93000030517578,12.0,11.5600004196167,11.59000015258789,3422100.0,0.0257953729821853,10.946009285536164,10.19072980849465,9.444800128936768,9.2266667842865,8.738800077438354,7.965600028038025,7.339343039989472,7.420000076293945,12.0,7.074999809265137,12.0,6.369999885559082,12.0,5.559999942779541,12.0,5.300000190734863,12.0,5.300000190734863,12.0,2383527.5,2186322.0,2248039.6785714286,27310925.230686665,0.0472889008459462,0.5542856625148228,0.0464614960885079,7.859755932809588,0.541237508063526,9.667835421585258,10.12735377281579,11.739999771118164,11.1850004196167,2452400.0,False,False,False,0.5063131553350009,1.399809675889214,0.5885485940860002,1.5507561454844416,1.1265597185827856,1.9829561084391332,1.0602693194075072,53.0,96.0,96.0,96.0,96.0,97.0,97.0,93.0,91.0,92.0,93.0,100.0,UNIT
2026-04-20,34.86000061035156,35.27000045776367,33.959999084472656,34.23500061035156,4181500.0,0.0083888029530634,31.09225471780789,29.482133226135826,27.78080009460449,27.67300008138021,28.913200073242187,37.218149948120114,49.168075008392336,23.96500015258789,35.650001525878906,23.96500015258789,46.09000015258789,23.96500015258789,52.09999847412109,23.96500015258789,54.5,23.96500015258789,71.37999725341797,23.96500015258789,87.30000305175781,4935720.0,5664058.0,6089919.047619048,129818537.89896964,0.0533945771140109,1.8088575090680803,0.0518891990073845,3.963786405253788,0.1603226976550251,-4.008716881889121,-4.718533999939422,35.650001525878906,34.18000030517578,6564400.0,False,False,False,0.3022039601886401,1.2101319682413023,-0.2755610684926055,0.7072041291312582,-0.2704823538418516,0.6802543375680533,0.8104738275510739,26.0,91.0,91.0,14.0,14.0,22.0,22.0,88.0,82.0,77.0,71.0,100.0,UPST
2026-04-20,76.12999725341797,76.86000061035156,72.66999816894531,73.58000183105469,1868700.0,0.0262873677570762,69.78334969364417,67.75953079520824,65.6411996459961,65.44766654968262,66.4976000213623,70.867200050354,70.80709997177124,59.970001220703125,76.86000061035156,59.970001220703125,76.86000061035156,59.970001220703125,84.3499984741211,59.540000915527344,84.3499984741211,59.540000915527344,84.3499984741211,46.81999969482422,84.3499984741211,1815952.5,1682008.0,1943139.6825396824,95260101.49795532,0.0404838728498497,2.926428386143276,0.038439885613051,3.768307426240584,0.6663402246490912,0.0185595138361538,1.2956319194557795,74.38999938964844,70.69999694824219,1740900.0,False,False,False,0.1678170640021796,1.0852468625590843,0.0957109035001329,1.0696433358117037,0.1430930780426365,1.0659015976893178,0.934545527692868,38.0,79.0,79.0,73.0,73.0,67.0,67.0,72.0,63.0,57.0,51.0,100.0,URBN
2026-04-20,1.7100000381469729,1.75,1.5800000429153442,1.6100000143051147,22763700.0,0.0490797810732361,1.600748254904821,1.5606242248515738,1.5028000020980834,1.509666669368744,1.5518000030517578,1.5503999972343443,1.496299998164177,1.2899999618530271,1.75,1.2899999618530271,2.0299999713897705,1.1699999570846558,2.0299999713897705,1.1200000047683716,2.0299999713897705,1.1200000047683716,2.3499999046325684,0.6299999952316284,2.3499999046325684,8103865.0,7691202.0,8381597.619047619,10896943.495864868,0.0651274233578211,0.1014285428183419,0.05931493599746,1.7187264519331409,0.7887330399552713,2.842655301787719,3.958270172449637,1.6699999570846558,1.590000033378601,8764000.0,False,False,False,0.2954545228770293,1.203859748137443,-0.0806451478518838,0.8974828923442096,-0.0228571210588727,0.911157783946653,0.966863999959094,42.0,91.0,91.0,33.0,33.0,41.0,41.0,79.0,71.0,78.0,76.0,96.15384615384616,URG
2026-04-20,22.57999992370605,23.690000534057617,21.270000457763672,21.399999618530277,43419500.0,0.131829526826499,18.459296448055696,17.77424806005917,17.05659999847412,17.529166634877523,18.403200016021728,17.83145007133484,17.598100056648253,13.864999771118164,23.690000534057617,13.864999771118164,32.06999969482422,11.725000381469728,32.06999969482422,11.449999809265137,32.06999969482422,11.449999809265137,43.97999954223633,8.0,43.97999954223633,13367595.0,13837072.0,11114134.523809524,235355563.52646828,0.0859715474269255,1.7124997547694616,0.0758414420086671,2.992566034858746,1.5357661532165618,4.068088309813422,3.1385377646189823,20.8799991607666,19.21999931335449,19893800.0,False,False,False,0.2678270971812899,1.1781857123821051,0.2764273172425282,1.2460604062395513,-0.2088297407369289,0.7377436357473283,1.2027562714274282,67.0,89.0,89.0,89.0,89.0,26.0,26.0,93.0,90.0,93.0,91.0,100.0,USAR
2026-04-20,6.5,6.53000020980835,6.090000152587891,6.460000038146973,6443800.0,-0.0076336166837963,6.104056111694254,6.1292846743337375,5.882800006866455,6.257333342234293,7.0908000278472905,6.54660001039505,4.863425005674362,4.559999942779541,8.829999923706055,4.559999942779541,10.5,4.559999942779541,10.5,3.5199999809265137,10.5,2.690000057220459,10.5,1.25,10.5,6481477.5,6639422.0,3497242.698412698,32627389.882745743,0.0820994877944525,0.4707143306732178,0.0724175893343412,-1.1505386318180244,-0.1062219428572586,6.948929526794704,9.33054192839482,6.980000019073486,6.519999980926514,6626900.0,False,True,False,0.1016948974464724,1.02379984657332,0.0030864168005624,0.9792224368184652,0.3238289617108489,1.2344326393535845,1.8533107533376976,90.0,63.0,63.0,49.0,49.0,82.0,82.0,86.0,81.0,75.0,89.0,73.07692307692307,USAS
2026-04-20,7.619999885559082,7.699999809265137,7.460000038146973,7.550000190734863,1862300.0,0.0066049818710547,7.64911009586157,7.70228330697033,7.579359664916992,7.587766170501709,8.326306056976318,9.18230770111084,10.74375280380249,7.055629829764715,8.518322100378677,7.055629829764715,11.205709030920854,7.055629829764715,11.205709030920854,7.055629829764715,12.319359035970637,7.055629829764715,12.733289428804378,7.055629829764715,14.38989657649124,1825415.0,1929688.0,1377372.619047619,14312522.875869274,0.0407599743796298,0.2890995014403338,0.0379395676879491,-2.2358787710674783,0.1729498447717812,-8.009478701754174,-5.799087004142516,8.005000114440918,7.550000190734863,1444800.0,False,False,True,-0.0020624698493285,0.9273786169166276,-0.2532440520222175,0.728990211451418,-0.3729331607087403,0.5847218907169464,1.3252877070129208,76.0,23.0,23.0,15.0,15.0,17.0,17.0,23.0,18.0,15.0,13.0,3.8461538461538463,UTZ
2026-04-20,21.51000022888184,21.549999237060547,19.93000030517578,20.46999931335449,9771100.0,0.0497804035704003,19.903731160633296,19.386579186325385,18.61680000305176,18.80533332824707,19.918399963378903,18.965699987411497,16.33134999036789,16.219999313354492,21.940000534057617,16.219999313354492,27.899999618530277,13.359999656677246,27.899999618530277,12.079999923706056,27.899999618530277,11.859999656677246,27.899999618530277,4.199999809265137,27.899999618530277,10241662.5,10405980.0,14718849.603174604,187032913.29109192,0.0740817919872276,1.4471428734915597,0.0672776782005077,1.1877049292012196,0.7048374258325233,3.6977898287205537,4.451881001102206,21.940000534057617,20.309999465942383,12721900.0,False,False,False,0.2003348290906001,1.1154654675336526,-0.0195989195400559,0.9570767971612556,-0.0082987690522711,0.9247330307586902,0.6958194951452625,19.0,84.0,84.0,43.0,43.0,43.0,43.0,79.0,71.0,86.0,87.0,100.0,UUUU
2026-04-20,3.9800000190734863,3.9800000190734863,3.8350000381469727,3.859999895095825,12372100.0,0.0153061075540248,3.810767292567073,3.785140399068299,3.680497589111328,3.6910343567530313,3.9738178968429567,4.535089809894561,4.798533408641815,3.380000114440918,4.144553009615246,3.380000114440918,5.8179405514447655,3.380000114440918,5.983333261959222,3.380000114440918,5.983333261959222,3.380000114440918,6.655105627487296,3.380000114440918,6.70203797472412,17620735.0,17102530.0,11260075.793650793,49820769.762262106,0.0454186846681194,0.1858571767807006,0.0466977828869374,0.0333145049812911,0.3228282265921698,-6.499029891959505,-4.131968419216368,4.0,3.859999895095825,14069500.0,False,False,False,0.0785907743512268,1.0023292944858508,-0.3293666056481216,0.6546786554280025,-0.2089039833240464,0.7376744066585119,1.5648860028043314,85.0,56.0,56.0,10.0,10.0,26.0,26.0,53.0,45.0,39.0,32.0,80.76923076923077,UWMC
2026-04-20,46.72999954223633,47.220001220703125,43.470001220703125,43.91999816894531,2728700.0,0.0875028674591151,41.29755683366904,38.57722071764732,36.34320007324219,35.496666717529294,33.707399940490724,32.37779998779297,29.184600009918213,29.399999618530277,47.220001220703125,27.299999237060547,47.220001220703125,27.299999237060547,47.220001220703125,26.0,47.220001220703125,25.36000061035156,47.220001220703125,17.350000381469727,47.220001220703125,1160260.0,1160294.0,863434.5238095238,44639836.82571411,0.0546732897123929,2.088571548461914,0.0446944482970556,8.64408150109845,1.8002726908265017,7.377316253008312,6.462584385998564,44.0,42.369998931884766,908500.0,False,False,False,0.4877427497372766,1.3825522859840582,0.4173490388860761,1.3836295222770232,0.5932492214044185,1.4856593248908536,1.3437729995794756,77.0,96.0,96.0,94.0,94.0,92.0,92.0,92.0,92.0,89.0,88.0,100.0,VECO
2026-04-20,11.670000076293944,11.800000190734863,10.899999618530272,10.960000038146973,1286200.0,0.0364120638612832,11.123770247577522,11.162001303543104,11.340999984741211,11.724166679382323,11.51690004348755,12.243949990272522,8.68283999800682,8.359999656677246,16.5,8.300000190734863,18.270000457763672,5.880000114440918,23.84000015258789,3.75,23.84000015258789,2.869999885559082,23.84000015258789,2.809999942779541,23.84000015258789,1955005.0,2092156.0,1036534.6150793652,22557859.3140316,0.1385098852616817,1.3627143587384904,0.1167707240642323,0.1138428378042271,0.3008699840747695,4.489674436922035,8.31139850576385,12.100000381469728,10.829999923706056,2174700.0,True,False,True,-0.0752773231283631,0.8593404007755696,-0.4602220340751967,0.5269363499305477,1.0155440679068826,1.8794371897290416,1.8860971660365724,91.0,11.0,11.0,5.0,5.0,96.0,96.0,84.0,79.0,94.0,97.0,57.692307692307686,VELO
2026-04-20,41.61000061035156,42.81700134277344,41.52999877929688,42.0099983215332,755200.0,-0.0163120245662901,42.19881863039613,41.68665784619908,40.9381999206543,40.86149991353353,41.24069984436035,43.44439981460571,34.401999921798705,37.5099983215332,47.0,37.5099983215332,48.63899993896485,37.5099983215332,56.04999923706055,23.049999237060547,56.04999923706055,22.71999931335449,56.04999923706055,18.76000022888184,56.04999923706055,1281890.0,1218258.0,1497997.619047619,51589707.76359558,0.0550163190626022,2.350142342703683,0.0564802285083126,0.1585468933982939,-0.2935986532267601,-0.0191373231804332,4.009595382418362,44.06999969482422,42.04999923706055,1168300.0,False,True,True,0.0058013460155499,0.9346864237282994,-0.1053536419697749,0.8733622269508843,0.3638151523500179,1.2717186183403366,0.8557356725406456,30.0,28.0,28.0,29.0,29.0,84.0,84.0,31.0,25.0,21.0,88.0,3.8461538461538463,VERA
2026-04-20,12.789999961853027,12.850000381469728,12.199999809265137,12.220000267028809,2562900.0,0.0356274952868413,12.075774293364493,12.202709900602894,12.122400093078614,12.44766674041748,13.00520004272461,16.202300033569337,21.36315000534057,10.59000015258789,15.225000381469728,10.59000015258789,19.895000457763672,10.59000015258789,20.81999969482422,10.59000015258789,25.84499931335449,10.59000015258789,26.540000915527344,10.59000015258789,42.43999862670898,1575330.0,2116194.0,1603735.7142857143,16229485.851044657,0.056425223933805,0.6602144241333008,0.0516195798359993,-0.3205611800707399,0.6664495114006515,-12.433705916512912,-10.393820919195544,12.65999984741211,12.239999771118164,998900.0,False,False,False,-0.0146378726567015,0.9156923546904636,-0.3373056752617268,0.646928460666217,-0.4753896471647434,0.489184147811452,0.982287783434214,43.0,20.0,20.0,10.0,10.0,12.0,12.0,61.0,52.0,46.0,39.0,38.46153846153847,VERX
2026-04-20,44.619998931884766,45.65999984741211,43.20000076293945,44.7400016784668,5383100.0,0.0108744800379154,41.18729251005108,38.72040262247396,37.02159965515137,35.8106663386027,32.97299976348877,26.038499908447264,19.26594994068146,26.8700008392334,45.65999984741211,18.56999969482422,45.65999984741211,16.90999984741211,45.65999984741211,13.75,45.65999984741211,11.960000038146973,45.65999984741211,8.100000381469727,45.65999984741211,6349102.5,5918504.0,3781770.238095238,238631336.7829609,0.0723764898548668,2.6707143783569336,0.0598546490875974,5.901435923366149,0.1797270221503924,14.494236570504343,16.63648618227652,44.290000915527344,41.43000030517578,6082700.0,False,True,False,0.302773691441891,1.2106614167946343,1.3989246245574,2.341852882521858,2.3498498464097453,3.1236391610572607,1.6788705025078017,88.0,91.0,91.0,99.0,99.0,99.0,99.0,94.0,98.0,97.0,98.0,100.0,VIAV
2026-04-20,11.09000015258789,11.65999984741211,10.560999870300291,10.619999885559082,2595300.0,0.0316279211709664,10.136741641056863,9.721030715132764,9.41140007019043,9.450833384195963,9.012100048065186,7.759250030517578,6.554950017929077,8.260000228881836,11.65999984741211,6.860000133514404,11.65999984741211,5.550000190734863,11.65999984741211,4.815000057220459,11.65999984741211,4.75,11.65999984741211,4.15500020980835,11.65999984741211,4567927.5,3957728.0,1967700.7936507936,18479306.48923397,0.0546847187164247,0.5519999776567731,0.0497745689866345,4.632241067134924,0.615942330344257,6.566387191555275,8.146556011682422,10.760000228881836,10.260000228881836,2355100.0,False,False,False,0.1823027736976625,1.0987083639222257,0.8300330457596075,1.7864955486515526,0.9120689289464974,1.7829495825012385,2.3214543159912284,94.0,81.0,81.0,98.0,98.0,96.0,96.0,80.0,89.0,94.0,94.0,100.0,VIR
2026-04-20,35.529998779296875,35.66999816894531,34.650001525878906,35.130001068115234,1827800.0,0.0093749434433212,34.91365409531479,34.36491655345972,33.959199600219726,34.136999702453615,33.02819980621338,33.50929988861084,32.668374900817874,29.875,37.5,25.770000457763672,37.5,25.770000457763672,38.5,25.770000457763672,43.150001525878906,22.958999633789062,43.150001525878906,21.229999542236328,43.150001525878906,2381535.0,2563330.0,4071083.73015873,74555745.39355278,0.0517197249796896,1.6992856434413366,0.0478267858661312,1.583785312006046,0.1941980841367675,-4.986888593351846,-2.207759836515529,36.34999847412109,34.970001220703125,2478700.0,False,False,True,0.0474646431975802,0.9734039283310414,0.0474646431975802,1.0225448806940156,0.0230348185316744,0.9539507048996756,0.5849879682791846,15.0,45.0,45.0,64.0,64.0,50.0,50.0,56.0,76.0,71.0,64.0,26.923076923076923,VKTX
2026-04-20,9.199999809265137,9.229999542236328,9.010000228881836,9.029999732971191,5446900.0,-0.0202343479351123,8.921166711074385,8.957048591210071,8.769600009918213,9.082999976476032,10.132999963760376,9.88739996433258,9.385099995136262,7.679999828338623,11.279999732971191,7.679999828338623,14.479999542236328,7.679999828338623,14.479999542236328,7.679999828338623,14.479999542236328,7.679999828338623,14.479999542236328,4.690000057220459,14.479999542236328,6361960.0,6929340.0,5920872.619047619,42707548.68066788,0.0466840544692535,0.4971427917480469,0.054037261092917,-1.7039244945211165,-0.382185032572915,0.0679504813614828,2.3702837217720707,9.75,9.3100004196167,4387000.0,False,False,True,-0.0170940014188962,0.913409885872892,-0.1287879314687495,0.8504854521446935,0.0188261441108603,0.9500262363892183,1.0744970225391084,54.0,19.0,19.0,26.0,26.0,49.0,49.0,58.0,50.0,44.0,37.0,42.30769230769231,VNET
2026-04-20,15.710000038146973,16.559999465942383,15.31999969482422,16.559999465942383,1086600.0,-0.0530440088214011,15.78203610424682,15.503252412580176,14.965799980163574,14.934833335876466,14.684899978637697,13.618949995040891,23.88945002555847,11.699999809265137,19.700000762939453,11.460000038146973,19.700000762939453,8.947999954223633,19.700000762939453,6.5,28.65999984741211,6.5,49.95000076293945,2.619999885559082,65.80000305175781,1124232.5,1024032.0,991961.4087301588,21365150.788168907,0.1006986508135769,1.65107148034232,0.1050968476341943,0.6642102546037018,-0.5329872903252291,3.431616811352405,3.9748954695931777,16.860000610351562,15.0,2149500.0,True,False,True,0.1928625624251163,1.1085215255371808,-0.0025396801176524,0.9737301878539112,-0.459394345255969,0.5040993093040577,1.1333429809927442,61.0,83.0,83.0,47.0,47.0,13.0,13.0,80.0,76.0,90.0,95.0,46.15384615384615,VOR
2026-04-20,31.57999992370605,32.0,30.290000915527344,31.25,1202400.0,0.0086234577569177,30.00120146094422,28.74087060369236,27.452800064086915,27.393333371480303,27.405,27.7567999458313,29.99754996299744,21.68000030517578,33.5,21.68000030517578,38.84000015258789,21.68000030517578,38.84000015258789,17.40999984741211,38.84000015258789,17.40999984741211,39.18999862670898,17.40999984741211,73.94999694824219,1542077.5,1458996.0,1524269.7674418604,43545633.360910416,0.083794849650969,2.228428295680455,0.0705645440488949,2.1589377775868077,0.121161833336543,3.37621341244916,4.44316802030085,33.5,31.100000381469727,1583600.0,False,True,False,0.16273932625648,1.0805281449385924,-0.1074053428402458,0.8713593371775253,-0.0793002732902565,0.8585261590180228,1.011682795879384,47.0,78.0,78.0,29.0,29.0,35.0,35.0,88.0,83.0,77.0,88.0,96.15384615384616,VOYG
2026-04-20,24.40999984741211,25.07999992370605,24.049999237060547,24.18000030517578,2220900.0,0.0078447786723452,23.103871987261087,22.947659911228687,22.743999938964844,22.994666608174644,23.431399955749512,27.989449939727784,40.43197496414184,19.700000762939453,25.450000762939453,19.700000762939453,36.34000015258789,19.700000762939453,36.52000045776367,19.700000762939453,63.79999923706055,19.700000762939453,63.900001525878906,19.700000762939453,63.900001525878906,2312705.0,2649220.0,2134145.634920635,49459501.27400398,0.060149108482546,1.3474998474121094,0.0552027798375823,0.7565645331180534,0.1410022675865349,-7.774564792050609,-7.132038520957333,24.700000762939453,23.86000061035156,1802600.0,False,True,False,0.0162364438890916,0.9443837107237024,-0.2717780574564868,0.7108971402450114,-0.5951235780936031,0.3775356821473692,1.083667844479604,55.0,34.0,34.0,14.0,14.0,8.0,8.0,67.0,58.0,52.0,44.0,61.53846153846154,VRNS
2026-04-20,314.4100036621094,315.6600036621094,305.1099853515625,307.0050048828125,4672300.0,0.0230038635012084,295.55868474436465,282.9397860539921,273.8858819580078,272.4587112426758,259.6559353637695,217.0226856994629,183.306248626709,231.6999969482422,315.6600036621094,172.30899372197027,315.6600036621094,147.78484097031065,315.6600036621094,147.78484097031065,315.6600036621094,132.60394204064235,315.6600036621094,65.84859775289804,315.6600036621094,8453782.5,8366432.0,7373241.666666667,1490327492.1277618,0.0491482780113052,13.058568681989398,0.0415335661394005,5.077137404247502,0.5414075230135923,7.367723816222142,8.142081587991383,308.5400085449219,298.2200012207031,5805500.0,False,False,False,0.1680721773509175,1.0854839381849244,0.7774534883470168,1.7351668879558806,0.7692170510041092,1.6497442925239407,1.1465489512188782,62.0,79.0,79.0,97.0,97.0,94.0,94.0,81.0,94.0,95.0,93.0,96.15384615384616,VRT
2026-04-20,64.08000183105469,64.91999816894531,62.40999984741211,62.84999847412109,1425400.0,0.0195704596148884,58.58450760061654,55.09275167336568,52.41759979248047,51.392333094278975,49.25939987182617,43.83549991607666,36.19279996871949,41.66999816894531,64.91999816894531,36.709999084472656,64.91999816894531,32.060001373291016,64.91999816894531,29.1299991607666,64.91999816894531,26.100000381469727,64.91999816894531,7.949999809265137,64.91999816894531,1605827.5,1651846.0,2719274.603174603,87043537.3037529,0.0701774791760985,3.642856597900391,0.0568485720007419,5.292454914025375,0.3376480308454971,6.44751056336834,6.620745904959502,64.45999908447266,61.36000061035156,1849000.0,False,False,False,0.2294705131287582,1.1425411206180167,0.394862946160371,1.3616783861190616,0.7721239519208889,1.6524548944784427,0.5905352472035318,15.0,86.0,86.0,93.0,93.0,94.0,94.0,91.0,92.0,94.0,94.0,100.0,VSAT
2026-04-20,55.34000015258789,55.900001525878906,53.81999969482422,54.5099983215332,1419200.0,0.011330389584315,51.28609559874084,50.097021166639045,47.810800323486326,47.53666687011719,52.52660011291504,53.521200027465824,39.991850004196166,41.9900016784668,55.900001525878906,41.9900016784668,65.80000305175781,41.9900016784668,66.88899993896484,33.19900131225586,66.88899993896484,25.09000015258789,66.88899993896484,15.34000015258789,66.88899993896484,2637705.0,2405936.0,2723478.9682539683,110273873.28641891,0.0508735242723739,2.906499590192522,0.0525207730787583,1.0198142779688637,0.2133146462421134,6.15629028367772,9.401515876494514,55.11000061035156,53.0,2305400.0,False,False,False,0.144570876919637,1.0636442910815505,-0.0755095290958288,0.9024963318930324,0.8330572763706423,1.7092734765616515,0.9685057350345692,42.0,74.0,74.0,33.0,33.0,95.0,95.0,78.0,70.0,64.0,84.0,100.0,VSCO
2026-04-20,26.32999992370605,26.68000030517578,26.059999465942383,26.34000015258789,2405700.0,0.0158178953011303,23.52198937437495,21.62446305516196,19.889599838256835,19.430837885538736,19.22740329742432,17.710098295211793,16.5774188041687,15.520799111449325,27.0,15.520799111449325,27.0,14.337599524399977,27.0,11.619449773229242,27.0,11.619449773229242,27.0,10.386621754166606,27.0,2092482.5,2172264.0,1861403.9682539685,51173956.18875504,0.0532744636380202,1.2392853328159876,0.0470674263732224,7.8483084484356755,0.3308357135805683,14.027597297972903,11.47475521903846,27.0,25.43000030517578,4103900.0,True,True,False,0.4850536155391793,1.3800532863192614,0.4478579321767673,1.4134125921425629,0.576309245897566,1.4698632822899391,1.1241420646388691,60.0,96.0,96.0,94.0,94.0,91.0,91.0,95.0,91.0,92.0,94.0,96.15384615384616,VSH
2026-04-20,159.60000610351562,164.0500030517578,158.32000732421875,163.0500030517578,2924100.0,-0.0236143426636975,159.71668287186725,158.44806450092244,156.70302795410157,157.4062698364258,160.90709777832032,162.65498184204102,178.9975146484375,142.33999633789062,172.7643261484634,138.34128300098158,178.0670990816998,138.34128300098158,182.31130248060543,138.34128300098158,203.09938735620875,138.34128300098158,219.21490839115503,102.8124030536,219.21490839115503,4361485.0,4581818.0,4981491.666666667,589902427.8020477,0.0415702446935486,6.131074087960379,0.0384152497085983,-0.21145949284478,-0.6295798346217125,-4.770830474095908,-2.2375963414105784,168.49000549316406,162.25999450683594,4104300.0,False,False,True,-0.0451232620443392,0.8873624268219288,-0.0407099641360365,0.9364679959784064,-0.239350941838583,0.7092834887631851,0.8755379496435973,32.0,15.0,15.0,38.0,38.0,24.0,24.0,35.0,38.0,32.0,27.0,7.6923076923076925,VST
2026-04-20,6.519999980926514,6.650000095367432,6.239999771118164,6.599999904632568,1954400.0,-0.009118532443044,6.070957823618497,5.860692313462745,5.612399997711182,5.687666670481364,5.807600011825562,6.903000025749207,7.448749995231628,4.800000190734863,6.800000190734863,4.800000190734863,7.050000190734863,4.800000190734863,10.3100004196167,4.800000190734863,10.81999969482422,4.800000190734863,10.81999969482422,4.010000228881836,11.25,2025137.5,1938154.0,2230818.6507936507,12615164.820799828,0.0736200946138896,0.4185714381081717,0.064198073517278,1.910755853613016,-0.143344569927476,-10.172797992476628,-6.338044242695336,6.800000190734863,6.360000133514404,2524400.0,False,True,False,0.1202748777695164,1.041066134225335,-0.0239520735814005,0.9528272070593302,-0.3144059070445343,0.6392968806170412,0.9078001473941074,35.0,68.0,68.0,42.0,42.0,20.0,20.0,81.0,75.0,69.0,62.0,96.15384615384616,VSTM
2026-04-20,7.039999961853027,7.110000133514404,6.78000020980835,6.800000190734863,1701400.0,0.0262390415211855,6.722784453503661,6.726199181011688,6.542399997711182,6.596666669845581,7.528800029754638,8.870399990081786,10.686150002479554,6.019999980926514,7.679999828338623,6.019999980926514,10.539999961853027,6.019999980926514,11.3100004196167,6.019999980926514,12.020000457763672,6.019999980926514,13.5,6.019999980926514,14.670000076293944,2513685.0,2381748.0,1889129.761904762,14367448.406043053,0.0473640016868632,0.302142858505249,0.0429180199065968,-1.5127453219105031,0.5957441100183938,-9.410907879436031,-8.400089961107007,7.010000228881836,6.78000020980835,1923100.0,False,False,False,0.0650529227916976,0.989748633195957,-0.3402061938599104,0.6440969470077927,-0.374777991229923,0.583001639026365,1.3306047317075322,76.0,51.0,51.0,10.0,10.0,17.0,17.0,50.0,43.0,37.0,30.0,69.23076923076923,VYX
2026-04-20,3.5199999809265137,3.555000066757202,3.369999885559082,3.440000057220459,8011300.0,0.0028490001397227,3.4036402823116085,3.4119035696564763,3.29960000038147,3.40600000222524,3.649800009727478,4.57710001707077,4.194900004863739,2.950000047683716,4.239999771118164,2.950000047683716,7.190000057220459,2.950000047683716,7.190000057220459,2.950000047683716,7.190000057220459,2.950000047683716,7.190000057220459,2.039999961853028,7.190000057220459,8264177.5,10583148.0,6172975.793650794,24461454.301843643,0.0512515559176625,0.1679285424096243,0.0477069725339666,-0.7454591736379873,0.0595490815305481,-2.1883876404948297,0.5193319291984116,3.609999895095825,3.4800000190734863,5859500.0,False,False,False,0.0931676862269363,1.015875549602812,-0.4285714175130526,0.5578339808402002,-0.2772073791286314,0.6739834438539962,1.3387671969328163,76.0,60.0,60.0,6.0,6.0,22.0,22.0,57.0,49.0,42.0,36.0,57.692307692307686,VZLA
2026-04-20,81.08999633789062,81.79000091552734,78.4000015258789,79.5,2618600.0,-0.0029510080875519,76.74043793554506,75.95674020343534,75.14959930419921,75.12966613769531,77.62239990234374,91.17199981689453,86.12999998092651,67.08999633789062,86.48999786376953,67.08999633789062,111.6999969482422,67.08999633789062,119.9800033569336,67.08999633789062,119.9800033569336,67.08999633789062,119.9800033569336,24.649999618530277,119.9800033569336,3531845.0,3895084.0,4092698.412698413,261333628.0259323,0.0600201851537831,4.85414287022182,0.0598611800399557,0.746270386117387,-0.049443434109943,-7.392518303170791,-3.486939533255679,86.48999786376953,78.5999984741211,6286900.0,False,False,False,0.0631965373930876,0.9880235030436044,-0.2948082629416236,0.6884148360707445,-0.0251262798703681,0.909041858263046,0.862962437946013,31.0,50.0,50.0,12.0,12.0,41.0,41.0,61.0,52.0,46.0,39.0,57.692307692307686,W
2026-04-20,26.709999084472656,26.729999542236328,25.440000534057617,25.559999465942383,1816400.0,0.0352713129582165,24.417355304605778,24.145795495981265,23.94680000305176,24.089999961853028,24.402599906921388,28.02449998855591,32.50052508354187,20.934999465942383,26.729999542236328,20.934999465942383,30.142000198364254,20.934999465942383,34.650001525878906,20.934999465942383,40.34999847412109,20.934999465942383,40.34999847412109,20.934999465942383,42.54999923706055,2411645.0,2840378.0,2300153.1746031744,56397230.0420475,0.0532690506937656,1.3210713522774833,0.0494598052249826,1.9117637930809477,0.6888347444998332,-13.157341894824434,-11.118297541401471,26.399999618530277,25.690000534057617,3013200.0,False,False,False,0.0778853246306512,1.001673723404089,-0.1176082365197964,0.8613991759749081,-0.2743820133662593,0.676618016609284,1.0484714786075324,51.0,55.0,55.0,28.0,28.0,22.0,22.0,73.0,65.0,58.0,50.0,96.15384615384616,WAY
2026-04-20,374.1099853515625,380.6499938964844,366.3999938964844,375.989990234375,5410700.0,0.004268217504517,351.2129531034794,330.3039095741233,315.85519836425783,307.56466522216795,294.7222897338867,247.68943557739257,175.61274127960206,238.0,380.6499938964844,232.0889184517236,380.6499938964844,165.39083511122516,380.6499938964844,121.69385259926588,380.6499938964844,99.59222336376216,380.6499938964844,35.35737615288038,380.6499938964844,8412935.0,8771198.0,8348066.26984127,2372503123.043213,0.0638917720402822,19.794288635253903,0.0529103456478249,5.090959177515826,0.0803260156093116,10.601244467868574,12.13389904346682,378.9800109863281,366.1799926757813,5627500.0,False,True,False,0.180418369978244,1.0969571964771418,0.6897163005703542,1.6495170163443258,1.9748252139405151,2.773939418665074,1.007770509727873,46.0,81.0,81.0,97.0,97.0,99.0,99.0,92.0,89.0,96.0,97.0,100.0,WDC
2026-04-20,99.87646484375,102.23048985579962,98.21567976469316,101.48238888019256,1240200.0,-0.0217858931165556,99.67070629363204,97.98884363105272,95.27654754638672,94.28499806722006,97.33931106567384,90.15679107666016,76.41425788879394,83.318497070935,104.44486914783629,83.318497070935,110.29003296501357,74.83014251834717,110.29003296501357,68.13049424355303,110.29003296501357,60.312962465099375,110.29003296501357,39.36754524019239,110.29003296501357,1402305.0,1339092.0,1121023.015873016,116480793.44085692,0.0401341341877501,3.719843143473682,0.0372444414136315,0.6998372543435031,-0.5979708066139876,4.159304178447471,8.359855789376239,103.63692404221987,96.85413877357524,1442800.0,True,False,True,0.1442119613123564,1.0633107525088312,0.1989906539967505,1.1704660039900614,0.597925907842539,1.4900202012202075,1.2509154407574148,70.0,74.0,74.0,84.0,84.0,92.0,92.0,58.0,50.0,66.0,72.0,30.76923076923077,WFRD
2026-04-20,199.02999877929688,199.2100067138672,186.0,194.1199951171875,1123000.0,0.0137007359253327,186.5483853698879,184.99330864553644,176.71359924316403,182.15666605631512,209.56099029541016,235.12293655395507,259.71851448059084,142.24000549316406,233.13999938964844,142.24000549316406,302.41563094392734,142.24000549316406,302.41563094392734,142.24000549316406,302.41563094392734,142.24000549316406,302.41563094392734,142.24000549316406,386.7816218450725,1186680.0,1224010.0,885836.5079365079,225021669.6509552,0.0698731958346698,12.293215070452009,0.0617656390787796,-0.8136017639022114,0.2188200910819452,-5.673764654668394,-2.5481903953418232,200.07000732421875,189.7050018310547,1131800.0,False,False,False,0.0626835704736676,0.9875468053166596,-0.2787703537233016,0.7040711945690783,-0.1897309586964759,0.7555527036892825,1.3396151427132814,76.0,50.0,50.0,13.0,13.0,27.0,27.0,85.0,79.0,73.0,66.0,69.23076923076923,WING
2026-04-20,10.979999542236328,11.279999732971191,10.920000076293944,11.199999809265137,1192300.0,-0.0072333521107718,10.48825210682297,9.93654176608585,9.37359998703003,9.200333309173583,8.87019998550415,9.875581397566684,0.0,7.289999961853027,11.279999732971191,7.199999809265137,11.279999732971191,7.199999809265137,14.75,7.199999809265137,14.75,7.199999809265137,14.75,0.0,0.0,1607627.5,1575884.0,0.0,14449961.495780945,0.0517284049765547,0.4592141423906599,0.0418227833821139,5.687152222819661,-0.1742125731666017,-6.526389079146298,-4.534489414876081,11.1899995803833,10.81999969482422,1492100.0,False,False,False,0.4058898364509591,1.3064867616194211,0.1557894254985607,1.128292556583127,0.0,0.0,0.0,0.0,95.0,95.0,80.0,80.0,0.0,0.0,90.0,86.0,81.0,76.0,88.46153846153845,WLTH
2026-04-20,26.32999992370605,28.690000534057617,24.90999984741211,25.6200008392334,3478700.0,0.0301252141569745,23.632354251320702,21.6125817024951,19.60519989013672,19.21133327484131,18.96299991607666,18.969499979019165,20.770571415764945,14.579999923706056,28.690000534057617,13.484999656677246,28.690000534057617,13.484999656677246,28.690000534057617,13.484999656677246,31.989999771118164,8.050000190734863,36.59999847412109,8.050000190734863,36.59999847412109,1801087.5,1828986.0,2587380.0,41531717.9136467,0.1060051869659113,2.4771426745823453,0.0940806183729634,4.129366820596584,0.3108421915558402,1.548502033502288,1.5280356690777854,27.059999465942383,24.770000457763672,2008600.0,False,False,False,0.543376362717348,1.4342523388438235,0.2938574658544768,1.2630758819872343,-0.1883476868575559,0.7568425651113009,0.6961047468868121,19.0,97.0,97.0,90.0,90.0,27.0,27.0,96.0,95.0,93.0,91.0,96.15384615384616,WOLF
2026-04-20,25.88999938964844,26.1299991607666,24.5,24.709999084472656,3492400.0,0.041431969187804,23.26976993885351,22.863294656355496,22.43879997253418,22.82566668192545,23.282999992370605,24.08150005340576,23.83680000305176,19.799999237060547,26.200000762939453,19.799999237060547,28.07999992370605,19.799999237060547,31.0,14.960000038146973,31.0,14.960000038146973,31.0,13.630000114440918,31.0,2981890.0,3003710.0,2787773.015873016,50206704.37034607,0.0628045713028737,1.3802144186837333,0.0533107165400545,2.100329696577094,0.7462599762427871,3.015392491075886,4.343318138652824,25.21999931335449,23.729999542236328,1963600.0,False,False,False,0.0623717069376537,0.987256992010759,-0.0806108121471557,0.8975164111835545,0.2025080614933432,1.1213043702222736,1.0696315600379662,54.0,50.0,50.0,33.0,33.0,73.0,73.0,76.0,69.0,62.0,85.0,92.3076923076923,WRBY
2026-04-20,8.210000038146973,8.260000228881836,8.039999961853027,8.079999923706055,2043400.0,0.0,7.909266536062997,7.672816430238853,7.417400016784668,7.292500034968058,7.267300043106079,8.007750029563903,8.802975025177002,6.005000114440918,8.369999885559082,6.005000114440918,9.050000190734863,6.005000114440918,10.015000343322754,6.005000114440918,12.130000114440918,6.005000114440918,12.550000190734863,6.005000114440918,12.550000190734863,4982380.0,4583164.0,7957559.920634921,41776610.342793465,0.0653064575441599,0.3921428407941545,0.0477640485958709,2.7158093682992352,0.0,-2.98503891441424,-1.6446102742790325,8.369999885559082,8.079999923706055,4094300.0,False,False,False,0.3178170165347684,1.2246411075036847,-0.072316419857201,0.9056134752989312,-0.2203228635951348,0.7270266274368778,0.6261190678665306,17.0,92.0,92.0,34.0,34.0,25.0,25.0,82.0,75.0,70.0,63.0,80.76923076923077,WRD
2026-04-20,21.299999237060547,21.690000534057617,20.13500022888184,20.3799991607666,2868100.0,0.0528917310447913,19.388699944518727,18.99363576752417,18.26880004882813,18.40433330535889,19.705406799316407,20.01901039123535,21.74230176448822,16.520000457763672,21.690000534057617,16.520000457763672,24.46789312562248,16.520000457763672,24.46789312562248,14.808331015115895,24.46789312562248,14.808331015115895,24.46789312562248,14.808331015115895,31.56945033457764,2139002.5,2022310.0,2319803.1746031744,35379041.9906044,0.0481874433343281,0.91278566632952,0.0428537886865899,1.8883177326780365,1.1722354264466983,0.4047819049551862,0.6583401267567494,20.63999938964844,19.184999465942383,2426100.0,False,False,False,0.2536786064746796,1.165037587027031,-0.0501566424913373,0.9272460593197256,-0.0295819619394085,0.9048870621861436,0.922062062599728,37.0,89.0,89.0,37.0,37.0,40.0,40.0,74.0,66.0,60.0,70.0,100.0,WSC
2026-04-20,12.9399995803833,14.5600004196167,11.562000274658203,14.050000190734863,921500.0,-0.1846250993260521,9.934378993704762,9.993823830034255,8.261799983978271,9.58270001411438,17.096020040512084,56.42361003398895,58.61633026824807,4.949999809265137,40.869998931884766,4.949999809265137,78.0,4.949999809265137,142.0399932861328,4.949999809265137,250.0,4.949999809265137,250.0,0.0,0.0,1283752.5,1037262.0,0.0,34099629.53672886,0.322945734379428,3.9960712705339705,0.308815409591814,-0.7871974808076572,-0.7332202322768541,-13.67553470370992,-10.797702021851135,19.13999938964844,15.020000457763672,8855200.0,False,False,False,0.258754855691353,1.1697549213645542,-0.8073544747189549,0.1880623818130964,0.0,0.0,0.0,0.0,89.0,89.0,1.0,1.0,0.0,0.0,99.0,98.0,97.0,96.0,80.76923076923077,WSHP
2026-04-20,18.299999237060547,18.479999542236328,17.299999237060547,17.350000381469727,6473400.0,0.0481099768977026,16.66943992945916,16.044705056552026,15.189999923706054,15.292666657765706,15.85542812347412,14.560838260650634,13.743991918563845,13.199999809265137,18.479999542236328,13.199999809265137,18.479999542236328,11.548627211624131,18.479999542236328,10.670252303974282,18.479999542236328,10.670252303974282,18.479999542236328,7.94221069703881,18.479999542236328,3272547.5,3242416.0,3000020.634920635,62855880.32723904,0.0465128552201927,0.8000002588544574,0.0437158629621319,3.5268390965360563,1.0499998509884363,13.001666538643718,12.390016542816936,17.510000228881836,16.600000381469727,5113100.0,False,False,False,0.3203462980061669,1.2269915567872025,0.20935798576761,1.180586691210956,0.4248371370938339,1.3286198736116774,1.0908416635229494,56.0,92.0,92.0,85.0,85.0,87.0,87.0,84.0,77.0,84.0,85.0,100.0,WT
2026-04-20,2.9800000190734863,3.0899999141693115,2.930000066757202,3.009999990463257,7504400.0,0.0383275741814101,2.9751014568560743,3.004838102443109,3.0755706596374512,3.0765911022822063,2.888268661499024,2.3405363249778746,2.103140456676483,2.501633300031137,4.02653339818072,1.953466622947464,4.02653339818072,1.4950000047683716,4.02653339818072,1.4950000047683716,4.02653339818072,1.4950000047683716,4.02653339818072,1.0964126474400218,4.02653339818072,9903302.5,8666288.0,3167605.9523809524,30410238.597797155,0.0795904849035207,0.3285714387893677,0.1102588713712572,0.2880492111222638,0.334783004632732,2.7272270769933518,5.987051761563656,2.9600000381469727,2.75,9422800.0,False,True,True,-0.0099667679351564,0.920033190168898,0.6519152575447362,1.6126152810143928,0.4044575337601719,1.3096164764510354,3.126431332961764,96.0,21.0,21.0,97.0,97.0,86.0,86.0,57.0,86.0,94.0,91.0,19.230769230769237,WTI
2026-04-20,20.5,21.34000015258789,20.01000022888184,20.350000381469727,33982500.0,-0.0067829163657171,19.16985133827451,17.968308090892688,16.96720012664795,16.564666811625163,16.302400054931642,14.938600053787232,12.39965003490448,13.020000457763672,21.34000015258789,11.739999771118164,21.34000015258789,11.130000114440918,21.34000015258789,10.470000267028809,21.34000015258789,10.039999961853027,21.34000015258789,2.2300000190734863,21.34000015258789,32014500.0,33631738.0,40872760.71428572,596661428.2329416,0.0817758839730444,1.424285616193499,0.0694773471313901,3.706007311687367,-0.0982944628919271,2.3034783031810084,3.653330327365053,20.709999084472656,18.93000030517578,43045600.0,False,True,False,0.3024142501968847,1.2103273897492677,0.4801443635646016,1.4449309114919648,0.4790765157143306,1.379196542685958,0.7832722683890152,24.0,91.0,91.0,95.0,95.0,89.0,89.0,92.0,93.0,92.0,91.0,92.3076923076923,WULF
2026-04-20,20.81999969482422,21.1299991607666,20.395000457763672,20.96999931335449,2842100.0,-0.0132701744826226,20.43191670845251,19.980970802561583,19.417400131225588,19.377166811625163,19.924500122070317,18.942294073104858,18.27001766204834,17.510000228881836,21.78499984741211,17.510000228881836,23.1299991607666,15.630000114440918,23.1299991607666,15.630000114440918,23.1299991607666,15.453428611958556,23.1299991607666,13.583255449276171,23.1299991607666,5997500.0,6352056.0,6688731.349206349,110506710.67750932,0.0422081369032141,0.9178568976266044,0.0440853463535247,1.0194916931252913,-0.3050591953599019,2.7309155113251142,4.914115838119402,21.78499984741211,21.05500030517578,6379800.0,False,True,True,0.1004228124137749,1.0226177039816438,0.1965517328317518,1.1680851061068902,0.2815111291439025,1.194972470964589,0.896657331096372,34.0,62.0,62.0,84.0,84.0,79.0,79.0,56.0,48.0,66.0,59.0,65.38461538461539,XP
2026-04-20,41.369998931884766,41.380001068115234,39.900001525878906,40.65999984741211,1159000.0,0.0048579249899096,38.87082685405216,38.39626343618832,37.27439987182617,37.34966659545898,40.65159980773926,43.09009990692139,39.04909999847412,34.900001525878906,42.59999847412109,34.900001525878906,50.59999847412109,34.900001525878906,51.290000915527344,32.2599983215332,51.290000915527344,31.65999984741211,51.290000915527344,26.700000762939453,51.290000915527344,1419055.0,1506020.0,1926109.523809524,54587989.240989685,0.0422481551346065,1.7021432604108535,0.0411443873424655,0.4295142260260434,0.1174993712874544,0.9574012430747096,4.53071632017732,42.59999847412109,38.900001525878906,2788400.0,True,False,False,0.1356024865585063,1.0553100084257836,-0.1851487382533886,0.7954655000883774,0.2349253412502914,1.1515325563161307,0.7367467854026004,21.0,72.0,72.0,21.0,21.0,76.0,76.0,55.0,47.0,41.0,52.0,100.0,YETI
2026-04-20,56.83000183105469,56.900001525878906,52.28499984741211,52.70000076293945,2123300.0,0.0716576115261264,51.68968952419986,50.33200920156058,50.415999755859374,49.546333185831706,45.17654747009277,40.043050632476806,36.350634784698485,43.630001068115234,56.900001525878906,30.745453759643013,56.900001525878906,30.745453759643013,56.900001525878906,29.894745046069197,56.900001525878906,29.108561573550727,56.900001525878906,23.30481268452226,56.900001525878906,2060877.5,1909856.0,1686946.4285714286,98069358.02396774,0.0598220104943008,2.7457147325788225,0.0483145283144866,5.339048892669464,1.3839759122349846,4.817515399530034,7.255190389147577,53.31999969482422,51.86000061035156,1338100.0,False,False,False,0.1647878820385229,1.0824318581174532,0.6398493125413054,1.60083639150808,0.8567792946089172,1.7313935800127982,1.221661497422435,68.0,79.0,79.0,96.0,96.0,95.0,95.0,76.0,94.0,92.0,90.0,84.61538461538461,YOU
2026-04-20,38.470001220703125,38.7599983215332,35.52000045776367,35.689998626708984,1638500.0,0.0769876793398907,34.46541349435672,30.90380545773851,26.94680015563965,25.941666730244958,25.93140007019043,26.212500061307637,0.0,16.93000030517578,40.04999923706055,16.93000030517578,40.04999923706055,16.93000030517578,40.04999923706055,0.0,0.0,0.0,0.0,0.0,0.0,1871470.0,1665464.0,0.0,77845123.08670044,0.1281344031130351,4.080714634486607,0.106075240577079,4.558364995340528,0.6739015702689479,-2.1136391707215223,-0.5488093026036187,38.95000076293945,34.630001068115234,2130800.0,True,False,False,1.1759050088614034,2.022058211755182,0.0,0.0,0.0,0.0,0.0,0.0,99.0,99.0,0.0,0.0,0.0,0.0,98.0,97.0,96.0,0.0,92.3076923076923,YSS
2026-04-20,47.29999923706055,47.63999938964844,45.869998931884766,46.27000045776367,2852300.0,0.0093896419329493,43.64983868467715,43.22620116002403,42.80520034790039,42.949667104085286,44.31280029296875,56.595049934387205,67.57415021896362,39.04999923706055,47.63999938964844,39.04999923706055,70.48999786376953,39.04999923706055,77.06999969482422,39.04999923706055,78.0999984741211,39.04999923706055,93.87999725341795,39.04999923706055,93.87999725341795,4072022.5,4807478.0,3083908.333333333,147743127.2247696,0.0485233660327069,2.0734996795654297,0.0438372032348955,1.5377725796312016,0.2122009619992806,-11.672387198768856,-9.66815222867281,47.220001220703125,44.7599983215332,4528600.0,False,False,False,0.0386473053612326,0.9652100180706225,-0.3097913311017011,0.673788223379163,-0.3608972048130024,0.5959450753074375,1.320409707378894,75.0,42.0,42.0,11.0,11.0,17.0,17.0,61.0,53.0,47.0,39.0,76.92307692307693,Z
2026-04-20,47.31999969482422,48.31999969482422,46.959999084472656,47.4900016784668,586800.0,-0.0048370041204346,45.62678076133561,44.0925309639416,43.66959976196289,43.04933319091797,38.821999855041504,37.33270006179809,36.16065006256103,38.70000076293945,48.31999969482422,22.450000762939453,50.54999923706055,22.450000762939453,50.54999923706055,22.450000762939453,50.54999923706055,22.450000762939453,50.54999923706055,22.450000762939453,50.54999923706055,1338807.5,1177190.0,707309.5238095238,28843690.92351913,0.0419672695453863,1.655714579990932,0.0349897419837057,6.256019229170676,-0.1389125547457508,0.8539515744876791,3.068003562879495,48.2400016784668,47.0,583400.0,False,True,False,0.1173554049533238,1.0383530819744613,0.2625400286224433,1.2325035038873735,0.2978606934462746,1.2102179720057324,1.89281701282526,91.0,68.0,68.0,88.0,88.0,80.0,80.0,64.0,96.0,95.0,93.0,84.61538461538461,ZD
2026-04-20,18.149999618530277,18.350000381469727,17.639999389648438,17.649999618530273,5245100.0,0.0094549544283693,16.86082083910001,16.630600891427378,16.412800064086912,16.72833334604899,16.78439998626709,18.27340000152588,18.27725001335144,14.364999771118164,19.256999969482425,14.364999771118164,22.334999084472656,14.364999771118164,24.899999618530277,14.364999771118164,24.899999618530277,14.364999771118164,24.899999618530277,10.6899995803833,24.899999618530277,7768805.0,7752596.0,7790443.650793651,115168204.49800968,0.0599241627299551,0.9714998517717632,0.0535261637570454,1.520027524432952,0.174987238530103,-2.639205215045717,-0.7903842031284263,18.450000762939453,17.875,8482100.0,False,False,False,0.0533952467055338,0.97891521006213,-0.1041461296403951,0.8745410118948924,-0.0043883667424514,0.9283793690575644,0.9972224109738028,45.0,47.0,47.0,29.0,29.0,44.0,44.0,71.0,62.0,56.0,48.0,69.23076923076923,ZETA
2026-04-20,47.43999862670898,47.7599983215332,46.15999984741211,46.63999938964844,708400.0,0.0091469968204362,43.73814129578521,43.25212038919215,42.75639984130859,42.83533325195312,44.231799850463865,56.010799713134766,65.85684993743897,39.13999938964844,47.93000030517578,39.13999938964844,69.29000091552734,39.13999938964844,74.80000305175781,39.13999938964844,75.16999816894531,39.13999938964844,90.22000122070312,39.13999938964844,90.22000122070312,1072355.0,1268704.0,757895.6349206349,37986122.67341614,0.0475731105052292,2.076428549630301,0.043769574404272,1.6571214286845446,0.2070864924547203,-11.879158107424324,-9.600889397244792,47.93000030517578,45.060001373291016,1204200.0,True,False,False,0.056805508392334,0.9820843500843024,-0.2988472353087368,0.6844719530874598,-0.3281405152720791,0.6264897513162102,1.4149111706023938,80.0,48.0,48.0,12.0,12.0,19.0,19.0,61.0,53.0,47.0,39.0,76.92307692307693,ZG
2026-04-20,4.03000020980835,4.75,3.934999942779541,4.53000020980835,2368600.0,-0.1314654470322794,4.43895439906955,3.908289986993032,3.3638000106811523,3.268500010172526,2.9245000219345094,2.477850011587143,1.9916500079631805,2.069999933242798,6.949999809265137,2.069999933242798,6.949999809265137,1.309999942779541,6.949999809265137,1.212000012397766,6.949999809265137,1.212000012397766,6.949999809265137,1.1299999952316284,6.949999809265137,2511932.5,2113496.0,1209733.3333333333,24201246.05309367,0.1684952172952569,0.7799285479954311,0.1935306469953065,1.953248247179416,-0.7821224883293021,13.500428368514548,14.832682365880109,5.230000019073486,4.380000114440918,2296700.0,False,False,True,0.5742188671429203,1.4629141320245187,0.3614865398215405,1.3290960229248734,1.583333562581975,2.408884652189153,2.0764348892317868,93.0,97.0,97.0,92.0,92.0,98.0,98.0,97.0,95.0,98.0,98.0,73.07692307692307,ZNTL
