date,close,high,low,open,volume,price_chg_pct0,ema10,ema20,sma25,sma30,sma50,sma100,sma200,min30,max30,min60,max60,min90,max90,min120,max120,min150,max150,min252,max252,vol_sma40,vol_sma50,vol_sma252,avg_dollar_vol,adr_pct,atr14,atr_pct,atr_multi_50sma,vars_norm_change,vars,vars_20ema,previous_session_high,previous_session_low,previous_session_volume,inside_day,tight_day,close_to_ma,perf_1mo,rela_perf_1mo,perf_3mo,rela_perf_3mo,perf_6mo,rela_perf_6mo,vol_ratio,vol_ratio_rank,perf_1mo_rank,rela_perf_1mo_rank,perf_3mo_rank,rela_perf_3mo_rank,perf_6mo_rank,rela_perf_6mo_rank,c0_c30_rank,c0_c60_rank,c0_c90_rank,c0_c120_rank,rs_sts_pct,ticker
2026-03-23,95.76000213623048,96.08999633789062,84.91999816894531,90.0,10729800.0,0.0938999444223802,95.49866089256948,89.3571117811352,84.23720001220703,77.97266680399576,62.28880020141602,46.14615007400513,35.94860008716583,41.119998931884766,128.9600067138672,31.670000076293945,128.9600067138672,18.5,128.9600067138672,18.5,128.9600067138672,18.5,128.9600067138672,9.711000442504885,128.9600067138672,9412837.5,8317998.0,5570255.952380952,1272992155.065403,0.1368310285674383,14.059785570417132,0.1468231543104536,3.659879546695781,0.5846462721308239,15.934775073336828,13.107037020757645,102.69000244140624,84.5999984741211,12205200.0,True,False,True,0.8529412068645064,1.945436159240128,2.273846226879674,3.3702357843348474,2.303208102527589,3.345049004490241,1.6898393144711013,87.0,99.0,99.0,99.0,99.0,99.0,99.0,99.0,99.0,99.0,99.0,69.23076923076923,AAOI
2026-03-23,3.369999885559082,3.509999990463257,3.359999895095825,3.400000095367432,2358700.0,-0.0088235908726077,3.4811688962183145,3.484234639207604,3.441199998855591,3.3860000054041546,3.607799983024597,3.75110000371933,4.108900002241135,2.930000066757202,3.8350000381469727,2.744999885559082,4.849999904632568,2.744999885559082,4.849999904632568,2.744999885559082,6.514999866485596,2.744999885559082,6.514999866485596,1.8910000324249268,6.514999866485596,3740615.0,4071042.0,4898238.492063492,12131402.11724758,0.0599632831793193,0.1666428361620222,0.049448914486944,-1.332946792020268,-0.1800269996556062,-1.975225493833614,-4.122589325338781,3.5899999141693115,3.390000104904175,2457100.0,False,True,False,0.1085526078444105,1.163889237138735,-0.0453258037188301,0.9827819988217678,-0.2527716819219306,0.7566932702790823,0.7636653474633456,22.0,89.0,89.0,46.0,46.0,28.0,28.0,75.0,75.0,67.0,62.0,34.61538461538461,ABCL
2026-03-23,2.930000066757202,3.039999961853028,2.8550000190734863,3.0,3813300.0,-0.0101351253389007,2.794584215485359,2.736017080737575,2.6796000099182127,2.665333342552185,2.809800009727478,3.142650010585785,3.085650006532669,2.240000009536743,3.200000047683716,2.240000009536743,4.15500020980835,2.240000009536743,4.15500020980835,2.240000009536743,5.228000164031982,2.240000009536743,5.228000164031982,2.009999990463257,5.228000164031982,3408920.0,3502404.0,4236275.793650794,10302698.37997198,0.0773778707811423,0.2321428401129586,0.0792296364586381,0.5399351496504909,-0.1292306554670081,-1.2823897858343232,-4.01256568075933,3.200000047683716,2.900000095367432,8377200.0,False,False,False,0.105660362759703,1.1608526172242286,-0.1407624653934741,0.8845354624779076,0.1226054346832179,1.1368251939225404,0.8046973724206505,25.0,89.0,89.0,30.0,30.0,75.0,75.0,89.0,82.0,75.0,71.0,88.46153846153845,ABSI
2026-03-23,4.420000076293945,4.599999904632568,4.239999771118164,4.360000133514404,7626000.0,0.0424529044557735,4.391698145967365,4.415055982532232,4.467599983215332,4.401666657129923,4.330999979972839,4.4499999833107,4.106049996614456,3.7799999713897705,4.849999904632568,3.5,5.050000190734863,3.5,5.070000171661377,3.5,5.070000171661377,3.3499999046325684,5.099999904632568,2.7100000381469727,5.099999904632568,2522772.5,2391856.0,1309755.1587301588,14521984.455907345,0.0554120571724452,0.2628571305956159,0.0594699380222669,0.345545155864441,0.6847838016336597,4.708000281319223,1.7376785082749815,4.420000076293945,4.179999828338623,3729000.0,False,False,True,0.0351288281118176,1.0868002957785392,-0.0264316930765134,1.0022323955072006,0.0400000179515165,1.0531734352602744,1.9261405333542587,91.0,81.0,81.0,50.0,50.0,66.0,66.0,78.0,78.0,71.0,66.0,61.53846153846154,ABUS
2026-03-23,115.41999816894533,123.0,115.01000213623048,120.62999725341795,1288400.0,-0.0408841475707788,119.2841999783086,119.08811536898932,120.13260009765624,120.48583323160808,119.1058999633789,118.3793000793457,87.99924999237061,105.77999877929688,133.4199981689453,105.77999877929688,148.8300018310547,100.5,148.8300018310547,81.9000015258789,148.8300018310547,67.1500015258789,148.8300018310547,4.769999980926514,148.8300018310547,899115.0,1113982.0,1103296.4285714286,117821105.50617218,0.0470364365858535,5.971427917480469,0.0517365102427035,-0.5981544716833149,-0.823923228570297,8.459317905661177,7.055833037981288,126.86000061035156,120.01000213623048,1380000.0,False,False,False,-0.1145378384003592,0.9296625820793404,0.0159316745785567,1.0458430380730643,0.4024300594054486,1.4201942864246788,0.8149351132806556,25.0,28.0,28.0,65.0,65.0,89.0,89.0,60.0,48.0,53.0,79.0,42.30769230769231,ABVX
2026-03-23,23.18000030517578,23.40999984741211,22.739999771118164,22.959999084472656,3504400.0,0.0197976582491026,23.20956969538575,22.311271978267957,21.956000061035155,20.80800005594889,17.873999977111815,17.045999975204467,19.871200013160703,12.90999984741211,25.75,11.43000030517578,25.75,11.43000030517578,25.75,11.43000030517578,27.5,11.43000030517578,27.5,11.43000030517578,31.040000915527344,3822777.5,3937808.0,2898067.4603174604,90966967.11008072,0.0583503065651529,1.2664285387311662,0.0546345350327018,5.433482443139034,0.3553305608465745,2.555601435834665,-2.7796910511351576,23.530000686645508,22.559999465942383,3754900.0,True,True,True,0.380583623657756,1.4494994727131465,0.6063755935515491,1.6536709830838798,0.0469738457180624,1.060235598740111,1.3190781623769534,72.0,97.0,97.0,96.0,96.0,67.0,67.0,98.0,97.0,96.0,94.0,69.23076923076923,ACHC
2026-03-23,4.525000095367432,5.590000152587891,4.429999828338623,5.510000228881836,725800.0,-0.1919642549236204,4.659797247783951,3.846022998207583,2.964000034332275,2.804333364963532,2.703000018596649,3.352100006341934,5.009640011191368,1.3259999752044678,7.539000034332275,1.3259999752044678,7.539000034332275,1.3259999752044678,7.539000034332275,1.3259999752044678,8.34000015258789,1.3259999752044678,8.34000015258789,1.3259999752044678,21.0,4704692.5,3772324.0,987848.7103174604,47691845.05987167,0.2577093659241769,1.2334999867847989,0.2725966764172273,2.472758968964772,-0.8715037055389004,-1.8728138118043045,-7.223007953561288,6.619999885559082,5.380000114440918,1006500.0,False,False,True,1.7259037267194488,2.861975143583287,0.3115942124132598,1.3502105605658656,0.1036585855171992,1.11763834980802,4.762563792271465,99.0,99.0,99.0,91.0,91.0,74.0,74.0,99.0,99.0,99.0,98.0,73.07692307692307,ACXP
2026-03-23,12.06999969482422,12.18000030517578,11.470000267028809,11.68000030517578,1711000.0,0.0532285911559107,11.084110073548969,10.652498155888,10.38479991912842,10.360666592915852,9.963199958801267,9.224199957847595,9.167999975681305,9.25,12.289999961853027,8.5,12.289999961853027,7.110000133514404,12.289999961853027,7.110000133514404,12.289999961853027,7.110000133514404,12.289999961853027,6.929999828338623,12.289999961853027,1390447.5,1368000.0,1329758.7301587302,17339521.514077187,0.0547049599606472,0.5785715239388602,0.0479346759376439,4.411381453904799,1.0543202204706277,11.14954633293586,6.559437241831307,12.0,11.3100004196167,1735000.0,False,False,False,0.1986097378958173,1.258441830901743,0.4067598837006387,1.4481781279426214,0.2705262836657072,1.2866197189037574,1.0456389331875455,47.0,94.0,94.0,93.0,93.0,85.0,85.0,89.0,88.0,92.0,89.0,100.0,ADTN
2026-03-23,37.150001525878906,37.79999923706055,33.689998626708984,36.2599983215332,1757700.0,0.0761877471969656,37.26998163038669,36.88819423088591,37.479199981689455,36.06599992116292,32.42959991455078,27.70759994506836,24.36354998111725,25.57999992370605,46.95000076293945,19.899999618530277,46.95000076293945,18.700000762939453,46.95000076293945,18.700000762939453,46.95000076293945,16.3799991607666,46.95000076293945,6.269999980926514,46.95000076293945,1590900.0,1602086.0,1319467.857142857,73138806.93073273,0.1233426391032028,4.578571864536831,0.1232455363789789,1.1810442236867589,0.5744151551897255,8.915956124263264,4.835864486431416,37.810001373291016,33.400001525878906,1758700.0,True,True,True,0.1056548575289979,1.160846837183913,0.7303215050766836,1.781266147118859,0.2404006871294919,1.2561125290521606,1.2057133422294162,63.0,89.0,89.0,97.0,97.0,83.0,83.0,94.0,96.0,95.0,94.0,57.692307692307686,AEHR
2026-03-23,12.670000076293944,13.06999969482422,12.1899995803833,12.9399995803833,3441000.0,-0.0600889831935412,13.008790641818734,12.467864937142023,11.8411999130249,11.82199993133545,11.650399951934814,10.72479998588562,11.428541069030764,9.270000457763672,14.229999542236328,9.199999809265137,14.229999542236328,7.642000198364258,14.229999542236328,7.642000198364258,14.229999542236328,7.642000198364258,14.229999542236328,7.642000198364258,18.25481185540253,2936980.0,2755116.0,2298426.587301587,43976126.51185036,0.0756130203833747,0.8457142966134208,0.0667493521326637,1.3111186354930828,-0.9577696264399757,8.565687816070046,4.839477145557058,13.845000267028809,13.399999618530272,4556600.0,False,False,True,0.0819812156293455,1.135991456558847,0.3507462603105866,1.3905153347394918,0.1666667105743253,1.181444582856389,1.277821974487378,69.0,87.0,87.0,92.0,92.0,79.0,79.0,92.0,87.0,91.0,89.0,69.23076923076923,AESI
2026-03-23,15.380000114440918,15.890000343322754,13.979999542236328,14.300000190734863,1515700.0,0.09000712180476,15.024049780713652,14.785690914975898,14.348400077819823,14.160000038146972,14.936000080108643,14.144300031661988,17.00475001335144,11.949999809265137,17.940000534057617,11.1850004196167,22.6200008392334,8.829999923706055,22.6200008392334,8.829999923706055,22.6200008392334,8.829999923706055,22.6200008392334,4.010000228881836,38.79999923706055,1894670.0,2446570.0,2473177.777777778,26015639.59383488,0.1003087611829589,1.4356426511492049,0.0933447750628571,0.3184627807288601,0.8846215712155532,6.91318693845302,3.3003314129852748,15.31999969482422,13.850000381469728,1519700.0,False,False,True,0.2264752919638946,1.287698375189531,0.1590052436993536,1.193129021905908,-0.1586433513825408,0.8520139005851726,0.7660872651469544,22.0,95.0,95.0,83.0,83.0,36.0,36.0,88.0,86.0,93.0,90.0,92.3076923076923,AEVA
2026-03-23,13.075180053710938,13.778999510287717,12.96613794888476,13.650131997935206,2279000.0,-0.0652020340347154,12.288468497187935,11.190865495110517,10.272591590881348,10.014392280578614,9.446644611358645,8.638243594169616,8.61132994413376,8.37644222181836,14.740556554580712,7.464451534363387,14.740556554580712,6.830022510390342,14.740556554580712,6.830022510390342,14.740556554580712,6.830022510390342,14.740556554580712,6.830022510390342,14.740556554580712,1197802.5,1095124.0,810995.2380952381,23383675.247368813,0.0606518459711309,0.8702154313795127,0.066554757013272,5.771313819711776,-1.0480072407051466,15.365851904558898,10.143982133311834,14.740556554580712,13.590654504434172,3166600.0,False,False,False,0.4336955343047308,1.5052626189350389,0.7129869303147318,1.7634212026345115,0.6696200960088303,1.690768751674371,1.4769538016194097,81.0,98.0,98.0,97.0,97.0,94.0,94.0,96.0,95.0,95.0,93.0,88.46153846153845,AGRO
2026-03-23,10.369999885559082,10.630000114440918,10.010000228881836,10.109999656677246,1598300.0,0.0464177644025995,10.124832836313692,10.02625569959734,9.86840000152588,9.96333335240682,10.097600002288818,9.927199983596802,9.54794997215271,8.505000114440918,10.93000030517578,8.505000114440918,10.93000030517578,8.505000114440918,10.93000030517578,8.505000114440918,10.93000030517578,8.505000114440918,10.93000030517578,7.105000019073486,11.170000076293944,1409187.5,1286442.0,1257299.2063492064,17979696.67321205,0.0564703226175675,0.4757857322692871,0.04588097758148,0.5879712506610709,0.9668218421619672,6.156819164479392,2.8474466001324585,10.072999954223633,9.8100004196167,2888700.0,False,False,False,0.0029013280975322,1.052964066319432,0.013685273664455,1.0435304979529734,0.1664791321800061,1.18125462845397,1.120805209200623,55.0,73.0,73.0,64.0,64.0,78.0,78.0,84.0,74.0,66.0,61.0,92.3076923076923,AHCO
2026-03-23,1.8799999952316284,2.4100000858306885,1.850000023841858,1.909999966621399,20090300.0,0.2287581897952171,1.9059612279321376,1.6717375591464976,1.3832000041007997,1.2833333353201548,1.1523999977111816,1.322900000810623,2.073700001835823,0.6200000047683716,2.8299999237060547,0.6200000047683716,2.8299999237060547,0.6200000047683716,2.8299999237060547,0.6200000047683716,3.109999895095825,0.6200000047683716,3.630000114440918,0.6200000047683716,5.300000190734863,12503912.5,10017004.0,2892349.206349206,44884787.09360272,0.2492559816051203,0.5807142811162131,0.3088905758452756,2.0440183101305944,0.6027060728885631,-2.529943855429738,-10.655364395708323,2.299999952316284,1.5299999713897705,1849600.0,False,True,True,1.6857143246397688,2.819779570548159,0.4573643804850136,1.5002725374205856,-0.3494809941212911,0.6587589656708231,4.323099186139679,98.0,99.0,99.0,94.0,94.0,21.0,21.0,99.0,99.0,98.0,98.0,80.76923076923077,AIFF
2026-03-23,2.7799999713897705,3.200000047683716,2.549999952316284,2.740000009536743,3800300.0,0.0490565552241286,2.5070417160612064,2.324186137719612,2.074400005340576,2.073333338896433,2.281900005340576,3.342699991464615,4.964799991250038,1.5099999904632568,3.259999990463257,1.5099999904632568,3.2850000858306885,1.5099999904632568,6.420000076293945,1.5099999904632568,12.0,1.5099999904632568,12.0,1.5099999904632568,12.0,3159142.5,3030220.0,1240901.1904761903,14649854.814255834,0.1656188621564596,0.4540714280945914,0.1633350477581455,1.3364124686001158,0.2862982957722182,-3.318879194111739,-5.181676423761136,3.130000114440918,2.609999895095825,4806100.0,False,True,False,0.4787233927876984,1.5525381740046702,0.287036972649306,1.3249302992214438,-0.5755725358111976,0.4298035795797135,2.5458453293833108,95.0,98.0,98.0,90.0,90.0,10.0,10.0,98.0,96.0,94.0,92.0,100.0,AIRS
2026-03-23,114.43000030517578,115.1999969482422,109.5,110.5,5913900.0,0.0357530487710135,108.2748049734028,105.53081625471606,104.14279998779296,103.4620002746582,99.81280014038086,92.59179985046389,84.79374969482421,92.30999755859376,115.1999969482422,84.54000091552734,115.1999969482422,82.69999694824219,115.1999969482422,70.81999969482422,115.1999969482422,70.81999969482422,115.1999969482422,67.51000213623047,115.1999969482422,4883197.5,4633254.0,2792527.380952381,471830505.9614945,0.0430660870188606,4.4742840358189175,0.0391006206754029,3.745366342093191,0.88282212676273,14.852211169696702,9.676109511445135,111.86000061035156,108.80999755859376,13118300.0,False,False,False,0.2151428536706892,1.275800245261671,0.2931405025157862,1.3312135310354114,0.5001311239694617,1.5191329056740723,1.7486659337014645,88.0,94.0,94.0,90.0,90.0,92.0,92.0,85.0,85.0,81.0,87.0,100.0,AKAM
2026-03-23,167.55999755859375,171.0,159.10000610351562,159.75,2899000.0,0.0693044085631897,164.42456527024763,166.35769327318562,169.5569580078125,169.0630147298177,171.1844268798828,147.87725036621094,112.3515876197815,154.69000244140625,205.49094319526705,140.35230778197183,205.49094319526705,100.62625738987148,205.49094319526705,78.86600392069799,205.49094319526705,70.47766145394195,205.49094319526705,48.57725441970529,205.49094319526705,2633935.0,2835758.0,3618973.412698413,390417877.93533325,0.050923662321709,8.757633921149333,0.0522656603530141,-0.4050969189681066,1.2400610379619887,16.44957887056656,13.492473383320082,164.1999969482422,154.69000244140625,2936900.0,False,False,True,-0.0026417086985293,1.0471443327115295,0.1957225297825091,1.2309273492815505,1.0586764902315051,2.0847532248867284,0.7278127523009518,20.0,69.0,69.0,86.0,86.0,97.0,97.0,57.0,71.0,91.0,95.0,76.92307692307693,ALB
2026-03-23,16.959999084472656,17.1200008392334,16.459999084472656,17.040000915527344,1324800.0,0.0083233883584146,17.26030063909247,17.33074261880228,16.961399955749513,16.92116667429606,18.27520000457764,19.94380001068115,22.848275022506712,14.109999656677246,19.209999084472656,14.109999656677246,24.46500015258789,14.109999656677246,24.46500015258789,14.109999656677246,25.13999938964844,14.109999656677246,26.88999938964844,14.109999656677246,31.65999984741211,2359327.5,2186156.0,1468310.3174603174,42979954.33581352,0.0654681195484896,0.9079999923706056,0.0535377382892611,-1.3442187379903645,0.1541843511286021,-2.695491011577536,-5.667086263471395,17.1200008392334,16.5,1242300.0,False,True,True,-0.0041104873370759,1.045602235713113,-0.2442068324048325,0.7780454555474872,-0.3293792617437314,0.6791153216105633,1.606831656731012,85.0,69.0,69.0,19.0,19.0,22.0,22.0,82.0,72.0,63.0,58.0,69.23076923076923,ALKT
2026-03-23,2.440000057220459,2.5999999046325684,2.130000114440918,2.140000104904175,11688900.0,0.178744027009716,2.3257227167283903,2.311027618518856,2.38560001373291,2.269666679700216,2.0262000131607056,1.68350000500679,1.4565000009536744,1.559999942779541,2.799999952316284,1.2999999523162842,2.799999952316284,1.149999976158142,2.799999952316284,1.0399999618530271,2.799999952316284,1.0299999713897705,2.799999952316284,0.8600000143051147,2.799999952316284,6268345.0,6284146.0,3888103.1746031744,14731385.618265867,0.0948884645043504,0.227857163974217,0.0933840814060397,2.186932444341652,1.6238248450223325,13.178160356977068,9.16861386821829,2.259999990463257,2.059999942779541,20747400.0,False,False,False,0.1902439580369335,1.2496584487968918,0.7183099513819169,1.7689009456762286,1.1034483857160549,2.13009223465276,1.6121858702064296,86.0,93.0,93.0,97.0,97.0,97.0,97.0,96.0,96.0,96.0,96.0,76.92307692307693,ALLO
2026-03-23,16.93000030517578,17.520000457763672,15.81999969482422,16.329999923706055,8763600.0,0.0450616980158631,18.055669949062768,17.86088871533632,17.981000061035157,17.31016674041748,14.728100051879885,11.07095004081726,8.27684627175331,12.300000190734863,22.549999237060547,8.279999732971191,22.549999237060547,5.434999942779541,22.549999237060547,5.434999942779541,22.549999237060547,3.9700000286102295,22.549999237060547,2.9542500972747803,22.549999237060547,5689772.5,5548726.0,2130457.119047619,121512273.64260674,0.1001309988117855,1.975285598209926,0.1166736894627254,1.2813801271601457,0.3695665795862024,17.538560473685372,14.69651525631019,18.100000381469727,15.90999984741211,8276000.0,False,False,True,0.1485753438306523,1.205909824457375,1.027544854099257,2.087240434668236,2.3392504402279,3.3815478813704694,2.670681540186787,96.0,91.0,91.0,98.0,98.0,99.0,99.0,92.0,97.0,98.0,98.0,38.46153846153847,ALM
2026-03-23,4.130000114440918,4.269999980926514,4.03000020980835,4.190000057220459,1005800.0,-0.0072114745364363,4.263213593078941,3.91495979791786,3.4915999794006347,3.363333320617676,3.081599988937378,2.6610999941825866,1.8901999908685685,2.25,4.889999866485596,2.25,4.889999866485596,1.5,4.889999866485596,0.9900000095367432,4.889999866485596,0.9200000166893004,4.889999866485596,0.7599999904632568,4.889999866485596,1834140.0,1640040.0,955692.4603174604,11840304.218199251,0.0904357757025466,0.4221428632736206,0.1022137655148144,3.3284452114876397,-0.0710653562600831,22.26987294773682,16.71297046728374,4.550000190734863,4.059999942779541,1886500.0,False,True,True,0.7066115637342101,1.7918020461556112,0.3952702909512096,1.436350255175223,3.489130477739642,4.5459931586203695,1.9191738725141123,91.0,99.0,99.0,93.0,93.0,99.0,99.0,98.0,96.0,98.0,99.0,57.692307692307686,ALTO
2026-03-23,361.7900085449219,374.25,361.4500122070313,367.8200073242188,6490700.0,0.0132471041804449,353.09201612988545,351.1880547566396,358.3429052734375,354.6432169596354,340.0204473876953,295.2083145141602,241.19606452941892,315.7062569417769,395.9500122070313,255.64119075290583,395.9500122070313,202.74920635088992,395.9500122070313,202.2209032282334,395.9500122070313,153.97577264160216,395.9500122070313,122.64285447031476,395.9500122070313,7910862.5,7967342.0,7805326.984126984,2548598539.43573,0.0403400896210905,15.4557124546596,0.0427201196539968,1.4986912768400116,0.3060364250566862,15.238636585708832,12.853775489360942,362.0,346.6600036621094,17587900.0,False,False,False,-0.0362033037485126,1.011907412980818,0.4289594653835951,1.4710313163333522,0.9092649671261492,1.933449143790382,1.0135209602477429,43.0,56.0,56.0,94.0,94.0,96.0,96.0,74.0,88.0,93.0,91.0,96.15384615384616,AMAT
2026-03-23,46.119998931884766,47.75,45.459999084472656,46.72999954223633,4573300.0,0.0067670279262312,45.67170655615666,45.853284455451856,45.9525032043457,46.98443234761556,47.927239151000975,43.28626747131348,33.93094193458557,40.14307821382048,56.98081107261269,39.394512225480426,56.98081107261269,29.641701150366785,56.98081107261269,27.91857930956253,56.98081107261269,22.57094837027161,56.98081107261269,13.865089087079598,56.98081107261269,4549042.5,4487800.0,3081758.333333333,181242781.234169,0.0533777129471766,2.6598883978106245,0.0576732103081582,-0.6538217207510393,0.1165453253034644,12.23126651316214,10.25232093757025,48.650001525878906,44.470001220703125,5408800.0,True,False,True,-0.0361206003565134,1.0119942447532948,0.1757856875066556,1.210403520546698,0.6356079337411413,1.656325765945729,1.476119152756408,81.0,56.0,56.0,84.0,84.0,94.0,94.0,75.0,67.0,88.0,88.0,69.23076923076923,AMKR
2026-03-23,7.210000038146973,7.239999771118164,6.90500020980835,7.130000114440918,1646100.0,0.0285306423302411,7.255966890681178,7.382771028239515,7.267600002288819,7.183666674296061,8.144799995422364,9.45614999771118,10.516549978256226,5.994999885559082,8.050000190734863,5.994999885559082,12.050000190734863,5.994999885559082,12.050000190734863,5.994999885559082,12.050000190734863,5.994999885559082,12.43000030517578,5.994999885559082,14.489999771118164,2404260.0,2202448.0,1564660.3174603174,15078402.51082182,0.0561170966411286,0.3471429347991943,0.0481474248214307,-2.3837746442548013,0.576131008919502,-0.927720023370746,-4.290332327285449,7.215000152587891,6.920000076293945,2612400.0,False,True,True,0.0183615982827396,1.0691960808801204,-0.3936080883129662,0.6242454832848723,-0.4026511830618587,0.604915283388708,1.536601889349684,83.0,78.0,78.0,8.0,8.0,18.0,18.0,82.0,72.0,63.0,58.0,65.38461538461539,AMPL
2026-03-23,18.68000030517578,19.38999938964844,17.760000228881836,17.90999984741211,7180200.0,0.0263736001162016,17.985512751906022,16.38054261651848,14.574400177001952,13.989000129699708,12.988600025177002,11.861700005531311,9.958950015306472,9.229999542236328,19.76000022888184,7.710000038146973,19.76000022888184,7.710000038146973,19.76000022888184,7.710000038146973,19.76000022888184,6.36299991607666,19.76000022888184,1.9700000286102293,19.76000022888184,9474662.5,9359564.0,7312009.126984127,169519917.21523762,0.0929259329852822,1.5850715637207031,0.0848539367144184,5.163982857587532,0.3028251551681399,11.260986376217902,6.472430946622494,19.75,17.739999771118164,9416100.0,True,False,True,0.9621848116553422,2.060132976461577,1.0415301731101354,2.1016375136143424,0.5870857755875589,1.6071889898815257,1.2957673240634848,70.0,99.0,99.0,98.0,98.0,93.0,93.0,98.0,98.0,97.0,96.0,88.46153846153845,AMPX
2026-03-23,135.8800048828125,138.2100067138672,132.1999969482422,133.47999572753906,6402200.0,0.0355129067120763,134.7183527089737,134.7772800769404,134.25880004882814,135.3009999593099,135.09979949951173,133.97569953918455,130.38374946594237,122.37000274658205,148.77000427246094,120.0,151.8000030517578,114.5199966430664,151.8000030517578,114.5199966430664,164.94000244140625,114.5199966430664,164.94000244140625,59.43000030517578,164.94000244140625,8129957.5,8176992.0,9069019.444444444,896236850.521431,0.0409644201161425,5.894713810511997,0.04338176036714,0.1331211519256405,0.790539424288797,0.3628957459131143,-2.005268018159867,135.3000030517578,128.89999389648438,11351600.0,False,False,True,0.0232699130424789,1.0743494084542249,0.0903546933723631,1.1224572415923826,-0.0917719114466006,0.919732384145255,0.8964538613907482,32.0,79.0,79.0,77.0,77.0,43.0,43.0,66.0,60.0,61.0,56.0,92.3076923076923,ANET
2026-03-23,87.51000213623047,92.13999938964844,86.95999908447266,90.76000213623048,1541800.0,-0.0053421368807675,87.44451011159751,89.3729002105483,91.05840057373048,91.2793337504069,95.24080017089844,95.83280006408692,91.52785003662107,81.22000122070312,101.77999877929688,81.22000122070312,133.11000061035156,65.44999694824219,133.11000061035156,65.44999694824219,133.11000061035156,65.44999694824219,133.11000061035156,65.4000015258789,133.11000061035156,1488300.0,1679314.0,2152081.3492063493,149270282.56736755,0.0475714268830789,4.458571297781808,0.0509492765277386,-1.5931742213388365,-0.105415207992066,6.999904408600165,4.09843949139623,90.45999908447266,87.43000030517578,1895600.0,False,False,True,-0.0923140876238421,0.9529956960466952,-0.262639013218691,0.7590705889663516,-0.0372937220323733,0.9749006350123588,0.6915630770876108,18.0,35.0,35.0,17.0,17.0,50.0,50.0,54.0,43.0,77.0,74.0,38.46153846153847,ANF
2026-03-23,5.454999923706055,6.099999904632568,5.019999980926514,6.090000152587891,7951400.0,-0.2284300153808643,4.420237180139361,3.886287212137969,3.464600009918213,3.3208333412806192,3.0545199966430663,3.0650799965858457,4.073195005655289,2.309999942779541,7.840000152587891,2.309999942779541,7.840000152587891,2.309999942779541,7.840000152587891,2.309999942779541,7.840000152587891,2.309999942779541,7.840000152587891,2.309999942779541,18.299999237060547,3428537.5,2748062.0,556892.8571428572,45482807.28628397,0.2873727148321423,1.1497142655508858,0.2107633880166556,3.728721396705615,-1.4046970593876162,4.886078012796803,-2.4619265879342094,7.840000152587891,3.849999904632568,115438600.0,True,False,False,1.090038368950117,2.1943687161209207,0.7653721926307979,1.8173488074742925,0.277517552241866,1.293699544111533,6.156547809914705,99.0,99.0,99.0,97.0,97.0,85.0,85.0,99.0,98.0,97.0,96.0,96.15384615384616,ANNA
2026-03-23,5.369999885559082,5.480000019073486,5.110000133514404,5.110000133514404,2008000.0,0.0508805763701345,5.460654823980152,5.48842791602118,5.386799983978271,5.3743333180745445,5.728599987030029,4.973700008392334,3.789475004673004,4.78000020980835,6.289999961853027,4.545000076293945,7.179999828338623,2.539999961853028,7.179999828338623,2.539999961853028,7.179999828338623,2.0299999713897705,7.179999828338623,1.284999966621399,7.179999828338623,2629420.0,2619068.0,2162429.761904762,17483197.73431778,0.0703427318040188,0.406428473336356,0.0756850059586252,-0.8270886497546008,0.6397183492346133,9.472061706294152,8.221637045025242,5.619999885559082,5.059999942779541,10013200.0,True,False,True,0.0959183226620747,1.1506242748459163,0.114107820396224,1.1469097152694885,0.87762240647885,1.9014057748268045,1.2159562573185696,64.0,88.0,88.0,79.0,79.0,96.0,96.0,69.0,69.0,96.0,95.0,69.23076923076923,ANNX
2026-03-23,38.77048873901367,39.22743308387594,37.38973144029229,37.916206263430645,13956300.0,-0.0020456028131187,35.89809174461261,33.69366669646527,32.070139770507815,31.2958558400472,29.09242210388184,26.575340061187745,23.595518913269043,26.274136348814974,39.25723410770373,22.877858821296023,39.25723410770373,22.690900211292515,39.25723410770373,21.281685354067697,39.25723410770373,19.42306226675139,39.25723410770373,12.826799420726676,39.25723410770373,8442237.5,7905448.0,7543905.158730159,335971905.87643623,0.0443440996277655,1.424749288937713,0.0367482932322188,9.052562973985642,-0.0557793492173063,16.341603671301456,9.532794546886262,39.25723410770373,37.856609273176176,23883600.0,False,False,False,0.3430831939223391,1.4101270999017197,0.6548151469680272,1.7035367082853383,0.6968597633433951,1.7183534569887011,1.1190805454692454,55.0,97.0,97.0,97.0,97.0,94.0,94.0,95.0,95.0,92.0,92.0,96.15384615384616,APA
2026-03-23,79.23999786376953,81.46299743652344,76.17500305175781,77.31999969482422,3485500.0,0.199878812314471,71.43455577587801,71.15829160790862,71.03899963378906,70.21683286031087,71.42549964904785,70.38679977416992,55.74779993057251,60.34999847412109,81.46299743652344,60.34999847412109,84.55999755859375,56.52000045776367,84.55999755859375,38.845001220703125,84.55999755859375,35.38999938964844,84.55999755859375,26.200000762939453,84.55999755859375,983012.5,1003492.0,837919.0476190476,74326036.67720795,0.0563648970341268,4.800570351736886,0.0605826663447176,1.8059238174062695,2.7496726390992934,10.514576953152858,7.918464419402285,70.04000091552734,65.22000122070312,2846700.0,False,False,False,0.1586489043859147,1.2164862361016844,0.0244343817315106,1.0545960844670357,1.1691760337172048,2.1966524381547723,1.173159272119707,60.0,92.0,92.0,67.0,67.0,97.0,97.0,90.0,83.0,82.0,94.0,100.0,APGE
2026-03-23,110.4499969482422,114.6999969482422,110.3499984741211,114.4800033569336,6117000.0,-0.0138393129621233,109.35734949837102,111.22945889724032,111.17563415527344,114.01806081136068,122.91658721923828,129.7658432006836,132.9376203918457,99.55999755859376,139.59975674464042,99.55999755859376,152.66637723617822,99.55999755859376,152.66637723617822,99.55999755859376,152.66637723617822,99.55999755859376,152.66637723617822,99.55999755859376,155.45758019573034,6257382.5,5567044.0,3884102.777777778,765057156.7580414,0.0467680192834996,4.599999564034598,0.0416478016399601,-2.4352587375755483,-0.3369572170998915,2.523401608207017,-0.7581252928475509,112.70999908447266,110.1999969482422,8317500.0,False,False,True,-0.0774307064645926,0.9686220244869556,-0.241960575399645,0.7803578475216549,-0.2308397467646118,0.7789030117145058,1.611023924444155,85.0,40.0,40.0,19.0,19.0,30.0,30.0,66.0,54.0,44.0,39.0,61.53846153846154,APO
2026-03-23,458.9500122070313,473.0,445.7699890136719,445.9299926757813,4583500.0,0.0374330274424339,453.7842513470898,455.56761248181976,444.4916027832031,441.9953358968099,479.0118011474609,557.819651184082,515.4537254333496,359.0,520.3599853515625,359.0,734.77001953125,359.0,738.010009765625,359.0,738.010009765625,359.0,745.6099853515625,200.5,745.6099853515625,6730442.5,6580608.0,6418967.46031746,2405330538.768616,0.0629020101922681,26.9832763671875,0.0587934974387045,-0.7123511804866985,0.6137133731740309,-0.4944852689285826,-2.5596491165974613,443.2000122070313,422.010009765625,4770400.0,False,False,True,0.0961832909040734,1.1509024697487684,-0.3390411229828917,0.6804190254897717,-0.2934774346387159,0.7154719080833073,1.0485241655465778,47.0,88.0,88.0,12.0,12.0,25.0,25.0,88.0,80.0,72.0,68.0,80.76923076923077,APP
2026-03-23,25.979999542236328,26.239999771118164,25.270000457763672,25.5,791000.0,0.0260663449986937,25.699987527139207,25.858826516733696,25.68480003356933,25.416333389282222,26.82339992523193,32.29850011825562,31.12540002822876,21.770000457763672,27.700000762939453,21.770000457763672,36.77000045776367,21.770000457763672,46.05899810791016,21.770000457763672,46.05899810791016,21.770000457763672,46.05899810791016,21.770000457763672,46.05899810791016,1129485.0,1129410.0,839682.1428571428,22301099.71435547,0.0444185858272614,1.002357346670968,0.0385818846933161,-0.8149604451119359,0.6584476580174752,-0.7091337648297706,-3.197589174925602,25.75,25.01000022888184,1043300.0,False,False,True,0.0334128947088903,1.0849987065664606,-0.2957441048500945,0.7249908073493083,-0.2047749923986285,0.805297921734707,1.3451340005359171,74.0,81.0,81.0,15.0,15.0,32.0,32.0,81.0,71.0,62.0,57.0,84.61538461538461,APPN
2026-03-23,14.699999809265137,14.850000381469728,14.34000015258789,14.56999969482422,1228800.0,0.0243902033791836,14.23370156758772,13.897638809530678,13.517199935913084,13.232999928792315,13.233999938964844,14.011799964904784,15.570100026130676,11.050000190734863,16.3700008392334,11.050000190734863,16.3700008392334,11.050000190734863,16.3700008392334,11.050000190734863,19.940000534057617,11.050000190734863,19.940000534057617,7.840000152587891,19.940000534057617,1652032.5,1539292.0,1273063.0952380951,27136320.5373621,0.0492245360185927,0.6214286259242466,0.0422740567338355,2.6204077648049724,0.563217420624707,-2.4143419257792367,-4.998466413839181,14.90999984741211,14.3100004196167,2366000.0,True,True,False,0.2661498918142295,1.3293534481439684,0.0552763450983742,1.0863461061219066,-0.186496953097589,0.8238074843387679,1.2976831283378203,71.0,96.0,96.0,73.0,73.0,33.0,33.0,90.0,84.0,77.0,73.0,92.3076923076923,ARLO
2026-03-23,136.88999938964844,138.84500122070312,133.1199951171875,133.42999267578125,7959800.0,0.0343029322007126,127.4328540703385,124.82499875291732,124.71160034179688,124.70333353678386,118.96859985351564,126.95799995422364,138.16430011749267,111.26000213623048,139.9499969482422,100.0199966430664,139.9499969482422,100.0199966430664,153.0,100.0199966430664,183.16000366210935,100.0199966430664,183.16000366210935,80.0,183.16000366210935,5787345.0,6191540.0,5150183.333333333,567784937.5863266,0.0444749903578611,6.12171391078404,0.0447199498727367,3.3685132777351745,0.7416212767040843,-3.365363099266676,-6.907790433421938,139.9499969482422,131.42300415039062,12450800.0,True,False,False,0.0900620910470229,1.1444757123882408,0.2059730139495388,1.2414796312619438,-0.0421244427835464,0.9700087247426676,1.1237163078337018,55.0,87.0,87.0,86.0,86.0,50.0,50.0,84.0,86.0,80.0,76.0,100.0,ARM
2026-03-23,12.800000190734863,13.170000076293944,12.210000038146973,12.949999809265137,2298900.0,-0.0115829822964904,11.867361537490432,11.615465812516952,11.096800003051758,11.110333347320555,12.266000080108643,13.331600046157837,16.270958083832337,9.18000030517578,13.369999885559082,9.18000030517578,17.299999237060547,9.18000030517578,17.31999969482422,9.18000030517578,17.31999969482422,9.18000030517578,30.475000381469727,9.18000030517578,31.18000030517578,1225117.5,1214216.0,1343403.5928143712,14421410.754976273,0.0651879022913335,0.7052856172834124,0.055100438029206,0.7901023116806917,-0.2126792534179773,4.694931052265428,-1.6658090252741884,13.369999885559082,12.418999671936035,2545500.0,False,True,False,0.2475633435857966,1.3098390982740982,-0.1908975703126846,0.8329242648404581,-0.2156862481563465,0.794248455858741,0.9119504418128233,33.0,95.0,95.0,24.0,24.0,31.0,31.0,93.0,87.0,81.0,78.0,96.15384615384616,ARX
2026-03-23,10.4399995803833,10.779999732971191,9.609999656677246,10.050000190734863,3954900.0,0.0419160781868235,9.953685854347974,9.825400154787353,8.964799919128417,8.918833287556966,11.983599967956543,16.550200033187867,50.54300007343292,7.019999980926514,11.350000381469728,7.019999980926514,23.399999618530277,7.019999980926514,29.0,7.019999980926514,54.79999923706055,7.019999980926514,252.0,7.019999980926514,268.3999938964844,4482288.625,4861950.4,2694228.095238095,37189166.69968367,0.0852521222567168,0.8677144731794085,0.0831144164804219,-1.549784152382852,0.4840291773406779,-2.4198445387628214,-5.396947778186921,10.414999961853027,9.869999885559082,8371400.0,False,False,False,0.2809816035630679,1.3449255279448398,-0.3718412122014761,0.6466532262575918,-0.8786046560420546,0.1229330280903439,1.6636633820730349,87.0,96.0,96.0,10.0,10.0,2.0,2.0,95.0,91.0,86.0,83.0,92.3076923076923,ASST
2026-03-23,88.41999816894531,90.9000015258789,86.52999877929688,90.38999938964844,12890800.0,-0.0167908610153041,90.26259813613407,90.3902341031638,88.23339935302734,88.8624994913737,96.04589965820313,83.17909957885742,68.09472471237183,77.16999816894531,108.33999633789062,69.25,129.88999938964844,49.310001373291016,129.88999938964844,47.5,129.88999938964844,36.08000183105469,129.88999938964844,18.21999931335449,129.88999938964844,13503485.0,14557790.0,12874596.42857143,1146771936.0974505,0.0911917731670366,8.103499276297432,0.0916478109489887,-0.8663437881773732,-0.1863395163922817,6.23006711835445,4.319672747735811,96.98999786376952,86.30999755859375,16264200.0,True,False,True,0.1024937847068494,1.1575279702131656,0.3411193350472952,1.3806049706701369,0.9605321765073171,1.985365741952104,1.048847245419898,47.0,88.0,88.0,92.0,92.0,97.0,97.0,74.0,80.0,93.0,92.0,73.07692307692307,ASTS
2026-03-23,146.3800048828125,151.82000732421875,145.69000244140625,146.0,1645800.0,0.032299024911748,148.2954363590065,149.13393763244568,153.87400024414063,151.40033315022785,140.61759994506835,122.7610001373291,102.42480018615724,133.1999969482422,168.13999938964844,114.62000274658205,168.13999938964844,93.11000061035156,168.13999938964844,79.29000091552734,168.13999938964844,70.41999816894531,168.13999938964844,39.22999954223633,168.13999938964844,2303350.0,2104950.0,1955665.873015873,334083298.6818695,0.0428836202233786,7.382143293108259,0.0504313638943938,0.812574855222372,0.6204162733240949,18.13920733983998,17.443713612505736,148.07000732421875,139.8300018310547,3402200.0,False,True,True,-0.0786176787200251,0.9673758010573192,0.3336370447690999,1.3729023845690207,0.8132044939428393,1.836171896877959,1.1777829903264387,61.0,39.0,39.0,91.0,91.0,95.0,95.0,63.0,80.0,89.0,92.0,34.61538461538461,ATI
2026-03-23,4.380000114440918,4.489999771118164,4.090000152587891,4.210000038146973,22890900.0,0.0605326859739911,4.272464762115617,4.353758745948912,4.500799942016601,4.481333287556966,4.4691999864578245,4.373249998092652,5.036275000572204,3.9700000286102295,4.96999979019165,3.75,5.079999923706055,3.5999999046325684,5.079999923706055,3.5999999046325684,5.739999771118164,3.5999999046325684,6.510000228881836,3.5999999046325684,8.25,18473447.5,17823764.0,19214711.111111112,87007725.35920382,0.060085825988245,0.2574999162128993,0.0587899336723573,-0.3394935067575356,0.970874102317383,1.8440646332698,-1.8656364930715064,4.244999885559082,4.090000152587891,30992700.0,False,False,True,-0.0817609786257993,0.9640755941897862,0.0478469603626243,1.078697983224003,-0.27722769706299,0.7319274769768677,0.9614220788007336,38.0,38.0,38.0,72.0,72.0,26.0,26.0,64.0,67.0,65.0,60.0,53.84615384615385,AUR
2026-03-23,507.2799987792969,513.9600219726562,496.4800109863281,503.0,564100.0,0.0221855240279735,508.9102958191446,510.8769459583428,507.7504016113281,495.8143351236979,520.9419989013672,553.5240005493164,653.5970487976074,410.5400085449219,588.3800048828125,396.4100036621094,649.8900146484375,396.4100036621094,649.8900146484375,396.4100036621094,764.02001953125,396.4100036621094,794.2899780273438,396.4100036621094,885.9199829101562,1124997.5,1020068.0,752255.1587301587,586605874.2762756,0.0499352603876543,21.072869437081472,0.0415409034217603,-0.6313191680209581,0.522473211277574,-2.690704188180047,-4.937608263650347,505.6400146484375,488.0499877929688,1003600.0,False,True,True,0.1690903516811324,1.2274488986231196,-0.0994177453574578,0.9270974660975752,-0.3450479909219143,0.663248120601035,1.495499880517998,82.0,92.0,92.0,36.0,36.0,21.0,21.0,85.0,80.0,72.0,68.0,65.38461538461539,AXON
2026-03-23,64.44000244140625,65.23999786376953,53.22999954223633,55.290000915527344,13973600.0,0.1880531055917875,51.27503808205786,45.061051211995256,40.88840019226074,38.338666852315264,31.07980010986328,21.8003000497818,12.46270002067089,22.59000015258789,65.23999786376953,14.050000190734863,65.23999786376953,8.4399995803833,65.23999786376953,4.0,65.23999786376953,2.059999942779541,65.23999786376953,1.1299999952316284,65.23999786376953,8807447.5,8581612.0,3142254.761904762,485895840.741024,0.1701292907962495,7.570714133126395,0.1174846965595673,9.136274920737426,1.347297042733176,24.93428478463179,20.82621935583023,60.7400016784668,52.70000076293945,10855100.0,False,False,False,1.1711590895829205,2.27953881358436,3.5995718335937044,4.734993799928983,13.847926307786288,15.0360012366766,2.802906882910133,96.0,99.0,99.0,99.0,99.0,99.0,99.0,99.0,99.0,99.0,99.0,100.0,AXTI
2026-03-23,4.050000190734863,4.179999828338623,3.75,3.9700000286102295,4762600.0,0.0438144513607678,4.358228893534902,4.288207342559993,4.201400032043457,4.154833364486694,3.866900014877319,3.3540500164031983,3.2444750118255614,3.369999885559082,5.295000076293945,2.819999933242798,5.295000076293945,2.6700000762939453,5.295000076293945,2.319999933242798,5.295000076293945,2.319999933242798,5.295000076293945,2.319999933242798,5.295000076293945,2623515.0,2414888.0,1288171.4285714286,15272325.476201773,0.0859192585911814,0.4531428132738386,0.1118871091192755,0.4232001039335132,0.3751578339414436,12.334795210716972,9.9165550420684,4.599999904632568,3.859999895095825,5240200.0,False,False,False,0.0411311263536919,1.093102216203767,0.4944649939946672,1.538465478263194,0.2857143073395529,1.3020001254338505,2.0366194605864347,92.0,82.0,82.0,95.0,95.0,86.0,86.0,82.0,89.0,87.0,90.0,53.84615384615385,BAK
2026-03-23,11.079999923706056,11.529999732971191,10.050000190734863,11.1899995803833,4200000.0,-0.1309803981407016,13.993474068086774,13.27294157611536,12.435200004577636,10.820333337783811,7.415799996852875,4.280050002336502,2.791529997587204,2.325000047683716,29.700000762939453,1.0800000429153442,29.700000762939453,1.059999942779541,29.700000762939453,1.0,29.700000762939453,1.0,29.700000762939453,1.0,29.700000762939453,20501465.0,16733184.0,3676103.1746031744,373194658.1394672,0.3080488435295154,5.582142557416644,0.5038034833803068,0.980753772482364,-0.2991682958858012,20.60381146389483,16.1532980623843,12.989999771118164,10.75,4827400.0,False,True,True,1.4954954461514998,2.6200653632056685,8.470085752237646,9.748906842619384,9.65384647126735,10.788796051158592,5.576955821489716,99.0,99.0,99.0,99.0,99.0,99.0,99.0,99.0,99.0,99.0,99.0,42.30769230769231,BATL
2026-03-23,69.5999984741211,71.2699966430664,68.4000015258789,69.22000122070312,1434200.0,0.0154653858248434,69.49296534218962,69.5896648442992,68.90520050048828,69.73433380126953,72.43400047302246,71.47950019836426,60.09807514190674,62.77000045776367,84.94000244140625,62.77000045776367,84.94000244140625,62.060001373291016,84.94000244140625,50.79999923706055,84.94000244140625,46.810001373291016,84.94000244140625,28.325000762939453,84.94000244140625,2916432.5,3057064.0,2710386.904761905,169586040.87841034,0.0480369425096276,3.158212389264788,0.0453766157831035,-0.8622348610063189,0.3356321323406976,6.940340797218853,7.231762317242378,72.3499984741211,68.0,2906400.0,True,True,True,0.0214264616605566,1.072413935832154,-0.0612355132573851,0.9664038708678728,0.3290051535927389,1.3458393258923238,1.076020731533233,50.0,78.0,78.0,43.0,43.0,87.0,87.0,66.0,54.0,47.0,76.0,69.23076923076923,BBIO
2026-03-23,9.800000190734863,10.039999961853027,9.630000114440918,9.829999923706056,9242100.0,0.0103093178800075,9.209508976346054,8.72993608649625,8.433599987030028,8.136333354314168,7.575400018692017,7.455800004005432,7.929000008106231,6.260000228881836,10.31999969482422,6.230000019073486,10.31999969482422,6.230000019073486,10.31999969482422,6.0,10.31999969482422,6.0,10.31999969482422,6.0,11.3100004196167,5415532.5,5521298.0,4438323.412698412,62415717.6585269,0.0550049308903772,0.4785713468279157,0.0488338099503679,6.013478839489714,0.2089560566727464,11.331921288093866,5.539725809850353,10.31999969482422,9.640000343322754,13148800.0,False,True,False,0.315436300890527,1.3811001317521232,0.3443073034315662,1.383886800170797,0.2727273290244592,1.2888486443476304,1.2201752771115577,64.0,96.0,96.0,92.0,92.0,85.0,85.0,96.0,93.0,89.0,88.0,96.15384615384616,BCRX
2026-03-23,141.3300018310547,157.38999938964844,141.25,155.99000549316406,12643400.0,-0.058553114655187,153.85965921136568,154.3768781960378,156.73080139160157,155.21500091552736,151.98640075683593,129.61430061340332,91.03275022506712,131.0,180.8999938964844,84.13999938964844,180.8999938964844,75.69999694824219,180.8999938964844,70.88999938964844,180.8999938964844,40.560001373291016,180.8999938964844,15.149999618530272,180.8999938964844,11220477.5,11439044.0,10795325.0,1658381597.4824524,0.0979602507242833,14.671001979282924,0.1038067062138765,-0.6754299722054184,-0.5991406243789793,8.957887864913204,7.703257300146896,169.08999633789062,148.05999755859375,15966000.0,False,False,False,-0.0421552090278254,1.0056584010295209,0.7619997935944856,1.8138771172593036,0.6640763137079819,1.6851547476846214,1.0393830199646603,46.0,54.0,54.0,97.0,97.0,94.0,94.0,55.0,95.0,94.0,94.0,19.230769230769237,BE
2026-03-23,4.190000057220459,4.340000152587891,4.045000076293945,4.090000152587891,4856300.0,0.0554156239357117,3.953162020944181,3.837285136214052,3.662800016403198,3.589333343505859,3.8226000118255614,3.418300001621246,2.6599499982595445,2.819999933242798,4.960000038146973,2.819999933242798,5.03000020980835,1.899999976158142,5.03000020980835,1.8650000095367432,5.03000020980835,1.340000033378601,5.03000020980835,1.3200000524520874,5.03000020980835,6299855.0,6461372.0,4970578.571428572,33887744.625006914,0.0886425474784404,0.2771428823471069,0.0661438850984065,1.4530837575961155,0.7938144640304743,12.822244033871025,8.449331683725068,4.010000228881836,3.849999904632568,5259900.0,False,False,False,0.4060402786585131,1.4762268707268034,0.2144927534228786,1.2502502114469598,1.2648648666064175,2.293553337299445,1.26742891385165,68.0,97.0,97.0,87.0,87.0,98.0,98.0,95.0,91.0,96.0,96.0,96.15384615384616,BFLY
2026-03-23,4.730000019073486,5.380000114440918,2.7799999713897705,2.7799999713897705,64635000.0,0.7326007274823261,2.600459447866776,2.0190133858962342,1.5560799932479858,1.4648333251476289,1.3632199931144715,1.4931099963188172,4.261304990053177,0.8199999928474426,5.380000114440918,0.6930000185966492,5.380000114440918,0.6930000185966492,5.380000114440918,0.6930000185966492,5.380000114440918,0.6930000185966492,13.5,0.6930000185966492,46.52999877929688,12332700.0,9880038.0,2829939.365079365,63671792.62964249,0.223195062016851,0.6615000069141388,0.1398520093544764,17.65956837242378,3.023431563258616,4.592516545232891,-5.616864652698707,3.5899999141693115,2.609999895095825,14560900.0,False,False,False,3.379629473259426,4.59825142308237,2.877049105041165,3.991198341617581,-0.0502008030205815,0.9618300632922654,4.357937895130178,98.0,99.0,99.0,99.0,99.0,48.0,48.0,99.0,99.0,99.0,99.0,100.0,BIAF
2026-03-23,27.739999771118164,28.479999542236328,25.020000457763672,26.100000381469727,1847300.0,0.0632426067029596,25.32917174143865,24.28923351218037,22.99199981689453,22.848333168029782,23.78139991760254,21.09719994544983,20.520149936676024,17.520000457763672,28.8799991607666,17.520000457763672,29.790000915527344,12.40999984741211,29.790000915527344,12.40999984741211,33.198001861572266,12.40999984741211,33.198001861572266,6.150000095367432,33.198001861572266,1425595.0,1458862.0,1640480.9523809524,33703539.1812706,0.1043356487175179,2.350928170340402,0.0847486730258772,1.964134758112988,0.7018502901734178,7.840622475662048,3.072194894269364,28.8799991607666,25.57999992370605,2300700.0,False,False,False,0.3953722807928161,1.465026348703904,0.5878649605849173,1.6346153545382809,0.3215817090807151,1.3383218504853602,0.8690103947448629,29.0,97.0,97.0,96.0,96.0,87.0,87.0,96.0,93.0,97.0,96.0,100.0,BKSY
2026-03-23,40.02000045776367,40.220001220703125,38.83000183105469,39.220001220703125,1133800.0,0.0232677022043117,38.04865970068577,38.03864224843285,36.49360000610351,37.29100011189779,42.609600143432615,49.55110004425049,51.71447500228882,31.75,45.0,31.75,58.25,31.75,59.56999969482422,31.75,59.56999969482422,31.75,59.56999969482422,31.75,59.56999969482422,1436207.5,1358822.0,881345.6349206349,45932696.8756485,0.0454000283622844,1.6139281136648995,0.0403280383609242,-1.5070167431891173,0.5638416232465809,-1.958805931723808,-5.223781347691469,39.70000076293945,37.72999954223633,1962800.0,False,False,False,0.1070539078432493,1.1623157251658185,-0.30773223478501,0.712649719315856,-0.2450480715916729,0.7645147136288154,1.6295621639169182,86.0,89.0,89.0,14.0,14.0,28.0,28.0,86.0,78.0,70.0,66.0,100.0,BL
2026-03-23,39.54999923706055,39.900001525878906,37.0099983215332,38.0,1426300.0,0.0416117452083706,38.02846162188503,36.60323084780883,35.11839973449707,34.579332987467446,34.480199851989745,38.94449983596802,46.58143776538325,27.959999084472656,40.58000183105469,24.790000915527344,43.0,24.790000915527344,48.869998931884766,24.790000915527344,70.5,24.790000915527344,74.9800033569336,24.790000915527344,118.0,2145272.5,2052092.0,3382876.470588235,48882745.365600586,0.0593075240238678,2.296072006225586,0.0580549191028564,2.532689651010517,0.6881308652661606,-2.113195523844592,-7.254028733307535,39.54999923706055,37.77000045776367,1771000.0,False,False,False,0.244885069789027,1.3070271306470205,-0.0776586228569573,0.9494972271751768,-0.4283029912894989,0.578938550191189,0.6341563218910464,16.0,95.0,95.0,40.0,40.0,16.0,16.0,93.0,93.0,89.0,87.0,100.0,BLSH
2026-03-23,3.5899999141693115,3.670000076293945,3.490000009536743,3.619999885559082,3533200.0,0.0056022356584042,3.5787275247347443,3.4217280108762087,3.2071999740600585,3.1703333139419554,3.3007999801635743,3.594399983882904,4.985400000810623,2.609999895095825,4.309999942779541,2.609999895095825,4.309999942779541,2.609999895095825,4.309999942779541,2.609999895095825,6.289999961853027,2.609999895095825,7.320000171661377,2.609999895095825,8.640000343322754,4768732.5,4312076.0,3388861.904761905,22562229.170088768,0.0748816939126046,0.3382857016154698,0.0942300027028679,0.9298005054269972,0.0591215674532046,-4.114988385885008,-8.015191934184822,3.759999990463257,3.490000009536743,8963300.0,False,True,True,0.1848184647086599,1.243962126181022,0.0286532677247304,1.05893918416049,-0.4907801677952714,0.5156699910852462,1.4071781719105023,78.0,93.0,93.0,68.0,68.0,13.0,13.0,92.0,86.0,80.0,77.0,73.07692307692307,BMBL
2026-03-23,21.270000457763672,21.790000915527344,20.530000686645508,21.200000762939453,47876500.0,0.0157593082755336,21.274462274119376,21.23979980605794,20.596399841308592,20.54933319091797,23.214999809265137,28.82350124359131,36.37654951572418,18.649999618530277,23.850000381469727,17.190000534057617,34.38999938964844,17.190000534057617,42.084999084472656,17.190000534057617,65.58073559392504,17.190000534057617,65.58073559392504,3.918848952554093,160.95272284613716,45773047.5,45362270.0,42341998.0,995546053.2661344,0.0643983046624696,1.5461428506033752,0.0726912467008915,-1.152573577041636,0.2134343043252916,-6.604043132804499,-9.659113015348323,21.229999542236328,20.224000930786133,65702600.0,False,True,True,0.056631959489543,1.1093768185328183,-0.2518466328017804,0.7701807218677047,-0.6528594132431964,0.3515377288098988,1.081031828020964,51.0,84.0,84.0,18.0,18.0,7.0,7.0,73.0,76.0,68.0,63.0,88.46153846153845,BMNR
2026-03-23,52.43000030517578,53.29999923706055,51.38999938964844,51.45000076293945,3967000.0,0.0486000061035156,51.02668131714165,51.53237600656934,51.319999847412106,51.747999827067055,54.53359992980957,56.62699993133545,59.5620499420166,46.52000045776367,59.83000183105469,46.52000045776367,64.9990005493164,46.52000045776367,65.93000030517578,46.52000045776367,65.93000030517578,46.52000045776367,74.6500015258789,46.52000045776367,77.87999725341797,5928280.0,5310012.0,3807581.349206349,209572357.4078369,0.0476807300824617,2.4959289005824496,0.0476049758927057,-0.8103013591000909,0.9735855474924452,0.2389514863576822,-1.4640628372035036,51.75,49.69300079345703,3353700.0,False,False,True,0.0741651061265005,1.1277851832053898,-0.1930121699232997,0.8307474065571575,-0.1055953384424595,0.9057338592942902,1.5569673911854012,84.0,86.0,86.0,24.0,24.0,41.0,41.0,70.0,59.0,49.0,43.0,96.15384615384616,BROS
2026-03-23,18.920000076293945,19.09000015258789,18.229999542236328,18.670000076293945,3336300.0,0.0321876789440052,18.919336459260155,19.062860621203512,18.57060001373291,18.445166683197023,20.567499980926517,25.60504996299744,26.873049960136413,15.260000228881836,21.049999237060547,15.260000228881836,36.22999954223633,15.260000228881836,37.32699966430664,15.260000228881836,37.32699966430664,15.260000228881836,37.32699966430664,15.260000228881836,43.88999938964844,3056562.5,3029618.0,1976884.9206349207,46126894.84579086,0.0623494195686669,1.0502853393554688,0.0555119098900764,-1.442971398898647,0.5617522500599289,-1.2223805387344528,-4.448103833144124,19.18000030517578,18.07999992370605,3610400.0,True,False,True,0.1025641168142119,1.157601813152333,-0.4691357912371564,0.5464940711953903,-0.4094881543175966,0.5979917099465036,1.5461509509710445,83.0,88.0,88.0,6.0,6.0,17.0,17.0,85.0,76.0,68.0,63.0,80.76923076923077,BRZE
2026-03-23,8.630000114440918,8.899999618530273,8.3100004196167,8.329999923706055,5953200.0,0.0641184315384695,8.303724839427874,8.500888984534043,8.116799983978272,8.69433331489563,10.62710000038147,12.108350024223329,13.652750017642974,6.915999889373779,13.359999656677246,6.915999889373779,16.2450008392334,6.915999889373779,17.700000762939453,6.915999889373779,27.799999237060547,6.915999889373779,27.799999237060547,6.840000152587891,27.799999237060547,8708882.5,8445368.0,6299771.428571428,62977804.431746006,0.0829313206604269,0.7329999719347272,0.0849362644512796,-2.2125437297079475,0.7094140213827693,-2.5676155754992536,-5.079647355716397,8.680000305175781,7.849999904632568,12031100.0,False,False,True,0.1092544835102911,1.1646261489709273,-0.1378621461425351,0.8875211737936239,-0.475379956584341,0.5312652728783139,1.3824124571413023,76.0,89.0,89.0,31.0,31.0,14.0,14.0,86.0,77.0,69.0,64.0,76.92307692307693,BTDR
2026-03-23,4.099999904632568,4.139999866485596,3.900000095367432,3.9600000381469727,25292800.0,-0.0024331456343007,4.065906168964584,3.962635110244491,3.902594232559204,3.8374895493189496,3.654889545440674,3.316693735122681,2.727197037935257,3.3267062644708623,4.309999942779541,2.968139320712777,4.309999942779541,2.5796915276777725,4.309999942779541,2.1713234051498653,4.309999942779541,1.9223183983651213,4.309999942779541,1.3431304051195825,4.309999942779541,20594610.0,19995030.0,30558992.063492063,87454485.4326117,0.0431338295130834,0.1660532901778313,0.0405008034244607,3.0069749259982226,-0.0602230095599213,17.30941002585358,12.924495547315008,4.230000019073486,4.099999904632568,25083200.0,False,False,True,0.0918788938709582,1.1463832062120056,0.3540735444708969,1.393940581792838,0.7223361155488277,1.744152511706936,0.6739296229800649,17.0,87.0,87.0,92.0,92.0,95.0,95.0,84.0,87.0,89.0,93.0,88.46153846153845,BTE
2026-03-23,42.09999847412109,43.255001068115234,41.400001525878906,41.709999084472656,2821400.0,0.02159668549917,41.57192523542944,41.126249688711326,40.99760025024414,40.69166692097982,40.05960006713868,37.70249996185303,31.090874948501583,37.2400016784668,44.869998931884766,36.869998931884766,44.869998931884766,30.63999938964844,44.869998931884766,27.11000061035156,44.869998931884766,22.459999084472656,44.869998931884766,15.484000205993652,44.869998931884766,2731387.5,2497840.0,2647401.587301587,163988657.48609543,0.0507353522691538,2.219642639160156,0.0527231049788415,0.9660673123804474,0.4009651706750351,9.740670241427187,8.154949859725281,43.93000030517578,39.90999984741211,6556900.0,True,True,True,0.0253287156854939,1.076510982222255,0.1490174447441508,1.1828471591937273,0.5415598424534189,1.5610863912616215,1.031723903582009,45.0,79.0,79.0,83.0,83.0,92.0,92.0,71.0,62.0,80.0,85.0,92.3076923076923,BTSG
2026-03-23,35.38999938964844,37.13999938964844,35.209999084472656,35.709999084472656,4655700.0,-0.0514607856599288,35.60298124182546,35.01029742718963,34.16848342895508,34.465304438273115,34.974735260009766,31.95010332107544,25.699568877220155,30.280000686645508,41.13999938964844,29.354193262378992,41.13999938964844,25.40305033341708,41.13999938964844,24.479423952387783,41.13999938964844,15.596363653959436,41.13999938964844,9.477016582162824,41.13999938964844,3294930.0,3332232.0,4420556.746031746,125794187.53404616,0.062159107302143,2.2517856870378767,0.0636277402055147,0.1866050890590346,-0.8526575129661894,9.538361273729445,6.0273921063476426,38.5,36.18999862670898,8037800.0,False,True,True,0.0578389325369237,1.110644041152135,0.1787748818512504,1.213480723643096,0.5650127738659245,1.584836395027279,0.7453653893161306,21.0,84.0,84.0,85.0,85.0,93.0,93.0,78.0,72.0,81.0,81.0,84.61538461538461,BTU
2026-03-23,14.079999923706056,16.190000534057617,13.899999618530272,15.229999542236328,10062700.0,-0.0724637917889019,13.752500257846364,12.640525733227417,11.555600051879884,11.237000052134196,10.423000030517578,8.060200014114379,5.006140007674694,7.949999809265137,16.239999771118164,4.860000133514404,16.239999771118164,4.570000171661377,16.239999771118164,2.700000047683716,16.239999771118164,1.399999976158142,16.239999771118164,0.2240000069141388,16.239999771118164,4571690.0,4286882.0,3117843.253968254,81045432.21634865,0.1300162369730926,2.05649995803833,0.1460582364475631,2.4021833700205466,-0.5348895715607033,20.780902740140117,16.029962965560838,16.239999771118164,14.579999923706056,5350300.0,False,False,True,0.6146788408876476,1.6952802339251265,1.9272349461962124,3.013419470904356,3.305810399337269,4.360351011129358,1.4662988571286748,80.0,98.0,98.0,99.0,99.0,99.0,99.0,98.0,99.0,98.0,99.0,84.61538461538461,BW
2026-03-23,22.13999938964844,22.8799991607666,21.8799991607666,21.8799991607666,2232200.0,0.0231053610953047,21.28703556125918,20.89181403500928,20.070000076293944,19.54033342997233,21.287200050354,23.226700019836425,28.62527500152588,15.880000114440918,23.61000061035156,15.880000114440918,27.01000022888184,15.880000114440918,28.799999237060547,15.880000114440918,29.82999992370605,15.880000114440918,34.790000915527344,15.880000114440918,47.150001525878906,1930857.5,1772052.0,1046762.3015873017,47614291.52953148,0.0590470093590294,1.0701426097324915,0.0483352592246609,0.828827708636272,0.4672274474941123,3.5784572197961277,-2.5109083924563205,22.1299991607666,21.09000015258789,6047000.0,False,True,False,0.3393828475479263,1.406242039970068,-0.0728643145841009,0.9544326909027184,-0.275523567520923,0.7336531922970292,1.8445997692810143,90.0,97.0,97.0,41.0,41.0,26.0,26.0,93.0,87.0,81.0,78.0,92.3076923076923,BWIN
2026-03-23,19.26000022888184,19.559999465942383,18.59000015258789,18.59000015258789,3729800.0,0.0461705805820096,18.773627318411734,19.21428487117613,19.12039993286133,19.50866661071777,21.733200035095216,24.357550048828124,27.66701576472577,17.149999618530273,23.0,17.149999618530273,29.31999969482422,17.149999618530273,29.31999969482422,17.149999618530273,33.654998779296875,17.149999618530273,42.5,17.149999618530273,42.5,2598147.5,2596796.0,1662862.3036649216,53017063.52166176,0.0606311379337913,1.0039285932268416,0.0521250561420749,-2.1831772180820628,0.8466741431655445,-2.589789059244956,-6.824067220293131,19.200000762939453,17.940000534057617,8271000.0,False,False,True,-0.0138249077455637,1.0354028917410976,-0.3086862955155263,0.7116675688446412,-0.4088398052045675,0.5986482715338407,1.5624549875679574,84.0,65.0,65.0,14.0,14.0,17.0,17.0,69.0,58.0,48.0,42.0,73.07692307692307,CAI
2026-03-23,30.100000381469727,30.31999969482422,28.149999618530277,29.670000076293945,1323900.0,0.0343642607179064,30.31668819871445,29.43558291411081,28.90520004272461,28.09233341217041,26.368000144958497,21.546300015449525,14.765499999523165,22.049999237060547,36.4900016784668,21.059999465942383,36.4900016784668,4.300000190734863,40.369998931884766,4.300000190734863,40.369998931884766,4.300000190734863,40.369998931884766,4.300000190734863,40.369998931884766,1399605.0,1405202.0,2175961.111111111,50274433.35392952,0.0691715934666263,2.5842855998447964,0.085856663358574,1.6485057400284098,0.3869541354330406,11.38589969084137,6.758001386326347,32.45000076293945,29.09000015258789,5760600.0,False,False,True,0.0557699102007425,1.1084717375452149,0.1492936146498937,1.1831314601762382,3.526315781925807,4.583649479653979,0.6432123225241464,16.0,84.0,84.0,83.0,83.0,99.0,99.0,92.0,89.0,99.0,99.0,73.07692307692307,CAPR
2026-03-23,34.349998474121094,34.88999938964844,33.91999816894531,34.15999984741211,1258300.0,0.022321429585113,33.07496878300662,32.39606401073747,31.567199783325197,30.92466646830241,31.91419986724853,34.14229990005493,34.14104996681213,26.38999938964844,35.0099983215332,26.38999938964844,39.41999816894531,26.38999938964844,39.41999816894531,26.38999938964844,39.41999816894531,26.38999938964844,39.41999816894531,24.649999618530277,39.41999816894531,1486285.0,1374608.0,1069355.5555555555,49937357.737112045,0.044739141069034,1.3614285332815987,0.0396340201967485,1.9257029284785567,0.5508919356877248,1.3028395430512072,-3.699234665459393,34.599998474121094,33.439998626708984,3251300.0,False,True,False,0.1385481732600848,1.195382118488841,-0.1068642929846267,0.919431674993282,-0.0800750312332168,0.931577425783256,1.389888510213836,77.0,91.0,91.0,35.0,35.0,44.0,44.0,89.0,82.0,75.0,70.0,100.0,CARG
2026-03-23,38.119998931884766,38.29999923706055,37.25,37.369998931884766,3379200.0,0.0322230873781554,37.6019807475819,37.49138463071768,37.29379974365234,36.81949984232585,37.49339988708496,39.75924987792969,42.080349922180176,32.72999954223633,39.70000076293945,32.72999954223633,46.0099983215332,32.72999954223633,47.290000915527344,32.72999954223633,47.290000915527344,32.72999954223633,47.90999984741211,32.72999954223633,53.5,5311485.0,5518730.0,5017373.80952381,167313565.84077835,0.0404944762946493,1.6075008937290736,0.0421694894745789,0.3963113965986137,0.740278671913165,2.8665848272260206,-1.748680485251357,37.28499984741211,36.04999923706055,5651800.0,False,False,True,0.0515861774313037,1.1040791615799814,-0.1519466454978553,0.873021994405781,-0.0814458088702466,0.9301892848524392,1.0586185525818146,48.0,83.0,83.0,29.0,29.0,44.0,44.0,77.0,66.0,57.0,51.0,100.0,CART
2026-03-23,87.06999969482422,90.68000030517578,86.01000213623047,86.30000305175781,2697800.0,0.0332265712981749,84.97126814375414,81.58183898284847,79.28079940795898,77.26366640726725,72.85339965820313,63.35169982910156,68.47009992599487,61.18999862670898,91.83399963378906,58.04999923706055,91.83399963378906,43.40999984741211,91.83399963378906,43.40999984741211,91.83399963378906,43.40999984741211,91.83399963378906,43.40999984741211,101.5,3705310.0,3665188.0,4075341.26984127,346131026.71260834,0.0546400925394501,4.266714368547712,0.0490032661479536,3.982180077160357,0.6562433783705252,10.19162903199808,5.507553257196621,87.87000274658203,83.19000244140625,3253700.0,False,True,True,0.241905561786125,1.3038988918318235,0.5537116037180365,1.599456444347918,0.3705336277009114,1.3878938306833617,0.9092023844531472,33.0,95.0,95.0,96.0,96.0,89.0,89.0,94.0,91.0,95.0,94.0,88.46153846153845,CAVA
2026-03-23,18.434513092041016,18.99253025347079,17.856566271125228,17.856566271125228,3145800.0,0.0451976625191452,18.13577165278801,17.952223804871558,18.06193702697754,18.360898780822755,17.264325523376463,14.726405172348022,14.185226221084594,15.42520401064382,21.66203377248124,11.579521422149554,21.66203377248124,10.350188083917944,21.66203377248124,10.350188083917944,21.66203377248124,10.350188083917944,21.66203377248124,8.934064695421002,21.66203377248124,3879605.0,3763364.0,3614062.698412698,66848085.379714966,0.0691684700571451,1.2386711661285186,0.0671930503368329,1.0087452598029258,0.643566142604558,11.993295517105851,7.726792075672225,18.95267342517807,17.527735037711373,9343100.0,False,False,True,0.0912248755618994,1.1456965406758652,0.5665101479206287,1.6126318071077257,0.1010462623130141,1.1149929369662197,1.0734747357050358,50.0,87.0,87.0,96.0,96.0,74.0,74.0,81.0,93.0,93.0,91.0,69.23076923076923,CC
2026-03-23,6.179999828338623,6.335000038146973,6.079999923706055,6.199999809265137,10293600.0,-0.004830951630284,6.0777290041099015,6.021146135225003,5.780800018310547,5.690000009536743,6.451399984359742,7.103200001716614,8.294049999713899,4.804999828338623,6.449999809265137,4.804999828338623,8.675999641418457,4.804999828338623,8.675999641418457,4.804999828338623,9.545000076293944,4.804999828338623,10.135000228881836,4.804999828338623,10.5,15756870.0,14018030.0,8692690.07936508,87802551.45126104,0.0634955345756729,0.3025000435965402,0.0489482284788123,-0.8594470903289345,-0.09917423300726,-6.5379990022635095,-9.829806210095724,6.269999980926514,5.980000019073486,17552100.0,False,True,True,0.2141453129812869,1.274752909425927,-0.2255639331369139,0.797237244618281,-0.3522012732651799,0.6560042294387226,1.8126575152384692,90.0,94.0,94.0,21.0,21.0,21.0,21.0,88.0,80.0,73.0,69.0,96.15384615384616,CCC
2026-03-23,2.559999942779541,2.809999942779541,2.549999952316284,2.759999990463257,2696300.0,-0.0518518897895126,2.729416917872283,2.697383372986776,2.698399991989136,2.5543333292007446,2.360600004196167,2.360199997425079,2.2992499971389773,1.7350000143051147,3.819999933242798,1.690000057220459,3.819999933242798,1.690000057220459,3.819999933242798,1.690000057220459,3.819999933242798,1.690000057220459,3.819999933242798,1.0850000381469729,3.819999933242798,2282750.0,2234086.0,1725229.365079365,10304703.348279,0.1236337685852513,0.2946428571428571,0.1150948686439993,0.7339165057048205,-0.4751518711899266,5.146627259250774,2.785177283558185,2.8499999046325684,2.5799999237060547,3310800.0,False,False,True,0.1851851115992069,1.2443470753180483,0.2736318183710648,1.311130466391141,-0.1898734578336005,0.8203882102708673,1.3231573993612076,73.0,93.0,93.0,89.0,89.0,33.0,33.0,95.0,92.0,87.0,84.0,30.76923076923077,CCCC
2026-03-23,56.104095458984375,57.59340564590498,55.13454192173042,56.11408916600475,2707800.0,-0.0143986035313399,56.71897461163716,55.194165278430496,53.93606063842773,54.655996576944986,51.77554237365722,46.16377563476563,47.69266773223877,46.61847255522605,61.89141995824076,41.30722296583895,61.89141995824076,35.09366053667088,61.89141995824076,35.09366053667088,61.89141995824076,35.09366053667088,61.89141995824076,35.09366053667088,63.40795252190017,2762705.0,2692414.0,2430581.3492063493,157957738.00739288,0.0676338182195037,3.776827183701168,0.0673182082841397,1.241896898824305,-0.2170133818491846,9.017604755126005,6.256996576414941,60.592021909514784,56.27401595817836,2746800.0,False,True,True,0.0379262015223775,1.0897373082232076,0.3088367996907351,1.3473719632752137,0.2700711911967097,1.2861588618935054,1.1366437090871688,57.0,81.0,81.0,91.0,91.0,85.0,85.0,82.0,85.0,90.0,87.0,69.23076923076923,CE
2026-03-23,119.69134521484376,121.04581602639838,114.75151361909232,114.75151361909232,8624300.0,-0.0377902112862302,121.0870613554154,115.23206773200624,110.04273468017578,107.470228322347,99.9743865966797,89.56239349365234,88.87273685455322,91.77531207535172,136.88116884921843,75.16026556825682,136.88116884921843,74.71448130835641,136.88116884921843,74.71448130835641,136.88116884921843,74.71448130835641,136.88116884921843,65.54225967260496,136.88116884921843,4618320.0,4238188.0,2937301.587301587,817797795.7656097,0.0581592095800282,8.982614299522279,0.075048152256946,2.627914146191056,-0.5233226661321195,13.387989492865996,8.740897186366679,129.5710119364729,123.2069870564142,16466700.0,False,False,True,0.2366742775476646,1.2984064728176312,0.5432568199878138,1.5886938477556336,0.4283960678778815,1.4464891997620597,1.5723002431775197,84.0,95.0,95.0,96.0,96.0,90.0,90.0,89.0,93.0,90.0,87.0,76.92307692307693,CF
2026-03-23,64.95999908447266,66.30000305175781,63.96500015258789,64.79000091552734,1883800.0,-0.0018439266011939,64.47004948901073,62.33178495988377,60.9884001159668,59.518333435058594,57.13980003356934,49.17589992523193,40.09089993476868,49.25,69.3499984741211,39.13999938964844,69.3499984741211,35.79999923706055,69.3499984741211,35.79999923706055,69.3499984741211,24.850000381469727,69.3499984741211,14.800000190734863,69.3499984741211,1208840.0,1392570.0,1130591.2698412698,102749278.8563156,0.0560229056288652,3.372500010899135,0.051916564938888,2.6361683505947595,-0.0355827268181498,11.381064310546364,8.506059613098994,66.76000213623047,63.14500045776367,3214100.0,True,True,True,0.1271906625108994,1.1834576645404,0.7094736601177014,1.759804493688058,0.7604335067280299,1.7827324729089415,1.0692104496523451,50.0,90.0,90.0,97.0,97.0,95.0,95.0,90.0,94.0,94.0,91.0,88.46153846153845,CGON
2026-03-23,407.8999938964844,415.5700073242188,393.9599914550781,399.3999938964844,3544000.0,0.0625439014610342,373.4923247547816,352.59471670336126,344.5928002929688,336.5776672363281,300.6325994873047,255.42079940795895,182.3243494796753,266.6099853515625,419.7999877929688,216.07000732421875,419.7999877929688,168.22000122070312,419.7999877929688,143.19000244140625,419.7999877929688,84.41000366210938,419.7999877929688,49.209999084472656,419.7999877929688,3867965.0,3530688.0,2709404.365079365,1189408914.016571,0.0743945837624633,31.171430315290177,0.0764192958610359,4.669051106565548,0.7702559364518324,16.563027198049987,13.835856793232193,419.7999877929688,380.1099853515625,5809600.0,True,False,False,0.2177936379484681,1.2785833511504234,0.9358358924566432,1.992831350413012,1.9478933893943415,2.98523360971156,1.427607133823562,78.0,94.0,94.0,98.0,98.0,99.0,99.0,96.0,96.0,97.0,98.0,96.15384615384616,CIEN
2026-03-23,14.890000343322754,15.479999542236328,14.100000381469728,14.100000381469728,23942100.0,0.0628122840873894,14.617564781933511,14.874435423654296,15.057200164794924,15.303000195821124,15.966400051116944,16.755699939727783,12.811699979305269,13.029999732971191,17.959999084472656,12.635000228881836,19.69599914550781,12.635000228881836,21.15999984741211,12.140000343322754,25.520000457763672,5.289999961853027,25.520000457763672,1.8600000143051147,25.520000457763672,29224685.0,29935854.0,33191714.285714287,383551564.7476912,0.0839541890257526,1.2133571079799108,0.0814880510411825,-0.8273183053045615,0.7252606084831934,2.002696798477914,0.25233550496272,14.899999618530272,13.51200008392334,25392100.0,False,False,True,0.0163823024601934,1.0671179827468666,-0.0171616687626519,1.0117753506428817,0.2125407709369764,1.227899718344399,0.8804813378554027,30.0,77.0,77.0,53.0,53.0,82.0,82.0,74.0,69.0,59.0,61.0,61.53846153846154,CIFR
2026-03-23,14.84000015258789,14.949999809265137,14.350000381469728,14.43000030517578,1129300.0,0.0399439156649856,14.566780592192792,14.489250456810923,14.13099994659424,14.182166608174642,14.915899868011474,16.315949878692628,16.32999993801117,11.760000228881836,15.46500015258789,11.760000228881836,18.9379997253418,11.760000228881836,19.979999542236328,11.760000228881836,19.979999542236328,11.760000228881836,19.979999542236328,11.760000228881836,20.86000061035156,1976682.5,1864262.0,1529112.3015873015,21290704.671182632,0.045748605534005,0.6085713931492397,0.0410088535641364,-0.1240832213983776,0.9366192713636772,-2.5909122451458364,-6.435604803645674,14.84000015258789,14.170000076293944,3359400.0,False,False,True,0.1276595991379248,1.183950009503763,-0.2064171365169939,0.8169477669372659,-0.1572970108891082,0.8533772948332721,1.292699364165795,70.0,90.0,90.0,23.0,23.0,36.0,36.0,87.0,78.0,71.0,66.0,96.15384615384616,CLBT
2026-03-23,28.059999465942383,28.51000022888184,27.01000022888184,27.61000061035156,1185600.0,0.0007132150414432,28.555944222740493,28.326388462435,28.86119987487793,28.424666595458984,25.754399909973145,22.61179992675781,19.642099995613098,24.96999931335449,31.40999984741211,18.229999542236328,31.40999984741211,17.850000381469727,31.40999984741211,17.420000076293945,31.40999984741211,12.9399995803833,31.40999984741211,7.679999828338623,31.40999984741211,1459867.5,1440610.0,1048661.9047619049,40961665.7149601,0.0521987824437109,1.422142846243722,0.0506822121636116,1.7663504860570445,0.0140622655929823,12.666724110635483,10.78561539658174,29.51000022888184,27.280000686645508,2903900.0,False,False,True,-0.0028429255664974,1.0469330715180585,0.4382367573939576,1.4805817531432226,0.5159372835749256,1.5351392779073607,1.3921240901102991,77.0,69.0,69.0,94.0,94.0,92.0,92.0,69.0,92.0,89.0,87.0,50.0,CLMT
2026-03-23,286.9800109863281,293.0,273.0400085449219,273.7099914550781,2119000.0,0.0664437178642594,275.3552948030659,276.2567691712775,276.5416021728516,279.39366811116537,290.1512014770508,302.97390090942383,252.408200340271,244.50999450683597,325.010009765625,244.50999450683597,352.20001220703125,244.50999450683597,353.3800048828125,230.2400054931641,363.3999938964844,173.22999572753906,363.3999938964844,58.04999923706055,363.3999938964844,2624972.5,2627400.0,3334152.777777778,508556691.31492615,0.0575285963667417,16.291429792131698,0.0567685175568128,-0.1925264504585743,1.097509863219497,3.736848258941488,1.681691620489235,283.79998779296875,265.510009765625,1754300.0,False,False,False,-0.0195086658493612,1.0294354123118865,0.0592794801513532,1.0904671026715629,0.1346223037858303,1.1489942776681346,0.7872982058577266,23.0,63.0,63.0,73.0,73.0,76.0,76.0,79.0,68.0,58.0,64.0,100.0,CLS
2026-03-23,9.979999542236328,10.295000076293944,9.399999618530272,9.404999732971191,24168400.0,0.0617021220471858,9.822977071422793,9.933400375123982,9.87479995727539,9.862333297729492,10.769099979400634,12.000899934768675,12.230799961090089,8.930000305175781,11.0600004196167,8.260000228881836,14.44499969482422,8.260000228881836,15.539999961853027,8.260000228881836,23.61000061035156,8.260000228881836,23.61000061035156,6.452000141143799,23.61000061035156,24428310.0,26458534.0,28031105.95238095,190174651.19360924,0.0760853944878667,0.7634284836905343,0.076495843557871,-0.9578886710221618,0.7597305262992587,-1.3585647313453233,-3.274173983680385,9.914999961853027,9.104999542236328,25595200.0,False,False,True,0.0341968846374229,1.0858218316336763,-0.1089285971254723,0.9173065929939788,-0.267254065631979,0.7420274418758176,0.8714715017487589,30.0,81.0,81.0,35.0,35.0,27.0,27.0,68.0,73.0,64.0,59.0,92.3076923076923,CLSK
2026-03-23,2.549999952316284,2.5899999141693115,2.4800000190734863,2.509999990463257,6990600.0,0.0240963624697752,2.52401064390192,2.4784748938120527,2.3575999784469603,2.2859999736150107,2.4927999925613404,2.991099998950958,3.5520000052452088,1.659999966621399,2.759999990463257,1.659999966621399,3.539999961853028,1.659999966621399,3.869999885559082,1.659999966621399,3.9600000381469727,1.659999966621399,4.559999942779541,1.659999966621399,4.769999980926514,8447055.0,7894594.0,5601411.904761905,22335067.054350376,0.0775178565853405,0.161428587777274,0.0633053297238852,0.3624666161291817,0.3716810238241323,-3.8136918138727776,-7.600192862845579,2.5999999046325684,2.470000028610229,9635400.0,True,False,True,0.4406779546864607,1.5125935871488758,-0.2565597951351906,0.7653287932025706,-0.3640898237486295,0.6439650896918004,1.5080224671245728,82.0,98.0,98.0,18.0,18.0,20.0,20.0,96.0,92.0,88.0,85.0,80.76923076923077,CLVT
2026-03-23,25.940000534057617,27.850000381469727,25.81999969482422,27.290000915527344,1536700.0,-0.0413894661488959,27.312790465961584,26.909436584166198,26.659600143432616,26.20300006866455,25.292600021362304,25.6243500328064,21.76182499885559,22.5,29.174999237060547,21.5,29.174999237060547,21.5,30.57999992370605,17.049999237060547,30.57999992370605,15.010000228881836,30.57999992370605,9.600000381469728,30.57999992370605,1203952.5,1329392.0,1259445.238095238,33441601.241674423,0.0553253126850399,1.5831425530569894,0.0610309375660351,0.4194010574940327,-0.7074529894494272,3.875889862412593,2.582655583028368,28.75,26.71999931335449,573500.0,False,False,False,0.0587755320023517,1.1116273937053722,0.0438631845414654,1.0745969158864466,0.1382184946023459,1.152636020524583,0.9559387447610154,37.0,84.0,84.0,71.0,71.0,76.0,76.0,75.0,73.0,64.0,84.0,65.38461538461539,CNTA
2026-03-23,32.59576416015625,33.25675392097719,30.864359822021918,31.63880501521132,2003400.0,0.0482232932757566,31.827736430797074,32.30928240979237,31.895705184936524,32.29190565745036,35.22629688262939,36.44850597381592,43.5404679107666,28.955377759241525,39.4325895700952,28.955377759241525,43.76610910370979,28.955377759241525,43.76610910370979,28.955377759241525,47.88717172886936,28.955377759241525,56.13673221100304,28.955377759241525,63.25213776124429,1396580.0,1399842.0,976344.8412698412,41747441.03884697,0.0607832614238634,1.8670543138665252,0.0572790472005174,-1.3037098069729005,0.8031696232280342,-0.996367081951088,-4.841934204014192,31.579612518702334,30.52400123172463,2635800.0,False,False,True,0.0057839038961839,1.0559905342773317,-0.1703761354337668,0.8540498979282237,-0.4101265978327869,0.597345179428709,1.430416734914682,79.0,75.0,75.0,27.0,27.0,17.0,17.0,70.0,58.0,48.0,43.0,92.3076923076923,CNXC
2026-03-23,55.77000045776367,57.06999969482422,55.03099822998047,56.5,2740500.0,0.0546520297139518,55.69360312636019,55.643541611942894,55.16419998168945,55.56083335876465,55.17880004882812,52.44955005645752,44.956999950408935,48.0099983215332,61.38999938964844,48.0099983215332,61.38999938964844,40.6150016784668,61.38999938964844,38.06999969482422,61.38999938964844,33.119998931884766,61.38999938964844,25.790000915527344,61.38999938964844,1147087.5,1045028.0,882714.6825396825,61946502.63648987,0.0485105081818113,2.9182131631033763,0.0523258586901649,0.2047604663209667,0.9903318325708136,11.03990095050491,7.670896116014754,53.91999816894531,52.43999862670898,894600.0,False,False,True,0.0335433914751837,1.0851357174585874,0.0626905667725763,1.093978619522881,0.4037251724223021,1.4215058043107038,1.299499739485111,71.0,81.0,81.0,74.0,74.0,89.0,89.0,77.0,66.0,80.0,81.0,80.76923076923077,COCO
2026-03-23,255.0500030517578,267.6700134277344,250.1499938964844,254.19000244140625,9205200.0,0.0055986994504115,255.13603366244652,251.54074437509,253.29719970703124,248.6759999593099,230.79439971923827,198.23639984130855,149.1645999145508,204.57000732421875,300.20001220703125,167.5,300.20001220703125,130.4199981689453,300.20001220703125,105.0199966430664,300.20001220703125,84.3499984741211,300.20001220703125,45.58000183105469,300.20001220703125,8254457.5,7532294.0,4630141.26984127,2703600423.0700684,0.0881350275937309,23.402858189174108,0.0917579216198829,1.1453632583044615,0.0606762711403424,12.527909632872566,11.5505305675908,281.1600036621094,241.00999450683597,51484800.0,True,True,True,0.0276815641015488,1.0789812799137557,0.4515394303472475,1.494276087362827,1.337549277105957,2.3671584228517,1.7827657989111376,89.0,80.0,80.0,94.0,94.0,98.0,98.0,86.0,92.0,95.0,96.0,76.92307692307693,COHR
2026-03-23,200.6199951171875,203.9499969482422,196.1100006103516,198.6000061035156,12466500.0,0.015797443631329,199.36540729615533,195.23933249616763,188.42040100097657,183.2960006713867,194.82819946289064,233.11830017089844,283.46750045776366,139.36000061035156,213.5,139.36000061035156,263.07000732421875,139.36000061035156,317.0899963378906,139.36000061035156,402.1600036621094,139.36000061035156,402.1600036621094,139.36000061035156,444.6499938964844,13798562.5,12877108.0,11338733.333333334,2556197250.9625244,0.058057066788087,11.917858668736049,0.059405138863524,0.5004231569644111,0.261791585544821,-7.703759367034829,-10.496736054302444,203.3000030517578,194.7899932861328,13305100.0,False,True,True,0.1708198889470091,1.2292647707745537,-0.1612876351307085,0.8634059845690124,-0.414179757860843,0.5932406790472422,1.2169403842874864,64.0,93.0,93.0,28.0,28.0,17.0,17.0,94.0,89.0,84.0,80.0,88.46153846153845,COIN
2026-03-23,16.579999923706055,17.020000457763672,16.075000762939453,16.075000762939453,10620100.0,0.0487033196491226,16.324407184178003,16.465465613491688,16.58239990234375,16.821666526794434,17.28629991531372,17.09824996948242,16.104400010108947,14.395000457763672,19.059999465942383,14.395000457763672,20.059999465942383,13.354999542236328,20.059999465942383,13.354999542236328,23.6299991607666,13.135000228881836,23.6299991607666,6.199999809265137,23.6299991607666,12287652.5,11922376.0,15260425.396825396,209362612.73264885,0.0600483228377211,0.9692143712724958,0.0584568381020747,-0.6989592174855462,0.7944573738402287,2.726204166514214,0.5385087410753171,16.299999237060547,15.460000038146973,11538600.0,False,False,True,-0.0416184592547316,1.0062219442294735,0.1387362256781126,1.1722632374082582,-0.0024067938331818,1.0102294671114116,0.8051972458484795,25.0,54.0,54.0,82.0,82.0,56.0,56.0,75.0,64.0,68.0,63.0,69.23076923076923,CORZ
2026-03-23,19.309999465942383,19.63999938964844,18.959999084472656,19.049999237060547,20226500.0,0.025491213180093,19.358344285165696,19.247630661445367,19.003600082397465,18.78833338419596,19.357000045776367,23.00109998703003,26.638000001907347,16.924999237060547,21.649999618530277,16.739999771118164,25.3799991607666,16.739999771118164,29.07999992370605,16.739999771118164,32.957000732421875,16.739999771118164,34.07500076293945,16.739999771118164,34.07500076293945,27683892.5,26757684.0,14401965.476190476,492044102.29712486,0.0501383085957252,0.9128567831856864,0.0472737860400109,-0.0513623373991695,0.5258213019584806,-10.787513954070937,-14.088740044072964,19.434999465942383,18.684999465942383,22789800.0,False,False,True,0.0298666381835936,1.0812754283271433,-0.1489643450224632,0.8760921006616221,-0.4123554745200052,0.5950880701239679,1.922230166831561,91.0,80.0,80.0,29.0,29.0,17.0,17.0,73.0,64.0,55.0,49.0,88.46153846153845,CPNG
2026-03-23,126.63999938964844,127.4800033569336,121.31999969482422,124.1500015258789,15857900.0,0.0048401223221448,121.5846890821147,109.9367846651664,99.160399017334,92.44633255004882,83.46399955749511,85.85209987640381,120.49844984054566,55.310001373291016,136.64999389648438,49.900001525878906,136.64999389648438,49.900001525878906,136.64999389648438,49.900001525878906,159.47000122070312,49.900001525878906,159.47000122070312,49.900001525878906,298.989990234375,17615995.0,16082424.0,17235307.5,2474791601.5244865,0.0853610143298353,8.820784977504186,0.0696524401454253,7.426888015464683,0.0691549121656699,2.038011647186048,-2.6428296229981934,132.3800048828125,122.91000366210938,22700800.0,False,False,False,1.0095207627699594,2.109831839323087,0.5636498670201868,1.6096873129635685,-0.1214097410441419,0.889719139652834,1.0220876534984944,44.0,99.0,99.0,96.0,96.0,39.0,39.0,99.0,98.0,97.0,97.0,84.61538461538461,CRCL
2026-03-23,12.5,12.6850004196167,11.82900047302246,12.229999542236328,7636700.0,-0.0134175276456408,12.147421829318292,11.684033728297182,11.39610954284668,11.18083349863688,10.262282238006591,9.47069787979126,9.102851197719572,9.3640404898677,12.9399995803833,7.602096131743212,12.9399995803833,7.602096131743212,12.9399995803833,7.602096131743212,12.9399995803833,7.602096131743212,12.9399995803833,6.502149444811286,12.9399995803833,8598842.5,7981240.0,5278161.904761905,133679496.41549589,0.0488065915931008,0.5154482910011611,0.0412358632800928,5.287936891378197,-0.3298101463558104,12.530490165893998,7.497350594218361,12.9399995803833,12.454999923706056,19040900.0,False,False,False,0.1790938612580246,1.237951762490626,0.5667611207472429,1.612890169151186,0.5211213535046242,1.5403890131402929,1.6291357967329896,86.0,93.0,93.0,96.0,96.0,92.0,92.0,91.0,94.0,91.0,88.0,96.15384615384616,CRGY
2026-03-23,21.200000762939453,21.75,20.07999992370605,21.06999969482422,2662900.0,-0.0225910446774202,20.89811409705033,20.67275343266033,20.1007999420166,20.0806666692098,21.06360004425049,22.10560001373291,21.10685000419617,18.030000686645508,22.90999984741211,18.030000686645508,25.850000381469727,18.030000686645508,28.100000381469727,16.889999389648438,28.100000381469727,14.649999618530272,28.100000381469727,14.649999618530272,31.170000076293945,2514372.5,2528016.0,2595791.26984127,44367551.71368599,0.0554425058404315,1.1764285223824638,0.0554919094361083,0.1166955754613489,-0.4165146983395412,8.63611296816799,4.121180226043412,22.90999984741211,21.399999618530277,5537900.0,False,True,True,0.0615924632887907,1.1145849403142074,0.0080836933306378,1.03776399421958,0.2544379432822221,1.2703275915798695,0.9686343155602612,39.0,84.0,84.0,61.0,61.0,84.0,84.0,79.0,68.0,59.0,65.0,92.3076923076923,CRK
2026-03-23,413.30999755859375,417.4299926757813,407.0,411.05999755859375,3603300.0,0.010537891341305,422.8525358378528,420.26197024573486,409.4406005859375,410.4811686197917,424.66620056152345,466.1459011840821,467.3018502807617,342.7200012207031,452.0,342.7200012207031,487.2000122070313,342.7200012207031,566.9000244140625,342.7200012207031,566.9000244140625,342.7200012207031,566.9000244140625,298.0,566.9000244140625,4459862.5,4093116.0,3318859.9206349207,1896195691.3406367,0.0445212738581013,17.578933715820312,0.0425320796004413,-0.6287367310364105,0.2451796922537418,-3.2648983626193075,-4.3627107075167935,424.30999755859375,403.6099853515625,9111500.0,True,True,True,0.0635872132449113,1.1166792640190843,-0.1339940722006776,0.8915031327226255,-0.1775743555905495,0.8328431021327396,1.3437935335176177,74.0,85.0,85.0,31.0,31.0,34.0,34.0,82.0,72.0,64.0,58.0,57.692307692307686,CRWD
2026-03-23,32.35327911376953,33.240625738958705,31.21667574598383,32.014292377967564,1614400.0,-0.0405084846238676,30.354682004663395,28.294489995281683,26.20884712219238,25.807181231180827,24.772541007995606,28.47297843933105,29.4366972732544,19.561520664058147,34.39716791090539,19.561520664058147,34.39716791090539,19.561520664058147,37.55771806481603,19.561520664058147,41.54579636025214,19.561520664058147,41.54579636025214,15.054993369805905,41.54579636025214,1446860.0,1432170.0,1340685.7142857143,45413275.39074898,0.0581336461481285,1.9463243676508684,0.060158488442753,5.086792492514598,-0.7017912398445082,-2.865791526546831,-6.471163689303408,33.86874692158232,31.864735993777572,2776400.0,False,True,False,0.5661198683355635,1.644297298952122,0.1470484076203118,1.180820149091371,-0.0528312481489307,0.9591662989804688,1.0791940158554258,51.0,98.0,98.0,82.0,82.0,48.0,48.0,97.0,94.0,91.0,88.0,92.3076923076923,CVI
2026-03-23,6.03000020980835,6.085000038146973,5.840000152587891,5.869999885559082,3700000.0,0.0255102198040848,5.913406374675918,5.890969152744046,5.767600021362305,5.748666667938233,6.106799993515015,6.839300017356873,7.557400002479553,5.119999885559082,6.199999809265137,5.119999885559082,7.894999980926514,5.119999885559082,8.204999923706055,5.119999885559082,8.204999923706055,5.119999885559082,8.845000267028809,5.119999885559082,9.399999618530272,3180107.5,2877738.0,2143632.53968254,21020339.83530283,0.0430864229424428,0.257857118334089,0.0427623730285549,-0.2940928748780963,0.5817178766928051,-4.871508680082952,-8.102495418740205,5.985000133514404,5.829999923706055,4430700.0,False,False,True,0.0787119937763796,1.1325590419836968,-0.233799199810283,0.788759512766293,-0.2259306496358469,0.7838742911355497,1.4835133546120534,81.0,86.0,86.0,20.0,20.0,30.0,30.0,79.0,68.0,59.0,54.0,100.0,CXM
2026-03-23,20.229999542236328,20.420000076293945,19.270000457763672,19.270000457763672,1468200.0,0.0395683707086123,19.29704075239316,18.841430919597304,18.28719970703125,18.334666442871093,18.73579986572265,18.52339994430542,19.44239999771118,15.739999771118164,20.71999931335449,15.739999771118164,20.979999542236328,15.739999771118164,20.979999542236328,15.739999771118164,21.540000915527344,15.739999771118164,22.459999084472656,15.739999771118164,23.540000915527344,1274250.0,1183584.0,1039872.2222222222,24411067.504844666,0.0427948059389433,0.7957139696393695,0.0393333656769528,2.0275673525449105,0.9676849812158616,7.124232910779077,1.7295558919941771,19.90999984741211,19.399999618530277,4315000.0,False,False,False,0.208482665402393,1.268807594314901,0.0310906563155255,1.0614483350734385,-0.0325203400352936,0.979734480232454,1.2253909401261909,65.0,94.0,94.0,69.0,69.0,51.0,51.0,88.0,80.0,73.0,69.0,100.0,CXW
2026-03-23,26.440000534057617,27.56999969482422,26.3799991607666,27.43000030517578,6953600.0,-0.0119581349808377,26.850194209948004,25.89959707095609,24.90759994506836,24.03566659291585,23.475600051879884,22.871650104522704,24.66752503395081,17.860000610351562,30.8799991607666,17.860000610351562,30.8799991607666,17.860000610351562,30.8799991607666,17.860000610351562,30.8799991607666,17.860000610351562,30.8799991607666,17.860000610351562,31.57999992370605,7149155.0,6721070.0,6824565.476190476,183304121.24803543,0.0621038702488507,1.3935715811593192,0.0527069422470036,2.3958098803509142,-0.2296255887752887,6.092631025750173,1.7840443426366686,27.51000022888184,26.584999084472656,5226100.0,False,False,True,0.2454074943080511,1.3075756335061604,0.1025855312252383,1.135048183422734,0.0344288375000867,1.0475316860744963,1.0475619326888943,47.0,95.0,95.0,78.0,78.0,64.0,64.0,95.0,91.0,85.0,82.0,69.23076923076923,CZR
2026-03-23,64.9576644897461,66.55343700681402,64.83798687741111,66.34398596681321,18189300.0,0.0266393993636959,63.01456477989317,63.58811953364742,64.26939529418945,65.47309023539225,66.80904243469239,65.52340793609619,60.55469064712524,55.13372543057305,75.98142074530489,55.13372543057305,75.98142074530489,54.97438395571161,75.98142074530489,54.73566931224856,75.98142074530489,54.73566931224856,75.98142074530489,34.22739007201275,75.98142074530489,11755717.5,11268384.0,9919434.523809524,944851040.6027032,0.0404419465430512,2.863831968681183,0.0440876683479476,-0.6285541637342018,0.5885581398084392,6.418014980790947,2.911746621364061,64.7382481941219,62.51414554969137,17890100.0,False,False,True,-0.0595196488220427,0.9874271646926798,-0.0690383699215452,0.9583712801696064,0.0961606771217895,1.1100454673024849,1.1851197234865418,61.0,47.0,47.0,41.0,41.0,73.0,73.0,79.0,69.0,60.0,56.0,69.23076923076923,DAL
2026-03-23,129.22999572753906,130.5800018310547,124.0,125.9749984741211,3549700.0,0.0331787163074219,126.80037989096066,124.5803121822769,120.69899932861328,121.32716598510744,122.74509994506836,139.46005012512208,139.3963505935669,98.01000213623048,133.60000610351562,98.01000213623048,145.8990020751953,98.01000213623048,201.69000244140625,98.01000213623048,201.69000244140625,98.01000213623048,201.69000244140625,81.62999725341797,201.69000244140625,6199312.5,6246166.0,5489788.492063492,601763807.862587,0.0512954673223786,6.150785718645368,0.0475956505609837,1.1100219577435655,0.6747095552205903,-1.8105412817253652,-5.107148698170778,128.4499969482422,124.47000122070312,10459700.0,False,False,True,0.117326574751573,1.173101182136199,-0.0655144840440328,0.9619989173465744,-0.0690823446960486,0.9427093539017692,1.1292443249794153,56.0,89.0,89.0,42.0,42.0,45.0,45.0,90.0,83.0,76.0,72.0,92.3076923076923,DDOG
2026-03-23,164.08230590820312,164.90974753514078,158.140698502521,158.748817519344,10721300.0,0.0438891125955569,153.2793050984961,146.366580703201,140.443447265625,137.02070490519205,129.04861419677735,131.47286308288574,130.81860603332518,110.85698684434615,169.37592629391602,109.8800132652644,169.37592629391602,109.8800132652644,169.37592629391602,109.8800132652644,169.37592629391602,109.8800132652644,169.37592629391602,64.8419111887614,169.37592629391602,8938385.0,8630610.0,7137088.095238095,1521095241.8499374,0.0492138085754585,6.951349178557054,0.042365013948829,6.4080398674806665,0.9924190176386568,2.010703523690645,-1.8457907630268775,169.37592629391602,157.18365478515625,23135900.0,True,False,False,0.3461192549994087,1.41331471480235,0.344640101476062,1.3842293965546182,0.2573827239255539,1.2733096730151512,1.2523854099494358,67.0,97.0,97.0,92.0,92.0,84.0,84.0,95.0,91.0,86.0,83.0,100.0,DELL
2026-03-23,18.100000381469727,18.979999542236328,17.934999465942383,18.420000076293945,1026700.0,-0.0163043067000079,18.15715589440674,17.913992628485396,17.782399978637695,17.620333353678387,17.124199981689454,14.802500028610227,12.179650027751922,15.614999771118164,19.670000076293945,12.699999809265137,19.670000076293945,10.46500015258789,19.670000076293945,10.46500015258789,19.670000076293945,8.699999809265137,19.670000076293945,4.699999809265137,19.670000076293945,1578482.5,1752750.0,1559721.825396825,29999114.52653885,0.0580287018512488,1.0459285463605608,0.0577861063158514,0.9861143265945476,-0.2868257474226435,10.17338459298455,7.403157730183079,19.670000076293945,18.21999931335449,2581400.0,False,False,True,0.0566258767206919,1.1093704321248592,0.4433812150343181,1.4858776754404233,1.0022124400274413,2.027573958833201,1.012028218300017,43.0,84.0,84.0,94.0,94.0,97.0,97.0,76.0,89.0,92.0,90.0,84.61538461538461,DFTX
2026-03-23,6.690908908843994,7.000488704128533,6.650963220973117,6.710881752779433,1929400.0,-0.0014903794596904,7.022277602693106,6.950631222759526,6.923792762756348,6.8310521125793455,6.394723224639892,5.552388000488281,4.683456484079361,5.652319933243473,7.64960626032055,4.605579864562441,7.64960626032055,4.326454060638573,7.64960626032055,3.90776501912418,7.64960626032055,3.351668468377869,7.64960626032055,1.9744942790481088,7.64960626032055,2290347.5,2223922.0,1164042.0634920634,19094373.86515856,0.062625772827398,0.3859042971469483,0.0576759155451754,0.8030596666460882,-0.0258791558301911,17.6434932580986,14.306429576903051,7.200217377059632,6.7008957862854,11611600.0,False,True,False,0.0737179526420532,1.1273157087535557,0.3264542962605072,1.3655081594356646,0.4688873072549369,1.4874933314318606,1.9675813888796088,92.0,86.0,86.0,91.0,91.0,91.0,91.0,80.0,90.0,88.0,90.0,42.30769230769231,DHC
2026-03-23,17.770000457763672,17.850000381469727,17.1200008392334,17.1200008392334,4092100.0,0.0289519390125567,17.618608787000117,17.49362780909034,17.925203285217286,17.43344316482544,15.83521333694458,14.181263875961305,12.763818864822388,14.358177795933798,20.549999237060547,11.35388469696045,20.549999237060547,11.35388469696045,20.549999237060547,10.563794628107798,20.549999237060547,10.436990259862917,20.549999237060547,8.656694412980793,20.549999237060547,5184055.0,4627190.0,2315101.1904761903,128284782.11845398,0.0508180977560763,0.8457144328526088,0.0475922572350367,2.567278393849969,0.5912161133557715,16.32881937231111,13.619690534441936,17.899999618530273,17.030000686645508,4583600.0,True,False,True,0.0183380905921699,1.069171399734769,0.4632771786760987,1.506359421980261,0.4574240791175923,1.4758849014816775,2.239234734674253,94.0,78.0,78.0,94.0,94.0,91.0,91.0,85.0,93.0,89.0,89.0,61.53846153846154,DHT
2026-03-23,58.86084747314453,60.01283960339685,56.85479149336032,57.83795898693773,2919800.0,-0.015775449079834,57.68060200229589,56.06360533862617,54.19268310546875,54.68222122192383,53.02109901428223,51.47379722595215,48.54266128540039,46.20888706260749,61.61172509241337,44.94059893324096,61.61172509241337,44.94059893324096,61.61172509241337,44.94059893324096,61.61172509241337,42.62611577417608,61.61172509241337,23.451727456709317,61.61172509241337,3338680.0,3178458.0,2693970.634920635,202358325.8413887,0.0451671171720624,2.6182297055749992,0.0444816855001888,2.476077193853835,-0.3603348788052138,6.84894641949391,3.6451761429019385,60.57890120251013,58.98001484332212,7420400.0,False,False,True,0.1766621572775286,1.2353986729297164,0.2778777018634466,1.315501358452183,0.150161238553002,1.1647300401936602,1.2393156616936765,66.0,93.0,93.0,89.0,89.0,77.0,77.0,87.0,82.0,75.0,71.0,88.46153846153845,DINO
2026-03-23,42.157989501953125,44.21665962839705,41.85963222739084,42.31711363464091,1687700.0,-0.0418173545246587,42.44384515810293,40.66152535584877,39.39728012084961,38.44810791015625,34.777718772888186,35.013531284332274,30.559394245147704,31.898394899568437,46.55379921435376,25.53649621999579,46.55379921435376,25.53649621999579,46.55379921435376,25.53649621999579,46.55379921435376,20.70599242048752,46.55379921435376,10.518223386954842,46.55379921435376,1610525.0,1658160.0,1686842.4603174604,73557189.40368652,0.0603198827484794,2.352767116420114,0.0558083329925188,3.80252564539406,-0.7820044129049252,6.100844337811791,3.895062199728182,45.12167623177236,43.02322424520604,2083200.0,False,True,True,0.2416511705534187,1.3036318019204618,0.3891781020370133,1.4300786982172404,0.3718799142173474,1.3892571702707517,0.9547572093347132,37.0,95.0,95.0,93.0,93.0,89.0,89.0,90.0,94.0,91.0,88.0,84.61538461538461,DK
2026-03-23,23.959999084472656,25.63999938964844,23.93000030517578,25.20199966430664,18237500.0,0.0122517535802271,24.6810533570298,24.89909938533951,24.183799896240235,24.405166562398275,26.91949989318848,29.778499965667724,35.664699983596805,21.01000022888184,27.63999938964844,21.01000022888184,36.97999954223633,21.01000022888184,36.97999954223633,21.01000022888184,41.93999862670898,21.01000022888184,48.77999877929688,21.01000022888184,48.77999877929688,16888405.0,16370670.0,12891959.126984129,356429725.96006393,0.0464399458505713,1.1252137592860632,0.0469621787262613,-2.341009836881703,0.2577279257256082,-1.8674634349565888,-6.029514547548583,24.90999984741211,23.565000534057617,15448500.0,False,False,False,0.0739578510994185,1.1275675824405216,-0.2992102940374126,0.721422565585703,-0.4485615957708045,0.558423335088423,1.3099952329705205,72.0,86.0,86.0,15.0,15.0,15.0,15.0,73.0,62.0,52.0,47.0,50.0,DKNG
2026-03-23,12.720000267028809,12.960000038146973,12.390000343322754,12.390000343322754,1949800.0,0.0477759396460863,12.051190291204357,12.129491235964572,12.141199989318848,12.223333326975505,12.90540002822876,13.412400035858154,13.07295000076294,11.15999984741211,13.489999771118164,11.15999984741211,15.550000190734863,11.15999984741211,15.550000190734863,11.15999984741211,16.780000686645508,11.15999984741211,16.780000686645508,7.255182310429514,16.780000686645508,1340685.0,1302444.0,1700399.603174603,17046422.78248787,0.0439972476605687,0.6388571602957589,0.0502246184657499,-0.2860362352005206,0.9078710543645528,0.8488213591821165,-2.69270426422178,12.579999923706056,12.06999969482422,1794600.0,False,False,False,-0.050037345714338,0.9973828045533852,-0.0965908852305785,0.9300075554837828,-0.1514342587558309,0.8593143089656805,0.7884529010104301,23.0,51.0,51.0,37.0,37.0,36.0,36.0,73.0,61.0,52.0,47.0,96.15384615384616,DLO
2026-03-23,21.09000015258789,21.665000915527344,20.5,20.75,1663700.0,0.045612299098364,20.5292752426692,20.52540019840832,20.594800186157222,20.439000193277995,20.231800231933597,18.74460012435913,16.70082504272461,18.61000061035156,22.59000015258789,15.34000015258789,23.770000457763672,15.18000030517578,23.770000457763672,13.75,23.770000457763672,12.579999923706056,23.770000457763672,10.56999969482422,23.770000457763672,1676870.0,1665856.0,1678490.4761904762,33232416.99921608,0.0515758270745059,1.0905712672642298,0.0517103489508704,0.8203071054768173,0.8435946406343773,9.366370125235669,5.988476833959902,20.51000022888184,19.6299991607666,3892100.0,False,False,False,0.0445765029580906,1.0967195788073756,0.2576028370246273,1.2946295549932076,0.6541176590265012,1.6750699492419017,0.9990345633690136,42.0,82.0,82.0,89.0,89.0,94.0,94.0,72.0,86.0,81.0,85.0,96.15384615384616,DNLI
2026-03-23,79.31999969482422,80.31999969482422,75.5,77.76000213623047,1146600.0,0.0200616964472395,77.0387603601486,71.37256639062154,65.75959991455078,63.07733319600423,57.16859985351562,48.62679988861084,37.360799894332885,45.63999938964844,88.0199966430664,35.84000015258789,88.0199966430664,34.290000915527344,88.0199966430664,32.220001220703125,88.0199966430664,20.309999465942383,88.0199966430664,13.369999885559082,88.0199966430664,1099845.0,1085074.0,638561.1111111111,109636968.00981522,0.0707091871159009,6.337142126900809,0.0798933705406244,4.849901038514185,0.2461673617783714,16.979657381703802,11.109180099329368,82.48999786376953,75.80000305175781,2415800.0,False,False,True,0.6004842109946253,1.6803770377748044,0.8998802322113586,1.955817072890411,1.1583673386346724,2.1857068320641364,1.7223801776563628,88.0,98.0,98.0,98.0,98.0,97.0,97.0,97.0,98.0,97.0,97.0,88.46153846153845,DNTH
2026-03-23,3.3499999046325684,3.569999933242798,3.3299999237060547,3.5,2218900.0,-0.0401146431294016,3.4774243977592083,3.4346024622800115,3.3664000034332275,3.308999999364217,3.3824000120162965,3.75010000705719,3.555275009870529,2.880000114440918,4.130000114440918,2.880000114440918,4.53000020980835,2.880000114440918,4.75,2.880000114440918,5.110000133514404,2.880000114440918,5.110000133514404,2.5,5.730000019073486,2500370.0,2504086.0,5687019.444444444,11244961.78579092,0.0613927649821075,0.2030714239392961,0.0606183372299436,-0.1580219668382363,-0.6894131246453702,0.6137053162304325,-0.342833210648596,3.7699999809265137,3.470000028610229,2158200.0,False,False,True,0.1056105400212341,1.1608003074387856,-0.2780172411578305,0.7432395906517044,-0.0204678859940938,0.9919395996620566,0.4396626430462745,10.0,88.0,88.0,16.0,16.0,53.0,53.0,77.0,66.0,57.0,51.0,50.0,DNUT
2026-03-23,86.0199966430664,88.83999633789062,82.6500015258789,83.62000274658203,2634200.0,0.0407742898363081,76.35449080906142,70.30093351464224,65.730400390625,65.54733378092448,61.66280029296875,54.10450012207031,43.34125002861023,51.02999877929688,88.83999633789062,47.20000076293945,88.83999633789062,41.959999084472656,88.83999633789062,33.685001373291016,88.83999633789062,29.6200008392334,88.83999633789062,25.450000762939453,88.83999633789062,3848437.5,3483238.0,2447601.984126984,259792313.6386681,0.0904084516272769,5.492714200701032,0.0638539225186515,6.186093397886482,0.6135391345789281,17.15311330953681,11.354929740083062,85.83000183105469,80.70999908447266,4385800.0,False,False,False,0.3518779694971703,1.419360892292052,0.8740739386373968,1.9292509827210167,1.3522011856959597,2.3819959234637165,1.572329784400248,84.0,97.0,97.0,98.0,98.0,98.0,98.0,97.0,96.0,96.0,97.0,100.0,DOCN
2026-03-23,25.030000686645508,25.40999984741211,24.56999969482422,24.93000030517578,2130700.0,0.0253994610040577,24.85199098919728,25.59961745731103,25.01120010375977,25.190333366394043,30.64619998931885,40.36829999923706,52.57224995613098,23.530000686645508,28.649999618530277,23.530000686645508,46.75,23.530000686645508,54.040000915527344,23.530000686645508,75.43499755859375,23.530000686645508,76.51000213623047,23.530000686645508,76.51000213623047,3915210.0,3648644.0,2438977.777777778,67192371.97835922,0.0434120159024424,0.9887143543788364,0.0395011716842003,-4.639336800807318,0.6270778172558406,-16.781594615678436,-20.050209185522828,24.950000762939453,24.239999771118164,5112700.0,False,True,True,-0.0203521943617428,1.028549776619152,-0.4244654007673075,0.59247966063011,-0.6562757375509225,0.3480781307858354,1.6052667784317654,85.0,63.0,63.0,7.0,7.0,7.0,7.0,48.0,37.0,29.0,26.0,88.46153846153845,DOCS
2026-03-23,48.790000915527344,49.16999816894531,47.02000045776367,47.619998931884766,5080300.0,0.0330298833032161,47.71932719848301,47.59103266163603,46.36839981079102,46.2439998626709,50.14269973754883,59.3796501159668,67.52079998016357,40.15999984741211,51.400001525878906,40.15999984741211,70.93000030517578,40.15999984741211,72.3499984741211,40.15999984741211,81.87999725341797,40.15999984741211,86.6500015258789,40.15999984741211,94.66999816894533,5492990.0,5182402.0,3306035.714285714,281176972.7476883,0.0540571818187023,2.341142381940569,0.0479840610372996,-0.5622071930918666,0.6663419471300729,-4.984197057999927,-9.07564342705502,48.709999084472656,46.4010009765625,8083600.0,False,False,True,0.0968975138859526,1.151652345249168,-0.2969740656657795,0.7237246336602948,-0.4232178386598096,0.5840881151636795,1.6615035270987049,87.0,88.0,88.0,15.0,15.0,16.0,16.0,83.0,74.0,65.0,60.0,100.0,DOCU
2026-03-23,36.040000915527344,36.685001373291016,35.54999923706055,35.91999816894531,14991500.0,-0.0166439450192338,35.99885642036251,34.58846568298004,33.290331802368165,33.17163219451904,31.11715476989746,27.004337215423583,25.62284677505493,28.868075641237567,38.58000183105469,22.599326068549917,38.58000183105469,20.38220872003981,38.58000183105469,20.10953521728516,38.58000183105469,20.10953521728516,38.58000183105469,19.585006096082974,38.58000183105469,15159215.0,14443390.0,12972242.46031746,539528148.0534935,0.0436406744121924,1.7182861055646623,0.0476771937268281,3.318223983482153,-0.3550052627301577,14.551907616098635,12.68355789015854,38.31999969482422,36.47999954223633,15453500.0,False,True,True,0.1948515881280619,1.254496082152163,0.5827634258978491,1.6293636189447704,0.5755051093557639,1.5954616342782388,1.168588626551852,60.0,93.0,93.0,96.0,96.0,93.0,93.0,86.0,93.0,93.0,91.0,76.92307692307693,DOW
2026-03-23,44.400001525878906,44.970001220703125,43.13999938964844,44.34999847412109,1144600.0,0.0132360071906434,45.11250842118187,44.52470489724063,44.09872299194336,43.185693359375,42.26531143188477,38.49773204803467,40.88470378875732,37.42881150820524,47.65935441257323,33.82566273129801,47.65935441257323,32.36843763579903,47.65935441257323,32.36843763579903,47.65935441257323,32.36843763579903,47.65935441257323,27.91947950193599,48.979869384279226,1230070.0,1254688.0,1152295.634920635,62350732.705192566,0.0475109641841482,1.745922975112023,0.0393225881781647,1.2844247524035295,0.3322035618538515,7.301585056410598,3.868459372396179,45.43000030517578,43.16999816894531,1370800.0,False,True,True,0.1112778355467976,1.1667505025122642,0.3411049834141988,1.3805901964919765,0.0762922087877762,1.08992533010296,1.0674951485733275,49.0,89.0,89.0,92.0,92.0,71.0,71.0,80.0,83.0,80.0,76.0,57.692307692307686,DRS
2026-03-23,10.170000076293944,10.204999923706056,9.984999656677246,10.06999969482422,2207700.0,0.0119402868936968,10.17100352111614,10.173235150844762,10.062399940490725,9.968666585286458,10.210799980163577,10.55899995803833,12.351699991226196,8.84000015258789,11.03499984741211,8.84000015258789,11.6850004196167,8.84000015258789,11.6850004196167,7.639999866485596,12.34000015258789,7.639999866485596,16.440000534057617,7.639999866485596,16.81999969482422,3094167.5,2874968.0,2845891.26984127,35925663.33875656,0.0439198746504241,0.369999885559082,0.0363815027318971,-0.1098294319560844,0.324324115337923,-0.0193502828813985,-2.775647515304869,10.06999969482422,9.84000015258789,4585900.0,False,False,True,0.0604796574012087,1.113416585482496,-0.1023830410611928,0.9240448652729522,-0.2017268242539893,0.808384700254638,1.0872402374573424,52.0,84.0,84.0,36.0,36.0,32.0,32.0,75.0,64.0,54.0,73.0,76.92307692307693,DV
2026-03-23,17.8700008392334,18.739999771118164,17.514999389648438,18.0,2151100.0,0.0176538372846914,17.80795206097164,17.429562790191845,16.69879997253418,16.660666624704998,17.032699947357177,18.61340003013611,15.46737500190735,14.0,20.030000686645508,14.0,20.739999771118164,14.0,23.959999084472656,12.260000228881836,25.0,11.645000457763672,25.0,6.360000133514404,25.0,2283337.5,2262290.0,2702165.873015873,47391107.33737469,0.0795137404325463,1.4094283921378,0.0788711989897289,0.6232748674296368,0.2199482960754112,-0.5469369720314594,2.3215300792064064,18.84000015258789,17.25,5064600.0,True,True,True,0.2009409073788051,1.2608893674931474,-0.03665759707788,0.991705417389042,0.3610053833570976,1.3782448944772454,0.8450027153409272,27.0,94.0,94.0,48.0,48.0,88.0,88.0,88.0,80.0,72.0,81.0,84.61538461538461,DYN
2026-03-23,146.9600067138672,150.67999267578125,146.0,147.1199951171875,962500.0,0.0248257529212494,143.43891926205788,144.66153264915587,144.33600158691405,147.76200154622396,153.38960021972656,143.9900003814697,149.09155021667482,129.02000427246094,175.2899932861328,129.02000427246094,175.2899932861328,103.73999786376952,175.2899932861328,100.3000030517578,175.2899932861328,100.3000030517578,175.2899932861328,100.3000030517578,187.1199951171875,1363182.5,1293994.0,1444600.0,177414426.47216797,0.041154565641595,6.218570164271763,0.0423147106707703,-0.9905952140682756,0.5724809278243006,8.073062020414941,3.4957727013997,145.74000549316406,142.8300018310547,1928300.0,False,True,True,0.0030030195780506,1.0530708340261212,-0.0241699816874274,1.0045606968778489,0.0778144491045826,1.0914668522530273,0.9436401079883704,36.0,73.0,73.0,51.0,51.0,71.0,71.0,73.0,61.0,83.0,82.0,84.61538461538461,EAT
2026-03-23,13.63291358947754,13.832977341391906,13.251839300399858,13.35663516145776,3849400.0,-0.0350639790936039,13.446940601000296,12.901947469449732,12.425290222167968,12.27089188893636,12.007633457183838,10.699121532440186,9.648977551460266,11.013031395575966,14.642758132651284,9.050501275042642,14.642758132651284,8.764695458105521,14.642758132651284,8.164504571367953,14.642758132651284,8.164504571367953,14.642758132651284,7.035203588828208,14.642758132651284,3538062.5,3473600.0,2525161.904761905,49840582.43736744,0.0431041825676015,0.5981495623779945,0.043875401868583,3.084961133966455,-0.828212102599541,18.662274899018403,15.065976734229803,14.185469754774577,13.537644130872948,5291500.0,False,False,True,0.144800074060881,1.2019461011110593,0.5520608214883367,1.5977570592952544,0.6114865634168443,1.63189885632157,1.4011230303007445,77.0,91.0,91.0,96.0,96.0,93.0,93.0,85.0,92.0,88.0,89.0,84.61538461538461,EC
2026-03-23,7.78000020980835,8.100000381469727,6.730000019073486,7.699999809265137,1059400.0,0.0585034436401503,6.668077520745669,5.465976642726621,4.297599990367889,3.756666658322017,2.7916000020504,2.227700006365776,2.269600008428097,0.7200000286102295,9.369999885559082,0.7200000286102295,9.369999885559082,0.7200000286102295,9.369999885559082,0.7200000286102295,9.369999885559082,0.7200000286102295,9.369999885559082,0.7200000286102295,9.369999885559082,6568882.5,5260720.0,1142880.9523809524,41326712.31079996,0.3733450850351265,1.62857152734484,0.2093279541678775,8.536520148303428,0.2640352590941075,3.5770648931573947,-2.3820903514703864,9.369999885559082,6.659999847412109,2473000.0,True,True,False,8.725000117346642,10.210451797828734,4.2925170465226,5.448340912576473,2.1497976193084685,3.1896953094633327,5.7476524447407344,99.0,99.0,99.0,99.0,99.0,99.0,99.0,99.0,99.0,99.0,99.0,100.0,EDSA
2026-03-23,6.059999942779541,6.090000152587891,5.760000228881836,5.900000095367432,2995500.0,-0.0304000091552734,5.77210678497147,5.526397844714092,5.362349090576172,5.270554161071777,4.994327578544617,4.274467968940735,3.982140493392945,4.617022798080143,6.449999809265137,3.357834804236041,6.449999809265137,3.323268737076665,6.449999809265137,3.323268737076665,6.449999809265137,3.323268737076665,6.449999809265137,2.8073954676780537,6.449999809265137,1561132.5,1534898.0,1006426.1904761904,10436555.185997486,0.052219608539259,0.3256428241729736,0.0537364401399005,3.9707979283716073,-0.583461520157851,15.724467209548337,10.415110722283409,6.449999809265137,6.139999866485596,4088800.0,False,False,False,0.1914751492350928,1.2509510984864578,0.7994420185990969,1.8524217274244328,0.5089272993058485,1.528040499939716,1.5511644219645655,83.0,93.0,93.0,97.0,97.0,92.0,92.0,90.0,96.0,94.0,92.0,92.3076923076923,EGY
2026-03-23,24.440000534057617,24.989999771118164,24.229999542236328,24.59000015258789,4430800.0,0.0191826939367152,24.295048480145223,24.38473181772036,24.66800018310547,24.759000142415363,24.60380016326904,23.41510005950928,20.23160005569458,22.420000076293945,27.71999931335449,22.0,27.71999931335449,20.40999984741211,27.71999931335449,19.450000762939453,27.71999931335449,17.110000610351562,27.71999931335449,8.020000457763672,27.71999931335449,4908255.0,5038696.0,5908745.634920635,142063488.21393967,0.0425743101743987,0.9928571156093052,0.0406242673450738,-0.1638797081233285,0.4633103641897068,7.787700837192336,6.317267629767727,24.93000030517578,23.76000022888184,9322800.0,False,True,True,-0.0216172545265934,1.027221567294864,0.1063829952574455,1.1389574535240568,0.2729166439010047,1.289040357227857,0.8306763064891904,26.0,62.0,62.0,79.0,79.0,85.0,85.0,60.0,54.0,62.0,65.0,69.23076923076923,ELAN
2026-03-23,30.809999465942383,31.34499931335449,28.959999084472656,29.21999931335449,887600.0,0.0613158366239969,29.11913362386253,28.76067738897971,28.62280014038086,28.449000104268396,27.69550006866455,23.501150016784667,21.963825006484985,25.290000915527344,31.7549991607666,14.78499984741211,31.7549991607666,14.78499984741211,31.7549991607666,14.78499984741211,31.7549991607666,14.78499984741211,31.7549991607666,13.300000190734863,31.7549991607666,894375.0,1037182.0,656018.6507936508,30056645.03554344,0.0664308836791396,2.065356799534389,0.0670352754084741,1.6775506515927832,0.8618359693095912,9.421757891999404,5.618432710211001,30.34000015258789,28.6200008392334,862500.0,False,False,False,0.1840891208266486,1.2431963749767587,0.8471222363456481,1.9015057603686016,0.6250000502992807,1.6455835151260507,1.3633377632144847,75.0,93.0,93.0,98.0,98.0,94.0,94.0,83.0,97.0,96.0,95.0,100.0,ELVN
2026-03-23,40.7599983215332,44.84999847412109,40.709999084472656,44.70000076293945,5869900.0,-0.0759465482308833,43.37810983913892,43.556849941372384,44.23800018310547,44.74533348083496,42.50140007019043,36.76350002288818,37.21185013771057,38.43000030517578,52.2400016784668,31.700000762939453,52.93000030517578,25.780000686645508,52.93000030517578,25.780000686645508,52.93000030517578,25.780000686645508,52.93000030517578,25.780000686645508,64.4000015258789,7110612.5,7099528.0,7492374.206349206,224091178.69285583,0.0611161406993452,2.5328573499407088,0.0621407618803217,-0.6593547905100384,-1.3226178287919683,7.051433304717221,4.881270716282024,46.869998931884766,43.43000030517578,6996900.0,False,False,False,-0.1245705086058044,0.9191291019456498,0.2366504688628798,1.2730603009563182,0.0609057851147765,1.0743440104910802,0.9490466311699044,36.0,25.0,25.0,88.0,88.0,69.0,69.0,46.0,80.0,89.0,86.0,15.384615384615383,ENPH
2026-03-23,14.31999969482422,15.289999961853027,14.199999809265137,14.649999618530272,5192600.0,-0.0191781287212077,14.35410055736308,14.021716060252524,14.071199989318847,13.720333353678386,12.147400045394898,7.638400027751922,4.67687501847744,11.404999732971191,16.405000686645508,3.3550000190734863,16.405000686645508,2.2100000381469727,16.405000686645508,2.0299999713897705,16.405000686645508,1.3300000429153442,16.405000686645508,1.0099999904632568,16.405000686645508,4955587.5,5938324.0,2719523.412698413,79382374.05380249,0.0766668104601415,1.1292859486171178,0.0788607522823679,2.267960337673176,-0.247944895611591,24.902950752555498,21.745404077234337,15.460000038146973,14.579999923706056,17307200.0,False,False,True,0.1419457526623597,1.1989492979538925,2.977777798381853,4.094892719202822,6.782608388615021,7.881188721580597,1.8222264522013731,90.0,91.0,91.0,99.0,99.0,99.0,99.0,86.0,99.0,99.0,99.0,65.38461538461539,ERAS
2026-03-23,33.11000061035156,33.56999969482422,31.899999618530277,31.989999771118164,3626100.0,0.0666881325312309,32.05199516681419,32.24321358867275,33.265135803222655,33.04378337860108,31.417582778930665,28.71664001464844,26.56833109855652,29.459999084472656,37.65395893631296,24.913070501155733,37.65395893631296,22.737488307834376,37.65395893631296,22.737488307834376,37.65395893631296,22.737488307834376,37.65395893631296,16.566023388234434,37.65395893631296,3136492.5,2867046.0,2634052.380952381,106692981.7394066,0.0417950199228935,1.6049999509538924,0.0484747786580258,1.1112684633486942,1.2897194754392145,10.982855879594965,7.755920442668621,32.08000183105469,30.739999771118164,3623300.0,False,False,False,-0.0636100065571987,0.9831326248482852,0.3179372331449008,1.356740334406505,0.2556922777118435,1.2715978143466071,1.1907479603218651,62.0,45.0,45.0,91.0,91.0,84.0,84.0,69.0,84.0,85.0,81.0,69.23076923076923,ESI
2026-03-23,29.950000762939453,30.65999984741211,29.209999084472656,29.440000534057617,978900.0,0.017669060563082,30.24274891387538,30.487823923017253,31.086399917602535,30.49266662597656,30.300199966430664,34.096000022888184,42.74172498703003,26.38500022888184,33.880001068115234,24.739999771118164,36.86000061035156,24.739999771118164,44.209999084472656,24.739999771118164,44.209999084472656,24.739999771118164,48.27999877929688,24.739999771118164,79.95999908447266,1491222.5,1449082.0,1332423.148148148,38679357.607069016,0.0456700145959934,1.289142608642578,0.043043157789758,-0.2685131344051533,0.4033692271727905,-4.743281837393663,-7.511692688111472,29.65999984741211,28.8700008392334,1331100.0,False,False,True,-0.0394483492686865,1.008500381570464,-0.157998284512286,0.866792181229812,-0.3216308102416712,0.6869619207889422,1.119180871386509,55.0,55.0,55.0,28.0,28.0,23.0,23.0,72.0,73.0,64.0,59.0,50.0,ETOR
2026-03-23,52.4900016784668,54.255001068115234,52.060001373291016,53.43000030517578,2769800.0,-0.006623740974837,53.51105812077434,53.56411436872367,52.96839996337891,52.42733332316081,54.84620010375976,55.84730010986328,58.64407493591309,44.0,58.650001525878906,44.0,64.51000213623047,44.0,65.66000366210938,44.0,76.51499938964844,44.0,76.51499938964844,40.04999923706055,76.51499938964844,3908777.5,3728080.0,4825651.984126984,153802599.014225,0.0448008976815261,2.455785751342773,0.0467857815358047,-0.9182298969589054,-0.1425199547353517,-1.905995355794806,-3.4093181576105684,54.66999816894531,52.31999969482422,3372100.0,False,False,True,0.0059409998366801,1.0561554721188449,-0.0221683796561797,1.0066212306733344,-0.192337230284342,0.8178932298373497,0.8099998741842845,25.0,75.0,75.0,51.0,51.0,33.0,33.0,81.0,71.0,62.0,57.0,57.692307692307686,ETSY
2026-03-23,5.860000133514404,5.880000114440918,5.565000057220459,5.690000057220459,3231200.0,0.0483005319421177,5.45227390578599,5.4226156312038185,5.3122000312805175,5.3691666920979815,5.727500009536743,6.264549994468689,6.700624990463257,4.864999771118164,5.880000114440918,4.864999771118164,7.434999942779541,4.864999771118164,7.480000019073486,4.864999771118164,8.8100004196167,4.864999771118164,8.8100004196167,2.640000104904175,8.90999984741211,3348735.0,3121746.0,3055374.206349206,20272078.659350872,0.063560911703518,0.3544999531337193,0.0604948711700994,0.3824129844232532,0.7616361540805853,-2.18832105824624,-6.639356934735826,5.610000133514404,5.409999847412109,3937800.0,False,False,False,0.1650099183072755,1.2231647785433983,-0.2038043441289653,0.8196374859383824,-0.2702365718079373,0.739007157048125,1.0960146855469215,53.0,92.0,92.0,23.0,23.0,27.0,27.0,82.0,72.0,63.0,58.0,100.0,EVLV
2026-03-23,236.6499938964844,242.0800018310547,234.13999938964844,238.9499969482422,1992300.0,0.0062505368929477,234.8216729568456,232.4018986353942,222.43591674804688,223.6635055541992,242.12096740722657,252.0527949523926,224.90706916809083,184.93877760474487,252.22999572753903,184.93877760474487,303.1423376369712,184.93877760474487,303.1423376369712,184.93877760474487,303.1423376369712,184.93877760474487,303.1423376369712,128.95986861982158,303.1423376369712,3274320.0,2952602.0,2178905.5555555555,652510234.2429352,0.0480019408235441,12.333495119203706,0.0521170312161454,-0.4335633296059263,0.1191877246875688,7.739924463130043,4.567277871577129,238.92999267578125,230.3500061035156,4867000.0,False,False,True,0.1655366963724289,1.2237178522685912,-0.1695668912518854,0.8548829681187687,0.0680184304886322,1.0815467499457645,1.502736083099823,82.0,92.0,92.0,27.0,27.0,70.0,70.0,88.0,80.0,72.0,68.0,80.76923076923077,EXPE
2026-03-23,11.270000457763672,11.489999771118164,10.795000076293944,11.039999961853027,1304600.0,0.0542563985170496,10.97808915244882,11.10297708580479,10.82480010986328,10.798666763305665,12.056400051116944,13.019900045394898,14.682800011634829,8.819999694824219,12.779999732971191,8.819999694824219,16.21500015258789,8.819999694824219,16.21500015258789,8.819999694824219,16.21500015258789,8.819999694824219,17.309999465942383,8.819999694824219,19.01000022888184,1453382.5,1264296.0,1015732.5396825396,19726960.985879894,0.0614504585505497,0.6402855600629535,0.0568132683279417,-1.148089793817227,0.9058471931232448,0.5459197980195016,-3.833633985585787,11.149999618530272,10.630000114440918,2278400.0,False,False,True,0.1441624387106943,1.2012766363368574,-0.2614678709877404,0.7602762123163088,-0.2643602687817818,0.744957893719146,1.4308712611040746,79.0,91.0,91.0,18.0,18.0,27.0,27.0,88.0,80.0,72.0,68.0,84.61538461538461,FA
2026-03-23,208.47000122070312,212.91000366210935,205.97000122070312,211.3500061035156,795200.0,-0.0038228271392217,209.49164380164265,211.95467269060893,208.83496276855467,207.50738118489585,230.7292874145508,254.51213424682615,311.0798091888428,184.05026842174053,230.02999877929688,184.05026842174053,299.0866669859695,184.05026842174053,304.5285792708312,184.05026842174053,304.5285792708312,184.05026842174053,383.1050362150206,184.05026842174053,467.994034613235,1144337.5,1015504.0,651660.3174603175,211234878.861084,0.0437682566395207,8.522143772670201,0.0408794729350434,-2.3599522773733432,-0.0938734516922086,-3.418717780989181,-6.369305206253602,212.4199981689453,206.0,2000300.0,False,False,True,0.0743180835616466,1.1279457969543736,-0.2335281618283808,0.7890385307293301,-0.272419334893979,0.7367967454538888,1.7560337331261295,89.0,86.0,86.0,20.0,20.0,26.0,26.0,72.0,60.0,50.0,45.0,73.07692307692307,FDS
2026-03-23,33.209999084472656,34.43000030517578,32.349998474121094,33.2599983215332,4110200.0,-0.0314961155502808,34.01516611773084,34.70796819693565,32.988200149536134,33.627000109354654,43.42270023345947,41.987400188446045,41.661842159758834,25.01000022888184,42.27000045776367,25.01000022888184,78.0,25.01000022888184,78.0,25.01000022888184,78.0,25.01000022888184,78.0,25.01000022888184,78.0,6200497.5,5966638.0,4397024.812030075,260469212.50750545,0.1079545983898486,3.1645003727504184,0.0952875778376634,-2.4682407006668927,-0.3412866815736875,6.407757687503283,3.5333096409300078,34.66999816894531,32.31999969482422,6374400.0,True,True,True,0.1404532323958178,1.1973822741950313,-0.1647384183493087,0.8598536023612527,-0.2613434216918827,0.7480129544484547,1.4101574962769596,78.0,91.0,91.0,27.0,27.0,27.0,27.0,90.0,84.0,77.0,73.0,57.692307692307686,FIGR
2026-03-23,14.970000267028809,15.234999656677246,14.4399995803833,14.640000343322754,2691700.0,0.0534834783139763,14.732163169648572,14.39484300591825,14.111199989318848,13.498999977111817,12.664199981689451,11.483699989318849,9.020599994659424,9.916999816894531,17.479999542236328,9.916999816894531,17.479999542236328,8.864999771118164,17.479999542236328,6.630000114440918,17.479999542236328,6.494999885559082,17.479999542236328,3.565000057220459,17.479999542236328,3958495.0,3586090.0,2433274.603174603,77872285.11810303,0.063476951328516,0.8388569014413017,0.0560358641601944,3.2492105513638494,0.9059950839958802,16.319594876757712,13.697597593636717,14.94499969482422,14.104999542236328,3400900.0,False,False,True,0.3318505846855173,1.398333782288094,0.2762149063285277,1.3137896063949837,1.061983442848244,2.0881020658362446,1.6268180314854306,86.0,97.0,97.0,89.0,89.0,97.0,97.0,95.0,92.0,92.0,96.0,69.23076923076923,FIGS
2026-03-23,230.5,234.4600067138672,226.6999969482422,229.30999755859372,1588200.0,0.0135432321513195,222.29123817612012,219.0413634058496,219.8339990234375,217.50799814860025,208.23619873046877,188.99419921875,165.027049407959,197.42999267578125,237.5,183.63999938964844,237.5,143.02000427246094,237.5,137.77000427246094,237.5,134.89999389648438,237.5,52.380001068115234,237.5,1082042.5,1109616.0,1549788.492063492,269431679.0616608,0.0417289695345637,9.87857164655413,0.0428571438028378,2.494708835413936,0.3117861509997816,14.08459963594598,10.396663505915669,237.5,225.1999969482422,1990300.0,True,True,False,0.0472988497220361,1.0995778194320374,0.266205276319128,1.3034852698721948,0.5165470864488324,1.5357568050001091,0.698187207829435,19.0,83.0,83.0,89.0,89.0,92.0,92.0,78.0,78.0,90.0,89.0,96.15384615384616,FIVE
2026-03-23,46.959999084472656,48.31999969482422,46.040000915527344,46.040000915527344,3286400.0,0.0454140916892926,45.89558404458914,46.4679772341317,48.131999816894535,47.938999811808266,46.88839996337891,45.17440002441406,45.84305002212525,42.459999084472656,54.2599983215332,39.33000183105469,54.2599983215332,39.33000183105469,54.2599983215332,39.33000183105469,54.2599983215332,39.33000183105469,54.2599983215332,29.200000762939453,57.5,2959247.5,2874662.0,3484285.3174603176,130775691.45471571,0.0411353519360599,2.152142660958426,0.0458292739121886,0.0333195633674592,0.9478929777911926,4.915832653621902,2.202921722417618,48.0,44.09000015258789,4700400.0,False,False,True,-0.1253492217242929,0.9183115170958068,0.1370460036796588,1.170523251389401,0.0529148137016404,1.0662518194632224,0.8493126223534944,28.0,25.0,25.0,82.0,82.0,68.0,68.0,65.0,71.0,62.0,57.0,57.692307692307686,FLR
2026-03-23,24.01000022888184,25.024999618530277,21.530000686645508,22.63999938964844,7748100.0,0.0340224349219937,22.94483594812043,22.471836629386637,21.51239990234375,21.49233315785726,24.00109992980957,22.786649971008305,28.794554109026677,18.11199951171875,27.170000076293945,18.11199951171875,34.369998931884766,16.0,34.369998931884766,16.0,34.369998931884766,16.0,49.59000015258789,16.0,73.80000305175781,3800462.5,3773704.0,2917509.5541401277,98711677.01403618,0.0981639585143547,2.312285831996373,0.0963051149501824,0.0038505618277307,0.3416536591608468,3.073443394168894,-1.758351664712175,27.170000076293945,22.1200008392334,16002400.0,False,False,True,0.2017017406895513,1.2616881800126147,0.1963129344278809,1.231535136796655,-0.4688053136368926,0.5379231951658662,1.3026392645764973,71.0,94.0,94.0,86.0,86.0,14.0,14.0,90.0,83.0,87.0,83.0,96.15384615384616,FLY
2026-03-23,12.510000228881836,12.69499969482422,11.949999809265137,12.039999961853027,1698500.0,0.050377866427941,12.36654123913077,12.382978561972651,12.25520004272461,12.060000038146972,12.489000015258789,13.219200010299682,12.722500028610227,10.550000190734863,13.630000114440918,10.550000190734863,15.25,10.550000190734863,15.25,10.550000190734863,15.25,10.550000190734863,15.25,8.199999809265137,15.25,1892727.5,1720360.0,2087798.015873016,29043535.84997654,0.0530788350603608,0.6109285354614258,0.0488352137716972,0.0344320557874605,0.9821122220401028,1.7044556897828906,-0.6492053472689349,11.970000267028809,11.595000267028809,1665600.0,False,False,True,0.1139804754070907,1.169588052505831,-0.1431506916424818,0.8820769213590827,-0.0464938766766804,0.96558394433503,0.9065663850669736,33.0,89.0,89.0,30.0,30.0,49.0,49.0,80.0,70.0,61.0,56.0,80.76923076923077,FLYW
2026-03-23,14.162278175354004,14.500660248123612,13.12722763171882,13.186942505969345,5447100.0,0.0870893225435192,13.94330730133166,14.10841451253038,14.127245903015137,14.304597822825114,14.798834457397462,14.489209880828858,25.7208459186554,12.977942001367625,16.670285426796354,12.420606064533349,16.92904872238481,12.04277098085114,16.92904872238481,12.04277098085114,33.28831328968262,12.04277098085114,39.71356749044456,12.04277098085114,43.4476521707426,4652560.0,4456218.0,3430001.1904761903,56654299.05946255,0.0607326418562432,0.8608832745790483,0.0607870615108525,-0.7076168184573453,1.3179184332709708,-2.5045900301867343,-6.190305001807709,13.8836111175882,12.977942001367625,13986800.0,False,False,True,-0.0266758225480598,1.0219104861302386,0.0500292837063307,1.0809445591827516,-0.5979023601501228,0.4071909090010091,1.356431016093636,75.0,60.0,60.0,72.0,72.0,9.0,9.0,60.0,61.0,59.0,54.0,92.3076923076923,FMC
2026-03-23,97.1999969482422,99.11000061035156,93.58000183105467,95.38999938964844,1320700.0,0.0540012541923613,93.55570089045791,92.45431049821276,93.95159942626952,94.11499964396158,86.72439987182617,70.94439987182618,52.56164991378784,81.01000213623047,107.04000091552734,55.720001220703125,107.04000091552734,47.33000183105469,107.04000091552734,35.66999816894531,107.04000091552734,27.0,107.04000091552734,22.57999992370605,107.04000091552734,1464292.5,1533314.0,1022402.380952381,132570517.45674132,0.0612993245321118,5.957142421177456,0.0612874753931274,1.970905269548945,0.8359705670012745,20.082916480894134,17.60020777490896,96.56999969482422,89.0999984741211,2731400.0,False,False,False,0.0279187759920633,1.0792303329260688,0.766951461807154,1.8189745739649577,1.759012154732266,2.7939598642004,1.4322076388710996,79.0,80.0,80.0,97.0,97.0,98.0,98.0,82.0,95.0,96.0,97.0,96.15384615384616,FORM
2026-03-23,34.630001068115234,35.95000076293945,33.77000045776367,33.93000030517578,1624700.0,0.0352765404562605,34.312809832111554,33.935352020643094,34.116000213623046,33.85666681925456,33.70187509059906,0.0,0.0,30.350000381469727,37.52999877929688,25.950000762939453,37.52999877929688,0.0,0.0,0.0,0.0,0.0,0.0,0.0,0.0,3992790.625,3992790.625,0.0,92036001.77306177,0.0889627678744688,3.2078568594796315,0.0926323061085086,0.2972969047763604,0.3678469323494681,5.253752223334861,1.855667382799364,36.25,33.439998626708984,5998500.0,True,False,True,0.0188290484861577,1.0696868652207163,0.0,0.0,0.0,0.0,0.0,0.0,78.0,78.0,0.0,0.0,0.0,0.0,73.0,84.0,0.0,0.0,92.3076923076923,FPS
2026-03-23,33.83000183105469,34.029998779296875,32.68000030517578,33.22999954223633,3992000.0,0.0516009871493194,32.67924094476894,32.578050559111915,33.59832000732422,32.80868314107259,30.149854621887208,26.4137419128418,23.096993055343628,27.798197475132238,38.66353153703388,19.84062233217888,38.66353153703388,19.84062233217888,38.66353153703388,19.84062233217888,38.66353153703388,17.86334645378498,38.66353153703388,11.898290735804173,38.66353153703388,4205897.5,4044586.0,3009726.984126984,187352681.41792297,0.0440320311780655,1.5200160908679916,0.0449310082352012,2.7166507198038583,1.0920961114046133,16.247619008858393,12.407046345431723,33.0,31.76000022888184,4089000.0,False,False,False,0.0052748884071025,1.0554561097988842,0.5865065406954642,1.6332169396451195,0.503797718630276,1.5228459441625166,1.3974348909989198,77.0,74.0,74.0,96.0,96.0,92.0,92.0,83.0,95.0,92.0,90.0,80.76923076923077,FRO
2026-03-23,42.63999938964844,44.45000076293945,41.0,41.90999984741211,2128900.0,0.0087532275343709,42.590799182510736,43.15083542988541,41.89539993286133,43.6269999186198,48.50730003356934,54.57095001220703,49.88347505569458,34.04999923706055,56.34000015258789,34.04999923706055,67.41000366210938,34.04999923706055,70.43000030517578,34.04999923706055,70.43000030517578,34.04999923706055,70.43000030517578,27.0,70.43000030517578,3882550.0,3481260.0,1739813.888888889,146948843.07502747,0.0605559303716385,2.373929159981864,0.0556737615844847,-2.172604501182316,0.1558592977928593,2.02204144363922,-0.2029373530567527,43.38999938964844,41.02000045776367,10008800.0,False,False,True,0.1295364076728062,1.1859205043981518,-0.3511868746555048,0.6679156749723896,-0.143775099540237,0.867070484814774,2.231589266412595,94.0,90.0,90.0,11.0,11.0,37.0,37.0,86.0,77.0,70.0,65.0,65.38461538461539,FROG
2026-03-23,8.170000076293945,8.295000076293945,7.989999771118164,8.1899995803833,5255500.0,0.0174346635091295,8.094962707694698,8.174711994612338,7.918200073242187,7.896500047047933,9.12560001373291,10.5714000415802,11.958350014686584,6.789999961853027,9.140000343322754,6.789999961853027,12.475000381469728,6.789999961853027,13.609999656677246,6.789999961853027,13.609999656677246,6.789999961853027,14.0600004196167,6.789999961853027,16.479999542236328,6893737.5,6420210.0,4242070.238095238,48765656.18342161,0.0458022763952707,0.3291429792131696,0.0402867779852548,-2.599274512207404,0.4253481075532302,-2.124366052031009,-5.814589784610588,8.154999732971191,7.909999847412109,11505100.0,False,True,True,0.0951742673614426,1.149843077859762,-0.3510722813919433,0.6680336421250089,-0.3661753406759102,0.641853156048834,1.6250880143595656,86.0,88.0,88.0,11.0,11.0,20.0,20.0,82.0,72.0,63.0,58.0,92.3076923076923,FRSH
2026-03-23,28.75,28.790000915527344,24.799999237060547,25.200000762939453,13881100.0,0.1408729813326583,24.990384924650996,22.55405979832736,21.485400009155278,19.95183340708415,15.639200038909912,13.052400012016296,10.305249993801118,8.220000267028809,28.790000915527344,7.869999885559082,28.790000915527344,7.869999885559082,28.790000915527344,7.735000133514404,28.790000915527344,6.839000225067139,28.790000915527344,4.650000095367432,28.790000915527344,14757630.0,12377864.0,5097480.158730159,281228376.8130779,0.1018513569906116,2.2579288482666016,0.0785366555918817,10.674370017625163,1.572236981597476,17.62275767563542,11.36357584111124,26.479999542236328,24.68000030517578,20000000.0,False,False,False,0.5901548739667692,1.6695320818309654,1.804878048780488,2.887460105206322,2.331402041570254,3.3736000690311525,2.895083362850459,96.0,98.0,98.0,99.0,99.0,99.0,99.0,99.0,99.0,99.0,99.0,100.0,FSLY
2026-03-23,16.770000457763672,17.290000915527344,16.420000076293945,16.8700008392334,1706300.0,0.032000028170072,16.73084773215019,16.736075278091054,16.70239990234375,16.821666590372722,17.000399894714356,16.523299942016603,21.54749991416931,14.9399995803833,18.920000076293945,13.75,19.100000381469727,12.510000228881836,19.100000381469727,12.510000228881836,27.3700008392334,12.510000228881836,27.3700008392334,12.510000228881836,39.08000183105469,2082265.0,2269134.0,3110312.301587302,29901351.43867969,0.0571512884441895,1.0364291327340265,0.0618025703305339,-0.2192884403176451,0.5017231196424861,-0.7045229987045971,-1.8064412822645268,17.469999313354492,16.209999084472656,2541400.0,True,True,True,-0.0805920686294162,0.9653028537301516,0.1735479707859324,1.2080999203025982,-0.2486558831964291,0.7608612027865396,0.6694713578881925,17.0,39.0,39.0,84.0,84.0,28.0,28.0,69.0,74.0,78.0,74.0,76.92307692307693,FUN
2026-03-23,42.29999923706055,43.34999847412109,41.5,41.56999969482422,1116900.0,0.0222329179603189,42.84786661021644,42.8109207638459,42.72720031738281,43.33600018819173,43.43280006408691,38.940399951934815,36.5743748664856,36.31999969482422,48.61000061035156,34.18000030517578,48.61000061035156,26.96999931335449,48.61000061035156,26.96999931335449,48.61000061035156,26.96999931335449,48.61000061035156,16.924999237060547,48.61000061035156,2381325.0,2453434.0,2299323.015873016,95547881.65502548,0.055522216796779,2.4950002942766463,0.0589834595573866,-0.4421865077759391,0.3687366975690235,7.145800015702846,4.4031403090397525,43.6259994506836,40.91999816894531,2701400.0,True,False,True,-0.0616682005562621,0.985171361746389,0.2275101671758463,1.263650887779751,0.0857289587031595,1.099481612943851,1.0356635338144733,46.0,46.0,46.0,87.0,87.0,72.0,72.0,77.0,76.0,89.0,86.0,42.30769230769231,GDS
2026-03-23,17.0,17.280000686645508,16.56999969482422,16.700000762939453,2504200.0,0.0346926162043135,15.863582721312792,15.446636251751684,14.906800117492676,14.945333449045815,15.713600025177,15.906500024795532,19.089600024223326,12.510000228881836,17.280000686645508,12.510000228881836,18.809999465942383,12.510000228881836,18.809999465942383,12.510000228881836,22.559999465942383,12.510000228881836,23.15999984741211,12.510000228881836,32.09000015258789,2914142.5,2628378.0,2647017.0634920634,46056967.707653046,0.0530670917570852,0.7942859104701451,0.0467227006158908,1.7521544704655314,0.717625337816745,5.045463483580071,-1.7799851053815523,16.68000030517578,16.200000762939453,5303100.0,False,False,False,0.2820512599217009,1.3460485793133,0.0284331091246838,1.0587125435852505,-0.2205410171354421,0.7893321927483037,1.1009156458385398,53.0,96.0,96.0,68.0,68.0,30.0,30.0,91.0,85.0,79.0,75.0,100.0,GEO
2026-03-23,44.425201416015625,45.451525438239045,42.28457879934075,42.53871844899399,1714000.0,0.0582072120885939,42.40770730801192,43.22549331577597,43.535350952148434,44.19496256510417,47.22236946105957,49.25123279571533,45.08737281799316,39.62591340668028,51.22770791630701,39.62591340668028,55.34722201767492,39.62591340668028,55.34722201767492,25.129046516347,60.42452151186138,24.8482136326014,60.42452151186138,24.8482136326014,62.84747765675997,1345892.5,1274856.0,1853548.015873016,56913973.683776855,0.0519769969951224,2.313767766618244,0.05208232473616,-1.13731409734232,1.056125966383143,2.413381815593387,2.959232651159497,43.27180775594008,41.69810917501175,1313500.0,False,False,False,-0.0812530673744331,0.9646088593092794,-0.1494462358770849,0.875596021832673,0.7500102183357817,1.7721771553577026,0.7261168788045064,20.0,38.0,38.0,29.0,29.0,95.0,95.0,69.0,57.0,47.0,91.0,80.76923076923077,GGAL
2026-03-23,21.700000762939453,21.850000381469727,20.68000030517578,20.90999984741211,4927800.0,0.0472973688253612,21.69349268309904,21.919608653387456,21.701999969482426,21.56999994913737,24.11939998626709,25.66160005569458,26.88067502975464,19.18000030517578,24.59499931335449,16.670000076293945,34.72999954223633,16.670000076293945,34.72999954223633,16.670000076293945,45.91999816894531,16.670000076293945,45.91999816894531,16.670000076293945,45.91999816894531,6518795.0,6879272.0,7797969.953051643,115357872.218256,0.0721798702009557,1.7469283512660436,0.0805036078270352,-1.2460219505219934,0.5609854856810406,0.0672863371408363,-2.4372489382464217,20.86000061035156,19.799999237060547,5585300.0,False,False,True,0.0235849048116105,1.0746801239541346,-0.0359839830167171,0.9923988641963852,-0.339823502644234,0.6685387861509448,0.8359605178330992,27.0,79.0,79.0,48.0,48.0,22.0,22.0,72.0,82.0,75.0,70.0,80.76923076923077,GLXY
2026-03-23,4.480000019073486,4.5,4.28000020980835,4.329999923706055,2272500.0,0.0516431404627872,4.476740713505533,4.523353639112304,4.563599987030029,4.482333334287008,4.55199999332428,5.482899997234345,8.773524984121323,3.8450000286102295,5.420000076293945,3.8450000286102295,5.420000076293945,3.8450000286102295,7.760000228881836,3.8450000286102295,9.93000030517578,3.8450000286102295,12.5,3.8450000286102295,16.81999969482422,2066120.0,2049232.0,2107151.1904761903,11371094.558799269,0.0712911717253304,0.3010713713509695,0.0672034308190102,-0.2353632451847471,0.730723048174477,-7.107417162527122,-10.183135203240353,4.429999828338623,4.210000038146973,5311200.0,False,False,True,0.0205011743337339,1.071442460095839,-0.03655915544245,0.9918067573724751,-0.4954954998493774,0.510894931112077,0.9805276476307722,40.0,78.0,78.0,48.0,48.0,13.0,13.0,77.0,66.0,57.0,52.0,73.07692307692307,GOGO
2026-03-23,15.359999656677246,16.139999389648438,15.25,15.25,1752700.0,-0.0090322802143711,15.694151656188344,15.234252282687793,14.893600006103515,14.8153333346049,13.597000045776367,11.775600023269654,10.120150008201598,13.119999885559082,16.799999237060547,9.4399995803833,16.799999237060547,9.289999961853027,16.799999237060547,8.649999618530273,16.799999237060547,7.53000020980835,16.799999237060547,3.140000104904175,16.799999237060547,1681602.5,1648536.0,1843548.4126984128,24444181.965498924,0.0621127713344453,1.0242859295436315,0.0666852833618624,1.944370917128495,-0.1366809201266005,11.423588770821604,8.133523302779462,16.56999969482422,15.119999885559082,3300200.0,True,True,True,0.0955776858175165,1.1502666341220131,0.5737704197202647,1.6201058379959912,0.5917098719032514,1.611871658456248,0.9121553241656551,33.0,88.0,88.0,96.0,96.0,93.0,93.0,78.0,94.0,91.0,91.0,73.07692307692307,GPRE
2026-03-23,12.640000343322754,12.84000015258789,12.100000381469728,12.380000114440918,1293400.0,0.0071713267904436,12.307637743044843,11.99694378637297,11.702000045776368,11.470000076293946,11.578800010681151,12.607200002670288,15.122050023078918,9.84000015258789,12.84000015258789,9.732000350952148,13.824999809265137,9.732000350952148,15.329999923706056,9.732000350952148,16.2189998626709,9.732000350952148,17.010000228881836,9.732000350952148,25.1299991607666,1678465.0,1603064.0,1927859.9206349207,18278279.180145264,0.0440880530464857,0.4554286003112793,0.0360307427168596,2.5436690753528515,0.197616382735684,-1.56810187970295,-6.218710899165465,12.649999618530272,12.333999633789062,1352200.0,False,False,False,0.1245552135865672,1.1806906595138875,-0.0766982665627772,0.9504858585659194,-0.209505908426986,0.8005070803890241,0.870636389104046,30.0,90.0,90.0,40.0,40.0,31.0,31.0,88.0,82.0,74.0,70.0,96.15384615384616,GRND
2026-03-23,6.179999828338623,6.28000020980835,5.920000076293945,5.920000076293945,12098900.0,0.0456852771400226,6.042293548931533,6.229402978585386,6.201199951171875,6.273333311080933,7.240099983215332,8.723099946975708,9.63692497730255,5.715000152587891,7.679999828338623,5.715000152587891,10.760000228881836,5.715000152587891,10.78499984741211,5.715000152587891,12.3100004196167,5.715000152587891,12.510000228881836,5.715000152587891,12.510000228881836,11330227.5,9959006.0,5914567.46031746,61916120.70692539,0.0497056731270812,0.2996428353445871,0.0484858970336153,-3.019860624188576,0.9010727074986312,-6.812940751229011,-8.293810447777574,5.96999979019165,5.715000152587891,56032800.0,False,False,True,-0.0418604633970175,1.0059678597461963,-0.3923304049186713,0.6255607846148945,-0.4775993348947903,0.5290177822638792,1.915647691233174,91.0,54.0,54.0,9.0,9.0,14.0,14.0,56.0,45.0,35.0,31.0,80.76923076923077,GTM
2026-03-23,156.80999755859375,161.0,154.8300018310547,155.55999755859375,1202600.0,0.0077115670171288,157.38891278010078,154.31690417044848,148.75879974365233,145.35966669718425,149.23659973144532,179.65459991455077,206.415549697876,120.37000274658205,172.47999572753906,120.37000274658205,207.6100006103516,120.37000274658205,229.8500061035156,120.37000274658205,255.88999938964844,120.37000274658205,272.6000061035156,120.37000274658205,272.6000061035156,1842187.5,1823210.0,1021129.761904762,306113314.5174408,0.0526683567524481,7.216426304408482,0.0460201926966549,1.1027244209108542,0.1662868707616559,-11.420543127114115,-13.51504173206738,158.1999969482422,151.39999389648438,2074800.0,False,True,True,0.2283408511693185,1.289657059211447,-0.2058645182473736,0.8175166555588694,-0.3593577855886142,0.6487570673828993,1.804067973264906,89.0,95.0,95.0,23.0,23.0,20.0,20.0,89.0,82.0,75.0,70.0,73.07692307692307,GWRE
2026-03-23,1.3700000047683716,1.3700000047683716,1.2200000286102295,1.25,1038500.0,0.0378787502495945,1.3929082188682993,1.3779966748392336,1.357599997520447,1.3146666646003724,1.3156000018119811,1.2864999997615814,1.402525001168251,1.0199999809265137,2.430000066757202,1.0199999809265137,2.630000114440918,1.0199999809265137,2.630000114440918,1.0199999809265137,2.630000114440918,1.0199999809265137,2.9600000381469727,1.0,2.9600000381469727,17745957.5,14266562.0,4176453.1746031744,24067831.78843021,0.1161623999227146,0.2254285556929452,0.1645463904440342,0.2512966493648214,0.2217995504721628,1.5941217215764545,-1.9226901260745477,1.3700000047683716,1.309999942779541,835300.0,False,False,True,0.0620155389775576,1.115029135057124,0.2924529044557735,1.330505688508152,-0.1988304244408317,0.8113177880320005,4.24904979371309,98.0,85.0,85.0,90.0,90.0,32.0,32.0,91.0,85.0,78.0,74.0,69.23076923076923,GXAI
2026-03-23,86.4129867553711,91.23868792965897,86.28310525213028,88.42119917607124,953200.0,-0.0231534322939405,86.21069631467226,85.68269669446946,84.65366607666016,85.42809321085612,89.09685989379882,84.82502601623536,70.64640254974366,75.71252289213056,94.07746899381596,75.71252289213056,105.15215758106804,71.66357262393763,105.15215758106804,61.69597121756869,105.15215758106804,54.50625407875441,105.15215758106804,37.77843729947054,105.15215758106804,1031337.5,1018130.0,947743.6507936508,80334248.8110733,0.0514414812803261,4.289747213714142,0.0496423902793466,-0.6068018566884965,-0.4774592824297197,12.256594494927416,8.744533921004171,91.77821000454485,87.07240462436032,1770000.0,False,False,True,0.0183679531999272,1.0692027530214925,0.0125317569302942,1.0423430190349414,0.3779095739478137,1.3953632061766872,1.0882030168562429,52.0,78.0,78.0,64.0,64.0,89.0,89.0,73.0,62.0,64.0,78.0,84.61538461538461,HCC
2026-03-23,22.459999084472656,23.100000381469727,22.2450008392334,22.600000381469727,20283800.0,0.0199817719147163,22.671740384986,21.71190560621488,19.304399909973142,18.93233324686686,22.922000007629396,30.36379995346069,41.23644989967346,13.739999771118164,27.540000915527344,13.739999771118164,36.45000076293945,13.739999771118164,41.27999877929688,13.739999771118164,65.29900360107422,13.739999771118164,65.29900360107422,13.739999771118164,70.43000030517578,42159602.5,37377156.0,32997007.14285714,1057366588.4998657,0.0995481820659587,2.462357316698347,0.1096330105552255,-0.1838438028371227,0.1786899991017375,-6.114014710963982,-11.079742801097767,24.25,21.700000762939453,33380800.0,True,True,True,0.4369800972503732,1.5087111403981486,-0.3540408746397459,0.664977646669042,-0.6115531095984565,0.3933672489604098,1.2776795882570302,69.0,98.0,98.0,11.0,11.0,8.0,8.0,97.0,94.0,90.0,88.0,69.23076923076923,HIMS
2026-03-23,8.680000305175781,8.90999984741211,8.550000190734863,8.609999656677246,2720600.0,0.010477316762419,8.816597021940197,8.553420100125921,8.167200050354005,8.132666699091594,8.1746000289917,8.205100002288818,8.445378737449646,7.019999980926514,12.0,7.019999980926514,12.0,6.849999904632568,12.0,6.849999904632568,12.0,6.849999904632568,12.0,5.438156581666497,12.0,2977625.0,2585668.0,1474171.825396825,45300135.09037733,0.0754302314011148,0.8814286163875035,0.1015470720504373,0.6088377281187026,0.1021071371119675,3.846463195731786,0.5778043164178226,9.100000381469728,8.460000038146973,3188500.0,True,True,True,0.1557922823749562,1.2134870174903158,0.0702836834313838,1.101795294987975,0.0211765064912683,1.034111491139063,2.0198629146900613,92.0,92.0,92.0,75.0,75.0,61.0,61.0,85.0,76.0,71.0,67.0,69.23076923076923,HIMX
2026-03-23,9.800000190734863,9.859999656677246,9.380000114440918,9.470000267028809,1443800.0,0.0218978138483452,9.407306003321288,9.203199189794418,9.202800025939942,9.103333377838135,8.513000068664551,7.607700033187866,7.01240002155304,8.260000228881836,10.75,6.150000095367432,10.75,6.110000133514404,10.75,6.110000133514404,10.75,5.610000133514404,10.75,5.519999980926514,10.75,2421445.0,2245054.0,1822128.9682539685,24595576.00924492,0.0469530663488735,0.354285648890904,0.0361515961219932,4.181850228903384,0.5927421525663842,13.96761282172711,9.471297685964055,9.800000190734863,9.399999618530272,4462800.0,False,False,False,0.0961969407961302,1.1509168010149085,0.5934959412629672,1.640412124229614,0.575562784775095,1.5955200402575258,1.328909776523842,73.0,88.0,88.0,96.0,96.0,93.0,93.0,80.0,93.0,90.0,87.0,96.15384615384616,HLX
2026-03-23,42.11000061035156,42.869998931884766,40.59999847412109,42.400001525878906,740900.0,-0.008709956117511,43.70076801667229,43.35704092202717,43.33240005493164,42.1896666208903,41.24680019378662,44.24710012435913,47.11920002937317,30.07999992370605,47.2400016784668,30.07999992370605,51.150001525878906,30.07999992370605,51.34999847412109,30.07999992370605,54.400001525878906,30.07999992370605,62.18000030517578,30.07999992370605,62.18000030517578,1491630.0,1349400.0,1256814.3540669857,52255532.24592209,0.0436019461716403,1.6001431601388114,0.0379991246009495,0.5507414791205366,-0.2312286432250652,-0.960381808492878,-3.666462272716053,44.310001373291016,42.41999816894531,783800.0,False,True,False,0.0193657518873331,1.0702503597339612,-0.1236212012700203,0.9021814048142588,-0.260059730745783,0.7493129055832434,1.1868339943549842,62.0,78.0,78.0,33.0,33.0,27.0,27.0,93.0,87.0,82.0,78.0,42.30769230769231,HNGE
2026-03-23,26.81999969482422,27.65999984741211,26.0,26.549999237060547,2235600.0,0.030745550460659,24.389917864414457,24.179307328533053,23.47460006713867,23.78516674041748,26.905899963378907,28.81470001220703,30.470032205889304,20.1299991607666,29.86000061035156,20.1299991607666,37.2400016784668,20.1299991607666,37.2400016784668,20.1299991607666,41.22299957275391,20.1299991607666,41.22299957275391,20.1299991607666,41.22299957275391,1782590.0,1603988.0,885718.0645161291,35826976.60037041,0.0773043522997414,1.8882856369018557,0.0704058783888152,-0.0453459053609926,0.423664312976039,0.3473765926294669,-3.600591005945541,26.479999542236328,24.96999931335449,2734800.0,False,True,False,0.0685258680164919,1.12186444611501,-0.0638743437372489,0.963687347153652,-0.1843066051225766,0.8260255768978458,2.012593026398118,92.0,85.0,85.0,42.0,42.0,33.0,33.0,90.0,84.0,77.0,73.0,100.0,HTFL
2026-03-23,262.0599975585937,266.5979919433594,256.989990234375,260.0899963378906,1003000.0,0.01255747471372,263.6732701728747,264.56299787025256,260.68799865722656,255.4119990030925,275.0217990112305,335.46889877319336,419.7946994781494,207.1999969482422,297.0,207.1999969482422,406.9400024414063,207.1999969482422,406.9400024414063,207.1999969482422,521.1890258789062,207.1999969482422,525.510009765625,207.1999969482422,682.5650024414062,1996917.5,1843808.0,1031605.5555555556,408701196.13586426,0.0622565132632757,15.24307359967913,0.058166350231576,-0.8102637919584152,0.2132115927110929,-7.411553784887998,-10.407788552840136,262.9700012207031,249.13999938964844,1159800.0,False,True,True,0.1223126233772751,1.17833612388839,-0.328051288311298,0.6917324261528903,-0.4949117570075317,0.5114860680769264,1.9357374427133545,91.0,89.0,89.0,13.0,13.0,13.0,13.0,87.0,79.0,71.0,66.0,76.92307692307693,HUBS
2026-03-23,52.93999862670898,53.44499969482422,49.25,49.470001220703125,7279600.0,0.1154656478708024,50.36985242362107,51.04465036102684,51.74179977416992,52.11316655476888,54.37949989318847,49.66454982757568,38.75647487163544,44.119998931884766,61.81999969482422,43.810001373291016,66.06999969482422,31.670000076293945,66.06999969482422,31.670000076293945,66.06999969482422,20.690000534057617,66.06999969482422,10.039999961853027,66.06999969482422,4879125.0,4883642.0,6269856.349206349,225228296.84329987,0.0822887900901578,4.323643275669643,0.0816706344508347,-0.3241237931327206,1.2674495079355474,4.51261111071997,2.2124627512851585,51.18000030517578,46.59000015258789,4336300.0,False,False,True,-0.016350818898274,1.0327508923828308,0.3718579532879003,1.412248604480706,0.4608166714894235,1.4793204669634137,0.7781876853713896,23.0,64.0,64.0,92.0,92.0,91.0,91.0,82.0,73.0,91.0,89.0,96.15384615384616,HUT
2026-03-23,9.399999618530272,9.539999961853027,8.460000038146973,8.53499984741211,26747900.0,0.1097992115917252,8.671620773356006,8.495643465803727,8.872000007629394,8.47983333269755,7.246299996376037,4.70844999551773,3.6662999975681294,5.820000171661377,12.43000030517578,1.950000047683716,12.43000030517578,1.950000047683716,12.43000030517578,1.950000047683716,12.43000030517578,1.950000047683716,12.43000030517578,1.830000042915344,12.43000030517578,32573495.0,42667958.0,16236026.19047619,297368002.4355936,0.1110709799021563,0.7855713026864188,0.083571418570892,3.5564036551444467,1.1838509735795406,23.262235924579198,19.767338503397223,9.31999969482422,8.399999618530273,31639900.0,False,False,False,0.0804597499553581,1.134394042498297,3.4976076576856627,4.63002756433,2.4432232794344326,3.486837718246235,2.006247995529049,92.0,86.0,86.0,99.0,99.0,99.0,99.0,97.0,99.0,99.0,99.0,84.61538461538461,IBRX
2026-03-23,48.77000045776367,50.21799850463867,47.91999816894531,48.709999084472656,582800.0,0.0414264051004691,46.518228448848085,45.27762264090166,46.65920043945312,46.13833376566569,39.60100025177002,28.75945014953613,24.02510004043579,32.029998779296875,55.33000183105469,18.31999969482422,55.33000183105469,14.06999969482422,55.33000183105469,14.0600004196167,55.33000183105469,14.0600004196167,55.33000183105469,13.119999885559082,55.33000183105469,1047510.0,1058554.0,786533.3333333334,37948902.93111801,0.0884313869007227,4.183928080967495,0.0857889694832155,2.698884977085072,0.4636787700854498,18.157142991775963,15.518894293422871,51.5,46.72999954223633,1187800.0,True,True,False,-0.0313802991904659,1.0169711718462606,1.828886375014175,2.912175291744536,1.6447938744735011,2.6782948098607067,1.3318062383454825,73.0,58.0,58.0,99.0,99.0,98.0,98.0,96.0,98.0,99.0,98.0,84.61538461538461,ICHR
2026-03-23,44.93999862670898,45.34999847412109,43.81999969482422,43.81999969482422,709600.0,0.0293174251894263,44.36430539544446,44.962512359269176,44.5115998840332,44.74133313496908,49.91619995117188,54.24340003967285,54.996300048828125,40.81999969482422,49.59999847412109,40.81999969482422,66.93000030517578,40.81999969482422,66.93000030517578,40.81999969482422,93.8499984741211,36.25,93.8499984741211,26.40999984741211,93.8499984741211,1237717.5,1241688.0,1843548.8095238092,41682173.34947586,0.0580807830301028,2.1914283207484653,0.0487634265179092,-2.044382768066772,0.584093382009274,-1.2262328402593354,-4.204998155068196,44.709999084472656,43.0,796900.0,False,False,True,0.0026773523583629,1.0527289101794757,-0.0627737661801436,0.9648203282435818,-0.363185506290926,0.6448808619101235,0.6713776676841573,17.0,73.0,73.0,43.0,43.0,20.0,20.0,64.0,52.0,42.0,37.0,96.15384615384616,INOD
2026-03-23,25.940000534057617,26.350000381469727,25.2549991607666,26.06999969482422,694600.0,0.008161717666437,25.61094320286123,25.71179055987563,24.51439994812012,24.449333318074544,28.978399925231933,35.873899936676025,40.05797493934632,19.239999771118164,29.690000534057617,19.239999771118164,47.93000030517578,19.239999771118164,47.93000030517578,19.239999771118164,47.93000030517578,19.239999771118164,47.93000030517578,19.239999771118164,64.30999755859375,1681900.0,1446930.0,871626.1904761905,33638835.41016579,0.0699117298501776,1.5007148470197404,0.0578533082545389,-1.8123507845820648,0.1399339736248552,-3.360304930589844,-6.904898862634443,26.170000076293945,24.440000534057617,985100.0,False,True,True,0.1882730473987932,1.2475891544189244,-0.4419104821529535,0.5745209559530811,-0.417602155346734,0.5897749309176012,1.929611590814105,91.0,93.0,93.0,7.0,7.0,17.0,17.0,91.0,85.0,78.0,75.0,80.76923076923077,INTA
2026-03-23,455.6119995117188,463.557446712206,448.344480485685,454.5951528853776,3124700.0,0.0032047868399798,449.097334886436,444.41593699722046,424.4339697265625,422.0151774088542,464.81358459472654,559.4266439819336,636.2194590759277,347.92480572044826,481.7213153215632,347.92480572044826,675.2358507548577,347.92480572044826,678.9176495685996,347.92480572044826,697.3955812170705,347.92480572044826,716.6848536927029,347.92480572044826,808.2248144461021,4612470.0,4316166.0,2307750.0,2037874365.7513428,0.0490099827801693,19.650697781535275,0.0431303341496602,-0.4589876616751356,0.0740673369310711,-8.42787467826021,-11.367997120217236,461.43402291061625,439.31241305637815,4718500.0,False,True,True,0.200945988177561,1.2608947019147585,-0.3154800380703201,0.7046738028944465,-0.3332094987414516,0.6752365679691013,1.9986870328241797,92.0,94.0,94.0,13.0,13.0,22.0,22.0,90.0,82.0,75.0,71.0,88.46153846153845,INTU
2026-03-23,33.20000076293945,33.72999954223633,32.45000076293945,33.43000030517578,5625800.0,0.0021128793410027,32.732459805537495,31.66943327654049,30.284800186157227,29.799666786193846,30.0385998916626,34.21309991836548,36.1149499797821,24.1299991607666,35.55500030517578,23.3799991607666,37.25,23.3799991607666,47.470001220703125,23.3799991607666,47.470001220703125,23.3799991607666,47.470001220703125,23.3799991607666,48.40499877929688,9662585.0,9228188.0,6100427.380952381,307224827.599144,0.0561913045843747,1.831927571977888,0.0551785400566265,1.9073468521830768,0.0382109510741419,-0.4151157282710107,-3.6504057226079865,34.029998779296875,32.47999954223633,8293800.0,False,True,True,0.2392683698527575,1.301130056788908,-0.129750997770777,0.8958711330159308,-0.1716567054341921,0.8388357096676079,1.5839193545963506,85.0,95.0,95.0,32.0,32.0,34.0,34.0,92.0,88.0,83.0,79.0,84.61538461538461,IOT
2026-03-23,3.630000114440918,3.809999942779541,3.619999885559082,3.7300000190734863,9005800.0,-0.0162601468425821,3.9474016422463354,3.8956368526046,3.883599996566773,3.665999984741211,3.2159999990463257,2.796000002622604,2.534450003504753,2.4600000381469727,5.630000114440918,2.2100000381469727,5.630000114440918,2.0799999237060547,5.630000114440918,1.7599999904632568,5.630000114440918,1.7599999904632568,5.630000114440918,1.6399999856948853,5.630000114440918,16804330.0,16028788.0,14799673.80952381,99587129.49545383,0.1112118183399981,0.4564285789217268,0.1257378965653351,1.023807322371332,-0.1314552715373032,11.459244645665503,8.61753726912625,3.9600000381469727,3.609999895095825,23502000.0,True,False,False,0.264808452678313,1.327945047170012,0.4756097797361269,1.5190551231604743,0.7707318043297513,1.7931612164429087,1.1354527279639206,57.0,96.0,96.0,95.0,95.0,95.0,95.0,95.0,94.0,93.0,95.0,42.30769230769231,IOVA
2026-03-23,26.299999237060547,26.420000076293945,24.96999931335449,25.229999542236328,1840900.0,0.0354330563797997,25.3765110853954,24.550507990970523,24.261901168823243,23.696801376342773,22.18452133178711,19.631317596435547,21.713972940444947,18.32873776265436,26.780000686645508,16.857666121191297,26.780000686645508,15.430993559331483,26.780000686645508,15.430993559331483,26.780000686645508,15.430993559331483,26.780000686645508,15.430993559331483,32.59626300549898,2235125.0,2303120.0,2141006.746031746,49357642.491140366,0.0509968354731293,1.1758510440915833,0.0447091664715578,4.149288560220036,0.7654027464214892,13.7349227474069,8.173005577328809,26.780000686645508,25.09000015258789,4260000.0,False,False,False,0.154435027952956,1.2120620117642489,0.5978051459230562,1.6448482017790766,0.4752912220605927,1.4939783630074093,1.0439598119635531,47.0,92.0,92.0,96.0,96.0,91.0,91.0,94.0,93.0,92.0,89.0,100.0,IRDM
2026-03-23,42.15999984741211,44.75,41.21500015258789,41.400001525878906,40609200.0,0.0210704507772871,41.82627500440438,42.10953408737584,41.654600067138674,41.8455000559489,46.13770011901856,47.12630004882813,37.87437504768371,35.630001068115234,47.25,35.630001068115234,63.59000015258789,33.34000015258789,63.59000015258789,33.34000015258789,76.87000274658203,17.219999313354492,76.87000274658203,5.125,76.87000274658203,38656085.0,40218390.0,31338081.34920635,1420107809.812851,0.076002775061656,3.378499712262834,0.0801351927061312,-1.07585273292879,0.2575104353944319,2.084289140629668,0.2869568303793301,42.56999969482422,38.935001373291016,34840900.0,False,False,True,0.0545272718893543,1.1071670693264524,0.1776536521198475,1.2123264823313908,0.0910973217744581,1.1049179757130172,1.2335179224678023,66.0,84.0,84.0,85.0,85.0,73.0,73.0,80.0,69.0,71.0,66.0,88.46153846153845,IREN
2026-03-23,13.699999809265137,13.779999732971191,13.43000030517578,13.600000381469728,1465200.0,0.0324038686260852,13.6780767110678,13.48203726859299,13.309799995422363,13.434166653951008,13.18239999771118,12.405899991989136,13.201425013542176,11.154999732971191,15.420000076293944,10.289999961853027,15.420000076293944,10.289999961853027,15.420000076293944,10.289999961853027,15.859999656677246,10.289999961853027,17.790000915527344,10.289999961853027,17.790000915527344,1708092.5,1642508.0,2032640.873015873,24557672.252192497,0.0464980329328672,0.984285763331822,0.0718456771558611,0.5465110930790549,0.4368643411501866,4.120597824762635,0.3405548932625541,13.850000381469728,12.9399995803833,2090200.0,True,True,True,-0.0093998637135264,1.040048824722815,0.2557286893560155,1.2927002281097324,-0.1701999019176883,0.8403109661459661,0.8403316703287907,27.0,67.0,67.0,88.0,88.0,35.0,35.0,84.0,84.0,77.0,73.0,80.76923076923077,KC
2026-03-23,12.949999809265137,13.03499984741211,12.359999656677246,12.5,3190700.0,0.0606060416712717,12.585476445004876,13.135718596632556,12.618800048828126,12.429333368937174,17.300999908447267,21.849299945831294,28.09139998435974,10.100000381469728,13.93000030517578,10.100000381469728,27.739999771118164,10.100000381469728,27.834999084472656,10.100000381469728,30.989999771118164,10.100000381469728,33.900001525878906,10.100000381469728,44.20000076293945,6745410.0,5789590.0,2982922.619047619,47261374.807276726,0.0440375559791097,0.5382142748151507,0.0415609484743067,-6.051073653754667,1.3749166563304485,-6.951682372723687,-10.570668190989668,12.600000381469728,12.130000114440918,7154800.0,False,False,True,0.0351718283239894,1.0868454424714316,-0.5194805401611176,0.4946670571518491,-0.5869218611901649,0.4183104951653527,2.2613426030319417,94.0,81.0,81.0,4.0,4.0,9.0,9.0,88.0,80.0,73.0,68.0,92.3076923076923,KD
2026-03-23,2.309999942779541,2.369999885559082,2.220000028610229,2.220000028610229,27813400.0,0.0645160652365948,2.264131054643065,2.242901628847329,2.191199989318848,2.187333329518636,2.341299993991852,2.673449999094009,2.318049997985363,1.940000057220459,2.4100000858306885,1.6799999475479126,3.240000009536743,1.6799999475479126,3.566999912261963,1.6799999475479126,6.599999904632568,1.1799999475479126,6.599999904632568,0.6729999780654907,6.599999904632568,33934605.0,35673750.0,45070267.46031746,71443142.39959598,0.0780788466834125,0.1939285652978079,0.08395176194873,-0.1592421999316209,0.721914619801388,-1.9780210715936084,-3.9802226626196906,2.4100000858306885,2.150000095367432,46038800.0,True,False,True,0.1379310223330092,1.194734160677339,0.0176211287176757,1.047582233625043,-0.2596153757981291,0.7497628890626835,0.7529266390504126,21.0,91.0,91.0,65.0,65.0,27.0,27.0,81.0,86.0,80.0,77.0,92.3076923076923,KEEL
2026-03-23,288.9599914550781,294.4100036621094,286.2300109863281,286.739990234375,1456900.0,0.0411847105756335,284.9181142483412,279.7907350151676,280.8603991699219,273.11499888102213,250.59719970703125,222.6591998291016,194.37544998168943,228.3500061035156,317.0,203.0800018310547,317.0,167.22999572753906,317.0,158.7899932861328,317.0,152.8459930419922,317.0,121.43000030517578,317.0,1690612.5,1551646.0,1148899.603174603,626816501.5060425,0.0447740154378657,12.473933628627233,0.0431683762371872,3.546241251790307,0.916310204629422,20.679478503045377,16.17244266978252,290.739990234375,275.2699890136719,3873100.0,False,True,True,0.1864991353415279,1.2457266923792594,0.4482032437373044,1.4908416757512697,0.6220039368790597,1.642549450694572,1.4715058611984484,81.0,93.0,93.0,94.0,94.0,94.0,94.0,87.0,89.0,92.0,92.0,80.76923076923077,KEYS
2026-03-23,42.88999938964844,44.02000045776367,42.22999954223633,42.72999954223633,2598000.0,0.0246057994333179,42.214199737975626,42.465783036834914,42.54000015258789,42.79933344523112,44.26380004882813,41.36720003128052,49.67804984092712,39.34999847412109,47.7599983215332,38.09999847412109,49.88999938964844,31.950000762939453,49.88999938964844,30.26000022888184,49.88999938964844,30.26000022888184,62.560001373291016,30.26000022888184,82.79000091552734,3257197.5,3341898.0,4027407.53968254,132226292.05575944,0.0411077907787036,1.746429170880999,0.0407187968228906,-0.7622195579718878,0.589774149716753,3.673657234028127,0.0220955685755617,42.70000076293945,41.400001525878906,5771200.0,False,True,True,-0.0361797889966643,1.0119321015399323,0.0902389228086217,1.1223380624771602,-0.2659592817792745,0.7433386264282548,0.8087578592199658,25.0,56.0,56.0,77.0,77.0,27.0,27.0,60.0,58.0,78.0,79.0,96.15384615384616,KMX
2026-03-23,2.690000057220459,2.799999952316284,2.539999961853028,2.609999895095825,24805300.0,-0.0528168526345631,2.584373062577476,2.404684321747274,2.3283999967575078,2.21599999666214,1.861199995279312,1.513500000834465,1.6797000071406365,1.4500000476837158,3.009999990463257,0.8399999737739563,3.009999990463257,0.8399999737739563,3.009999990463257,0.8399999737739563,3.009999990463257,0.8399999737739563,3.009999990463257,0.8399999737739563,3.009999990463257,28177770.0,26305838.0,14496477.777777778,93261823.71458767,0.1085460391486909,0.2721428786005292,0.1011683542050667,4.401614939644307,-0.5511805332559631,8.738155248101268,3.869056795546685,3.009999990463257,2.799999952316284,58487600.0,False,False,True,0.2453703473747521,1.3075366322755886,1.956043933730903,3.0430766612460074,0.5917159562968883,1.611877819919361,1.9437666467640031,91.0,95.0,95.0,99.0,99.0,93.0,93.0,98.0,99.0,98.0,98.0,92.3076923076923,KOS
2026-03-23,102.38999938964844,105.43000030517578,99.41000366210938,100.5,1278400.0,0.0302878065950735,101.3820389726622,98.8803808351075,94.46399963378906,92.81133295694988,98.24379989624023,85.27680000305176,71.53990001678467,73.12000274658203,107.55999755859376,72.0,118.37999725341795,55.369998931884766,118.37999725341795,55.369998931884766,118.37999725341795,48.2599983215332,118.37999725341795,25.024999618530277,118.37999725341795,2170507.5,2138898.0,1585300.0,210996818.75907895,0.0729201210409802,7.043927873883929,0.0687950768226693,0.613462022950465,0.4273187048649879,8.498336750481359,6.78642777818901,107.3000030517578,99.18000030517578,3001700.0,True,False,True,0.2544718934591825,1.3170925085182048,0.503303457232489,1.547564166172866,0.5485480208172151,1.568163087114096,1.369146218381379,75.0,95.0,95.0,95.0,95.0,93.0,93.0,93.0,88.0,94.0,92.0,92.3076923076923,KRMN
2026-03-23,18.96999931335449,19.26000022888184,18.43000030517578,18.600000381469727,2764300.0,0.0209902793998852,19.042522482407257,19.277851286723305,18.724400062561035,18.87900012334188,21.01840002059937,25.074900007247926,28.13229999065399,15.529999732971191,22.09499931335449,15.529999732971191,33.029998779296875,15.529999732971191,33.35499954223633,15.529999732971191,33.35499954223633,15.529999732971191,36.22499847412109,15.529999732971191,37.790000915527344,4750210.0,4401482.0,2902667.8571428573,76598780.95806122,0.0620368366003301,1.073000226702009,0.0565630081993012,-1.7229900335107864,0.363466269571206,0.257893834843351,-2.8590403606845007,18.770000457763672,17.760000228881836,3669400.0,False,False,True,0.0952655685683034,1.1499389366320485,-0.3979689249266736,0.6197562536184069,-0.4615384740322845,0.5452820819906424,1.6364979507768098,86.0,88.0,88.0,8.0,8.0,14.0,14.0,84.0,74.0,66.0,61.0,73.07692307692307,KVYO
2026-03-23,69.94999694824219,70.79000091552734,66.36499786376953,66.5,1851600.0,0.063716464049554,67.02780298195906,63.97570972485926,62.376399536132816,60.88233286539714,54.62349975585938,44.705599784851074,34.79207492828369,49.10300064086914,72.9000015258789,36.26499938964844,72.9000015258789,28.049999237060547,72.9000015258789,28.045000076293945,72.9000015258789,24.871999740600582,72.9000015258789,6.199999809265137,72.9000015258789,1982860.0,1774110.0,945716.6666666666,161437930.7720375,0.0917690212848409,5.981071199689593,0.085504952975411,3.281497784204608,0.7005425403110352,14.730220437109216,11.566547014214985,71.5199966430664,64.66000366210938,3984300.0,True,False,True,0.2488841107740171,1.311225795399934,0.9457578710360708,2.003045454846274,1.2434251527775229,2.2718420520355767,2.0966744796715013,93.0,95.0,95.0,98.0,98.0,98.0,98.0,94.0,97.0,97.0,97.0,96.15384615384616,LASR
2026-03-23,29.11000061035156,30.7450008392334,28.2450008392334,30.57999992370605,8633300.0,-0.0744038186270995,30.150094967807863,29.09030335989057,28.633990707397466,27.998238182067876,25.6470361328125,21.790295543670656,16.893647422790526,23.52367926989892,32.400001525878906,18.111239804158064,32.400001525878906,14.644223583922292,32.400001525878906,11.428864844639786,32.400001525878906,9.82167898852636,32.400001525878906,9.2896470063623,32.400001525878906,4976745.0,4607682.0,4087876.587301587,122036889.23863412,0.0526068383303424,1.6971427372523715,0.0583010203252577,2.3159794290759987,-1.3787880660976624,14.36715680629028,13.63412380283707,32.040000915527344,30.959999084472656,5105600.0,False,False,True,0.087688803187147,1.1419839549586022,0.6920303411982354,1.7418476033682642,1.6796464213687332,2.7135888251565143,1.2174401290536894,64.0,87.0,87.0,97.0,97.0,98.0,98.0,85.0,94.0,95.0,97.0,73.07692307692307,LBRT
2026-03-23,10.3100004196167,10.56999969482422,10.229999542236328,10.25,5236600.0,0.024850893595641,10.14601235667811,10.154984918958377,10.046400032043458,10.114000034332276,10.364000015258789,11.946850023269654,17.055549998283386,9.119999885559082,11.40999984741211,9.119999885559082,12.170000076293944,9.119999885559082,17.399999618530273,9.119999885559082,25.229999542236328,9.119999885559082,25.229999542236328,9.119999885559082,33.70000076293945,6827990.0,7327764.0,10457880.634920634,66897699.3723774,0.0608724273566949,0.5962856156485421,0.0578356538680636,-0.0900881052596355,0.419262168060336,-5.305941958240274,-10.907369481070509,10.4399995803833,9.979999542236328,5824800.0,False,True,True,0.0795811742097309,1.133471610087683,-0.0995632671300108,0.9269476598295744,-0.5113743965298188,0.4948149004616707,0.6529037993797888,16.0,86.0,86.0,36.0,36.0,12.0,12.0,71.0,59.0,50.0,44.0,96.15384615384616,LCID
2026-03-23,2.1700000762939453,2.2300000190734863,2.0299999713897705,2.190000057220459,2770900.0,-0.0312499700646317,1.9668054186215032,1.840482033994451,1.7323999977111817,1.7163333296775818,1.7765999960899352,2.076999999284744,2.1455799984931945,1.5049999952316284,2.700000047683716,1.3700000047683716,2.700000047683716,1.3700000047683716,2.789999961853028,1.3700000047683716,4.0,1.3700000047683716,4.0,0.4900000095367431,6.440000057220459,3585752.5,3042152.0,6392754.761904762,12720893.875482082,0.1135737347926524,0.2619285838944571,0.1207044122974383,1.8345165812494135,-0.2672481643737057,-1.2468946917503103,-6.088461584700004,2.700000047683716,2.180000066757202,7622000.0,False,True,False,0.3072289879080845,1.3724831268589872,-0.0398229710394216,0.9884468475428472,-0.1842105239570778,0.8261228750991781,0.5609088152994629,13.0,96.0,96.0,47.0,47.0,33.0,33.0,94.0,93.0,89.0,86.0,92.3076923076923,LIDR
2026-03-23,9.649999618530272,9.739999771118164,9.34000015258789,9.34000015258789,1621500.0,0.0466376723479244,9.59841019937292,9.499245066962157,9.28840000152588,9.199333333969117,9.229799947738648,8.427399954795838,7.39169997215271,7.889999866485596,11.020000457763672,7.889999866485596,11.020000457763672,6.46999979019165,11.020000457763672,5.875,11.020000457763672,5.875,11.020000457763672,5.545000076293945,11.020000457763672,2543752.5,2577500.0,2287028.9682539683,26109772.907381058,0.0537283259727048,0.5329999923706055,0.0552331620145476,0.8242586495663697,0.8067530162410917,12.68314229205953,9.506194772815476,9.59000015258789,9.18000030517578,2870000.0,False,False,True,0.1352940727682674,1.1919655801015838,0.1313012802602937,1.1646093901090244,0.4067054563724246,1.424523838764188,1.1122519807617597,54.0,90.0,90.0,81.0,81.0,89.0,89.0,84.0,75.0,86.0,88.0,80.76923076923077,LION
2026-03-23,728.9500122070312,766.0,710.030029296875,742.7449951171875,7352900.0,0.0319955226194301,689.5883616650086,662.270097855133,669.442001953125,653.1546691894531,546.0242016601562,424.9859005737305,275.4251251602173,528.010009765625,787.4500122070312,317.44000244140625,787.4500122070312,215.3500061035156,787.4500122070312,147.80999755859375,787.4500122070312,111.1999969482422,787.4500122070312,45.650001525878906,787.4500122070312,6463792.5,6068486.0,3852200.793650794,5096220284.986267,0.1004453018257629,76.52000645228794,0.1049729133285963,3.1914338355801037,0.2953480752146226,19.33848180750916,17.622188052252724,787.4500122070312,680.6599731445312,22868800.0,True,True,False,0.0916183579471376,1.1461096648793914,1.1622222930303003,2.225883086941059,3.3202159110115863,4.374938993778249,1.6779479695486377,87.0,87.0,87.0,99.0,99.0,99.0,99.0,92.0,98.0,99.0,99.0,92.3076923076923,LITE
2026-03-23,66.87000274658203,69.30000305175781,63.68000030517578,64.0,1993200.0,0.0419134064913571,61.71775892789647,60.80009167725309,57.52480026245117,59.22433344523112,68.92660018920898,71.50070011138916,59.85490003585815,48.290000915527344,76.33000183105469,48.290000915527344,99.9000015258789,48.290000915527344,99.9000015258789,47.04399871826172,99.9000015258789,47.04399871826172,99.9000015258789,24.309999465942383,99.9000015258789,2845517.5,2790408.0,2520191.6666666665,143670655.84730148,0.062890669493187,3.747143336704799,0.0560362372184339,-0.5324679460765595,0.7178808494077549,8.807936011695507,5.413649852974031,65.92500305175781,63.36000061035156,2121500.0,False,False,False,0.1668120946468236,1.2250569157592448,-0.1925862956654777,0.8311858195319498,0.0969488804276366,1.1108436545803442,1.1290877347291708,56.0,92.0,92.0,24.0,24.0,73.0,73.0,92.0,87.0,81.0,80.0,100.0,LMND
2026-03-23,286.5361633300781,287.2943859230105,270.8225686899932,273.31679006143526,5709400.0,0.0224642921664754,265.6790629291901,253.5821930991502,245.40144836425785,240.81407572428387,226.4122772216797,213.83318786621092,222.8033605194092,212.4278344223445,298.7977432604177,187.20036520582144,298.7977432604177,185.27989863571077,298.7977432604177,185.27989863571077,298.7977432604177,185.27989863571077,298.7977432604177,185.27989863571077,298.7977432604177,2905690.0,2724048.0,2076243.253968254,1070061385.29953,0.0410217410629414,10.958895100657104,0.0382461151615019,6.943201069571286,0.5744566489985402,13.136721123931729,4.813884529675561,289.1201752348612,279.7518650772896,7311300.0,False,False,False,0.268159234924209,1.331463093462445,0.5167715369835975,1.5614287771465838,0.2472111580378204,1.2630092664737544,1.3994940113334275,77.0,96.0,96.0,95.0,95.0,84.0,84.0,91.0,92.0,88.0,85.0,100.0,LNG
2026-03-23,11.4399995803833,11.5600004196167,10.449999809265137,10.65999984741211,1813700.0,0.086419740787148,11.241556869150768,11.27391989149265,11.41560001373291,11.400000031789144,11.528999996185302,9.942199997901916,7.456799992322922,9.800000190734863,13.760000228881836,8.510000228881836,15.239999771118164,5.829999923706055,15.239999771118164,5.829999923706055,15.239999771118164,3.359999895095825,15.239999771118164,1.6100000143051147,15.239999771118164,2619642.5,2890104.0,1354734.126984127,23609717.325520515,0.086778380436693,0.867142881665911,0.0757992057231226,-0.1018440688398278,1.0494231880954423,8.618877845480114,5.596440468102646,11.380000114440918,10.3100004196167,2249300.0,False,False,True,-0.0466667016347249,1.0009217041407628,0.5933147428821592,1.6402255909520125,0.5801104892323052,1.600125349337407,1.9336949205168237,91.0,52.0,52.0,96.0,96.0,93.0,93.0,78.0,85.0,95.0,94.0,69.23076923076923,LPTH
2026-03-23,35.5,37.45000076293945,35.08000183105469,36.40999984741211,1084800.0,-0.0249931296683811,36.29334375871312,36.15600624316358,34.76680038452148,35.65066706339518,37.79420036315918,34.31030017852783,27.51175012111664,29.1200008392334,43.68999862670898,29.1200008392334,46.66999816894531,26.399999618530277,46.66999816894531,21.350000381469727,46.66999816894531,21.149999618530277,46.66999816894531,11.260000228881836,46.66999816894531,1758850.0,1992432.0,2156912.698412698,57391822.669706345,0.0679284242223396,2.2778573717389787,0.0641649963870134,-0.9460367531689065,-0.3994981681918875,10.238099194457686,6.838421598004691,37.59999847412109,36.15999984741211,1314600.0,False,False,True,0.0568621565565832,1.1096185065563302,0.0543511116891757,1.0853936317146051,0.4928510923019555,1.5117606596858724,0.8154479322665038,25.0,84.0,84.0,73.0,73.0,92.0,92.0,84.0,74.0,78.0,89.0,61.53846153846154,LQDA
2026-03-23,233.30999755859372,239.5200042724609,227.07000732421875,230.38999938964844,9506200.0,0.0216762871562972,225.38069991935936,224.59580415297492,227.2904174804688,227.9568293253581,226.58729095458983,195.268239440918,152.76108406066894,194.0800018310547,256.3728229508209,170.5556478709316,256.3728229508209,135.1154167794273,256.3728229508209,130.43871728924685,256.3728229508209,93.65794699266088,256.3728229508209,55.91034586364431,256.3728229508209,11507767.5,11891140.0,11571162.698412698,2528322953.6847687,0.048334233651192,11.978571210588727,0.051341868483713,0.5778790377767856,0.4132376776177217,13.103106753682098,11.612506633361194,236.83999633789065,222.0500030517578,26176400.0,False,False,False,-0.0462619174345798,1.001346694322175,0.4182728616691318,1.4600300744436812,0.8471172670663989,1.8705142345253096,0.9945212767234364,41.0,52.0,52.0,93.0,93.0,96.0,96.0,82.0,86.0,92.0,91.0,96.15384615384616,LRCX
2026-03-23,4.679999828338623,4.789999961853027,4.5,4.559999942779541,1925400.0,0.0423162732529811,4.651147789873608,4.606127280046343,4.5909999656677245,4.373166640599568,3.9860999822616576,3.827149999141693,3.766700012683868,2.7149999141693115,6.420000076293945,2.7149999141693115,6.420000076293945,2.7149999141693115,6.420000076293945,2.7149999141693115,6.420000076293945,2.7149999141693115,6.420000076293945,1.6100000143051147,6.420000076293945,5702285.0,4819968.0,2330090.476190476,51659970.967748165,0.1244711751809175,0.4169287340981619,0.0890873396134652,1.954036237516452,0.455713510922769,3.7207106112051047,0.2360820379437437,4.925000190734863,4.409999847412109,2843900.0,True,False,True,0.5757575027797439,1.6544160239649754,0.3644314102778425,1.40460340697543,0.1142857240170853,1.128400099584676,2.44723758938443,95.0,98.0,98.0,92.0,92.0,75.0,75.0,97.0,95.0,92.0,90.0,53.84615384615385,LRMR
2026-03-23,92.30999755859376,95.33999633789062,92.0500030517578,92.69000244140624,1495700.0,0.0416383964979514,91.45445465648382,91.64249586837418,93.49440063476564,93.96833368937176,89.92020065307617,81.08090026855469,71.00520017623901,83.18000030517578,108.08000183105467,73.43000030517578,108.08000183105467,60.5,108.08000183105467,60.5,108.08000183105467,59.369998931884766,108.08000183105467,34.689998626708984,108.08000183105467,2100420.0,2049918.0,2384978.571428572,167910323.53847504,0.0506215173482778,5.286428724016462,0.0572682143194825,0.464077043298683,0.6980127803951884,10.279103409016312,7.128631595712902,95.9800033569336,88.5199966430664,3267100.0,True,True,True,-0.0557488181111333,0.9913862273915928,0.2640010831379409,1.3012161801776847,0.2795952084779136,1.295803517493878,0.8806871580157953,30.0,48.0,48.0,89.0,89.0,85.0,85.0,66.0,78.0,87.0,84.0,53.84615384615385,LSCC
2026-03-23,20.309999465942383,20.940000534057617,18.31999969482422,18.440000534057617,19040600.0,0.1390913938781917,18.51130076391353,18.215871968021595,17.9396000289917,17.848333422342936,18.418400135040283,15.229350051879884,12.937725005149842,15.199999809265137,20.940000534057617,14.539999961853027,23.315000534057617,7.78000020980835,23.315000534057617,7.78000020980835,23.315000534057617,7.78000020980835,23.315000534057617,6.135000228881836,23.315000534057617,10371730.0,11023584.0,8667534.523809524,206693020.08701324,0.1058472518662703,1.7830713817051478,0.0877927832886042,1.169818352399364,1.3908582503661235,9.905053674799433,6.374227397671258,20.799999237060547,17.610000610351562,18066000.0,False,False,False,0.1572649771433327,1.2150332261035786,0.8718892858869391,1.927002008772428,1.091658021230892,2.118152524601342,1.1966182507273653,62.0,92.0,92.0,98.0,98.0,97.0,97.0,91.0,87.0,98.0,97.0,100.0,LUNR
2026-03-23,7.400000095367432,7.599999904632568,6.409999847412109,6.570000171661377,5012800.0,0.0930576242564034,6.624313445865225,5.883145468320264,5.214800014495849,4.922000002861023,4.504000020027161,4.347000019550324,3.574100009202957,3.25,8.039999961853027,3.0,8.039999961853027,2.8399999141693115,8.039999961853027,2.8399999141693115,8.039999961853027,1.9900000095367432,8.039999961853027,0.7900000214576721,8.039999961853027,3755230.0,3380412.0,2014050.0,37256825.17268658,0.1396361803569346,0.9400000061307636,0.1270270262184489,5.061789189429785,0.6702128833319163,10.732423044216718,5.2960020497848905,7.21999979019165,6.46999979019165,5519900.0,False,False,False,1.138728327682491,2.245489175830573,1.474916411961468,2.547783639422814,0.7661097838448256,1.7884806499929768,1.8645167696929072,90.0,99.0,99.0,99.0,99.0,95.0,95.0,99.0,98.0,98.0,97.0,92.3076923076923,LWLG
2026-03-23,14.43000030517578,14.760000228881836,14.0,14.119999885559082,1448400.0,-0.0156889184604548,14.291083522105705,13.40000039470295,12.586399955749512,12.151666641235352,11.123999996185304,9.992699966430663,9.10439998626709,9.449999809265137,15.65999984741211,8.220000267028809,15.65999984741211,8.199999809265137,15.65999984741211,7.710000038146973,15.65999984741211,7.590000152587891,15.65999984741211,4.880000114440918,15.65999984741211,1212545.0,1105636.0,582701.1904761905,27927046.703357697,0.0673187128452013,1.0450001444135393,0.0724185808948816,4.103853979355948,-0.2200952253125336,14.12532922692073,10.570779055020807,15.010000228881836,14.449999809265137,4052000.0,False,False,True,0.4372510318727647,1.508995599510633,0.6435080574077199,1.6918967120204107,0.7512136779122309,1.7733958588523644,2.080903591442972,93.0,98.0,98.0,96.0,96.0,95.0,95.0,96.0,95.0,93.0,92.0,73.07692307692307,LXU
2026-03-23,71.47000122070312,73.12000274658203,70.22000122070312,70.62000274658203,7211600.0,-0.0252318396320408,70.98332239105493,67.20411344835442,63.90632461547852,62.739781061808266,57.85981689453125,50.6737678527832,51.41359842300415,53.05582431162964,77.36000061035156,42.000053690817694,77.36000061035156,40.796716679597225,77.36000061035156,39.93238497921808,77.36000061035156,39.93238497921808,77.36000061035156,39.93238497921808,77.36000061035156,8943895.0,8271648.0,5505255.952380952,713712285.8888435,0.0481061342536741,3.8285724094935834,0.0535689428305835,4.391105548414533,-0.4832084328700992,14.391770762338371,10.29917693462615,75.75,72.81999969482422,23437400.0,False,False,True,0.2764735776062028,1.3401924707540405,0.6799291782937174,1.7293901544147916,0.4308570594155898,1.4489813640574216,1.6246102047502224,86.0,96.0,96.0,97.0,97.0,90.0,90.0,91.0,95.0,93.0,91.0,80.76923076923077,LYB
2026-03-23,13.34000015258789,13.75,13.125,13.68000030517578,16074000.0,-0.0096510847708835,13.451439490820384,13.701859506537852,13.512400016784667,13.719333394368489,15.369400062561034,18.04900009155273,17.643175015449525,12.829999923706056,17.104999542236328,12.829999923706056,20.149999618530277,12.829999923706056,25.540000915527344,12.829999923706056,25.540000915527344,12.829999923706056,25.540000915527344,9.65999984741211,25.540000915527344,20310680.0,18791428.0,17858405.555555556,269980062.8359318,0.0426249980773865,0.5946429116385323,0.0445759298978099,-2.96217225393486,-0.2186187910366307,-4.225195739843203,-6.907144295593283,13.68000030517578,13.050000190734863,84222200.0,False,False,True,-0.0437275745532343,1.0040075463033478,-0.3282980995662846,0.6914783482072914,-0.4092116830087926,0.5982716832474826,1.1373176590046454,57.0,53.0,53.0,13.0,13.0,17.0,17.0,31.0,23.0,18.0,16.0,80.76923076923077,LYFT
2026-03-23,27.850000381469727,28.190000534057617,26.3799991607666,27.15999984741211,1157000.0,0.046205841602511,26.93626915336072,27.50758021334496,27.40199996948242,28.076333300272623,29.762200088500972,29.28137363433838,34.24426372528076,25.149999618530277,36.400001525878906,25.149999618530277,37.59000015258789,25.149999618530277,37.59000015258789,25.149999618530277,39.70058486671687,25.149999618530277,43.50294552547935,25.149999618530277,57.05310868491307,1561632.5,1432258.0,1098200.396825397,38591742.64426232,0.0542855263169448,1.3485716411045618,0.0484226794482145,-1.3268425734499678,0.9120757880010616,3.3899031545881018,-2.456429115555327,27.170000076293945,26.0,1513200.0,False,False,True,-0.0282623681177557,1.0202447435216044,-0.0862860630008276,0.9406157753643531,-0.2349994053485102,0.7746906637869134,1.421992292585453,78.0,60.0,60.0,38.0,38.0,29.0,29.0,65.0,54.0,44.0,39.0,84.61538461538461,MAN
2026-03-23,8.90999984741211,9.25,8.569999694824219,8.600000381469727,47208500.0,0.0531914665763644,8.877635700256151,8.80069035981694,8.59399995803833,8.443333307902018,9.032399950027466,10.677899947166445,13.927149951457976,7.139999866485596,10.029999732971191,6.659999847412109,11.56999969482422,6.659999847412109,15.31999969482422,6.659999847412109,23.450000762939453,6.659999847412109,23.450000762939453,6.659999847412109,23.450000762939453,48966697.5,48130810.0,47507315.87301587,449943081.8723869,0.0799050494868993,0.7235713345663888,0.0812089053824786,-0.1668687318922911,0.6219149208485518,-5.2473146980866,-8.589121948925797,9.140000343322754,8.420000076293945,50901300.0,False,False,True,0.1179422938476457,1.1737476366426869,-0.0804953319657767,0.9465769988303644,-0.51284858384846,0.4933220399849483,1.030719092421154,45.0,89.0,89.0,39.0,39.0,12.0,12.0,86.0,84.0,78.0,74.0,76.92307692307693,MARA
2026-03-23,53.86000061035156,55.09000015258789,52.77999877929688,54.459999084472656,2013200.0,-0.0363213240555672,53.53190188539372,52.36932376224035,51.52231185913086,50.99994061787923,49.59970550537109,43.68713642120361,39.43146961212158,46.59866613709714,58.87353079618251,39.38518496938406,58.87353079618251,33.72454454693031,58.87353079618251,31.731420099828416,58.87353079618251,31.731420099828416,58.87353079618251,24.999851866806964,58.87353079618251,1132842.5,1032468.0,640358.3333333334,91396630.64214706,0.0646918560682254,4.190400986634808,0.0778017255690383,1.10400580227301,-0.4844402208217093,18.93616603725041,13.915973965879385,57.130001068115234,54.970001220703125,2414200.0,False,True,True,0.0949571442021095,1.149615116366105,0.3871704665049111,1.428011953280768,0.4009770370591607,1.4187228590116638,1.769075908020249,89.0,88.0,88.0,93.0,93.0,89.0,89.0,76.0,86.0,90.0,89.0,84.61538461538461,MEOH
2026-03-23,12.449999809265137,12.75,12.220000267028809,12.670000076293944,1720000.0,0.0056542563955686,12.572354923025696,12.718951361679483,12.708399963378906,12.534999974568684,13.271999988555908,14.485599946975707,18.214249997138975,10.81999969482422,14.479999542236328,10.81999969482422,17.40999984741211,10.81999969482422,17.40999984741211,10.81999969482422,22.670000076293945,10.81999969482422,26.649999618530277,8.220000267028809,26.649999618530277,2392970.0,2417690.0,2709937.698412698,31750869.03927803,0.0545998853071603,0.656428473336356,0.0527251793889868,-1.1746743173297995,0.1066372006510307,-3.359477215061452,-5.834703956914051,12.579999923706056,12.199999809265137,2633100.0,False,False,True,0.0179885752463879,1.0688044373134171,-0.2490953035853668,0.7730130565398439,-0.5196759346983287,0.486408208807862,0.8830350606959131,31.0,78.0,78.0,18.0,18.0,11.0,11.0,75.0,64.0,54.0,49.0,53.84615384615385,MGNI
2026-03-23,235.0200042724609,243.5,232.6100006103516,234.8699951171875,823500.0,0.0347378119140149,229.37941138316583,230.5839265645837,236.05699584960936,239.0842692057292,230.42381927490237,193.0900161743164,151.35862239837647,200.5,269.6497427956134,159.40614572607848,269.6497427956134,134.40442561159014,269.6497427956134,120.60887339149232,269.6497427956134,96.85480069991507,269.6497427956134,54.44579604133671,269.6497427956134,1709872.5,1644862.0,1252457.9365079366,321928709.7275543,0.0530858115149697,14.126427786690847,0.0601073420555041,0.3318505991883727,0.5585275703658051,16.305719515175728,14.072628206229364,237.9499969482422,222.1000061035156,1882500.0,False,True,True,-0.0926568827085547,0.9526357893477998,0.4982921501553763,1.5424053146975254,0.8318052502501414,1.855008264263016,1.3652135134912493,75.0,35.0,35.0,95.0,95.0,96.0,96.0,78.0,91.0,93.0,93.0,61.53846153846154,MKSI
2026-03-23,5.039999961853027,5.300000190734863,4.900000095367432,5.0,1836750.0,0.045643108372716,5.580443577466541,5.325452968339904,4.874399995803833,4.4109999974568685,3.5458000040054323,4.2457000207901,6.494649996757508,1.309999942779541,13.300000190734863,1.309999942779541,13.300000190734863,1.309999942779541,13.300000190734863,1.309999942779541,13.300000190734863,1.309999942779541,14.399999618530272,1.309999942779541,14.399999618530272,9184047.75,7467872.6,1682426.3095238097,147150555.6178193,0.320631021196069,1.9157143320356096,0.3801020528839984,1.1086495076672007,0.1148395595902244,0.2851727662776673,-4.765762718905546,5.389999866485596,4.78000020980835,2521920.0,True,True,True,1.9473683329940636,3.094494800139243,0.2857142509593915,1.323568633564864,-0.4598070736263154,0.5470354136078448,5.458811300091613,99.0,99.0,99.0,90.0,90.0,15.0,15.0,99.0,99.0,99.0,99.0,57.692307692307686,MOBX
2026-03-23,211.47000122070312,218.2899932861328,204.0,204.3000030517578,1211100.0,0.0759094273074949,201.7560510243564,202.94385414138776,210.5763989257813,211.8249989827474,190.42639984130855,167.90429969787598,147.4284994506836,180.82000732421875,243.8000030517578,111.18000030517578,243.8000030517578,111.18000030517578,243.8000030517578,111.18000030517578,243.8000030517578,111.18000030517578,243.8000030517578,64.79000091552734,243.8000030517578,1402075.0,1343446.0,1129955.5555555555,225306334.35897827,0.0647334907239698,13.590712411063055,0.0642678031522729,1.7194892100081167,1.0978083942678527,9.086471972346631,6.15065754782673,205.0,188.00999450683597,1508500.0,False,False,False,-0.0657801703017291,0.9808541310652982,0.5790770916373928,1.6255687505310972,0.3647628614755007,1.38204996762106,1.240823139553178,66.0,44.0,44.0,96.0,96.0,89.0,89.0,78.0,97.0,95.0,93.0,73.07692307692307,MOD
2026-03-23,4.230000019073486,4.304999828338623,4.070000171661377,4.139999866485596,4357000.0,0.0367647299442053,4.051038132252797,4.056078227939549,4.037999992370605,4.051666657129924,4.16399998664856,4.476699991226196,5.069125001430511,3.700000047683716,4.454999923706055,3.700000047683716,4.988999843597412,3.700000047683716,5.139999866485596,3.700000047683716,5.570000171661377,3.700000047683716,6.458000183105469,3.4749999046325684,7.039999961853027,4332830.0,4046564.0,5183712.301587301,17696351.33110881,0.0432879738739562,0.1502856527056013,0.0355285229380492,0.4461247082420139,0.9980999028647862,0.0257098524143852,-5.211856326874123,4.099999904632568,3.920000076293945,5178200.0,False,False,False,-0.0023584322133207,1.047441749766828,-0.1488933203938079,0.8761652164185865,-0.2565905137899377,0.7528260662332282,0.8358546439147957,27.0,69.0,69.0,29.0,29.0,27.0,27.0,74.0,62.0,52.0,47.0,100.0,MQ
2026-03-23,51.27999877929688,52.54999923706055,50.18999862670898,51.23400115966797,5977200.0,-0.0019463271066457,52.521857386128985,51.78468380639231,52.06780029296875,50.28300018310547,47.40920013427734,37.60960004806518,32.593125,36.65499877929688,59.54999923706055,29.059999465942383,59.54999923706055,22.280000686645508,59.54999923706055,22.280000686645508,59.54999923706055,22.280000686645508,59.54999923706055,22.280000686645508,59.54999923706055,10301462.5,11695052.0,10809936.507936507,498634198.5336113,0.0663789490802653,3.8316426958356575,0.0747200231483351,1.0927000285325938,-0.0260990642282603,16.655323159786644,13.185091078575658,52.97999954223633,50.619998931884766,15477600.0,False,True,True,0.0282735086747838,1.0796027731229147,0.6568658324784673,1.705647770690456,1.031695691137683,2.057430666831702,0.9529623501892732,37.0,80.0,80.0,97.0,97.0,97.0,97.0,93.0,95.0,97.0,96.0,46.15384615384615,MRNA
2026-03-23,90.1148910522461,91.53417870853836,88.69559577037677,89.4052395985229,14126700.0,0.0255943178537394,88.47389893706358,86.4888382039691,84.21744323730469,83.59248962402344,82.29720489501953,84.99179344177246,80.32561702728272,75.20235332344933,95.00245091644568,70.65463146973819,95.00245091644568,70.65463146973819,102.64472385998576,70.65463146973819,102.64472385998576,61.32449672521512,102.64472385998576,46.90973909955424,102.64472385998576,17537587.5,16878296.0,19187107.936507937,1905964112.087555,0.0490554103428022,5.241661751606739,0.0581664327660094,1.6331298474097762,0.429037766299976,3.939729436677109,0.9034869999974549,90.43473406567033,86.6166456072784,25570400.0,False,True,True,0.1343733634282462,1.1909989108756032,0.0681291709033584,1.0995773486592406,0.2157904320393251,1.231190542082396,0.914029751541172,33.0,90.0,90.0,74.0,74.0,82.0,82.0,81.0,80.0,72.0,67.0,96.15384615384616,MRVL
2026-03-23,138.1999969482422,139.92999267578125,133.97000122070312,138.61000061035156,21633700.0,0.0187232287893726,139.40244214444795,138.70717191209022,135.78239898681642,134.96499938964843,142.6197996520996,167.5194005584717,264.49150020599365,118.4000015258789,152.27000427246094,104.16999816894533,190.1999969482422,104.16999816894533,239.2400054931641,104.16999816894533,365.2099914550781,104.16999816894533,367.5700073242188,104.16999816894533,457.2200012207031,23347737.5,23140382.0,16249330.952380951,2908710616.608658,0.0527993237311212,8.359999520438057,0.0604920383867229,-0.512300573612734,0.3038269655307012,-7.25857795787525,-11.095253183409868,139.69000244140625,134.1300048828125,28568300.0,False,True,True,0.0545592806561057,1.1072006759039412,-0.1266431234153843,0.8990705103354161,-0.5991298130580357,0.4059479082574196,1.4368430040855895,79.0,84.0,84.0,32.0,32.0,9.0,9.0,78.0,84.0,77.0,73.0,80.76923076923077,MSTR
2026-03-23,404.1802062988281,444.083425501308,401.3513776258061,425.9710395632608,54807300.0,-0.0438637869187529,425.4303141219366,418.64247188988895,415.90408203125,412.98284301757815,401.9781329345704,326.8069004821777,233.02393173217772,357.51982117907266,471.1420829782047,277.021652199878,471.1420829782047,192.43137763993107,471.1420829782047,163.72244341190353,471.1420829782047,113.29560967462557,471.1420829782047,61.39304893165705,471.1420829782047,38719380.0,38084308.0,27414121.825396825,16763430069.601591,0.0569732210540439,27.54700274827986,0.0681552493639759,0.0803766763993143,-0.6731115533687135,15.46569742561672,15.29578846522595,448.9114225546253,415.18556972243744,64224900.0,False,False,False,-0.0556321087351935,0.9915087626556556,0.6274928331182255,1.675409962718796,1.487351328327208,2.5188579787848577,1.4123881204952489,78.0,48.0,48.0,96.0,96.0,98.0,98.0,71.0,90.0,96.0,97.0,61.53846153846154,MU
2026-03-23,37.61000061035156,39.59999847412109,37.560001373291016,38.34000015258789,3762700.0,-0.0289181240671941,36.73099537591607,35.476364309577754,34.54240005493164,34.2521556854248,33.110965690612794,31.711674575805663,28.317611074447637,30.290000915527344,39.59999847412109,28.401220053834678,39.59999847412109,28.05902450591881,39.59999847412109,25.934527413162733,39.59999847412109,21.40161588475367,39.59999847412109,18.02664908062305,39.59999847412109,2866182.5,2840236.0,2628551.984126984,114454337.92085648,0.0461008185205664,1.6264286041259766,0.0432445779774416,3.142069981110808,-0.6886247137092376,10.617900826759344,6.315093401019957,39.209999084472656,37.25,6471300.0,False,False,False,0.1150311627860161,1.1706911880027622,0.2244090324922609,1.2604584485635013,0.4474581524084537,1.465792738898364,1.09040358239365,52.0,89.0,89.0,87.0,87.0,91.0,91.0,85.0,83.0,78.0,81.0,88.46153846153845,MUR
2026-03-23,17.139999389648438,17.760000228881836,16.8700008392334,17.06999969482422,876900.0,0.0350241511117734,16.874484652466293,17.107421156132826,17.352399826049805,17.649333254496256,17.99139991760254,17.214799947738648,16.303249974250793,14.699999809265137,20.149999618530277,14.699999809265137,20.81999969482422,12.770000457763672,20.81999969482422,12.770000457763672,20.81999969482422,12.770000457763672,20.81999969482422,8.350000381469727,20.81999969482422,1200310.0,1193334.0,1324207.142857143,19888919.177293777,0.051324498088396,0.9350004877362932,0.0545507888583111,-0.8674968821394088,0.6203204504312915,6.766527205189457,2.8412479268773776,17.18000030517578,16.239999771118164,2145600.0,False,True,True,-0.0720086612425814,0.974314726874305,-0.0103926275027343,1.0187436880353058,0.0586781237957578,1.0720881319493003,0.906436735728657,33.0,42.0,42.0,55.0,55.0,69.0,69.0,77.0,67.0,78.0,74.0,61.53846153846154,MXL
2026-03-23,4.659999847412109,4.880000114440918,4.579999923706055,4.659999847412109,2186900.0,0.0174672325412006,4.737930629585914,4.821095953829932,4.758400020599365,4.766000016530355,5.175799999237061,6.053400001525879,6.107300007343293,4.099999904632568,5.710000038146973,4.099999904632568,7.150000095367432,4.099999904632568,8.09000015258789,4.099999904632568,8.59000015258789,4.099999904632568,8.59000015258789,3.759999990463257,10.300000190734863,1999102.5,1807658.0,1671743.253968254,14125690.0907588,0.0904201220341154,0.3642856734139578,0.0781728938502564,-1.2748168355018237,0.2196076583422109,-6.333814186611027,-8.720684561665767,4.860000133514404,4.539999961853027,17564300.0,False,True,True,0.0862470603377962,1.140470243319473,-0.3044776149145557,0.7160001626756428,-0.4002574184232572,0.6073393692388277,1.1958190919895662,62.0,87.0,87.0,14.0,14.0,18.0,18.0,73.0,61.0,51.0,46.0,57.692307692307686,MYGN
2026-03-23,5.46999979019165,5.5,5.21999979019165,5.21999979019165,4247800.0,0.0419047219412667,5.328320076691707,5.198538899279325,5.197118358612061,5.04438492457072,4.619244141578674,4.05565838098526,3.478807348012924,4.082877620218342,6.148561357469883,3.229449492780725,6.148561357469883,3.229449492780725,6.148561357469883,2.986998302257819,6.148561357469883,2.7348490912736105,6.148561357469883,2.013103109860439,6.148561357469883,4810735.0,4485588.0,2921859.126984127,36455526.40008211,0.0554883658803482,0.2705494638726165,0.0494605985831559,3.723698901204624,0.813159216960169,19.410278752200448,16.06541658512259,5.559999942779541,5.210000038146973,5988000.0,True,False,False,0.1440793994476785,1.201189451927385,0.6687310108987949,1.717862287234142,0.7301567347434954,1.75207219270784,1.6464637037328784,86.0,91.0,91.0,97.0,97.0,95.0,95.0,91.0,95.0,92.0,92.0,96.15384615384616,NAT
2026-03-23,114.1500015258789,121.30999755859376,113.5500030517578,116.70999908447266,13470100.0,-0.0295017951001022,113.67225460642274,108.27258583347655,104.5274008178711,102.4735008239746,99.58660095214844,98.05695053100584,86.90842544555665,79.69000244140625,132.3000030517578,73.5199966430664,132.3000030517578,73.5199966430664,132.3000030517578,73.5199966430664,141.10000610351562,62.0099983215332,141.10000610351562,18.309999465942383,141.10000610351562,16114352.5,15452444.0,15189805.555555556,1942411566.8882751,0.0718474425092439,10.05135781424386,0.0880539437571984,1.660783700189075,-0.3452271110860025,3.8147628453848825,0.8985234253321612,123.7239990234375,112.63400268554688,17414000.0,True,False,True,0.1657475864014144,1.2239392694870608,0.4617749632354808,1.5048129778644126,0.1494311180355172,1.1639906714241597,1.0608662791016636,49.0,92.0,92.0,94.0,94.0,77.0,77.0,94.0,93.0,88.0,85.0,84.61538461538461,NBIS
2026-03-23,47.869998931884766,47.98500061035156,45.7599983215332,46.58000183105469,1445100.0,0.0248340798575976,46.67278181132957,45.5214225294859,45.52964035034179,45.0707825978597,40.65518627166748,34.949238300323486,31.147009983062745,39.85878828591401,48.59000015258789,27.574765027272456,48.59000015258789,27.36706538823776,48.59000015258789,26.01007513757615,48.59000015258789,25.077391659992525,48.59000015258789,16.344427147192278,48.59000015258789,2385340.0,2254984.0,2297077.777777778,87481050.03131866,0.0410346136664263,1.919714518955776,0.0401026647543355,4.42523024248038,0.604256432900809,16.662552955844824,13.252387522101484,48.25,46.20000076293945,3064300.0,False,False,False,0.0632664226603401,1.1163424602389878,0.7248713219110574,1.775655498034256,0.7397506850992024,1.761787667207291,1.038423697741575,46.0,85.0,85.0,97.0,97.0,95.0,95.0,82.0,95.0,93.0,92.0,100.0,NE
2026-03-23,21.93000030517578,22.51000022888184,20.799999237060547,21.0,2532000.0,0.0625000462051523,21.05992965923751,21.393859451532503,22.62400001525879,22.329500007629395,21.16840003967285,17.747650032043456,12.97517501592636,18.459999084472656,26.850000381469727,14.970000267028809,26.850000381469727,12.770000457763672,26.850000381469727,9.949999809265137,26.850000381469727,6.980000019073486,26.850000381469727,5.199999809265137,26.850000381469727,2103300.0,1941506.0,1003686.9047619049,55198626.61783218,0.0513974362410083,1.179286003112793,0.0537750107935231,0.6690499557988376,1.0938830038873628,19.400362394743933,18.304810019219257,21.21999931335449,20.46500015258789,3017000.0,False,False,True,-0.1012294816381341,0.9436352641964983,0.5134576019032944,1.5580172722008414,1.1542239339645195,2.181510943934505,2.0955738189081448,93.0,32.0,32.0,95.0,95.0,97.0,97.0,80.0,90.0,92.0,95.0,57.692307692307686,NESR
2026-03-23,220.6499938964844,225.97999572753903,214.0800018310547,216.4199981689453,3940200.0,0.0242781346764164,212.76636275316812,204.0424086807557,195.1664001464844,193.44400024414065,188.11640075683596,197.9779002380371,200.4442001342773,158.8300018310547,229.1499938964844,158.8300018310547,229.1499938964844,158.8300018310547,241.05799865722656,158.8300018310547,260.0,158.8300018310547,260.0,89.41999816894531,260.0,5447162.5,4996632.0,3368083.333333333,741102336.6048431,0.0507852648565498,9.88578578404018,0.0448030186154366,3.860095902577496,0.529041984298555,2.9964487078474584,-0.919454100591453,225.13999938964844,214.63999938964844,3927900.0,False,False,False,0.2456248992703706,1.3078038908698195,0.1383686313370951,1.1718848202449703,-0.0234133331316297,0.9889568432902572,1.6172885172081055,86.0,95.0,95.0,82.0,82.0,53.0,53.0,93.0,87.0,81.0,78.0,96.15384615384616,NET
2026-03-23,7.210000038146973,7.260000228881836,6.619999885559082,7.019999980926514,9214600.0,-0.0163710623203403,6.54427515353953,6.1293777781008645,5.816399993896485,5.729666662216187,5.485,5.605800013542176,7.226299996376038,4.96999979019165,8.109999656677246,4.75,8.109999656677246,4.75,8.109999656677246,4.75,8.109999656677246,4.75,11.270000457763672,4.75,12.119999885559082,4099007.5,3947836.0,3258083.333333333,36622110.43897867,0.0864179529128181,0.534928526197161,0.0741925829912536,4.238888430952351,-0.2243288209214947,4.941113032608408,-1.207393766525938,7.934999942779541,7.130000114440918,15435300.0,False,False,False,0.3156934330387064,1.3813700993997302,0.3681214543153355,1.4084020943905025,0.0957446993534436,1.109624220448909,1.2581039465943678,68.0,96.0,96.0,92.0,92.0,73.0,73.0,94.0,92.0,87.0,84.0,92.3076923076923,NEXT
2026-03-23,5.820000171661377,5.829999923706055,5.599999904632568,5.619999885559082,49057700.0,0.0718232699175018,5.641408412889084,5.438180731521906,5.267600021362305,5.2170000076293945,4.995799989700317,5.326699995994568,5.368649998903274,4.409999847412109,6.210000038146973,4.380000114440918,6.210000038146973,4.380000114440918,7.0,4.380000114440918,8.020000457763672,4.380000114440918,8.020000457763672,3.0199999809265137,8.020000457763672,48041857.5,46353660.0,56185900.3968254,268472882.9931855,0.049155754418368,0.3364285400935581,0.0578055893763867,2.854025372833904,1.1592367972535798,0.9450167885276466,-3.611740769343749,5.860000133514404,5.400000095367432,52876600.0,True,False,False,0.1479289890742221,1.2052312050223934,0.1805274592925652,1.2152849009923683,-0.2103120404295805,0.799690737316148,0.8550518397087831,28.0,91.0,91.0,85.0,85.0,31.0,31.0,90.0,84.0,77.0,73.0,88.46153846153845,NIO
2026-03-23,74.33999633789062,74.4800033569336,71.94000244140625,73.0,699800.0,0.0293546812704812,72.87200108603768,70.32835514191308,71.70480010986329,69.81233342488606,56.71160003662109,55.14179988861084,44.990599946975706,35.599998474121094,77.0,33.400001525878906,77.0,33.400001525878906,77.0,33.400001525878906,77.0,25.34000015258789,77.0,6.449999809265137,77.0,1272830.0,1182260.0,1105526.9047619049,68069365.0150299,0.062651339592072,4.361429486955915,0.0586686804117169,5.298276081935171,0.4860780447162893,6.276573219850025,3.0176279397305485,75.4800033569336,70.77999877929688,837500.0,True,False,True,0.0082733345067678,1.0586042320610538,0.689545371315696,1.739289470260983,0.3482045186936771,1.3652818844972736,1.1513333547265654,58.0,75.0,75.0,97.0,97.0,88.0,88.0,98.0,98.0,97.0,96.0,96.15384615384616,NKTR
2026-03-23,14.49488639831543,14.833598667907673,14.39526480723704,14.773825523248258,2623300.0,0.0203365924736449,14.399475443792408,14.568060066740548,14.498895683288572,14.68882745107015,15.637887420654296,16.38916524887085,16.038946785926818,13.28058524270279,17.584848581356383,13.28058524270279,18.141519191813927,13.28058524270279,18.141519191813927,13.28058524270279,19.681071507183702,13.28058524270279,19.681071507183702,9.529525310170504,19.681071507183702,1792552.5,1615128.0,1326535.7142857143,28078158.842496872,0.0415724235279078,0.568343549967814,0.0392099347556022,-1.864113780258614,0.5083216464001187,-3.073153916253712,-5.022056789244076,14.579564614539454,14.171117797060116,2716500.0,False,False,True,-0.0343337495716159,1.0138702913948332,-0.1766480349237108,0.8475933393021006,-0.2403404620456372,0.7692819532748572,1.3513036103707292,74.0,57.0,57.0,26.0,26.0,29.0,29.0,61.0,48.0,39.0,34.0,88.46153846153845,NMRK
2026-03-23,18.68000030517578,18.989999771118164,17.7549991607666,18.0,1862600.0,0.0406684964461687,17.6329119914851,17.146418645917212,16.91440017700195,16.820333417256673,16.106000061035157,15.320350065231324,15.168875045776367,14.75,19.90999984741211,13.109999656677246,19.90999984741211,10.869999885559082,19.90999984741211,10.869999885559082,19.90999984741211,10.869999885559082,19.90999984741211,10.640000343322754,19.90999984741211,1301377.5,1302678.0,1293238.888888889,23792843.146715164,0.07080322332746,1.1949285098484583,0.0639683345999396,2.4983647473534725,0.6109148256316248,8.625872041804278,2.953124079151576,18.530000686645508,17.489999771118164,2146300.0,False,False,False,0.0943175535521378,1.1489435986876395,0.1053254867943191,1.1378688095812215,0.0943175535521378,1.1081789973525296,1.0062932001048186,42.0,87.0,87.0,79.0,79.0,73.0,73.0,87.0,89.0,92.0,90.0,100.0,NN
2026-03-23,28.18241310119629,28.714527608879614,27.36453196791487,27.945917555614862,3565900.0,-0.0083217822004788,27.71017659762025,27.30032168467324,27.32669288635254,27.01504395802816,25.50193088531494,23.468392658233643,24.287556333541872,24.102860018919376,29.079126736535507,19.96418600747621,29.079126736535507,19.96418600747621,29.079126736535507,19.4767518036498,29.079126736535507,19.4767518036498,29.079126736535507,18.5861432109583,30.496983999178884,2663672.5,2536140.0,2116816.26984127,93748745.24333,0.043391439365404,1.0747892181140482,0.0381368768619897,2.756098541200814,-0.2200393972081997,11.244000902189017,6.4189124445826495,29.0594180866999,28.02474982433045,5296000.0,False,True,True,0.0159858039652303,1.066701691875722,0.3394495454427606,1.378886018621837,0.1844736380742551,1.1994770662052556,1.2583390150339957,68.0,77.0,77.0,92.0,92.0,80.0,80.0,78.0,88.0,82.0,81.0,96.15384615384616,NOG
2026-03-23,8.0600004196167,8.1899995803833,7.949999809265137,8.029999732971191,45090900.0,0.0100251128260651,8.151954123069714,7.9805667789113,7.915599975585938,7.782999976476034,7.323599996566773,6.918999991416931,5.860627374649048,6.880000114440918,8.819999694824219,6.059999942779541,8.819999694824219,5.860000133514404,8.819999694824219,4.710000038146973,8.819999694824219,4.159999847412109,8.819999694824219,4.0,8.819999694824219,50204397.5,46552370.0,32360400.3968254,466631308.4483409,0.0446478763732038,0.3771428380693708,0.0467919129571591,2.148911910778609,0.2121222848954055,12.13361421182918,13.523366201551823,8.420000076293945,7.909999847412109,55117000.0,True,True,True,0.03732309387414,1.0891040947016728,0.2633229271223924,1.3005180576903796,0.7004221115638047,1.7219609285734343,1.5514145957515757,84.0,81.0,81.0,89.0,89.0,94.0,94.0,78.0,84.0,80.0,90.0,76.92307692307693,NOK
2026-03-23,110.9499969482422,113.25,109.88999938964844,110.76000213623048,12219100.0,0.0051639763454203,113.28090632782884,113.491936911243,111.68199981689452,110.44500020345052,116.30300003051758,140.50827964782715,164.53633960723877,98.0,126.66999816894533,98.0,155.69000244140625,98.0,175.0,98.0,192.96600341796875,98.0,194.7259979248047,98.0,211.47799682617188,21619750.0,20301944.0,10523756.349206349,1990817367.4827197,0.044112110708057,4.872142791748047,0.0439129601240177,-1.048126888777101,0.1169915823874513,-10.808757737668042,-12.906917964738382,112.1500015258789,109.12000274658205,18863000.0,False,True,True,0.0640644530568321,1.117180326644979,-0.2766332415166388,0.744664338423287,-0.4228268250835352,0.5844840816100739,2.054375764945419,93.0,85.0,85.0,17.0,17.0,16.0,16.0,72.0,60.0,50.0,45.0,53.84615384615385,NOW
2026-03-23,10.350000381469728,10.4399995803833,10.074999809265137,10.119999885559082,990000.0,0.0381143534867891,10.301606999807468,10.4623612065124,10.440000076293945,10.3263334274292,11.160400047302248,12.537700042724609,11.651300020217896,9.0649995803833,11.630000114440918,9.0649995803833,14.050000190734863,9.0649995803833,16.239999771118164,9.0649995803833,16.239999771118164,9.0649995803833,16.239999771118164,7.550000190734863,16.239999771118164,1170070.0,1070886.0,667724.6031746032,13811577.928061483,0.0582168920686545,0.5204998425074986,0.0502898380022654,-1.4439071081061956,0.730067683806155,0.5253925206425452,-0.4259986591135182,10.279999732971191,9.93000030517578,1794200.0,False,False,True,0.0207100622324198,1.0716617752418487,-0.310918770570348,0.7093693645931342,-0.0658844356735479,0.945947770029406,1.75232422833765,88.0,78.0,78.0,14.0,14.0,46.0,46.0,73.0,62.0,52.0,47.0,65.38461538461539,NRDS
2026-03-23,3.430000066757202,3.5,3.3299999237060547,3.400000095367432,3083200.0,0.0269461541618856,3.418645458031891,3.439256278720105,3.2576000022888185,3.333666674296061,4.088600015640258,4.081099998950958,2.973174997270107,2.8499999046325684,4.590000152587891,2.8499999046325684,6.349999904632568,2.8499999046325684,6.349999904632568,2.805000066757202,6.349999904632568,1.399999976158142,6.349999904632568,0.5960000157356262,6.349999904632568,4065242.5,3816162.0,2768842.0634920634,13814414.947844744,0.0940073652545776,0.3124999659402029,0.0911078600169379,-1.7680364769984898,0.2880005196708156,7.804582904955314,4.016352728843925,3.7200000286102295,3.25,6682000.0,True,True,True,0.120915075456365,1.176868813296161,-0.3300780969875625,0.6896459435708243,0.1028939493425664,1.116864028180268,1.4682103228643226,80.0,89.0,89.0,12.0,12.0,74.0,74.0,82.0,72.0,63.0,61.0,92.3076923076923,NRGV
2026-03-23,26.32999992370605,26.38999938964844,23.670000076293945,24.850000381469727,1267300.0,0.076011469658541,23.181628501798723,23.62211470494753,22.163561248779292,23.396127891540527,31.10391147613525,33.52316293716431,42.57149907112122,18.56999969482422,38.66046066366376,18.56999969482422,46.82049033727395,18.56999969482422,46.82049033727395,18.56999969482422,47.89249645084062,18.56999969482422,54.709694660462745,18.56999969482422,84.90489420009554,1302715.0,1232674.0,804225.7936507936,30496793.6013031,0.0758655162096142,1.8886374130261212,0.0717294879794396,-2.13974307974839,0.9848373210881834,1.0601653865189902,-5.587080444233972,25.649999618530277,24.299999237060547,3587200.0,False,False,False,0.1618901624550104,1.2198892909993182,-0.3135892346231989,0.7066202759408318,-0.4533916556331354,0.5535320940788859,1.6198373768718708,86.0,92.0,92.0,14.0,14.0,15.0,15.0,94.0,88.0,83.0,79.0,100.0,NSP
2026-03-23,13.109999656677246,13.34000015258789,12.65999984741211,12.93000030517578,3107000.0,0.0210279985109609,13.177033791529889,13.19155191646058,13.328199920654296,13.103166580200195,13.038299922943116,11.382499961853028,12.6091499710083,11.210000038146973,15.510000228881836,8.9399995803833,17.09000015258789,7.949999809265137,17.09000015258789,7.949999809265137,28.25,7.949999809265137,28.25,5.900000095367432,28.25,4332617.5,4979842.0,5396738.492063492,58713566.776037216,0.0690842372671154,0.7551427568708148,0.0576005169066653,0.0954707193914192,0.3575476314017607,10.156737709295758,5.133683400559034,13.579999923706056,12.80500030517578,5219400.0,False,True,True,0.0371834889706135,1.0889575210131384,0.4763512936624154,1.519818468961032,-0.1590763612339653,0.8515754059074278,0.8028214645515248,24.0,81.0,81.0,95.0,95.0,36.0,36.0,78.0,90.0,91.0,88.0,61.53846153846154,NTLA
2026-03-23,4.960000038146973,5.289999961853027,4.949999809265137,5.03000020980835,2893400.0,0.001009104847206,5.07081381164192,5.031440088467797,4.8740000152587895,4.88166667620341,5.270800008773803,4.780150017738342,2.923445007354021,4.079999923706055,6.340000152587891,2.009999990463257,9.44499969482422,2.009999990463257,9.44499969482422,1.4700000286102295,9.44499969482422,0.3210000097751617,9.44499969482422,0.3210000097751617,9.44499969482422,3869607.5,5056144.0,10335121.42857143,17483759.978718758,0.1031067849071702,0.5762856687818255,0.116186625876947,-0.5075143089751262,0.0086764511279404,5.573098780822185,5.728043607509951,5.197000026702881,4.769999980926514,3105800.0,False,True,True,0.0442105343467311,1.0963353418078163,0.3663911520043843,1.4066208480026283,8.117646633444384,9.233137558351036,0.3744133561220166,8.0,82.0,82.0,92.0,92.0,99.0,99.0,83.0,98.0,97.0,98.0,76.92307692307693,NUAI
2026-03-23,9.720000267028809,10.0,9.4399995803833,9.640000343322754,5301000.0,0.0103950501724892,9.98686468017202,9.899450255491876,9.891999893188476,9.694666576385496,9.278999919891357,8.161499967575073,7.981049988269806,8.020000457763672,11.970000267028809,6.599999904632568,11.970000267028809,6.199999809265137,11.970000267028809,6.199999809265137,11.970000267028809,6.199999809265137,11.970000267028809,5.010000228881836,11.970000267028809,4849092.5,5520856.0,6061790.079365079,58223739.00023937,0.074924198793806,0.637857164655413,0.0656231632851993,0.724236817840171,0.1567755087046006,7.338856182073783,4.387199783603123,10.0,9.420000076293944,5683800.0,False,True,True,0.0565217900591681,1.1092611496747349,0.4550898977262789,1.497931088661813,0.1159586939676651,1.130094260622682,0.7999439829674704,24.0,84.0,84.0,94.0,94.0,75.0,75.0,83.0,90.0,89.0,86.0,57.692307692307686,NVAX
2026-03-23,120.82201385498048,123.99733650730104,118.97473665438582,119.82348481485666,2658900.0,0.040412709835742,116.2623074326272,114.93808997520904,114.92469818115234,114.56522801717122,113.27752502441406,109.37667190551758,97.62917072296142,102.24437512645063,124.03727270578432,101.5386545191268,124.03727270578432,92.907671330871,124.03727270578432,92.907671330871,124.03727270578432,85.26285329571182,124.03727270578432,41.22374179912935,124.03727270578432,2589217.5,2449576.0,2171102.777777778,301238321.14299774,0.043765842721068,5.619578573855363,0.046511214261007,1.4319517697842712,0.8351310788020785,7.887619616455511,4.823050835925455,123.11863234227994,115.66959908078026,4206600.0,False,True,False,0.0353384041634294,1.0870203334286308,0.2334980398168149,1.269815057153664,0.2270919004982403,1.242635163385197,1.19258172690018,62.0,81.0,81.0,87.0,87.0,83.0,83.0,80.0,70.0,75.0,70.0,96.15384615384616,NVT
2026-03-23,9.18000030517578,9.324999809265137,8.859999656677246,9.079999923706056,18633100.0,0.0491428920200893,9.316317604743544,9.24463184417285,9.052800064086917,8.992000071207682,9.221500024795532,9.063100008964538,8.362850005626678,7.710000038146973,11.630000114440918,7.105000019073486,11.630000114440918,6.849999904632568,11.630000114440918,6.829999923706055,17.790000915527344,5.440000057220459,17.790000915527344,1.5199999809265137,17.790000915527344,20932817.5,22500816.0,29594624.206349205,225764422.80158043,0.1029190200597092,0.93635698727199,0.1019996684252899,-0.0441209475438218,0.4592268878438732,3.630097812382646,2.6868952849565084,9.199999809265137,8.494999885559082,20429600.0,False,True,True,0.1649746410983519,1.223127740369935,0.245590291414149,1.2822633324305874,0.3095577753839933,1.3261456126602291,0.707318239760216,19.0,92.0,92.0,88.0,88.0,87.0,87.0,81.0,81.0,78.0,74.0,76.92307692307693,NVTS
2026-03-23,116.91000366210938,121.01000213623048,114.41000366210938,115.27999877929688,1567200.0,0.0220299351858286,115.76659087688572,114.32554223869806,113.66179962158203,114.39783325195312,111.56470001220704,102.05114990234377,84.75559986114501,97.45999908447266,128.75,86.12000274658203,131.5850067138672,83.05999755859375,131.5850067138672,73.06999969482422,131.5850067138672,63.869998931884766,131.5850067138672,36.060001373291016,131.5850067138672,2096232.5,2077288.0,2255898.015873016,211631491.18030548,0.0539977586095021,5.771429334368024,0.0493664284798799,0.9705409644882574,0.436634345924445,8.353864007718936,7.439277236037393,119.68000030517578,112.37999725341795,3573300.0,False,False,True,-0.0203619302023534,1.0285395547857263,0.3377961377575849,1.377183930814254,0.6385424830038793,1.659297486402105,0.929223078902693,35.0,63.0,63.0,92.0,92.0,94.0,94.0,82.0,85.0,82.0,87.0,80.76923076923077,NXT
2026-03-23,2.0999999046325684,2.289999961853028,1.9700000286102293,2.220000028610229,13625400.0,0.0294117372066224,2.150943847449447,2.029041706622198,1.9275999975204468,1.840666659673055,1.7353999948501586,1.5369999980926514,1.3720799961686134,1.309999942779541,2.7249999046325684,1.309999942779541,2.7249999046325684,1.090000033378601,2.7249999046325684,1.090000033378601,2.7249999046325684,0.9800000190734864,2.7249999046325684,0.5600000023841858,2.7249999046325684,8057095.0,8164316.0,5265672.619047619,26222644.735866785,0.1228311424399044,0.2817857095173427,0.1341836772924264,1.565731451518792,0.212927557193415,10.467190168605,6.338820194612048,2.2799999713897705,2.009999990463257,25070000.0,False,False,True,0.3124999208375822,1.3780171737440077,0.4583332091569949,1.5012698906354045,0.5671640688976298,1.5870149399692897,1.530116963757852,83.0,96.0,96.0,94.0,94.0,93.0,93.0,96.0,93.0,95.0,93.0,73.07692307692307,OCGN
2026-03-23,36.290000915527344,36.5,34.65999984741211,34.709999084472656,1228600.0,0.0380435316328542,34.99070969427771,34.719261390617206,35.27599960327149,34.91699981689453,32.537599868774414,28.548699932098387,25.63209997177124,31.559999465942383,39.0,23.729999542236328,39.0,22.770000457763672,39.0,22.020000457763672,39.0,22.020000457763672,39.0,15.460000038146973,39.0,1461640.0,1351094.0,906627.380952381,51640434.967479706,0.048669036312217,1.656428473336356,0.0456442113956415,2.5266089269271474,0.8029334513767538,14.64686081518525,9.983206102307038,35.529998779296875,34.150001525878906,2210900.0,False,False,False,0.043115836749821,1.0951859991948003,0.5568426317876882,1.602679657080226,0.4897372744771704,1.5086073999178935,1.6121727963527832,85.0,82.0,82.0,96.0,96.0,91.0,91.0,75.0,92.0,89.0,88.0,96.15384615384616,OII
2026-03-23,12.65999984741211,12.789999961853027,12.020000457763672,12.119999885559082,1041000.0,0.0411184215685997,12.28077618402,12.031395723173574,12.27120002746582,11.75466667811076,10.423400020599365,8.526700024604798,7.047599999904633,8.829999923706055,14.5,6.710000038146973,14.5,5.829999923706055,14.5,5.5,14.5,4.920000076293945,14.5,3.0799999237060547,14.5,1319857.5,1215784.0,794511.9047619047,17773169.641199112,0.0536448652115697,0.5999997002737862,0.0473933418250739,4.5275322119743295,0.8333337496199493,19.632433371320143,16.719131924158845,12.369999885559082,11.920000076293944,1782000.0,False,False,False,0.0103751091150336,1.0608109228650282,0.8980509299253847,1.95393391174071,1.2132867677933836,2.241321911748019,1.6612180284391436,87.0,76.0,76.0,98.0,98.0,98.0,98.0,94.0,96.0,96.0,96.0,88.46153846153845,OIS
2026-03-23,81.0999984741211,82.12000274658203,78.01000213623047,79.22000122070312,2847900.0,0.0343067808490822,79.12698050123102,79.08371944258434,77.36620025634765,79.03783365885417,83.02250030517578,84.70320014953613,89.29440002441406,68.7699966430664,89.78900146484375,68.7699966430664,97.4499969482422,68.7699966430664,97.4499969482422,68.7699966430664,97.4499969482422,68.7699966430664,98.87000274658205,68.7699966430664,127.56700134277344,3461602.5,3299930.0,3323629.365079365,303957284.8052216,0.0450302433585074,3.5743560791015625,0.0440734420018779,-0.5254047378718787,0.7525816545641604,1.202238183008827,-2.5151421749199345,80.36000061035156,78.19000244140625,6646300.0,False,False,False,0.0916677544039494,1.146161527104088,-0.1011859087126024,0.9252772439493476,-0.1314127012051533,0.879589474524275,1.041512792121254,46.0,87.0,87.0,36.0,36.0,38.0,38.0,79.0,69.0,59.0,54.0,92.3076923076923,OKTA
2026-03-23,25.082050323486328,25.777117875474588,23.632334645838352,23.71177099160592,2766100.0,0.0626840675671613,24.739015635139005,24.495623473855883,24.292860870361327,24.461105664571125,23.885947265625,22.03282459259033,21.835912675857543,22.371282050681955,26.943572915506973,19.41710494713048,26.943572915506973,17.981298290917454,26.943572915506973,17.981298290917454,26.943572915506973,17.981298290917454,26.943572915506973,16.927073840609175,26.943572915506973,3466360.0,3405974.0,2569166.6666666665,77465196.00255966,0.0647686890872987,1.6915701235792926,0.0674414611948745,0.7425046201040688,0.8746333426965642,6.910951096161033,3.0966963851200844,26.05514547185609,23.344378100228287,3911400.0,True,False,True,0.0460310461640449,1.098246729770157,0.2377442292426204,1.274186264155513,0.0645112250240664,1.077995119596223,1.349215698994486,74.0,82.0,82.0,88.0,88.0,69.0,69.0,69.0,81.0,82.0,78.0,88.46153846153845,OLN
2026-03-23,13.899999618530272,14.18000030517578,13.479999542236328,13.56999969482422,1140200.0,0.0288674598846188,13.9405350287435,13.70223996686945,13.177200050354005,12.85466667811076,13.754900016784667,16.030549993515013,18.353743725685614,10.279999732971191,15.100000381469728,10.279999732971191,17.270000457763672,10.279999732971191,21.670000076293945,10.279999732971191,26.915000915527344,10.279999732971191,26.915000915527344,10.279999732971191,28.399999618530277,1586982.5,1491738.0,948912.0603015076,26305498.540911674,0.0659762299156878,0.8495000430515834,0.0611151126881402,0.1726077000209163,0.4590928427119054,-4.980221070533066,-7.1791219964743815,13.989999771118164,13.239999771118164,4045000.0,False,False,True,0.1962134040814143,1.2559258771116937,-0.0360610579065486,0.9923195200446498,-0.3882042236524166,0.6195452387807062,1.6724231532011002,87.0,93.0,93.0,48.0,48.0,19.0,19.0,91.0,85.0,79.0,75.0,80.76923076923077,OMDA
2026-03-23,10.899999618530272,10.970000267028809,9.96500015258789,10.289999961853027,92323400.0,0.0834989228505,10.525391927626837,10.442686391321478,10.395199966430663,10.246999994913738,10.88760000228882,9.516250014305117,7.073125006556511,8.699999809265137,12.420000076293944,8.210000038146973,15.279999732971191,5.480000019073486,15.279999732971191,4.949999809265137,15.279999732971191,3.200000047683716,15.279999732971191,0.6589999794960022,15.279999732971191,91464497.5,97383372.0,56289971.42857143,989846443.1739472,0.103437043940215,1.0071428162711007,0.0923984267447984,0.0123256976614897,0.8340417916335163,8.284369425878324,4.276963236007884,10.829999923706056,9.729999542236328,86922700.0,False,False,True,0.0867397715574376,1.140987549653426,0.3974358143577621,1.4385795365680556,0.6220238033994658,1.64256956885917,1.624880865609657,86.0,87.0,87.0,93.0,93.0,94.0,94.0,86.0,84.0,95.0,95.0,92.3076923076923,ONDS
2026-03-23,5.210000038146973,5.369999885559082,5.0,5.0,47842500.0,0.0610998370790139,5.132691029071529,5.116500939716489,5.032800006866455,4.967833360036214,5.354500026702881,6.188650012016296,5.223205004632473,4.260000228881836,5.670000076293945,4.260000228881836,7.920000076293945,4.260000228881836,9.454999923706056,4.260000228881836,9.6899995803833,3.059999942779541,10.869999885559082,0.5080000162124634,10.869999885559082,47455010.0,51406314.0,145419178.96825397,219631425.33175707,0.0699049651143308,0.3603571142469133,0.0691664321705227,-0.3901696766334265,0.8325080284922748,-1.0357700178383291,-3.808939530016145,5.119999885559082,4.800000190734863,32002700.0,False,False,True,0.0420000076293944,1.0940144702167796,-0.1703821872474158,0.8540436679352715,-0.4555903652782018,0.5513055339345933,0.3263325397426412,7.0,82.0,82.0,27.0,27.0,15.0,15.0,84.0,75.0,66.0,61.0,92.3076923076923,OPEN
2026-03-23,153.80282592773438,155.2378165334504,150.18547024864722,150.89299062422435,19927900.0,0.0311331012583058,153.27713512603677,153.72535088862625,151.69578552246094,152.6634730021159,161.2270977783203,186.95813720703129,218.48582672119144,138.10764185605854,171.162189509188,134.7792747837658,207.0767700725562,134.7792747837658,235.99973520578885,134.7792747837658,320.5700283106327,134.7792747837658,343.01319851338906,117.25812240196213,343.01319851338906,30554030.0,29183780.0,20898424.206349205,4588046589.124756,0.0440146544181119,7.451835609672985,0.048450576669991,-0.9504228716780264,0.623173109630598,-8.815719453061627,-12.426456290877123,152.71662453203183,147.4350677550405,37551400.0,False,False,True,0.0422743941940657,1.0943025535852875,-0.1404322082578909,0.8848754431426181,-0.4977758308110735,0.5085857157745712,1.4620255430893827,80.0,82.0,82.0,30.0,30.0,12.0,12.0,67.0,62.0,52.0,47.0,84.61538461538461,ORCL
2026-03-23,9.210000038146973,9.34000015258789,8.609999656677246,8.819999694824219,2020500.0,0.0442177275302646,9.722779232089591,9.561354205599423,9.307999954223632,9.285666624704996,9.656399974822998,7.922900004386902,6.563174992799759,7.940000057220459,12.210000038146973,6.369999885559082,12.75,4.170000076293945,12.75,4.170000076293945,12.75,4.170000076293945,12.75,1.850000023841858,12.75,1882750.0,2457118.0,934140.4761904762,16528271.806731224,0.1011729168341548,1.039285727909633,0.1128431838876229,-0.4096694197431172,0.3752580573844509,11.887433113793763,8.172384693156147,10.220000267028809,8.795000076293945,2308800.0,False,False,True,-0.0524691579085452,0.994829601376962,0.2845188201040396,1.3223380064775787,0.3425655770984153,1.359571515854385,2.0154891560614674,92.0,50.0,50.0,90.0,90.0,88.0,88.0,76.0,89.0,96.0,96.0,65.38461538461539,OSS
2026-03-23,21.18000030517578,21.450000762939453,20.15999984741211,20.350000381469727,1638600.0,0.0563591576615392,21.120045491333137,21.049430586152347,20.527999801635744,20.33833312988281,21.78199989318848,23.043699951171877,25.17664999485016,17.40999984741211,25.06999969482422,17.280000686645508,30.200000762939453,17.280000686645508,30.200000762939453,17.280000686645508,41.650001525878906,17.280000686645508,41.650001525878906,6.340000152587891,41.650001525878906,1931362.5,1963050.0,2434882.1428571427,48260743.50422859,0.0871540845805134,1.8170717784336636,0.0857918674339973,-0.3221456870015471,0.621880258956698,0.5578749603992419,-1.6053109837138837,21.19599914550781,19.75,1990600.0,False,False,True,0.137486538698125,1.1942674893483778,-0.0102803419287912,1.0188592795546203,-0.388920934840766,0.618819449192923,0.7932057433111313,24.0,91.0,91.0,55.0,55.0,19.0,19.0,83.0,75.0,66.0,61.0,80.76923076923077,OUST
2026-03-23,2.549999952316284,2.684999942779541,2.4600000381469727,2.559999942779541,3982900.0,-0.026717532939075,2.232108110223653,2.040606980958664,1.8635999965667724,1.8106666644414269,1.729199995994568,1.627449997663498,1.2722299985587595,1.3600000143051147,2.720000028610229,1.3600000143051147,2.720000028610229,1.1799999475479126,2.720000028610229,1.1799999475479126,2.720000028610229,0.8399999737739563,2.720000028610229,0.2430000007152557,2.720000028610229,3026140.0,2679286.0,2000111.111111111,10290587.636210322,0.0972671547979244,0.2319999848093305,0.0909803879010249,5.217282038374897,-0.3017238699404544,10.665743844469311,4.602539723986761,2.720000028610229,2.3499999046325684,10114700.0,True,True,False,0.7346938113512218,1.821286100881404,0.9029849916397816,1.959013243572317,1.1074379106809156,2.1341322939217733,1.5129859452252654,82.0,99.0,99.0,98.0,98.0,97.0,97.0,98.0,96.0,96.0,95.0,96.15384615384616,OVID
2026-03-23,8.374706268310547,8.451626573659707,8.172790237528408,8.413166420985126,1098400.0,-0.0022909262777106,8.084542784692522,8.224971364107743,8.025817432403564,8.242921654383341,9.710855131149293,10.92195827960968,12.441605455875395,7.469224861520159,9.836270391996631,7.469224861520159,13.126863946095002,7.469224861520159,13.126863946095002,7.469224861520159,13.70169632901058,7.469224861520159,14.679313674493654,7.469224861520159,17.65589822409357,2347047.5,2111200.0,1453493.888888889,16308160.801985264,0.0411478177681223,0.3299997838314489,0.0394043412698724,-3.4918316685612565,-0.0582724288263094,-6.455574522689794,-11.13098040830581,8.509317535938608,8.143945615250196,2159800.0,True,True,True,-0.0056572637105589,1.043978247495848,-0.2900473904529314,0.7308552461115265,-0.3940282477618453,0.6136474432302337,1.6147625510790282,86.0,68.0,68.0,15.0,15.0,18.0,18.0,69.0,57.0,47.0,42.0,88.46153846153845,OXLC
2026-03-23,57.20000076293945,60.209999084472656,56.45000076293945,56.560001373291016,2698800.0,-0.0682521366406057,54.81496690931198,51.199786193486105,48.23319961547852,47.23566640218099,43.39319999694824,42.08959991455078,37.029799947738645,36.59999847412109,61.70000076293945,34.369998931884766,61.70000076293945,34.369998931884766,61.70000076293945,33.209999084472656,61.70000076293945,27.84000015258789,61.70000076293945,12.039999961853027,61.70000076293945,1352170.0,1341434.0,1381071.4285714286,88959996.34033203,0.0618400618825361,3.4028573717389787,0.0594905126984496,5.348397389991736,-1.2313177335927392,9.913164586372698,6.468588838589112,61.70000076293945,56.84000015258789,3409700.0,False,True,False,0.3380117137529697,1.4048024620417543,0.5104304826050505,1.554901027552993,0.6356876970617777,1.6564065396081828,0.9790731833462633,40.0,97.0,97.0,95.0,95.0,94.0,94.0,96.0,94.0,91.0,90.0,92.3076923076923,PARR
2026-03-23,12.130000114440918,12.260000228881836,11.779999732971191,12.050000190734863,17602100.0,0.005804286267715,11.934338342427427,11.820714301020654,11.329599952697754,11.44599994023641,12.54279993057251,14.09799997329712,13.39699996471405,9.46500015258789,13.34000015258789,9.46500015258789,17.940000534057617,9.46500015258789,19.84000015258789,9.46500015258789,19.84000015258789,9.46500015258789,19.84000015258789,9.380000114440918,19.84000015258789,37377740.0,35372106.0,21185700.793650795,514460672.51897335,0.0622575783289645,0.7112144742693219,0.0586326848771099,-0.5613131525653072,0.0984227646605956,0.2688811822427057,-1.630696264592812,12.510000228881836,11.741000175476074,27384300.0,True,True,True,0.1231481389090196,1.1792133466092412,-0.2390213027753898,0.7833836590875274,0.02190397905548,1.034848178414336,1.7642909415204169,89.0,90.0,90.0,20.0,20.0,61.0,61.0,88.0,80.0,73.0,68.0,88.46153846153845,PATH
2026-03-23,126.58999633789062,127.80999755859376,124.23999786376952,125.37000274658205,1165900.0,0.0141803929449921,126.49749275887538,127.60350451070391,126.4630569458008,125.93456090291342,132.990662689209,149.0896802520752,185.68883655548092,104.61496981891074,138.86000061035156,104.61496981891074,161.50995421443528,104.61496981891074,170.4842034873529,104.61496981891074,216.0093544161119,104.61496981891074,233.4214373390761,104.61496981891074,265.9877107038705,2418415.0,2098998.0,961802.7777777778,335220481.74152374,0.0429962443828244,5.151956747133342,0.0406979769031818,-1.1825818742268608,0.3435581333347315,-10.779293257512489,-14.79834629478942,127.06999969482422,121.58999633789062,14557300.0,False,False,True,0.1065722804124069,1.1618100559002358,-0.2274669774850658,0.7952781702706045,-0.412607739355987,0.594832609913083,2.5144604027737265,95.0,89.0,89.0,21.0,21.0,17.0,17.0,83.0,73.0,64.0,59.0,73.07692307692307,PAYC
2026-03-23,46.27696990966797,47.37951261575764,45.502211808769054,46.31670206588509,5831200.0,-0.0553528148683136,44.76733165171059,42.18644654938944,40.00477783203125,39.043998336792,36.409531593322754,34.17953643798828,29.77684718132019,32.235599893679755,50.130900743007736,25.277993480881257,50.130900743007736,25.248429363870372,50.130900743007736,25.248429363870372,50.130900743007736,21.648769516797422,50.130900743007736,13.006699189863271,50.130900743007736,3647170.0,3676486.0,3404912.301587302,190037148.903656,0.0713522692930062,3.3693507867025567,0.0728083708436288,3.722271224844908,-0.8048014734722799,10.217328542346134,7.077578132056578,49.39587352711185,46.13791240982639,5931300.0,False,True,True,0.3658523349203235,1.4340328288305249,0.8046890678320235,1.8578232618464792,0.5700518323416781,1.5899392819828388,1.0711494678731557,50.0,97.0,97.0,98.0,98.0,93.0,93.0,94.0,96.0,94.0,92.0,88.46153846153845,PBF
2026-03-23,58.790000915527344,59.66999816894531,57.54999923706055,58.33000183105469,2126900.0,0.0113538591998088,57.97198576021118,57.277187132535694,55.91920013427735,54.99300015767415,58.12140029907226,66.2698999786377,68.05859996795654,46.08000183105469,60.56999969482422,46.08000183105469,75.22000122070312,46.08000183105469,80.40499877929688,46.08000183105469,82.31500244140625,46.08000183105469,82.31500244140625,46.08000183105469,82.31500244140625,3036827.5,2773752.0,1663928.9682539685,142231135.12292862,0.0451403015748523,2.355142593383789,0.0400602578109802,0.2871553841637853,0.280237744103572,-3.253787739926401,-6.495231694317664,59.060001373291016,56.75,2729600.0,False,True,True,0.123232723426359,1.1793021534089032,-0.2091740138334866,0.8141097208162297,-0.1755714075404226,0.8348714210194594,1.8250944348824412,90.0,90.0,90.0,22.0,22.0,34.0,34.0,88.0,80.0,72.0,68.0,100.0,PCOR
2026-03-23,44.328731536865234,44.88833435685279,43.01965357495035,44.09889411979773,1739500.0,0.0216490395998194,43.62306597806035,43.99104054528282,44.23479736328125,43.76546173095703,45.71775131225586,52.29519031524658,53.55167013168335,35.86470019230156,48.35589062475101,35.86470019230156,62.81409979360922,35.86470019230156,63.18365051420617,35.86470019230156,68.01780729643129,35.86470019230156,68.01780729643129,29.76694092899775,68.01780729643129,2700790.0,2470510.0,1800133.3333333333,101970528.66657256,0.0480279920130111,2.059975810596394,0.046470443416213,-0.653802762720542,0.4559950069559693,-5.595440169290649,-6.409714484233274,44.048931300208125,41.53070710716096,2955600.0,False,True,True,-0.0220458372712071,1.026771590595383,-0.2463526075474662,0.7758365038528522,-0.2559406714974611,0.7534841399137393,1.5003277534997408,82.0,62.0,62.0,19.0,19.0,28.0,28.0,85.0,76.0,68.0,63.0,84.61538461538461,PEGA
2026-03-23,14.4399995803833,14.789999961853027,14.029999732971191,14.18000030517578,4191600.0,0.0563276883534669,14.183478282432286,14.136608127523193,14.048400115966796,13.874000104268392,13.778600063323974,14.267600059509276,16.24039996623993,11.649999618530272,15.800000190734863,11.649999618530272,15.800000190734863,11.649999618530272,15.9399995803833,11.649999618530272,19.690000534057617,11.649999618530272,20.61000061035156,11.649999618530272,20.61000061035156,4761280.0,4733546.0,3974087.698412698,75453425.13576508,0.0576073163287282,0.7585714203970773,0.0525326483684663,0.9137544040877318,1.0150652705664762,-1.6379865246289589,-5.29644855511313,14.539999961853027,13.59000015258789,5488200.0,False,False,True,0.1090629088091084,1.164425011261055,-0.0176870906296177,1.011234459148534,-0.2435830557902967,0.7659982864149824,1.1980812607385882,63.0,89.0,89.0,53.0,53.0,29.0,29.0,85.0,76.0,68.0,63.0,84.61538461538461,PENN
2026-03-23,11.699999809265137,11.770000457763672,10.829999923706056,10.829999923706056,3916700.0,0.0996240067424054,11.18060893807084,11.76919379107681,11.466000022888185,11.740666675567628,15.534799938201903,19.72174994468689,24.56002498149872,10.399999618530272,15.510000228881836,10.399999618530272,26.799999237060547,10.399999618530272,29.31999969482422,10.399999618530272,33.119998931884766,10.399999618530272,44.9900016784668,8.5,44.9900016784668,4429380.0,4232302.0,3451303.1746031744,34253750.01441479,0.0587252316952993,0.6506428037370954,0.0556104969524748,-4.438950402435016,1.6291572885369157,-6.125414005425764,-10.326179839938703,11.140000343322754,10.53499984741211,4419600.0,False,False,True,-0.0159798594256826,1.0331403693769838,-0.4897514324662175,0.5252714581060113,-0.7234042548394576,0.2800993135393235,1.283393482379097,70.0,64.0,64.0,5.0,5.0,5.0,5.0,70.0,58.0,48.0,43.0,76.92307692307693,PGY
2026-03-23,10.56999969482422,11.600000381469728,10.5600004196167,11.380000114440918,794600.0,-0.0570919126801846,10.910114666192433,11.22155343701782,11.342999992370606,11.514833323160808,12.507399978637697,13.804899978637696,12.2135999917984,10.024999618530272,14.390000343322754,10.024999618530272,18.09000015258789,10.024999618530272,18.309999465942383,10.024999618530272,18.309999465942383,9.81999969482422,18.309999465942383,2.2100000381469727,18.309999465942383,1028502.5,1098516.0,1518802.380952381,13377811.046934128,0.0748311509942811,0.7452856472560337,0.0705095240088772,-2.1968709072505788,-0.8587316093890771,1.497095950451638,-0.2152311333889715,11.899999618530272,11.119999885559082,2623900.0,False,False,True,-0.0744308560237393,0.97177162119209,-0.3507371468666587,0.6683786437809838,-0.0570919126801846,0.9548516656887204,0.6771799365728323,18.0,41.0,41.0,11.0,11.0,47.0,47.0,42.0,32.0,25.0,22.0,19.230769230769237,PHAT
2026-03-23,18.920000076293945,19.225000381469727,18.65999984741211,18.88999938964844,15626600.0,0.0128479532760856,18.71080084189441,18.81005150057912,18.19319999694824,18.278333346048992,20.589999961853028,23.872199954986574,29.58939997673035,13.84000015258789,20.809999465942383,13.84000015258789,27.73500061035156,13.84000015258789,27.959999084472656,13.84000015258789,35.41999816894531,13.84000015258789,38.56999969482422,13.84000015258789,39.93000030517578,23046512.5,20669198.0,13975157.53968254,401309797.4396324,0.0418541868810995,0.7728573935372489,0.0408486992822801,-1.985554734284612,0.3105356474882412,-9.121110363241051,-10.954610776294992,19.0,18.44499969482422,26803400.0,False,True,True,0.0647157900340875,1.117864177002836,-0.2789634054372666,0.7422655691212386,-0.4716559801529224,0.5350364199777444,1.6491057388483312,86.0,85.0,85.0,16.0,16.0,14.0,14.0,92.0,86.0,80.0,76.0,88.46153846153845,PINS
2026-03-23,33.81999969482422,34.84000015258789,31.229999542236328,34.5,29098200.0,-0.0002956587552203,28.309074487727614,26.738154671635115,25.71479995727539,25.168333307902017,25.28180000305176,20.191199951171875,14.392449977397918,19.979999542236328,36.27999877929688,18.76000022888184,36.27999877929688,10.520000457763672,36.27999877929688,10.520000457763672,36.27999877929688,6.099999904632568,36.27999877929688,2.789999961853028,36.27999877929688,12583362.5,13473152.0,10494130.555555556,407962748.5893059,0.093617194417678,2.812213897705078,0.083152392758166,4.061472954956554,-0.0035566769080513,18.143892124083717,12.297455826685304,36.27999877929688,32.26100158691406,63704700.0,False,False,False,0.4150627713233401,1.4856997473683324,0.9336763943629288,1.990608271732076,2.044104477041814,3.0826633788834865,1.199085758785268,63.0,98.0,98.0,98.0,98.0,99.0,99.0,97.0,96.0,98.0,98.0,96.15384615384616,PL
2026-03-23,39.27000045776367,39.86000061035156,37.08000183105469,37.43999862670898,1184100.0,0.080627415874326,36.117643963335816,35.96610914315435,36.42719970703125,36.66599973042806,35.901999702453615,31.644999866485595,26.49539988517761,31.799999237060547,45.400001525878906,31.07999992370605,45.400001525878906,20.049999237060547,45.400001525878906,20.049999237060547,45.400001525878906,20.049999237060547,45.400001525878906,16.459999084472656,45.400001525878906,1076832.5,1133068.0,918957.1428571428,43964468.82539749,0.0673330985043869,2.1514293125697543,0.054785568818205,1.7123296078223802,1.3618854628675066,14.325556935946045,9.55081117672796,37.54999923706055,35.79999923706055,1737500.0,False,False,False,0.0334210646779913,1.0850072843633438,0.1947064719759006,1.229881376397831,0.57457897421202,1.594523768014762,1.171798389478757,60.0,81.0,81.0,85.0,85.0,93.0,93.0,85.0,79.0,95.0,94.0,96.15384615384616,PLAB
2026-03-23,160.83999633789062,161.0800018310547,153.24000549316406,153.24000549316406,57507100.0,0.0674276888503087,153.64909185842183,150.96033997616362,146.0836004638672,144.3576670328776,151.24880035400392,165.91735015869142,163.5835752105713,126.23300170898438,161.4499969482422,126.23300170898438,196.3500061035156,126.23300170898438,198.8800048828125,126.23300170898438,207.5200042724609,126.23300170898438,207.5200042724609,66.12000274658203,207.5200042724609,55071852.5,51291000.0,67015211.11111111,7441303934.261169,0.0410577739089035,6.22614506312779,0.0387101790903301,1.638157468274823,1.631828934131091,1.2567080706539595,-2.4813909357925708,156.64999389648438,149.08999633789062,48700200.0,False,False,False,0.1892930331625915,1.2486600557402678,-0.1338252236350577,0.891676952578095,-0.118153424660743,0.8930167029726438,0.8217813774948938,26.0,93.0,93.0,31.0,31.0,40.0,40.0,87.0,79.0,72.0,67.0,100.0,PLTR
2026-03-23,2.309999942779541,2.3499999046325684,2.220000028610229,2.25,49286700.0,0.0358744049425132,2.2581402230259044,2.195370593313848,2.09920000076294,2.0763333320617674,2.1489999890327454,2.2079999947547915,2.0739999985694886,1.7200000286102295,2.5,1.7200000286102295,2.6600000858306885,1.7000000476837158,2.75,1.7000000476837158,4.579999923706055,1.409999966621399,4.579999923706055,0.6899999976158142,4.579999923706055,94351175.0,97628820.0,102729192.06349206,200670726.36848152,0.0849381036879974,0.184999976839338,0.0800865720441248,0.9354695015935862,0.4324320741700961,3.0549088319164683,-0.7110527008136216,2.450000047683716,2.200000047683716,104494300.0,True,False,True,0.2352940838979678,1.296957382785564,0.0221238727996786,1.0522175488418275,0.0596329688263341,1.0730550717604883,0.9184456054291364,34.0,95.0,95.0,67.0,67.0,69.0,69.0,91.0,85.0,79.0,75.0,92.3076923076923,PLUG
2026-03-23,5.519999980926514,5.539999961853027,5.21999979019165,5.400000095367432,521400.0,-0.0036101048852397,5.297122343532545,5.942726029801256,4.002000017166138,3.9810000101725262,6.394000026157924,0.0,0.0,2.200000047683716,8.149999618530273,2.200000047683716,48.90999984741211,0.0,0.0,0.0,0.0,0.0,0.0,0.0,0.0,2980168.571428572,2980168.571428572,0.0,12716274.06592369,0.2520881062510121,1.1971428053719655,0.2168736973747288,-0.6302776945821511,-0.0167064287040504,6.364368859125975,1.5509566507808992,5.71999979019165,5.110000133514404,1160200.0,True,True,True,1.1149426064340315,2.2205161210898545,0.0,0.0,0.0,0.0,0.0,0.0,99.0,99.0,0.0,0.0,0.0,0.0,99.0,98.0,0.0,0.0,76.92307692307693,PLYX
2026-03-23,1.1699999570846558,1.190000057220459,1.1299999952316284,1.1799999475479126,965500.0,-0.0330579171911218,1.2788104596714476,1.230774986669233,1.1504000043869018,1.1050000031789144,1.0536000037193298,1.033300002217293,1.0845000019669533,0.8100000023841858,2.1600000858306885,0.7799999713897705,2.1600000858306885,0.7799999713897705,2.1600000858306885,0.7799999713897705,2.369999885559082,0.7699999809265137,2.369999885559082,0.5199999809265137,2.369999885559082,11804120.0,9579780.0,3133680.9523809524,45647578.99140328,0.1410659697093668,0.3178571377481733,0.2716727772710291,0.4066594981154366,-0.1258429536794215,4.306698068213649,1.471622381977006,1.2100000381469729,1.1299999952316284,922000.0,False,True,True,0.3295454129822981,1.3959135412312889,0.2857142015005043,1.3235685826497934,0.0263157647072109,1.0393158470395898,3.766854437121717,97.0,97.0,97.0,90.0,90.0,63.0,63.0,94.0,91.0,86.0,83.0,61.53846153846154,PRSO
2026-03-23,66.41999816894531,69.0199966430664,65.94000244140625,66.79000091552734,1055000.0,0.0171515323866029,66.28388129629693,66.96403247731055,66.95300018310547,67.70649998982748,70.74229995727539,73.20984977722168,63.83059989929199,61.43000030517578,74.9800033569336,61.43000030517578,80.18000030517578,61.43000030517578,87.5,60.27999877929688,87.5,47.93600082397461,87.5,35.95000076293945,87.5,1223700.0,1255230.0,1327003.5714285714,85781702.3809433,0.0427918514093772,2.9566424233572826,0.0445143406333254,-1.3725746269892871,0.3788064151212915,4.494308942542766,2.132198431450502,68.19499969482422,65.0999984741211,2016900.0,False,True,True,-0.0600057355422657,0.9869168135393108,-0.1095320896911624,0.9166853322201008,0.0982142637511227,1.112125066194492,0.922152755536776,34.0,46.0,46.0,35.0,35.0,73.0,73.0,56.0,44.0,35.0,37.0,65.38461538461539,PTCT
2026-03-23,10.720000267028809,10.899999618530272,10.369999885559082,10.369999885559082,14747500.0,-0.0174151771806274,10.3162893949848,9.721712858356788,9.242775650024416,9.078614648183189,8.384442834854125,7.183755917549133,6.408819644451142,7.639165522523048,11.09000015258789,5.702197299793371,11.09000015258789,5.107121186987462,11.09000015258789,4.9706713922892,11.09000015258789,4.9706713922892,11.09000015258789,4.850127533941546,11.09000015258789,11240950.0,11226646.0,10627752.777777778,111665436.56782629,0.0486953570234223,0.4964284896850586,0.0463086266156083,6.015260528603311,-0.3827330307006337,16.964628255731853,13.238570466348534,10.949999809265137,10.640000343322754,14178800.0,False,False,False,0.2898296354323786,1.3542152350725656,0.8799770035644474,1.9353278474469937,1.0558721718860125,2.0819133849497025,1.0576977311237794,48.0,96.0,96.0,98.0,98.0,97.0,97.0,93.0,96.0,96.0,95.0,96.15384615384616,PTEN
2026-03-23,11.640000343322754,11.739999771118164,10.970000267028809,11.34000015258789,850800.0,0.0420770155611984,11.431581229921118,11.416054112503858,11.034800033569336,11.075166702270508,12.229400024414062,13.341900033950806,13.54645672745592,8.920000076293945,12.56999969482422,8.920000076293945,16.510000228881836,8.920000076293945,18.59000015258789,8.920000076293945,20.100000381469727,8.920000076293945,20.100000381469727,8.920000076293945,20.100000381469727,1163147.5,1120146.0,1162805.5118110236,13533180.869402884,0.0848281501578771,0.9215713909694128,0.0791727975762534,-0.6087356751464428,0.5099987604155217,0.5091602554982235,-0.0953770227239412,11.289999961853027,10.65999984741211,835200.0,False,False,True,0.1268151432034778,1.1830634000939924,0.0086655443501117,1.0383629762703808,-0.2552782944276316,0.7541549071464593,1.0002941060955617,42.0,90.0,90.0,62.0,62.0,28.0,28.0,89.0,82.0,75.0,71.0,92.3076923076923,PTRN
2026-03-23,14.510000228881836,14.770000457763672,13.664999961853027,13.899999618530272,1904800.0,-0.0054832023899509,14.118933837617837,13.410246197746533,12.811999969482422,12.59700002670288,11.874399967193604,10.90760001182556,8.214950006008149,10.609999656677246,15.18000030517578,9.130000114440918,15.18000030517578,8.789999961853027,15.18000030517578,4.869999885559082,15.18000030517578,4.510000228881836,15.18000030517578,4.510000228881836,15.18000030517578,3631867.5,3298650.0,2608673.8095238097,43168257.6840353,0.0582203175580962,0.781428609575544,0.0538544863714149,4.1214115184659805,-0.1023764970027255,15.0513632181492,13.931622591195897,14.859999656677246,14.253000259399414,5529700.0,False,False,False,0.2909253135543765,1.3553656071564322,0.6033149086269376,1.650520184560477,1.9917526833397123,3.0296484582454277,1.3922275321432254,77.0,96.0,96.0,96.0,96.0,99.0,99.0,92.0,93.0,91.0,98.0,88.46153846153845,PUMP
2026-03-23,5.289999961853027,5.389999866485596,4.940000057220459,5.199999809265137,5725700.0,0.0173077222863609,5.500844411933068,5.230903225906438,4.899599990844727,4.837666670481364,4.5523999977111815,4.198266665140788,0.0,3.6649999618530273,6.630000114440918,3.009999990463257,6.630000114440918,3.009999990463257,6.630000114440918,3.009999990463257,6.630000114440918,3.009999990463257,6.630000114440918,0.0,0.0,5162562.5,4443128.0,0.0,32011465.41380048,0.1129440482863111,0.7114999294281006,0.1344990424496846,1.204651095871961,0.126493550969474,8.8301928828133,5.033797100643069,5.909999847412109,5.119999885559082,18423100.0,False,True,True,0.2331002351729763,1.2946540217173932,0.6635219656606777,1.71249987573186,0.0,0.0,0.0,0.0,95.0,95.0,97.0,97.0,0.0,0.0,94.0,95.0,93.0,90.0,76.92307692307693,PURR
2026-03-23,34.029998779296875,34.81999969482422,33.779998779296875,34.2400016784668,1078700.0,-0.0110433324556905,34.39412280693719,34.08936731554723,33.316000366210936,33.346000289916994,34.32198036193848,37.70339771270752,41.83970512390137,29.549999237060547,39.95000076293945,29.549999237060547,40.100943672588734,29.549999237060547,43.35975633863115,29.549999237060547,54.38508213288092,29.549999237060547,54.38508213288092,28.810006551580763,54.38508213288092,1565957.5,1458822.0,1303726.1904761903,68059293.41685295,0.0611342028602379,2.017857415335519,0.059296429260031,-0.1434678460789082,-0.1883190879728485,-5.375378444429305,-8.35344280811198,34.68000030517578,33.5,1268900.0,False,True,True,0.0772395889497676,1.1310131377854855,-0.1540975031977036,0.8708078105117653,-0.2658849336460134,0.7434139163105242,1.2011398646736002,63.0,86.0,86.0,28.0,28.0,27.0,27.0,75.0,64.0,54.0,49.0,73.07692307692307,PZZA
2026-03-23,114.91999816894533,117.86000061035156,111.0199966430664,112.01000213623048,2830100.0,0.068129027609914,112.59170594587042,112.56371510409927,114.95184051513672,114.08946329752604,106.94098739624025,95.95847343444824,95.95063494691756,97.56740654189277,140.50986998112668,81.5077099836629,140.50986998112668,72.70821953754657,140.50986998112668,70.40145028140697,140.50986998112668,70.40145028140697,140.50986998112668,0.0,0.0,2612497.5,2680338.0,0.0,336974104.87003326,0.0542899740088631,5.751641954694476,0.0500490954258362,1.4907630822425448,1.274419007440468,10.495802087665677,6.617785055581095,111.94499969482422,106.22000122070312,5038800.0,False,False,True,0.0135177243548012,1.0641104108894586,0.4550641959378008,1.4979046301536094,0.0,0.0,0.0,0.0,77.0,77.0,94.0,94.0,0.0,0.0,79.0,88.0,89.0,88.0,84.61538461538461,Q
2026-03-23,15.149999618530272,15.68000030517578,13.09000015258789,13.414999961853027,19365400.0,0.1433961976249262,15.173974809366236,14.75595426662204,14.201399879455566,13.866333230336506,13.933399925231932,11.2085999584198,10.463749985694886,10.800000190734863,18.780000686645508,7.659999847412109,18.780000686645508,5.769999980926514,18.780000686645508,5.769999980926514,18.780000686645508,5.769999980926514,18.780000686645508,4.599999904632568,18.780000686645508,16409195.0,16918216.0,10630183.333333334,335894803.1366348,0.1429611554620091,2.201143060411726,0.1452899746426041,0.6009729877655987,0.8631877012913811,8.534700878468257,4.865473337370626,15.130000114440918,12.979999542236328,18092200.0,False,False,True,0.2149157413081612,1.2755617959246734,1.1070931151545813,2.169130779360994,0.4483747192427498,1.4667209156530363,1.5436417684862755,83.0,94.0,94.0,98.0,98.0,91.0,91.0,93.0,97.0,98.0,97.0,76.92307692307693,RCAT
2026-03-23,4.340000152587891,4.369999885559082,4.099999904632568,4.289999961853027,3195500.0,0.0483092494087622,4.520572615901536,4.472599872472209,4.47560001373291,4.269666679700216,3.9936000156402582,3.6780000138282776,3.4324750089645386,3.065000057220459,5.449999809265137,3.0,5.449999809265137,2.809999942779541,5.449999809265137,2.809999942779541,5.449999809265137,2.809999942779541,5.449999809265137,2.190000057220459,8.800000190734863,2795110.0,2770634.0,3491366.6666666665,17070915.582253933,0.0863307053577,0.3799285548073904,0.0875411385828739,0.990834908107172,0.5264155156847518,7.715410068996284,5.313616304251087,4.599999904632568,4.125,11126400.0,False,True,True,0.1481481972054692,1.2054613555654046,0.3436532900804143,1.383213531163417,0.413680862202368,1.431587600296352,0.8005776152604998,24.0,91.0,91.0,92.0,92.0,90.0,90.0,93.0,89.0,88.0,85.0,46.15384615384615,RCKT
2026-03-23,21.40999984741211,22.28499984741211,21.209999084472656,21.75,923900.0,-0.0106284449502502,22.172599294739356,22.046348578177025,21.58160011291504,21.389666748046874,21.61300006866455,21.96940004348755,16.579050016403198,18.51499938964844,24.90999984741211,18.51499938964844,24.90999984741211,18.51499938964844,26.399999618530277,12.895000457763672,26.399999618530277,9.8100004196167,26.399999618530277,6.5,26.399999618530277,1187240.0,1247962.0,1280234.5238095238,31003434.906892776,0.0661887935683842,1.2450004305158342,0.0581504175333434,-0.1615208602632242,-0.1847385242598138,7.168761085849878,6.857450700228808,22.7450008392334,21.63999938964844,4158000.0,False,False,False,0.1274354979179366,1.1837147216192474,-0.0263756220892658,1.0022901173531853,0.7280063966221304,1.7498946167971108,0.9273613372549858,35.0,90.0,90.0,50.0,50.0,95.0,95.0,76.0,65.0,55.0,89.0,42.30769230769231,RCUS
2026-03-23,140.9600067138672,144.19000244140625,138.6999969482422,140.0,3514700.0,0.007937079455899,140.06956651141144,143.1968857324139,142.35400024414062,142.0193333943685,166.97320037841797,191.90240005493163,191.6556998825073,127.70500183105467,156.38999938964844,127.70500183105467,263.5,127.70500183105467,263.5,127.70500183105467,263.5,127.70500183105467,282.95001220703125,79.75,282.95001220703125,6139210.0,5873048.0,6559522.222222222,695302303.5565948,0.0519300541680038,7.050929478236607,0.0500207799546235,-3.11455814910912,0.1574261398837826,-1.3295865500858426,-3.5784837432734906,143.85000610351562,135.67999267578125,6532900.0,False,True,True,-0.0613304359551009,0.985525986850508,-0.3906803451834425,0.6272594259011893,-0.4670296398272839,0.5397213609867194,0.9359233480758252,35.0,46.0,46.0,9.0,9.0,14.0,14.0,64.0,53.0,43.0,38.0,69.23076923076923,RDDT
2026-03-23,9.380000114440918,9.649999618530272,8.71500015258789,9.050000190734863,18930900.0,0.0195652509682127,9.44496851680812,9.38721754148085,9.07919994354248,9.045666646957397,9.92239998817444,8.431599988937378,10.31944997549057,7.525000095367432,10.399999618530272,6.900000095367432,14.550000190734863,4.869999885559082,14.550000190734863,4.869999885559082,14.550000190734863,4.869999885559082,14.550000190734863,4.869999885559082,22.25,22845540.0,24745934.0,9684072.61904762,155690804.98947144,0.0952801404180507,0.8067143304007394,0.0860036589081451,-0.635602975272397,0.2231276901779657,6.763916908827063,3.0109755895732677,10.050000190734863,8.9350004196167,21993800.0,False,False,True,0.1739675072766904,1.2325695116326898,0.3361823561148966,1.375522635730925,0.1798742565388771,1.194819425466722,2.359083920443251,94.0,93.0,93.0,92.0,92.0,79.0,79.0,86.0,85.0,95.0,93.0,84.61538461538461,RDW
2026-03-23,16.219999313354492,16.290000915527344,15.395000457763672,15.520000457763672,3109400.0,0.0566774534373963,15.888307121794163,15.85611077633838,16.198999977111818,15.695166651407876,14.826499996185303,14.350099992752074,16.12905004501343,12.53499984741211,18.01499938964844,12.100000381469728,18.01499938964844,12.079999923706056,18.01499938964844,12.079999923706056,18.01499938964844,12.079999923706056,20.9950008392334,12.079999923706056,24.70499992370605,4226162.5,3939410.0,3529884.9206349207,57352523.23608875,0.0447796480353535,0.7027857644217355,0.0433283473596147,2.169182010343091,1.2379290758693955,3.078149060149965,0.4231631613516293,15.829999923706056,15.19499969482422,3370700.0,False,False,True,-0.0542274242485073,0.9929835660561084,0.1170798072999956,1.149969204298456,-0.0520164386469172,0.9599914294684552,1.1972522036893598,62.0,49.0,49.0,80.0,80.0,48.0,48.0,89.0,84.0,78.0,74.0,65.38461538461539,RELY
2026-03-23,6.849470138549805,6.948881803849006,6.421999740747135,6.421999740747135,2175800.0,0.0087847772757787,6.635979532870505,6.417714896500772,6.227152786254883,6.130723381042481,6.113771944046021,5.761348848342895,5.18264220237732,5.457705534469776,7.147705605034064,5.004930559511916,7.147705605034064,4.935828690365895,7.147705605034064,4.096288149145108,7.147705605034064,4.096288149145108,7.147705605034064,3.9493303224539087,7.147705605034064,2785162.5,2623550.0,1860186.507936508,16038876.369605064,0.0450805948764407,0.2982351981168861,0.043541353138891,2.763684953364953,0.2000001463914848,15.167365902341636,11.202117879004328,6.879293789944481,6.660587654963057,3802500.0,False,False,False,0.129508162690165,1.1858908494850091,0.241238049489731,1.2777829505008178,0.549766036185497,1.569396530775126,1.4972490597674324,82.0,90.0,90.0,88.0,88.0,93.0,93.0,86.0,86.0,81.0,89.0,92.3076923076923,RES
2026-03-23,24.81999969482422,25.25,23.309999465942383,23.84000015258789,4322100.0,0.065693375661348,23.411221054768102,23.85947744078147,23.822150192260743,24.26594200134277,26.067295455932616,26.151533851623537,30.70734969139099,21.82999992370605,30.878251474588087,21.82999992370605,34.69050217743936,21.82999992370605,34.69050217743936,21.82999992370605,34.69050217743936,21.82999992370605,36.39325758982944,21.82999992370605,51.213033920443024,3952275.0,3596956.0,2297419.047619048,87402229.45002556,0.0550390360780326,1.2399999073573522,0.0499597067930638,-0.9577531545697264,1.2338700754886014,3.4484585249340025,-3.043365315724183,23.729999542236328,22.729999542236328,8672900.0,False,False,False,-0.0121688619181622,1.0371416039150458,-0.1020666884902375,0.924370531990694,-0.2451962921612137,0.7643646155867914,1.7203108871653077,88.0,66.0,66.0,36.0,36.0,28.0,28.0,73.0,61.0,51.0,46.0,96.15384615384616,RHI
2026-03-23,6.460000038146973,6.510000228881836,6.110000133514404,6.150000095367432,47645700.0,0.0385852501689436,6.331126210528479,6.2290639213586365,6.307199974060058,6.246666653951009,5.634399995803833,4.871900012493134,3.970700005292892,5.179999828338623,6.960000038146973,3.9700000286102295,6.960000038146973,3.680000066757202,6.960000038146973,3.0299999713897705,6.960000038146973,2.759999990463257,6.960000038146973,1.9700000286102293,6.960000038146973,53266852.5,49160712.0,41439856.34920635,238469308.02034852,0.0527091277705431,0.3321428639548165,0.0514153037141607,2.849900030178633,0.7225813768739315,14.476114115297966,12.864629494632014,6.539999961853027,6.190000057220459,36373000.0,False,False,True,-0.0092024452385066,1.0402560979155004,0.6479591613310374,1.6964788666735495,0.9457831831451848,1.970429926819693,1.2854014756018852,70.0,67.0,67.0,96.0,96.0,96.0,96.0,86.0,94.0,93.0,95.0,100.0,RIG
2026-03-23,15.770000457763672,16.31999969482422,15.3100004196167,15.350000381469728,37348000.0,0.0576794513180918,15.564043708214768,15.55523493690382,15.52159999847412,15.47266664505005,15.708399925231934,16.480399951934814,14.962599954605103,13.9399995803833,18.479999542236328,13.579999923706056,21.549999237060547,13.579999923706056,22.690000534057617,12.390000343322754,22.690000534057617,11.84000015258789,22.690000534057617,10.359999656677246,22.690000534057617,31804450.0,31241922.0,38785643.253968254,482403923.5205555,0.0553297177085139,0.993643011365618,0.0630084326266738,0.0622377438157137,0.8655026005462632,6.458840703853592,3.080031330270832,16.049999237060547,14.8100004196167,51016900.0,False,False,True,0.0327439413890644,1.0842963604950302,-0.2223865915276667,0.8005081344672363,0.0966620537038009,1.1105531946949092,0.820005737477256,26.0,80.0,80.0,21.0,21.0,73.0,73.0,71.0,66.0,56.0,67.0,80.76923076923077,RIVN
2026-03-23,9.81999969482422,10.199999809265137,9.6899995803833,10.039999961853027,2040500.0,-0.0090817511577856,10.033153202254914,9.866319233635783,9.7796000289917,9.634000015258788,8.945399980545044,8.23949999332428,6.223100001811981,8.350000381469727,11.489999771118164,7.010000228881836,11.489999771118164,5.949999809265137,11.489999771118164,5.070000171661377,11.489999771118164,3.309999942779541,11.489999771118164,1.774999976158142,11.489999771118164,2515337.5,2458772.0,2181126.587301587,28506655.152692795,0.0783016506585867,0.6902856826782227,0.0702938598910597,1.3908880489851754,-0.1303810217223414,7.735482960324109,7.030538300465042,10.75,9.699999809265137,3824100.0,False,False,True,0.1287356218521211,1.1850797450229509,0.2078720241813327,1.243434552719605,1.1072961408523805,2.13398872833066,1.15322857217191,59.0,90.0,90.0,86.0,86.0,97.0,97.0,79.0,87.0,91.0,93.0,57.692307692307686,RLAY
2026-03-23,5.860000133514404,6.150000095367432,5.710000038146973,6.070000171661377,1748100.0,-0.0345963809239061,5.978294414231864,5.592123268008323,5.222400026321411,5.01333335240682,4.562200012207032,4.2308000111579895,2.686170004606247,3.450000047683716,7.510000228881836,3.220999956130981,7.510000228881836,2.970000028610229,7.510000228881836,1.8029999732971191,7.510000228881836,0.5899999737739563,7.510000228881836,0.2430000007152557,7.510000228881836,1938270.0,1658650.0,1268046.4285714286,21936668.37198257,0.0969692624330289,0.6837857791355678,0.1166869903679477,2.4378728489483623,-0.3071137841042142,12.858281798565724,10.101062912928093,6.6579999923706055,5.84499979019165,1570500.0,False,False,True,0.4188861915582968,1.4897140247504204,0.4120481924942156,1.453622136701613,2.830065518361737,3.878579990017848,1.528548132250678,83.0,98.0,98.0,93.0,93.0,99.0,99.0,97.0,96.0,95.0,98.0,61.53846153846154,RLMD
2026-03-23,38.63999938964844,39.18000030517578,37.7400016784668,38.0099983215332,1701500.0,0.0268402416387119,37.97290115832408,36.99737742449826,36.86316589355469,35.477131080627444,32.041447677612304,30.33662633895874,29.42122821807861,26.2730227634154,42.34428345709616,24.09691301166634,42.34428345709616,24.09691301166634,42.34428345709616,24.09691301166634,42.34428345709616,24.09691301166634,42.34428345709616,20.55325022720124,42.34428345709616,3119875.0,2783102.0,1704637.3015873015,90070076.38628006,0.0541817228720242,2.019715977760661,0.052270083065833,3.9398828124984457,0.500069481379767,6.689682955136584,4.144847440268542,38.0,36.060001373291016,2561900.0,False,False,True,-0.0200230142472005,1.0288953887170216,0.3077394907284936,1.3462423470150928,0.2398811779578942,1.2555864393892215,1.8302280473945256,90.0,63.0,63.0,91.0,91.0,83.0,83.0,95.0,93.0,90.0,87.0,88.46153846153845,RNG
2026-03-23,97.80999755859376,98.93000030517578,93.97000122070312,94.6500015258789,2568900.0,0.0486758987769819,95.92673589989414,95.66179685766544,94.56240020751952,93.47900009155272,96.7118002319336,100.20404998779296,95.84224994659424,78.52999877929688,103.0500030517578,78.52999877929688,116.33000183105467,78.52999877929688,116.33000183105467,78.52999877929688,116.66000366210938,78.52999877929688,116.66000366210938,52.43000030517578,116.66000366210938,3848500.0,3685172.0,3638791.26984127,305779560.9527588,0.047225314444947,4.759213583809989,0.0486577415663357,0.2333721177479736,0.9539393085806512,3.860792564983572,0.4097144095698153,96.01000213623048,91.68000030517578,2899600.0,False,False,True,0.0982483745774107,1.1530706380830271,-0.1177956603630634,0.9081784630348108,-0.0390057110268964,0.973166960686044,1.057631426099326,48.0,88.0,88.0,34.0,34.0,50.0,50.0,86.0,77.0,69.0,64.0,92.3076923076923,ROKU
2026-03-23,21.75,21.850000381469727,20.799999237060547,20.940000534057617,2400000.0,0.0507245989546256,20.79025493509917,20.26910964350489,19.946800079345703,19.425333499908447,18.8624001121521,18.608200063705443,18.33045000553131,15.510000228881836,21.850000381469727,15.510000228881836,21.850000381469727,15.510000228881836,21.850000381469727,15.510000228881836,22.350000381469727,15.510000228881836,22.649999618530277,9.65999984741211,22.649999618530277,2318035.0,2197358.0,1617714.6825396826,35241924.50819969,0.0415740503980754,0.8341429574148995,0.0383514003409149,3.991708668769844,1.2587761219187292,7.842837193820721,2.724382291969142,21.200000762939453,20.46999931335449,1635100.0,False,False,False,0.1744060184880986,1.2330299124072774,0.0902255222167387,1.1223242673410525,-0.0122616009151115,1.0002498316795332,1.4329071900125618,79.0,93.0,93.0,77.0,77.0,54.0,54.0,93.0,88.0,82.0,78.0,100.0,RSI
2026-03-23,1.5299999713897705,1.7400000095367432,1.5199999809265137,1.7300000190734863,9124200.0,-0.09467460379489,1.7836307742498942,1.7339992186742523,1.7951600110530854,1.5662333428859712,1.2445800060033798,1.192889998853207,1.275420001000166,0.3930000066757202,2.740000009536743,0.3930000066757202,2.740000009536743,0.3930000066757202,2.740000009536743,0.3930000066757202,2.740000009536743,0.3930000066757202,2.740000009536743,0.3930000066757202,2.740000009536743,36248992.5,29249014.0,6626268.650793651,51463618.80166888,0.1991752880866979,0.2743571741240365,0.1793184178133187,1.2789001285613897,-0.5831817095417109,-4.846486660919375,-6.160766634871951,1.940000057220459,1.659999966621399,12441800.0,False,False,False,-0.089285702881764,0.9561752514257346,0.4854369066878266,1.5291715833160835,0.0624999379118307,1.0759583560186028,5.470498467589046,99.0,36.0,36.0,95.0,95.0,69.0,69.0,99.0,99.0,99.0,99.0,30.76923076923077,RXT
2026-03-23,10.6899995803833,11.149999618530272,10.5,10.5,916900.0,0.0278846127394387,10.854084544933665,10.37169071680784,9.87640007019043,9.600666745503744,9.004200057983399,7.605900039672852,6.483700016736984,7.150000095367432,11.850000381469728,5.730000019073486,11.850000381469728,5.409999847412109,11.850000381469728,5.380000114440918,11.850000381469728,4.829999923706055,11.850000381469728,3.3499999046325684,11.850000381469728,1151165.0,1133088.0,727164.6825396825,16941741.511683464,0.0737547727585701,0.6642857279096331,0.0621408563129068,3.0128919505406464,0.4365590734059513,10.36254338180762,6.712311058331652,11.390000343322754,10.390000343322754,1300900.0,True,False,True,0.3775772248815587,1.4463430007934537,0.8721540295912946,1.9272745471399209,0.4992986548109659,1.5182898918391994,1.5830870608009475,85.0,97.0,97.0,98.0,98.0,92.0,92.0,95.0,96.0,95.0,94.0,73.07692307692307,RYAM
2026-03-23,2.720000028610229,2.7699999809265137,2.569999933242798,2.569999933242798,11914100.0,0.0750988376952781,2.666008406870919,2.646074221737871,2.541599998474121,2.524666666984558,2.8228000020980835,2.9636999988555908,3.446374995112419,2.049999952316284,2.970000028610229,2.049999952316284,4.96999979019165,2.049999952316284,4.96999979019165,2.049999952316284,7.579999923706055,2.049999952316284,8.449999809265137,1.0700000524520874,8.449999809265137,17447155.0,22586988.0,15434872.61904762,31665412.50875592,0.0716083999009831,0.1879999637603759,0.0691176330084208,-0.5268949506151834,1.010638797051218,-0.3445184104150058,-4.297212907920774,2.5899999141693115,2.4600000381469727,17144600.0,False,False,True,0.2651162362601598,1.328268194664993,0.2363636225708263,1.2727650092501457,-0.5915915779386773,0.4135816282953209,1.1303724643939783,56.0,96.0,96.0,88.0,88.0,9.0,9.0,90.0,84.0,77.0,73.0,84.61538461538461,RZLV
2026-03-23,14.380000114440918,14.475000381469728,14.065999984741213,14.279999732971191,6703100.0,0.0148200449552782,14.244026446395525,14.047401870964691,13.728000068664551,13.695666726430256,13.873400039672852,14.86270004272461,16.34320004940033,12.234999656677246,14.859999656677246,12.234999656677246,15.600000381469728,12.234999656677246,17.549999237060547,12.234999656677246,18.2549991607666,12.234999656677246,19.299999237060547,12.234999656677246,21.399999618530277,9107870.0,8788464.0,7001666.666666667,128046152.83680916,0.045539809418027,0.6083572251456124,0.042305787225598,0.8631426156190155,0.3451919850162187,-1.1812661580891506,-4.92190063003035,14.505000114440918,13.970999717712402,18923000.0,True,True,True,0.1087123992585017,1.1640570050062515,-0.0157426110637319,1.0132361886619885,-0.2471204278931856,0.7624161073139364,1.3008145679600094,71.0,89.0,89.0,53.0,53.0,28.0,28.0,79.0,68.0,59.0,54.0,92.3076923076923,S
2026-03-23,1.5099999904632568,1.5399999618530271,1.340000033378601,1.340000033378601,10253600.0,0.143939341258523,1.4945377244088685,1.460254479279094,1.390160002708435,1.335133332014084,1.3106800043582916,1.4663400059938432,1.9098950031399728,0.8100000023841858,2.0,0.8100000023841858,2.0,0.8100000023841858,2.0,0.8100000023841858,2.2699999809265137,0.8100000023841858,2.2699999809265137,0.8100000023841858,3.5850000381469727,13428660.0,11869158.0,7588805.158730159,22645066.310079694,0.1423884857590811,0.1785000136920384,0.1182119303439703,1.2864498631341357,1.0644253413838474,-3.78798802051873,-5.582948660496777,1.4160000085830688,1.2999999523162842,11138000.0,False,False,True,0.5439672937485758,1.621038914140919,-0.0065789411768027,1.0226696580519652,-0.1968085136738445,0.8133653098315212,1.7695354827435086,89.0,98.0,98.0,56.0,56.0,32.0,32.0,98.0,96.0,94.0,92.0,53.84615384615385,SABR
2026-03-23,4.960000038146973,5.070000171661377,3.640000104904175,3.7200000286102295,23574700.0,0.3816156425437311,3.5020877061650126,3.361560522910402,3.227799997329712,3.2238333304723104,3.5710999822616576,2.6895999944210054,3.068749993443489,2.7300000190734863,5.070000171661377,1.8200000524520876,5.929999828338623,1.2549999952316284,5.929999828338623,1.2549999952316284,5.929999828338623,1.2549999952316284,5.929999828338623,1.2549999952316284,5.929999828338623,8594947.5,9696740.0,3980114.6825396814,19977093.17670107,0.1082292951841448,0.3884286369596209,0.0783122245911787,4.966374036332787,3.527031721196394,18.0165382438686,8.04074325093539,4.170000076293945,3.319999933242798,19647400.0,False,False,False,0.3932584600758038,1.4628070104746111,1.7403315994198918,2.821013260024417,0.3551912354726709,1.3723571002514203,2.1594723231732678,93.0,97.0,97.0,99.0,99.0,88.0,88.0,98.0,99.0,99.0,99.0,100.0,SATL
2026-03-23,7.510000228881836,7.650000095367432,7.380000114440918,7.400000095367432,4596300.0,0.0148648827157809,7.647931277072363,7.604572653288336,7.3568000221252445,7.256333351135254,8.070000019073486,9.352600049972532,14.112600021362304,6.179999828338623,8.40999984741211,5.980000019073486,11.100000381469728,5.980000019073486,12.289999961853027,5.980000019073486,19.540000915527344,5.980000019073486,21.209999084472656,2.2799999713897705,124.12000274658205,6868095.0,6818624.0,16102356.507936507,46643097.93934584,0.0621091742656578,0.4978570938110351,0.0662925537467208,-1.0467659307528572,0.2209472052961357,-3.4413365908353253,-7.344274813992786,7.730000019073486,7.309999942779541,3654200.0,True,False,True,0.1175595927611858,1.1733458319178411,-0.1674057818458482,0.8571077055527657,-0.5666474170834384,0.4388417505300704,0.4265273220484755,9.0,89.0,89.0,27.0,27.0,10.0,10.0,83.0,78.0,70.0,65.0,76.92307692307693,SBET
2026-03-23,46.72999954223633,50.95000076293945,46.11000061035156,50.72999954223633,4634000.0,-0.0966557132079155,43.41193834465278,40.8112092738992,39.39200012207032,38.82200012207032,36.81050006866455,35.061200065612795,32.329725041389466,31.5,53.27999877929688,28.479999542236328,53.27999877929688,28.209999084472656,53.27999877929688,28.209999084472656,53.27999877929688,28.209999084472656,53.27999877929688,11.0,53.27999877929688,3637895.0,3451030.0,4305381.349206349,160634857.4211502,0.0840840652164682,3.3967860085623607,0.0726896221236257,3.70719670270173,-1.471979685325004,7.08610130848041,2.38549068139816,53.27999877929688,47.459999084472656,9896600.0,False,False,False,0.2329814686241667,1.2945293265906903,0.6413769114604992,1.6897028202383253,0.3181945990559567,1.334891836794201,0.8449646395831132,27.0,95.0,95.0,96.0,96.0,87.0,87.0,95.0,94.0,91.0,89.0,96.15384615384616,SEDG
2026-03-23,60.880001068115234,64.3499984741211,60.33000183105469,60.880001068115234,2722500.0,-0.0150461136468709,59.624425911421454,56.7516337820928,53.93919372558594,53.85200487772624,53.7512483215332,51.09711448669434,42.44155752182007,45.8883736197968,70.16999816894531,44.042862220372406,70.16999816894531,38.32232721241007,70.16999816894531,38.32232721241007,70.16999816894531,24.3661018574597,70.16999816894531,14.0902066967274,70.16999816894531,3110642.5,3017206.0,2516247.619047619,177932670.90000153,0.0837149944856014,4.770683130400975,0.0783620736974581,1.692462586301819,-0.1949406992154632,8.078060744868978,4.124124576081545,65.4000015258789,60.61600112915039,3527900.0,False,True,True,0.2394008315984743,1.301269130748124,0.4172803959742921,1.459008388277724,0.6253168024718894,1.6459042795183527,1.2362227296124997,66.0,95.0,95.0,93.0,93.0,94.0,94.0,90.0,87.0,89.0,87.0,84.61538461538461,SEI
2026-03-23,3.150000095367432,3.289999961853028,2.680000066757202,2.7300000190734863,10988300.0,0.2401575364864909,2.06820196354294,1.9268563046261649,1.7431999921798706,1.7773333271344502,2.178599989414215,2.8104700016975404,4.10282001376152,1.2200000286102295,3.289999961853028,1.2200000286102295,4.079999923706055,1.2200000286102295,4.309999942779541,1.2200000286102295,5.829999923706055,1.2200000286102295,7.920000076293945,1.2200000286102295,7.920000076293945,6742680.0,5404746.0,1120152.380952381,23505704.266651276,0.1148987367532228,0.3015714032309396,0.0957369505081754,4.657373411017371,2.0227386515400925,-3.095258918983342,-10.909847718511312,3.0,2.400000095367432,13348100.0,False,False,False,0.9444444975898753,2.0415071029954475,0.185547617043599,1.2204528637258123,-0.3737574624301156,0.6341749934751767,6.019431029791864,99.0,99.0,99.0,85.0,85.0,19.0,19.0,99.0,98.0,98.0,97.0,100.0,SER
2026-03-23,78.9000015258789,81.7699966430664,77.41999816894531,80.94000244140625,3137800.0,-0.0354523400695225,80.4743853490464,78.36067882965972,76.30439971923828,74.70933278401692,74.06079971313477,77.95369987487793,109.6317998123169,64.75,85.58000183105469,64.75,85.58000183105469,64.75,87.3499984741211,64.75,114.33999633789062,64.75,152.25,64.75,182.0,3082237.5,3092194.0,2330505.5555555555,236842974.7135544,0.0455379219903702,3.46857179914202,0.0439616189107973,1.4863177344086071,-0.8360794280217136,-2.2724461994002443,-6.797497003364089,85.0,81.76000213623047,3878300.0,False,False,True,0.1692352934326271,1.2276010755639188,-0.0155957576569277,1.0133873657706136,-0.3447388163255478,0.6635612114338524,1.3225617474510776,73.0,92.0,92.0,53.0,53.0,21.0,21.0,84.0,74.0,66.0,60.0,76.92307692307693,SFM
2026-03-23,5.230000019073486,5.630000114440918,5.230000019073486,5.429999828338623,3660100.0,-0.0094697327174307,5.453882384020828,5.567755257595271,5.596399974822998,5.55066663424174,6.0909999656677245,6.343299970626831,8.505749974250794,4.994999885559082,6.300000190734863,4.994999885559082,8.260000228881836,4.994999885559082,8.260000228881836,4.994999885559082,8.404999732971191,4.994999885559082,9.600000381469728,4.994999885559082,27.149999618530277,4313740.0,4257870.0,5311477.380952381,25457778.24761629,0.0775849342509107,0.3991428443363735,0.076317943189431,-1.852199958280027,-0.1252689142354413,-0.084797573924642,-3.858435582316978,5.46999979019165,5.239999771118164,4865400.0,False,False,False,-0.096718470892756,0.9483714551702148,-0.2592067901611878,0.7626038645592133,-0.3911525115051534,0.6165596057110847,0.8121544516916535,25.0,34.0,34.0,18.0,18.0,18.0,18.0,37.0,28.0,21.0,19.0,26.923076923076923,SG
2026-03-23,10.68000030517578,10.989999771118164,10.484000205993652,10.68000030517578,1783600.0,0.0210325302319771,10.642645549107538,10.54720151573567,10.539761047363282,10.247611395517984,10.013671779632569,10.777220993041992,11.186967544555664,8.420578166054385,11.693256625476922,8.420578166054385,12.182963659144812,8.420578166054385,12.750308133838288,8.420578166054385,14.31299167790993,8.420578166054385,14.31299167790993,5.540960055262096,14.31299167790993,2858317.5,2730042.0,2157545.634920635,27774495.374503136,0.0527977392035896,0.5011038855829136,0.0469198381333441,1.4182034851873222,0.4390312535152093,0.9360356470160012,-4.133511783364403,10.989999771118164,10.359999656677246,2739200.0,False,True,True,0.083838429100949,1.137941378245353,-0.0990764054355365,0.927448855851326,-0.0875849941077704,0.9239723361075368,1.324800483353458,73.0,87.0,87.0,36.0,36.0,43.0,43.0,87.0,79.0,71.0,67.0,88.46153846153845,SGHC
2026-03-23,90.87000274658205,94.8499984741211,89.46499633789062,89.86000061035156,1577200.0,0.0369737030094188,89.98605990310674,91.14862856931164,92.3363998413086,92.51566670735676,93.1032000732422,89.78550018310547,101.562149848938,84.91999816894531,107.45999908447266,79.37000274658203,107.45999908447266,76.51000213623047,107.45999908447266,76.51000213623047,107.45999908447266,76.51000213623047,107.48699951171876,72.93000030517578,144.64999389648438,1505627.5,1516322.0,1449407.5396825396,151479008.13220978,0.0520630224300477,4.832144056047712,0.0531764488829562,-0.4510691848914314,0.670510948263019,4.710612721693616,1.2788380835422644,89.9000015258789,86.2699966430664,1626100.0,False,False,True,-0.0287515485485884,1.019731144226058,0.0521014224487572,1.083077706452313,-0.0878337658979858,0.9237204131879458,1.0387882350396591,46.0,59.0,59.0,72.0,72.0,43.0,43.0,51.0,62.0,61.0,56.0,69.23076923076923,SHAK
2026-03-23,2.509999990463257,2.595000028610229,2.1700000762939453,2.359999895095825,10735100.0,0.086580109367043,2.2523717509787704,2.223502366183349,2.125599980354309,2.147666649023692,2.5873999857902525,2.0195699924230577,1.6941149958968162,1.7999999523162842,2.630000114440918,1.7649999856948853,5.389999866485596,0.628000020980835,5.389999866485596,0.628000020980835,5.389999866485596,0.628000020980835,5.389999866485596,0.628000020980835,5.389999866485596,8291037.5,14413078.0,10700687.301587302,11905170.596916676,0.1127473577474273,0.2348571249416896,0.0935685760294936,-0.3197034646694569,0.8515817765093219,7.483943400061532,2.9784721591282537,2.4649999141693115,2.2100000381469727,9240200.0,False,False,False,0.2125604209712066,1.273088902919148,1.9356724379763144,3.022105381835008,1.3240739728933542,2.3535124303672794,0.7748135485437592,23.0,94.0,94.0,99.0,99.0,98.0,98.0,93.0,88.0,99.0,99.0,100.0,SIDU
2026-03-23,89.40105438232422,92.51888228950357,89.19187176871777,91.62238754539926,1406800.0,0.0078607803962316,87.19781168223008,88.77793055420315,91.36179779052736,91.42050170898438,91.36418823242188,91.80835472106934,89.36541355133056,78.38405430501908,100.10925380864413,78.38405430501908,100.10925380864413,78.38405430501908,106.87285851907296,78.38405430501908,109.77153496536134,78.38405430501908,109.77153496536134,49.33675856545137,109.77153496536134,1041842.5,1000340.0,1026011.9047619049,112258476.94740295,0.0529249582561854,4.977714527590751,0.0556784767470808,-0.3859104744245554,0.1400805289102329,1.8495713594579275,-0.7670264718693249,89.32135805283588,85.59590143269409,3997900.0,False,False,True,-0.083435402199306,0.962317586891057,0.0811950820373974,1.1130279502474671,-0.0638364556028006,0.9480216913459673,1.0154292510297616,44.0,37.0,37.0,76.0,76.0,46.0,46.0,73.0,62.0,52.0,47.0,46.15384615384615,SIG
2026-03-23,7.139999866485596,7.389999866485596,6.989999771118164,7.139999866485596,941100.0,0.0156471768697492,7.192989870524409,6.989337871014284,6.684600028991699,6.652500025431315,6.446299991607666,5.837349994182587,5.750499988794327,5.230000019073486,8.720000267028809,4.920000076293945,8.720000267028809,4.050000190734863,8.720000267028809,3.7899999618530273,8.720000267028809,3.7899999618530273,8.720000267028809,2.4100000858306885,8.720000267028809,1459505.0,1424362.0,1333448.015873016,12679842.11066246,0.0916435920117337,0.7642857347215924,0.1070428219906654,1.005318220396209,0.1439247805891808,6.73751458420845,2.9912234766345227,7.605000019073486,6.980000019073486,1457400.0,True,True,True,0.2504377966348825,1.3128570380117504,0.3522726482514211,1.3920866630495208,0.3945312550931705,1.4121954299550452,1.0945346069936246,52.0,95.0,95.0,92.0,92.0,89.0,89.0,92.0,90.0,93.0,93.0,73.07692307692307,SLDB
2026-03-23,38.10222244262695,39.26189831519125,36.97202864765566,38.0923925841009,1901400.0,0.0344183386620116,37.67565548320208,38.06640344116242,37.72719543457031,38.16020647684733,40.88642684936524,43.39723308563232,50.26483171463013,34.4266397429365,43.045583948995166,34.4266397429365,48.99137717953796,34.4266397429365,50.09230152704247,34.4266397429365,59.254768113019125,34.4266397429365,64.1898658665145,34.4266397429365,64.1898658665145,1519302.5,1434590.0,1148300.7936507936,55554524.73772049,0.0549397316748847,2.082081610900661,0.0546446237889611,-1.2461620401147508,0.6089003895513323,-3.884537865242626,-8.76120485807784,39.0653439939942,36.59857801021953,2472600.0,False,True,True,0.0191903226464766,1.070066173432051,-0.1258173033625458,0.8999206444286567,-0.3618418404527452,0.6462415476237892,1.3230875641648563,73.0,78.0,78.0,32.0,32.0,20.0,20.0,65.0,54.0,43.0,39.0,88.46153846153845,SLG
2026-03-23,5.480000019073486,5.5,4.840000152587891,4.840000152587891,9941300.0,0.1512604528510253,5.18867428710529,5.052196074753382,4.977600030899048,4.760666688283284,4.473600034713745,3.323800007104873,2.561800003647804,3.4600000381469727,6.139999866485596,2.5999999046325684,6.139999866485596,1.3899999856948853,6.139999866485596,1.3899999856948853,6.139999866485596,1.3899999856948853,6.139999866485596,0.949999988079071,6.139999866485596,6890550.0,7427616.0,4603838.095238095,43385366.87539816,0.1094908750007797,0.5357142175946917,0.0977580685638876,2.301234391022061,1.3439997792561569,18.05205679606549,13.934964184693053,5.599999904632568,4.75,29521900.0,True,False,False,0.3204819019620526,1.386397598683768,1.341880435931067,2.41083077849113,2.361963211720599,3.4045483497977336,1.4966968554187707,82.0,97.0,97.0,99.0,99.0,99.0,99.0,96.0,97.0,99.0,99.0,92.3076923076923,SLS
2026-03-23,29.049999237060547,29.780000686645508,28.40999984741211,28.799999237060547,8221300.0,-0.0329561134585411,27.34598669805936,25.822068155902038,24.87241897583008,24.254874801635744,22.04888195037842,20.38921613693237,22.837446966171264,19.086927124024157,30.309999465942383,17.30217545962686,30.309999465942383,17.30217545962686,30.309999465942383,17.246812985176106,30.309999465942383,17.246812985176106,30.309999465942383,17.246812985176106,30.84389105315727,8565497.5,7575418.0,3539392.4603174604,200173217.71726608,0.0512537038457501,1.2585784448348345,0.0433245603404079,7.329031981796276,-0.7866030778849995,10.46493549267183,3.1524781554005927,30.309999465942383,28.299999237060547,13653800.0,True,True,False,0.2383006885606569,1.300114070869172,0.5826408108306385,1.6292373938081652,0.1646731588218686,1.1794257792878666,2.4200473940185008,95.0,95.0,95.0,96.0,96.0,78.0,78.0,95.0,94.0,91.0,89.0,96.15384615384616,SM
2026-03-23,702.489990234375,748.780029296875,678.8400268554688,716.0,22925100.0,-0.0101732137277884,693.3932530243874,659.8464608950538,642.7376049804687,634.9890055338542,581.26740234375,408.1012016296387,239.7742258834839,517.0,777.5999755859375,235.2400054931641,777.5999755859375,183.0,777.5999755859375,112.0,777.5999755859375,43.20199966430664,777.5999755859375,27.88500022888184,777.5999755859375,20845465.0,20004248.0,8923750.793650793,12674162348.957214,0.0796748234998485,53.422864641462056,0.0760478659968355,2.7423352823534355,-0.1351487193121745,22.601825631500983,21.523259687185217,777.5999755859375,698.3499755859375,23508600.0,False,False,True,0.0808037630945239,1.1347552280543782,2.200993204881672,3.295237801925448,5.873006521150576,6.960065157214131,2.335953287134761,94.0,87.0,87.0,99.0,99.0,99.0,99.0,91.0,99.0,99.0,99.0,84.61538461538461,SNDK
2026-03-23,24.09000015258789,25.0,23.98500061035156,24.38999938964844,918200.0,-0.0057779361243651,23.70328444079936,23.030470570692,22.281199951171875,22.09566656748454,21.556599922180176,20.09279998779297,16.539824995994568,19.209999084472656,25.440000534057617,19.209999084472656,25.440000534057617,15.550000190734863,25.440000534057617,12.989999771118164,25.440000534057617,12.989999771118164,25.440000534057617,8.579999923706055,25.440000534057617,1362617.5,1324168.0,2120642.0634920634,34200293.85634422,0.0533335792852298,1.1410717282976424,0.0473670286870073,2.481117898422541,-0.1226911386695222,13.343271362626348,7.0827563691359,25.440000534057617,23.9950008392334,2937600.0,False,False,True,0.2234636617159879,1.284536410653995,0.190805768546491,1.2258658272941685,0.6299053171731777,1.6505509157753564,0.6425495011431474,16.0,95.0,95.0,85.0,85.0,94.0,94.0,86.0,78.0,88.0,92.0,96.15384615384616,SNDX
2026-03-23,174.1999969482422,177.0500030517578,169.0,170.00999450683594,4472400.0,0.0367812910286551,174.0378570159567,175.1918933844846,173.19599975585936,174.08199971516927,184.3094000244141,213.2195004272461,216.75250015258788,154.625,188.5,154.625,236.30999755859372,154.625,275.8699951171875,154.625,280.6700134277344,154.625,280.6700134277344,120.0999984741211,280.6700134277344,6795810.0,6318550.0,5182730.952380952,1075338248.672638,0.049112963790042,7.463569641113281,0.0428448322150707,-1.28020518265303,0.8280210372445094,-5.538519797192425,-6.466193663527687,174.69000244140625,166.5500030517578,5212300.0,False,False,True,0.0098550547724185,1.06026490849655,-0.2128688316391074,0.8103061190823239,-0.2441860457418093,0.7653876585421936,1.3112411318357162,72.0,76.0,76.0,22.0,22.0,28.0,28.0,70.0,58.0,49.0,43.0,73.07692307692307,SNOW
2026-03-23,15.8100004196167,16.06999969482422,14.979999542236328,15.380000114440918,6650300.0,-0.0288697940543914,15.79665662663912,14.2239874167699,12.555200042724609,11.870333385467529,11.143600053787232,9.048000001907347,16.191050004959106,6.539999961853027,19.25,6.539999961853027,19.25,3.7200000286102295,19.25,3.7200000286102295,20.739999771118164,3.7200000286102295,29.0,3.7200000286102295,35.0,7022820.0,7054172.0,5338157.142857143,123692139.95552064,0.1582638287145303,2.116499900817871,0.1338709579154574,3.128024238685398,-0.2220648660778052,10.007700004147598,3.428301406238876,17.889999389648438,16.013999938964844,12547700.0,False,True,True,0.7664805314576673,1.854659547620908,0.9163636872262666,1.9727858387061663,-0.328947335399088,0.6795527190570205,1.315588846873319,72.0,99.0,99.0,98.0,98.0,22.0,22.0,99.0,98.0,99.0,99.0,69.23076923076923,SOC
2026-03-23,74.54227447509766,75.06631366859364,70.85422078675481,71.57600805732662,1367800.0,0.0594434845028928,73.78409891891259,73.77162897721645,73.54046783447265,73.0726547241211,75.20137939453124,67.8305039215088,54.03153137207031,64.91180106546224,80.75165332306499,64.91180106546224,85.1615024472888,50.110128913116974,85.1615024472888,40.1236994001325,85.1615024472888,40.1236994001325,85.1615024472888,29.02986187079477,85.1615024472888,1334260.0,1415684.0,1386845.634920635,87765719.02572632,0.0441026793855943,3.449343345379692,0.0462736530333806,-0.1894065355792651,1.2125305205216854,18.10708749319721,14.636587002026442,73.91935845123248,68.73827453914538,1072400.0,False,False,True,0.049123239919063,1.1014932793747008,0.1135893874885383,1.1463760185054457,0.7342994714599747,1.756267404422997,0.9620825608874312,38.0,83.0,83.0,79.0,79.0,95.0,95.0,74.0,63.0,86.0,92.0,88.46153846153845,SQM
2026-03-23,19.530000686645508,20.06999969482422,19.36000061035156,19.649999618530277,2166000.0,-0.0040795472318254,18.942903075326765,18.668359876160764,18.371200180053712,18.126666768391928,18.34340003967285,20.667999992370607,24.491775007247924,15.725000381469728,20.36000061035156,15.725000381469728,24.170000076293945,15.725000381469728,24.170000076293945,15.725000381469728,28.57999992370605,15.725000381469728,32.220001220703125,15.725000381469728,32.220001220703125,2718605.0,2792372.0,2200928.9682539683,49120742.51021385,0.0581598841986525,1.0696430206298828,0.0547692259612309,1.1811039995847556,-0.0747912361069256,-4.866835090100988,-8.963668296969239,20.36000061035156,19.43000030517578,4021500.0,False,True,False,0.0996621866527482,1.1545550247022802,-0.1479057320403196,0.8771818816430528,-0.3520238526164976,0.6561838974299087,1.2352079686409472,66.0,88.0,88.0,29.0,29.0,21.0,21.0,85.0,77.0,68.0,63.0,92.3076923076923,SRAD
2026-03-23,17.709999084472656,17.799999237060547,16.670000076293945,16.93000030517578,2942700.0,0.0611143509752218,17.04182439308858,17.2852360647306,17.324799842834473,17.430333169301353,18.880599842071533,19.763599920272828,20.03764989852905,15.529999732971191,19.25,15.529999732971191,24.68000030517578,15.529999732971191,24.68000030517578,15.079999923706056,25.31999969482422,15.079999923706056,25.31999969482422,10.420000076293944,76.66999816894531,2535832.5,2656112.0,6185050.793650794,45186371.70723438,0.0521230586575047,0.8885713304792132,0.0501734261103532,-1.2357176647334465,1.1479084632011998,1.3254156009993283,-1.567304201587193,17.329999923706055,16.530000686645508,2864100.0,False,False,True,-0.0619703457786826,0.9848541340659528,-0.1293019197829561,0.8963334328918641,0.0160641867122475,1.0289344148978283,0.4099938035437211,9.0,46.0,46.0,32.0,32.0,60.0,60.0,73.0,62.0,52.0,53.0,84.61538461538461,SRPT
2026-03-23,43.65999984741211,45.91999816894531,43.459999084472656,44.72999954223633,1634900.0,-0.0219533950635218,43.156175229953874,43.738162131161054,44.57759994506836,44.99033317565918,45.077000045776366,42.31765007019043,38.42000013351441,38.75,48.77000045776367,38.75,49.81999969482422,28.96999931335449,49.81999969482422,27.06999969482422,49.81999969482422,27.06999969482422,49.81999969482422,22.709999084472656,49.81999969482422,1219970.0,1213864.0,1672760.7142857143,68693690.98331451,0.0599040431176747,2.739643096923828,0.0627494985455483,-0.5009618409289186,-0.3577106606830311,9.39765916786482,5.970953663872526,47.869998931884766,44.06999969482422,3288500.0,False,False,True,-0.090416669845581,0.9549878289548194,0.017004415025553,1.0469473624643832,0.4156938920685591,1.4336261287029517,0.7293153106605206,20.0,35.0,35.0,65.0,65.0,90.0,90.0,70.0,58.0,87.0,87.0,46.15384615384615,SRRK
2026-03-23,12.229999542236328,12.520000457763672,11.899999618530272,12.079999923706056,3656100.0,-0.0016326904296875,11.453019316335386,10.476514718446523,9.766800079345703,9.38466672897339,8.452800035476685,7.46780002117157,6.583500006198883,6.909999847412109,12.670000076293944,6.090000152587891,12.670000076293944,5.96999979019165,12.670000076293944,5.239999771118164,12.670000076293944,5.239999771118164,12.670000076293944,2.7799999713897705,12.670000076293944,2836727.5,2649518.0,1468182.142857143,34172359.27304268,0.042595381137366,0.5414285659790039,0.0442705303552284,10.093797885579695,-0.0369401598297779,18.0400385490878,12.120379760337064,12.59000015258789,12.06999969482422,4225300.0,False,False,False,0.3993134854134745,1.4691642900220572,0.985389585256938,2.04384401782246,0.8418674379747231,1.86519790717572,1.932135950434332,91.0,97.0,97.0,98.0,98.0,96.0,96.0,98.0,97.0,96.0,96.0,92.3076923076923,SSL
2026-03-23,18.51000022888184,18.770000457763672,16.829999923706055,17.0,2550800.0,0.0565068347746227,18.13502043053147,18.28911239453077,18.4147998046875,18.163999811808267,18.76239990234375,22.00169998168945,22.593550004959106,15.59000015258789,20.489999771118164,15.59000015258789,24.26000022888184,15.59000015258789,28.399999618530277,15.59000015258789,28.399999618530277,15.59000015258789,28.6299991607666,14.6899995803833,30.809999465942383,1444735.0,1484998.0,1284826.984126984,31181499.835996628,0.0624915184583207,1.1492859976632257,0.0620900045084792,-0.2166599851478015,0.8614041875834835,-3.174018114024138,-6.2463431883327685,17.93000030517578,17.280000686645508,3842100.0,False,False,True,0.0422297291854945,1.094255658992839,-0.2293921783461461,0.7932962870713349,-0.3204845673858085,0.6881226828132826,1.1244587931671364,56.0,82.0,82.0,21.0,21.0,23.0,23.0,80.0,70.0,61.0,56.0,80.76923076923077,STAA
2026-03-23,1.0199999809265137,1.0199999809265137,0.8500000238418579,0.9800000190734864,724000.0,0.0,0.9510479458395672,0.8341500047107475,0.7280399906635284,0.6620666603247325,0.5481999945640564,0.5232499966025352,0.9465199966728688,0.3000000119209289,1.3799999952316284,0.2899999916553497,1.3799999952316284,0.2899999916553497,1.3799999952316284,0.2899999916553497,1.3799999952316284,0.2899999916553497,1.8899999856948853,0.2899999916553497,4.099999904632568,7257462.5,5815168.0,1761607.9365079366,14913255.732652249,0.3848128134627262,0.2793571352958679,0.2738795495291233,3.1423842705763576,0.0,4.104657150754892,-1.6838785892729005,1.0390000343322754,0.9610000252723694,278200.0,False,True,True,1.6984127109273213,2.8331118337393946,1.7642276816740343,2.845612897862349,0.2333735838852109,1.2489964152675808,4.119794393289681,98.0,99.0,99.0,99.0,99.0,83.0,83.0,99.0,99.0,99.0,98.0,92.3076923076923,STAK
2026-03-23,6.21999979019165,6.340000152587891,6.119999885559082,6.199999809265137,1371000.0,0.0230262941188095,6.003356696727769,5.752556102416141,5.369199962615967,5.339999961853027,5.590799970626831,5.374799966812134,5.26594997882843,4.289999961853027,6.559999942779541,4.289999961853027,7.170000076293945,4.289999961853027,7.170000076293945,4.289999961853027,7.170000076293945,4.289999961853027,7.170000076293945,4.03000020980835,7.170000076293945,1971947.5,2159278.0,1766523.4126984128,12525377.89683342,0.0621950286373031,0.3914286068507603,0.0629306463109542,1.7883496874016187,0.3576638601147855,9.307281270970506,3.216879934432434,6.239999771118164,6.019999980926514,2120800.0,False,True,False,0.3434124484773859,1.4104727901560083,0.1735848238392658,1.208137858394524,0.2220038514201689,1.2374826652757451,1.116287214664082,55.0,97.0,97.0,84.0,84.0,82.0,82.0,94.0,89.0,84.0,81.0,100.0,STGW
2026-03-23,403.3164367675781,424.4395928268247,394.50182655552936,419.268620485633,3864800.0,-0.0175328508175905,402.5498365632241,397.3248505933669,395.86944458007815,399.2914764404297,387.7891448974609,331.1893603515625,252.4887088394165,341.40447161248795,459.0392474848106,273.7923861591264,459.0392474848106,227.61473970579453,459.0392474848106,208.09012037236693,459.0392474848106,151.35899365970317,459.0392474848106,62.38592950784152,459.0392474848106,4507452.5,4252052.0,4232945.238095238,1438325956.2368774,0.0617175049443901,26.079506616350223,0.0646626426271321,0.6192223443179792,-0.2759821860868527,14.118706542867208,11.36740353716917,438.9642875689655,408.537352919459,8620000.0,False,False,True,-0.0172460256306722,1.031810998801345,0.3872601977620558,1.4281043264323592,0.8368069717056597,1.8600733412597443,1.0648501803033688,49.0,64.0,64.0,93.0,93.0,96.0,96.0,80.0,90.0,93.0,93.0,73.07692307692307,STX
2026-03-23,52.59999847412109,53.970001220703125,51.0,51.119998931884766,1584300.0,0.0494812369331203,51.33676791853229,52.30041393737219,52.74399963378906,53.73033307393392,56.79659996032715,61.20935001373291,55.968600015640256,45.75,64.41000366210938,45.75,73.97000122070312,45.75,87.87999725341797,45.75,87.87999725341797,42.37799835205078,87.87999725341797,16.31800079345703,87.87999725341797,1893860.0,1809024.0,2121709.523809524,69698706.47239685,0.0537842796256025,2.855500085013253,0.054287075434387,-1.361065250452333,0.8684992009813992,0.9656238158690388,-1.4863590387633645,52.119998931884766,49.380001068115234,1950600.0,False,False,True,-0.0222139554884132,1.0265950802681432,-0.0960646208027594,0.9305493143459114,-0.0780017672646814,0.9336769512623464,0.8926104062537172,31.0,62.0,62.0,37.0,37.0,44.0,44.0,75.0,63.0,54.0,49.0,73.07692307692307,SYM
2026-03-23,15.140000343322754,15.364999771118164,14.609999656677246,14.850000381469728,2519100.0,-0.0219637731891337,14.278463434788453,13.724937940867187,13.35840000152588,13.292666689554853,12.637999992370606,11.739100008010864,10.395700013637542,10.850000381469728,15.699999809265137,10.32699966430664,15.699999809265137,10.149999618530272,15.699999809265137,8.96500015258789,15.699999809265137,8.039999961853027,15.699999809265137,6.224999904632568,15.699999809265137,2462092.5,2342594.0,2298405.9523809524,38464916.04686737,0.0491623289519205,0.5896427971976144,0.0389460227098123,5.083301891860615,-0.5766189301887225,14.170248008637031,9.02630494004369,15.699999809265137,14.65999984741211,7548900.0,False,False,False,0.1206513757828282,1.1765919502860571,0.3953916876518957,1.4364752260737927,0.695408715109191,1.7168840286933489,1.071217422426827,50.0,89.0,89.0,93.0,93.0,94.0,94.0,93.0,90.0,86.0,89.0,96.15384615384616,TALO
2026-03-23,5.480000019073486,5.599999904632568,5.320000171661377,5.440000057220459,4622100.0,0.0242990872445345,5.402121955907946,5.326695735217948,5.14519998550415,5.075333309173584,5.450199975967407,6.462000002861023,7.188500001430511,4.400000095367432,6.090000152587891,4.400000095367432,8.055000305175781,4.400000095367432,8.055000305175781,4.400000095367432,9.770000457763672,4.400000095367432,9.770000457763672,4.400000095367432,9.770000457763672,6739107.5,6732330.0,6512467.857142857,34364905.147717,0.0512269303711734,0.2636428560529436,0.0481100100611894,0.1136498866940037,0.493091739283889,-4.517065415538427,-7.601831322860034,5.53000020980835,5.289999961853027,6105600.0,False,True,True,0.1561182033096926,1.2138292077169353,-0.2324929801755282,0.7901041905092814,-0.3106918049624414,0.6980394876825937,1.0348008846766998,46.0,92.0,92.0,20.0,20.0,24.0,24.0,86.0,77.0,69.0,64.0,92.3076923076923,TDOC
2026-03-23,20.270000457763672,20.57999992370605,19.8799991607666,20.26000022888184,1617300.0,0.0216734023119296,20.237391562205428,20.384849204558066,20.21040008544922,20.575000063578287,21.15320003509521,23.60659996032715,27.38965000152588,17.280000686645508,23.350000381469727,17.280000686645508,24.299999237060547,17.280000686645508,28.38999938964844,17.280000686645508,30.690000534057617,17.280000686645508,31.5,17.280000686645508,37.13999938964844,3111562.5,2822428.0,1704797.2222222222,54726753.35151672,0.0503428347464114,0.9071430478777204,0.0447529860577912,-0.9329551322752616,0.4740159847796615,-9.233047122221285,-12.076636610903284,20.040000915527344,19.31999969482422,6407000.0,False,True,True,0.0180813969417661,1.06890189247383,-0.1917862631808019,0.8320094068117514,-0.3294740071218619,0.6790193761166803,1.825180414092911,90.0,78.0,78.0,24.0,24.0,22.0,22.0,79.0,68.0,58.0,53.0,69.23076923076923,TENB
2026-03-23,303.9200134277344,314.489990234375,300.010009765625,301.010009765625,4243500.0,0.0450092062711564,298.8852497649033,299.0817618602663,307.4095983886719,308.2252878824869,282.0551644897461,234.77797760009764,173.14235595703124,263.0199890136719,344.9200134277344,193.319158673463,344.9200134277344,151.34230046981602,344.9200134277344,131.5954798090803,344.9200134277344,106.06862382929462,344.9200134277344,65.52712625475871,344.9200134277344,3803827.5,3558748.0,3591467.8571428573,1076673978.592682,0.0550692064325568,18.847139630998885,0.0620134864382017,1.2500468115093426,0.6945365244675585,20.379416745429054,18.098526806835498,303.0,284.8599853515625,4996200.0,False,True,True,-0.0644297130445851,0.9822720003262456,0.5964668165103333,1.6434704688724564,1.5388140483995594,2.5709725641222616,1.0591289275873077,49.0,45.0,45.0,96.0,96.0,98.0,98.0,76.0,93.0,95.0,96.0,73.07692307692307,TER
2026-03-23,30.450000762939453,30.815000534057617,29.90999984741211,30.229999542236328,1965100.0,0.0126372155627472,29.75792463835252,29.553337089691844,29.495600051879883,29.39500001271566,29.558800010681157,30.515099964141847,32.29792495727539,26.76000022888184,32.470001220703125,26.76000022888184,33.2400016784668,26.76000022888184,33.78499984741211,26.76000022888184,37.54999923706055,26.76000022888184,37.54999923706055,25.280000686645508,46.47999954223633,1875735.0,2142756.0,2141728.571428572,68665416.64503098,0.0504223613572978,1.5025716509137834,0.0493455373814819,0.6109995105915469,0.2529004642701319,0.937163521059051,-3.6073712825924646,30.520000457763672,29.450000762939453,5061300.0,False,True,True,0.0311547597325319,1.0826278502116138,0.017373887486187,1.0473277130434455,-0.0593141251868901,0.952601304977982,0.8758042569086386,30.0,80.0,80.0,65.0,65.0,47.0,47.0,73.0,61.0,51.0,46.0,96.15384615384616,TGTX
2026-03-23,25.09000015258789,26.3799991607666,24.959999084472656,25.8700008392334,2170200.0,0.0108783425094067,23.67553979439147,23.10721609789056,23.23499984741211,22.553499921162924,21.602299995422364,20.711550006866457,17.797400031089783,17.709999084472656,29.649999618530277,17.709999084472656,29.649999618530277,16.389999389648438,29.649999618530277,11.460000038146973,29.649999618530277,10.25,29.649999618530277,9.979999542236328,29.649999618530277,2283507.5,2116524.0,1908454.365079365,61537007.80330658,0.0591912174379098,1.384214265005929,0.0551699584132188,2.92641888933582,0.1950568380846121,11.277715409676237,6.91430364271319,25.00900077819824,23.90999984741211,2424100.0,False,False,False,0.0211640400578927,1.0721384146915498,0.1509174784710203,1.1848031342805114,0.9960223358572446,2.0213054461783786,1.19652192988384,62.0,78.0,78.0,83.0,83.0,97.0,97.0,93.0,88.0,88.0,95.0,92.3076923076923,TNDM
2026-03-23,18.959999084472656,19.905000686645508,18.93000030517578,19.040000915527344,3550900.0,-0.0236869716794086,17.984597264228306,16.485112313491587,15.081199951171875,14.692999935150146,13.581399974823,11.267099981307984,8.975599986314773,10.800000190734863,19.905000686645508,8.300000190734863,19.905000686645508,7.489999771118164,19.905000686645508,6.690000057220459,19.905000686645508,6.25,19.905000686645508,1.0299999713897705,19.905000686645508,3412055.0,3482730.0,2759213.095238095,70018708.18506241,0.0821009360456186,1.3028569902692522,0.0687160893027801,5.763233303359632,-0.3530709780558678,16.48588975305219,10.58007857602432,19.80500030517578,18.799999237060547,7616800.0,False,True,False,0.5540983099092938,1.6316756494544251,1.241134633449191,2.307118788032261,1.4947367529459594,2.526336952710172,1.2366043803896816,66.0,98.0,98.0,99.0,99.0,98.0,98.0,97.0,98.0,97.0,97.0,92.3076923076923,TNGX
2026-03-23,27.559999465942383,28.049999237060547,27.290000915527344,27.770000457763672,9995700.0,0.0036416746104799,27.921263546940637,28.202877625154905,27.94199989318848,27.938666534423827,29.68779983520508,32.623099937438965,37.39449998855591,24.350000381469727,31.049999237060547,24.350000381469727,37.00199890136719,24.350000381469727,38.63600158691406,24.350000381469727,39.72499847412109,24.350000381469727,45.63999938964844,24.350000381469727,49.65999984741211,12943205.0,12162312.0,8735175.0,311697807.2192669,0.0489702007114958,1.2735000337873186,0.046208274980595,-1.5510761168680849,0.0785240508964345,-3.622522771679432,-5.880729265366453,27.850000381469727,26.780000686645508,10949700.0,False,True,True,0.0181012108105731,1.0689226954095563,-0.2474057818186856,0.7747523217104956,-0.3299295222409458,0.67855809110274,1.4817339091661017,81.0,78.0,78.0,19.0,19.0,22.0,22.0,72.0,60.0,50.0,45.0,57.692307692307686,TOST
2026-03-23,7.308333396911621,7.527086501635164,6.9802042139603175,7.049807560760356,2621200.0,0.0485020998861858,7.160154348730089,7.090549945806372,7.09583381652832,7.211525074640909,6.814734334945679,5.344309561252594,4.889044640064239,6.144965778204133,8.686244024951934,4.027258886072687,8.686244024951934,2.832900094959293,8.686244024951934,2.781756972153195,8.686244024951934,2.781756972153195,8.686244024951934,2.781756972153195,8.686244024951934,4221972.5,4083634.0,3924309.9206349207,25240372.45232344,0.0814028923058118,0.5994396546780402,0.0820213887520995,0.8830763977216994,0.5639805396906123,15.304268726743093,11.324860986573825,7.437596495839507,6.801224737527583,3845300.0,False,False,True,0.0808823627936405,1.1348377512862002,0.6600994975298919,1.708976642273179,0.5492571156400037,1.5688811638617413,1.0758509356765888,50.0,87.0,87.0,97.0,97.0,93.0,93.0,80.0,96.0,97.0,97.0,80.76923076923077,TROX
2026-03-23,172.1300048828125,181.72000122070312,168.52999877929688,171.25,5474500.0,0.0519464630346218,146.8020421102876,137.99874334367536,130.89960083007813,131.77833455403646,130.9648001098633,119.0461001586914,87.54400007247925,108.43000030517578,181.72000122070312,108.43000030517578,181.72000122070312,87.30000305175781,181.72000122070312,70.83999633789062,181.72000122070312,46.77999877929688,181.72000122070312,28.63999938964844,181.72000122070312,2710542.5,2453228.0,1359418.253968254,413434951.9110489,0.0755980513859291,11.899285997663226,0.0691296442230647,4.546857818554178,0.7143285741404337,17.528575991297572,12.85230157876448,178.0800018310547,160.92999267578125,6709200.0,False,True,False,0.3398459036915888,1.4067282109086288,0.4751049899861339,1.5185354712400438,1.56833801110941,2.600870499403912,1.993898854960718,92.0,97.0,97.0,95.0,95.0,98.0,98.0,96.0,93.0,95.0,96.0,100.0,TSEM
2026-03-23,12.399999618530272,12.649999618530272,11.279999732971191,11.289999961853027,2060400.0,0.1324200762120786,11.30702200582632,10.7406001701424,10.02359992980957,9.76733331680298,9.935399980545045,10.218999996185303,15.233099999427797,7.420000076293945,14.390000343322754,6.869999885559082,14.390000343322754,6.869999885559082,16.799999237060547,6.869999885559082,21.770000457763672,6.869999885559082,21.770000457763672,5.630000114440918,31.940000534057617,1462715.0,1526882.0,2174632.936507937,23913524.92705822,0.1081619094327819,1.2799998692103796,0.1032257990796691,2.403105133647572,1.132812466738476,5.384746731150084,0.6444771313725447,11.9399995803833,10.630000114440918,2560900.0,False,False,False,0.5917842977216978,1.6712428430142234,0.700960176051681,1.7510403530839302,-0.2206159813039071,0.7892562790276683,0.672626159313513,17.0,98.0,98.0,97.0,97.0,30.0,30.0,97.0,96.0,94.0,91.0,96.15384615384616,TSSI
2026-03-23,67.25,69.94999694824219,66.5,66.87999725341797,1163400.0,-0.0072335086982872,70.49609981877164,71.82329590880876,71.31279983520508,69.83733342488607,76.37939979553222,87.22239971160889,96.98654989242554,58.0099983215332,83.44999694824219,58.0099983215332,109.96499633789062,58.0099983215332,111.36000061035156,58.0099983215332,111.36000061035156,58.0099983215332,119.98999786376952,58.0099983215332,131.3300018310547,1692587.5,1598328.0,1121886.507936508,109247682.5062561,0.0641274017915296,4.270213535853794,0.063497599046153,-1.882385984962576,-0.1147478597160036,-2.7262355244855003,-4.69921002028658,68.8499984741211,65.75,1280900.0,False,True,False,0.0106702596138223,1.061120806659848,-0.3745931296992828,0.6438202859837033,-0.4176480945178098,0.5897284098466592,1.5086976160477994,82.0,76.0,76.0,10.0,10.0,17.0,17.0,76.0,65.0,56.0,50.0,34.61538461538461,TTAN
2026-03-23,101.41999816894533,104.83000183105467,93.61000061035156,94.30999755859376,2766100.0,0.107930928059911,96.56256923875944,97.15928718593378,99.42840026855468,98.4496671040853,97.33600021362304,82.94009983062745,64.96039995193482,85.87999725341797,113.45999908447266,65.19999694824219,113.45999908447266,55.43999862670898,113.45999908447266,53.36000061035156,113.45999908447266,39.20000076293945,113.45999908447266,15.770000457763672,113.45999908447266,2635405.0,2742788.0,2058194.8412698407,189442296.89971924,0.0718852366277285,7.372142246791294,0.0726892366386241,0.5772207196532787,1.3401799534888534,13.091284923875511,9.922778045533882,96.4000015258789,87.91000366210938,4345000.0,False,False,False,-0.0603168916688892,0.9865901251491666,0.5117007557752098,1.5562087004848495,0.9458940953066854,1.970542243877504,1.280444857384852,69.0,46.0,46.0,95.0,95.0,96.0,96.0,80.0,93.0,94.0,93.0,76.92307692307693,TTMI
2026-03-23,1.9600000381469729,2.009999990463257,1.75,2.0,1050000.0,-0.1009174412262676,2.639782440897883,2.460292934107111,2.1644400262832644,1.9192666888237,1.5257800102233887,1.5335900008678436,2.3917250019311904,0.6259999871253967,6.5,0.5699999928474426,6.5,0.5699999928474426,6.5,0.5699999928474426,6.5,0.5699999928474426,20.450000762939453,0.5699999928474426,20.450000762939453,7249140.0,5809506.0,1922139.6825396824,37408338.473842144,0.4365992833319658,1.29507144008364,0.6607507218765308,0.4307053673868258,-0.1698748206477483,1.823609006023108,-3.7756262460187697,2.470000028610229,1.6699999570846558,1863200.0,True,True,True,1.873900427554092,3.01735953040858,1.2897196541510143,2.3571342634102845,-0.7747126343543531,0.2281410237521982,3.7713908441980992,97.0,99.0,99.0,99.0,99.0,4.0,4.0,99.0,99.0,99.0,98.0,50.0,TURB
2026-03-23,127.08999633789062,129.16000366210938,125.27999877929688,125.97000122070312,1446000.0,0.0240109234782366,125.67323745318426,124.05096567519244,121.40279998779296,120.1553337097168,121.3552001953125,126.19510040283204,119.59555034637452,105.1500015258789,130.16000366210938,105.0,145.89999389648438,105.0,145.89999389648438,98.44000244140624,145.89999389648438,98.44000244140624,145.89999389648438,77.51200103759766,145.89999389648438,2578570.0,2509540.0,2709120.238095238,233206671.8549347,0.0406942082229626,4.523070744105747,0.0355895103819216,1.3278150295434958,0.6588434928687447,6.562068764400378,3.93301269321194,126.8499984741211,123.12000274658205,3580100.0,False,False,True,0.1232985418375256,1.179371257337594,-0.0850251841436018,0.941913777393112,0.1933332989473297,1.2084489501628308,0.9518108364998128,37.0,90.0,90.0,38.0,38.0,81.0,81.0,83.0,73.0,64.0,69.0,100.0,TWLO
2026-03-23,11.047595024108888,11.154287879519874,10.853606668808863,10.940901243692869,9716900.0,0.0634921028370885,9.82752854469155,9.8289575486808,9.789391250610352,9.942188835144044,10.902104263305665,10.22580943107605,9.697362327575684,8.516056259848115,11.435570081237012,8.516056259848115,13.7440228040493,8.516056259848115,13.7440228040493,8.516056259848115,13.7440228040493,8.516056259848115,13.7440228040493,8.516056259848115,13.7440228040493,3751525.0,3855334.0,2406503.9682539683,47660418.93585205,0.0595895325109525,0.5757275618539154,0.052113384007788,0.256080086935639,1.1456083396107568,12.346471059488458,7.271133912826808,10.562625875854865,10.329840036920402,9553000.0,False,True,False,0.0565862872862061,1.1093288664685463,0.0395921588898566,1.0702001414232234,0.2302003387652591,1.2457829754539111,1.5589107890488574,84.0,84.0,84.0,70.0,70.0,83.0,83.0,89.0,82.0,74.0,70.0,100.0,TWO
2026-03-23,8.9399995803833,9.270000457763672,8.25,8.470000267028809,15998500.0,0.0955882043574503,9.348389363062152,9.302004793649678,9.14879991531372,8.93999989827474,8.866799898147583,7.647799935340881,6.480299967527389,6.880000114440918,11.489999771118164,4.869999885559082,11.970000267028809,4.360000133514404,11.970000267028809,4.360000133514404,19.709999084472656,3.930000066757202,19.709999084472656,1.690000057220459,19.709999084472656,14448817.5,15213054.0,10021474.603174604,140725460.62085629,0.1218694762959711,1.2257143429347448,0.1371045190677953,0.0602130350486281,0.636363388800385,6.242380345335661,3.751469037358565,10.0,8.039999961853027,29706500.0,True,False,True,0.2097428608797562,1.2701306961166694,0.9910913220730376,2.0497136268751714,0.3775038360044542,1.394952328853372,1.4417855726963478,79.0,94.0,94.0,98.0,98.0,89.0,89.0,89.0,96.0,96.0,94.0,50.0,UAMY
2026-03-23,61.119998931884766,62.959999084472656,59.5099983215332,60.47999954223633,964500.0,0.059823146739707,58.64222172504772,57.49770256130015,58.75200012207032,57.92300008138021,52.0984001159668,39.167099990844726,31.9818000125885,48.2400016784668,73.80000305175781,25.290000915527344,73.80000305175781,21.489999771118164,73.80000305175781,21.489999771118164,73.80000305175781,21.489999771118164,73.80000305175781,16.65999984741211,73.80000305175781,1572990.0,1519536.0,715236.9047619047,120521695.91966628,0.090411357641581,4.704999923706055,0.0769797121388949,2.24948364980928,0.7332626607615206,19.35171189840025,16.148452243928652,63.75,57.36000061035156,1619900.0,True,True,False,0.0333051116684073,1.0848855432218647,1.4205940171043472,2.491861868407708,1.2072949712192875,2.2352542186014834,2.199257322332427,94.0,80.0,80.0,99.0,99.0,97.0,97.0,87.0,98.0,98.0,98.0,88.46153846153845,UCTT
2026-03-23,6.150000095367432,7.230000019073486,3.059999942779541,3.5799999237060547,163122800.0,1.8211008747883624,3.1446734240920087,2.999813522071054,2.6864000129699708,2.8390000184377038,3.6559000158309938,5.470200011730194,7.888100038766861,2.0199999809265137,7.230000019073486,2.0199999809265137,9.5,2.0199999809265137,12.5,2.0199999809265137,19.5,2.0199999809265137,19.75,2.0199999809265137,19.75,4215074.6,3376751.6,823991.746031746,50354289.7275579,0.1805181565564846,0.6671428680419922,0.1084785134466138,6.2889166846706965,5.950749410335216,0.5525827222100563,-7.632367106205827,2.369999885559082,2.150000095367432,82900.0,False,False,False,1.4117647883801323,2.532155045996511,-0.2991452578094247,0.7214895166297207,-0.5296366971256511,0.476321275921017,5.115433037162492,99.0,99.0,99.0,15.0,15.0,11.0,11.0,99.0,99.0,98.0,98.0,100.0,UGRO
2026-03-23,15.989999771118164,16.364999771118164,14.489999771118164,15.229999542236328,5762900.0,0.075319427987808,17.727946140633975,17.065960592443837,16.125600090026854,15.51733341217041,15.50060007095337,13.322300033569336,12.084650008678436,11.390000343322754,23.3799991607666,11.020000457763672,23.3799991607666,7.244999885559082,23.3799991607666,7.244999885559082,23.3799991607666,7.244999885559082,23.3799991607666,4.449999809265137,23.3799991607666,3939247.5,4258348.0,3496819.047619048,94258683.83687972,0.1283779133355302,2.499356951032366,0.1563075038654355,0.2019925537807148,0.4481152182350196,8.265096441399386,5.942010555300774,17.079999923706055,14.720000267028809,14658800.0,False,False,True,0.189732162972444,1.2491211059924412,0.8047404504206124,1.8578761572565727,0.220610634007035,1.2360718003298532,1.1265231189707108,56.0,93.0,93.0,98.0,98.0,82.0,82.0,93.0,89.0,96.0,95.0,61.53846153846154,UMAC
2026-03-23,95.41000366210938,96.94000244140624,91.83000183105467,91.83000183105467,1452800.0,0.0312365664062046,93.61902628200733,91.358180663318,92.99039947509766,92.0553326924642,77.81939956665039,66.2076997756958,57.269449920654296,74.08999633789062,102.19499969482422,49.0,102.19499969482422,48.084999084472656,102.19499969482422,46.70000076293945,102.19499969482422,43.52999877929688,102.19499969482422,27.149999618530277,102.19499969482422,1949862.5,1761022.0,1462312.3015873015,104869704.96730804,0.0514335774168968,4.893930162702288,0.0512936796442639,4.406857664007878,0.5905288639115336,13.461800169821808,11.332017985855712,96.37000274658205,91.5500030517578,1215300.0,False,False,True,-0.0035508755915469,1.046189782107383,0.9459515814305232,2.003244868519959,0.8956884599841075,1.9197006664646,1.3334104471961807,73.0,69.0,69.0,98.0,98.0,96.0,96.0,88.0,97.0,95.0,94.0,100.0,VAL
2026-03-23,13.210000038146973,13.470000267028809,11.869999885559082,12.119999885559082,1632100.0,0.1276141584367653,13.19627928460048,12.920158553486482,11.901400108337402,11.985833422342935,13.723800010681153,11.159849987030029,8.407039994001389,8.300000190734863,16.5,8.300000190734863,23.84000015258789,4.019999980926514,23.84000015258789,2.950000047683716,23.84000015258789,2.809999942779541,23.84000015258789,1.4249999523162842,23.84000015258789,2241067.5,2173354.0,878447.1031746032,23298322.282423973,0.1427053256278523,1.8453570093427385,0.1396939442856803,-0.2680045184378932,0.810141277807028,12.06866222338402,10.325404501127824,12.989999771118164,11.5600004196167,1722800.0,False,False,True,0.4596684817389287,1.532532081621356,0.1537118129432346,1.1876797403820245,3.1281249504070736,4.180414865537578,2.5511695489700505,95.0,98.0,98.0,83.0,83.0,99.0,99.0,96.0,93.0,98.0,99.0,76.92307692307693,VELO
2026-03-23,40.72999954223633,42.25,39.494998931884766,41.54999923706055,1483100.0,0.0049346353062713,40.30731806543147,40.704026333683984,40.80319961547852,41.179999669392906,43.0430997467041,40.91064977645874,32.65617491722107,37.5099983215332,45.375,37.5099983215332,56.04999923706055,27.190000534057617,56.04999923706055,23.049999237060547,56.04999923706055,21.149999618530277,56.04999923706055,18.530000686645508,56.04999923706055,1162932.5,1157936.0,1490246.0317460315,55523121.28715515,0.0564701263935041,2.478928974696568,0.0608624847178296,-0.8829604055370205,0.0806803119334768,6.180596055059615,3.538114795582284,42.209999084472656,40.13999938964844,3986300.0,False,False,True,-0.0246647227178111,1.0240219758607887,-0.1459425306121665,0.8792028842334294,0.5916373309641167,1.611798198659376,0.7803627556970991,23.0,61.0,61.0,30.0,30.0,93.0,93.0,58.0,46.0,86.0,91.0,76.92307692307693,VERA
2026-03-23,13.039999961853027,13.5,12.899999618530272,13.229999542236328,5051100.0,-0.0611951303426958,12.658401462576304,11.950214324254958,11.44685344696045,11.233802890777588,10.424125061035156,9.395309205055236,8.518923480510711,9.57950024218216,14.81999969482422,7.695333639070198,14.81999969482422,7.695333639070198,14.81999969482422,7.040833183978369,14.81999969482422,6.941666674480009,14.81999969482422,5.03173002004518,14.81999969482422,2569212.5,2368334.0,1502157.142857143,39534759.58742142,0.0489147080176253,0.664916580038352,0.0509905354281814,4.921390033912543,-1.2783564239302003,19.03339808163031,13.13224624939462,14.81999969482422,13.859999656677246,4864000.0,False,False,False,0.2405263265810111,1.30245080808789,0.6498846004060932,1.6984609951003615,0.7486142799722901,1.7707635349958628,1.7103486890281594,88.0,95.0,95.0,96.0,96.0,95.0,95.0,92.0,95.0,92.0,92.0,92.3076923076923,VET
2026-03-23,15.800000190734863,16.309999465942383,15.050000190734863,15.239999771118164,53224100.0,-0.0006325255291851,13.885134553660327,12.66061199988379,11.63472454071045,11.317705154418944,10.359911918640137,8.786344532966615,11.365197517871856,8.538251858695919,16.809999465942383,6.630875922082008,16.809999465942383,5.712140235130581,16.809999465942383,5.712140235130581,16.809999465942383,5.712140235130581,16.809999465942383,5.712140235130581,19.395523715930075,22039470.0,20464314.0,10664229.76190476,445037928.4242153,0.095227102090162,1.3328670550601085,0.0843586733525296,6.22472460997669,-0.0075027954542585,11.85757574351485,3.970117236570605,15.93000030517578,14.460000038146973,68126200.0,False,False,False,0.632790531737287,1.714296022528312,1.6108483322168183,2.6877177078334045,0.1974034902240782,1.2125706975235115,2.066672464122105,93.0,98.0,98.0,99.0,99.0,81.0,81.0,98.0,98.0,98.0,97.0,96.15384615384616,VG
2026-03-23,33.61000061035156,33.849998474121094,31.63999938964844,32.33000183105469,5260600.0,0.0690203574883301,31.794280761528032,30.619942101060225,30.25079986572265,29.696999931335448,26.288999977111818,21.91360001564026,16.523649988174437,25.549999237060547,35.61000061035156,16.979999542236328,35.61000061035156,15.510000228881836,35.61000061035156,12.229999542236328,35.61000061035156,10.449999809265137,35.61000061035156,8.100000381469727,35.61000061035156,6099375.0,5609800.0,3467609.126984127,205659374.92857933,0.0818210938084211,2.482142993382045,0.07385132247268,3.770839968291199,0.8742445870683746,22.980951913482357,20.76821724932797,34.59000015258789,30.56999969482422,10324800.0,True,False,False,0.2208499735583149,1.281792252646133,0.9316092728277026,1.988480289387826,1.7459151338922925,2.780696946708457,1.7589568998812708,89.0,94.0,94.0,98.0,98.0,98.0,98.0,90.0,97.0,96.0,97.0,92.3076923076923,VIAV
2026-03-23,8.84000015258789,9.244999885559082,8.795000076293945,9.119999885559082,2039500.0,-0.0285714525255704,9.26467526825817,9.100495634499216,9.06140001296997,8.7975000222524,8.078300018310546,7.027250003814697,6.154950006008148,7.010000228881836,10.9399995803833,5.550000190734863,10.9399995803833,5.320000171661377,10.9399995803833,4.815000057220459,10.9399995803833,4.25,10.9399995803833,4.15500020980835,10.9399995803833,4363225.0,3946512.0,1927719.047619048,63066014.86412525,0.0730631631088132,0.5650715146745954,0.0639221159412731,1.475070954189738,-0.4601191568319646,9.09485677113024,7.194378922739416,9.475000381469728,9.050000190734863,3933100.0,False,False,True,0.1693121983460941,1.227681819409934,0.4907251953605109,1.5346155713617775,0.7065637925750929,1.7281804047054363,2.2634133357706245,94.0,93.0,93.0,95.0,95.0,94.0,94.0,87.0,93.0,91.0,92.0,38.46153846153847,VIR
2026-03-23,8.641900062561035,8.895643270962418,8.554066734167069,8.69557676107156,3352600.0,-0.0005642560968279,8.652483422368318,8.702505913394553,8.732466773986816,8.83773759206136,8.909891738891602,8.847139129638672,7.443428089618683,7.992903533106121,9.715427751901643,7.992903533106121,9.734947542228555,7.87530305437783,10.027727127075195,7.165799493173859,10.027727127075195,7.165799493173859,10.027727127075195,1.4346237228760303,10.027727127075195,4384545.0,4372164.0,5483991.26984127,48541981.58038139,0.0423613819311685,0.3036550895419806,0.035137537734033,-0.8560074672465222,-0.016067564716579,6.163483559670288,3.417646989047591,8.700455753990857,8.507708472987805,6112300.0,False,True,True,-0.0664206501405155,0.9801816798115708,-0.0078431475597654,1.021368230527464,0.0765957259750047,1.090232691865668,0.7995171371100501,24.0,44.0,44.0,56.0,56.0,71.0,71.0,56.0,44.0,40.0,58.0,69.23076923076923,VISN
2026-03-23,67.8499984741211,71.69000244140625,67.76000213623047,69.20999908447266,3355400.0,-0.0584235252166003,67.10493178111345,63.95287466408708,61.485599975585934,60.41999994913737,57.70279991149902,53.13929996490479,47.57099994659424,52.81499862670898,74.46600341796875,43.709999084472656,74.46600341796875,43.709999084472656,74.46600341796875,33.45000076293945,74.46600341796875,31.6299991607666,74.46600341796875,31.6299991607666,74.46600341796875,1869377.5,1656690.0,1222072.619047619,140236824.2334938,0.0433516602874983,3.052213668823242,0.0449847271549666,3.909166615327574,-1.379326463109573,13.637352000524457,12.735441326818018,73.88999938964844,70.9800033569336,2384400.0,False,False,True,0.1496102668226242,1.2069964086421037,0.4648099939798278,1.5079373668895206,1.0133530248680902,2.038855658645616,1.5296779183685796,83.0,91.0,91.0,95.0,95.0,97.0,97.0,88.0,93.0,88.0,94.0,88.46153846153845,VIST
2026-03-23,32.54999923706055,33.59000015258789,32.31999969482422,32.34000015258789,2281900.0,0.0068047446194245,33.7379503679856,33.44731332193665,33.2715998840332,32.59599984486898,32.04219993591309,34.1118999671936,32.019674940109255,27.165000915527344,37.5,25.770000457763672,37.83000183105469,25.770000457763672,43.150001525878906,25.040000915527344,43.150001525878906,22.958999633789062,43.150001525878906,18.920000076293945,43.150001525878906,2825242.5,2982170.0,4240744.047619048,80340357.79439926,0.0522243408048246,1.832071304321289,0.0562848340173029,0.2815648148381273,0.1200812465579006,1.4192511275358068,0.2640420310012649,34.380001068115234,31.489999771118164,3523600.0,True,True,True,0.0489848055681547,1.1013479346703248,-0.0412371574202489,0.9869910242646336,0.2814960522012792,1.297728438724142,0.6662138691407757,17.0,83.0,83.0,47.0,47.0,85.0,85.0,81.0,78.0,71.0,70.0,57.692307692307686,VKTX
2026-03-23,27.950000762939453,28.43000030517578,24.93000030517578,25.520000457763672,1899500.0,0.0952194459869819,27.33569194512547,27.535975066907373,27.50879997253418,27.399666659037276,29.23020000457764,27.12349998474121,31.52096934221229,23.899999618530277,30.100000381469727,23.899999618530277,38.84000015258789,17.40999984741211,38.84000015258789,17.40999984741211,39.18999862670898,17.40999984741211,39.18999862670898,17.40999984741211,73.94999694824219,1451357.5,1550334.0,1521315.306122449,41931833.3061409,0.0924107949431873,2.460714612688337,0.0880398764049818,-0.4974693799991126,0.9875181350351716,3.891088220649153,0.6744537897955617,28.43000030517578,25.01000022888184,7014500.0,False,False,True,0.0197008726207026,1.070602208993934,0.1660409496702641,1.200371875231313,-0.035208787524715,0.9770119788583408,0.954014919957153,37.0,78.0,78.0,84.0,84.0,51.0,51.0,78.0,67.0,90.0,87.0,96.15384615384616,VOYG
2026-03-23,23.71999931335449,24.450000762939453,23.31999969482422,23.63999938964844,1428300.0,0.0,24.01549954020768,24.297644505331775,23.839999923706056,24.1556666692098,27.10610000610352,30.4967498588562,43.0607249546051,20.61000061035156,28.26000022888184,20.059999465942383,36.52000045776367,20.059999465942383,36.52000045776367,20.059999465942383,63.900001525878906,20.059999465942383,63.900001525878906,20.059999465942383,63.900001525878906,3724120.0,3342986.0,2086889.6825396824,53654110.82321167,0.0548939123007286,1.168928555079869,0.0492802946424098,-2.5348924422013024,0.0,-8.535702797614196,-10.679183274277548,24.059999465942383,23.0,5763700.0,False,True,True,0.0012663055559558,1.0512474268697982,-0.2870454166820022,0.733945604889942,-0.5914571348207673,0.4137177743702174,1.7845313200589774,89.0,72.0,72.0,16.0,16.0,9.0,9.0,75.0,69.0,60.0,55.0,53.84615384615385,VRNS
2026-03-23,256.0,271.8800048828125,255.1199951171875,258.9949951171875,8888100.0,0.0004689507382276,260.71627083572946,254.70296099068244,255.92240234375,250.63210906982425,222.9309979248047,198.3057244873047,168.16105419158936,195.7884084666678,276.714128347213,158.73222871876172,276.714128347213,147.78484097031065,276.714128347213,143.91204237666918,276.714128347213,118.59406259255351,276.714128347213,53.53382357972564,276.714128347213,9103350.0,8185966.0,7954281.349206349,3029233241.861649,0.0532617146289351,14.206606813682756,0.0554945578659482,2.673007846659832,0.0084464305066801,8.752466980844083,7.53413036137855,272.8399963378906,255.50999450683597,87826600.0,False,False,True,0.0505063711135693,1.1029454535876748,0.6585332001409692,1.707364229489183,0.7838194339080389,1.806414623716428,1.1444591409767395,58.0,83.0,83.0,97.0,97.0,95.0,95.0,89.0,94.0,92.0,91.0,61.53846153846154,VRT
2026-03-23,49.15999984741211,49.79999923706055,46.06999969482422,46.369998931884766,1672200.0,0.0597111552965825,48.12043489234853,47.26039860550917,46.90839981079102,46.82666651407877,45.31959976196289,40.58019994735718,32.3142999792099,41.66999816894531,52.70000076293945,33.720001220703125,52.70000076293945,29.1299991607666,52.70000076293945,26.100000381469727,52.70000076293945,25.5,52.70000076293945,7.360000133514404,52.70000076293945,1744612.5,1752456.0,2809726.587301587,76220742.94153214,0.0745263345988584,3.4907147543770924,0.0710072165421467,1.1934051732924855,0.7935338899548583,7.992132747846453,5.707401482671473,52.400001525878906,46.060001373291016,4677100.0,True,False,True,0.0572042977938087,1.1099777267690385,0.5182210693569196,1.5629209870845495,0.6602498761930431,1.6812798416530286,0.6209189562730713,15.0,84.0,84.0,95.0,95.0,94.0,94.0,79.0,90.0,92.0,93.0,92.3076923076923,VSAT
2026-03-23,36.22925567626953,36.95186440210274,35.16019759168674,35.26908394149876,2489600.0,0.0102125553023628,36.042164308550085,35.15088003533533,34.00283912658691,33.02372538248698,32.63493724822998,35.426647954912326,0.0,26.89477864813569,38.25848987007413,26.89477864813569,47.60286554628382,26.89477864813569,58.40235185897336,26.89477864813569,58.40235185897336,0.0,0.0,0.0,0.0,3100555.0,3653988.0,0.0,115341795.38505554,0.0423712302550709,1.4362314190602514,0.0396428629915517,2.7782335787025008,0.2550096692701283,1.6033243236637515,-2.7321395250065543,35.92239635822447,34.63061523319092,6009200.0,False,False,True,0.2187812241656723,1.2796202356075226,-0.2212765814392844,0.8016508258038432,0.0,0.0,0.0,0.0,94.0,94.0,22.0,22.0,0.0,0.0,91.0,85.0,78.0,74.0,76.92307692307693,VSNT
2026-03-23,7.71999979019165,7.829999923706055,7.295000076293945,7.420000076293945,1405500.0,0.0648275572678138,7.535338322149219,7.5659004908963485,7.660000038146973,7.73066668510437,7.312000017166138,6.775200009346008,6.011450009346008,7.03000020980835,9.800000190734863,6.03000020980835,9.800000190734863,5.0,9.800000190734863,4.385000228881836,9.800000190734863,3.9800000190734863,9.800000190734863,3.9800000190734863,10.520000457763672,2115622.5,1978304.0,2466437.301587302,13202953.235304356,0.0531653549946213,0.4364285809653146,0.0565322011432956,0.9870242939225724,1.076922572651134,12.068226617558537,10.423259896345485,7.449999809265137,7.03000020980835,5586300.0,False,False,True,-0.0325814822381445,1.01571002825133,0.120464432480376,1.1534534806232946,0.8602408705506641,1.8838040713771795,0.8577645572577373,29.0,58.0,58.0,80.0,80.0,96.0,96.0,63.0,80.0,88.0,90.0,88.46153846153845,VSTS
2026-03-23,24.6200008392334,25.170000076293945,24.059999465942383,24.309999465942383,1562000.0,0.0228500686074974,24.717459412415486,25.01955408086661,25.19159996032715,24.821333249409992,26.24879989624024,30.411700038909917,33.9835000705719,21.1299991607666,27.90999984741211,21.1299991607666,34.650001525878906,21.1299991607666,37.5099983215332,21.1299991607666,40.34999847412109,21.1299991607666,41.470001220703125,21.1299991607666,42.54999923706055,2912830.0,2798040.0,2256624.603174603,59194401.249485016,0.0465642798299661,1.0979998452322823,0.0445978800895309,-1.3913738654031722,0.5009118596850318,-8.810882520561648,-10.497577807203594,25.1200008392334,24.020000457763672,4683100.0,False,False,True,-0.0179496952959167,1.0310722034170905,-0.2443216864473578,0.7779272199379719,-0.3486772133292791,0.6595729277509266,1.2907906773249975,70.0,64.0,64.0,19.0,19.0,21.0,21.0,77.0,66.0,57.0,52.0,65.38461538461539,WAY
2026-03-23,294.7900085449219,316.92999267578125,283.1600036621094,298.6099853515625,8990500.0,0.0057659583971805,290.5981665569821,282.34413880067723,279.1889489746094,278.90099080403644,265.3788714599609,216.04064849853515,150.81818422317505,238.0,319.6199951171875,171.1780649684507,319.6199951171875,132.26029506000813,319.6199951171875,112.37581217962334,319.6199951171875,72.9613449343282,319.6199951171875,28.706089689761846,319.6199951171875,10531065.0,9976346.0,8581272.222222222,2601898306.691284,0.0691851800492742,20.88495823184338,0.0708468999167616,1.5643164819804525,0.0809195988158356,17.64164635303502,14.773041921401864,312.989990234375,291.17999267578125,12877100.0,False,True,True,0.0329613301391025,1.0845246008371248,0.6852243481489131,1.7348412262408257,1.7681540233740547,2.8032175305811515,1.227214884609832,65.0,80.0,80.0,97.0,97.0,98.0,98.0,85.0,95.0,97.0,97.0,84.61538461538461,WDC
2026-03-23,89.45999908447266,90.72000122070312,88.08999633789062,88.61000061035156,2308300.0,0.011647617050122,88.17796460292837,85.33447533845386,80.24639938354493,79.00099932352701,81.34899925231933,96.55519954681397,123.01090005874634,60.220001220703125,94.83000183105467,60.220001220703125,106.43000030517578,60.220001220703125,136.80099487304688,60.220001220703125,180.9900054931641,60.220001220703125,190.92999267578125,60.220001220703125,191.2400054931641,2634275.0,2510052.0,1555844.0476190476,255191588.282547,0.0570462185271205,4.560714721679688,0.0509804914861806,1.9557717095165503,0.2258415275133744,-6.033573645349469,-10.574147020818344,89.95999908447266,87.69999694824219,2519800.0,False,True,True,0.337219686756911,1.4039708987133992,-0.1413763606082777,0.883903492777017,-0.5087719496687457,0.4974503118592178,1.693148490063195,87.0,97.0,97.0,30.0,30.0,12.0,12.0,95.0,91.0,86.0,83.0,88.46153846153845,WIX
2026-03-23,108.5,111.47000122070312,107.0,107.79000091552734,1549800.0,0.0224274141709313,108.87687155267406,106.24784394081274,104.7095571899414,103.66844584147135,96.61143539428711,82.48238708496093,81.08549293518067,91.30459325133472,116.45999908447266,72.32923704103759,116.45999908447266,55.56038313569975,116.45999908447266,55.56038313569975,116.45999908447266,55.56038313569975,116.45999908447266,55.56038313569975,116.45999908447266,1424075.0,1433250.0,1305885.7142857143,151927844.74700928,0.0538928492853612,5.295713697160993,0.0488084211719907,2.521193205167481,0.4494195474906194,10.866924000234498,7.529661918915524,112.41000366210938,105.4800033569336,1522200.0,True,True,True,0.155097212525102,1.2127572512062617,0.4581597015375296,1.501091274552836,0.324219718252154,1.340993274652068,1.0905050759200106,52.0,92.0,92.0,94.0,94.0,87.0,87.0,80.0,91.0,95.0,93.0,76.92307692307693,WLK
2026-03-23,7.949999809265137,8.4399995803833,7.679999828338623,8.25,3517100.0,-0.0209359702820045,8.082480299944939,8.250605795251014,8.338399982452392,8.275666650136312,8.749599990844727,9.8920895590711,0.0,7.199999809265137,9.479999542236328,7.199999809265137,14.119999885559082,7.199999809265137,14.75,7.199999809265137,14.75,0.0,0.0,0.0,0.0,1520530.0,1682028.0,0.0,14729212.234125135,0.0664769879904256,0.5627857616969517,0.070790663547069,-1.2909478609935696,-0.3020689005730155,-3.855448153501058,-6.764098988228876,8.170000076293945,7.71999979019165,8475300.0,False,False,True,-0.0647059047923368,0.9819820216636904,-0.3949771992734366,0.6228360625509912,0.0,0.0,0.0,0.0,45.0,45.0,8.0,8.0,0.0,0.0,64.0,53.0,43.0,38.0,38.46153846153847,WLTH
2026-03-23,2.890000104904175,3.0,2.880000114440918,2.9549999237060547,2379600.0,-0.0102739625362772,2.993812020878973,2.873474558434549,2.724000015258789,2.6866666793823244,2.748000011444092,2.8932000041007995,3.0987250030040743,2.240000009536743,3.7799999713897705,2.240000009536743,3.7799999713897705,2.240000009536743,3.7799999713897705,2.240000009536743,3.9600000381469727,2.240000009536743,4.190000057220459,2.240000009536743,4.505000114440918,2956102.5,2794132.0,3579407.936507937,13247199.203933476,0.0700486930369028,0.262785758290972,0.0909293248277184,0.5682872778388367,-0.1141613289276991,-2.360375613731974,-5.361562097860542,3.1700000762939453,2.914999961853028,5942200.0,False,False,True,0.1289063162112158,1.185258960087698,-0.0524589671847698,0.9754388186286854,-0.1789772384761531,0.8314224492842818,0.825863537332369,26.0,90.0,90.0,45.0,45.0,34.0,34.0,88.0,81.0,74.0,69.0,73.07692307692307,WOOF
2026-03-23,24.18000030517578,24.540000915527344,23.07999992370605,23.3799991607666,2519200.0,0.0656676833868592,24.04290421640892,24.29215573900816,24.280000076293945,23.98200003306071,25.106400108337404,23.34470003128052,23.81940001487732,20.88999938964844,28.07999992370605,20.88999938964844,30.0,16.260000228881836,31.0,14.960000038146973,31.0,14.960000038146973,31.0,13.630000114440918,31.0,3278247.5,3275620.0,2811629.761904762,90680596.71582222,0.0748372811026776,1.6646428789411272,0.0688437906506066,-0.535980800686611,0.8950867420079598,6.133418049620323,0.9980209014770776,24.225000381469727,22.31999969482422,3301400.0,False,False,True,0.0198229118031016,1.070730340117255,-0.0953984018230628,0.9312351483435932,-0.1509831217055876,0.8597711604548889,1.1659598800729452,60.0,78.0,78.0,37.0,37.0,36.0,36.0,76.0,65.0,86.0,87.0,61.53846153846154,WRBY
2026-03-23,6.920000076293945,7.260000228881836,6.005000114440918,6.849999904632568,25258300.0,0.0897638079089639,6.566442221226151,6.746447876166936,6.810000038146972,6.963333400090535,7.575800037384033,8.181450028419494,8.845100018978119,6.005000114440918,8.279999732971191,6.005000114440918,10.015000343322754,6.005000114440918,10.015000343322754,6.005000114440918,12.404999732971191,6.005000114440918,12.550000190734863,6.005000114440918,16.860000610351562,4642367.5,4522796.0,7717331.746031746,36427645.880737305,0.0505476756094283,0.3557142870766775,0.0514037981437686,-1.6840216637298993,1.6024101149991428,-2.8162338281748465,-5.866621977962064,6.440000057220459,6.090000152587891,25141100.0,False,False,True,-0.0239774432489813,1.0247435628842796,-0.1915888157627204,0.83221266753563,-0.399826518945572,0.6077757268112627,0.601550853685551,14.0,61.0,61.0,24.0,24.0,18.0,18.0,75.0,64.0,54.0,49.0,73.07692307692307,WRD
2026-03-23,2.859999895095825,2.990000009536743,2.7300000190734863,2.950000047683716,10161400.0,-0.0774193602967834,3.0104135723525083,2.9069948961814376,2.846479978561401,2.77704553604126,2.461965982913971,2.1246464645862577,1.9851489692926407,2.102966515746904,4.02653339818072,1.4950000047683716,4.02653339818072,1.4950000047683716,4.02653339818072,1.4950000047683716,4.02653339818072,1.4950000047683716,4.02653339818072,1.0670445087886224,4.02653339818072,6737565.0,5777574.0,2558103.571428572,31441832.45418787,0.1197381468881064,0.4209571419301538,0.1471878172625071,1.09841425968211,-0.5701293210902798,8.473270251619846,5.378141445908862,3.299999952316284,2.9800000190734863,10571500.0,False,False,True,0.0747434274521181,1.128392373122883,0.6683518179822396,1.7174719300065948,0.6389266546135142,1.659686524216398,2.633812436389122,96.0,86.0,86.0,97.0,97.0,94.0,94.0,91.0,97.0,95.0,93.0,57.692307692307686,WTI
2026-03-23,14.370582580566406,14.609594116063986,14.241117761401696,14.360623529150486,1304600.0,0.0013879804850713,14.222936759779866,13.9190974007647,13.853121643066409,13.66350564956665,12.914127311706544,11.785935173034668,10.52263807296753,12.129847527615029,15.386381344421263,10.317011618008738,15.386381344421263,9.193229003802944,15.386381344421263,9.193229003802944,15.386381344421263,7.734232776102772,15.386381344421263,7.029811340175701,15.386381344421263,1642427.5,1457304.0,1205298.8095238097,23168177.222824097,0.0419366356243018,0.5434671966937125,0.037818035117703,2.9821750105375595,0.036650678998914,9.220001742078791,6.353972528792122,14.659388077163964,14.101693557760749,1926500.0,True,True,True,0.1335428808022742,1.1901269722926622,0.3836068734795141,1.4243434398862198,0.4633531643408561,1.481889088928554,1.3626724651365845,75.0,90.0,90.0,93.0,93.0,91.0,91.0,80.0,87.0,89.0,86.0,92.3076923076923,WTTR
2026-03-23,16.190000534057617,17.079999923706055,15.65999984741211,15.6899995803833,39044700.0,0.0721854387451212,15.506478646147224,15.411387340809362,15.59800006866455,15.714333375295004,14.965600051879882,14.200200033187866,11.149950025081637,13.020000457763672,18.51000022888184,11.130000114440918,18.51000022888184,10.470000267028809,18.51000022888184,10.470000267028809,18.51000022888184,8.600000381469727,18.51000022888184,2.059999942779541,18.51000022888184,34670235.0,32385622.0,40841478.17460317,487592870.9895611,0.0846017469602133,1.3378570420401437,0.0826347744230026,0.9900713909032162,0.8147358935493678,5.980888862954614,2.779985714768777,15.760000228881836,14.489999771118164,30799100.0,False,False,False,0.0786142762946302,1.1324564466494893,0.3731976748465608,1.41362777052124,0.4744991993651899,1.493176307960752,0.848897653796461,28.0,86.0,86.0,92.0,92.0,91.0,91.0,85.0,90.0,88.0,85.0,88.46153846153845,WULF
2026-03-23,54.41999816894531,56.65999984741211,54.290000915527344,55.7400016784668,1557900.0,-0.0094648793367619,54.21693253270637,51.68547048536821,49.12379974365234,47.96716639200847,45.34689994812012,43.90304988861084,39.813974895477294,40.7400016784668,63.95000076293945,39.290000915527344,63.95000076293945,37.720001220703125,63.95000076293945,37.22999954223633,63.95000076293945,35.599998474121094,63.95000076293945,26.739999771118164,63.95000076293945,1541240.0,1454256.0,1060726.984126984,129488465.44317244,0.0516892843060101,3.778785978044783,0.0694374514000101,2.8814708955127792,-0.1376104549939952,8.29090115865847,4.686808553951782,55.959999084472656,54.5099983215332,1846500.0,False,False,True,0.2886573232026006,1.352984403466425,0.258847993180666,1.2959113714083197,0.4728010025788178,1.491456600545002,1.4530034806915892,80.0,96.0,96.0,89.0,89.0,91.0,91.0,91.0,87.0,84.0,81.0,69.23076923076923,XENE
2026-03-23,17.809999465942383,17.959999084472656,16.540000915527344,16.540000915527344,1470800.0,0.0696696621014401,16.881395316800905,16.819987609358158,17.02279987335205,16.930999914805096,16.49119993209839,15.15419997215271,13.035,15.279999732971191,18.729999542236328,13.1899995803833,18.729999542236328,12.4399995803833,18.729999542236328,11.600000381469728,18.729999542236328,10.6899995803833,18.729999542236328,6.699999809265137,18.729999542236328,1171312.5,1181706.0,1217435.3174603174,20768708.06508541,0.0491652403027349,0.7885711533682687,0.0442768768677525,1.806132253958071,1.4710148126232316,9.440418253546548,6.297706143430126,16.90999984741211,16.389999389648438,2755100.0,False,False,False,0.0011241455528865,1.051098170536492,0.4225238669938207,1.4644062391355457,0.4841666221618652,1.5029661855580068,0.9621147696318406,38.0,72.0,72.0,94.0,94.0,91.0,91.0,77.0,85.0,83.0,85.0,100.0,XPRO
2026-03-23,6.960000038146973,7.449999809265137,6.679999828338623,7.0,2356300.0,-0.0279329348501905,6.967720128993149,6.861648526342085,6.582799968719482,6.517999982833862,7.1885999488830565,10.16249997138977,18.334025015830992,5.610000133514404,7.449999809265137,5.610000133514404,10.005000114440918,5.610000133514404,17.690000534057617,5.610000133514404,25.62700080871582,5.610000133514404,26.96999931335449,5.610000133514404,59.75,1594725.0,1540340.0,1544717.0634920634,15420715.756764412,0.0657784489181401,0.4730714729854038,0.0679700388495046,-0.4678581754845818,-0.4227686949775293,-7.007233462802553,-10.836050142225504,7.269999980926514,6.894000053405762,22579500.0,False,True,True,0.1317073057266591,1.1881997691456478,-0.3452492979099999,0.6740280676240774,-0.6884512090148434,0.3154951007590453,1.03237352502269,45.0,90.0,90.0,11.0,11.0,6.0,6.0,85.0,76.0,68.0,63.0,80.76923076923077,XXI
2026-03-23,61.16999816894531,62.209999084472656,60.150001525878906,60.959999084472656,6577000.0,0.0303183302921343,60.39453487955058,60.26905775278497,59.24839965820313,58.2663330078125,60.22740005493164,63.05280017852783,68.29209995269775,48.209999084472656,67.73999786376953,48.209999084472656,72.22000122070312,48.209999084472656,72.22000122070312,48.209999084472656,81.69999694824219,48.209999084472656,82.25,44.27000045776367,82.5,9841810.0,9167220.0,8917709.126984127,682465931.651268,0.0495548332512798,2.8105713980538503,0.0459468936110041,0.3406248246462962,0.640438893780438,-2.199823005279565,-5.101229223893542,60.43000030517578,58.09000015258789,10018000.0,False,True,True,0.1493798715876308,1.2067545125585084,-0.0500077846129127,0.977962169649202,-0.2058938187938048,0.8041649234484295,1.1036253660953834,53.0,91.0,91.0,45.0,45.0,32.0,32.0,87.0,79.0,71.0,67.0,73.07692307692307,XYZ
2026-03-23,53.459999084472656,53.5,49.20000076293945,49.20000076293945,2891600.0,0.1109725742127885,48.12459783284208,45.58316798877864,43.8556413269043,41.956099065144855,38.65164089202881,36.7781609916687,33.96633420944214,31.52947308706973,53.5,30.745453759643013,53.5,30.745453759643013,53.5,29.108561573550727,53.5,29.108561573550727,53.5,22.559372773626844,53.5,1801530.0,1709022.0,1714431.746031746,104489308.68516922,0.0602583467205879,2.208976296942326,0.0413201708711573,9.272073510460944,2.4174094398294543,14.502408474585252,7.254161712872637,48.63999938964844,47.16299819946289,2263900.0,False,False,False,0.5718652828993835,1.6503295126029771,0.404270643855189,1.4456155991549078,0.4244934659722732,1.4425371645847156,1.0508029871529465,47.0,98.0,98.0,93.0,93.0,90.0,90.0,97.0,95.0,93.0,92.0,100.0,YOU
2026-03-23,41.209999084472656,42.41999816894531,41.0,41.0,3458300.0,-0.0169370018006973,39.53926192645308,38.56043730021637,37.72039947509766,37.80266621907552,37.36079978942871,36.72289985656738,33.58284994125366,33.41999816894531,43.400001525878906,32.7400016784668,43.400001525878906,32.7400016784668,43.400001525878906,23.020000457763672,43.400001525878906,22.81999969482422,43.400001525878906,22.81999969482422,43.400001525878906,2018322.5,1887558.0,2130375.396825397,99421228.45226288,0.0464863723344035,1.83857182094029,0.0446147018147602,2.309278106668841,-0.3861688058014212,8.022163040776324,6.0595037925032775,43.400001525878906,41.02999877929688,5984200.0,False,True,False,0.0701116821765666,1.1235294208035835,0.1572591513096806,1.1913315205431023,0.7264347564135294,1.7483030690193082,0.9474022761470238,36.0,85.0,85.0,83.0,83.0,95.0,95.0,85.0,78.0,70.0,91.0,92.3076923076923,YPF
2026-03-23,44.81999969482422,45.619998931884766,44.06499862670898,44.56999969482422,2753900.0,0.0197951971964103,44.627501762893786,45.617739322906765,44.67160034179688,45.2903335571289,53.08330009460449,62.17994998931885,70.2079501914978,41.1349983215332,56.25,41.1349983215332,72.52999877929688,41.1349983215332,77.06999969482422,41.1349983215332,81.55999755859375,41.1349983215332,93.87999725341795,41.1349983215332,93.87999725341795,5160962.5,4731962.0,3090884.9206349207,204654088.30553052,0.050638668906906,2.301428658621652,0.0513482524384626,-3.0315864634263776,0.3780255923317721,-7.019821619504185,-9.759378363061249,45.540000915527344,43.63999938964844,5941300.0,False,True,True,-0.0140782974601298,1.035136853341568,-0.3360983813275462,0.683448408222983,-0.4832833663978553,0.5232617525707244,1.6697362187589468,87.0,65.0,65.0,12.0,12.0,13.0,13.0,60.0,48.0,38.0,34.0,84.61538461538461,Z
2026-03-23,43.34000015258789,43.5,41.59999847412109,41.83000183105469,764300.0,0.0255561257441976,41.376963037519474,39.31806336933706,36.53519989013672,35.6849999109904,36.32079998016357,35.04350017547608,35.01670006752014,22.450000762939453,50.54999923706055,22.450000762939453,50.54999923706055,22.450000762939453,50.54999923706055,22.450000762939453,50.54999923706055,22.450000762939453,50.54999923706055,22.450000762939453,50.54999923706055,1285590.0,1155804.0,706676.1904761905,76866745.5623436,0.0685343613888354,2.0742860521589006,0.0478607763003213,4.037871404381921,0.5206619549558413,4.234649809746829,-0.9900411830564668,42.720001220703125,41.52000045776367,2977400.0,False,False,False,0.3806945203981187,1.449615905187012,0.2042233434659348,1.2396784464578985,0.1315927158204861,1.1459263146779324,1.819206614466112,90.0,97.0,97.0,86.0,86.0,76.0,76.0,98.0,97.0,95.0,93.0,100.0,ZD
2026-03-23,17.65999984741211,17.764999389648438,17.0,17.110000610351562,5587400.0,0.0418878497058856,17.634429814322665,17.71234152378073,17.456799964904786,17.233666610717773,18.46619998931885,18.68469997406006,18.091550006866456,14.529999732971191,19.38999938964844,14.529999732971191,24.899999618530277,14.529999732971191,24.899999618530277,14.529999732971191,24.899999618530277,14.529999732971191,24.899999618530277,10.6899995803833,24.899999618530277,8441010.0,8678082.0,7624940.476190476,144432613.48478317,0.0578097280750016,0.8048569815499442,0.0455751409119002,-0.9579378104367052,0.8821431642493596,4.284520696413175,0.6470519219147619,17.40999984741211,16.790000915527344,8029200.0,False,False,True,0.082771332046253,1.1368210139359332,-0.0117515938421354,1.0173447106034543,-0.1782224273847339,0.832186821376975,1.107026346809889,54.0,87.0,87.0,54.0,54.0,34.0,34.0,83.0,74.0,65.0,60.0,65.38461538461539,ZETA
2026-03-23,44.709999084472656,45.220001220703125,43.79999923706055,44.11000061035156,945100.0,0.0271077495581506,44.30961581955816,45.35426343681014,44.55519989013672,45.14466641743978,52.69739990234375,61.16489974975586,68.35519996643066,40.68999862670898,55.84999847412109,40.68999862670898,71.12999725341797,40.68999862670898,74.80000305175781,40.68999862670898,78.73999786376953,40.68999862670898,90.22000122070312,40.68999862670898,90.22000122070312,1353617.5,1224212.0,736958.3333333334,55115509.2206192,0.0478072911648623,2.159285681588309,0.0482953640305085,-3.1384184402479347,0.5464771592000771,-6.87689650654624,-9.464946995696796,44.68000030517578,43.16999816894531,1629000.0,False,False,True,-0.0156318607022335,1.0335057394693858,-0.3285778413681628,0.6911903701638136,-0.4657665458215825,0.5410004542848729,1.8367625939955896,90.0,64.0,64.0,13.0,13.0,14.0,14.0,63.0,51.0,41.0,36.0,84.61538461538461,ZG
2026-03-23,9.420000076293944,9.5,9.020000457763672,9.25,871400.0,0.020585107636049,9.556749878188976,9.440631625080847,9.295,9.164499950408937,9.056099987030027,8.978450021743775,9.485350000858308,8.25,11.399999618530272,8.079999923706055,11.399999618530272,8.010000228881836,11.399999618530272,8.010000228881836,12.029999732971191,7.159999847412109,12.029999732971191,6.190000057220459,13.15999984741211,1161890.0,1170996.0,1215505.5555555555,15282177.793345451,0.0527881498646274,0.6737141609191895,0.0715195494121741,0.561844564404912,0.2820195048273705,2.8842110422244,0.2132073347027346,9.470000267028809,9.199999809265137,833900.0,False,False,True,0.0704545309228348,1.123889383842707,0.1629629176121974,1.197203218834976,0.2281616665700974,1.2437184799134426,0.9558903245563116,37.0,85.0,85.0,83.0,83.0,83.0,83.0,73.0,67.0,59.0,54.0,73.07692307692307,ZVRA
