date,close,high,low,open,volume,price_chg_pct0,ema10,ema20,sma25,sma30,sma50,sma100,sma200,min30,max30,min60,max60,min90,max90,min120,max120,min150,max150,min252,max252,vol_sma40,vol_sma50,vol_sma252,avg_dollar_vol,price_up_down,highest_volume,days_since_highest_volume,days_since_vol_max,up_dollar_vol_max,days_since_up_vol_max,adr_pct,atr14,atr_pct,atr_multi_50sma,vars_norm_change,vars,vars_20ema,previous_session_high,previous_session_low,previous_session_volume,inside_day,tight_day,close_to_ma,range_pct,range10_pct,range20_pct,range_contraction_10_20,vol_dry_10_50,dist_sma50_pct,close_vs_252h,nr7,nr20,perf_1mo,rela_perf_1mo,perf_3mo,rela_perf_3mo,perf_6mo,rela_perf_6mo,perf_12mo,rela_perf_12mo,vol_ratio,vol_ratio_rank,perf_1mo_rank,rela_perf_1mo_rank,perf_3mo_rank,rela_perf_3mo_rank,perf_6mo_rank,rela_perf_6mo_rank,c0_c30_rank,c0_c60_rank,c0_c90_rank,c0_c120_rank,rs_sts_pct,ticker
2025-12-30,36.02000045776367,37.72999954223633,35.86000061035156,36.61000061035156,2312500.0,-0.0198639331220769,35.4483446740548,32.99213774601922,30.69619987487793,29.028833198547364,29.62389995574951,28.08015001296997,23.660750045776368,18.5,41.959999084472656,18.5,41.959999084472656,18.5,41.959999084472656,18.5,41.959999084472656,15.0600004196167,41.959999084472656,9.711000442504885,41.959999084472656,5424830.0,5329408.0,4930772.321428572,171617033.22242737,-1,False,201,201,433973148.3535767,19,0.099369623796925,3.789643015180315,0.1052094105224672,2.0521942173927235,-0.1926301604958941,-0.978495922992198,-3.1884958942628963,39.220001220703125,36.25,3743700.0,False,True,True,0.0519155721299195,0.4208772808092665,0.4755690989191656,0.8849971155943518,0.9100035125852628,0.2159101438895043,0.8584366359315034,False,False,0.3450335897760417,1.3358374398441455,0.3891245674445236,1.347270938125804,0.4209072945061363,1.277043285629533,0.0,0.0,1.1001988423647773,64.0,98.0,98.0,94.0,94.0,86.0,86.0,98.0,96.0,94.0,91.0,76.92307692307693,AAOI
2025-12-30,138.33999633789062,140.47000122070312,134.02099609375,140.0,1436600.0,-0.0146723479212724,133.3822649339584,127.29573925177506,124.44899993896485,123.12150014241536,113.59300003051756,98.01550003051756,56.25433499336243,107.05500030517578,148.8300018310547,85.0,148.8300018310547,75.05000305175781,148.8300018310547,8.050000190734863,148.8300018310547,5.630000114440918,148.8300018310547,4.769999980926514,148.8300018310547,1593902.5,1476078.0,965823.2142857144,235625930.12348172,-1,False,160,160,1909268297.5318909,160,0.0592320734896021,9.567071097237724,0.0691562191014555,3.150211280985254,-0.2153216525367442,6.727841469835328,9.735218271642283,147.0,139.86500549316406,982700.0,False,False,False,0.0466170687991176,0.2913474148628154,0.301973417896043,0.9648114621900736,1.1542208474077928,0.2178567015636932,0.9295168624329396,False,False,0.1082271433843315,1.100650066464746,0.6294463351184079,1.5803519309857017,17.060052100996852,16.231508109551736,0.0,0.0,1.650304606913791,90.0,88.0,88.0,96.0,96.0,99.0,99.0,87.0,94.0,93.0,99.0,84.61538461538461,ABVX
2025-12-30,26.3906364440918,26.716934976832235,25.906132676444184,26.449962935693197,4532500.0,-0.0089120096453533,26.18321495547746,24.90878413569868,24.16033599853516,23.05843556722005,20.46979990005493,17.96108239173889,14.256551995277404,16.96752814327816,27.83426099246339,13.902299200464926,27.83426099246339,11.875372997844112,27.83426099246339,9.39439201750914,27.83426099246339,8.978115711531764,27.83426099246339,8.978115711531764,27.83426099246339,8225927.5,7640524.0,9575961.160714284,250785221.5468979,-1,False,117,117,1945935204.0138245,117,0.0426130563763558,1.0022026092290697,0.0379756892696476,7.616646665758719,-0.2367869530691123,7.256040344654851,7.735348876575793,26.815814374559334,25.7083758172277,5778800.0,True,True,True,0.0307231052235411,0.0805545246981574,0.278006810529,0.2897573787666417,0.8848162769988027,0.2892474070555511,0.948134978372069,False,False,0.3083333750964847,1.2993881487692416,0.5728839924940605,1.5254937834904871,1.6740543676114656,2.403311735234252,0.0,0.0,0.8590184694719893,33.0,97.0,97.0,96.0,96.0,97.0,97.0,96.0,96.0,96.0,97.0,73.07692307692307,AEO
2025-12-30,16.910341262817383,17.32985363685843,16.750527206528776,17.200003525415298,18567500.0,0.0137724298243095,16.75369553293158,16.057192957615367,15.719324264526367,15.004888184865315,13.93320083618164,12.344647674560546,9.783124074935913,10.707551084395815,17.88920125968046,10.178165915434564,17.88920125968046,8.530082823479765,17.88920125968046,7.73101147855844,17.88920125968046,5.993031994922806,17.88920125968046,5.079597903802774,17.88920125968046,18460582.5,18126888.0,21190072.32142857,333880472.3015833,1,False,208,208,499277173.8238335,75,0.0568281344090686,1.0052597574884543,0.0594464500665536,3.5943676569014538,0.2285304984272911,4.403636562849288,4.388492564051312,17.150062300310815,16.191176060069807,23199200.0,False,False,True,0.0342587072209762,0.1246307894783235,0.212049587810782,0.5877436064131151,1.1186967117576938,0.2136723974368275,0.9452820736569564,False,False,0.1116219169298589,1.10402162955163,0.3775428187961591,1.3360381417788756,1.0251199332108638,1.8200806085666088,0.0,0.0,0.8711901601832496,34.0,88.0,88.0,93.0,93.0,94.0,94.0,96.0,94.0,94.0,94.0,84.61538461538461,AG
2025-12-30,8.890000343322754,9.350000381469728,8.875,9.3100004196167,1760300.0,-0.0399567901094707,8.68910598259967,8.119586373007175,7.588800029754639,7.3193333625793455,7.224600009918213,6.365000004768372,5.383231256008148,5.434999942779541,9.579999923706056,5.434999942779541,10.68000030517578,3.9700000286102295,10.68000030517578,3.1600000858306885,10.68000030517578,3.1600000858306885,10.68000030517578,2.2950000762939453,10.68000030517578,2377250.0,2492508.0,1096879.3348214286,23369635.400509834,-1,False,21,21,89200764.34164047,77,0.0730670800049499,0.5642857892172677,0.0634742145585068,3.6316794148051454,-0.6556959126550332,6.719037074689336,5.324941892864118,9.5,9.0,1831700.0,False,False,True,0.0534308619938915,0.260967334671338,0.3678290050216475,0.7094800331365371,1.1182511751216044,0.2305179983830543,0.8323970121063058,False,False,0.2959183921718633,1.2870580485161345,0.4742951963521247,1.429875418529028,0.2366545787213647,1.1114457871426724,0.0,0.0,2.167284882240046,94.0,97.0,97.0,95.0,95.0,77.0,77.0,96.0,94.0,96.0,97.0,88.46153846153845,ALM
2025-12-30,9.880000114440918,10.484999656677246,9.68000030517578,10.449999809265137,912200.0,-0.0545454263376012,10.74481815104838,10.234234178867508,10.029199981689452,9.450166654586791,7.595299997329712,6.006650006771087,5.215724997520447,5.440000057220459,12.4399995803833,3.964999914169312,12.4399995803833,3.759999990463257,12.4399995803833,3.244999885559082,12.4399995803833,2.759999990463257,12.4399995803833,2.759999990463257,12.4399995803833,1212892.5,1054526.0,823703.5714285715,13267350.167126656,-1,False,280,280,53323600.0,280,0.0811402926165871,0.6778569902692523,0.0686090063175682,4.384329062956974,-0.8408848813343484,3.553485801064401,5.588961763098424,11.17099952697754,10.4399995803833,646600.0,False,False,False,0.0814776662122556,0.2054655576374012,0.5101213994571971,0.4027777659514582,0.9166108754075292,0.3008044603787132,0.7942122546387173,False,False,0.2881355953277669,1.279328463552553,1.4761904989539163,2.401584116132246,2.2715232373643284,2.9402880822771835,0.0,0.0,1.4724866348417642,86.0,97.0,97.0,99.0,99.0,98.0,98.0,97.0,98.0,97.0,97.0,38.46153846153847,ALMS
2025-12-30,8.760000228881836,9.390000343322754,8.3100004196167,8.850000381469727,746900.0,-0.0168349743096618,8.587770195412272,8.411609937418117,8.257519989013671,8.034433317184448,8.1136199760437,10.506129989624023,11.122549958229063,2.5,15.09000015258789,2.5,15.970000267028809,2.5,42.0,2.5,42.0,2.5,42.0,2.5,42.0,6524035.0,5327206.0,1200701.7857142857,130721019.4383812,-1,False,15,15,1138447075.356102,14,0.4192108063387447,3.639285666601999,0.4154435583920678,0.1917614867581534,-0.0412167750135229,11.3066445403173,12.2563753192069,9.789999961853027,7.800000190734863,1939000.0,True,True,True,0.1232876593022544,1.0593607268652878,1.437214591739221,0.737092938628824,2.6291605768577373,0.0796660744213606,0.2085714340209961,True,False,0.0035513961512156,0.9966899993998476,-0.3166926335873092,0.6627196567897886,-0.2563666869733995,0.6683419340887645,0.0,0.0,5.433518195460096,99.0,54.0,54.0,14.0,14.0,18.0,18.0,99.0,99.0,99.0,98.0,65.38461538461539,AMCI
2025-12-30,127.5500030517578,131.05999755859375,125.91000366210938,129.0,1487900.0,-0.0170313775326316,122.6304238799112,113.88022138202255,108.70519927978516,102.13633270263672,89.59099990844726,89.13120018005371,85.06204990386964,65.44999694824219,131.91000366210938,65.44999694824219,131.91000366210938,65.44999694824219,131.91000366210938,65.44999694824219,131.91000366210938,65.44999694824219,131.91000366210938,65.4000015258789,131.91000366210938,2244960.0,2149436.0,2328512.0535714286,235207622.3398972,-1,False,216,216,1804327980.895996,216,0.0417197991729909,4.817856924874442,0.0377722995656803,11.217006968618197,-0.4587084028311446,-6.172668465336024,-6.9149043410539415,131.91000366210938,127.0,2666500.0,False,False,False,0.0403762741925971,0.1356331057454992,0.3052920541727075,0.4442732913997488,0.8743316851490345,0.4236921474489707,0.966947157233656,False,False,0.3032594203765086,1.2943488852634533,0.4909409526799195,1.446019646533589,0.4449983901950998,1.2986952062805155,0.0,0.0,0.964117835059828,47.0,97.0,97.0,95.0,95.0,86.0,86.0,98.0,96.0,94.0,91.0,96.15384615384616,ANF
2025-12-30,5.039999961853027,5.179999828338623,4.949999809265137,5.019999980926514,1934700.0,0.0079999923706055,5.015185048834308,4.806779192269658,4.768000049591064,4.600666705767313,3.983600034713745,3.301850016117096,2.7466500067710875,2.6700000762939453,5.480000019073486,2.539999961853028,5.480000019073486,2.0299999713897705,5.480000019073486,2.0299999713897705,5.480000019073486,1.850000023841858,5.480000019073486,1.284999966621399,5.480000019073486,2996105.0,2839188.0,1922435.7142857143,13950667.207598686,1,False,41,41,54080785.798072815,11,0.0597866356560963,0.2840714454650879,0.0563633824633294,4.704956225248736,0.1408095128587758,1.9135720389339517,0.72993902234808,5.179999828338623,4.989999771118164,1355700.0,False,True,True,0.0456349247647461,0.1448412747219727,0.291666627245605,0.4965987233088741,0.9891278774072024,0.2651872471969172,0.919708019034852,False,False,0.1199999915228948,1.112342422281459,0.6524590297207915,1.6026712645950645,1.0404857908802674,1.83389070401796,0.0,0.0,1.5584942465101934,88.0,90.0,90.0,97.0,97.0,95.0,95.0,98.0,97.0,97.0,95.0,80.76923076923077,ANNX
2025-12-30,24.07999992370605,26.3700008392334,24.06999969482422,25.8799991607666,25504900.0,-0.0294236016908595,25.46268272159429,26.237060346976136,27.02119995117188,26.22849998474121,28.332900009155274,24.67155004501343,16.495425043106078,19.0049991607666,34.86100006103516,19.0049991607666,40.20000076293945,13.15999984741211,40.20000076293945,9.020000457763672,40.20000076293945,6.675000190734863,40.20000076293945,3.309999942779541,40.20000076293945,25983915.0,26623066.0,35889837.946428575,678144061.123867,-1,False,211,211,3671875300.321579,81,0.0937369072993454,2.5046431677682057,0.1040134209179318,-1.4431277262302955,-0.2914585006082138,0.2847414603097,3.064578898698828,24.96999931335449,23.420000076293945,16678600.0,False,False,False,0.0955149979940363,0.31270759149313,0.5370016526922488,0.5823214694505608,0.8970548320768164,-0.1501046516267297,0.5990049618582471,False,False,-0.1114391297141335,0.8824856770350232,0.0496948283831095,1.0180680475496633,1.4672130490784632,2.217412684645495,0.0,0.0,0.7239908700280347,20.0,19.0,19.0,69.0,69.0,97.0,97.0,86.0,78.0,93.0,96.0,19.230769230769237,APLD
2025-12-30,16.420000076293945,16.780000686645508,16.010000228881836,16.729999542236328,1936500.0,0.0135802038884949,16.0812497434018,15.314157973284974,15.01599998474121,14.440999952952067,12.697599983215332,10.866499967575074,8.494099984169006,11.149999618530272,16.989999771118164,8.75,16.989999771118164,6.869999885559082,16.989999771118164,6.651000022888184,16.989999771118164,6.239999771118164,16.989999771118164,3.569999933242798,16.989999771118164,1660352.5,1591670.0,1422126.7857142857,29351601.004805565,1,False,102,102,100201166.41159058,102,0.0412411802789607,0.6954287120274135,0.0423525401215695,6.921846221577676,0.3163506331412729,7.870321213875357,8.35217689440734,16.549999237060547,15.744999885559082,2774500.0,False,False,True,0.0468940593292289,0.1071863715410575,0.216199767006098,0.4957746857240335,1.2238717824674712,0.2931577698147027,0.9664508709533252,False,False,0.1695156781273097,1.1615195644201772,0.6755101792567082,1.6250278945100218,1.4147058258419647,2.1702217122713776,0.0,0.0,1.16751369616181,70.0,94.0,94.0,97.0,97.0,96.0,96.0,94.0,96.0,97.0,95.0,92.3076923076923,ARIS
2025-12-30,67.25,69.66000366210938,65.94000244140625,69.66000366210938,1334500.0,-0.0340419800787552,68.15792782263539,64.90016388482843,64.1022006225586,60.02283401489258,51.91910026550293,40.244400100708006,27.63685004234314,37.060001373291016,72.36000061035156,34.61000061035156,72.36000061035156,20.44499969482422,72.36000061035156,14.300000190734863,72.36000061035156,14.300000190734863,72.36000061035156,9.56999969482422,72.36000061035156,2637995.0,2439734.0,2106628.571428572,181457118.18077087,-1,False,34,34,407807708.530426,34,0.0598484701320749,3.449786049979074,0.0512979338286851,5.756262790962056,-0.6869999218057037,17.23146113150197,16.375851493179482,69.69000244140625,68.0,896700.0,False,False,True,0.0553160032818308,0.1752713568591717,0.2469888566595028,0.7096326499490608,0.7813310795357199,0.2952843877512938,0.9293808655714612,False,False,0.27609106311992,1.267366281201903,0.9498404385983636,1.891092720171733,3.1796146278583857,3.756437043896448,0.0,0.0,1.252235460858243,77.0,97.0,97.0,98.0,98.0,99.0,99.0,97.0,96.0,99.0,99.0,50.0,ARWR
2025-12-30,6.420000076293945,6.860000133514404,6.400000095367432,6.760000228881836,5867900.0,-0.0243160865147841,6.4792901867004975,6.162591810214456,5.939599971771241,5.700333325068156,5.321599988937378,4.982199995517731,3.916400002241135,4.119999885559082,6.980000019073486,4.050000190734863,6.980000019073486,3.819999933242798,6.980000019073486,3.0999999046325684,6.980000019073486,3.059999942779541,6.980000019073486,1.149999976158142,6.980000019073486,4669360.0,4680822.0,4706864.285714285,31437850.85659265,-1,False,137,137,75320702.64816284,76,0.0593816938760096,0.4071428094591413,0.0634178823396792,3.254667267739941,-0.3929821273883165,2.7106725958988207,2.810009529259876,6.860000133514404,6.429999828338623,6563400.0,False,False,True,0.0716510954330884,0.1510903082031736,0.2788161901216573,0.5418993356779159,1.0996337822715754,0.2064041058403369,0.9197707820559756,False,False,0.146428604576053,1.138590339856098,0.222857157389323,1.186013082081325,0.8501440989512674,1.6628207259883376,0.0,0.0,0.9920320018938906,51.0,92.0,92.0,88.0,88.0,93.0,93.0,96.0,93.0,91.0,93.0,76.92307692307693,ASM
2025-12-30,4.5,5.300000190734863,3.7799999713897705,3.7799999713897705,3428900.0,0.1479591613310373,3.922760144174632,3.411138858533515,2.886400003433228,2.666333329677582,2.381399989128113,2.249699994325638,2.0025899964571,1.399999976158142,7.400000095367432,1.399999976158142,7.400000095367432,1.399999976158142,7.400000095367432,1.399999976158142,7.400000095367432,1.100000023841858,7.400000095367432,1.100000023841858,7.400000095367432,1744117.5,1409188.0,1158817.4107142857,13101486.527503729,1,False,187,187,320392034.3170881,187,0.3299125926654715,1.335285748754229,0.2967301663898286,2.998160807976952,0.4343638986989658,-1.193982911588324,-2.645185739034192,4.039999961853027,3.069999933242798,888700.0,False,False,True,0.3377778265211317,0.98888889948527,1.3088889122009275,0.7555178214646421,3.290433923649648,0.889644755414464,0.6081081002711206,False,False,1.743902462958439,2.7251420850469352,1.2959183226620747,2.2267434504621466,0.9396552282267052,1.743269033258127,0.0,0.0,1.505083962213633,87.0,99.0,99.0,99.0,99.0,94.0,94.0,99.0,99.0,98.0,98.0,92.3076923076923,ASTI
2025-12-30,15.800000190734863,17.25,15.199999809265137,15.399999618530272,9330000.0,0.0829335178541688,14.734351395706984,13.823245506528052,13.251199989318849,12.663999970753988,10.77199995994568,7.238599982261658,4.496649987697602,8.4399995803833,17.25,4.0,17.25,2.5,17.25,1.850000023841858,17.25,1.4500000476837158,17.25,1.1299999952316284,17.25,3929852.5,3888172.0,1480345.5357142857,61515415.16593456,1,False,60,60,147414001.77955627,0,0.1375053787762046,1.9699999945504325,0.12468354245373,3.743603227800613,0.6142132190325731,15.655747103257504,13.57231198260789,16.780000686645508,14.050000190734863,7188800.0,False,True,False,0.1297468459485833,0.3113924061329466,0.42088604672485,0.7398496779735639,1.112947163860035,0.4667657119833983,0.9159420400426008,False,False,0.4766355581664248,1.4665396303837377,2.518931179544386,3.4129075408885114,6.860696649602144,7.064816906464007,0.0,0.0,2.6546859535086824,96.0,98.0,98.0,99.0,99.0,99.0,99.0,98.0,99.0,99.0,99.0,96.15384615384616,AXTI
2025-12-30,87.26000213623047,90.16999816894533,85.87999725341797,88.91999816894531,5043800.0,-0.0130075950485654,90.39527882282285,94.49024701421172,97.40120025634764,97.98033345540364,107.35820022583007,88.10810005187989,55.31130002021789,75.69999694824219,119.89700317382812,75.69999694824219,147.86000061035156,44.63999938964844,147.86000061035156,24.040000915527344,147.86000061035156,18.1200008392334,147.86000061035156,15.149999618530272,147.86000061035156,13962657.5,13913976.0,10031599.107142856,1104034214.992752,-1,False,159,159,3587492964.135742,62,0.0891888430340284,8.272929055350167,0.094807802576425,-1.9745940285259476,-0.1390077828765123,4.96478156067541,7.932361472876976,92.52999877929688,85.62999725341797,7680800.0,True,False,True,0.0491634289537351,0.2382534999606115,0.5064978815446909,0.4703938725942907,0.7147367510192629,-0.1872069208250758,0.5901528592995384,False,False,-0.2012083134141925,0.7933302556074046,0.0318079987124664,1.0007201391221303,2.943063960478149,3.5438366563432884,0.0,0.0,1.3918675727440195,83.0,10.0,10.0,64.0,64.0,99.0,99.0,70.0,59.0,94.0,98.0,7.6923076923076925,BE
2025-12-30,2.2699999809265137,2.4649999141693115,2.220000028610229,2.440000057220459,2304300.0,-0.0883534248062752,2.4768113817658564,2.215759426206411,1.76731999874115,1.7181333303451538,1.6894799995422365,1.5708600002527238,1.572894996404648,0.5400000214576721,4.0,0.5400000214576721,4.0,0.5400000214576721,4.0,0.5400000214576721,4.0,0.5400000214576721,4.0,0.5400000214576721,4.0,19522840.0,15637608.0,3563494.196428572,67874738.91708851,-1,False,20,20,419147267.105484,20,0.2391210608701284,0.6684285742895943,0.2944619294740132,1.16690355869491,-0.3291301974097164,0.8070670768949579,-3.2349697693089894,2.539999961853028,2.25600004196167,2393000.0,False,False,True,0.1079294659108692,0.7841409631480495,1.471365639576224,0.5329341273552468,0.7570806225606883,0.3436086734033956,0.5674999952316284,False,False,1.9480519963066796,2.9278958244674493,0.3757575840770488,1.3343066952900875,0.853061172853953,1.6654424520189617,0.0,0.0,5.478566520345764,99.0,99.0,99.0,93.0,93.0,93.0,93.0,99.0,99.0,99.0,98.0,57.692307692307686,BEAT
2025-12-30,3.819999933242798,3.8949999809265137,3.75,3.819999933242798,2053000.0,0.0052631529414421,3.6697310837352566,3.420406935129527,3.310799980163574,3.13733332157135,2.804999995231628,2.3048999917507174,2.250649994015694,1.899999976158142,4.025000095367432,1.899999976158142,4.025000095367432,1.3899999856948853,4.025000095367432,1.3200000524520874,4.025000095367432,1.3200000524520874,4.025000095367432,1.3200000524520874,4.980000019073486,6202990.0,6041844.0,4553123.214285715,16555671.275414228,1,False,186,186,56427055.20029068,60,0.0699534851353804,0.2376428501946585,0.0622101712951925,5.816634216304774,0.0841598260167778,5.322623014898776,1.3982149557434762,3.839999914169312,3.7300000190734863,2638500.0,False,True,False,0.0379581108535316,0.260471241195286,0.3507853863888329,0.7425373213995952,0.8258604492270902,0.361853810957798,0.7670682567494241,False,False,0.2322580808903502,1.2238329901321745,0.979274630600976,1.9196400746723357,0.9690720724595824,1.7697074811127165,0.0,0.0,1.3623593538030605,82.0,96.0,96.0,98.0,98.0,94.0,94.0,98.0,97.0,98.0,97.0,88.46153846153845,BFLY
2025-12-30,2.130000114440918,2.7300000190734863,2.0299999713897705,2.539999961853028,5350100.0,-0.149700591963324,1.924547088958132,2.2730877305736352,2.5694000005722044,2.774500000476837,3.425899999141693,3.4974499905109404,3.477325000166893,1.1799999475479126,4.449999809265137,1.1799999475479126,9.449999809265137,1.1799999475479126,9.449999809265137,1.1799999475479126,9.449999809265137,1.1799999475479126,9.449999809265137,1.1799999475479126,10.5,5273391.0,4245969.4,1445528.3482142857,19815651.858807325,-1,False,1,1,376827167.2153473,1,0.2039999552628946,0.4436428461756025,0.2082830151828653,-1.8161131927172611,-0.8452745338568306,-8.827336354102707,-9.143560180628985,2.9100000858306885,1.7699999809265137,150430000.0,True,False,True,0.3286385023821708,0.8122065940531022,1.5352111202001193,0.5290520524286124,3.706479844155259,-0.3782655316925313,0.2028571537562779,False,False,-0.4593908417494888,0.536912951024448,-0.2755101792567082,0.7026613043429536,-0.4714640189703086,0.4750227748124708,0.0,0.0,3.648071659413953,98.0,2.0,2.0,16.0,16.0,9.0,9.0,97.0,96.0,93.0,89.0,30.76923076923077,BNAI
2025-12-30,6.269999980926514,6.420000076293945,5.579999923706055,5.599999904632568,4464600.0,0.1317689574187857,5.485190355739713,5.532069424937732,5.737999954223633,5.832333294550578,5.319399995803833,3.943400001525879,2.3704199984669687,4.570000171661377,7.550000190734863,2.900000095367432,7.769999980926514,1.616000056266785,7.769999980926514,0.8730000257492065,7.769999980926514,0.6830000281333923,7.769999980926514,0.2240000069141388,7.769999980926514,4861435.0,4175858.0,2557486.6071428573,17161027.820937634,1,False,208,208,140241605.5727005,55,0.1012962234220609,0.4904285839625767,0.0782182751921007,2.284688099542464,1.4884940293961142,7.627852961656716,8.1860539520373,5.559999942779541,5.110000133514404,1629400.0,False,False,False,0.1339713166097592,0.2950558070590608,0.3746411458145979,0.7875691454485294,0.6225187733874092,0.1787043624981301,0.8069498064759151,False,False,0.0031999969482421,0.9963410027537924,1.162068887839847,2.0969268322503654,5.600000062741732,5.93176331620446,0.0,0.0,1.9008643042049165,93.0,54.0,54.0,98.0,98.0,99.0,99.0,92.0,97.0,99.0,99.0,69.23076923076923,BW
2025-12-30,28.959999084472656,30.09000015258789,28.200000762939453,29.959999084472656,851500.0,-0.0359521237729538,28.21940210801247,24.937289213455838,22.4935998916626,19.695999908447263,14.275399932861328,10.597299966812134,10.348899960517883,4.300000190734863,40.369998931884766,4.300000190734863,40.369998931884766,4.300000190734863,40.369998931884766,4.300000190734863,40.369998931884766,4.300000190734863,40.369998931884766,4.300000190734863,40.369998931884766,3642432.5,3159942.0,2275815.625,141459591.3313341,-1,False,27,27,1706494583.8523865,27,0.1227909111253042,1.5607140404837472,0.0538920611126865,19.087498605171973,-0.6919921286284695,-4.0724238146748,-4.944057024769284,30.709999084472656,29.59000015258789,917700.0,False,False,True,0.0652624119267251,0.1764502370354954,1.1816298314341076,0.1493278456090967,0.3433417448801275,1.0286646413182474,0.7173643757914411,False,False,4.413084037514874,5.3760741570320905,3.016643402392492,3.895623943080445,1.9855669746313775,2.683284316641823,0.0,0.0,1.6004954267769385,89.0,99.0,99.0,99.0,99.0,98.0,98.0,99.0,99.0,99.0,99.0,80.76923076923077,CAPR
2025-12-30,99.91999816894533,101.86499786376952,98.87000274658205,101.5500030517578,774600.0,-0.0160512539027863,101.27724759594108,99.90397615391149,101.42300048828125,100.17116724650064,90.52100036621094,71.09035015106201,42.562925062179566,86.55999755859375,112.63999938964844,45.02999877929688,112.63999938964844,44.41999816894531,112.63999938964844,13.350000381469728,112.63999938964844,10.414999961853027,112.63999938964844,7.574999809265137,112.63999938964844,893902.5,1075162.0,810221.4285714285,89318637.4282074,-1,False,155,155,1016757897.302246,155,0.0440118558067768,4.269212995256696,0.0427263117843365,2.4301707984550305,-0.3818045350802396,2.7068043697387623,7.126925465738548,102.36499786376952,98.76000213623048,633200.0,True,False,True,0.0299739308654063,0.0787630393394862,0.1572757868882225,0.500795709866414,0.8151701790055824,0.1038322352239797,0.8870738521872534,False,False,-0.0120624997831272,0.981182857474568,1.0226719652346723,1.961729869291445,7.0,7.1900160725032745,0.0,0.0,1.1032817307438003,64.0,43.0,43.0,98.0,98.0,99.0,99.0,70.0,98.0,96.0,99.0,11.538461538461538,CELC
2025-12-30,39.68999862670898,40.83000183105469,39.220001220703125,39.65999984741211,1595800.0,0.0166495311459666,37.24467750022587,34.90594879086653,32.89400001525879,31.958000055948894,31.183600006103514,28.526499996185304,23.38135000705719,25.399999618530277,40.83000183105469,25.399999618530277,40.83000183105469,20.90999984741211,40.83000183105469,19.100000381469727,40.83000183105469,15.130000114440918,40.83000183105469,13.050000190734863,40.83000183105469,2240235.0,2262584.0,1888481.6964285716,61141257.50024796,1,False,49,49,168386363.2621765,48,0.0456369047117668,1.7321428571428572,0.0436417968525005,6.2505301730183085,0.3752564105790915,4.890005120157355,3.3007037173953773,39.29999923706055,37.7400016784668,1470800.0,False,True,False,0.0405643906792208,0.2426304207940894,0.2905014611473214,0.8352123938923831,0.7862691506702072,0.2727843680312898,0.9720792761885544,False,False,0.3243243088438545,1.315269750656493,0.3518391621802397,1.31110892349725,1.1928175574704678,1.9707991852850049,0.0,0.0,1.1862624902516408,72.0,97.0,97.0,93.0,93.0,95.0,95.0,96.0,92.0,94.0,93.0,96.15384615384616,CENX
2025-12-30,10.579999923706056,12.699999809265137,7.800000190734863,8.75,111143000.0,0.9377289102175024,6.152549440418574,5.489707591774392,4.99,4.835500001907349,4.892499980926513,4.564099993705749,4.763724999427796,3.5,12.699999809265137,3.5,12.699999809265137,3.3499999046325684,12.699999809265137,2.907999992370605,12.699999809265137,2.7300000190734863,12.699999809265137,2.7300000190734863,12.699999809265137,3031012.5,2434802.0,634618.1875,60934312.83036232,1,True,0,0,1175892931.520462,0,0.1129744480210648,0.7876428876604352,0.074446398236318,15.615175925889169,6.500407692078839,6.6398432131334975,-1.1167583320957344,5.599999904632568,5.360000133514404,2855200.0,False,False,False,0.4631379635032983,0.7637051022657968,0.8695652056339979,0.878260879480546,4.697671514973291,1.162493605508911,0.8330708726458043,False,False,1.2367864441950824,2.221493277048323,1.0623781067613276,2.000239684607996,2.1209438337185893,2.8049545407270804,0.0,0.0,4.776119814561728,99.0,99.0,99.0,98.0,98.0,98.0,98.0,99.0,99.0,98.0,98.0,100.0,CHRN
2025-12-30,238.3600006103516,240.5,236.8300018310547,240.1699981689453,1163000.0,-0.0026778217140102,232.07007068666047,222.7638165189082,216.27679931640623,210.9729990641276,202.04859954833984,163.84489936828612,119.31914972305296,168.22000122070312,248.0,147.36000061035156,248.0,87.25,248.0,76.88999938964844,248.0,70.7699966430664,248.0,49.209999084472656,248.0,3255680.0,3053768.0,2506834.821428572,657849407.0530701,-1,False,36,36,2730978977.194214,36,0.0515794459324474,12.2971431187221,0.0515906321833935,3.483503988039304,-0.0520445589247517,12.32939295299025,13.524439595033474,241.22999572753903,230.1300048828125,1755600.0,True,True,False,0.0153968709496048,0.1732673390921456,0.258474578169958,0.6703457659894697,0.7201038192816219,0.1797161729563201,0.9611290347191596,True,True,0.167229777061485,1.159249292323837,0.6363012535629069,1.5870003141616509,1.975408797831808,2.6741546348347933,0.0,0.0,1.2987213884896829,79.0,93.0,93.0,96.0,96.0,98.0,98.0,93.0,93.0,98.0,98.0,80.76923076923077,CIEN
2025-12-30,14.59000015258789,15.289999961853027,14.56999969482422,15.140000343322754,18054700.0,-0.0324933536868176,15.670334456632837,16.330931846183876,17.242399749755858,16.777333132425944,17.81019983291626,14.389699926376345,9.146949956417084,13.09000015258789,21.15999984741211,13.09000015258789,25.520000457763672,5.710000038146973,25.520000457763672,4.550000190734863,25.520000457763672,3.0799999237060547,25.520000457763672,1.8600000143051147,25.520000457763672,41396235.0,41364396.0,31991415.625,498109480.1293469,-1,False,96,96,3091943755.0935745,57,0.0917807954827925,1.4250000544956751,0.0976696394511631,-1.8512046210214503,-0.3438594753539016,5.391756337616871,5.256016343135958,15.789999961853027,14.619999885559082,15547900.0,False,False,False,0.049348886874487,0.2446881190875788,0.4845784524251826,0.504950473680746,0.642978323677203,-0.1808064878854922,0.5717084596740019,False,False,-0.2830466889881127,0.7120514184551873,0.1588562331819272,1.1239404737504235,1.9775509935972448,2.6760799375827857,0.0,0.0,1.293979468906356,79.0,6.0,6.0,84.0,84.0,98.0,98.0,59.0,47.0,97.0,98.0,0.0,CIFR
2025-12-30,37.119998931884766,38.630001068115234,36.540000915527344,37.91999816894531,2167800.0,-0.0210970273125093,38.783130500625454,38.18442130145648,39.411600036621095,38.62800000508626,31.172799949645995,22.242349977493287,14.70939996957779,32.849998474121094,43.72999954223633,13.779999732971191,43.72999954223633,11.600000381469728,43.72999954223633,10.380000114440918,43.72999954223633,4.795000076293945,43.72999954223633,3.7200000286102295,43.72999954223633,3731102.5,3540740.0,2334863.839285714,100165742.92892456,-1,False,176,176,756032330.6762695,50,0.0523567569618634,1.799429484776088,0.0484760112218225,3.935589376680504,-0.444584933073993,7.015747480939664,7.195632409644021,38.81999969482422,37.79999923706055,1028100.0,False,False,False,0.0563038850411349,0.1223060626660644,0.1936960892672071,0.6314327931388493,0.6294870563780453,0.1907816747884498,0.8488451708313571,False,False,-0.077076136119624,0.9166137268752608,1.5849582046907895,2.5070747052271374,4.141274239690724,4.62073055206542,0.0,0.0,1.5979957534232172,89.0,24.0,24.0,99.0,99.0,99.0,99.0,64.0,99.0,98.0,98.0,3.8461538461538463,COGT
2025-12-30,23.790000915527344,24.979999542236328,23.700000762939453,24.34000015258789,3450000.0,-0.0213903151723036,24.24004527815572,24.282324208151135,24.54959999084473,24.63599993387858,23.53479997634888,17.991000003814698,14.217749981880187,20.270000457763672,31.790000915527344,13.199999809265137,34.59000015258789,9.40999984741211,34.59000015258789,9.40999984741211,34.59000015258789,9.40999984741211,34.59000015258789,6.570000171661377,34.59000015258789,5853367.5,5443412.0,2592194.6428571427,84690501.85109138,-1,False,47,47,407208233.9406967,47,0.0860720562129859,2.179999896458217,0.0916351329366854,0.1183340538064223,-0.2385314564738584,2.2430322322648117,2.188303028313716,25.489999771118164,23.299999237060547,3269000.0,True,False,True,0.0538040659957032,0.2643968336891472,0.2736443874885631,0.9662059438372278,0.6802883926478466,0.0108435567514884,0.6877710555241923,False,False,-0.1237568600446565,0.8702521644488012,0.8243865786136633,1.7694187223213995,1.1260055234704884,1.910751735497944,0.0,0.0,2.2580740671342334,95.0,17.0,17.0,97.0,97.0,95.0,95.0,74.0,96.0,97.0,95.0,30.76923076923077,CSIQ
2025-12-30,4.159999847412109,4.21999979019165,4.070000171661377,4.210000038146973,1263400.0,-0.0071599545104185,4.179772918249816,4.1095115919658,4.09960000038147,4.032666675249735,3.908500003814697,3.1889999890327454,2.449565003663301,3.4200000762939453,4.480000019073486,3.059999942779541,4.619999885559082,1.899999976158142,4.619999885559082,1.7200000286102295,4.619999885559082,1.7200000286102295,4.619999885559082,0.4000000059604645,4.619999885559082,3318827.5,3167436.0,3570653.571428572,11364672.498013971,-1,False,232,232,243149098.06394577,232,0.0669968860754151,0.2589999267033168,0.0622596000488889,1.0335256897799745,-0.1158309586809833,2.179339711829656,0.1933193065909383,4.400000095367432,4.179999828338623,1746300.0,False,True,True,0.0360576019308237,0.1502403901261692,0.1983173264289755,0.7575757137890605,1.2275922860004116,0.0643468960859532,0.9004328897096268,True,True,-0.0280374664751742,0.9653171134740386,0.304075163884743,1.264784030611225,0.7627118781050612,1.584240841845978,0.0,0.0,0.9294733957268728,42.0,36.0,36.0,91.0,91.0,92.0,92.0,80.0,85.0,96.0,95.0,53.84615384615385,CTMX
2025-12-30,7.906519412994385,8.035322001458,7.66872911035695,7.787624497898865,1469500.0,0.0204603205951188,7.591561923979071,6.972907310612687,6.431745767593384,5.929654057820638,5.033496861457825,4.314095554351806,3.6402980351448058,3.2251011368809186,8.669429331179801,3.0486518410600327,8.669429331179801,3.0486518410600327,8.669429331179801,2.464688829766071,8.669429331179801,2.097401829080754,8.669429331179801,2.097401829080754,8.669429331179801,1292770.0,1164898.0,1388907.142857143,14608001.548304558,1,False,21,21,82182384.86151695,21,0.0831896005846437,0.554135746053645,0.0700859274616997,8.14401205757525,0.286078676068508,7.9201507867341405,5.493333727226487,8.104678216250738,7.530018505208312,1407800.0,True,True,False,0.0463659003351783,0.1704259754671495,0.5906406430433214,0.2885442738735631,0.9718018229922276,0.5707806383144267,0.9119999841925474,False,False,0.8584381638360741,1.8457318075608824,1.310788388566281,2.241165488708585,2.0297001064888005,2.72294905756492,0.0,0.0,0.9307821668629498,42.0,99.0,99.0,99.0,99.0,98.0,98.0,99.0,98.0,97.0,98.0,73.07692307692307,DBI
2025-12-30,15.26008415222168,15.369941390447837,15.250097909826746,15.270071347047931,15056600.0,0.0013105416849312,14.019784549075547,13.325940613802226,12.649891052246094,12.086559518178303,11.904463787078855,11.774525232315064,10.790341184139251,8.928346968393031,15.5297323661045,8.928346968393031,15.5297323661045,8.928346968393031,15.5297323661045,8.928346968393031,15.5297323661045,8.928346968393031,15.5297323661045,6.3899920647331125,15.5297323661045,7388317.5,6694498.0,3632088.392857143,168077067.6938963,1,False,1,1,1323812460.361004,1,0.0746508056946253,0.7339704995920254,0.0480974083937255,5.860589559220836,0.027211994514218,1.7963231829683046,-2.1999616957707926,15.30003261760875,15.230124155770136,86863700.0,False,True,False,0.0078533957890161,0.1773560092356147,0.3992146370474804,0.4442622909503214,1.868976583457042,0.2818791694578486,0.9826366477202556,False,False,0.573635309300782,1.5628761830213669,0.3059828772425597,1.2666342655185157,0.4634410407694704,1.3152705755366765,0.0,0.0,2.034178880263445,94.0,98.0,98.0,91.0,91.0,87.0,87.0,97.0,95.0,91.0,87.0,100.0,DBRG
2025-12-30,31.6200008392334,32.880001068115234,30.850000381469727,32.5,982500.0,-0.0192307942603954,31.399852554189536,30.15595163177963,28.764000015258787,27.57133331298828,26.504199981689453,26.779100074768067,31.903000001907348,19.711000442504883,40.97999954223633,19.711000442504883,40.97999954223633,19.711000442504883,40.97999954223633,19.711000442504883,40.97999954223633,19.711000442504883,46.060001373291016,19.711000442504883,55.380001068115234,1367727.5,1169102.0,714633.0357142857,77022632.84895897,-1,False,18,18,287630505.0628662,18,0.0896618357893965,3.617927959987096,0.1144189710298189,1.6869448811601884,-0.1713690394309592,-6.053340402030061,-8.272758188068797,32.97999954223633,30.100000381469727,1733500.0,True,False,True,0.0641998935093868,0.1954458644466303,0.5721062515008607,0.341625115848496,1.6529866512930438,0.1930184974863689,0.5709642511624735,False,False,0.4047090412137277,1.3951048833310666,0.4845071348273455,1.4397796763990791,-0.1140374879260925,0.7962605876808464,0.0,0.0,1.9138878720222288,93.0,98.0,98.0,95.0,95.0,29.0,29.0,96.0,93.0,89.0,85.0,73.07692307692307,DXYZ
2025-12-30,11.350000381469728,11.609999656677246,11.329999923706056,11.34000015258789,9264100.0,0.0,12.30539758727068,13.006847843921545,13.54980010986328,13.441500059763593,14.345200061798096,11.94470000743866,8.478374997377395,11.30500030517578,16.489999771118164,11.30500030517578,19.86000061035156,5.960000038146973,19.86000061035156,4.449999809265137,19.86000061035156,3.690000057220459,19.86000061035156,3.069999933242798,19.86000061035156,20907157.5,21474668.0,14913271.875,205943707.88588524,-1,False,214,214,820825581.5803528,70,0.084716567669552,1.0519999776567732,0.0926872195858506,-2.252679032996652,0.0,1.0278549849189211,3.4811110429304786,11.895999908447266,11.30500030517578,11335300.0,True,True,False,0.0246695791683254,0.2145373906698557,0.4568281314252229,0.4696238605108163,0.5767940160937529,-0.2087945561878024,0.571500505168857,True,True,-0.2458471602905988,0.7489966096804636,-0.0035118490471756,0.9664644607324429,1.330595615643784,2.094627491873059,0.0,0.0,1.401916204253468,84.0,8.0,8.0,52.0,52.0,96.0,96.0,3.0,2.0,94.0,96.0,3.8461538461538463,EOSE
2025-12-30,3.690000057220459,3.920000076293945,3.680000066757202,3.890000104904175,3980600.0,-0.0514138926195845,3.85774591541492,3.771160445844447,3.8128000259399415,3.6596666812896728,3.338000011444092,2.909600009918213,2.0332500049471856,2.6600000858306885,4.130000114440918,2.299999952316284,4.130000114440918,2.0899999141693115,4.130000114440918,1.100000023841858,4.130000114440918,0.7900000214576721,4.130000114440918,0.6899999976158142,4.130000114440918,6305317.5,6009680.0,5571728.125,19906432.041863203,-1,False,159,159,70765345.09735107,35,0.0551982778437705,0.2035714558192662,0.0551684153556921,1.9114629151285465,-0.982456243085862,2.4836292572187606,5.1355788324301175,4.010000228881836,3.839999914169312,3329600.0,False,False,True,0.0650406519824084,0.1355013529123442,0.146341515419479,0.9259255825248076,0.8546145551843026,0.1054523800388138,0.8934624588309431,False,False,-0.0798005370066043,0.9139079530316656,0.3924528016701176,1.350498894316707,2.690000057220459,3.3163949648691378,0.0,0.0,1.131662808834557,67.0,23.0,23.0,94.0,94.0,99.0,99.0,92.0,93.0,92.0,98.0,11.538461538461538,ESPR
2025-12-30,19.86000061035156,20.600000381469727,19.81999969482422,20.01000022888184,2719000.0,-0.0055081976357089,20.24406618325445,20.343805196870875,20.67799991607666,19.9639999071757,19.603999977111812,14.903100018501284,10.373100007772443,14.579999923706056,25.850000381469727,12.979999542236328,25.850000381469727,6.602000236511231,25.850000381469727,6.602000236511231,25.850000381469727,4.402999877929688,25.850000381469727,3.4600000381469727,25.850000381469727,6288382.5,6490336.0,6109230.803571428,111579411.4650154,-1,False,322,322,404963018.0873871,76,0.0992649411491024,2.012857028416225,0.1013523145294904,0.1288435479257107,-0.0546480457628328,0.6094609054036173,1.7780393930828584,20.951000213623047,19.3700008392334,2719200.0,True,True,True,0.0392749578385687,0.1631419774191441,0.3710977146391404,0.4396200002950308,0.6151022073433486,0.0130585917944621,0.7682785422544123,True,True,0.0112016918299437,1.004287989123825,0.8388889129269756,1.7834841085460875,1.7057220977508356,2.431773171319473,0.0,0.0,1.0293247549796023,56.0,60.0,60.0,98.0,98.0,97.0,97.0,91.0,91.0,98.0,97.0,42.30769230769231,FLNC
2025-12-30,17.3799991607666,17.479999542236328,17.083999633789062,17.229999542236328,689100.0,0.0075361832328464,17.003775761110777,15.943669047878334,15.283199996948245,14.434999974568685,12.948000011444092,11.113250012397764,8.46835000038147,9.600000381469728,18.290000915527344,9.079999923706056,18.290000915527344,7.610000133514404,18.290000915527344,4.454999923706055,18.290000915527344,3.9700000286102295,18.290000915527344,3.9700000286102295,18.290000915527344,1402327.5,1334920.0,2113723.660714286,21733913.924336437,1,False,186,186,80604081.45656586,272,0.0654384899329287,0.9189998081752232,0.05287686148166,6.473383069896502,0.1414572229614818,3.56423048291294,3.865972623455394,17.4950008392334,17.059999465942383,657200.0,True,True,True,0.0227848059590929,0.1576525234234605,0.3552935237389741,0.4437247314963279,0.8785844844634885,0.3422921799046405,0.950245942634798,True,True,0.3674271525258374,1.3580778952201762,1.0641328982524656,2.001941605108063,2.335892328889138,2.9981399326066605,0.0,0.0,0.6634393729245168,16.0,98.0,98.0,98.0,98.0,98.0,98.0,97.0,96.0,96.0,98.0,84.61538461538461,FTRE
2025-12-30,15.970000267028809,16.360000610351562,15.937999725341797,16.09000015258789,689100.0,-0.0093052459302305,16.533111793390074,16.310183285853363,16.58080005645752,16.126333395640057,14.603000068664551,10.445700025558471,7.635925008058548,12.9399995803833,19.170000076293945,7.235000133514404,19.170000076293945,4.514999866485596,19.170000076293945,4.119999885559082,19.170000076293945,3.900000095367432,19.170000076293945,3.5,19.170000076293945,1058235.0,1067620.0,876601.3392857143,19470393.65663052,-1,False,106,106,219739899.55687523,106,0.0743697740727418,1.3221430097307478,0.0827891664135037,1.1307145496013258,-0.1134526076987218,11.650129415798713,9.578822450208827,17.18000030517578,15.729999542236328,960300.0,True,True,True,0.0264246009989753,0.2836568351425576,0.2836568351425576,1.0,1.464715910155299,0.0936109150131141,0.8330725197428492,True,True,-0.0123685719431966,0.9808788779651916,1.155195761927879,2.090260790188847,2.4642082005438426,3.1134640800509845,0.0,0.0,1.207202125497877,73.0,43.0,43.0,98.0,98.0,99.0,99.0,82.0,98.0,99.0,98.0,15.384615384615383,GLUE
2025-12-30,85.30000305175781,88.02999877929688,84.7699966430664,88.0,562400.0,-0.0293581506861029,90.1325155231397,91.50284674187093,96.23740020751951,94.65016708374024,90.7443000793457,68.46920007705688,52.2496750164032,75.11000061035156,115.76000213623048,60.02000045776367,115.76000213623048,30.81999969482422,115.76000213623048,29.950000762939453,115.76000213623048,29.950000762939453,115.76000213623048,20.440000534057617,115.76000213623048,1026867.5,1076146.0,1245814.2857142857,77241097.5945282,-1,False,186,186,325847054.586792,71,0.0575781173267113,4.98835699898856,0.0584801502991946,-1.0259211327827362,-0.5172031998077276,6.313178623102775,6.179571077956676,92.62000274658205,87.16999816894531,532700.0,False,False,False,0.0382180776037298,0.1245016968023267,0.2607619627202573,0.4774534426092308,0.7332183551302518,-0.0599960220402544,0.7368693976989888,True,True,-0.2272850482526897,0.76743181041545,0.4425841622004345,1.3991198219959666,0.7326834012780281,1.5572526879685828,0.0,0.0,0.8242540736408774,28.0,9.0,9.0,94.0,94.0,91.0,91.0,66.0,88.0,98.0,97.0,0.0,GRAL
2025-12-30,61.720001220703125,62.79999923706055,58.63999938964844,60.150001525878906,775900.0,0.0288381312524168,62.93005443462715,63.05129578432753,64.30320037841797,63.338000233968096,58.14600021362305,46.14660013198853,33.9932000541687,53.869998931884766,74.87999725341797,40.5,74.87999725341797,25.520000457763672,74.87999725341797,22.350000381469727,74.87999725341797,17.90999984741211,74.87999725341797,17.239999771118164,74.87999725341797,969537.5,1107918.0,891061.5178571428,52735201.21179581,1,False,61,61,284083625.17089844,61,0.0674426055698971,4.599999291556222,0.0745301231460963,0.8247132767812156,0.3760869149288615,7.669303130612876,8.220965127471107,64.33999633789062,59.7400016784668,662300.0,False,False,True,0.0674011627533263,0.2103046516560928,0.3088139530399156,0.6810076085807883,0.7291785132112666,0.0614659820787246,0.8242521832876517,False,False,0.0159670982831789,1.0090208139429928,0.6960704109893474,1.644968656730846,1.6672429925954648,2.3971899982541407,0.0,0.0,1.088070218015451,63.0,63.0,63.0,97.0,97.0,97.0,97.0,68.0,91.0,97.0,97.0,30.76923076923077,GSAT
2025-12-30,6.440000057220459,6.889999866485596,6.429999828338623,6.820000171661377,1769600.0,-0.0666666712737888,6.402267454151982,6.425372672877602,6.276000003814698,6.389666684468588,7.769200029373169,5.720800023078919,4.534800007343292,5.260000228881836,8.720000267028809,4.510000228881836,18.149999618530277,2.819999933242798,18.149999618530277,2.819999933242798,18.149999618530277,2.819999933242798,18.149999618530277,1.6200000047683716,18.149999618530277,1620452.5,6756090.0,1710754.017857143,13549446.443567276,-1,False,71,71,1502459097.932911,71,0.0927206636543662,0.6557142734527588,0.1018189856563089,-1.6802939132475263,-0.7015251257606085,2.127684178461024,-0.2677991282834636,7.28000020980835,6.329999923706055,3688800.0,True,False,True,0.0714285767173597,0.5372670818950782,0.5372670818950782,1.0,0.4552204011491854,-0.1710858218513331,0.3548209472492512,False,False,0.0125786040922373,1.0056554872780223,0.749999983803086,1.6972733584547188,0.8666666574524222,1.67767040863611,0.0,0.0,0.9472153699979304,45.0,61.0,61.0,97.0,97.0,93.0,93.0,81.0,88.0,96.0,94.0,65.38461538461539,GSIT
2025-12-30,19.481670379638672,19.931478826900104,19.191795307596244,19.661593758543244,17505900.0,0.0151040113281326,19.41689446191236,18.554273629617704,18.061878433227537,17.341234715779624,15.772639980316162,13.08194694042206,9.383040981292725,12.790705330109716,21.18094559598548,11.80142443702151,21.18094559598548,7.564502878418626,21.18094559598548,5.61299748936452,21.18094559598548,5.023733335286035,21.18094559598548,4.450893518139236,21.18094559598548,21591962.5,20582822.0,22637428.125,479791603.6729431,1,False,102,102,2748496512.6874924,11,0.0594062338514134,1.2023425791537323,0.0617166062110549,3.810254337822676,0.2410902917311405,12.92968207103349,15.636586381774974,19.76155340983569,18.69201088944222,23633100.0,False,True,True,0.0379681775171056,0.1369934151862445,0.2744997765028004,0.4990656711330579,1.505229943687994,0.2351559665313658,0.919773401586524,False,False,0.1587395045308117,1.1508170687666233,0.6112253153099363,1.5626799014022577,2.2673326030835392,2.936521741298076,0.0,0.0,0.9538169433724044,46.0,93.0,93.0,96.0,96.0,98.0,98.0,95.0,94.0,97.0,98.0,76.92307692307693,HL
2025-12-30,46.27999877929688,48.9900016784668,46.220001220703125,48.83000183105469,3258200.0,-0.0522220552147526,46.91582063738616,45.121663541492566,43.62439987182617,42.42066650390625,43.83239967346192,38.34329977035522,27.334599900245667,31.670000076293945,53.880001068115234,31.670000076293945,57.290000915527344,21.0,57.290000915527344,18.68000030517578,57.290000915527344,14.744000434875488,57.290000915527344,10.039999961853027,57.290000915527344,7683345.0,7757696.0,6340746.875,325781968.09251785,-1,False,13,13,909724396.5435028,13,0.1094006210871432,5.139214924403599,0.1110461335340959,0.502853638367994,-0.4961853297181841,4.114223864853834,3.38207935722974,51.9900016784668,48.5099983215332,3862400.0,False,False,True,0.0598530797499246,0.4256698634951595,0.4256698634951595,1.0,1.1536827429174847,0.0558399522743182,0.8078198296337185,False,False,0.0284444173177083,1.021412824106828,0.3295029288567206,1.2894456697263268,1.5043290003077767,2.2507707203811216,0.0,0.0,1.2117413218770068,74.0,68.0,68.0,92.0,92.0,97.0,97.0,94.0,89.0,96.0,95.0,76.92307692307693,HUT
2025-12-30,23.479999542236328,24.899999618530277,22.75,23.90999984741211,4019700.0,0.0094582678929349,21.2138862314253,17.919792753619348,15.240399856567382,14.407333183288577,11.792599935531616,8.728699970245362,6.03914999127388,9.1899995803833,29.799999237060547,6.28000020980835,29.799999237060547,3.930000066757202,29.799999237060547,3.220000028610229,29.799999237060547,2.930000066757202,29.799999237060547,2.220000028610229,29.799999237060547,2970630.0,2689720.0,1096927.232142857,92867323.06118488,1,False,8,8,498006113.2972717,8,0.1187516991052002,2.771214280809675,0.1180244605978273,8.397234932311084,0.0793873338766911,18.127464591687197,13.726721187681214,24.09000015258789,21.200000762939453,7696100.0,False,True,False,0.0915672768503597,0.7397785038555575,0.8077086698745001,0.9158976886684932,2.6277382032330503,0.9910791233992488,0.7879194678983616,True,False,1.006837600428224,1.993116620072947,2.7870968168657617,3.672993481512049,6.47770661076232,6.720603839605634,0.0,0.0,2.708137707728204,96.0,99.0,99.0,99.0,99.0,99.0,99.0,99.0,99.0,99.0,99.0,84.61538461538461,HYMC
2025-12-30,1.5099999904632568,1.5399999618530271,1.4500000476837158,1.4900000095367432,5174700.0,0.0413792695216714,1.4928565785505263,1.4126945996840776,1.3532000017166137,1.2978000005086263,1.165440000295639,1.014350000023842,0.8093350000679493,0.949999988079071,1.600000023841858,0.8880000114440918,1.600000023841858,0.7099999785423279,1.600000023841858,0.550000011920929,1.600000023841858,0.4990000128746032,1.600000023841858,0.4819999933242798,1.600000023841858,6155540.0,6065808.0,6373233.928571428,11226791.5950346,1,False,235,235,60468406.50215149,11,0.0619727719377045,0.0917857119015285,0.0607852400537892,4.86381211678303,0.6536958916210339,9.282896594663878,7.587799063346506,1.5499999523162842,1.4249999523162842,7339600.0,True,False,True,0.0596025925415404,0.115894087834984,0.3046357887762953,0.3804349065502908,1.5984663543587267,0.2956479870951851,0.943749979976565,False,False,0.2905983297860925,1.2817743600110747,0.5811518501063615,1.5335125346829068,1.3968253998289062,2.1541516434692403,0.0,0.0,0.96584247008485,47.0,97.0,97.0,96.0,96.0,96.0,96.0,96.0,95.0,95.0,97.0,73.07692307692307,IAUX
2025-12-30,1.7100000381469729,1.830000042915344,1.7100000381469729,1.830000042915344,700600.0,-0.0756756669679117,1.8588131232829197,1.781814800013304,1.6924000072479248,1.5920000076293943,1.4904000020027162,1.1503000020980836,1.2537999987602233,0.959999978542328,3.819999933242798,0.7799999713897705,3.819999933242798,0.7400000095367432,3.819999933242798,0.5600000023841858,3.819999933242798,0.5600000023841858,3.819999933242798,0.5600000023841858,6.889999866485596,7446797.5,9079944.0,3188340.1785714286,28329818.539045453,-1,False,22,22,190140350.1138091,22,0.1952399450340296,0.3750000170298985,0.2192982506808971,0.6718841521306564,-0.3733332782321531,5.355405275313935,1.7300238807814183,1.9600000381469729,1.830000042915344,1740800.0,False,False,True,0.0701754398195269,0.2573099692426097,1.6608186262070812,0.1549296022951315,0.1736871945465743,0.1473430192224707,0.2481857868335776,False,False,0.3902439118944507,1.3807386537708852,1.060241051242114,1.9981670175040704,1.2800000508626304,2.0491546263763247,0.0,0.0,2.3356345568296986,95.0,98.0,98.0,98.0,98.0,96.0,96.0,97.0,98.0,96.0,97.0,46.15384615384615,IBIO
2025-12-30,21.18000030517578,21.86100006103516,21.1200008392334,21.440000534057617,1088300.0,-0.0194444476331702,21.32855531763073,20.613969276722614,20.18239990234375,19.809333292643228,18.38519994735718,14.702549982070924,11.663574995994567,16.809999465942383,25.299999237060547,12.40999984741211,25.299999237060547,8.664999961853027,25.299999237060547,7.960000038146973,25.299999237060547,7.960000038146973,25.299999237060547,5.150000095367432,25.299999237060547,2210945.0,1965220.0,1313150.892857143,63924960.92757225,-1,False,15,15,293115544.0979004,15,0.0743644522309623,1.7284282956804549,0.0816066227939608,1.8627605313200093,-0.2429953717742152,1.642083085385709,0.2640762410301956,22.1200008392334,21.0,2123200.0,True,True,True,0.0349857984478252,0.2219074026378685,0.4008498417747167,0.553592341849005,1.8734849024536693,0.15201359603491,0.8371541875048909,True,True,0.1498371453556009,1.1419755760488342,0.8087105240118659,1.754214979414219,1.5020673270396463,2.2487380369875454,0.0,0.0,1.6836945487577928,90.0,92.0,92.0,97.0,97.0,97.0,97.0,85.0,95.0,97.0,96.0,69.23076923076923,IMNM
2025-12-30,38.29999923706055,39.900001525878906,38.119998931884766,39.619998931884766,19073000.0,-0.0281654558398698,40.01364613264296,41.746682067352886,42.5515998840332,43.053666559855145,49.83629997253418,43.57385005950928,26.98767500638962,33.34000015258789,54.060001373291016,33.34000015258789,76.87000274658203,18.8700008392334,76.87000274658203,14.720000267028809,76.87000274658203,8.279999732971191,76.87000274658203,5.125,76.87000274658203,38401287.5,37272098.0,27221197.32142857,1412665806.932621,-1,False,28,28,5449857425.0,57,0.0860518456075056,3.386714390345982,0.0884259649558652,-2.6178271644328195,-0.3277514671788329,2.7646491863329423,4.953999751253513,42.290000915527344,39.060001373291016,22027500.0,False,False,False,0.0464752644765523,0.2657963579102431,0.4065274152736298,0.6538214839246156,0.7367924392128395,-0.2314838931026486,0.4982437604864471,True,True,-0.1989124003987838,0.7956104712004731,-0.183890922906375,0.7915201182652921,1.5147734988990478,2.2601577344736814,0.0,0.0,1.4107126533251513,84.0,10.0,10.0,23.0,23.0,97.0,97.0,69.0,57.0,95.0,96.0,15.384615384615383,IREN
2025-12-30,2.430000066757202,2.5999999046325684,2.4200000762939453,2.569999933242798,4305100.0,-0.0617760049090294,2.549935740238547,2.462528956126322,2.4204000186920167,2.442666681607564,2.1989000058174133,1.67317999958992,1.194825000464916,2.0899999141693115,3.069999933242798,1.2899999618530271,3.069999933242798,0.503000020980835,3.069999933242798,0.4830000102519989,3.069999933242798,0.4830000102519989,3.069999933242798,0.4600000083446502,3.069999933242798,8480772.5,7797686.0,5087999.107142857,12393064.766215086,-1,False,126,126,320665711.98678017,46,0.0881440706461975,0.2160714353833879,0.0889182837232313,1.1819619833202304,-0.7404951382315411,1.1674442186012772,1.2568398172934547,2.680000066757202,2.569999933242798,1805900.0,False,False,True,0.0740740013965637,0.3415637452280718,0.3786008440409927,0.9021737552996298,0.7875477417274818,0.1050980309829414,0.7915309835822788,False,False,0.0,0.9931628845541118,1.2090909218985186,2.142532115911393,2.3703190204204185,3.029080990785788,0.0,0.0,1.666818786995098,90.0,51.0,51.0,99.0,99.0,98.0,98.0,72.0,96.0,99.0,99.0,53.84615384615385,IVVD
2025-12-30,12.220000267028809,12.3100004196167,11.550000190734863,11.609999656677246,2429700.0,0.0516351452133305,12.299359398093868,12.159218574065571,12.186000022888184,11.820000012715658,11.426199989318848,10.701399998664856,6.98375,9.081000328063965,13.550000190734863,9.081000328063965,13.550000190734863,7.099999904632568,13.550000190734863,4.190999984741211,13.550000190734863,3.0199999809265137,13.550000190734863,1.600000023841858,13.550000190734863,3279267.5,3021442.0,3578668.75,37027118.6527729,1,False,313,313,164709342.88978577,105,0.0654946278164572,0.8320000512259347,0.0680851090871726,1.0203690751689725,0.7211542602499105,1.179423015868997,3.735386669174245,11.854999542236328,11.479999542236328,2405900.0,False,False,True,0.0621931433939832,0.1693944847189302,0.1914893700044772,0.884615604067054,1.0459376681730117,0.0694719397920569,0.9018450254624,False,False,-0.0362776046589847,0.9571333140662808,0.0525409671309278,1.0208284335587188,1.6167023698908485,2.351766512059076,0.0,0.0,0.9163372552991949,40.0,34.0,34.0,69.0,69.0,97.0,97.0,91.0,84.0,91.0,97.0,42.30769230769231,JMIA
2025-12-30,9.350000381469728,9.621000289916992,9.199999809265137,9.449999809265137,536000.0,-0.0147523069573206,8.824355691386826,8.444088299260148,8.169599952697753,8.066333278020222,7.627799968719483,6.235799984931946,4.501749990582466,6.449999809265137,13.670000076293944,5.300000190734863,13.670000076293944,3.5,13.670000076293944,2.799999952316284,13.670000076293944,2.427000045776367,13.670000076293944,1.7799999713897705,13.670000076293944,1752685.0,1567826.0,672662.9464285715,25116551.76319599,-1,False,15,15,210442502.06451416,15,0.1030541487038985,1.2806428841182165,0.1369671477935183,1.6484204030296337,-0.1093196170334665,4.088283768444407,1.995952495853264,9.739999771118164,9.010000228881836,1215200.0,True,True,True,0.0450267875374865,0.5197860383309741,0.7721925104236088,0.6731301214587413,2.143873108367893,0.2257794409676108,0.6839795412791682,True,False,0.2190352396955304,1.210700555029126,0.5583333969116211,1.511381590084603,2.3754514244950733,3.033693749259206,0.0,0.0,2.605591714700036,96.0,95.0,95.0,96.0,96.0,98.0,98.0,94.0,95.0,98.0,98.0,84.61538461538461,KYTX
2025-12-30,371.1799926757813,380.3200073242188,370.0,373.9700012207031,1610100.0,-0.003837773360883,368.8447488479866,348.5270068612845,342.3919982910156,326.9016657511393,279.41359954833985,213.23064979553223,145.92282478332518,229.5850067138672,401.6000061035156,147.80999755859375,401.6000061035156,115.88999938964844,401.6000061035156,90.9800033569336,401.6000061035156,71.04000091552734,401.6000061035156,45.650001525878906,401.6000061035156,4809545.0,4573396.0,3211104.910714286,1287713124.1445923,-1,False,55,55,2595790925.0,55,0.0658033058112947,23.86928449358259,0.0643064954054028,5.107181357343715,-0.0599093230534711,11.395523644008154,12.159373388686832,387.1050109863281,364.0199890136719,2965700.0,True,True,True,0.0278032424372427,0.2492860623016394,0.3047039396929628,0.8181254976645016,0.6537330246495164,0.3284249344905827,0.9242529557634186,False,False,0.1415302881515945,1.133725513786524,1.2812364166914323,2.2125039029844635,3.0570554305671296,3.6462867191017945,0.0,0.0,1.4977850720330883,87.0,92.0,92.0,99.0,99.0,99.0,99.0,96.0,98.0,98.0,98.0,73.07692307692307,LITE
2025-12-30,10.5600004196167,10.779999732971191,10.0,10.289999961853027,3451100.0,0.0262391116389324,9.03818863564495,8.536035814243508,8.21880002975464,7.940333350499471,7.92919997215271,7.070699982643127,4.85369999229908,5.829999923706055,10.779999732971191,5.829999923706055,10.779999732971191,3.849999904632568,10.779999732971191,2.75,10.779999732971191,2.2799999713897705,10.779999732971191,1.6100000143051147,10.779999732971191,1492440.0,1561214.0,844503.125,14873258.610069752,1,False,118,118,44858225.83370209,1,0.098519991052423,0.8407142502920968,0.0796130887201813,4.167485168135738,0.3211560380591422,4.638229437446153,3.972894900231348,10.550000190734863,8.65999984741211,4359400.0,False,False,False,0.0738636081417412,0.3702651223525266,0.3702651223525266,1.0,1.167719479840688,0.3317863664308305,0.9795918999254136,False,False,0.4367347696101229,1.426911648125177,0.3316520363442523,1.2915300256787858,2.4966889027519032,3.1426561764162533,0.0,0.0,1.7672403521301356,91.0,98.0,98.0,92.0,92.0,99.0,99.0,97.0,96.0,98.0,98.0,100.0,LPTH
2025-12-30,15.9399995803833,17.485000610351562,15.760000228881836,16.155000686645508,15556000.0,0.0152866098110735,14.717600086317605,13.361359955771071,12.1203999710083,11.546499983469646,11.345700016021729,10.671549968719482,10.34052498102188,7.78000020980835,17.5,7.78000020980835,17.5,7.78000020980835,17.5,7.78000020980835,17.5,7.78000020980835,17.5,6.135000228881836,22.399999618530277,8375920.0,7935324.0,8975083.92857143,148385451.82955265,1,False,298,298,658640339.5009041,11,0.1042817986936825,1.5795713833400182,0.0990948196312333,4.0863641103807415,0.1519398069941494,0.3386380908016964,-3.214027107157529,16.579999923706055,15.079999923706056,10974200.0,False,True,False,0.1082183454755302,0.4607904931232242,0.5180677911687722,0.8894405345749653,1.8805432519201484,0.4049375144657248,0.7116071362428518,False,False,0.6778946926719265,1.6664227329520855,0.5152090196554806,1.4695565287736116,0.4967136292332619,1.3451743812652326,0.0,0.0,0.9332414121873512,43.0,99.0,99.0,95.0,95.0,88.0,88.0,98.0,97.0,95.0,92.0,88.46153846153845,LUNR
2025-12-30,9.739999771118164,10.265000343322754,9.65999984741211,10.220000267028809,853600.0,-0.0516066857859631,10.070856171593675,9.85522688553418,9.704000015258789,9.610666688283285,9.419000015258788,7.660999994277954,5.630800004601479,8.300000190734863,10.989999771118164,6.409999847412109,10.989999771118164,4.501999855041504,10.989999771118164,3.5999999046325684,10.989999771118164,2.510999917984009,10.989999771118164,1.4500000476837158,10.989999771118164,1424940.0,1363036.0,914709.375,14603399.640893936,-1,False,11,11,112746694.15550232,11,0.0636120558833339,0.6389286177498954,0.0655984222550495,0.5195250710923225,-0.8295147093457836,2.2204601065110303,2.480627277918644,10.470000267028809,10.050000190734863,490600.0,False,False,True,0.0621150421075615,0.2002053239310573,0.2761806615601681,0.7249071053711017,1.4387514342981402,0.0340800249855988,0.8862602342099212,False,False,-0.0121703742127229,0.981075720594901,0.466867464904533,1.4226714809196364,1.3080569325516067,2.0743708051623324,0.0,0.0,1.5578062704342568,88.0,43.0,43.0,95.0,95.0,96.0,96.0,74.0,91.0,95.0,96.0,38.46153846153847,LXEO
2025-12-30,13.210000038146973,13.68000030517578,13.210000038146973,13.59000015258789,1044400.0,-0.0354143605319351,13.730654777009129,13.76059635408493,13.93959991455078,13.802999909718832,12.46209997177124,26.885149989128116,35.19814990758896,12.43000030517578,15.55500030517578,8.177000045776367,15.55500030517578,5.949999809265137,62.75,5.949999809265137,62.75,5.949999809265137,62.75,5.949999809265137,62.75,1910392.5,2018278.0,1863370.0892857143,23334022.172174454,-1,False,92,92,263997968.8091278,91,0.0583322152529137,0.711071218763079,0.0538282525896816,1.1149157720837777,-0.6820690303299177,-5.536246047681145,-5.0542835304182026,13.899999618530272,13.479999542236328,953600.0,False,False,False,0.0355791268487185,0.17486748366932,0.232778255417083,0.7512191521325703,0.6073890712775941,0.0600139677959454,0.2105179288947724,False,False,-0.0378732353551599,0.9555485928813844,0.8423988699558012,1.7868883123229358,-0.7165844268362189,0.2547203157806642,0.0,0.0,1.0252351430264242,55.0,33.0,33.0,98.0,98.0,4.0,4.0,37.0,93.0,96.0,94.0,3.8461538461538463,MLTX
2025-12-30,35.5,36.900001525878906,35.130001068115234,36.900001525878906,1197300.0,-0.0361119132482161,36.88472313707004,37.65155039400677,38.26320037841797,39.00300013224284,40.02920013427735,35.37089998245239,24.93812499046326,35.130001068115234,45.6150016784668,33.630001068115234,47.650001525878906,14.529999732971191,47.650001525878906,12.59000015258789,47.650001525878906,12.59000015258789,47.650001525878906,8.241000175476074,47.650001525878906,1710707.5,1527110.0,1312747.767857143,57060513.2998848,-1,False,119,119,453638805.5938721,119,0.0465390741275093,1.7224287305559431,0.0485191191705899,-2.3320168895351494,-0.7721665387138583,4.608506191261553,4.336243736713588,37.59999847412109,36.7400016784668,995000.0,False,False,False,0.0498591678243287,0.0921126889510893,0.1588732222436179,0.5797873779499652,1.0693597710708462,-0.1131474053711844,0.7450157159117783,False,False,-0.1767161206084867,0.8176549924633748,-0.0638185201951612,0.9079747994616326,1.59124091198832,2.328882975615508,0.0,0.0,1.3031501876346472,80.0,12.0,12.0,38.0,38.0,97.0,97.0,7.0,27.0,97.0,97.0,0.0,MLYS
2025-12-30,292.5071105957031,298.7044885113904,291.8873758546106,294.5762485898116,23056400.0,-0.0059109927476693,274.4744674161538,260.9709403452883,250.88909118652344,245.8809046427409,238.23877532958983,194.62125831604004,146.96014934539795,192.43139181117184,298.7044885113904,179.4620729381871,298.7044885113904,114.0844673213942,298.7044885113904,103.23021586705364,298.7044885113904,91.9997871101281,298.7044885113904,61.39304206442101,298.7044885113904,27473952.5,25925526.0,23894021.42857143,6932725968.643723,-1,False,12,12,16556386582.305908,11,0.0494908135937059,14.919067546197423,0.0510041192359875,4.466103661131144,-0.1165815708449845,14.339428820748156,12.342606215390102,294.376349223858,278.38306709285047,26642900.0,False,True,False,0.0233058014996507,0.2639151631035719,0.2639151631035719,1.0,1.2719221203072215,0.2277896836526132,0.979252478104456,True,True,0.2379406387651685,1.2294766957027743,0.7507263281677241,1.6979778184264755,1.4254055807588522,2.1798381384994108,0.0,0.0,1.1498253896745838,69.0,96.0,96.0,97.0,97.0,97.0,97.0,95.0,94.0,97.0,97.0,96.15384615384616,MU
2025-12-30,2.0,2.109999895095825,1.9800000190734863,2.009999990463257,6627100.0,-0.0049751196570663,2.120785284100923,2.0722280590858344,2.0291999912261964,1.953666659196218,1.9227999925613404,1.55049999833107,1.350750000178814,1.4299999475479126,2.440000057220459,1.4199999570846558,2.9800000190734863,0.7900000214576721,2.9800000190734863,0.7300000190734863,2.9800000190734863,0.7300000190734863,2.9800000190734863,0.550000011920929,2.9800000190734863,7075197.5,8319668.0,10799998.214285716,14028572.81097114,-1,False,165,165,215098391.25676155,77,0.0731546086657899,0.1550000139645167,0.0775000069822583,0.5180617029069837,-0.0645160616923949,5.347502804399719,5.824943609518437,2.200000047683716,2.009999990463257,7406600.0,False,True,True,0.0649999380111694,0.2300000190734863,0.3300000429153442,0.6969696641296765,0.731574865727815,0.0401497855925319,0.6711409353016787,False,False,0.0416666899497315,1.034544694534409,0.6666666004392863,1.616450768304806,0.3513513339358236,1.214529726324664,0.0,0.0,0.6551109879482453,16.0,74.0,74.0,97.0,97.0,83.0,83.0,92.0,87.0,97.0,97.0,38.46153846153847,NAK
2025-12-30,4.730000019073486,5.3470001220703125,4.71999979019165,5.019999980926514,5255000.0,-0.0502008030205815,4.826794085825502,4.593815171432436,4.375599985122681,4.162333329518636,3.872199988365173,3.18139998793602,2.024919994473457,2.890000104904175,5.559999942779541,2.859999895095825,5.559999942779541,1.565000057220459,5.559999942779541,0.7519999742507935,5.559999942779541,0.6539999842643738,5.559999942779541,0.5960000157356262,5.559999942779541,3483862.5,3240508.0,2321943.75,16414103.626675606,-1,False,186,186,56908565.49396515,49,0.1111782543426314,0.5560000623975482,0.1175475814282253,1.8845800104984447,-0.4496402373085461,7.188459936559385,8.832765374587598,5.039999961853027,4.710000038146973,1930400.0,False,False,True,0.1325582091649714,0.2355179363858909,0.480972483673368,0.4896702917122238,1.2799505509629971,0.2215278222420718,0.8507194366460509,False,False,0.3749999826730688,1.3655989490534388,0.5925925836730799,1.544608564662159,5.0563379120791065,5.443145866044962,0.0,0.0,1.5004077941164595,87.0,98.0,98.0,96.0,96.0,99.0,99.0,96.0,94.0,98.0,99.0,57.692307692307686,NRGV
2025-12-30,19.020000457763672,19.46999931335449,18.780000686645508,19.280000686645508,1089800.0,-0.0175619907990135,19.022757601891467,18.396787648730037,18.49040008544922,17.805000082651773,15.461100044250488,12.464299993515016,11.89292501449585,12.43000030517578,22.5,9.0,22.5,8.194999694824219,22.5,8.194999694824219,22.5,8.194999694824219,22.5,8.180000305175781,22.5,1760145.0,1906790.0,1158469.642857143,37317099.80638504,-1,False,22,22,130146841.83769226,22,0.0603804040724353,0.8596428462437221,0.0451967836779325,5.092932436898321,-0.3955132693461574,1.1965979516286822,-1.649812793272587,19.540000915527344,18.809999465942383,825200.0,False,False,True,0.0362775294480783,0.1261829422065355,0.3406939740420086,0.3703703376654875,0.8620246592440699,0.2301841656368191,0.8453333536783855,False,False,0.0757918625259077,1.068436549366071,1.0584416589722483,1.9964218400244595,0.6242528092060926,1.45980047550005,0.0,0.0,1.519370844849193,87.0,83.0,83.0,98.0,98.0,90.0,90.0,95.0,97.0,96.0,95.0,53.84615384615385,NRIX
2025-12-30,2.369999885559082,2.809999942779541,2.009999990463257,2.75,16093600.0,-0.1189591690908842,3.634507393967828,3.8409560391607913,4.038800029754639,4.005166697502136,4.486900024414062,2.798490010201931,1.788880006223917,2.009999990463257,5.349999904632568,1.5099999904632568,7.590000152587891,0.3210000097751617,7.590000152587891,0.3210000097751617,7.590000152587891,0.3210000097751617,7.590000152587891,0.3210000097751617,7.590000152587891,8647295.0,11337422.0,10344570.535714284,24115468.91854644,-1,False,98,98,471949465.2767181,82,0.1794542986340186,0.6122142587389264,0.2583182651059518,-1.8264124684749443,-0.5226931047318817,3.598137975877828,4.510710175888948,4.579999923706055,2.6600000858306885,17307200.0,False,False,False,0.3375527387958352,1.2489451234847342,1.4092827322569288,0.8862275077227277,0.6364683258680853,-0.4717957002243265,0.3122529430715499,False,False,-0.5343811759309847,0.4624353344150768,0.2880433926989105,1.249235288682998,4.208790807156252,4.681411202720095,0.0,0.0,0.8359259546005803,30.0,1.0,1.0,91.0,91.0,99.0,99.0,75.0,93.0,99.0,99.0,0.0,NUAI
2025-12-30,8.9399995803833,9.100000381469728,8.835000038146973,9.039999961853027,3790000.0,-0.0132451251297486,9.041901811132869,8.574808649042915,8.518000049591064,8.119000053405761,6.793600029945374,5.001000027656556,3.560650010704994,4.590000152587891,9.75,3.359999895095825,9.75,2.755000114440918,9.75,2.059999942779541,9.75,1.5700000524520874,9.75,1.5399999618530271,9.75,8488982.5,8917826.0,5940911.607142857,52829578.13750267,-1,False,41,41,422638650.6371975,41,0.0587194698611646,0.4517858369009835,0.0505353308843906,6.251949778103015,-0.2656144337249302,10.47592449908175,9.886393457041944,9.4350004196167,8.885000228881836,6940800.0,False,True,True,0.0296420979598515,0.1812080493956382,0.2567114299792336,0.7058822796098204,0.648054806182583,0.3159443507090285,0.9169230338854668,True,True,0.1133250158995209,1.1057130842370206,1.416216071667335,2.3434166883812595,3.60824707046252,4.141671312836456,0.0,0.0,1.4289023404747436,85.0,89.0,89.0,99.0,99.0,99.0,99.0,98.0,99.0,99.0,99.0,73.07692307692307,NUVB
2025-12-30,25.06999969482422,25.989999771118164,24.96999931335449,25.489999771118164,708300.0,-0.0222308778624363,27.575257756586577,27.13679783083136,28.65279983520508,26.98633321126302,19.52499990463257,13.692099957466125,9.101524980068207,8.1899995803833,36.25899887084961,6.650000095367432,36.25899887084961,5.360000133514404,36.25899887084961,4.369999885559082,36.25899887084961,3.890000104904175,36.25899887084961,2.859999895095825,36.25899887084961,5131230.0,4415844.0,1687594.1964285714,81652767.06958771,-1,False,42,42,1758785866.6992188,42,0.0834930281069374,2.5767857687813893,0.1027836378200425,2.7630357810434383,-0.221205698094872,8.855391702739897,8.988798550412648,26.149999618530277,25.38999938964844,1095600.0,False,False,False,0.0406860977335494,0.4502991501761273,0.4502991501761273,1.0,0.4839210805454178,0.2839948690025871,0.6914145584692142,False,False,-0.1147598882423001,0.8791876229162816,1.560776281155269,2.483621370968337,4.736842185664464,5.155998440042788,0.0,0.0,3.0405591645545718,97.0,18.0,18.0,99.0,99.0,99.0,99.0,99.0,99.0,99.0,99.0,7.6923076923076925,OLMA
2025-12-30,16.959999084472656,17.469999313354492,16.0,16.56999969482422,4257300.0,0.0235364753670006,13.23244481888858,11.692581520502891,10.936399955749511,10.543666617075605,9.24319995880127,6.905699968338013,5.967949994802475,7.71999979019165,17.649999618530273,4.059999942779541,17.649999618530273,3.940000057220459,17.649999618530273,3.3399999141693115,17.649999618530273,2.950000047683716,17.649999618530273,2.950000047683716,17.649999618530273,2576102.5,2387624.0,1910816.0714285716,45524535.94508171,1,False,76,76,1304802829.553604,76,0.0935689206777889,1.5728569711957658,0.0927392132135053,9.002257680671319,0.247956042278873,5.806983940369159,2.379794748949574,16.639999389648438,14.43000030517578,5563400.0,False,False,False,0.0866744924945377,0.553066018108117,0.553066018108117,1.0,2.255945659785628,0.8348622944506938,0.960906484477586,False,False,0.7502579792476918,1.7382912633834884,3.1365852387727235,4.011951991844136,4.710437347170281,5.13226703839716,0.0,0.0,1.3481687424127875,82.0,99.0,99.0,99.0,99.0,99.0,99.0,99.0,99.0,99.0,99.0,100.0,OMER
2025-12-30,8.989999771118164,9.300000190734863,8.329999923706055,8.460000038146973,56951500.0,0.062647722290942,8.682365004020161,8.47759354077751,8.557399978637696,8.284499994913737,7.573100004196167,7.097549998760224,4.242880000770092,5.929999828338623,9.859999656677246,4.949999809265137,11.699999809265137,3.799999952316284,11.699999809265137,1.7799999713897705,11.699999809265137,0.9319999814033508,11.699999809265137,0.5699999928474426,11.699999809265137,97481380.0,89344498.0,39261296.42857143,666952983.233037,1,False,47,47,1544033879.2822838,36,0.1154809421195728,0.9092141560145788,0.1011361712083216,1.8499454775947797,0.5829206787698686,1.7908365497589038,4.386033720562762,8.670000076293945,8.210000038146973,29712000.0,False,False,True,0.1078976965210936,0.2847608462687571,0.2869854852674818,0.99224825256702,0.6736242448863499,0.1870964025480859,0.768376061339681,False,False,0.1379746408344868,1.1301941768406083,0.164507774020935,1.1294217364870218,3.586734487830678,4.122336835975957,0.0,0.0,2.4828874455877714,96.0,91.0,91.0,84.0,84.0,99.0,99.0,95.0,96.0,96.0,99.0,69.23076923076923,ONDS
2025-12-30,5.840000152587891,5.860000133514404,5.639999866485596,5.764999866485596,42464400.0,0.0017153051479765,6.213981075373837,6.525505649423407,6.81560001373291,6.845000012715658,7.155,6.8416499996185305,3.943219999969005,5.639999866485596,8.260000228881836,5.239999771118164,9.6899995803833,3.440000057220459,10.869999885559082,0.7250000238418579,10.869999885559082,0.5080000162124634,10.869999885559082,0.5080000162124634,10.869999885559082,102924447.5,103354882.0,156413198.2142857,399148133.69582415,1,False,162,162,11059980509.260178,110,0.0674299043008397,0.4179286616189139,0.0715631251197341,-2.5681877295395004,0.0239280762489426,-2.631078082100201,0.4909815879838932,6.03000020980835,5.789999961853027,44031500.0,False,True,False,0.0376712776165458,0.2123288040336503,0.3647260374637228,0.5821597095457421,0.5425508588941159,-0.1837875398200013,0.5372585293534728,False,False,-0.2415584029546564,0.7532560442873807,-0.2672521572993092,0.7106705162238405,9.336283499524798,9.289755561441712,0.0,0.0,0.6580291732094996,16.0,8.0,8.0,17.0,17.0,99.0,99.0,23.0,47.0,91.0,99.0,3.8461538461538463,OPEN
2025-12-30,3.009999990463257,3.0899999141693115,2.6600000858306885,2.7300000190734863,952500.0,0.11481479159435,2.2929548524384797,2.0240437639264157,1.755599999427795,1.6946666677792868,2.004599997997284,1.85396999835968,1.660880000591278,1.1799999475479126,3.539999961853028,1.1799999475479126,3.539999961853028,1.1799999475479126,3.539999961853028,1.1799999475479126,3.539999961853028,1.1799999475479126,3.539999961853028,1.0199999809265137,3.539999961853028,2671677.5,2180942.0,593716.0714285715,12928413.996650577,1,False,7,7,235958127.9037237,7,0.1446764876634931,0.3546428510120937,0.1178215455600423,4.256831274274876,0.874118685587066,0.4988369950871245,-2.858741215517784,3.0,2.552000045776367,1061000.0,False,False,False,0.1428570862794067,0.7142857086279407,0.7441860520378254,0.9598214138413268,4.725150875172288,0.5015464399233904,0.850282492344339,True,False,0.7398843683685528,1.7279885780795208,0.9419355374593286,1.8834259897553445,1.1970802773625997,1.9746303133521304,0.0,0.0,4.499924506964307,99.0,99.0,99.0,98.0,98.0,95.0,95.0,99.0,98.0,97.0,96.0,100.0,OPTX
2025-12-30,39.27000045776367,40.09000015258789,38.5,39.08000183105469,1138500.0,0.0064069707090497,36.9536373968449,34.12514043502145,34.01200042724609,31.696667003631596,23.90200017929077,17.92690005302429,14.442650046348572,12.710000038146973,40.09000015258789,10.3100004196167,40.09000015258789,7.5,40.09000015258789,7.5,40.09000015258789,7.5,40.09000015258789,7.5,40.09000015258789,1959892.5,1688994.0,912409.375,39353844.89427567,1,False,40,40,349295741.84417725,40,0.0463324620309193,1.4695008141653878,0.0374204430108395,17.18201879286646,0.1701257989040238,5.163162817048599,1.2048816554389767,39.13999938964844,37.369998931884766,1629500.0,False,True,False,0.0404889262555011,0.1604277861885035,0.2756811837898196,0.5819323030432658,0.608581202775143,0.6429587550496332,0.9795460291418512,False,False,0.1753966069175385,1.1673602846213382,1.8601603617655629,2.7739851587788,2.032432512444345,2.725404812907041,0.0,0.0,2.1480407300725077,94.0,94.0,94.0,99.0,99.0,98.0,98.0,99.0,99.0,99.0,99.0,100.0,PACS
2025-12-30,2.359999895095825,2.640000104904175,2.3499999046325684,2.640000104904175,6913900.0,-0.0483871463930442,2.13627276493126,2.043957568400997,1.991199989318848,2.018666656812032,1.9493999910354611,1.4632999962568285,1.11594999730587,1.649999976158142,2.640000104904175,1.5199999809265137,2.640000104904175,0.5299999713897705,2.640000104904175,0.5299999713897705,2.640000104904175,0.5299999713897705,2.640000104904175,0.5299999713897705,2.640000104904175,4845020.0,4860280.0,3511187.946428572,11986411.471604109,-1,False,90,90,219263991.4226055,90,0.0985948489563444,0.2192857691219874,0.0929177029107806,2.2668324400553264,-0.5472316988837781,3.241958626721699,2.1524907186755096,2.569999933242798,2.289999961853028,13830400.0,False,False,False,0.1228814462552471,0.4194915986239206,0.4194915986239206,1.0,1.2088891997991886,0.2106288632135808,0.8939393186810071,False,False,0.1184834182129883,1.1108362179583546,1.7441858788836409,2.661504929134296,2.2777775018303594,2.9459091150312395,0.0,0.0,1.379880562909811,83.0,89.0,89.0,99.0,99.0,98.0,98.0,94.0,92.0,99.0,99.0,92.3076923076923,PALI
2025-12-30,4.260000228881836,4.429999828338623,4.170000076293945,4.420000076293945,3170600.0,-0.0426965367476447,4.161788636394962,4.045956690552707,3.87,3.95,4.00220000743866,3.774700009822845,2.654750006198883,3.4200000762939453,5.0,2.990000009536743,5.190000057220459,2.990000009536743,5.230000019073486,1.4700000286102295,5.230000019073486,1.2799999713897705,5.230000019073486,1.1100000143051147,5.230000019073486,4856102.5,4671386.0,4560170.089285715,20474240.71553588,-1,False,137,137,510731811.94024086,137,0.0713733506043363,0.3028571605682373,0.0710932263606312,0.9060585725747426,-0.6273570683513412,1.7428947900463283,1.772705584453891,4.53000020980835,4.150000095367432,6311900.0,True,False,True,0.0610328023651121,0.2112675607027102,0.262910757132297,0.8035713829556244,1.5562404819468998,0.0644146271960466,0.8145315895498813,False,False,0.1122716223867954,1.1046668928973515,0.2948329113300278,1.2558202425092744,1.937931095717493,2.6404714747644915,0.0,0.0,1.0648950378867643,60.0,89.0,89.0,91.0,91.0,98.0,98.0,84.0,88.0,83.0,97.0,88.46153846153845,PGEN
2025-12-30,19.739999771118164,20.23500061035156,19.440000534057617,20.030000686645508,7515100.0,-0.0065425799005779,18.9604662402516,17.34156042625656,15.68839988708496,14.968333212534588,14.109199905395508,12.15649995326996,8.43809997677803,10.520000457763672,20.989999771118164,10.520000457763672,20.989999771118164,6.255000114440918,20.989999771118164,5.869999885559082,20.989999771118164,3.660000085830689,20.989999771118164,2.789999961853028,20.989999771118164,10951340.0,10329118.0,9081096.42857143,247516549.5662403,-1,False,208,208,1030287968.5052872,19,0.0745878987509631,1.716428552355085,0.0869518020393502,4.589750922456321,-0.0757392831393196,10.094733500983864,7.404244547508171,20.145000457763672,18.76000022888184,9867900.0,False,True,True,0.0402735605629094,0.2310030151375267,0.4723910799081496,0.4890079956260864,1.1603468950591909,0.399087113619347,0.9404478316517194,True,False,0.6588235633537087,1.6474819951467,0.5208012686660815,1.474980286114975,2.2045454967683447,2.8800917033540485,0.0,0.0,1.205949092836886,73.0,99.0,99.0,96.0,96.0,98.0,98.0,98.0,96.0,98.0,98.0,84.61538461538461,PL
2025-12-30,33.70000076293945,33.95000076293945,33.0,33.279998779296875,926500.0,0.0221413259086546,33.287644479353695,31.519746372801546,29.819599838256835,28.291333198547363,26.254599990844728,24.51799991607666,21.91369997024536,20.049999237060547,39.79999923706055,20.049999237060547,39.79999923706055,20.049999237060547,39.79999923706055,18.61000061035156,39.79999923706055,16.59000015258789,39.79999923706055,16.459999084472656,39.79999923706055,1398587.5,1227606.0,822430.8035714285,75168874.45670128,1,False,20,20,578357256.3720703,20,0.0521062552815805,2.458571434020996,0.0729546403074487,3.887136160256732,0.2969202082700575,4.461225409975794,2.612582347960837,33.79999923706055,32.7599983215332,688100.0,False,False,True,0.0281899329801851,0.1296735558739375,0.5077150835503579,0.2554061521417765,0.9581901685068336,0.2835846203976073,0.8467337037423619,False,False,0.4709734171711996,1.4609162021001676,0.4684095704850484,1.4241671236293267,0.707193574148179,1.5343436546249647,0.0,0.0,1.7005534008777334,91.0,98.0,98.0,95.0,95.0,91.0,91.0,97.0,94.0,91.0,89.0,69.23076923076923,PLAB
2025-12-30,6.519999980926514,6.869999885559082,6.489999771118164,6.610000133514404,4088900.0,-0.0030581010769374,6.655232925056822,6.411602969374815,6.134000034332275,5.817666689554851,6.008600006103515,5.971300005912781,5.333950008153916,3.869999885559082,7.900000095367432,3.869999885559082,9.40999984741211,3.869999885559082,9.40999984741211,3.869999885559082,9.40999984741211,3.869999885559082,9.40999984741211,3.0899999141693115,9.40999984741211,8487240.0,9767964.0,4559322.767857143,55379606.60167217,-1,False,83,83,545950329.8117638,83,0.0976928487929567,0.632857186453683,0.0970639859363545,0.8768580366282012,-0.031602676487861,-2.3917638665747223,-3.365764432252982,7.409999847412109,6.460000038146973,6209800.0,True,True,True,0.0582822263117428,0.3205521715800518,0.4984662591269155,0.6430769700270432,0.6488076737383554,0.0851113361354591,0.6928799241925185,True,True,0.3171717640721394,1.308166108659114,0.1768953115201275,1.141436043669212,0.2466539115006649,1.120432707567357,0.0,0.0,1.86151330628188,92.0,97.0,97.0,85.0,85.0,78.0,78.0,97.0,94.0,91.0,87.0,61.53846153846154,POET
2025-12-30,9.529999732971191,9.5600004196167,9.19499969482422,9.34000015258789,1219100.0,0.0291576131118473,9.487488939197304,9.643666745563833,9.899200057983398,9.842666721343994,9.541000051498411,7.280600028038025,6.607550015449524,8.789999961853027,11.649999618530272,4.869999885559082,11.65999984741211,4.519999980926514,11.65999984741211,4.510000228881836,11.65999984741211,4.510000228881836,11.65999984741211,4.510000228881836,11.65999984741211,2656842.5,3314144.0,2382441.964285714,22201173.41114044,1,False,62,62,284459709.7759247,62,0.0526109881275536,0.5151430538722447,0.0540548864959555,-0.0213292901873002,0.5241252930808522,2.4836880007184785,0.2259731785631904,9.380000114440918,9.149999618530272,1296300.0,False,False,True,0.0383001820587337,0.1348373434855786,0.3001049041777441,0.4493006998836584,0.5389808046964767,-0.0011529523601138,0.8173241730433073,False,False,-0.0041797244648461,0.989011737347964,0.8187023185570834,1.763905726180911,0.5346215256731122,1.3792441793498966,0.0,0.0,1.1151761679099514,66.0,47.0,47.0,97.0,97.0,88.0,88.0,47.0,97.0,95.0,93.0,30.76923076923077,PUMP
2025-12-30,23.229999542236328,23.520000457763672,22.600000381469727,23.270000457763672,2070100.0,-0.004286342983144,23.07712848684308,23.049722072255754,23.95959999084473,23.42233327229818,21.72339992523193,16.975299968719483,12.86244997739792,19.440000534057617,26.399999618530277,13.609999656677246,26.399999618530277,10.06999969482422,26.399999618530277,8.84000015258789,26.399999618530277,7.909999847412109,26.399999618530277,6.5,26.399999618530277,2018215.0,1970820.0,1275162.0535714286,49699193.1451416,-1,False,18,18,124314082.33032228,57,0.0517574112036605,1.2264285768781389,0.052795032330856,1.313641908047562,-0.0815378762000772,9.252942636829722,8.761039356461525,23.6200008392334,22.65999984741211,957900.0,False,True,True,0.0396039644607491,0.1011623085569589,0.2604390596762844,0.3884298641021809,0.8674358896296973,0.0693537670065385,0.8799242377992722,False,False,-0.1099617163711238,0.8839529891324454,0.7080881537244417,1.65662431088046,1.7787081933289568,2.497369571353967,0.0,0.0,1.5827125613936324,89.0,19.0,19.0,97.0,97.0,98.0,98.0,77.0,95.0,96.0,96.0,42.30769230769231,RCUS
2025-12-30,7.940000057220459,8.09000015258789,7.170000076293945,7.170000076293945,20703800.0,0.1342857224600655,7.447681784132419,7.147732181289852,6.722000026702881,6.493000014623006,6.744799976348877,7.86519995212555,10.677849988937378,4.869999885559082,8.989999771118164,4.869999885559082,11.850000381469728,4.869999885559082,11.850000381469728,4.869999885559082,20.32999992370605,4.869999885559082,22.25,4.869999885559082,26.65999984741211,9720065.0,8868186.0,5062046.875,98935505.4426837,1,False,11,11,282678400.0,11,0.1097482752288658,0.908571345465524,0.1144296396621923,1.5485777275871555,1.0345913525798374,-8.967225743489703,-13.99407034308004,7.340000152587891,6.900000095367432,9509000.0,False,False,False,0.1158690264060285,0.3362719874326385,0.4848866343686565,0.6935064066479771,1.797127394486313,0.1772031913566949,0.2978244599649237,False,False,0.441016284464248,1.431163889767961,-0.1167964116385186,0.8565931054238374,-0.4813847263487374,0.4661065191247827,0.0,0.0,1.920184707890521,93.0,98.0,98.0,30.0,30.0,9.0,9.0,96.0,94.0,90.0,85.0,88.46153846153845,RDW
2025-12-30,16.079999923706055,16.739999771118164,16.040000915527344,16.454999923706055,2827300.0,-0.0171149557579075,15.690075708340215,15.109274891421634,14.786399955749513,14.576666641235352,13.69349994659424,11.439049978256223,8.503699994087219,12.4399995803833,16.739999771118164,9.425000190734863,16.739999771118164,7.211999893188477,16.739999771118164,5.0,16.739999771118164,4.699999809265137,16.739999771118164,4.610000133514404,16.739999771118164,3661307.5,3618010.0,3550550.0,38011936.40528679,-1,False,49,49,346906789.7415161,49,0.0483924252148595,0.7994999204363141,0.0497201445416455,3.5052144032947505,-0.3502197805006684,8.721899890915939,7.204377274850971,16.399999618530273,15.80500030517578,2101200.0,False,False,True,0.0435322673452779,0.1604477572106497,0.1772387712262223,0.9052633128778516,0.7538011227166315,0.1742797667812727,0.9605734852786068,False,False,0.110497267406862,1.102904669387258,0.5126998824639033,1.4671229906322472,2.241935443555652,2.913695993147896,0.0,0.0,1.0311944628297025,56.0,88.0,88.0,95.0,95.0,98.0,98.0,87.0,95.0,96.0,98.0,88.46153846153845,REAL
2025-12-30,9.81999969482422,9.979999542236328,9.69499969482422,9.75,1593100.0,0.0061474861204235,9.87113518829178,9.812618983978776,9.96479995727539,9.79433329900106,9.497599983215332,7.263399996757507,8.020625001192093,8.5,11.260000228881836,4.295000076293945,11.260000228881836,3.119999885559082,11.260000228881836,2.680000066757202,13.239999771118164,2.680000066757202,13.239999771118164,2.680000066757202,14.795000076293944,1880732.5,4419710.0,4445504.910714285,15837793.55861187,1,False,153,153,1525729708.5443497,153,0.0527813820838503,0.4210714612688337,0.0428789688751992,0.7916558717612,0.1424923592816851,-2.183277167646743,-2.839715368471074,10.050000190734863,9.710000038146973,1198500.0,False,True,True,0.0290223886221017,0.0789206309866858,0.1945010088359579,0.4057594943029189,0.2812876862961597,0.0339453874851172,0.6637377251899323,False,False,-0.0180000305175781,0.975285922323212,1.343675312820535,2.273061546362803,0.0732240551067437,0.9645622757018284,0.0,0.0,0.4230638673836965,8.0,40.0,40.0,99.0,99.0,60.0,60.0,70.0,98.0,98.0,98.0,26.923076923076923,REPL
2025-12-30,70.44999694824219,74.69000244140625,70.44000244140625,73.0250015258789,30151700.0,0.0047061350361432,68.3926166913047,63.02356359885831,56.81980010986328,54.33283335367839,55.806800079345706,53.20674991607666,41.13809995651245,37.56999969482422,79.83000183105469,37.56999969482422,79.83000183105469,37.56999969482422,79.83000183105469,37.56999969482422,79.83000183105469,25.239999771118164,79.83000183105469,14.710000038146973,79.83000183105469,22767372.5,21532556.0,21286735.714285716,1712462696.0580254,1,False,186,186,3744083127.3376474,8,0.0877643868418949,6.2265714917864114,0.0883828497020505,2.968798896095746,0.0529977375342847,0.5319392214604051,-1.2897000310107842,72.73999786376953,69.3219985961914,18294100.0,False,False,True,0.0603264752888827,0.3853797402691915,0.5594039087192991,0.6889114184980955,1.3894764745996713,0.262390906629244,0.8825002546954273,False,False,0.6718082099817975,1.6603778642467684,0.470465397048996,1.4261610091658332,1.0521407862120649,1.844365654488032,0.0,0.0,1.069556779657889,60.0,99.0,99.0,95.0,95.0,95.0,95.0,98.0,96.0,93.0,90.0,84.61538461538461,RKLB
2025-12-30,8.350000381469727,8.395000457763672,8.25,8.369999885559082,1142900.0,-0.0071343004793091,8.345039737224512,8.097490880664344,8.063999938964844,7.807333294550578,7.389799995422363,5.948200008869171,4.551924997568131,6.170000076293945,9.039999961853027,5.46999979019165,9.039999961853027,3.427000045776367,9.039999961853027,3.025000095367432,9.039999961853027,2.8299999237060547,9.039999961853027,1.774999976158142,9.039999961853027,2278692.5,2256294.0,2112908.4821428573,18169958.724815845,-1,False,159,159,48942597.77736664,11,0.0573129521271618,0.4703571455819266,0.056330194502235,2.306683138636427,-0.1275615062000416,6.5976894460258,5.56005928812953,8.550000190734863,8.279999732971191,1336700.0,False,True,True,0.0173653234897397,0.1305389344660166,0.216766450310144,0.6022100480920585,1.0541090833020874,0.1299359098544159,0.9236726124673718,True,True,0.0542929673022167,1.0470846445709836,0.5996169956097182,1.551421334575995,1.3721592121349635,2.131982857723387,0.0,0.0,1.0784624697464458,62.0,78.0,78.0,96.0,96.0,96.0,96.0,91.0,91.0,97.0,97.0,69.23076923076923,RLAY
2025-12-30,2.190000057220459,2.4100000858306885,2.1600000858306885,2.4100000858306885,5951000.0,-0.0987654333100572,2.839597395542571,4.268507978384373,5.766800065040588,6.473000037670135,7.704500000476838,7.767950001955032,5.947375006079674,1.0700000524520874,11.164999961853027,1.0700000524520874,11.45699977874756,1.0700000524520874,11.45699977874756,1.0700000524520874,11.45699977874756,1.0700000524520874,11.45699977874756,1.0700000524520874,11.45699977874756,8268917.5,6939654.0,2375658.4821428573,32629231.324476004,-1,False,19,19,67218849.48441982,251,0.1658028857859981,1.106999933719635,0.5054794085825897,-1.4159835511383596,-0.2168021896174086,-2.411808390662774,-1.2350409890835454,2.650000095367432,2.4049999713897705,5572800.0,False,False,False,0.1141552481588969,0.5456620557167875,4.609588879286826,0.1183754278323427,1.5392957631605264,-0.7157505279920932,0.1911495242657552,False,False,-0.7746913583275143,0.2237681804784146,-0.7670212610537452,0.2259592059198267,-0.5045248824844553,0.4453092573077769,0.0,0.0,3.4806844342968817,97.0,0.0,0.0,1.0,1.0,8.0,8.0,98.0,97.0,95.0,92.0,30.76923076923077,RZLT
2025-12-30,13.489999771118164,14.1899995803833,13.31999969482422,13.710000038146973,4698500.0,0.0200377604540369,12.848561829974033,11.855660703834817,11.469399948120117,11.070999987920125,8.96590000152588,7.661149988174438,7.302074990272522,6.860000133514404,14.630000114440918,4.614999771118164,14.630000114440918,4.614999771118164,14.630000114440918,4.614999771118164,14.630000114440918,4.25,14.630000114440918,4.25,14.630000114440918,7219245.0,6724236.0,3076079.464285714,50188711.89157963,1,False,43,43,411190458.3734512,41,0.1091755639519811,1.3092857088361467,0.0970560215752785,5.198951881370098,0.2023999711140217,1.4869357060764925,-0.6318090791178352,13.699999809265137,12.739999771118164,3125800.0,False,True,True,0.0644922090674705,0.3639733084298731,0.3899184816995621,0.9334600064182642,0.6630017149903722,0.504589585967091,0.9220778992204184,False,False,0.1927497144668846,1.1845947469710243,1.1045241953577336,2.041115932607894,2.1011494406590394,2.787164290196629,0.0,0.0,2.3468980836866504,95.0,94.0,94.0,98.0,98.0,98.0,98.0,98.0,99.0,98.0,97.0,92.3076923076923,SGML
2025-12-30,2.6700000762939453,3.0799999237060547,2.509999990463257,2.944999933242798,84914500.0,0.0389105625092247,1.8971347226311872,1.5226001835079752,1.180879991054535,1.1090666592121123,1.091139997243881,1.130379999279976,1.3458399972319603,0.628000020980835,3.380000114440918,0.628000020980835,3.380000114440918,0.628000020980835,3.380000114440918,0.628000020980835,3.380000114440918,0.628000020980835,3.380000114440918,0.628000020980835,3.380000114440918,26402310.0,21342674.0,5751850.0,109671585.08910564,1,False,8,8,876877625.3929138,8,0.239615506183479,0.557571428162711,0.2088282442810413,6.929053761615421,0.1793494752424174,-2.161402125654271,-7.703939695721133,2.7300000190734863,2.200000047683716,113496700.0,False,False,False,0.2134831149645426,0.9471910229246154,1.0265917743628064,0.922655963722801,4.589001359436029,1.4469821315670934,0.7899408242285184,False,False,2.81974259320623,3.793626572122903,1.5673078598355463,2.4899561564456456,0.5000000669715121,1.348128073785145,0.0,0.0,4.590229230595374,99.0,99.0,99.0,99.0,99.0,88.0,88.0,99.0,99.0,99.0,98.0,100.0,SIDU
2025-12-30,3.309999942779541,3.990000009536743,3.240000009536743,3.4100000858306885,23095100.0,-0.0119402874602214,2.7604477255747257,2.4143436082162424,2.1011999797821046,2.001333316167196,1.9057999873161315,1.8493999934196472,1.7129499959945678,1.3899999856948853,3.990000009536743,1.3899999856948853,3.990000009536743,1.3899999856948853,3.990000009536743,1.3899999856948853,3.990000009536743,1.3899999856948853,3.990000009536743,0.949999988079071,3.990000009536743,5828045.0,5891818.0,3089746.875,20480470.527521968,-1,True,0,0,75858402.84047127,1,0.118343836991142,0.3042857391493661,0.0919292279183077,8.01489842070193,-0.1314552629539841,2.698543516846831,-2.7013939928375894,3.440000057220459,2.5999999046325684,22644300.0,False,False,False,0.2265861066360607,0.592145036867004,0.7854985102079889,0.7538461616053382,1.7614749810669643,0.7368034236587928,0.8295739185133102,False,False,1.043209835207875,2.0292401736843844,1.05590056731034,1.9939573101849928,0.591346184706548,1.4302255806196056,0.0,0.0,1.886253222604198,93.0,99.0,99.0,98.0,98.0,90.0,90.0,99.0,98.0,97.0,95.0,96.15384615384616,SLS
2025-12-30,240.22000122070312,247.47999572753903,236.5200042724609,245.8699951171875,6617000.0,-0.0164994832315122,237.2315484410129,230.42086008341155,224.34680053710937,225.38900095621744,217.9260009765625,151.49675071716308,96.37670035362244,183.0,282.79998779296875,115.68000030517578,284.760009765625,45.630001068115234,284.760009765625,40.09999847412109,284.760009765625,36.20700073242188,284.760009765625,27.88500022888184,284.760009765625,12298425.0,11478516.0,5843300.904977376,1806085138.9649963,-1,False,34,34,4947071975.280762,46,0.0865297892492444,19.28699929373605,0.0802888984919121,1.2741584899340046,-0.2089489773873596,22.493538009430715,20.811927646593944,250.0,236.00999450683597,5706200.0,True,False,True,0.0456248080900165,0.2580967433391911,0.30721839429163,0.8401083663440748,0.6377862782959052,0.1023007816609193,0.8435875578822285,True,True,0.0758688755554444,1.068513035848634,1.1409982865820978,2.076491077683282,4.342971666199729,4.802006519363206,0.0,0.0,2.10470506311323,94.0,83.0,83.0,98.0,98.0,99.0,99.0,89.0,97.0,99.0,99.0,76.92307692307693,SNDK
2025-12-30,2.119999885559082,2.559999942779541,2.0999999046325684,2.240000009536743,1141100.0,-0.1092437883949061,1.904865316252188,1.8608379953414125,1.6915999937057495,1.7489999969800314,2.2869199967384337,2.845910004377365,3.349129999279976,1.2699999809265137,2.950000047683716,1.2699999809265137,3.9700000286102295,1.2699999809265137,3.9700000286102295,1.2699999809265137,5.28000020980835,1.2699999809265137,5.289999961853027,1.2699999809265137,14.199999809265137,3790075.0,3037118.0,979066.1607142856,17772226.087730527,-1,False,6,6,339365260.61296463,6,0.1261757662995877,0.2932142785617283,0.1383086294291956,-0.5277259078051799,-0.886724310143375,-13.826460641477237,-16.36645874353784,2.440000057220459,2.150000095367432,1606700.0,False,False,False,0.2169811617823094,0.7830189506792905,0.7830189506792905,1.0,4.935870124242785,-0.0729890470228125,0.1492957685940134,False,False,0.350318353332526,1.34108607086209,-0.3925501777174817,0.5891476625717406,-0.3333333833162629,0.5991679611196812,0.0,0.0,3.871112241520961,98.0,98.0,98.0,10.0,10.0,14.0,14.0,97.0,94.0,90.0,87.0,88.46153846153845,SOBR
2025-12-30,8.75,9.300000190734863,8.354999542236328,8.680000305175781,8674400.0,0.0022910033003906,8.146762336291445,7.399099710969797,6.304399909973145,5.997666581471761,7.309599962234497,15.142499976158142,19.808100011348724,3.7200000286102295,11.0,3.7200000286102295,20.739999771118164,3.7200000286102295,29.0,3.7200000286102295,32.18000030517578,3.7200000286102295,32.84000015258789,3.7200000286102295,35.0,10009797.5,9224506.0,4328903.571428572,88140759.53961849,1,False,12,12,465578384.5710754,7,0.146662877943654,1.3401429653167725,0.1531591960362025,1.286608559834496,0.0149241224863978,-17.697228095342027,-19.142908965130022,8.8100004196167,8.25,5868600.0,False,True,True,0.1080000741141183,0.6811428615025111,0.7462857382638114,0.9127105431321102,1.8189559419225267,0.1970559326375478,0.25,False,False,1.002288381955085,1.9885985051316972,-0.4988544983498046,0.4860462380187148,-0.5930232558139534,0.3657711664790911,0.0,0.0,2.3123170416791448,95.0,99.0,99.0,6.0,6.0,6.0,6.0,99.0,98.0,96.0,95.0,92.3076923076923,SOC
2025-12-30,11.640000343322754,11.989999771118164,11.484999656677246,11.699999809265137,1668800.0,-0.0068259319013084,11.099152816351166,10.576684241764568,10.255199928283693,9.739833291371664,9.45469997406006,10.538049955368042,12.807449989318847,6.659999847412109,11.989999771118164,6.659999847412109,11.989999771118164,6.659999847412109,14.970000267028809,6.659999847412109,18.6299991607666,6.659999847412109,18.899999618530277,6.659999847412109,18.899999618530277,2044950.0,1959480.0,1904554.4642857143,17115967.34126568,-1,False,285,285,126912531.72149658,285,0.0672802736141409,0.7321427890232631,0.0628988631811556,3.674689014284165,-0.1092681986430283,-15.086956878891204,-16.632367831463643,11.770000457763672,11.3100004196167,1177900.0,False,True,False,0.043384888277139,0.1898625406325466,0.2551545726592888,0.7441079289849627,0.7390940453589728,0.2311337615427555,0.615873046468766,False,False,0.2201258270300692,1.211783685892155,0.1582089674041715,1.1233127097672284,-0.2765692832233694,0.6501848101208173,0.0,0.0,1.0737156843487483,61.0,96.0,96.0,84.0,84.0,17.0,17.0,97.0,95.0,92.0,88.0,96.15384615384616,SPRY
2025-12-30,31.81999969482422,32.41999816894531,31.48500061035156,32.41999816894531,522600.0,-0.011187091576679,32.160892019531694,31.760868371708867,31.798799896240237,31.21966660817464,30.099400024414063,26.50019989967346,18.32424995899201,25.309999465942383,35.43000030517578,20.31999969482422,38.69300079345703,18.0,38.69300079345703,11.661999702453612,38.69300079345703,9.09000015258789,38.69300079345703,5.349999904632568,38.69300079345703,1032332.5,1011928.0,919376.7857142856,29011082.22167015,-1,False,83,83,137042600.0,83,0.063727565479758,1.9724999836512973,0.0619893149770249,0.922157620273482,-0.1825098166465709,8.864146921699557,9.473019100712468,32.33000183105469,31.0,423800.0,False,False,True,0.0293839587542747,0.0958516425616639,0.2102451476498851,0.4559041843918452,0.7934754251290606,0.0571639191815966,0.822370946742517,False,False,0.0294403057879115,1.0224019035725893,0.3540425402052858,1.313245914843037,1.731330535342844,2.454788806054253,0.0,0.0,1.122861177311494,66.0,69.0,69.0,93.0,93.0,97.0,97.0,85.0,92.0,92.0,96.0,53.84615384615385,STOK
2025-12-30,11.779999732971191,12.14799976348877,11.760000228881836,12.020000457763672,1383500.0,-0.022406676638169,11.80816133066385,11.508260281064212,11.276399993896485,11.139333311716715,10.819799966812134,8.924700007438659,10.7839924120903,9.239999771118164,12.460000038146973,4.739999771118164,13.550000190734863,4.539999961853027,13.550000190734863,4.539999961853027,13.550000190734863,4.539999961853027,14.75,4.539999961853027,16.89699935913086,1516810.0,2162002.0,1640602.6785714286,13853382.280359268,-1,False,64,64,165058116.63217545,64,0.0573101236897561,0.5880000250680106,0.0499151136160258,1.7779121593755896,-0.4591844324027749,-9.520122679388315,-8.699929283802444,12.390000343322754,11.859999656677246,1255400.0,False,False,True,0.032937142903404,0.1502547111957562,0.1803904964490203,0.8329413918887868,0.4878302610265855,0.0887446874345463,0.6971651878891428,False,False,0.0480427022107765,1.0408771132635408,1.3797980175518467,2.308095892044649,0.1081843467685379,0.9959829080702912,0.0,0.0,0.9245443883590252,41.0,76.0,76.0,99.0,99.0,65.0,65.0,86.0,98.0,97.0,96.0,69.23076923076923,SUPV
2025-12-30,6.110000133514404,6.360000133514404,5.994999885559082,6.320000171661377,2047000.0,-0.0347551015550164,6.312598419273205,6.156152789490768,6.230400009155273,5.944000005722046,5.244000029563904,4.310200006961822,3.481350003480911,4.144999980926514,7.005000114440918,3.3399999141693115,7.005000114440918,2.9800000190734863,7.005000114440918,2.240000009536743,7.005000114440918,1.919999957084656,7.005000114440918,1.8899999856948853,7.005000114440918,3037072.5,2810398.0,1665360.267857143,24662379.182646275,-1,False,217,217,41283785.74962616,32,0.0623489964026959,0.3735714299338205,0.0611409855598393,2.7009890506886567,-0.5889095700670262,7.0705859085477964,7.631158221056446,6.5,6.275000095367432,1034100.0,False,False,True,0.0597381734827194,0.1448444734379466,0.2389525378467049,0.6061641978913348,1.193307851770461,0.1651411325454392,0.8722341232969494,False,False,-0.0286168250286594,0.964741716061868,0.711484663240429,1.659918485261362,1.9804879393342167,2.678719523464398,0.0,0.0,1.8236729665154496,92.0,36.0,36.0,97.0,97.0,98.0,98.0,94.0,96.0,95.0,96.0,30.76923076923077,SVRA
2025-12-30,6.5,6.820000171661377,6.369999885559082,6.619999885559082,14660200.0,0.0124610471581545,6.429582313604701,5.92031321336931,5.54920000076294,5.110000006357828,4.612200012207032,3.4031000113487244,2.3481500041484837,2.5199999809265137,7.739999771118164,2.470000028610229,7.739999771118164,1.4199999570846558,7.739999771118164,1.149999976158142,7.739999771118164,1.0299999713897705,7.739999771118164,0.9200000166893004,7.739999771118164,16753647.5,15668792.0,5314013.839285715,123043277.37397432,1,False,18,18,189338644.947052,8,0.1255772689428238,0.7335714272090367,0.1128571426475441,3.626759821946673,0.109055397659672,10.761053476552906,8.986118342415017,6.744999885559082,6.190000057220459,12001200.0,False,True,True,0.0692308132465069,0.4292307633620042,0.5261537845318134,0.8157895580736837,1.2049167542718036,0.4093057505738173,0.8397933064875237,False,False,0.5776699467354363,1.5668832351740978,1.9816512848409644,2.891815621029337,4.2,4.6735104471271285,0.0,0.0,3.1527293693032514,97.0,99.0,99.0,99.0,99.0,99.0,99.0,99.0,99.0,99.0,99.0,80.76923076923077,TE
2025-12-30,4.309999942779541,4.5,4.269999980926514,4.5,4239400.0,-0.0336323080906862,4.566493948957805,4.534591833007372,4.496000022888183,4.428666679064433,4.483399991989136,3.652499994039536,2.585049998164177,3.430000066757202,4.989999771118164,2.0899999141693115,11.289999961853027,1.559999942779541,11.289999961853027,1.4299999475479126,11.289999961853027,1.1699999570846558,11.289999961853027,1.1299999952316284,11.289999961853027,4589892.5,5849954.0,4565529.017857143,15251304.992728231,-1,False,84,84,1602360717.6652908,77,0.0749166035632247,0.3257143497467041,0.0755717758865326,-0.5117785761830259,-0.4605265180489626,3.943280966255564,3.4220020248820364,4.690000057220459,4.349999904632568,3040200.0,False,False,False,0.0533642742754094,0.1600928228262282,0.1809744184052507,0.8846157608183994,0.5380230340272761,-0.0386760158628324,0.3817537606149062,False,False,0.0070092830608843,1.000124244337516,1.0523810183380229,1.990543803465119,2.100719415205531,2.7867778039563404,0.0,0.0,1.0053363984869146,53.0,57.0,57.0,98.0,98.0,98.0,98.0,85.0,97.0,98.0,97.0,15.384615384615383,TMQ
2025-12-30,120.66999816894533,125.48999786376952,120.4499969482422,122.6500015258789,862100.0,-0.003633080994045,119.84198302518138,116.55978819282556,116.10280059814453,112.61333389282228,101.76720016479491,82.7834001159668,61.69315006256104,87.30000305175781,129.5800018310547,70.9000015258789,129.5800018310547,50.84999847412109,129.5800018310547,43.119998931884766,129.5800018310547,37.47999954223633,129.5800018310547,28.63999938964844,129.5800018310547,1764427.5,1629302.0,1036136.1607142856,175992146.2759018,-1,False,50,50,517281291.9540405,50,0.0470168174159306,5.650000980922154,0.0468219198363773,3.967062567371832,-0.0778765247814941,11.097620296117732,10.94222157765353,121.45999908447266,119.4000015258789,515700.0,False,False,True,0.0417668102428495,0.1190850694890094,0.1638352910620064,0.726858473025446,0.6876932576035627,0.185745485515377,0.931239361504824,False,False,0.1161779436470664,1.1085465061881974,0.6690178848617834,1.6187312097021718,1.8446488302134108,2.5566338512327578,0.0,0.0,1.7028915377141638,91.0,89.0,89.0,97.0,97.0,98.0,98.0,92.0,95.0,96.0,97.0,73.07692307692307,TSEM
2025-12-30,9.34000015258789,9.640000343322754,9.34000015258789,9.449999809265137,1559600.0,-0.0063829221677951,9.176806055789982,8.865555381798119,8.654800033569336,8.45400004386902,8.082000036239624,6.601200015544891,4.8826500046253205,7.050000190734863,9.640000343322754,5.400000095367432,9.640000343322754,4.25,9.640000343322754,3.1700000762939453,9.640000343322754,2.650000095367432,9.640000343322754,2.0299999713897705,9.640000343322754,2064532.5,2430420.0,1829330.8035714289,20104160.142769814,-1,False,77,77,84549695.54185867,77,0.0531095542564563,0.4114284515380859,0.0440501546912811,3.533575664923573,-0.1458320777721631,10.825974354992546,10.67628725972984,9.420000076293944,9.029999732971191,1522900.0,False,False,True,0.0321199342434422,0.1488223041342904,0.2162741354135822,0.6881188259044324,0.7434517490804059,0.1556545546532299,0.9688796493723508,False,False,0.2020592246480503,1.1938406069563368,0.624347852623981,1.5754070632220272,1.7715134925111091,2.49090331953932,0.0,0.0,1.1285725337207375,67.0,95.0,95.0,96.0,96.0,98.0,98.0,89.0,95.0,96.0,97.0,88.46153846153845,TTI
2025-12-30,37.68000030517578,39.0,37.22999954223633,38.61000061035156,1486700.0,-0.0308642163058876,37.193231195153146,36.20448040443728,35.707599792480465,35.632666397094724,34.12199981689453,28.165049896240237,22.487599964141847,33.45000076293945,42.130001068115234,24.56999969482422,42.130001068115234,17.049999237060547,42.130001068115234,15.029999732971191,42.130001068115234,13.880000114440918,42.130001068115234,12.90999984741211,42.130001068115234,1782400.0,1867214.0,1856483.9285714289,65023612.62125015,-1,False,111,111,341140127.3288727,111,0.0513531519406103,2.0366431644984653,0.0540510389597504,1.9291565895601863,-0.5892052097574786,8.52989585294874,8.99165001361161,39.959999084472656,38.39500045776367,1352300.0,False,False,True,0.0469745340612574,0.2292993450019063,0.2303609404160085,0.9953915997556484,1.1104244077004564,0.1042729179817769,0.8943745395177002,False,False,0.0641061978973596,1.0568307809756503,0.5765690755895043,1.5290678368730457,1.5615227877268143,2.3021737517298986,0.0,0.0,0.9600944950660378,46.0,80.0,80.0,96.0,96.0,97.0,97.0,63.0,92.0,96.0,95.0,88.46153846153845,TVTX
2025-12-30,11.90999984741211,12.380000114440918,11.138999938964844,11.510000228881836,2296800.0,0.0249569677030228,11.417835603958483,10.913775393315095,10.274400024414062,9.960666688283284,10.927400016784668,11.447400007247923,9.408249990940094,7.244999885559082,13.350000381469728,7.244999885559082,17.479999542236328,7.244999885559082,17.479999542236328,7.244999885559082,17.479999542236328,4.809999942779541,17.479999542236328,4.449999809265137,17.479999542236328,2414672.5,3127740.0,3016826.339285714,25544712.886571884,1,False,172,172,322865888.95139694,172,0.099234459107218,1.0765715326581682,0.0903922373174583,0.9947838078329932,0.2693736115583393,-2.7249219794716435,-3.72211292807684,12.329999923706056,11.53499984741211,1783100.0,False,False,True,0.1041981688812303,0.3937867837233175,0.4080605098754538,0.9650205648262978,0.8518866657714516,0.0899207340372048,0.6813501235302886,False,False,0.3611428397042411,1.3518365489708393,-0.2112583081767528,0.7649772986424977,0.4943538470439177,1.3430535222816085,0.0,0.0,0.8004015572774784,26.0,98.0,98.0,21.0,21.0,88.0,88.0,96.0,94.0,90.0,86.0,84.61538461538461,UMAC
2025-12-30,5.340000152587891,5.670000076293945,5.320000171661377,5.599999904632568,5769600.0,-0.0129389458037976,5.56727642715702,5.31316953991895,5.11039999961853,4.880000003178915,4.543600010871887,3.851850006580353,2.8271749997138977,3.5199999809265137,6.239999771118164,3.5199999809265137,6.239999771118164,2.2249999046325684,6.239999771118164,2.174999952316284,6.239999771118164,1.475000023841858,6.239999771118164,1.0,6.239999771118164,3718702.5,3570650.0,1637784.4642857143,22254349.184730053,-1,False,39,39,38076229.87413406,19,0.068268514514719,0.4021428653172084,0.0753076505292458,2.327513122249087,-0.1740667331471946,4.336387648156814,5.7024456285048375,5.900000095367432,5.360000133514404,6697300.0,False,False,True,0.0655430514291184,0.1816478955944534,0.3726591225196431,0.4874371365613855,1.2820438855670535,0.1752795448125681,0.8557692866118487,False,False,0.2027027215695245,1.19447970421507,0.4354839009457976,1.3922334880661948,1.5129412482766544,2.2585109955456986,0.0,0.0,2.270568918616428,95.0,95.0,95.0,94.0,94.0,97.0,97.0,95.0,91.0,97.0,95.0,53.84615384615385,USAS
2025-12-30,14.56999969482422,15.800000190734863,13.75,14.260000228881836,1047900.0,0.0153309621955535,12.993576484620412,11.07337137312638,9.32140001296997,8.509833335876465,7.250399990081787,5.707799999713898,6.224215002655983,4.019999980926514,16.290000915527344,3.509999990463257,16.290000915527344,2.869999885559082,16.290000915527344,2.809999942779541,16.290000915527344,2.809999942779541,16.290000915527344,1.4249999523162842,17.25,1117030.0,1072628.0,466448.4017857143,20829054.17556286,1,False,127,127,110562722.08213806,8,0.2323871417656742,2.907714298793248,0.199568590233133,5.058633026784539,0.0756605672867501,2.881098414512808,-0.5349813173932769,15.09000015258789,12.3100004196167,892300.0,False,True,False,0.1407000846721428,0.527796890537299,0.7759781020139612,0.6801698258848584,1.6373244032413847,1.0095442616621573,0.8446376634680707,False,False,1.723364477484952,2.7047445201511566,3.745928342556716,4.602935892291447,1.0844063192999949,1.8733643671742943,0.0,0.0,2.394755766604946,95.0,99.0,99.0,99.0,99.0,95.0,95.0,99.0,99.0,99.0,99.0,92.3076923076923,VELO
2025-12-30,51.16999816894531,52.150001525878906,50.38999938964844,52.150001525878906,1061000.0,-0.020669891503439,51.18718826924039,47.47254257592127,44.7971997833252,42.10599975585937,36.55979988098144,31.003099975585936,26.95862502098084,27.190000534057617,56.04999923706055,23.049999237060547,56.04999923706055,21.149999618530277,56.04999923706055,19.06599998474121,56.04999923706055,18.76000022888184,56.04999923706055,18.530000686645508,56.04999923706055,1765232.5,1636794.0,1506550.4464285714,84070120.72904587,-1,False,211,211,420678782.96642303,211,0.072661061028342,2.6461424146379744,0.0517127713372461,7.727775336009577,-0.408141990045704,7.353176668902245,4.288713181179521,53.7599983215332,51.45500183105469,1363200.0,False,False,True,0.0343951963887034,0.1725620154842272,0.4520227065818551,0.3817551927625977,0.7442537057198402,0.3996246788966739,0.912934859330229,False,False,0.5161480938946759,1.5057820143436549,0.7608396114705822,1.7077863935552269,1.2247825290845786,1.9995277677428256,0.0,0.0,1.171704873331431,71.0,98.0,98.0,97.0,97.0,96.0,96.0,98.0,98.0,97.0,96.0,76.92307692307693,VERA
2025-12-30,4.610000133514404,4.920000076293945,4.590000152587891,4.789999961853027,2033200.0,-0.0335429450842537,4.978997392958735,5.055374070744854,5.048800048828125,4.8886667172114056,5.323500018119812,4.697750012874604,3.332025004029274,3.5899999141693115,6.130000114440918,3.5899999141693115,9.420000076293944,2.2699999809265137,9.420000076293944,1.4199999570846558,9.420000076293944,1.2200000286102295,9.420000076293944,1.2200000286102295,9.420000076293944,4130190.0,4760318.0,3301898.214285714,16775489.839613438,-1,False,76,76,392022766.0417557,76,0.0756894115438719,0.3607857908521379,0.0782615575711697,-1.712569322979072,-0.4434760222518925,-1.3191602227926342,0.6093012110717273,5.058000087738037,4.739999771118164,2277100.0,False,False,False,0.0715834954769255,0.1843817527147393,0.3861171709883179,0.4775279800242758,0.5268996735092067,-0.1340283426649459,0.4893842989572553,False,False,0.0573394477854032,1.0501102959154027,-0.0435684710929354,0.9276147246997548,2.2928572943016,2.9594621088110187,0.0,0.0,1.2508532159261203,76.0,79.0,79.0,42.0,42.0,98.0,98.0,87.0,79.0,95.0,98.0,26.923076923076923,VERI
2025-12-30,3.630000114440918,3.765000104904175,3.5999999046325684,3.660000085830689,1079800.0,-0.0135869433177331,3.754649209141928,3.736811789596156,3.7483999729156494,3.7496666510899854,3.540399990081787,3.203099999427796,2.1019100001454354,3.1700000762939453,4.989999771118164,2.700000047683716,4.989999771118164,2.1700000762939453,4.989999771118164,1.2649999856948853,4.989999771118164,0.9800000190734864,4.989999771118164,0.4519999921321869,4.989999771118164,3191912.5,2832380.0,1801904.4642857143,12600414.598730804,-1,False,141,141,53711887.66951561,141,0.0929229845103258,0.4146428108215332,0.114226666046647,0.2215586858036931,-0.120585600452638,3.0259284021584154,5.356854014019501,3.803999900817871,3.640000104904175,1075300.0,False,True,True,0.0454545991927659,0.4077134253431979,0.5013773105912229,0.8131868290218862,1.2645972644913466,0.0253079100130324,0.7274549661206706,False,False,-0.0833333132644296,0.9103993307729596,0.1597444031050172,1.1248018835573916,2.184210666659138,2.861815733939446,0.0,0.0,1.7714105066415344,92.0,23.0,23.0,84.0,84.0,98.0,98.0,68.0,84.0,91.0,97.0,30.76923076923077,VFF
2025-12-30,7.03000020980835,7.139999866485596,6.869999885559082,7.110000133514404,3047900.0,-0.0236110561055886,6.8466373692156335,6.460885514067065,6.148000011444092,5.941000016530355,5.488400001525879,5.133699998855591,4.819049997329712,4.340000152587891,7.46999979019165,4.269999980926514,7.46999979019165,4.269999980926514,7.46999979019165,4.139999866485596,7.46999979019165,4.139999866485596,7.46999979019165,3.809999942779541,7.46999979019165,1253747.5,1164502.0,682208.0357142857,10518999.1644001,-1,False,42,42,27010009.518527985,42,0.0699591153361951,0.4450000013623919,0.0633001405521328,4.437325935834395,-0.3820215706434248,2.048188472851182,-0.953711159298914,7.46999979019165,6.940000057220459,2475600.0,False,True,True,0.0384068240211154,0.1379800513858156,0.366998555719302,0.3759689220448848,1.3913672969217743,0.2808833554139416,0.9410977787494674,False,False,0.311567170652097,1.3025998344913117,0.4088177419361003,1.3663707671071246,0.5021368520656475,1.3500485136814349,0.0,0.0,1.837778850973664,92.0,97.0,97.0,94.0,94.0,88.0,88.0,96.0,94.0,90.0,87.0,92.3076923076923,VNDA
2025-12-30,12.529999732971191,13.65999984741211,12.255000114440918,13.609999656677246,1490400.0,-0.0867347311149376,13.269120200493582,12.81239211645473,11.136800003051755,10.656333351135254,14.960300006866454,25.777149972915648,22.40287506222725,6.5,16.799999237060547,6.5,38.310001373291016,6.5,50.20000076293945,6.5,56.79999923706055,3.380000114440918,65.80000305175781,2.619999885559082,65.80000305175781,2310465.0,1921740.0,775728.2142857143,41500272.74832964,-1,False,21,21,449114411.187172,21,0.1453444932065344,1.820214203425816,0.1452684949893606,-1.118273918343035,-0.6537695024123661,-15.89129801963161,-16.057043913953002,15.0,13.720000267028809,692300.0,False,False,True,0.1121308669523833,0.3790901155270283,0.7653630808689199,0.4953075540260523,0.8034749758031784,-0.1624499691035479,0.1904255190249031,False,False,0.5042016623928776,1.4939172619732006,-0.7428161038787766,0.2494350738001239,-0.5618881270683644,0.3937539259916215,0.0,0.0,2.978446519606692,97.0,98.0,98.0,2.0,2.0,7.0,7.0,98.0,96.0,94.0,91.0,61.53846153846154,VOR
2025-12-30,54.77000045776367,56.0,54.61000061035156,55.77000045776367,1253000.0,-0.0228367314312206,54.154225889581326,51.34809050988864,49.57359985351562,47.142333348592125,42.102199974060056,33.878000011444094,26.80319995880127,33.61000061035156,56.95000076293945,28.041000366210938,56.95000076293945,21.38999938964844,56.95000076293945,17.530000686645508,56.95000076293945,17.530000686645508,56.95000076293945,13.760000228881836,56.95000076293945,2702097.5,2611686.0,3310058.4821428573,163567592.50806808,-1,False,271,271,595226645.7416534,25,0.0494914630376617,2.2634999411446706,0.0413273675776246,7.280457684236907,-0.5654953888134714,10.144925355684318,9.98830981563014,56.43999862670898,53.04999923706055,2318800.0,True,False,True,0.0253788456825072,0.0827095591771537,0.2952346512414621,0.280148549058723,0.7834823941316069,0.3008821508498007,0.961720802880227,False,False,0.3251874674878525,1.316127007785194,1.018054594306796,1.957251617443147,1.802968162311652,2.519173267216968,0.0,0.0,0.8163292324221181,27.0,97.0,97.0,98.0,98.0,98.0,98.0,96.0,97.0,97.0,98.0,76.92307692307693,VSXY
2025-12-30,175.92991638183594,181.32593576342336,175.1305044089139,180.13681255023516,6008000.0,-0.0201468418747753,176.9100168164362,172.79026535880973,170.32049377441408,166.85193532307943,158.46186172485352,128.75865013122558,90.75868001937866,132.22581547771188,188.63052328088332,112.34652150919072,188.63052328088332,74.3684629906989,188.63052328088332,64.05640879331524,188.63052328088332,50.93679651984471,188.63052328088332,28.698607251651424,188.63052328088332,8293885.0,8718496.0,8292230.78125,1328809541.096115,-1,False,11,11,6562846205.200195,11,0.05496580161368,10.432286789675205,0.059297969351802,1.8590024701222487,-0.3467417684387797,13.96672610120226,15.58015822807798,184.63347650591575,176.56943216297375,3906300.0,False,False,True,0.0352153373452583,0.1233102240319903,0.2128346340517148,0.5793710435399733,0.994506391928149,0.1102350714982334,0.9326693968815676,False,False,0.0788071701012735,1.0714312409354392,0.4676126126613495,1.4233941777467578,1.7632627886736296,2.4834879828892023,0.0,0.0,1.000199490196744,52.0,83.0,83.0,95.0,95.0,98.0,98.0,90.0,92.0,96.0,97.0,57.692307692307686,WDC
2025-12-30,17.149999618530273,17.860000610351562,17.020000457763672,17.690000534057617,1741100.0,-0.0397536935922485,16.995832599016985,15.37539180861455,13.88799991607666,12.738333288828532,10.702000007629394,9.369999995231629,8.325200002193451,6.599999904632568,21.729999542236328,6.510000228881836,21.729999542236328,6.510000228881836,21.729999542236328,6.510000228881836,21.729999542236328,5.929999828338623,21.729999542236328,5.28000020980835,21.729999542236328,8115835.0,7391046.0,2896303.125,250689695.8295107,-1,False,22,22,2727095995.4063416,22,0.1102318174211567,1.48428555897304,0.0865472648389621,6.9615622071416565,-0.4783452803465464,1.264763651082216,-0.2588242823378518,18.049999237060547,17.420000076293945,2169400.0,False,False,True,0.0489796018234475,0.1906705848687304,0.862973763445835,0.2209459811470827,0.4463292475787594,0.602504168034399,0.7892314762913839,False,False,1.2100514320476343,2.1949410552653745,1.3428960678067634,2.2723057796120463,1.630368047346712,2.36404856712774,0.0,0.0,2.8021359124832625,97.0,99.0,99.0,99.0,99.0,97.0,97.0,99.0,99.0,97.0,96.0,69.23076923076923,WVE
2025-12-30,1.3600000143051147,1.5399999618530271,1.350000023841858,1.399999976158142,1810800.0,0.0,1.4417621832981655,1.2703993432659848,1.051999998092651,0.9670666644970576,0.9378199940919876,0.9104999980330468,1.1016699980199336,0.4699999988079071,2.559999942779541,0.4699999988079071,2.559999942779541,0.4699999988079071,2.559999942779541,0.4699999988079071,2.559999942779541,0.4699999988079071,2.559999942779541,0.4699999988079071,4.639999866485596,16488155.0,13231146.0,4034740.754464286,49248763.92535359,-1,False,18,18,365122814.5086765,18,0.2319536001275493,0.448285698890686,0.3296218339525057,1.3657217233648418,0.0,-6.213484911348,-8.994939624343687,1.787999987602234,1.3600000143051147,2626700.0,False,True,True,0.1397058353034275,1.0735293408681783,1.474264643042249,0.7281795340712202,1.995027490438092,0.4501716991242959,0.2931034597928122,False,False,1.2006473759150351,2.1856012957502133,0.1239669185365119,1.090102356727292,0.5722543344635016,1.4130667418569396,0.0,0.0,4.086546324384408,98.0,99.0,99.0,80.0,80.0,89.0,89.0,99.0,99.0,98.0,97.0,69.23076923076923,YCBD
