{
  "2026-03-23": {
    "Cybersecurity": {
      "median_rs": 92.3076923076923,
      "breadth": 9
    },
    "Cryptocurrency": {
      "median_rs": 88.46153846153845,
      "breadth": 17
    },
    "Business Process Outsourcing (BPO)": {
      "median_rs": 96.15384615384616,
      "breadth": 2
    },
    "Solar": {
      "median_rs": 80.76923076923077,
      "breadth": 5
    },
    "Space": {
      "median_rs": 98.07692307692308,
      "breadth": 11
    },
    "Nuclear": {
      "median_rs": 88.46153846153845,
      "breadth": 5
    },
    "AI - Memory & Storage": {
      "median_rs": 84.61538461538461,
      "breadth": 5
    },
    "Electronic Manufacturing Services (EMS)": {
      "median_rs": 98.07692307692308,
      "breadth": 2
    },
    "AI - Data Center Infrastructure": {
      "median_rs": 100.0,
      "breadth": 31
    },
    "AI - Data Center - Optics": {
      "median_rs": 84.61538461538461,
      "breadth": 11
    },
    "Metals & Mining": {
      "median_rs": 30.76923076923077,
      "breadth": 6
    },
    "Biotechnology": {
      "median_rs": 96.15384615384616,
      "breadth": 64
    },
    "Financial Services": {
      "median_rs": 98.07692307692308,
      "breadth": 31
    },
    "Healthcare": {
      "median_rs": 96.15384615384616,
      "breadth": 20
    },
    "Software": {
      "median_rs": 100.0,
      "breadth": 35
    },
    "Energy": {
      "median_rs": 100.0,
      "breadth": 96
    },
    "Semiconductor Manufacturing": {
      "median_rs": 96.15384615384616,
      "breadth": 17
    },
    "Gaming & Entertainment": {
      "median_rs": 90.38461538461539,
      "breadth": 10
    },
    "Chemicals": {
      "median_rs": 78.84615384615385,
      "breadth": 12
    },
    "Travel & Transportation": {
      "median_rs": 80.76923076923077,
      "breadth": 3
    },
    "Consumer": {
      "median_rs": 82.6923076923077,
      "breadth": 14
    },
    "Retail": {
      "median_rs": 96.15384615384616,
      "breadth": 12
    },
    "Real Estate": {
      "median_rs": 88.46153846153845,
      "breadth": 9
    },
    "Aerospace & Defense": {
      "median_rs": 88.46153846153845,
      "breadth": 9
    },
    "Telecom": {
      "median_rs": 76.92307692307693,
      "breadth": 10
    },
    "Automotive": {
      "median_rs": 88.46153846153845,
      "breadth": 9
    },
    "Industrial": {
      "median_rs": 92.3076923076923,
      "breadth": 3
    },
    "Logistics": {
      "median_rs": 76.92307692307692,
      "breadth": 8
    },
    "Agriculture": {
      "median_rs": 82.6923076923077,
      "breadth": 4
    },
    "Security & Surveillance": {
      "median_rs": 88.46153846153845,
      "breadth": 6
    },
    "Ads & Marketing Tech": {
      "median_rs": 80.76923076923077,
      "breadth": 11
    }
  },
  "2026-03-20": {
    "Cybersecurity": {
      "median_rs": 92.3076923076923,
      "breadth": 7
    },
    "Cryptocurrency": {
      "median_rs": 76.92307692307693,
      "breadth": 11
    },
    "Solar": {
      "median_rs": 80.76923076923077,
      "breadth": 5
    },
    "Space": {
      "median_rs": 92.3076923076923,
      "breadth": 13
    },
    "Nuclear": {
      "median_rs": 96.15384615384616,
      "breadth": 3
    },
    "AI - Memory & Storage": {
      "median_rs": 92.3076923076923,
      "breadth": 5
    },
    "AI - Data Center Infrastructure": {
      "median_rs": 92.3076923076923,
      "breadth": 26
    },
    "AI - Data Center - Optics": {
      "median_rs": 82.6923076923077,
      "breadth": 10
    },
    "Metals & Mining": {
      "median_rs": 40.38461538461539,
      "breadth": 2
    },
    "Biotechnology": {
      "median_rs": 100.0,
      "breadth": 71
    },
    "Financial Services": {
      "median_rs": 100.0,
      "breadth": 25
    },
    "Healthcare": {
      "median_rs": 94.23076923076923,
      "breadth": 21
    },
    "Software": {
      "median_rs": 96.15384615384616,
      "breadth": 31
    },
    "Energy": {
      "median_rs": 100.0,
      "breadth": 94
    },
    "Semiconductor Manufacturing": {
      "median_rs": 80.76923076923077,
      "breadth": 14
    },
    "Gaming & Entertainment": {
      "median_rs": 80.76923076923077,
      "breadth": 9
    },
    "Chemicals": {
      "median_rs": 88.46153846153845,
      "breadth": 11
    },
    "Consumer": {
      "median_rs": 84.61538461538461,
      "breadth": 9
    },
    "Retail": {
      "median_rs": 94.23076923076923,
      "breadth": 10
    },
    "Real Estate": {
      "median_rs": 92.3076923076923,
      "breadth": 6
    },
    "Aerospace & Defense": {
      "median_rs": 61.53846153846154,
      "breadth": 10
    },
    "Telecom": {
      "median_rs": 80.76923076923077,
      "breadth": 8
    },
    "Automotive": {
      "median_rs": 71.15384615384616,
      "breadth": 8
    },
    "Industrial": {
      "median_rs": 84.61538461538461,
      "breadth": 2
    },
    "Logistics": {
      "median_rs": 63.46153846153845,
      "breadth": 6
    },
    "Agriculture": {
      "median_rs": 92.3076923076923,
      "breadth": 3
    },
    "Security & Surveillance": {
      "median_rs": 90.38461538461539,
      "breadth": 6
    },
    "Ads & Marketing Tech": {
      "median_rs": 75.0,
      "breadth": 10
    }
  },
  "2026-03-19": {
    "Cybersecurity": {
      "median_rs": 94.23076923076923,
      "breadth": 11
    },
    "Cryptocurrency": {
      "median_rs": 90.38461538461539,
      "breadth": 13
    },
    "Solar": {
      "median_rs": 92.3076923076923,
      "breadth": 4
    },
    "Space": {
      "median_rs": 96.15384615384616,
      "breadth": 12
    },
    "Nuclear": {
      "median_rs": 100.0,
      "breadth": 4
    },
    "AI - Memory & Storage": {
      "median_rs": 100.0,
      "breadth": 5
    },
    "Electronic Manufacturing Services (EMS)": {
      "median_rs": 100.0,
      "breadth": 2
    },
    "AI - Data Center Infrastructure": {
      "median_rs": 100.0,
      "breadth": 31
    },
    "AI - Data Center - Optics": {
      "median_rs": 92.3076923076923,
      "breadth": 10
    },
    "Metals & Mining": {
      "median_rs": 46.15384615384616,
      "breadth": 2
    },
    "Biotechnology": {
      "median_rs": 100.0,
      "breadth": 63
    },
    "Financial Services": {
      "median_rs": 94.23076923076923,
      "breadth": 28
    },
    "Healthcare": {
      "median_rs": 94.23076923076923,
      "breadth": 23
    },
    "Software": {
      "median_rs": 96.15384615384616,
      "breadth": 34
    },
    "Energy": {
      "median_rs": 100.0,
      "breadth": 102
    },
    "Semiconductor Manufacturing": {
      "median_rs": 86.53846153846153,
      "breadth": 15
    },
    "Gaming & Entertainment": {
      "median_rs": 88.46153846153845,
      "breadth": 12
    },
    "Chemicals": {
      "median_rs": 92.3076923076923,
      "breadth": 10
    },
    "Consumer": {
      "median_rs": 84.61538461538461,
      "breadth": 10
    },
    "Retail": {
      "median_rs": 96.15384615384616,
      "breadth": 12
    },
    "Real Estate": {
      "median_rs": 92.3076923076923,
      "breadth": 10
    },
    "Aerospace & Defense": {
      "median_rs": 90.38461538461539,
      "breadth": 11
    },
    "Telecom": {
      "median_rs": 88.46153846153845,
      "breadth": 9
    },
    "Automotive": {
      "median_rs": 92.3076923076923,
      "breadth": 8
    },
    "Industrial": {
      "median_rs": 100.0,
      "breadth": 3
    },
    "Logistics": {
      "median_rs": 65.38461538461539,
      "breadth": 6
    },
    "Agriculture": {
      "median_rs": 88.46153846153845,
      "breadth": 5
    },
    "Security & Surveillance": {
      "median_rs": 92.3076923076923,
      "breadth": 6
    },
    "Ads & Marketing Tech": {
      "median_rs": 71.15384615384615,
      "breadth": 11
    }
  },
  "2026-03-18": {
    "Cybersecurity": {
      "median_rs": 92.3076923076923,
      "breadth": 9
    },
    "Cryptocurrency": {
      "median_rs": 92.3076923076923,
      "breadth": 16
    },
    "Solar": {
      "median_rs": 86.53846153846153,
      "breadth": 4
    },