{
  "2026-03-18": {
    "Cybersecurity": {
      "median_rs": 92.3076923076923,
      "breadth": 9
    },
    "Cryptocurrency": {
      "median_rs": 92.3076923076923,
      "breadth": 16
    },
    "Solar": {
      "median_rs": 86.53846153846153,
      "breadth": 4
    },
    "Space": {
      "median_rs": 90.38461538461539,
      "breadth": 12
    },
    "Nuclear": {
      "median_rs": 100.0,
      "breadth": 4
    },
    "AI - Memory & Storage": {
      "median_rs": 96.15384615384616,
      "breadth": 5
    },
    "Electronic Manufacturing Services (EMS)": {
      "median_rs": 88.46153846153845,
      "breadth": 2
    },
    "AI - Data Center Infrastructure": {
      "median_rs": 100.0,
      "breadth": 31
    },
    "AI - Data Center - Optics": {
      "median_rs": 88.46153846153845,
      "breadth": 10
    },
    "Metals & Mining": {
      "median_rs": 57.69230769230769,
      "breadth": 6
    },
    "Biotechnology": {
      "median_rs": 100.0,
      "breadth": 64
    },
    "Financial Services": {
      "median_rs": 84.61538461538461,
      "breadth": 23
    },
    "Healthcare": {
      "median_rs": 94.23076923076923,
      "breadth": 24
    },
    "Software": {
      "median_rs": 98.07692307692308,
      "breadth": 34
    },
    "Energy": {
      "median_rs": 100.0,
      "breadth": 96
    },
    "Semiconductor Manufacturing": {
      "median_rs": 82.6923076923077,
      "breadth": 15
    },
    "Gaming & Entertainment": {
      "median_rs": 86.53846153846153,
      "breadth": 12
    },
    "Chemicals": {
      "median_rs": 98.07692307692308,
      "breadth": 11
    },
    "Travel & Transportation": {
      "median_rs": 92.3076923076923,
      "breadth": 2
    },
    "Consumer": {
      "median_rs": 71.15384615384616,
      "breadth": 10
    },
    "Retail": {
      "median_rs": 90.38461538461539,
      "breadth": 10
    },
    "Real Estate": {
      "median_rs": 92.3076923076923,
      "breadth": 10
    },
    "Aerospace & Defense": {
      "median_rs": 98.07692307692308,
      "breadth": 14
    },
    "Telecom": {
      "median_rs": 76.92307692307693,
      "breadth": 10
    },
    "Automotive": {
      "median_rs": 73.07692307692307,
      "breadth": 7
    },
    "Industrial": {
      "median_rs": 84.61538461538461,
      "breadth": 5
    },
    "Logistics": {
      "median_rs": 73.07692307692307,
      "breadth": 6
    },
    "Agriculture": {
      "median_rs": 90.38461538461539,
      "breadth": 4
    },
    "Security & Surveillance": {
      "median_rs": 82.6923076923077,
      "breadth": 6
    },
    "Ads & Marketing Tech": {
      "median_rs": 73.07692307692307,
      "breadth": 11
    }
  }
}