date,close,high,low,open,volume,price_chg_pct0,ema10,ema20,sma25,sma30,sma50,sma100,sma200,min30,max30,min60,max60,min90,max90,min120,max120,min150,max150,min252,max252,vol_sma40,vol_sma50,vol_sma252,avg_dollar_vol,price_up_down,highest_volume,days_since_highest_volume,days_since_vol_max,up_dollar_vol_max,days_since_up_vol_max,adr_pct,atr14,atr_pct,atr_multi_50sma,vars_norm_change,vars,vars_20ema,previous_session_high,previous_session_low,previous_session_volume,inside_day,tight_day,close_to_ma,range_pct,range10_pct,range20_pct,range_contraction_10_20,vol_dry_10_50,dist_sma50_pct,close_vs_252h,nr7,nr20,perf_1mo,rela_perf_1mo,perf_3mo,rela_perf_3mo,perf_6mo,rela_perf_6mo,perf_12mo,rela_perf_12mo,vol_ratio,vol_ratio_rank,perf_1mo_rank,rela_perf_1mo_rank,perf_3mo_rank,rela_perf_3mo_rank,perf_6mo_rank,rela_perf_6mo_rank,c0_c30_rank,c0_c60_rank,c0_c90_rank,c0_c120_rank,rs_sts_pct,ticker
2026-01-05,61.24153518676758,61.56050121880477,57.31426354082518,57.88242202303988,9786100.0,0.0866642818053242,54.23874561958599,50.78414441531487,48.46334869384766,46.75415433247884,43.07881553649902,37.99478416442871,33.079729099273685,35.00655761548743,61.56050121880477,34.803102474320234,61.56050121880477,30.031468965827138,61.56050121880477,27.848607706231988,61.56050121880477,25.5898056824715,61.56050121880477,21.25726794159105,61.56050121880477,5972992.5,6389596.0,6194423.206751055,296529411.94438934,1,False,74,74,809156680.2337646,74,0.0373993905154532,2.0579728336406826,0.0336042006028181,12.546527912272952,2.373292033979943,10.7752351087601,5.256064062211284,56.42713823542244,53.83553450848764,5897500.0,False,False,False,0.0693359117309827,0.2151692133738708,0.3092447305026291,0.6957894254952924,0.9043216503829036,0.4216160408328773,0.994818657650244,False,False,0.3931971895326371,1.3826343220421424,0.7856697070169794,1.7374813527563708,1.0736786807694187,1.871759409551704,0.0,0.0,0.964253216262375,48.0,97.0,97.0,98.0,98.0,95.0,95.0,97.0,95.0,94.0,94.0,100.0,AA
2026-01-05,14.380316734313965,14.663433173426297,14.1167268831548,14.614619962164358,7642300.0,-0.0060728419365755,13.962827594221716,13.780598676995131,13.648121528625488,13.614277903238932,13.634244480133056,13.351533679962158,12.12839641571045,12.964739374431057,14.663433173426297,12.896400748920865,14.663433173426297,11.88618167756293,14.951718237325778,11.88618167756293,14.951718237325778,9.472984257375243,14.951718237325778,8.941856200497051,14.951718237325778,7245557.5,7622410.0,13167743.037974684,91570388.2434082,-1,False,311,311,884606969.4890976,180,0.0233229077326946,0.3158899974350747,0.0219668316958072,2.49104968287582,-0.2781441930996337,-1.5869509350138795,-4.884706599078606,14.516992911909991,14.03862551050416,7290500.0,False,False,False,0.0380176807209648,0.103190814514973,0.1126952927400337,0.915662154168358,0.8349852605671959,0.054720469129627,0.961783555980519,False,False,0.0743981755504696,1.0662523612711745,0.0231319333817254,0.9955215394396664,0.3124673762246237,1.1846691505101306,0.0,0.0,0.5502505235031099,12.0,81.0,81.0,61.0,61.0,81.0,81.0,48.0,38.0,58.0,51.0,96.15384615384616,AES
2026-01-05,21.0,21.18000030517578,19.80500030517578,19.850000381469727,3065600.0,0.0385757029244975,19.86010233229591,19.54319182429313,19.6,19.291666666666668,18.331600074768065,17.43030004501343,16.403750014305114,15.845000267028809,21.18000030517578,15.845000267028809,21.18000030517578,15.020000457763672,21.18000030517578,11.625,21.18000030517578,11.625,21.18000030517578,11.625,21.18000030517578,2548627.5,2643022.0,3099337.130801688,54590272.17853546,1,False,116,116,205349556.0207367,158,0.0369307230594928,0.7572145462036133,0.0360578355335053,4.036926964393399,1.0300920532445337,3.009927879975418,0.9826859583840084,20.375,19.450000762939453,2572200.0,False,False,False,0.0654761904761904,0.1404762268066406,0.1404762268066406,1.0,1.061977539347005,0.1455628485428703,0.9915014021443712,False,False,0.0994764178315723,1.0911404666842874,0.2635378423343466,1.2294398179747312,0.5981734742245572,1.442555332326522,0.0,0.0,0.8223137375638645,29.0,86.0,86.0,90.0,90.0,89.0,89.0,87.0,79.0,80.0,89.0,96.15384615384616,ALHC
2026-01-05,283.6132507324219,287.0247323222232,275.4336219403134,275.4336219403134,10398700.0,0.0574626964172904,264.7818453435059,260.3895246425536,262.2097991943359,257.3307586669922,246.4414245605469,217.58041259765625,191.557957611084,214.96432964216532,287.0247323222232,202.49746578230435,287.0247323222232,153.7846009301305,287.0247323222232,153.7846009301305,287.0247323222232,153.7846009301305,287.0247323222232,122.49058240547365,287.0247323222232,7447175.0,7318968.0,7636038.396624473,1655376365.307999,1,False,143,143,6586069245.222473,17,0.0261113006991859,7.769922224525094,0.0273961890160615,5.5056681756276165,1.983493544829382,8.323159352116509,4.66464632719514,270.555809691689,264.44104227177047,7553200.0,False,False,False,0.0408694246547935,0.1201461510783856,0.1435705306203752,0.8368440971780785,0.8553541974770213,0.1508343259992091,0.9881143288168928,False,False,0.0584073640626345,1.0503827880574907,0.3096001074912056,1.2742590398393718,0.4975039288889233,1.351688231996711,0.0,0.0,0.975266835129069,49.0,76.0,76.0,92.0,92.0,87.0,87.0,86.0,84.0,93.0,89.0,100.0,AMAT
2026-01-05,31.440000534057617,31.729999542236328,30.799999237060547,30.799999237060547,2318100.0,0.0314960960052184,29.854302209543548,29.192643120353505,29.311999740600587,28.871333122253414,26.286599807739258,25.13439992904663,23.495449953079223,23.1299991607666,31.871000289916992,21.11000061035156,31.871000289916992,21.11000061035156,31.871000289916992,21.11000061035156,31.871000289916992,19.11000061035156,31.871000289916992,16.010000228881836,31.871000289916992,2481660.0,2249442.0,2115237.974683544,57911319.68940735,1,False,299,299,316500000.0,41,0.0310793868128453,0.9137144088745116,0.0290621626384746,6.745770659020549,1.0506576042768023,-2.8913122957736768,-5.705511194094254,30.700000762939453,28.93000030517578,2351600.0,False,False,False,0.0295801618758991,0.1059160263085494,0.1183205868372926,0.8951614350442562,0.6746962135498492,0.1960466840143053,0.9864767421185796,False,False,0.1008403754191107,1.0924940830915766,0.2115606786015482,1.1788653178866009,0.2991735348292095,1.1726697636467225,0.0,0.0,1.173229693160778,71.0,86.0,86.0,88.0,88.0,80.0,80.0,89.0,89.0,84.0,79.0,100.0,AMTM
2026-01-05,137.19000244140625,141.41000366210938,134.50999450683594,138.33999633789062,9691900.0,0.0268712288464196,132.37783519327135,131.20629190113507,129.79199981689453,128.55599975585938,134.39179946899415,138.49569938659667,116.71659942626952,114.5199966430664,141.41000366210938,114.5199966430664,164.94000244140625,114.5199966430664,164.94000244140625,104.68099975585938,164.94000244140625,85.58000183105469,164.94000244140625,59.43000030517578,164.94000244140625,7462615.0,7458426.0,9811486.075949367,780311912.2702789,1,False,343,343,3607877506.265259,152,0.0332159752126524,3.9831433977399553,0.0290337730655056,0.7171383812474009,0.901297286943673,-5.327348423824235,-4.186463301870235,136.08999633789062,132.18499755859375,4707400.0,False,False,False,0.0502952768604288,0.1195422496831234,0.1441796490756637,0.8291201320679393,0.7186127475153605,0.0208212330177011,0.8317570050366769,False,False,0.0734741718734199,1.0653353631554874,-0.0571133852824312,0.9174417331478978,0.3520252369270209,1.2203751635381348,0.0,0.0,0.7605998665475262,23.0,80.0,80.0,38.0,38.0,83.0,83.0,72.0,61.0,56.0,66.0,100.0,ANET
2026-01-05,40.36000061035156,40.900001525878906,38.68999862670898,39.0,4127900.0,0.0356684461408225,39.2340055155867,39.01339790793096,39.13120056152344,38.92733383178711,37.85140022277832,36.40390003204346,33.26418338775635,36.09999847412109,40.900001525878906,33.52000045776367,40.900001525878906,33.400001525878906,40.900001525878906,33.400001525878906,40.900001525878906,30.62666702270508,40.900001525878906,20.503332138061523,40.900001525878906,2535420.0,2615118.0,2914089.662447257,91138128.66819382,1,False,196,196,568068951.7742157,199,0.0240128787092692,0.7624999455043248,0.0188924661539464,3.508010481845052,1.8229501494968352,-1.7091693131100405,-3.763708972385479,39.09999847412109,38.2599983215332,2139100.0,False,False,False,0.0547572563366884,0.069623422467697,0.0830030286956722,0.8388058069901148,0.7352096540194362,0.066274969295947,0.9867970441227084,False,False,0.0418172137763541,1.0339184200800164,0.1664740575216683,1.1349954112195115,0.1770195255980753,1.062410195318612,0.0,0.0,0.870055589803215,35.0,71.0,71.0,84.0,84.0,72.0,72.0,51.0,62.0,58.0,51.0,96.15384615384616,APG
2026-01-05,80.5199966430664,80.80000305175781,78.16999816894531,78.26000213623047,1691400.0,0.0265170083748262,77.78554583191422,77.64849576696703,77.47640014648438,76.9793332417806,78.92219985961914,80.48290000915527,72.32620004653931,69.62999725341797,80.80000305175781,69.62999725341797,87.4000015258789,69.62999725341797,88.80000305175781,63.5,88.80000305175781,63.5,88.80000305175781,47.18999862670898,88.80000305175781,2115112.5,2176884.0,2650508.016877637,149645506.1333084,1,False,290,290,459125444.68917847,333,0.0203015711033667,1.4985722133091517,0.0186111807723006,1.0877984430296066,1.3879839644611498,-1.9090449766482376,-3.5558014659842634,78.54000091552734,76.33000183105469,1877800.0,False,False,False,0.0326627545014803,0.064331849492468,0.0655738528169209,0.9810594730811302,0.8486579900444856,0.0202452134670512,0.906756687791268,False,False,0.0311179462048034,1.0233002716396646,-0.0847920712573975,0.8905099884017538,0.1178675275253475,1.00901797500349,0.0,0.0,0.798002679686913,27.0,67.0,67.0,33.0,33.0,65.0,65.0,62.0,50.0,46.0,60.0,100.0,APTV
2026-01-05,1223.89892578125,1233.535184797811,1206.9882442865674,1206.9882442865674,3290600.0,0.0553454878685339,1107.4036851181124,1086.9189302725665,1087.788913574219,1071.8981567382812,1056.803017578125,966.952914428711,842.8690032958984,942.8043949242192,1233.535184797811,930.4909793425904,1233.535184797811,712.4337417261006,1233.535184797811,679.8857573557855,1233.535184797811,679.8857573557855,1233.535184797811,572.2395211585249,1233.535184797811,1385990.0,1353562.0,1643908.438818565,1384213247.4569702,1,False,173,173,4027361805.175781,0,0.020503534983185,31.23837322325389,0.0255236544172252,6.194823179258378,2.054682427433774,12.656371863438547,8.279520017882842,1168.672570068307,1129.5198034008845,2697900.0,False,False,False,0.0216904680215305,0.159014498844406,0.1855169273356569,0.8571428016199304,0.8822573328742976,0.1581145260032077,0.9921880955360504,False,False,0.0764908959451615,1.068329215190977,0.1919639816018086,1.1597974603321688,0.5711446122076183,1.4181583380964855,0.0,0.0,0.8431065668085963,32.0,81.0,81.0,86.0,86.0,89.0,89.0,85.0,78.0,91.0,88.0,100.0,ASML
2026-01-05,16.959999084472656,17.270000457763672,16.799999237060547,17.190000534057617,9059800.0,0.0059311073844028,16.115039034244457,15.749033649053157,15.636000061035157,15.373666699727377,15.083799991607666,13.061899995803833,11.222042481899262,13.350000381469728,17.270000457763672,11.06999969482422,17.270000457763672,9.859999656677246,17.270000457763672,9.300000190734863,17.270000457763672,8.938698109376324,17.270000457763672,6.699196851346324,17.270000457763672,6667672.5,7301108.0,9582831.223628692,99141472.8763485,1,False,271,271,296433472.41773605,271,0.0201382377255598,0.390714168548584,0.0230373932570723,5.399267201758285,0.2559376704780525,12.055974565097806,7.769842613126614,16.969999313354492,16.670000076293945,9861700.0,False,False,False,0.0277123376223188,0.1297170331190415,0.1503537929473981,0.8627453326995451,0.7912949650929695,0.1243850418269183,0.9820497182933394,False,False,0.1012986691288804,1.092948902134756,0.5306858484886929,1.4893785274097606,0.6742348364137891,1.511210409750663,0.0,0.0,0.6957935858829808,18.0,86.0,86.0,96.0,96.0,91.0,91.0,82.0,90.0,91.0,89.0,96.15384615384616,ASX
2026-01-05,119.9000015258789,122.56999969482422,119.5999984741211,120.0,1343300.0,0.0058725217748174,115.82985778630214,111.98125090021924,108.86840057373048,107.00666732788086,103.1088005065918,90.84790046691894,81.64525026321411,93.11000061035156,122.56999969482422,79.29000091552734,122.56999969482422,74.44999694824219,122.56999969482422,70.41999816894531,122.56999969482422,70.41999816894531,122.56999969482422,39.22999954223633,122.56999969482422,1306505.0,1469038.0,1917075.5274261604,162070384.9420166,1,False,290,290,513909000.0,199,0.0277548001695298,2.728571210588728,0.0227570573466573,7.1559932521742144,0.2565462007809145,8.208458932370428,2.6798172018409074,119.43000030517578,114.75,843000.0,False,True,False,0.0247706520676072,0.0976647117218359,0.2040867465328729,0.4785450960486784,0.7663382431223699,0.1628493488120215,0.9782165442147908,False,False,0.2188675223966583,1.2096263781966314,0.4751476787228874,1.4353391191389526,0.3691903841923336,1.2358688975520604,0.0,0.0,0.6815094039378281,17.0,94.0,94.0,95.0,95.0,83.0,83.0,84.0,90.0,88.0,86.0,96.15384615384616,ATI
2026-01-05,45.16805648803711,45.74080205437832,44.28918212132834,44.63480788810072,11307800.0,0.0376587375243386,43.925371975549766,42.90032184904978,42.62150131225586,41.81712926228841,38.52186546325684,34.088535442352295,26.86790665626526,35.103049763146124,45.8691787484786,29.84251164239145,45.8691787484786,25.556200607943115,45.8691787484786,20.06171355828468,45.8691787484786,18.996057943843304,45.8691787484786,15.18275071539992,45.8691787484786,15433662.5,15455416.0,19482816.033755276,492851357.4075699,1,False,108,108,2308589846.136093,108,0.0309373679072817,1.3571014503176713,0.0300456020434951,5.74228308635535,1.2078981011396486,16.067445837655296,15.526361754943755,43.676938331418086,42.10681987493448,10715000.0,False,False,False,0.0321381977866249,0.0832968953300125,0.1405772622471176,0.5925346247217905,0.6770448624611592,0.1725303524337258,0.9847147413672684,False,False,0.1293827896707349,1.120820096002555,0.3530533858288232,1.3165396813998242,1.1388823381552051,1.9306140240013,0.0,0.0,0.7921679531983546,26.0,90.0,90.0,93.0,93.0,95.0,95.0,84.0,90.0,92.0,94.0,92.3076923076923,B
2026-01-05,149.67999267578125,150.0,143.8000030517578,144.6699981689453,5756700.0,-0.0041251521183472,134.1467179512975,129.09358890050984,125.55280029296875,123.78833312988282,123.63600021362303,119.3722003173828,103.46800025939942,108.9800033569336,151.0800018310547,108.01000213623048,151.0800018310547,88.66000366210938,151.0800018310547,84.63999938964844,151.0800018310547,82.38999938964844,151.0800018310547,74.70999908447266,151.0800018310547,3339837.5,3360062.0,4656310.126582279,431001163.3869934,-1,False,110,110,2740777152.4108887,110,0.0267695928632445,5.152144840785435,0.0344210655591451,6.119815142465613,-0.1203402456911601,10.80743776970552,5.314813214691761,151.0800018310547,143.5,11990600.0,True,False,False,0.0414216812641878,0.1986237627718965,0.2208712373443181,0.8992740076077006,1.0218501920500276,0.2106505582286582,0.9907333257988772,False,False,0.2762618880774055,1.2665855943637694,0.0540844554632482,1.0256387720533429,0.6670006810290294,1.5046806621397364,0.0,0.0,0.7172712747231537,20.0,96.0,96.0,69.0,69.0,90.0,90.0,90.0,84.0,90.0,88.0,96.15384615384616,BIDU
2026-01-05,48.72270584106445,48.94230978691655,46.73626323350046,46.7861730481089,9061300.0,0.0467509441551545,46.60839023709893,46.23339452325611,46.186905517578126,46.004307174682616,45.75215751647949,45.25242576599121,41.99608252525329,43.21516806740516,48.94230978691655,41.86936923722041,48.94230978691655,41.86936923722041,49.31281059844035,41.86936923722041,49.31281059844035,37.60913888159877,49.31281059844035,28.90105246705784,49.31281059844035,4270260.0,3969434.0,3900466.244725738,165799172.1522522,1,False,271,271,455131759.92736816,52,0.0207480935539714,0.911112408326872,0.0186999550332643,3.472038089338866,2.388396700544492,-0.6383685956904595,-4.60540859170398,46.81612556011897,45.57834150073408,4199500.0,False,False,False,0.0452775870168685,0.082565020856767,0.0967013864997981,0.853814240367064,0.8038501206973084,0.0649269561444179,0.9880334389742824,False,False,0.0506173845885942,1.0426518702306862,0.0669782913881891,1.0381846529612455,0.1663175971402841,1.0527503403579643,0.0,0.0,1.0948075773695778,64.0,74.0,74.0,72.0,72.0,71.0,71.0,54.0,52.0,48.0,42.0,100.0,BN
2026-01-05,51.17316436767578,51.21310531255653,47.66842834742047,47.98794828851014,3287800.0,0.0652670882819126,48.07398419162469,47.18098639833719,47.09847991943359,47.12967516581217,44.3151879119873,39.02794118881226,38.98544190406799,43.499286908008834,51.21310531255653,34.58198363060462,51.21310531255653,28.414164588334742,51.21310531255653,28.414164588334742,51.21310531255653,28.414164588334742,51.21310531255653,28.414164588334742,59.0173340436272,2157265.0,2401570.0,2811256.9620253164,90274769.28207396,1,False,124,124,502296987.8768921,123,0.0367976657351187,1.6311228019028223,0.0318745737547772,4.855109270851288,1.9221679995921288,3.9469319297278087,-1.0239838326584678,48.23757322883664,46.77975922012168,1561300.0,False,False,False,0.0692682777963034,0.1283902566832793,0.1400975714945466,0.9164345628095126,0.7653451700346023,0.1547545385412523,0.8670870210749813,False,False,0.0719475009551027,1.063820267068596,0.3873284744001095,1.3498898172187082,0.2450152476742402,1.1237850041477702,0.0,0.0,0.7673667078963282,24.0,80.0,80.0,94.0,94.0,77.0,77.0,67.0,88.0,92.0,88.0,100.0,BRKR
2026-01-05,39.2599983215332,39.4900016784668,38.25,38.5099983215332,2043500.0,0.0223957489969035,37.83068675409488,37.01893763192256,36.59360015869141,36.33733342488607,34.97699996948242,30.910099925994874,25.758124957084657,32.45000076293945,39.4900016784668,27.299999237060547,39.4900016784668,22.86000061035156,39.4900016784668,19.01000022888184,39.4900016784668,19.01000022888184,39.4900016784668,15.484000205993652,39.4900016784668,1971047.5,2268362.0,2512049.789029536,68627855.9201622,1,False,80,80,547237128.5739899,80,0.0306923220767247,1.0528575352260046,0.0268175644482525,4.56610629905483,0.8168216181970825,9.830814871975988,7.658879668396778,38.61000061035156,37.220001220703125,1668300.0,False,False,False,0.031584353832911,0.0759043169724011,0.1321956867878838,0.5741814942434114,0.7848659076461341,0.1224518499524749,0.9941756559342206,False,False,0.1178815351810791,1.1094060411053628,0.3843440577079211,1.346985938449216,0.7845453782515093,1.6107797386791394,0.0,0.0,0.7846371153182685,25.0,88.0,88.0,94.0,94.0,92.0,92.0,74.0,86.0,91.0,92.0,100.0,BTSG
2026-01-05,303.1300048828125,311.6000061035156,298.3500061035156,298.4200134277344,1472400.0,0.0158852173386554,288.90477322223825,281.82172050089923,272.39320190429686,272.7826680501302,274.27300048828124,273.52509994506835,260.069450378418,240.4900054931641,311.6000061035156,240.4900054931641,311.6000061035156,240.4900054931641,311.6000061035156,240.4900054931641,311.6000061035156,218.5200042724609,311.6000061035156,212.9199981689453,311.6000061035156,1084807.5,1053800.0,1116864.5569620254,243819866.1428833,1,False,41,41,956809017.3339844,305,0.0322695086392834,8.078567504882812,0.0266505043207646,3.947869207853385,0.5867364766723897,-2.865192858901519,-5.670023269449002,298.7699890136719,286.6199951171875,791000.0,False,False,False,0.0437106185021912,0.1340349164660216,0.1823639952787506,0.7349856327787945,0.6975422281267792,0.1052127053817104,0.9728177116341604,False,False,0.2181233572351921,1.2088878551065465,0.1713358123337049,1.1397259659768628,0.2106797626459391,1.0927928510339626,0.0,0.0,0.9712972743541765,49.0,94.0,94.0,85.0,85.0,75.0,75.0,81.0,72.0,67.0,59.0,100.0,BURL
2026-01-05,28.69662857055664,29.31856640811415,28.434247850266704,28.541144111167263,2757900.0,0.03287866747904,27.80694702845068,27.07638960860993,26.65939125061035,26.008688163757324,24.410306396484376,22.727574195861816,19.0207159948349,21.79699834778668,29.31856640811415,20.4073554814662,29.31856640811415,17.851577770763328,29.31856640811415,15.60676683270398,29.31856640811415,14.90708709405385,29.31856640811415,11.680838272891028,29.31856640811415,1659682.5,1585964.0,1226297.4683544305,52834125.39550781,1,False,17,17,195293192.84935,17,0.0369654534907633,1.0640973735965955,0.0370809194878168,4.735448147753963,0.8584488148720524,10.006451044832865,8.219091221544371,27.99694610540736,26.918272921057525,1225100.0,False,True,False,0.0308161133170457,0.0877074374405547,0.1876058247319195,0.4675091381937888,1.4663006222083226,0.1755947715055961,0.9787868946625786,False,False,0.1718253741394126,1.1629408915679351,0.2057983284736362,1.173258471415522,0.7778446072878724,1.6047314385163656,0.0,0.0,1.353409382983665,82.0,93.0,93.0,87.0,87.0,92.0,92.0,86.0,85.0,88.0,89.0,96.15384615384616,BVN
2026-01-05,47.32721328735352,47.42668047800104,46.42204439808261,46.52151538316024,2391100.0,0.0201545261468689,45.59822578782468,44.9237552950159,44.26635818481445,43.93491706848145,43.8882878112793,43.29608600616455,37.5141743183136,40.35365336901448,47.42668047800104,40.12578107639701,47.42668047800104,40.12578107639701,47.42668047800104,33.81836026331376,47.42668047800104,31.410513229239317,47.42668047800104,23.99839084110308,47.42668047800104,3346140.0,3164578.0,2829280.5907172994,177043524.05649185,1,False,290,290,205050978.57055664,203,0.020295842880549,0.8575626528857911,0.0181198636750274,4.324333700383136,1.090314292764958,1.7178313410316814,0.9293992841793184,46.41209466504373,44.83054220382065,1850300.0,False,False,False,0.0212274505540532,0.0596889871159152,0.1271542785182082,0.4694217749610987,1.704887665906797,0.0783563371362692,0.997902716579676,False,False,0.1011341911732075,1.0927856712091977,0.0676931251190839,1.0388801960803735,0.3765574770716051,1.242518638201707,0.0,0.0,1.1826822730055426,72.0,86.0,86.0,72.0,72.0,84.0,84.0,67.0,57.0,52.0,74.0,100.0,BWA
2026-01-05,188.50711059570312,189.3747450368546,185.49530091143453,185.49530091143453,1273700.0,0.0394280908382935,178.1757963160413,177.5842681662638,176.33662658691406,175.97321472167968,184.00576629638672,180.85248657226563,152.89423599243165,163.56496282792136,189.3747450368546,163.56496282792136,217.5974530240914,156.7697381258554,217.5974530240914,135.42207212871745,217.5974530240914,123.60819318687608,217.5974530240914,83.550456087477,217.5974530240914,1096170.0,1142454.0,1170935.864978903,166885191.2134552,1,False,153,153,861172558.8897705,153,0.0293148843710484,4.756345064285008,0.0252316480224774,0.9695387734719856,1.5033693132534576,-1.0055238255734196,-1.1168477962870338,181.53607165962376,173.2785401438295,760300.0,False,False,False,0.0205798291277214,0.1013119844007237,0.1209395515506147,0.8377076241954095,0.6640529946938782,0.0244630610763896,0.8663111997677311,False,False,0.0819071162661126,1.073704371104119,0.0141931189544732,0.9868239492178748,0.3183264960853051,1.1899577532394852,0.0,0.0,0.93614862503144,44.0,82.0,82.0,58.0,58.0,81.0,81.0,61.0,49.0,57.0,73.0,100.0,BWXT
2026-01-05,122.08314514160156,122.87524534309138,118.12262147185422,118.132517342077,19993400.0,0.0387531702173251,116.99473243101568,113.8406754361732,111.78855377197266,109.64907887776693,105.4473680114746,100.84810859680177,88.51441606521607,94.88425064225444,122.87524534309138,92.1860118180356,122.87524534309138,91.49701884064392,122.87524534309138,85.99049461656728,122.87524534309138,72.65288169143183,122.87524534309138,53.84880830351064,122.87524534309138,12932057.5,12524928.0,14565110.970464136,1640915010.095482,1,False,276,276,4283028727.734375,17,0.0212560445482989,2.6146520301433034,0.0214169779711247,7.366295885373386,1.7419540054094802,4.821484253551532,2.1668158230998595,117.54834841437568,115.43936464150909,9245400.0,False,False,False,0.038929402299758,0.0896187551991672,0.1386049760753657,0.6465767516920714,1.2230489468681975,0.1577637967058285,0.9935536226253048,False,False,0.1553597715400685,1.1466001269884456,0.2690318510960348,1.2347855645805017,0.4252386801183181,1.286459630948555,0.0,0.0,0.8878790917710326,38.0,92.0,92.0,90.0,90.0,85.0,85.0,84.0,79.0,75.0,75.0,100.0,C
2026-01-05,12.869999885559082,12.899999618530272,11.6899995803833,11.850000381469728,3379700.0,0.0981228321099532,11.977639554599705,11.779513220524764,11.852800025939942,11.723333326975505,11.01100004196167,10.21990005493164,8.87415001630783,9.40999984741211,13.0,8.390000343322754,13.0,8.390000343322754,13.0,8.0,13.0,5.869999885559082,13.0,5.420000076293945,13.0,3211160.0,2966646.0,2788048.101265823,28969134.082112312,1,False,52,52,97653426.96647644,52,0.0392198358996569,0.4207143783569336,0.0326895401785512,5.164684270913535,2.733445010891962,0.950524437742894,-3.315529613795733,11.770000457763672,11.520000457763672,2003500.0,False,False,False,0.0940170978171232,0.1072260429710682,0.1499611009062277,0.7150257121552998,0.7937819342112271,0.1688311539835596,0.9899999911968524,False,False,0.0540540413882155,1.0460624711706938,0.2973790107436409,1.262367743467101,0.489583260897136,1.3445388192255567,0.0,0.0,1.151759181824043,69.0,75.0,75.0,91.0,91.0,87.0,87.0,89.0,90.0,86.0,83.0,92.3076923076923,CALY
2026-01-05,613.493896484375,619.1200215133827,603.6556836406288,605.3086959398505,3444800.0,0.0295616753135372,586.6882167991919,582.6734243577395,585.8079077148437,580.9956136067708,570.301376953125,513.5121322631836,434.00307388305663,534.8081791200474,624.8456981184851,487.82025146484375,624.8456981184851,407.61240937132345,624.8456981184851,399.001770341055,624.8456981184851,335.8650766631601,624.8456981184851,263.17092366578703,624.8456981184851,2487037.5,2616832.0,2799093.670886076,1490362292.487793,1,False,273,273,4051068378.5095215,68,0.0240199168976644,13.673331799842083,0.0222876411292713,3.3981301765035647,1.2882868343798393,10.531834962099254,6.750687134165927,597.0736593484286,572.8764595216726,2761600.0,False,False,False,0.0252069954752153,0.0834604361600621,0.1136828057965682,0.7341517969692964,0.8616678487575817,0.0757363058844589,0.9818326321709628,False,False,0.0416068262946478,1.0337096277027988,0.2410767869253034,1.2075849000226124,0.5839531572074632,1.429719683086169,0.0,0.0,0.88851528116696,38.0,71.0,71.0,89.0,89.0,89.0,89.0,60.0,71.0,85.0,81.0,92.3076923076923,CAT
2026-01-05,105.02322387695312,105.58935974577018,102.73881930877798,102.73881930877798,1619200.0,0.0149740630758978,102.6460246782274,101.1273915119947,99.76709869384766,99.10859298706056,98.17706253051756,96.72275909423828,96.37807498931885,92.84633667561934,105.58935974577018,88.37167986256286,105.58935974577018,88.37167986256286,105.58935974577018,88.37167986256286,107.43675555438963,88.37167986256286,108.16789432123066,74.87363836004737,108.16789432123066,1780807.5,1721608.0,1386799.1561181431,140874713.5407257,1,False,42,42,386143980.99365234,167,0.0202249195645352,1.9935374818756535,0.0189818728494881,3.6736521909506576,0.7772230178063351,-4.806709660438399,-7.960572801636687,104.10946171766012,101.28871671786293,702600.0,False,False,False,0.0271420009000289,0.0416114314070387,0.1213352875653557,0.3429458341591294,0.6018501308079424,0.069732798781869,0.9709278759283352,False,False,0.0637826606165989,1.055717330477261,0.0994452298230901,1.0697754336582903,-0.0168592140603889,0.887409912664837,0.0,0.0,1.2841134869051585,78.0,78.0,78.0,77.0,77.0,40.0,40.0,56.0,59.0,54.0,47.0,96.15384615384616,CCK
2026-01-05,31.15428733825684,31.451090193851066,30.0858012095496,30.184735494747677,21182300.0,0.0184346571904348,30.25195314685618,29.283339212168507,28.221096267700197,27.731835047403973,27.445454177856444,28.66995910644531,26.08016616821289,24.33774242329314,32.5393620609684,24.33774242329314,32.5393620609684,24.33774242329314,32.5393620609684,24.33774242329314,32.5393620609684,21.87428819593318,32.5393620609684,14.909340891978031,32.5393620609684,20288500.0,21785982.0,22964950.210970465,603605899.0859985,1,False,98,98,2594863209.651947,17,0.0336665529695943,1.0359791414651836,0.033253180540356,4.063812716654176,0.544338065805575,-3.5580796461205235,-6.248451507148449,30.88716542563384,30.046228716500597,15892000.0,False,False,False,0.0438234702491467,0.1565576095479668,0.241981535800093,0.6469816344884387,1.0383075686007637,0.1351346979490961,0.957433869781578,False,False,0.2092932707865964,1.2001247161322832,0.102205116207541,1.0724608413290744,0.0743773488698587,0.9697625436406656,0.0,0.0,0.8834549961405136,37.0,94.0,94.0,77.0,77.0,59.0,59.0,83.0,74.0,70.0,62.0,92.3076923076923,CCL
2026-01-05,48.09000015258789,48.77999877929688,47.790000915527344,48.369998931884766,4016800.0,0.0071204220437255,45.88659878506558,45.03787705772814,43.85560012817383,43.123000081380205,46.643200149536135,52.770400047302246,46.64095008850098,37.45000076293945,48.77999877929688,37.45000076293945,66.73999786376953,37.45000076293945,66.73999786376953,37.45000076293945,66.73999786376953,36.369998931884766,66.73999786376953,21.100000381469727,66.73999786376953,7193887.5,6482090.0,7385666.666666667,201667883.1012535,1,False,318,318,2034851843.3704376,318,0.0350558692760174,1.5421428680419922,0.0320678490985407,0.9672758177568798,0.2204725383320532,-5.325431433581246,-5.760489385631688,48.540000915527344,45.77000045776367,4314700.0,False,True,False,0.0205863560122333,0.1609481771513992,0.1757121422630618,0.9159764093618574,0.565160310949092,0.0310184549604952,0.7205574122245219,False,False,0.145000003633045,1.1363189042123314,-0.1807495821541835,0.7971420014863008,0.0525279404249301,0.9500406666549992,0.0,0.0,0.974033601119285,49.0,91.0,91.0,23.0,23.0,54.0,54.0,83.0,74.0,70.0,63.0,100.0,CELH
2026-01-05,63.15472412109375,63.66762006042147,59.889973431732926,59.93928919126789,2118500.0,0.0520866934638264,59.87647281417786,58.602412317219205,57.80210998535157,56.73601849873861,55.31100059509277,58.60984630584717,52.72489133834839,49.73076818455226,63.66762006042147,49.36939751656204,63.66762006042147,49.36939751656204,68.43524953192257,49.36939751656204,68.43524953192257,42.85306865041752,68.43524953192257,31.936431382583848,68.43524953192257,2529755.0,2770398.0,2890321.94092827,135643114.67933655,1,False,108,108,405625050.8846283,271,0.0296481173276175,1.4724499195711072,0.0233149608372575,6.082415328603879,2.123442818971081,-4.322086715377111,-6.49776382754336,60.16614654905917,58.34143705218202,1565700.0,False,False,False,0.0598157411224729,0.0923005229861875,0.1350929335358136,0.6832372395090405,0.6253289238585936,0.1418112751823346,0.9228391005082016,False,False,0.1476966458589454,1.1389951011812969,0.0154427271683459,0.98803983531446,0.1786786559090982,1.063907771968326,0.0,0.0,0.8752502495232526,36.0,91.0,91.0,58.0,58.0,72.0,72.0,82.0,74.0,70.0,62.0,100.0,CG
2026-01-05,166.07127380371094,166.42882273936468,162.17795643553748,162.7639499376323,1395700.0,0.0213169767173653,162.39837980215077,160.32601497343,159.57005981445312,158.42169596354168,152.789873046875,140.16588745117187,117.87960899353028,146.89090671107502,166.7565493768209,122.3084952758537,166.7565493768209,122.3084952758537,166.7565493768209,94.7713867659677,166.7565493768209,90.92225741379444,166.7565493768209,82.82067126030645,166.7565493768209,1421342.5,1573932.0,1465356.9620253164,231214191.5717316,1,False,290,290,853651756.7733765,67,0.0213726197216501,2.8540024468764864,0.0171854070936421,5.0581241770306224,1.214521579120342,7.23241913981472,6.831653293047481,162.8831181612954,158.9202856234463,1058000.0,False,False,False,0.0255966381570092,0.0471861482958018,0.0972429058368211,0.4852400068646941,0.8227356709184387,0.086925923112465,0.9958905627654752,False,False,0.0522702519526463,1.0442922059738902,0.239875926362834,1.2064164460658968,0.7440021741445215,1.5741843275942973,0.0,0.0,0.9699633173581932,48.0,74.0,74.0,89.0,89.0,92.0,92.0,55.0,81.0,77.0,87.0,92.3076923076923,CHRW
2026-01-05,72.28266143798828,73.47593383065778,71.60647172570467,72.5113683130402,1434700.0,0.0125364836543608,70.30676459990558,68.90975049256897,68.50316268920898,67.14262975056967,63.82997291564941,60.73633262634277,54.20990398406983,56.69053020468962,73.47593383065778,52.62687999804264,73.47593383065778,52.62687999804264,73.47593383065778,49.23607421406982,73.47593383065778,46.49036987097641,73.47593383065778,37.46099678847444,73.47593383065778,979485.0,1039892.0,1093320.6751054851,76233261.36383057,1,False,290,290,148619892.81921387,80,0.0229387815563018,1.4745462795530782,0.020399723117806,6.491513023280317,0.6069330472085762,3.528312411257396,2.124873183382183,71.65619423147349,69.15031891873289,1003100.0,False,True,False,0.0258632162646216,0.0744255248894899,0.1099187597389691,0.6770957484075774,0.9906605685975082,0.1324250682905505,0.9837596838793548,False,False,0.1037048108417166,1.0953368010918163,0.2439006841810682,1.2103325911576026,0.4283897773891036,1.289303898009649,0.0,0.0,0.8958807990212916,39.0,86.0,86.0,89.0,89.0,85.0,85.0,82.0,83.0,78.0,78.0,100.0,CMC
2026-01-05,32.8080940246582,33.606849685896336,32.67989783567873,32.72920290475218,1059000.0,0.0021085136481864,31.98189264042245,31.71764751939897,31.683918533325198,31.41822668711344,31.189353637695312,29.702346057891845,30.768958768844605,27.89160844185589,33.68573349103346,26.551792277711066,34.17015149123069,26.483334797842,34.17015149123069,22.650525506306327,34.17015149123069,22.650525506306327,34.17015149123069,22.650525506306327,52.51030107191114,946177.5,1095624.0,1429112.658227848,29556584.342308044,1,False,164,164,295929523.73542786,290,0.0364049323364497,1.018517694660401,0.0310447078667506,1.6717958786672913,0.067775711782569,0.7643102767095113,-2.5755266990396195,32.995451856352844,31.812111495189196,632900.0,False,True,False,0.0282537549886597,0.0892697116623876,0.0946798313769039,0.9428587943616046,0.7471997692639081,0.0519004146660637,0.6247934853721099,False,False,0.0351587935680004,1.0273104823237411,0.1223571569371493,1.0920690560230295,0.0774640939575244,0.9725487246514006,0.0,0.0,0.6620734163626363,16.0,68.0,68.0,80.0,80.0,60.0,60.0,67.0,68.0,64.0,77.0,92.3076923076923,CRI
2026-01-05,19.540000915527344,20.030000686645508,19.479999542236328,19.81999969482422,1604700.0,-0.0116337651447047,19.04164434938515,18.53412563226909,18.334799880981446,17.905333264668783,17.116999950408935,16.00439992904663,14.006999988555908,14.869999885559082,20.030000686645508,14.390000343322754,20.030000686645508,13.579999923706056,20.030000686645508,13.039999961853027,20.030000686645508,12.109999656677246,20.030000686645508,7.329999923706055,20.030000686645508,1145785.0,1258360.0,1458529.5358649788,21769244.568662643,-1,False,192,192,45481855.45549393,250,0.0286387154285818,0.523571423121861,0.0267948515143521,5.282926676404993,-0.4392897168927339,3.204843675710672,0.5118218033454391,19.799999237060547,19.040000915527344,911400.0,False,False,False,0.0281474472179847,0.0957011643611241,0.1448311049697655,0.6607776995218149,0.7987300931370991,0.1415552358554819,0.9755367072231376,False,False,0.0867631486656304,1.0785235862984692,0.2655441351405956,1.2313919686582135,0.3828733727721192,1.2482195393667794,0.0,0.0,0.7855754524165285,25.0,83.0,83.0,90.0,90.0,84.0,84.0,86.0,82.0,82.0,79.0,96.15384615384616,CSTM
2026-01-05,11.814691543579102,11.934434923213724,11.555247078552853,11.555247078552853,5211400.0,0.0233362693209557,11.630030356526737,11.426166086758416,11.325738906860352,11.143130048116047,10.713250885009764,9.917355766296389,8.338094117641448,9.978624246625678,12.014263644136523,9.060590647483888,12.014263644136523,8.711338673470204,12.014263644136523,7.234502759767883,12.014263644136523,6.615828152811257,12.014263644136523,4.86398900550719,12.014263644136523,6610885.0,7475588.0,11415257.383966245,61992207.39819527,1,False,276,276,276425973.7217903,69,0.0235414052034199,0.2637206403669908,0.022321415620056,4.605938072796401,1.021624566159551,5.576744901196685,4.987996079402197,11.625096977379272,11.415545828138988,2472900.0,False,False,False,0.0320946038465937,0.0506757043795121,0.1055743176845692,0.4800003020708029,0.5219749938065072,0.1028110580431285,0.9833887363829558,False,False,0.088235270865445,1.079984547241397,0.3054024364993353,1.2701746478352287,0.6582633600635217,1.4967941159341331,0.0,0.0,0.5791271083633719,13.0,83.0,83.0,92.0,92.0,90.0,90.0,69.0,77.0,77.0,84.0,92.3076923076923,CX
2026-01-05,24.857276916503903,25.175068399094087,24.609002083956995,24.728172942834988,1626200.0,0.0032063660217729,23.894159611500505,23.2729008394407,22.89332336425781,22.62512029012044,21.796229095458983,20.65507827758789,17.90245571613312,18.82916286973896,25.175068399094087,17.535410423200094,25.175068399094087,17.535410423200094,25.175068399094087,15.047303686373832,25.175068399094087,15.047303686373832,25.175068399094087,9.8709392118113,25.175068399094087,1828512.5,1972070.0,1934010.970464135,45428913.13434601,1,False,17,17,231764621.99134827,17,0.0286868548716536,0.5852194966678288,0.0235431861113988,5.965179471055362,0.1357555465169902,1.92356894799223,1.057931934830998,24.857277998005568,23.81452251942788,1621700.0,False,True,False,0.0227726599755283,0.085497461575792,0.173791481094684,0.4919542720808728,1.021860278793349,0.1404393304749518,0.987376738066713,False,False,0.1119501882377593,1.1035196641291614,0.2617807621685706,1.2277301546415085,0.4460398535049876,1.3052353421410765,0.0,0.0,0.9454509451728615,45.0,88.0,88.0,90.0,90.0,86.0,86.0,86.0,86.0,81.0,85.0,96.15384615384616,DAN
2026-01-05,37.560001373291016,38.27999877929688,36.9900016784668,38.09999847412109,2343800.0,-0.0021253458462973,36.30557238613009,35.863329176385086,35.97119995117188,35.677666600545244,34.83980007171631,33.35930002212525,33.32274994850159,31.809999465942383,38.27999877929688,29.149999618530277,38.27999877929688,29.149999618530277,38.27999877929688,29.149999618530277,38.27999877929688,29.149999618530277,39.54999923706055,26.0,42.150001525878906,2067112.5,2146378.0,2375918.565400844,67715175.18194199,-1,False,206,206,277655092.05818176,206,0.0308508450621372,1.0171427045549666,0.0270804757019593,2.883162369069698,-0.0786497469815935,-1.6116162650441268,-5.899698969940098,38.18999862670898,35.91999816894531,2307000.0,False,False,False,0.0343449694798839,0.1136847790639346,0.1136847790639346,1.0,0.8048302768664234,0.0780774084803954,0.8911032031690495,False,False,0.0259492146162607,1.0181707280621757,0.1829921692375122,1.15106776266068,-0.0076617466980443,0.8957117996636104,0.0,0.0,0.8700266625726101,35.0,65.0,65.0,86.0,86.0,42.0,42.0,68.0,75.0,71.0,63.0,96.15384615384616,DAR
2026-01-05,137.68707275390625,137.73662845957278,132.6525336504839,134.3472268794208,3707700.0,0.0154216260614372,134.49725873776268,130.3668988193806,128.57097320556642,124.21370747884114,114.68234954833984,109.66446464538576,104.72196468353272,98.70894234397882,138.5790349010131,94.25912027488798,138.5790349010131,94.25912027488798,138.5790349010131,94.25912027488798,138.5790349010131,94.25912027488798,138.5790349010131,67.50474926610308,138.5790349010131,3875642.5,3563446.0,3613175.105485232,541075232.71801,1,False,216,216,1761934881.906128,32,0.0318716147473363,3.220214388557289,0.0233879210600468,8.57686967209635,0.6493698795094945,-0.6578715124246832,-2.536359474082381,136.46807942028732,131.46325565257862,3544300.0,False,False,False,0.0369249974409428,0.0522564927019453,0.1232995577977526,0.4238173569743152,0.7900891440476437,0.2005951508332994,0.9935635130685968,False,False,0.2642641921062405,1.2546788618783815,0.3947744763254397,1.3571348802037668,0.2079365538335003,1.0903167553135098,0.0,0.0,1.0726417587999848,61.0,96.0,96.0,94.0,94.0,74.0,74.0,91.0,88.0,83.0,77.0,92.3076923076923,DG
2026-01-05,89.91928100585938,90.85356134779066,86.11259363708821,86.22192463807812,5101500.0,0.039168502963939,86.10989861835833,84.92422976871978,83.79796966552735,83.27029953002929,84.40457611083984,88.1965860748291,80.5796117591858,79.01558753147488,90.85356134779066,78.35200854102824,100.15112097074449,78.35200854102824,100.15112097074449,74.81936017302606,100.15112097074449,71.9067584644463,100.15112097074449,57.73465927341625,100.15112097074449,4278375.0,4831382.0,5479777.215189873,368132931.084671,1,False,158,158,1837120734.5703125,158,0.022821422106551,1.9643966488546984,0.021846222822074,2.990748717486225,1.7253397937531658,-5.778816523545135,-6.285015912865313,87.9115672164915,85.91380833249872,3948700.0,False,False,False,0.0527247066220815,0.0874322991544791,0.1127446328332226,0.775489679263165,0.8883131162056737,0.0653365628870363,0.897835991592406,False,False,0.1032927004389805,1.0949278152055584,-0.0149812543140902,0.958436880022888,0.1997600052445409,1.082936377677876,0.0,0.0,0.7807571059897104,25.0,86.0,86.0,48.0,48.0,74.0,74.0,58.0,48.0,44.0,50.0,100.0,EBAY
2026-01-05,141.73036193847656,143.23843742917072,136.91836970126957,136.99774448591538,5453300.0,0.051759677530031,135.2358345645909,134.21799253625912,134.23714965820312,133.12632446289064,132.25158416748047,131.2423169708252,125.7507841873169,122.41295849256022,143.23843742917072,122.41295849256022,143.23843742917072,122.41295849256022,143.23843742917072,121.7298748436094,147.86475690077492,115.28471780673472,147.86475690077492,88.22937085389947,147.86475690077492,2468887.5,2596636.0,2990897.4683544305,324746928.1502533,1,False,152,152,1022639899.092865,290,0.0203556566805886,2.85813409310178,0.0201659972782858,3.5541172762597357,2.440368108979346,-3.1108579091405155,-8.509242220011783,135.3209871667301,131.6400591429574,1889400.0,False,False,False,0.0445921935248046,0.0904444922980514,0.0970948360830124,0.9315067200970892,0.9324102415586936,0.0716723193197623,0.958513474807152,False,False,0.0590110688081664,1.0509819156668654,0.0646323083830198,1.035901979010208,0.0407215640648106,0.9393839066421302,0.0,0.0,0.8254671135076935,30.0,76.0,76.0,71.0,71.0,52.0,52.0,63.0,51.0,46.0,42.0,100.0,EMR
2026-01-05,58.560001373291016,59.58000183105469,56.459999084472656,56.93999862670898,4106600.0,0.0223464144775222,56.14361656238934,55.67179597721931,54.72080032348633,54.42933362325032,57.62700012207032,60.85074989318848,56.48887491226196,51.01599884033203,59.58000183105469,51.01599884033203,76.2300033569336,50.2599983215332,76.51499938964844,50.2599983215332,76.51499938964844,49.150001525878906,76.51499938964844,40.04999923706055,76.51499938964844,3464305.0,3821010.0,4945145.991561182,169349250.95342636,1,False,98,98,1916804767.5750728,98,0.0336801723433166,1.8804997035435267,0.0321123575724712,0.504178152981881,0.6806715212888165,-6.640290382936034,-7.427368254035217,57.869998931884766,55.66999816894531,3527000.0,False,False,False,0.0532787341771657,0.0940915643274482,0.1253415297209271,0.7506814743440825,0.7551825302734094,0.0161903491287822,0.7653401534394246,False,False,0.0878692064154376,1.0796212581991405,-0.1909366731769851,0.7872298208509929,0.0911124160830543,0.9848680755710788,0.0,0.0,0.7005465573537738,19.0,83.0,83.0,22.0,22.0,62.0,62.0,60.0,48.0,48.0,42.0,100.0,ETSY
2026-01-05,54.15551376342773,54.195327586943,53.04075328298648,53.3791631891559,26935100.0,0.0477565648892315,51.14947974516085,49.19360549753938,47.87781387329102,46.650116221110025,44.20467437744141,43.21625865936279,41.30690062522888,38.66828778323726,54.195327586943,38.35974072422735,54.195327586943,34.86055807807445,54.195327586943,34.86055807807445,54.195327586943,34.86055807807445,54.195327586943,27.220537244827845,54.195327586943,15317595.0,15031666.0,16512079.324894514,749085887.2963905,1,False,103,103,2066220479.297638,181,0.0258685183539666,1.4460623888750963,0.0267020343522555,8.43038037752923,1.7069796343792265,3.8431274666647273,-0.8971320068787634,51.94589698000848,50.76146418261536,11518400.0,False,False,False,0.0213196076211214,0.1172578958611631,0.1933468066613491,0.6064640936456881,0.9504402239911398,0.2251083064433667,0.999265364279764,False,False,0.221872909077232,1.2126089787981753,0.3764849781163162,1.3393389451746014,0.2139431377126306,1.0957384631216125,0.0,0.0,0.92765996932357,43.0,95.0,95.0,94.0,94.0,75.0,75.0,91.0,85.0,87.0,82.0,100.0,FCX
2026-01-05,196.63999938964844,197.0,192.2400054931641,193.82000732421875,1485500.0,0.0164900619887822,189.0153344349202,183.14510094834495,179.6955987548828,176.1356653849284,167.20559967041015,157.94149978637697,132.5102497291565,149.0500030517578,197.0,137.77000427246094,197.0,137.77000427246094,197.0,130.0,197.0,113.41000366210938,197.0,52.380001068115234,197.0,1291800.0,1244270.0,1673444.3037974683,206884803.01246643,1,False,277,277,795362682.5439453,214,0.0271649694937179,4.605000087193081,0.0234184301336785,7.517035253102126,0.6927258156363414,3.118413281976036,-0.0758054630812658,194.7700042724609,189.8699951171875,942400.0,False,False,False,0.0242066442311355,0.0823840368110527,0.1495117676349629,0.5510204187552354,0.7771866234820417,0.176037164887171,0.998172585734256,False,False,0.2052712641498033,1.1961332033290044,0.2601089108881846,1.2261034201940135,0.5208042903984691,1.3727197791239962,0.0,0.0,0.7719408390638273,24.0,94.0,94.0,90.0,90.0,88.0,88.0,86.0,86.0,81.0,80.0,100.0,FIVE
2026-01-05,44.619998931884766,44.63999938964844,42.810001373291016,42.970001220703125,4622400.0,0.0700239356240117,41.671183683650526,41.94332019777961,42.376800079345706,42.183000055948895,43.70880004882813,43.41310005187988,43.17655002593994,39.33000183105469,46.0,39.33000183105469,52.04999923706055,39.33000183105469,52.04999923706055,37.619998931884766,57.5,37.619998931884766,57.5,29.200000762939453,57.5,3177830.0,3144328.0,3631721.0970464135,123215929.17692184,1,False,157,157,589797413.8450623,208,0.0318913834439784,1.325713838849749,0.0297112028369506,0.7016557048557476,2.2025855681485824,-3.389936855353169,-8.187756979707412,41.709999084472656,40.220001220703125,2323900.0,False,False,False,0.0410129551807257,0.1190048786576574,0.1371582043564664,0.8676468113301515,0.9985281433743554,0.0208470349686726,0.7759999814240829,False,False,0.0129398343858462,1.0052599816508212,0.0345466688353746,1.006628235106523,-0.1450469418282406,0.7717041440404027,0.0,0.0,0.8750203870513208,36.0,58.0,58.0,64.0,64.0,25.0,25.0,57.0,44.0,40.0,47.0,92.3076923076923,FLR
2026-01-05,62.68999862670898,63.09999847412109,60.369998931884766,60.72999954223633,877700.0,0.0591316114412048,58.3178184325544,57.15482548382525,57.19679962158203,56.21899973551432,53.93519989013672,44.097399940490725,37.67269994735718,47.33000183105469,63.09999847412109,37.13999938964844,63.09999847412109,27.809999465942383,63.09999847412109,26.07999992370605,63.09999847412109,26.07999992370605,63.09999847412109,22.57999992370605,63.09999847412109,820400.0,1055482.0,894686.9198312237,49430652.74833679,1,False,333,333,303336300.0,67,0.0331097085506373,2.1307135990687778,0.0339880945245545,4.775810175745871,1.642642165296014,12.213017196128064,7.64483930031636,60.0,57.84999847412109,550500.0,False,False,False,0.0435476089015771,0.1256978373909344,0.1545700883550597,0.8132093261291053,0.7180889868325562,0.1623206876845799,0.9935023794401476,False,False,0.0948306053850123,1.0865298776085663,0.5794910757321716,1.536866689369029,0.8045479446699821,1.6288346052581155,0.0,0.0,0.9169688097762316,42.0,85.0,85.0,97.0,97.0,92.0,92.0,87.0,94.0,96.0,95.0,100.0,FORM
2026-01-05,225.1875915527344,225.5563534316503,208.31472442657144,211.96236321739397,3023000.0,0.0741621176881954,192.4067590413025,183.0513746562282,177.9433459472656,175.24650980631512,171.5295901489258,167.10142288208007,140.49477710723878,151.586775708543,225.5563534316503,148.99555718677493,225.5563534316503,144.69956874149958,225.5563534316503,109.05786197011494,225.5563534316503,107.63882173380836,225.5563534316503,80.61986813289408,225.5563534316503,1028542.5,1190654.0,1581928.270042194,197311413.2061005,1,False,192,192,1026063628.515625,159,0.0397291931125418,8.387815242430225,0.0372481235959485,8.398293398879623,1.8535653006044777,6.540514297278964,1.671725440682002,209.909306269177,197.3617919852284,1921700.0,False,False,False,0.076565626401494,0.2713875311007014,0.2843549966119432,0.954396913485792,1.0571081103326407,0.3128206705165068,0.9983651009013688,False,False,0.3214223004284759,1.3114036119303367,0.3344722575530063,1.2984599862772934,1.0353975246254803,1.837205785171311,0.0,0.0,0.6501827671191224,16.0,97.0,97.0,92.0,92.0,95.0,95.0,94.0,90.0,87.0,92.0,100.0,FTAI
2026-01-05,48.21926498413086,49.028076045920926,47.07094799806347,48.78842973469033,4581400.0,0.0207143697521945,45.77235823669203,45.29910379800264,45.44293807983399,45.273586400349934,44.02728553771973,40.81679168701172,36.15033192634583,43.08679261996386,49.028076045920926,35.1970781688114,49.028076045920926,35.1970781688114,49.028076045920926,31.750662973305623,49.028076045920926,30.734805838925983,49.028076045920926,21.99494887854591,49.028076045920926,2896077.5,3226054.0,4474345.147679325,139029221.56583786,1,False,116,116,548383994.2352295,17,0.026402080588415,1.2524485028041,0.0259740272527232,3.665708634326208,0.781318672325682,5.318529521229554,1.6751558463709144,47.29062958294923,44.43481818666343,3100300.0,False,False,False,0.0405880937526019,0.111617285969475,0.1192792888825939,0.935764180144798,0.9662547496105148,0.0952132159685319,0.9835031042002848,False,False,0.0347118723539023,1.0268669495528575,0.2709403058608242,1.2366425174947897,0.3920551351314443,1.2565072505978936,0.0,0.0,0.6472628740994839,16.0,68.0,68.0,90.0,90.0,84.0,84.0,52.0,83.0,78.0,80.0,100.0,FTI
2026-01-05,178.1627197265625,179.07803306504627,171.1058953753098,176.65194511173036,1515800.0,0.0143449523010614,167.45846306818584,166.43916056955666,165.85706298828126,165.27129109700522,170.89772399902344,172.06598754882813,143.5384730529785,150.93931278936418,179.07803306504627,149.1982367527149,199.33318238722876,149.1982367527149,199.33318238722876,138.0952908232645,199.33318238722876,99.4057775689924,199.33318238722876,69.48562338356064,199.33318238722876,1260477.5,1452920.0,2412410.1265822784,169645620.32409668,1,False,276,276,1024623210.9451294,171,0.0307730383592828,5.211561502947059,0.029251694804309,1.4532758302837587,0.4834620648209675,-3.077586001389472,-5.026256225620688,176.263173074356,167.74971390608658,2145300.0,False,False,False,0.0447463852256622,0.1057894353925833,0.1267815718479877,0.8344228096448105,0.6315626462571924,0.0425107810539393,0.8937935851566347,False,False,0.0756433507023421,1.0674880958210773,0.0649488953549142,1.0362100225179354,0.4701535549298725,1.3270010322451966,0.0,0.0,0.522497184915133,11.0,81.0,81.0,71.0,71.0,87.0,87.0,68.0,60.0,55.0,63.0,100.0,FUTU
2026-01-05,37.52999877929688,38.0,36.90999984741211,37.79999923706055,1185300.0,-0.0211267962980522,35.93224819747082,35.366435026948075,35.240800018310544,34.79699993133545,34.19239986419678,35.01989980697632,31.725774841308592,29.399999618530277,38.790000915527344,26.96999931335449,38.790000915527344,26.96999931335449,43.93999862670898,26.96999931335449,43.93999862670898,23.670000076293945,43.93999862670898,16.924999237060547,52.5,1427945.0,1408918.0,2582658.6497890297,45123932.61619568,-1,False,319,319,513653800.0,319,0.0326354544574705,1.3569286891392298,0.0361558415474228,2.699765774645905,-0.5969373186477777,-5.339252514745378,-7.596987090226253,38.790000915527344,36.39500045776367,2892400.0,True,False,False,0.0290434369315562,0.1228350855394813,0.1366906803883286,0.898635409455242,0.6328544315566981,0.0976123035632525,0.7148571196056548,False,False,0.1123294876197025,1.1038960877594586,-0.0529902152969644,0.9214536346411256,0.1612004682446515,1.048131479080606,0.0,0.0,0.5528973022108999,12.0,88.0,88.0,39.0,39.0,70.0,70.0,83.0,84.0,79.0,73.0,96.15384615384616,GDS
2026-01-05,323.8482666015625,328.9508192072935,322.94958179413067,323.3489938781905,5628200.0,0.0111302015960288,312.69954925281075,307.08718629163934,300.2608386230469,298.829872639974,301.67888916015625,294.116771850586,262.3086376190185,278.914295771876,328.9508192072935,278.914295771876,328.9508192072935,266.9882193387871,328.9508192072935,253.689122960331,328.9508192072935,231.0172189903246,328.9508192072935,158.52093232683077,328.9508192072935,4441337.5,4299666.0,5261645.147679325,1422065036.0858154,1,False,192,192,6832550675.170898,192,0.0223185072383405,6.550651978156667,0.0202275344774844,3.6330019178666353,0.544193058618362,0.7326191074574719,-1.097396329683345,320.51312368529807,308.211036651351,4340100.0,False,True,False,0.0185310160098718,0.0805897215885026,0.1545060715022398,0.5215958234193685,0.9245880959125662,0.0734866715504143,0.9844884028012848,False,False,0.1254842393007058,1.1169511034519597,0.0932353982588976,1.063733181553019,0.3074106471842004,1.1801048078032583,0.0,0.0,0.8440967369224575,32.0,89.0,89.0,76.0,76.0,81.0,81.0,64.0,51.0,59.0,62.0,100.0,GE
2026-01-05,54.40485763549805,54.754603741835,51.88863282161479,52.25780967897455,1018200.0,0.0496720691790071,52.403955667454255,51.36766336647612,50.64734909057617,49.9811585744222,50.40476623535156,42.029244327545165,47.16837117195129,43.35643132758437,54.754603741835,27.87723088132317,60.42452151186138,24.848209898669182,60.42452151186138,24.848209898669182,60.42452151186138,24.848209898669182,60.42452151186138,24.848209898669182,67.496538454672,1332695.0,2010648.0,1854312.23628692,53353562.3147583,1,False,70,70,692747823.3634949,70,0.0395744874528589,1.9515634357530076,0.0358711247592651,2.2123473551833115,1.319209032060293,-6.726699091793517,-8.733778415810866,53.0641623466206,50.8685394945132,640400.0,False,False,False,0.0526785850524902,0.0714286263435826,0.1539688308820126,0.4639161441598452,0.3632460778813596,0.0793593879886107,0.8060392263232016,False,False,0.0603100434587209,1.0522710418213057,0.9665523962015314,1.913482714183732,0.1803372995970837,1.0654049093787026,0.0,0.0,0.7187004291513452,20.0,77.0,77.0,98.0,98.0,72.0,72.0,80.0,96.0,96.0,93.0,100.0,GGAL
2026-01-05,939.3348999023438,952.4576988054562,903.8389402716672,905.6217084820267,3742000.0,0.0372945984806762,894.6423393276751,877.2017224139421,869.6604736328125,854.6988342285156,824.3093981933594,789.3125537109376,697.452813873291,743.0777475715416,952.4576988054562,729.2903886035565,952.4576988054562,710.7133658623917,952.4576988054562,677.6583500663052,952.4576988054562,580.4845382612037,952.4576988054562,428.5733671925659,952.4576988054562,2100332.5,2037570.0,2305642.194092827,1920513250.303955,1,False,276,276,4254876526.4038086,17,0.0229891949212182,19.69056751814596,0.0209622441582794,6.656809207222376,1.7151655469904146,4.597530228956664,1.9213739333405944,905.6613327098464,872.2947559758666,2817600.0,False,False,False,0.0517587055892884,0.0895154443275978,0.1319746037335306,0.6782778034199528,1.0021888818543658,0.1395416599168784,0.9862221714207668,False,False,0.1337245882640758,1.1251289761809318,0.2065393222804643,1.173979468650796,0.3478742297486448,1.2166283502939732,0.0,0.0,0.910953358409713,41.0,90.0,90.0,87.0,87.0,83.0,83.0,82.0,75.0,74.0,73.0,100.0,GS
2026-01-05,17.84574317932129,17.905362842614245,17.164108373560982,17.294275507971523,2418800.0,0.033371632499856,17.372279514289968,17.12937353397958,16.947892990112305,16.79670934677124,16.786244583129882,14.887914094924929,12.616231384277343,15.36640941523187,17.905362842614245,12.127003971018713,17.905362842614245,12.127003971018713,17.905362842614245,10.925309783734336,17.905362842614245,9.41938800040097,17.905362842614245,6.865516087120782,17.905362842614245,2359655.0,2962500.0,2499563.2911392404,38408412.49059677,1,False,192,192,254586282.80830383,192,0.0237560690298106,0.4230768975983045,0.0237074406678979,2.662331720361565,1.3621854735465757,4.294654930393559,1.9583922707110708,17.517843566835293,16.732870242841788,1892700.0,False,False,False,0.0415367665893673,0.0657015282575107,0.0921492671147216,0.7129902419702949,0.6720810126582278,0.0631170712987345,0.996670290135028,False,False,0.0741626492136691,1.0660186206352815,0.3398174480256137,1.303660930626963,0.6290285175041657,1.4704059429955303,0.0,0.0,0.9440269059658524,45.0,81.0,81.0,93.0,93.0,90.0,90.0,64.0,88.0,83.0,84.0,100.0,GTX
2026-01-05,54.70000076293945,55.619998931884766,54.26499938964844,54.380001068115234,918400.0,0.0073665107090075,53.608055793860565,53.10868197504798,52.89560043334961,52.14333381652832,52.16540023803711,52.4159001159668,47.767650079727176,45.93000030517578,55.619998931884766,45.93000030517578,57.9900016784668,45.93000030517578,57.9900016784668,45.75,57.9900016784668,39.91999816894531,57.9900016784668,30.459999084472656,57.9900016784668,1050625.0,1082546.0,1281683.5443037974,52788971.23245239,1,False,199,199,337790357.5958252,199,0.0221906600259127,1.130643027169364,0.0206698905191862,2.3506544958151974,0.3537823311751502,-3.085067633245719,-5.155633581283087,54.310001373291016,52.382999420166016,813300.0,False,False,False,0.0247714720902595,0.0628884566495228,0.0698354596260327,0.9005232726510151,0.8651272093749365,0.0485877710769331,0.9432660662131176,False,False,0.0395287319132635,1.0316472889055834,0.0180532519815233,0.990579912108046,0.0961923665387303,0.9894533785660152,0.0,0.0,0.8197226255024542,29.0,70.0,70.0,59.0,59.0,63.0,63.0,71.0,59.0,54.0,48.0,100.0,GXO
2026-01-05,31.631534576416016,32.73150206607433,30.908132142023,31.71081152963564,47339000.0,0.0783783184498485,28.766311722074832,28.147728898254847,27.892281036376957,27.46433118184408,27.13997386932373,24.7856746673584,22.876276006698607,24.5387882749177,32.73150206607433,21.13171634164402,32.73150206607433,21.07263501068368,32.73150206607433,19.71264395945606,32.73150206607433,18.91863725274408,32.73150206607433,18.143282090502165,32.73150206607433,10695265.0,10708652.0,13245401.265822783,328756409.2671871,1,False,290,290,1497405215.3129578,0,0.0276598261189813,0.8734634707552088,0.0276136925524457,5.993263379114647,2.6320874178240508,6.917003403732348,0.6637913225507245,29.619880624695284,27.955062641929057,7818800.0,False,True,False,0.0576440551642032,0.174185379107196,0.1954886567934274,0.8910255048263871,1.0576391874532851,0.1654961323367039,0.9663942251278956,False,False,0.1649634449915911,1.15613098782532,0.3213875911728876,1.2857284246938958,0.5493261883608322,1.3984644286612709,0.0,0.0,0.8074700634096362,28.0,92.0,92.0,92.0,92.0,88.0,88.0,84.0,89.0,84.0,83.0,100.0,HAL
2026-01-05,84.3035659790039,85.21969521960214,81.4172669750203,81.5748766479785,1751100.0,0.0314572016890757,81.5935832047669,80.81842346611103,80.82030212402344,80.46993993123372,78.45942642211914,76.83602737426757,70.68596118927002,75.46735620290971,85.21969521960214,67.83314326737766,85.21969521960214,67.83314326737766,85.21969521960214,67.83314326737766,85.21969521960214,62.741181749549945,85.21969521960214,46.92115847612869,85.21969521960214,1634017.5,1814292.0,1953827.4261603376,121276772.08847046,1,False,256,256,389645870.06607056,188,0.0211815928306235,1.3530848587002515,0.0160501497533003,4.640837486329194,1.9001583107824092,-1.7616873091804628,-4.488330112399623,81.91965906451463,80.43217884879346,967700.0,False,False,False,0.0451040024277129,0.0643842395665313,0.0828465347714392,0.7771506647098457,0.616416762020667,0.0744861366363136,0.9892497944490712,False,False,0.0377106806796927,1.0298430216750347,0.1381625027501707,1.1074478763704196,0.138303317909525,1.02746388144885,0.0,0.0,0.836316185412123,31.0,69.0,69.0,81.0,81.0,68.0,68.0,51.0,69.0,64.0,57.0,100.0,HAS
2026-01-05,21.28766250610352,21.42758271585192,20.528104367441504,20.638039360376208,3995800.0,0.0597013734980895,19.912190201513017,19.16747778668493,18.70516075134277,18.17080373764038,17.243207874298097,15.558184213638306,12.182190566062928,14.331695612664037,21.42758271585192,14.331695612664037,21.42758271585192,11.473351285561328,21.42758271585192,8.924828294185593,21.42758271585192,8.924828294185593,21.42758271585192,5.946553956533121,21.42758271585192,4791407.5,5105144.0,7074156.962025316,82800543.47119331,1,False,145,145,349174083.4144592,145,0.0328405976992072,0.6910274430272477,0.0324614054187076,7.225611141837838,1.7355355209714216,14.622062654525577,10.892169834068834,20.67801829752159,19.67859742928702,3583200.0,False,False,False,0.0422535047308515,0.1098591157143554,0.2131455611399914,0.5154182668725683,0.7107850434777158,0.2345534926731289,0.9934700889221212,False,False,0.2248419050432684,1.2155554645903437,0.353240100789165,1.3167213576418526,0.9541282966024532,1.7638499448138922,0.0,0.0,0.6773114486603404,17.0,95.0,95.0,93.0,93.0,94.0,94.0,94.0,89.0,93.0,95.0,100.0,HBM
2026-01-05,12.670000076293944,12.6899995803833,12.300000190734863,12.56999969482422,3577700.0,0.0031670595004422,12.296884590118337,12.069144656064054,11.86439998626709,11.816666634877524,11.729799938201904,11.710499992370606,11.155399980545043,10.989999771118164,12.729999542236328,10.789999961853027,12.729999542236328,10.789999961853027,13.40999984741211,10.479999542236328,13.40999984741211,10.149999618530272,13.40999984741211,8.75,13.40999984741211,3981310.0,3508478.0,2415904.641350211,69573085.80299854,1,False,17,17,158197404.9287796,28,0.0351293057478605,0.3949997084481375,0.0311759831152011,2.5710442313196005,0.1012658009550891,-3.3612447545440234,-3.895739446311877,12.630000114440918,12.210000038146973,2378800.0,False,False,False,0.0307813249644837,0.119179105455002,0.1239147344412213,0.9617831647900944,1.9533085286554452,0.0801548315440552,0.94481731696209,False,False,0.1342882712403417,1.1256883854559372,0.13530468185732,1.1046671770667726,0.1775092757233698,1.062852257251278,0.0,0.0,1.647958256239331,90.0,90.0,90.0,81.0,81.0,72.0,72.0,62.0,55.0,51.0,51.0,96.15384615384616,HE
2026-01-05,30.73715209960937,31.35840266039576,28.735341393321008,31.35840266039576,2399100.0,0.0410822264716523,28.768367515071915,28.3811552236027,28.58269088745117,28.25313186645508,27.337809371948243,24.001900939941407,20.783857264518737,25.45158383669476,31.35840266039576,21.23421753058891,31.35840266039576,18.361295161382625,31.35840266039576,14.6219261676253,31.35840266039576,14.535178508566808,31.35840266039576,14.120714354436792,32.83046455532835,1568607.5,1569384.0,1903815.1898734176,39968529.90859985,1,False,333,333,80255571.79546356,151,0.0374729682885526,1.1079684772108187,0.0360465560901753,3.4495898714447737,1.0947253171241047,8.244224416752022,6.065158157912443,29.918675877190097,28.09436600548597,1339500.0,False,False,False,0.0853384613699487,0.1369906742226549,0.1527109338473585,0.8970587159108285,0.8201880483043028,0.1243458347891346,0.9362387196138768,False,False,0.028373517029745,1.0205766500300613,0.3646340136411576,1.327807792628947,0.9868707228734216,1.7934041592795096,0.0,0.0,0.8239284507989952,30.0,66.0,66.0,93.0,93.0,94.0,94.0,74.0,87.0,90.0,93.0,100.0,HP
2026-01-05,212.7044219970703,215.37171685966047,208.92825037197943,211.89524454074223,2736900.0,0.0057153456576382,207.69504476426965,204.59678249959876,200.8324530029297,200.7808380126953,201.85992065429687,193.04698196411127,176.82611450195313,188.63880414925893,215.37171685966047,183.53676117176963,215.37171685966047,170.53752059734003,215.37171685966047,169.17969224324384,215.37171685966047,165.13677814193298,215.37171685966047,104.7365961812085,215.37171685966047,2102705.0,2181552.0,2685267.510548523,422512833.2402039,1,False,192,192,4395825522.454834,192,0.0250429038770547,4.984234415261533,0.023432678871764,2.2926488817038906,0.2425188406572362,0.8895586484156048,-2.0852277888558235,211.5156200199989,203.94329290810768,1672900.0,False,True,False,0.0302930537465264,0.080264921647289,0.1256810387833394,0.6386398650448547,0.7827592466280886,0.0537229050106762,0.9876153893302144,False,False,0.095887633561285,1.0875788916654858,0.1257293221145317,1.0953502194381295,0.1827193030237159,1.0675549711837111,0.0,0.0,0.7830523371470269,25.0,85.0,85.0,80.0,80.0,72.0,72.0,54.0,51.0,65.0,59.0,96.15384615384616,HWM
2026-01-05,71.42086791992188,71.54062061448955,67.70861813679103,67.80840824218225,5283100.0,0.06455449633933,66.36104560595602,65.64809317027365,65.01105239868164,64.55472628275554,66.18004013061524,65.64354129791259,58.4443204498291,58.75478741198414,71.54062061448955,58.75478741198414,73.10710353364492,58.75478741198414,73.10710353364492,57.91344194413973,73.10710353364492,48.92481280068504,73.10710353364492,32.61968230455352,73.10710353364492,3849495.0,3924754.0,6557770.886075949,222602955.71979523,1,False,131,131,1583512287.4542236,311,0.0256785198366533,1.710000968972378,0.023942595753522,3.3075135352879537,2.5327210825931714,-2.6472824062330247,-5.06889425931816,67.41921898871752,64.91445469872347,4881600.0,False,False,False,0.0536538212052396,0.1179264861191984,0.1339947283347244,0.8800830270323264,0.7959709067116054,0.0791904595247019,0.9769347227257196,False,False,0.1017549764938015,1.0934017498930495,0.0184503691705744,0.9909663126322436,0.2417722742220862,1.120857807118507,0.0,0.0,0.5870127314410443,13.0,86.0,86.0,59.0,59.0,77.0,77.0,75.0,64.0,60.0,55.0,100.0,IBKR
2026-01-05,141.3300018310547,141.5399932861328,134.36000061035156,134.36000061035156,2234000.0,0.0519538177181848,134.9844271850896,132.96218729957857,132.7088006591797,131.54133377075195,124.66840057373048,111.43230056762695,99.20245037078855,117.86000061035156,141.5399932861328,88.0,141.5399932861328,88.0,141.5399932861328,88.0,141.5399932861328,78.79000091552734,141.5399932861328,68.69999694824219,141.5399932861328,1599652.5,1759616.0,2119709.70464135,212503330.90568545,1,False,329,329,839738448.223114,66,0.0283647752150992,3.7635705130440846,0.0266296643620159,5.018739527321471,1.8546206862199692,2.063827618337637,-1.5062694700771224,134.4499969482422,130.4199981689453,1157600.0,False,False,False,0.0508030324966965,0.0786810654009634,0.1068420763397217,0.7364239641953814,0.8599660380446643,0.1336473491329532,0.9985163807754772,False,False,0.1045721391320151,1.0961975535191504,0.3839600277114663,1.346612271944645,0.4547606753604329,1.3131069957961627,0.0,0.0,0.7546564024768936,23.0,87.0,87.0,94.0,94.0,86.0,86.0,72.0,92.0,88.0,83.0,100.0,ILMN
2026-01-05,7.293109893798828,7.372275191511655,7.134779298373176,7.154570622801383,24901300.0,0.0197869101978691,7.071802067913179,7.007220567718861,7.005664749145508,6.963921562830607,6.880375576019287,6.62897689819336,6.123613793849945,6.648037465669297,7.386564518309581,6.118821646512506,7.386564518309581,6.113698597245196,7.386564518309581,5.483784624663977,7.386564518309581,5.483784624663977,7.386564518309581,4.209547473784468,7.386564518309581,19803104.5,19983526.5,27702545.92827004,124064289.10322005,1,False,241,241,388542090.3308988,241,0.0208101278285239,0.1496563931843232,0.0205202438141749,2.923317044208421,0.9455533399278488,1.2920934256574623,1.079149476624309,7.230734238985888,7.151601791381836,8485700.0,False,False,False,0.0325644199246766,0.0812042002670591,0.0889822925478073,0.9125883132695278,0.5876468700356767,0.0599871784932899,0.9873480256919032,False,False,0.0135278771920244,1.0058435660656913,0.1204323625502041,1.0901962044301143,0.1880029624808097,1.0723241475259266,0.0,0.0,0.7148478176437647,20.0,58.0,58.0,79.0,79.0,73.0,73.0,44.0,60.0,55.0,68.0,96.15384615384616,ITUB
2026-01-05,27.71796226501465,27.99356768080557,26.51711371692734,26.51711371692734,8960200.0,0.0452857575972271,26.525495107123827,26.046972177786824,25.86550537109375,25.442255210876464,24.43362464904785,23.15031423568725,19.251040549278255,21.96963488591015,27.99356768080557,20.167363501642324,27.99356768080557,20.167363501642324,27.99356768080557,15.932006793341465,27.99356768080557,13.67118891546538,27.99356768080557,11.05708819010612,27.99356768080557,4781397.5,5460248.0,5475914.7679324895,133654978.18243028,1,False,171,171,686564376.3053894,171,0.0252470459035136,0.5701921730623086,0.0205712154310131,6.534313155493504,2.106040178143935,5.230358356042579,2.8242678069070486,26.54664251804556,25.916689405649603,3294800.0,False,False,False,0.0532670457431785,0.0770596329208486,0.1150567761798724,0.6697531034624028,0.8062454306104778,0.1344187636153599,0.9901546877149248,False,False,0.1545715557809794,1.1458178872811888,0.1817297373516484,1.1498393989536664,0.7158336782980179,1.5487586685263997,0.0,0.0,0.8731687220554175,36.0,91.0,91.0,86.0,86.0,91.0,91.0,81.0,83.0,78.0,87.0,100.0,IVZ
2026-01-05,201.24180603027344,202.57664058827777,195.8128029339041,196.5300154486441,957100.0,0.0266288176947238,196.5592641089578,193.1115375383888,192.93192993164064,188.58341217041016,179.60324188232423,160.68609130859377,150.6201630783081,157.54077744614932,203.64250231787315,135.58050688597055,203.64250231787315,129.28134447674842,203.64250231787315,129.28134447674842,203.64250231787315,129.28134447674842,203.64250231787315,121.2268527942257,203.64250231787315,1146615.0,1191378.0,1196354.852320675,195057053.9164734,1,False,81,81,1096111990.2038574,81,0.0200373015192658,3.5178242289320605,0.0174805836735676,6.892207407204329,1.4838243852814876,4.774934255751683,1.2934311961502023,196.4901633616296,192.794448151082,714600.0,False,False,False,0.0336104996660394,0.0486091465295446,0.0904861031475647,0.5372001317182686,0.648946010418188,0.1204798082772178,0.9882112218212072,False,False,0.0750320098884227,1.0668813900380476,0.4682657973539876,1.4286429532672027,0.3585474485818496,1.2262622911578698,0.0,0.0,0.9584238303341268,47.0,81.0,81.0,95.0,95.0,83.0,83.0,83.0,89.0,87.0,82.0,100.0,JBHT
2026-01-05,63.51959228515625,65.5978429120842,62.16036037640485,62.465693283576975,2955400.0,0.0162306721223581,62.02577588680184,60.89469352340969,60.31377044677734,59.37885335286458,57.03749603271484,58.76893043518066,54.73354608535767,52.29113426315271,65.5978429120842,47.43562581270839,65.5978429120842,47.43562581270839,69.46664862614969,47.43562581270839,69.46664862614969,46.052152463820406,69.46664862614969,37.86540297658914,74.60381173927234,1654427.5,1700114.0,1945035.864978903,96451070.90818404,1,False,89,89,365648985.1638794,80,0.0288740633181796,1.5308964132624838,0.0241011687604965,4.715382422706309,0.662683415754203,-2.3210748630509785,-2.5154769094543723,62.899075173390486,60.90947042192161,1433800.0,False,False,False,0.0541168860191605,0.0790820098409132,0.1269964398495073,0.62271044711668,0.8026050017822334,0.1136462275399237,0.8514255612990184,False,False,0.1040917345492746,1.095720791242027,0.0404974207645574,1.0124183991392133,0.1759119431831728,1.0614104609691328,0.0,0.0,0.8505897139423416,33.0,87.0,87.0,66.0,66.0,72.0,72.0,75.0,80.0,75.0,69.0,100.0,JEF
2026-01-05,53.73568344116211,54.42167332623896,51.498767817679294,51.608128743851765,3121900.0,0.0348459050470979,52.577371174525375,51.61355599151863,51.48639999389648,50.2197878519694,47.619395904541015,44.996967735290525,43.80356346130371,41.05340929918283,54.42167332623896,40.85527333762733,54.42167332623896,38.26962074487417,54.42167332623896,38.26962074487417,54.42167332623896,38.26962074487417,54.42167332623896,36.05332938430674,58.26226277597301,2854547.5,3189748.0,3076630.8016877635,150140441.87906265,1,False,311,311,672889943.4616089,311,0.0242766883027898,1.0580963085876276,0.0196907574413972,6.522913058763871,1.7100690267265266,1.976420852980924,-1.1664663873325023,52.403473910932135,51.49876599799156,2375800.0,False,False,False,0.0543941254931669,0.0566142233752702,0.0969473089182565,0.5839690034408882,0.6065620230814471,0.1284410988514417,0.9223068394680056,False,False,0.0694341373652274,1.0613259591635549,0.3098695996713443,1.2745212594625557,0.1793839987086334,1.0645444337781969,0.0,0.0,0.9278160702395836,43.0,79.0,79.0,92.0,92.0,72.0,72.0,86.0,78.0,80.0,74.0,92.3076923076923,KNX
2026-01-05,34.16999816894531,34.29999923706055,33.13999938964844,33.209999084472656,1272300.0,0.0258179753887333,33.63168742596976,33.03976477610161,32.56079986572266,32.15566660563151,31.372699966430662,30.06960000991821,26.048949995040893,29.49099922180176,34.369998931884766,24.976999282836918,34.369998931884766,24.976999282836918,34.369998931884766,21.530000686645508,34.369998931884766,21.15999984741211,34.369998931884766,17.908000946044922,34.369998931884766,1209995.0,1230350.0,998266.2447257384,39150344.54714775,1,False,19,19,66572974.72419739,20,0.0245275066646779,0.7392858777727399,0.0216355258234875,4.121159426809791,1.1632804325239174,3.7998900396746023,4.855521551581341,33.599998474121094,32.90999984741211,907500.0,False,False,False,0.0339479048748194,0.0427275142730193,0.1325724033375532,0.322295690485654,0.7280855041248425,0.0891634512014525,0.9941809493990436,False,False,0.1047525972131127,1.096376643412878,0.1586978105849505,1.127429015265163,0.4243434137120321,1.2856515388677705,0.0,0.0,1.2120964786627957,74.0,87.0,87.0,84.0,84.0,85.0,85.0,63.0,82.0,78.0,83.0,92.3076923076923,LAUR
2026-01-05,20.26000022888184,20.295000076293945,19.07999992370605,19.07999992370605,1663800.0,0.0596233964231429,19.49299335575517,19.252895432134316,19.295599975585937,18.87466656366984,18.39879993438721,17.307299995422362,14.364649991989136,15.5600004196167,20.940000534057617,14.960000038146973,20.940000534057617,14.529999732971191,20.940000534057617,12.25100040435791,20.940000534057617,9.779999732971191,20.940000534057617,7.900000095367432,20.940000534057617,1612202.5,1893328.0,1727720.253164557,31680360.930318832,1,False,341,341,180848375.0,74,0.0354455759337073,0.6516429356166294,0.0321640142277823,3.1450921167596624,1.7494233840956035,0.2211654219061012,-0.8781710008799456,19.290000915527344,18.739999771118164,1147600.0,False,False,False,0.0599703918490502,0.0769989856030954,0.1288253001414507,0.597700805032476,0.7430566705821706,0.1011587875911439,0.9675262517749318,False,False,0.077659630376111,1.0694890885741015,0.3726287205089467,1.335586753121446,0.6538775697046397,1.492835380934016,0.0,0.0,0.9331386241765872,44.0,81.0,81.0,93.0,93.0,90.0,90.0,85.0,81.0,80.0,85.0,96.15384615384616,LC
2026-01-05,309.0470275878906,312.69944836045573,304.84870945092223,305.0869318762139,1294100.0,0.0226614648558149,295.6551770838124,290.7914758352969,285.5420715332031,283.93361307779946,285.3693542480469,283.00482574462893,258.94583587646486,270.10104949381895,312.69944836045573,270.10104949381895,312.69944836045573,265.4821037428049,312.69944836045573,256.0687718410172,312.69944836045573,233.7702682973809,312.69944836045573,188.04115811468907,312.69944836045573,1067322.5,1098248.0,1307397.0464135022,273276507.9714966,1,False,271,271,920178104.4006348,165,0.0204641775629048,5.570797177024811,0.0180257264420396,4.602978180918064,1.229315371560511,3.724146033541372,-0.5739667149538696,302.2682135070242,288.82968080863594,934600.0,False,False,False,0.0254030558740799,0.1011946199325602,0.1277538034334416,0.7921065143495443,0.7168599442020381,0.0829720255079065,0.9883197082958878,False,False,0.1211205256932625,1.1126204744135553,0.0514023504328078,1.023029046717122,0.2247283339093038,1.105473477833484,0.0,0.0,0.8163721211761314,29.0,89.0,89.0,68.0,68.0,76.0,76.0,59.0,47.0,48.0,51.0,100.0,LHX
2026-01-05,194.5269317626953,198.1226298598181,189.8924849044756,189.8924849044756,16268200.0,0.0524153926762684,177.82822289483437,171.68613443233525,167.6299267578125,164.2779561360677,160.84031799316406,140.94398635864258,112.70206991195678,135.115402285449,198.1226298598181,130.6481338721199,198.1226298598181,93.65794699266088,198.1226298598181,90.503177073638,198.1226298598181,79.84497403898841,198.1226298598181,55.91034586364431,198.1226298598181,10842227.5,10835292.0,11744057.383966245,1801926069.5944977,1,False,17,17,6619193380.184937,17,0.0338366108353731,6.920995294071596,0.035578596913843,5.886723223215514,1.3998542981331783,11.55973839822843,8.93246597132028,185.5576863889981,177.2875958147415,11957400.0,False,False,False,0.0423085116326333,0.1657424333697733,0.2298212762733862,0.7211796751690331,1.0126335312421668,0.2094413527021439,0.9818511489592736,False,False,0.2191549709008844,1.2099116473392544,0.3379097969687727,1.301804759731639,0.9917041729962708,1.7977669642945495,0.0,0.0,0.92320968346106,43.0,94.0,94.0,92.0,92.0,94.0,94.0,92.0,89.0,95.0,93.0,100.0,LRCX
2026-01-05,80.58999633789062,81.61000061035156,78.51000213623047,80.20999908447266,2066200.0,0.0246661764065367,76.53880851735671,75.35255451441977,75.48280029296875,74.15733362833659,71.43379989624023,69.95409984588623,60.2616000366211,62.68000030517578,81.61000061035156,60.5,81.61000061035156,60.5,81.61000061035156,46.43000030517578,81.61000061035156,44.150001525878906,81.61000061035156,34.689998626708984,81.61000061035156,1809152.5,1900604.0,2489685.2320675105,117976138.70704652,1,False,108,108,1006756975.4821776,108,0.0337141875330657,2.291428702218192,0.028433165483851,4.5080231344195125,0.8466311040503807,0.1116075670159446,-0.5045525012075922,79.41999816894531,75.5199966430664,1927200.0,False,True,False,0.0384662937708012,0.1065889608838018,0.1283038148299759,0.8307544169676488,0.6594166906941162,0.1281773677859787,0.9875014794163406,False,False,0.072674022149312,1.0645412799635057,0.1083757028282064,1.0784649075608324,0.5839228507483982,1.4296923276426996,0.0,0.0,0.7266591281089877,21.0,80.0,80.0,78.0,78.0,89.0,89.0,83.0,79.0,75.0,87.0,100.0,LSCC
2026-01-05,42.25746154785156,42.61591377314359,40.94313925397415,40.95309837039338,7849900.0,0.0276029243465272,41.12720792729325,39.971706310153145,39.42330551147461,38.36019058227539,35.576875381469726,33.76605989456177,32.338968391418454,30.88142815494696,43.16460243322324,29.00772351414377,43.16460243322324,29.00772351414377,43.16460243322324,28.56978551150932,43.16460243322324,28.56978551150932,43.16460243322324,23.34838241686099,43.16460243322324,9129775.0,9719778.0,10997186.497890295,451076017.02695847,1,False,165,165,1224517254.5585632,300,0.0292949226543792,1.007764370306089,0.0238481994278079,7.873923165580895,1.1263520889484766,4.22497863972826,0.2764700952804937,41.6600423648366,40.6742987769835,6338700.0,False,False,False,0.0395853053614026,0.0538778283404559,0.193079300713614,0.2790450770296217,0.7476858010543039,0.1877788899320098,0.978984148254926,False,False,0.1946459778779647,1.1855884752809271,0.3107307491294662,1.2753591698104456,0.2677967288845226,1.1443481956461994,0.0,0.0,0.8301918860566254,30.0,94.0,94.0,92.0,92.0,78.0,78.0,89.0,87.0,83.0,78.0,96.15384615384616,LUV
2026-01-05,106.65007019042967,107.64271787999571,105.02212858540548,106.22323138098426,15863300.0,0.0093001964616683,104.4413652669438,102.22712226197872,101.1817642211914,100.83426411946614,95.35587783813476,88.9613843536377,83.7159355545044,92.41970775286642,107.64271787999571,80.7171526456273,107.64271787999571,76.35698180462114,107.64271787999571,74.71347070570936,107.64271787999571,72.7569908983013,107.64271787999571,70.74024824529361,107.64271787999571,14738020.0,13936614.0,14866723.206751054,1425655928.2573318,1,False,290,290,4641101447.639465,192,0.0219683110589699,2.130646381948463,0.0199779182343159,5.9286727661954775,0.4612342334735772,5.074120355066865,1.7102355554671131,105.83609900196792,103.66219814628955,9992400.0,False,True,False,0.0245718478188624,0.0775316174088407,0.1228041474920279,0.6313436393821615,0.9709488976303712,0.1184425397610691,0.9907783107941156,False,False,0.0595316011103419,1.0514985014252396,0.2149152543551336,1.182129366548769,0.3526409364846488,1.2209309108924062,0.0,0.0,0.9913428665509418,52.0,76.0,76.0,88.0,88.0,83.0,83.0,62.0,78.0,80.0,76.0,100.0,MRK
2026-01-05,17.317520141601562,17.634545387914343,16.624027887697235,17.347241967050707,7787900.0,0.065203935052764,15.99425268610538,15.776490705940663,15.785008506774902,15.602446746826171,15.292152938842774,14.03439853668213,13.26222233772278,14.101894580812791,17.634545387914343,12.119740043917163,17.634545387914343,12.119740043917163,17.634545387914343,11.551346137628403,17.634545387914343,11.359833927916952,17.634545387914343,10.385033658462188,17.634545387914343,3891275.0,4300192.0,4221320.253164557,56135143.98426056,1,False,290,290,210907098.6086845,334,0.0284536920745961,0.4903989495029518,0.0283180816590982,4.677042437102084,2.1616093701462717,5.119596193444737,-0.0573112736226305,16.356540056866688,15.454998642597015,2695800.0,False,True,False,0.058352321345916,0.1338671160421327,0.1435925754469995,0.9322704577545754,0.7755746720146449,0.1324448696569247,0.9820224882842712,False,False,0.0760295018525469,1.0678713192712683,0.2818101096256875,1.2472189870822816,0.3872987321835066,1.2522139904819538,0.0,0.0,0.921814685129105,42.0,81.0,81.0,91.0,91.0,84.0,84.0,77.0,86.0,81.0,79.0,100.0,NOV
2026-01-05,17.940000534057617,18.138999938964844,17.165000915527344,17.18000030517578,74927000.0,0.0540540570828413,16.96019490930022,16.782205404432773,16.856800117492675,16.74700012207031,16.41660005569458,15.701300001144409,13.936750011444092,15.255000114440918,18.138999938964844,14.5600004196167,18.138999938964844,14.255000114440918,18.138999938964844,11.890000343322754,18.138999938964844,11.710000038146973,18.138999938964844,9.010000228881836,18.138999938964844,38232730.0,36097206.0,52370525.3164557,603915852.2455645,1,False,192,192,1709906369.7921753,143,0.0252857549173559,0.3942855426243373,0.0219780117551177,4.2222356499869385,2.333334542703464,4.867954021582085,0.0441379669375838,17.059999465942383,16.649999618530273,30939800.0,False,False,False,0.0542920286757206,0.1017280216616961,0.1420847107299627,0.7159674052124723,0.8556626238606944,0.0927963447482902,0.989029196450916,False,False,0.0286697238927016,1.0208706111277617,0.171783151035783,1.1401612327286996,0.3428144457392492,1.2120612500880863,0.0,0.0,0.730042896628853,21.0,66.0,66.0,85.0,85.0,82.0,82.0,67.0,67.0,67.0,80.0,100.0,NU
2026-01-05,167.5585174560547,171.3555645261129,165.7446964833032,169.4221563092409,2145300.0,-0.007496975342329,164.4566770436277,162.08369482635436,161.925615234375,160.38350372314454,154.4042593383789,146.86172393798827,134.8682370376587,145.00930550728586,171.3555645261129,130.42891784235977,171.3555645261129,130.42891784235977,171.3555645261129,130.42891784235977,171.3555645261129,113.62673382709497,171.3555645261129,96.13205784378584,171.3555645261129,1441312.5,1545412.0,2108400.0,253805021.33911133,-1,False,290,290,884445440.7173157,217,0.0228635483843999,3.728126936988691,0.0222497011407758,3.828978265431903,-0.3394924040299722,-0.2431569140535909,-2.4226434290118277,169.07333846015976,163.78139005611476,1524200.0,False,False,False,0.0334860210510113,0.1038880636945493,0.1038880636945493,1.0,0.992162607770614,0.0851936220803861,0.9778411218768472,False,False,0.0242441393393959,1.0164785802333034,0.2221332116814722,1.189152538981063,0.2368594214338364,1.1164233310738685,0.0,0.0,0.6836048662492885,17.0,64.0,64.0,88.0,88.0,77.0,77.0,62.0,75.0,70.0,63.0,96.15384615384616,NUE
2026-01-05,22.549999237060547,22.61000061035156,21.6299991607666,21.68000030517578,1734300.0,0.0396495473410689,21.96012685974413,21.68567863395545,21.512399978637696,21.30166664123535,20.733799934387207,20.675599899291992,19.44494993686676,18.895000457763672,22.670000076293945,18.770000457763672,22.670000076293945,18.770000457763672,22.670000076293945,18.770000457763672,22.670000076293945,17.780000686645508,22.670000076293945,14.220000267028809,22.68000030517578,1998917.5,2147122.0,2395428.6919831224,49020171.60915375,1,False,290,290,149211389.2692566,333,0.0263100105988942,0.4796431405203683,0.0212702065076828,4.118251777967932,1.792996981192957,-3.4544194506590324,-5.617823746680895,21.9950008392334,21.575000762939453,1395600.0,False,False,False,0.0434590457978528,0.0485587295078431,0.1232816310732562,0.3938845478041139,0.8327286479296472,0.0875960657680099,0.9942680305835108,False,False,0.1026894081063714,1.0943290968822963,0.0815347158027719,1.052348255492979,0.1464158184847972,1.0347864475858204,0.0,0.0,0.8344717196925368,31.0,86.0,86.0,74.0,74.0,69.0,69.0,71.0,62.0,57.0,50.0,96.15384615384616,NVST
2026-01-05,67.5667495727539,68.17354737357094,65.73671501117873,65.73671501117873,882300.0,0.0156363176801574,66.07872598132012,64.90473315808624,64.54160552978516,63.43921915690104,60.45661506652832,57.87544322967529,53.11076690673829,55.53668602737684,68.17354737357094,49.2967127071578,68.17354737357094,49.2967127071578,68.17354737357094,49.2967127071578,68.17354737357094,46.78205521293213,68.17354737357094,34.566245972482385,68.17354737357094,1040312.5,1143698.0,1101988.6075949366,64169175.197906494,1,False,300,300,129488214.0258789,26,0.0212387543299306,1.2239216935199753,0.0181142603611868,6.492521303063505,0.8499153196407528,1.90386661271404,-0.7886916168074753,66.56504767041918,64.7735409680373,850600.0,False,False,False,0.0360655555846785,0.0503207040006063,0.0987883214076508,0.5093790772388729,0.599843665023459,0.1176072212842445,0.9910992192104664,False,False,0.0827288955891627,1.0745199199049134,0.2706046029294708,1.236315873893792,0.2251024779523001,1.1058111905367587,0.0,0.0,0.9440319916468616,45.0,82.0,82.0,90.0,90.0,76.0,76.0,75.0,83.0,78.0,72.0,100.0,OMF
2026-01-05,58.68999862670898,60.06999969482422,57.33000183105469,57.52000045776367,10617100.0,0.035096963615391,55.64582772206134,54.71401404075186,54.75480041503906,53.527000427246094,51.791000289916994,50.960600204467774,49.05240005493164,44.560001373291016,60.06999969482422,44.560001373291016,60.06999969482422,44.560001373291016,60.06999969482422,44.560001373291016,63.630001068115234,41.4900016784668,63.630001068115234,31.040000915527344,63.630001068115234,8762715.0,9163696.0,9500063.71308017,478394896.7730904,1,False,17,17,2509885205.379486,17,0.0260114545288625,1.5585716792515345,0.0265560012901798,5.01613319714173,1.2768086898160362,-1.5532332267897972,-5.965090055460159,57.33000183105469,55.16999816894531,8044300.0,False,False,False,0.0466859418620363,0.111944110556416,0.1187596078342925,0.9426109819477828,1.009717039936724,0.1332084396550095,0.9223636278723611,False,False,0.0269465802224473,1.0191605318954726,0.1911913554175939,1.1590456843556545,0.0747115541248326,0.9700642064954368,0.0,0.0,0.9223848665283212,42.0,65.0,65.0,86.0,86.0,59.0,59.0,86.0,78.0,73.0,66.0,100.0,ON
2026-01-05,6.650352478027344,6.748295720635877,6.434877344288572,6.601380623207968,16187600.0,0.0494590734814737,6.080164941751539,5.983857598215038,5.987471828460693,5.888534641265869,5.9178511428833005,5.648329582214355,5.755216865539551,5.061562595824641,6.748295720635877,5.061562595824641,6.748295720635877,4.926330147816655,6.748295720635877,4.926330147816655,6.748295720635877,4.926330147816655,6.748295720635877,4.806861440083391,8.647159002666822,8312667.5,8845192.0,10576062.447257385,50307348.53076458,1,False,290,290,131271991.79201126,300,0.0388499487754399,0.2308664624735236,0.0347149212370776,3.565563699603826,1.357576418185041,-0.6202392130586531,-5.36653282967758,6.434877322124891,5.954954734450751,12972400.0,False,True,False,0.0471280849222404,0.1649484723462064,0.1693667305041191,0.9739130693214552,1.0101770543816346,0.1237782629975301,0.7690794717636562,False,False,0.0812101478768145,1.0730126869522545,0.2382733248555038,1.2048570926065512,0.1314299639919907,1.0212598031653477,0.0,0.0,0.7859888821057089,26.0,82.0,82.0,89.0,89.0,67.0,67.0,86.0,77.0,76.0,70.0,100.0,PTEN
2026-01-05,23.299999237060547,23.799999237060547,20.399999618530277,20.46999931335449,25201900.0,0.181541584602473,21.16790096665096,20.850221979955556,20.92559982299805,20.29933319091797,19.217599906921382,19.65949993133545,18.606649975776676,15.989999771118164,23.799999237060547,15.5,23.799999237060547,15.5,23.799999237060547,15.5,23.799999237060547,15.5,24.690000534057617,11.850000381469728,24.690000534057617,7463307.5,7467186.0,6873956.962025316,161409373.27640533,1,False,192,192,587204250.7724762,0,0.0392026831111285,0.8942854745047433,0.0383813520938794,5.534725246340783,4.0031958762258375,-4.006036050118996,-8.022455054176808,19.920000076293945,19.01000022888184,6940000.0,False,False,False,0.1459227351871453,0.2055793633057218,0.2055793633057218,1.0,1.0851678262735118,0.2124302384226892,0.943701852291186,False,False,0.1649999618530273,1.1561672278251809,0.1517548079234827,1.120673377529341,0.0747231969133328,0.9700747155965482,0.0,0.0,1.0857367221282457,63.0,92.0,92.0,83.0,83.0,59.0,59.0,93.0,89.0,85.0,79.0,100.0,QXO
2026-01-05,21.100000381469727,21.43000030517578,19.899999618530277,19.98500061035156,43445800.0,0.06136827324977,19.71244196151604,19.31027779808648,19.30119987487793,19.12199993133545,18.251999931335448,18.446699924468994,16.06384994029999,16.065000534057617,21.43000030517578,15.340999603271484,21.43000030517578,15.340999603271484,22.55500030517578,13.18000030517578,22.55500030517578,12.25,22.55500030517578,10.9399995803833,22.55500030517578,26812132.5,31477140.0,21489660.33755274,363393894.6565342,1,False,94,94,1872958775.588608,96,0.0359426003155418,0.737142835344587,0.0349356787686105,4.466428741285521,1.6550404646242265,-1.823173539344152,-3.269170522588826,20.084999084472656,19.280000686645508,21614600.0,False,False,False,0.0725118795727213,0.1289100081292824,0.1739336497603565,0.7411447313782751,0.6177660994613869,0.1560377197484406,0.9354910262017524,False,False,0.0705226464516732,1.0624062154503762,0.1853933306659025,1.1534041259816188,0.5618060713546029,1.4097291142850952,0.0,0.0,1.2476759557314336,76.0,80.0,80.0,86.0,86.0,89.0,89.0,86.0,83.0,78.0,83.0,100.0,RKT
2026-01-05,114.68000030517578,116.05999755859376,110.91000366210938,111.12000274658205,3503500.0,0.0548197113461559,110.32702336297984,108.0898171086502,105.99700012207032,103.9441665649414,102.91509963989256,99.73214973449709,87.82414995193481,90.54499816894533,116.05999755859376,90.54499816894533,116.66000366210938,90.54499816894533,116.66000366210938,79.05000305175781,116.66000366210938,71.61000061035156,116.66000366210938,52.43000030517578,116.66000366210938,2832825.0,3175770.0,3717778.05907173,310746168.5768509,1,False,325,325,1830229081.362152,325,0.0378311015940209,3.870286669049944,0.0337485756779795,3.38730042928063,1.5399373726328347,2.4368148171673187,-0.9243307135922206,111.05999755859376,108.06999969482422,1948300.0,False,False,False,0.0449075155456896,0.0769968100642012,0.2021276616976919,0.3809315826319699,0.6906167638084622,0.11431656488163,0.9830275733346588,False,False,0.2333834820906575,1.2240322815684552,0.1042850456444972,1.0744846414739495,0.3022939300999809,1.1754863182382078,0.0,0.0,0.7619672167055909,23.0,95.0,95.0,77.0,77.0,80.0,80.0,82.0,72.0,68.0,77.0,100.0,ROKU
2026-01-05,150.13316345214844,151.48483395120357,147.67291376991597,149.2093499838916,1394464.0,0.0383348401429273,143.23161514478366,140.45893937193918,139.28630920410157,136.5791338602702,133.58675186157225,120.45075675964355,104.32698833465577,115.9620348798722,151.48483395120357,115.9620348798722,151.48483395120357,89.08778459565656,151.48483395120357,83.51114934470945,151.48483395120357,83.51114934470945,151.48483395120357,69.26650365302078,151.48483395120357,1157559.55,1230058.46,1512121.6329113925,153769718.06023255,1,False,199,199,680957535.7302246,103,0.0260095608150425,3.966119160157856,0.0264173422377925,4.688687741571983,1.397549205119417,10.022902236148926,6.750822655246429,144.95984821231312,140.80758194869082,1198586.0,False,False,False,0.0253902608433516,0.0899668365349585,0.1193082495128805,0.7540705433386286,0.8840735098070055,0.1238626687152497,0.9910771892881994,False,False,0.1140053540405752,1.1055592481864718,0.2209984198208461,1.188048370786156,0.5263171121379504,1.3776958036449345,0.0,0.0,0.7655201306599063,23.0,88.0,88.0,88.0,88.0,88.0,88.0,84.0,76.0,90.0,88.0,100.0,SCCO
2026-01-05,87.7525405883789,88.98086267076333,84.64210733549095,84.87324008254262,1285800.0,0.0356169023641297,84.76108531981812,83.90616730639513,83.7349935913086,82.77289352416992,81.09330017089843,77.76410415649414,70.92588363647461,74.39526129247344,88.98086267076333,70.36891880385384,88.98086267076333,70.36891880385384,88.98086267076333,69.52460601270602,88.98086267076333,60.1607454596784,88.98086267076333,47.77755104893328,88.98086267076333,1097872.5,1126581.0,1180049.3670886075,96032984.69587326,1,False,108,108,195971491.02630612,75,0.0220795848191002,1.6849351169263846,0.019200983876124,4.276773364899143,1.7911564977145722,-0.2561672777939945,-2.3747057839180536,84.99211206717285,82.50244140499794,823950.0,False,False,False,0.0494430737410121,0.0738260251193608,0.0779651149705017,0.9469110017639684,0.7816348757878927,0.0821182564212652,0.986195659993438,False,False,0.0810283899747146,1.072832307092437,0.197118335885029,1.1648127184268786,0.2463214941163301,1.1249640581120364,0.0,0.0,0.9303615006452208,43.0,82.0,82.0,87.0,87.0,77.0,77.0,68.0,70.0,65.0,60.0,100.0,SF
2026-01-05,43.31611633300781,44.66109226170839,42.05025841072689,42.52495513158224,56362600.0,0.0895522803378736,39.0942897434134,38.30590550202744,38.01944671630859,37.525922520955405,36.78849098205566,35.274006862640384,34.712358732223514,33.99860863722354,44.66109226170839,31.04518788109171,44.66109226170839,31.04518788109171,44.66109226170839,31.04518788109171,44.66109226170839,31.04518788109171,44.66109226170839,30.0297986922217,44.66109226170839,14376770.0,14831248.0,16189705.485232068,596766870.1741982,1,False,290,290,2441408938.430786,0,0.0268981837106649,1.1613122088421857,0.0268101646028049,6.618259108804154,3.065696053153923,4.922745178025787,-1.807419893096794,39.99323253434542,37.649416470849886,14637200.0,False,False,False,0.0602739597176672,0.1739726038947685,0.1751141645369633,0.9934810490903844,0.9332532231947036,0.1774366160910523,0.9698848402358996,False,False,0.1664447813813592,1.1576010930985516,0.2885592655829738,1.2537860092905595,0.2732274480149195,1.1492501120941137,0.0,0.0,0.8880192424200803,38.0,92.0,92.0,91.0,91.0,79.0,79.0,82.0,84.0,80.0,73.0,100.0,SLB
2026-01-05,34.998985290527344,35.92341209675771,34.88964391467536,34.93934729776136,1716200.0,0.0091716438111615,33.80401107707626,33.45260793570817,33.57517326354981,33.05040384928385,32.14303363800049,31.717360496521,29.03546194076538,28.18010056612783,36.03275775909424,27.99124060505984,36.03275775909424,27.99124060505984,36.03275775909424,27.99124060505984,36.03275775909424,25.103998135862867,36.03275775909424,17.01190616379899,36.03275775909424,1376660.0,1433570.0,1654616.0337552745,49312212.367744446,1,False,271,271,125855230.74874878,327,0.0288879934294836,0.8576849868077215,0.0245059958078229,3.6256980539512806,0.37085982265295,-2.186528770313598,-4.602932047370061,34.770365172074825,32.93145369823954,2014500.0,False,True,False,0.0295370901042134,0.1033796406929076,0.106503893051336,0.97066536941591,0.8829914130457529,0.088851341310562,0.9713102040238376,False,False,0.0705379985592011,1.0624214511621213,0.1383234817849177,1.1076045112004549,0.1242511980922427,1.014780051626967,0.0,0.0,0.8320117609857604,31.0,80.0,80.0,81.0,81.0,66.0,66.0,79.0,70.0,66.0,58.0,92.3076923076923,ST
2026-01-05,132.12718200683594,133.77616791055513,127.71666385922764,128.0742599199,2335700.0,0.0305259449764894,128.8253373410834,126.68723672041897,125.50135803222656,123.54962437947592,120.21342407226562,115.96346694946288,105.51615798950196,111.34148613516648,133.77616791055513,103.26867853006507,133.77616791055513,103.26867853006507,133.77616791055513,100.72800148004484,133.77616791055513,92.13857973210058,133.77616791055513,70.82569678561639,133.77616791055513,1831602.5,1936180.0,1997623.6286919832,278649734.9660492,1,False,174,174,569086774.2538452,17,0.0207997728217799,2.294793593825579,0.0173680658209061,5.706165294448431,1.705527516154267,3.460636388481253,0.7925748358018887,128.26300440441057,126.17694396666822,2217700.0,False,False,False,0.0458611465051452,0.0605205997736753,0.1068300899555044,0.5665126725895544,1.0993554318296852,0.0991050544189509,0.9876735450755196,False,False,0.1073756050124643,1.0989797642328278,0.1503842236731523,1.1193397800740148,0.2286642691943872,1.109026161271647,0.0,0.0,0.9168906863598266,42.0,87.0,87.0,83.0,83.0,76.0,76.0,70.0,74.0,70.0,66.0,100.0,STT
2026-01-05,75.55493927001953,76.16165174794612,73.70545357129507,74.12623646637192,1415600.0,0.00967698226274,73.62715905200236,72.45056095879524,72.2184262084961,71.09019165039062,68.85867576599121,70.0805883026123,67.11680770874024,60.2377029482475,76.16165174794612,59.8701635728447,76.16165174794612,59.8701635728447,78.76940978145554,59.8701635728447,78.76940978145554,59.622333683290734,78.76940978145554,50.898493889279074,85.20849232304815,1504667.5,1698080.0,2244228.270042194,108603870.98487854,1,False,220,220,483135287.0803833,238,0.0253179092089563,1.906102679175913,0.0252280353553571,3.8546987037812,0.3799041680441562,-3.9194648445676616,-5.890021796231134,75.22223007678372,72.43331623290561,1199400.0,False,False,False,0.0325087704441539,0.0726589881968658,0.0863877486648323,0.8410797748505814,0.7940379722981249,0.0972464751832413,0.8867066792306403,False,False,0.0645250406084403,1.0564540819324235,0.0357538799182202,1.0078028682075062,0.1399590941876589,1.0289584306562325,0.0,0.0,0.6704609865607435,17.0,78.0,78.0,64.0,64.0,68.0,68.0,80.0,72.0,67.0,59.0,100.0,SWK
2026-01-05,49.91131591796875,50.22076744751539,48.89312461629044,49.04286008721683,3422600.0,0.0410160557663303,47.36035984226236,46.03560215263524,45.24880187988281,44.496272277832034,43.45838317871094,41.05519037246704,38.643662815094,37.932601692416455,50.22076744751539,37.932601692416455,50.22076744751539,31.555864855571457,50.22076744751539,30.85860969258848,50.22076744751539,30.85860969258848,50.22076744751539,28.14180151751996,50.22076744751539,3957457.5,3769430.0,4272942.616033755,187334032.261982,1,False,118,118,1623640654.6165466,118,0.0291345225138823,1.4067872895429656,0.0281857383174404,5.268101792499197,1.3978708598132754,6.161599089325147,1.062178300550708,49.13270071855292,47.51557133746772,2624900.0,False,False,False,0.0266000366210937,0.1167999794119215,0.1548000356081586,0.7545216572661152,0.8906837373289861,0.1484853385530211,0.993838176012144,False,False,0.1248593275888838,1.1163309296621309,0.1566041997333012,1.125391902914332,0.2439834771310236,1.1228536996787253,0.0,0.0,0.9261667791067608,43.0,89.0,89.0,83.0,83.0,77.0,77.0,86.0,78.0,87.0,84.0,100.0,TECK
2026-01-05,219.32542419433597,221.8234358594195,211.63155131520924,211.6815145978416,4271600.0,0.057525496559184,201.68722266157383,196.6006388072344,196.47880981445311,191.29681040445965,182.81088256835935,154.48853706359864,120.00153858184814,151.28516580197692,221.8234358594195,131.54579955857184,221.8234358594195,109.39019339596952,221.8234358594195,88.37375840491858,221.8234358594195,77.58139273589057,221.8234358594195,65.50238473774172,221.8234358594195,3119195.0,3425856.0,3573129.535864979,544817669.1641998,1,False,159,159,2130784286.299896,159,0.0301267762417662,7.035118768570827,0.032076166246633,6.227035651697672,1.6958485859712036,10.284263644441245,8.084410262589232,208.64393387089603,199.101525803779,3224100.0,False,False,False,0.0464692343883471,0.1389066058211804,0.181503420533009,0.7653112289193372,0.7688501793420389,0.1997394307875653,0.9887387387387386,False,False,0.1251793892487394,1.1166485646957147,0.5082797028417279,1.4675770374165304,1.4272758406051187,2.190925930985804,0.0,0.0,0.8729588358584119,36.0,89.0,89.0,96.0,96.0,97.0,97.0,93.0,94.0,94.0,95.0,100.0,TER
2026-01-05,56.13547897338867,56.95105439413659,54.65352033080914,54.86238637399977,930300.0,0.0256224059883118,54.04733078418282,52.6837036650954,51.69278030395508,50.43009656270345,49.49360916137695,50.58428237915039,47.04806762695313,41.475010482740494,56.95105439413659,41.475010482740494,58.127879957974365,41.475010482740494,58.127879957974365,41.475010482740494,58.127879957974365,41.475010482740494,58.127879957974365,31.01903291287785,58.127879957974365,1116207.5,1299738.0,994193.670886076,60018650.39972305,1,False,67,67,152214752.1308899,290,0.0277104369573615,1.3718434679120333,0.0244380825282057,5.491286552047855,1.0222692120981682,-0.3707122519257115,-3.276185918479671,55.39947263501361,52.93285387571223,976800.0,False,False,False,0.0409283772997931,0.0717576083439083,0.1529057181210607,0.4692931646094189,0.7090505932734136,0.1341965139449721,0.9657238319025884,False,False,0.1360708410924471,1.1274574403158493,0.0763700393380764,1.0473229537727529,0.1585133445802722,1.045706007357299,0.0,0.0,1.1227264190941582,66.0,90.0,90.0,73.0,73.0,70.0,70.0,89.0,81.0,77.0,70.0,100.0,TEX
2026-01-05,321.3445129394531,330.3192239292284,320.59662035697187,329.4716062493842,17446300.0,0.0082601206945682,304.6259383481378,299.02855956911543,296.0785876464844,293.53490295410154,292.45558959960937,278.0294462585449,237.89175682067872,265.35390086809315,330.3192239292284,265.35390086809315,330.3192239292284,223.68456399572787,330.3192239292284,221.77120707125417,330.3192239292284,189.8486276337532,330.3192239292284,132.60759030552757,330.3192239292284,11479697.5,11725594.0,13832288.185654009,3378333303.629608,1,False,343,343,7152397878.837585,271,0.0239194821628196,8.031656940069158,0.0249939134376396,3.9521841195130016,0.3277778043306785,4.076133166996687,1.190032657202283,320.68636142096807,310.8241671314913,18526900.0,False,False,False,0.0302560124127229,0.1392397129914312,0.1743057100500915,0.7988247370176046,0.7680037361007042,0.0987805477727219,0.9728301886792452,False,False,0.0936534695123476,1.0853616664813253,0.1058556441574047,1.0760128555765467,0.4144055206026251,1.2766813232258034,0.0,0.0,0.8299203534456454,30.0,84.0,84.0,78.0,78.0,85.0,85.0,74.0,63.0,82.0,77.0,100.0,TSM
2026-01-05,178.6237030029297,182.98615760142047,175.59667305051946,177.75318340137488,9056500.0,0.0923114275724801,166.02536177202649,166.40986335068862,167.82456665039064,168.44922790527343,169.88013458251953,162.22785919189454,144.57729312896728,158.17648682929646,182.98615760142047,152.65357816084125,182.98615760142047,144.26839677508758,182.98615760142047,128.5596849879864,182.98615760142047,121.97905571171394,182.98615760142047,95.71815755876536,182.98615760142047,2941395.0,2794180.0,3089069.1983122365,513372493.330307,1,False,277,277,1617705566.2460327,0,0.0227323853986003,4.377305591998395,0.0245057375835871,2.100285518183779,3.448587196453792,6.554129436381944,1.3275336061097858,163.88430328194747,160.33300217056595,1938600.0,False,False,False,0.041369003254735,0.1329677578159291,0.1388934970837386,0.9573360928176722,1.195076909862643,0.0514690457592199,0.9761596469608752,False,False,0.0198813686919672,1.01214888700563,0.1328469480064271,1.102275767995328,0.2744814610216901,1.1503820187230869,0.0,0.0,0.9521945968730904,46.0,62.0,62.0,81.0,81.0,79.0,79.0,55.0,54.0,64.0,73.0,92.3076923076923,VLO
2026-01-05,31.961122512817383,32.24986878168313,30.188824638609137,30.298349347364663,1044300.0,0.0534950992845881,30.425942962791403,29.7260612852943,29.51069091796875,28.653190739949544,27.37388645172119,27.423984203338623,27.335772819519043,22.85522246277249,32.24986878168313,22.85522246277249,32.24986878168313,22.85522246277249,32.24986878168313,22.85522246277249,32.24986878168313,22.85522246277249,32.24986878168313,22.589895396531343,37.53635747403115,915192.5,1071360.0,972019.4092827004,26519327.596940994,1,False,250,250,96698881.19602203,80,0.0276397047342074,0.769498982478617,0.0240760937657938,6.960310311526563,2.109091649408291,-0.4635297569028669,-4.660736154827371,30.447200530584105,29.52546067561426,648000.0,False,False,False,0.0644859748667292,0.0902029872523795,0.1196626221010042,0.7538108865460214,0.7351870519713262,0.1675770836993355,0.8514710713454045,False,False,0.1200932847743065,1.1116010217745278,0.1807940804822383,1.1489289918628196,0.1453285889359212,1.033805084292981,0.0,0.0,0.94153726896808,45.0,89.0,89.0,85.0,85.0,69.0,69.0,91.0,84.0,80.0,74.0,100.0,WERN
2026-01-05,13.064810752868652,13.284052700205244,12.446947947090164,12.446947947090164,3448200.0,0.0479615521809151,12.411315487593788,12.151236280066469,11.878514328002929,11.713817278544107,11.684151573181152,12.60078519821167,11.451273744106294,10.653152059516549,13.284052700205244,10.653152059516549,13.598333819021416,10.653152059516549,14.870691932207665,10.653152059516549,14.870691932207665,9.283582964142935,14.870691932207665,7.385690228396816,14.870691932207665,2766452.5,2959302.0,2421660.759493671,33634557.46087551,1,False,146,146,235287578.80268097,146,0.0238044917034407,0.3153378878917431,0.0241364298233331,4.895716618375243,1.896159425055822,-4.952890481821647,-7.738564889937051,12.496776172361864,12.147982197818491,2155300.0,False,False,False,0.0640732398616088,0.098398211976981,0.1632341481721936,0.6028040889653922,0.8967553835330088,0.1181651205943401,0.8785610523322223,False,False,0.1736794416692897,1.1647809020283726,-0.0335828694872936,0.9403372508654988,0.0761726080862632,0.971382993984324,0.0,0.0,1.1423782167484182,68.0,93.0,93.0,43.0,43.0,59.0,59.0,77.0,66.0,62.0,54.0,100.0,WT
2026-01-05,46.2400016784668,47.540000915527344,44.83000183105469,44.83000183105469,3160000.0,0.0312221570275375,44.87584855725532,43.98716655910608,43.99720001220703,43.21866671244303,40.21600006103515,37.43290008544922,34.6071000289917,35.83000183105469,47.540000915527344,31.65999984741211,47.540000915527344,31.65999984741211,47.540000915527344,30.51000022888184,47.540000915527344,29.1200008392334,47.540000915527344,26.61000061035156,47.540000915527344,2115007.5,2045694.0,2084085.6540084388,86810302.17077255,1,False,151,151,202322478.1585693,238,0.0296733927943853,1.1778578077043806,0.0254727025291802,5.880458413431849,1.188599775559903,1.5948468904029482,-1.809179124216926,45.04999923706055,43.91999816894531,1284600.0,False,False,False,0.0586072445091337,0.0873702588425446,0.1167820356804527,0.7481481062859129,0.8582955222042006,0.1497911679005648,0.9726546232220212,False,False,0.0718591175864089,1.0637325538001714,0.3188819129280695,1.2832903650632312,0.4364710671376082,1.296598292395989,0.0,0.0,1.0148371281823698,54.0,80.0,80.0,92.0,92.0,86.0,86.0,84.0,88.0,83.0,80.0,100.0,YETI
