date,close,high,low,open,volume,price_chg_pct0,ema10,ema20,sma25,sma30,sma50,sma100,sma200,min30,max30,min60,max60,min90,max90,min120,max120,min150,max150,min252,max252,vol_sma40,vol_sma50,vol_sma252,avg_dollar_vol,adr_pct,atr14,atr_pct,atr_multi_50sma,vars_norm_change,vars,vars_20ema,previous_session_high,previous_session_low,previous_session_volume,inside_day,tight_day,close_to_ma,perf_1mo,rela_perf_1mo,perf_3mo,rela_perf_3mo,perf_6mo,rela_perf_6mo,vol_ratio,vol_ratio_rank,perf_1mo_rank,rela_perf_1mo_rank,perf_3mo_rank,rela_perf_3mo_rank,perf_6mo_rank,rela_perf_6mo_rank,c0_c30_rank,c0_c60_rank,c0_c90_rank,c0_c120_rank,rs_sts_pct,ticker
2026-03-17,65.41999816894531,68.16000366210938,65.31500244140625,66.80000305175781,5460600.0,-0.0177177227058691,64.00028039662945,62.86389912911847,62.11456909179688,61.65959803263346,61.69949996948242,52.16519130706787,41.61177083015442,54.9500066968113,68.28816186189853,46.953101790469766,68.28816186189853,35.06257597051839,68.28816186189853,30.676935521067115,68.28816186189853,28.79509915823309,68.28816186189853,21.291285693556464,68.28816186189853,7454615.0,8010660.0,6705359.523809524,418455996.8746948,0.0627627518994584,4.281675254367967,0.0654490274259968,0.9213322153414572,-0.2755931347133343,14.730070966356504,13.69306828822202,67.69999694824219,64.41999816894531,6462400.0,False,False,True,0.0930298383596974,1.112572624629201,0.4201808000912919,1.4437205343936532,0.9554693120191488,1.9261172663334616,1.1117397916591951,56.0,84.0,84.0,94.0,94.0,96.0,96.0,77.0,86.0,93.0,94.0,88.46153846153845,AA
2026-03-17,51.69038391113281,54.20919766290101,51.42158131816263,53.52224673158836,1582200.0,-0.0238767016465833,52.0256372431573,52.123042013497766,53.58397598266602,53.57202911376953,49.89345535278321,48.85502307891846,52.26560508728027,48.00675234754367,64.91165282301284,37.49990794619031,64.91165282301284,37.49990794619031,64.91165282301284,37.49990794619031,64.91165282301284,37.49990794619031,64.91165282301284,28.11100634254065,68.93513032322925,2018315.0,1981092.0,2250213.888888889,92056134.32323456,0.0458874822888968,2.3381850486232385,0.0452344299211067,0.7961925465281978,-0.5407549860662921,1.2248125464087138,-0.7234711144389468,53.54216004778117,50.923793795196985,1705200.0,False,False,True,-0.1177570234628049,0.8980170069644989,0.1263336240118944,1.1450027922215698,-0.1820341569539317,0.8056879869596287,0.8969436238777301,33.0,22.0,22.0,80.0,80.0,32.0,32.0,52.0,85.0,79.0,75.0,30.76923076923077,AAP
2026-03-17,126.62000274658205,127.0,123.31500244140624,123.51000213623048,694000.0,0.0315275172837639,118.43978892368024,118.47445182687572,120.48080017089843,119.56899998982747,119.13640014648438,117.21935012817384,85.72622502326965,105.77999877929688,133.4199981689453,105.77999877929688,148.8300018310547,96.0999984741211,148.8300018310547,81.0199966430664,148.8300018310547,67.1500015258789,148.8300018310547,4.769999980926514,148.8300018310547,899875.0,1215176.0,1090600.0,114172148.13922882,0.0450723621510646,6.129999433244977,0.0484125675270564,1.297502275692864,0.6313218767352162,8.236063357729128,6.090385094246359,123.72000122070312,118.5500030517578,1595900.0,False,False,False,0.0130410825719757,1.031153712862692,0.0085627033598749,1.0252797988612623,0.4745545440386283,1.4524211400129885,0.8251192004401247,27.0,71.0,71.0,59.0,59.0,90.0,90.0,78.0,68.0,74.0,85.0,88.46153846153845,ABVX
2026-03-17,23.729999542236328,24.65999984741211,22.600000381469727,22.600000381469727,3403700.0,0.0412460986813099,23.450676819673543,21.96493328810722,20.74720008850097,19.5400000890096,17.158599967956544,17.05829997062683,19.857400012016296,12.90999984741211,25.75,11.43000030517578,25.75,11.43000030517578,25.75,11.43000030517578,27.5,11.43000030517578,27.5,11.43000030517578,31.040000915527344,4204752.5,3960520.0,2876669.047619048,86902589.1740799,0.0601204275091074,1.4835711887904577,0.0625188039363377,6.12583599159346,0.6336053394750519,-0.5578405480438036,-4.665112410598636,23.729999542236328,22.540000915527344,3309300.0,False,False,True,0.4150267677095098,1.440326686079966,0.6617647049002364,1.6893087328323697,0.1078431119381235,1.0912141311434287,1.461674050923646,81.0,97.0,97.0,97.0,97.0,72.0,72.0,98.0,97.0,95.0,94.0,76.92307692307693,ACHC
2026-03-17,37.09000015258789,38.41999816894531,36.400001525878906,36.91999816894531,944200.0,-0.0104055334688289,38.31178737697944,37.11494473564113,36.34599983215332,34.554999860127765,31.41679988861084,27.23899991989136,23.840499968528743,22.65999984741211,46.95000076293945,19.899999618530277,46.95000076293945,18.700000762939453,46.95000076293945,18.700000762939453,46.95000076293945,16.3799991607666,46.95000076293945,6.269999980926514,46.95000076293945,1578345.0,1558642.0,1305661.507936508,69504497.49560356,0.1209003250619442,5.065000261579241,0.1365597260917196,1.3223412068439395,-0.0769988883528384,5.760143927665163,3.333979224691569,39.31999969482422,36.880001068115234,1273300.0,False,True,True,0.2860610248387847,1.3090551050147476,0.5151144136500092,1.5402276884757966,0.2887421566253954,1.2693978394193737,1.2088470023861286,66.0,95.0,95.0,96.0,96.0,85.0,85.0,96.0,96.0,95.0,93.0,53.84615384615385,AEHR
2026-03-17,13.979999542236328,14.18000030517578,13.175000190734863,13.260000228881836,2504400.0,0.0598938579973835,12.69169706238191,12.056157995522009,11.573999938964844,11.6043332417806,11.381199970245362,10.610799989700318,11.408174448013304,9.270000457763672,14.18000030517578,9.170000076293944,14.18000030517578,7.642000198364258,14.18000030517578,7.642000198364258,14.18000030517578,7.642000198364258,14.18000030517578,7.642000198364258,18.25481185540253,2847375.0,2706182.0,2270716.26984127,39898723.5857296,0.0757971665150705,0.7982142993382045,0.0570968759281173,3.9991932079325783,0.9897091075767652,7.953930940783652,2.913001865295541,13.670000076293944,12.96500015258789,3400700.0,False,False,False,0.187765420435044,1.2090020280144889,0.3855301616274731,1.4084955558015966,0.2920517501422579,1.2726577551737108,1.2539545507369974,69.0,91.0,91.0,93.0,93.0,85.0,85.0,94.0,91.0,93.0,91.0,100.0,AESI
2026-03-17,45.720001220703125,47.13999938964844,45.34000015258789,46.68000030517578,2051300.0,-0.0118867350684942,48.1597305810597,48.08471723604332,48.48076797485352,47.07723147074382,44.73558212280273,39.87960609436036,34.456929178237914,37.209860910897135,55.36515437069226,36.13073350786464,55.36515437069226,30.18554801844875,55.36515437069226,29.25630162440201,55.36515437069226,25.33947437977729,55.36515437069226,23.449373319085183,55.36515437069226,4426997.5,4103666.0,3733948.8095238097,181691248.15088272,0.0485741691074064,2.687583254837992,0.0587835341881178,0.3743443169239807,-0.2046445393163088,9.954967433365674,8.27302501159853,46.93000030517578,44.959999084472656,3779400.0,False,False,False,0.011205226951638,1.029285033130193,0.1888031024750944,1.2085077127390045,0.3687417210374926,1.3481965919061565,1.1856074429056178,64.0,70.0,70.0,85.0,85.0,88.0,88.0,81.0,77.0,85.0,84.0,34.61538461538461,AGI
2026-03-17,2.2699999809265137,2.4600000381469727,2.259999990463257,2.450000047683716,4999400.0,-0.0696721607816689,2.4320112938069727,2.351231809102192,2.300800008773804,2.2023333430290224,1.963400011062622,1.6432000052928926,1.4375,1.559999942779541,2.799999952316284,1.2999999523162842,2.799999952316284,1.0399999618530271,2.799999952316284,1.0399999618530271,2.799999952316284,0.9900000095367432,2.799999952316284,0.8600000143051147,2.799999952316284,5800032.5,5756898.0,3782483.73015873,12377506.624196768,0.0859705315619194,0.2164285864148821,0.0953429904111917,1.6378516002600465,-0.7854788459786185,9.37923648222846,8.039045419701356,2.539999961853028,2.3499999046325684,5644000.0,False,False,True,0.2611111339227658,1.2836591234537096,0.5033112551411967,1.5282288906404926,0.9739130678158856,1.9442841770989647,1.5333925837551732,84.0,94.0,94.0,95.0,95.0,96.0,96.0,93.0,95.0,96.0,95.0,46.15384615384615,ALLO
2026-03-17,18.15999984741211,18.850000381469727,17.149999618530273,18.30500030517578,7959400.0,-0.0585796275004657,19.427495763635967,18.2944974774828,17.455400009155273,16.825500011444092,14.129700012207032,10.679450016021727,8.030975011587143,11.729999542236328,22.549999237060547,7.900000095367432,22.549999237060547,5.434999942779541,22.549999237060547,5.25,22.549999237060547,3.9700000286102295,22.549999237060547,2.371500015258789,22.549999237060547,5731395.0,5183686.0,2009286.7936507936,102818845.73250294,0.0932628142685256,2.043856757027762,0.1125471791960957,2.534368725830886,-0.5528768414076708,13.539875960593518,14.028592594965774,21.5,19.0,8453800.0,False,True,True,0.3121387028320543,1.335599037880064,1.686390419015701,2.7309177895392103,2.775467788658234,3.718797145791888,2.852452431435278,96.0,95.0,95.0,99.0,99.0,99.0,99.0,95.0,98.0,98.0,98.0,57.692307692307686,ALM
2026-03-17,26.209999084472656,26.459999084472656,25.049999237060547,26.190000534057617,1487900.0,0.0003816153145821,26.57293198222567,26.821906947179947,27.45699989318848,27.28216667175293,25.51130002975464,16.64645001411438,10.310025007724764,24.559999465942383,30.600000381469727,7.849999904632568,30.600000381469727,4.400000095367432,30.600000381469727,3.759999990463257,30.600000381469727,3.759999990463257,30.600000381469727,2.759999990463257,30.600000381469727,1454862.5,3350790.0,1386646.4285714286,37342893.69868279,0.0610445400848305,1.685142925807408,0.0642938948748655,0.425978646732898,0.0059332187080882,18.22940589749965,17.762252152780675,26.364999771118164,25.270000457763672,1346600.0,False,True,True,-0.0124341303568538,1.005223016813488,1.2811139779441438,2.318923823669953,4.984017899464876,5.894196409713293,1.0491950002704369,49.0,57.0,57.0,99.0,99.0,99.0,99.0,48.0,99.0,99.0,99.0,34.61538461538461,ALMS
2026-03-17,4.710000038146973,4.769999980926514,4.25,4.320000171661377,1688000.0,0.0928074479531129,4.209161721609403,3.7114378733454063,3.229199981689453,3.1393333196640016,2.9281999921798705,2.5301999938488007,1.82214999049902,2.25,4.889999866485596,2.25,4.889999866485596,1.100000023841858,4.889999866485596,0.9900000095367432,4.889999866485596,0.9200000166893004,4.889999866485596,0.7599999904632568,4.889999866485596,1815220.0,1659046.0,946054.3650793652,11016259.673458338,0.0864561033114237,0.4021428653172084,0.0853806501189373,7.126868955205103,0.9946716201266268,19.95861269514469,14.3767129471175,4.650000095367432,4.269999980926514,1626400.0,False,False,False,0.7574626570237621,1.7888851451183152,0.884000015258789,1.915227630631413,2.991525633483749,3.9316119125015305,1.9187269431896967,91.0,99.0,99.0,98.0,98.0,99.0,99.0,98.0,97.0,99.0,99.0,92.3076923076923,ALTO
2026-03-17,14.289999961853027,14.470000267028809,14.170000076293944,14.300000190734863,520100.0,-0.006258703189961,14.411428547199993,14.417910455588608,14.430800094604493,14.344333394368489,14.205300064086916,13.770050020217896,11.547750000953677,12.9399995803833,15.697999954223633,10.829999923706056,17.489999771118164,10.829999923706056,17.489999771118164,10.829999923706056,17.489999771118164,7.630000114440918,17.489999771118164,3.109999895095825,17.489999771118164,1191580.0,1299380.0,1413969.8412698412,14012243.350391388,0.0669176326143046,1.0530714988708496,0.0736928972485661,0.0809108647844887,-0.0854644273293815,1.4718113528736692,1.1499050914970417,14.78499984741211,14.109999656677246,629600.0,True,True,True,0.0120396655574912,1.030134391050009,0.0908396599794443,1.1089205097985264,0.2059071309566214,1.1878061866037866,0.842719529951134,28.0,70.0,70.0,77.0,77.0,80.0,80.0,61.0,82.0,74.0,71.0,61.53846153846154,AMLX
2026-03-17,19.3799991607666,19.520000457763672,18.600000381469727,18.600000381469727,7304300.0,0.0369180635095029,17.123900197398637,15.237004827649942,13.29160011291504,13.156000073750814,12.221599979400636,11.598499999046323,9.63810001015663,9.229999542236328,19.520000457763672,7.710000038146973,19.520000457763672,7.710000038146973,19.520000457763672,7.710000038146973,19.520000457763672,6.36299991607666,19.520000457763672,1.9700000286102293,19.520000457763672,9717522.5,9260952.0,7270649.206349206,152074588.63868237,0.0949989232365688,1.4884287970406669,0.0768023148346612,7.6262938990509745,0.4635751660280006,9.095257861219103,4.46487387023681,19.15999984741211,17.701000213623047,8155200.0,False,False,False,0.9438313582454996,1.9785860185895927,0.7763519185899537,1.8057952487549649,1.3154121177711455,2.280657247498169,1.3365412391941596,75.0,99.0,99.0,97.0,97.0,97.0,97.0,98.0,98.0,97.0,96.0,100.0,AMPX
2026-03-17,35.631500244140625,35.76063693854317,34.36994398631089,34.56861494939172,6608700.0,0.0385060412479039,33.13020285824461,31.54915748639485,30.39097930908203,29.804835828145347,27.967655601501463,25.989045791625976,23.175100173950195,25.419854154405268,35.76063693854317,22.877858821296023,35.76063693854317,21.283788221791376,35.76063693854317,21.281685354067697,35.76063693854317,19.30629197449604,35.76063693854317,12.826799420726676,35.76063693854317,7669035.0,7322144.0,7424167.063492063,271393547.2348118,0.043290052254489,1.5411129958484,0.0432514203805332,6.335636542578589,0.8572736403201844,12.31610063165688,7.068962191045108,34.80702019961477,33.634865708043264,7612400.0,False,False,False,0.2847420357335395,1.3077125330929398,0.3964942859071514,1.419641412275081,0.5982761598905164,1.574285665856626,1.032982546649854,48.0,95.0,95.0,94.0,94.0,93.0,93.0,92.0,92.0,90.0,88.0,100.0,APA
2026-03-17,14.09000015258789,14.210000038146973,13.920000076293944,13.949999809265137,1494500.0,0.0158615911206938,13.84822500532984,13.58385732482808,13.056799926757812,12.959333260854086,13.176599941253665,14.1878999710083,15.569850025177002,11.050000190734863,16.3700008392334,11.050000190734863,16.3700008392334,11.050000190734863,17.84000015258789,11.050000190734863,19.940000534057617,11.050000190734863,19.940000534057617,7.840000152587891,19.940000534057617,1573785.0,1485238.0,1261249.603174603,25262494.186310768,0.0465183159711266,0.8814286504473005,0.0625570362598903,1.1081067036800054,0.2495950941884684,-4.338384520073793,-5.844637238551576,13.960000038146973,13.720000267028809,925600.0,False,False,True,0.2338003553814704,1.2558600428650637,0.0014214966735948,1.0180202254797115,-0.2030543037681355,0.7849833574004482,1.2477982122164684,69.0,93.0,93.0,56.0,56.0,30.0,30.0,86.0,78.0,70.0,66.0,84.61538461538461,ARLO
2026-03-17,44.36000061035156,48.040000915527344,43.59999847412109,45.2400016784668,9977700.0,-0.0832816455905757,43.65727245541505,39.2212796719197,35.87440010070801,33.58700008392334,28.304800071716308,19.76870002269745,11.3676500082016,16.5,52.70000076293945,12.75,52.70000076293945,7.809999942779541,52.70000076293945,4.0,52.70000076293945,2.049999952316284,52.70000076293945,1.1299999952316284,52.70000076293945,8307995.0,8592590.0,2970736.507936508,395512288.0340004,0.1584111819396796,6.672142573765346,0.1504089829116994,3.771219999960077,-0.6040036966749935,21.089890039521897,19.32238560154696,52.70000076293945,44.869998931884766,11318400.0,False,True,True,0.8300330457596075,1.8627530534156465,1.995273420221797,3.0449205781543744,10.145728743156695,10.978428782344931,2.79661120325033,96.0,99.0,99.0,99.0,99.0,99.0,99.0,99.0,99.0,99.0,99.0,80.76923076923077,AXTI
2026-03-17,4.78000020980835,4.824999809265137,4.579999923706055,4.579999923706055,3839200.0,0.0717489167991867,4.520425003587372,4.304406245748799,4.152600021362304,4.062166690826416,3.758100008964538,3.2876500153541564,3.2326750111579896,3.369999885559082,5.295000076293945,2.700000047683716,5.295000076293945,2.3949999809265137,5.295000076293945,2.319999933242798,5.295000076293945,2.319999933242798,5.295000076293945,2.319999933242798,5.295000076293945,2440757.5,2224334.0,1240996.0317460315,12972017.512013912,0.0729622346803791,0.3919285706111363,0.0819934212151112,3.3163559917123555,0.8164757449613816,13.112458107270973,8.665456461430562,4.550000190734863,4.429999828338623,1170800.0,False,False,False,0.2480418550982732,1.2703561729454258,0.6426117074989195,1.6698382712955764,0.4311378241448784,1.4096561151052,1.966773009391458,91.0,94.0,94.0,97.0,97.0,89.0,89.0,92.0,95.0,95.0,94.0,92.3076923076923,BAK
2026-03-17,160.0500030517578,161.5,151.17999267578125,152.88999938964844,6361100.0,0.0414498352392258,156.09544722661784,155.11411203274983,155.46240112304687,154.5866678873698,148.42720077514647,127.61410057067872,88.34620021820068,131.0,180.8999938964844,78.7300033569336,180.8999938964844,75.69999694824219,180.8999938964844,61.369998931884766,180.8999938964844,38.18000030517578,180.8999938964844,15.149999618530272,180.8999938964844,11184532.5,11762352.0,10711962.698412698,1604452156.2012482,0.0940429682097974,14.989573887416295,0.0936555676451245,0.8361106441325591,0.4249627390224993,7.683941779285378,7.005978514312401,162.27000427246094,149.27000427246094,10967000.0,True,False,True,0.1453413250337054,1.1658194125801111,0.6850915708045622,1.713022245440734,1.3880932716864869,2.3522474405188034,1.0441160798344946,49.0,89.0,89.0,97.0,97.0,97.0,97.0,81.0,97.0,96.0,97.0,80.76923076923077,BE
2026-03-17,4.269999980926514,4.320000171661377,3.900000095367432,3.900000095367432,6380100.0,0.0920715824023676,3.847609329904517,3.742784109612697,3.530800008773804,3.5270000139872235,3.8268000078201294,3.3453000020980834,2.626849997639656,2.819999933242798,4.960000038146973,2.819999933242798,5.03000020980835,1.899999976158142,5.03000020980835,1.8650000095367432,5.03000020980835,1.340000033378601,5.03000020980835,1.3200000524520874,5.03000020980835,6436325.0,6487866.0,4957038.888888889,32293661.980021,0.0845835316977416,0.451785717691694,0.1058046181990063,1.0946098070182169,0.796837706457766,9.7965959114044,7.07469855190512,3.950000047683716,3.799999952316284,3419000.0,False,False,False,0.404605274509195,1.4297188621802728,0.4186046493207249,1.4421182586604355,1.5722891968589932,2.5336785423429964,1.2984213245586802,72.0,97.0,97.0,94.0,94.0,98.0,98.0,94.0,90.0,96.0,96.0,96.15384615384616,BFLY
2026-03-17,26.399999618530277,26.65999984741211,23.799999237060547,24.1200008392334,1653300.0,0.0999999841054279,24.00545747027382,23.296422284986207,22.235999908447265,22.30966657002767,23.61879997253418,20.96409995079041,20.22459994792938,17.520000457763672,26.65999984741211,16.559999465942383,29.790000915527344,12.40999984741211,29.790000915527344,12.40999984741211,33.198001861572266,12.40999984741211,33.198001861572266,6.150000095367432,33.198001861572266,1417372.5,1473572.0,1625942.0634920634,28764572.80456543,0.0993695594422374,2.324999673025949,0.0880681707053518,1.337073747240938,1.032258045613707,3.8463003622675567,1.465896034272998,24.700000762939453,22.700000762939453,643400.0,False,False,False,0.2290502877627953,1.2510250465893844,0.4473684183008013,1.4713587919224134,0.3401014515793912,1.3199862195026482,0.8717238650901773,30.0,93.0,93.0,95.0,95.0,87.0,87.0,94.0,92.0,96.0,94.0,100.0,BKSY
2026-03-17,4.099999904632568,4.130000114440918,4.059999942779541,4.059999942779541,23510900.0,0.0098522074918165,3.994920268262999,3.882419377366261,3.8015590000152586,3.750969473520915,3.5786746072769167,3.245020401477814,2.67817591547966,3.3267062644708623,4.153403274666156,2.968139320712777,4.153403274666156,2.300805954777315,4.153403274666156,2.1713234051498653,4.153403274666156,1.9223183983651213,4.153403274666156,1.3431304051195825,4.153403274666156,19933500.0,19960436.0,30918193.253968254,80746086.62621498,0.0423436086594901,0.1736887349148011,0.0423631070621614,3.438735582524616,0.2302968115499739,15.338919333521195,11.29871125718308,4.110000133514404,3.9800000190734863,17648000.0,False,False,False,0.1862776370369614,1.2074876438485738,0.3585424231122394,1.381060491006477,0.7442303401101109,1.7180490401456487,0.6447174916160924,16.0,91.0,91.0,93.0,93.0,94.0,94.0,82.0,86.0,92.0,92.0,100.0,BTE
2026-03-17,42.09999847412109,42.40999984741211,39.36000061035156,40.65499877929688,5312700.0,0.0781049755864253,40.48814828254063,40.43930117212489,40.424800415039066,40.15733362833659,39.82299995422363,37.33679996490479,30.713874950408936,36.869998931884766,44.869998931884766,35.0099983215332,44.869998931884766,30.63999938964844,44.869998931884766,26.280000686645508,44.869998931884766,20.770000457763672,44.869998931884766,15.484000205993652,44.869998931884766,2437117.5,2309608.0,2596092.4603174604,138252126.13355637,0.0469722609392129,2.2093565804617747,0.0524787805353453,1.0895446697053677,1.380492069063415,7.852034644213468,7.662668796065295,39.68999862670898,38.84999847412109,2706700.0,False,False,False,0.0833761660545742,1.1027463498497865,0.1521619436038679,1.1712592205308507,0.5489329654681481,1.5256831241706934,0.9387637525444604,37.0,83.0,83.0,83.0,83.0,92.0,92.0,69.0,69.0,78.0,86.0,100.0,BTSG
2026-03-17,35.400001525878906,35.5099983215332,34.529998779296875,34.91999816894531,2857600.0,0.0094098042180306,34.47506600867872,34.24522151983261,33.99214996337891,34.287761815389,34.59781578063965,31.627911949157717,25.22895476818085,30.280000686645508,38.32907478307676,28.825378912187382,39.86063953287662,25.40305033341708,39.86063953287662,23.494074889315684,39.86063953287662,15.596363653959436,39.86063953287662,9.477016582162824,39.86063953287662,2987155.0,3073234.0,4384710.317460317,92667920.16328812,0.0558579383443285,2.068570681980678,0.0584341975372081,0.3967885890298834,0.1595313294969004,6.39051055273203,4.616144989517312,36.04999923706055,34.52000045776367,2828300.0,True,False,True,0.029879827906077,1.0482935259165955,0.2171307793854078,1.2373049256322215,0.7748071955835121,1.7481669299614129,0.6812662145786178,18.0,75.0,75.0,87.0,87.0,95.0,95.0,74.0,72.0,80.0,82.0,84.61538461538461,BTU
2026-03-17,14.899999618530272,14.93000030517578,12.779999732971191,12.829999923706056,9681700.0,0.2691652392690922,12.532168200938566,11.595930657525736,10.7396000289917,10.548333390553791,9.77200002670288,7.602600011825562,4.726350005865097,7.949999809265137,14.93000030517578,4.614999771118164,14.93000030517578,4.570000171661377,14.93000030517578,2.640000104904175,14.93000030517578,1.1710000038146973,14.93000030517578,0.2240000069141388,14.93000030517578,4213277.5,4133226.0,3032459.126984127,65317258.53383541,0.1167164869878263,1.7097142083304269,0.1147459229599008,4.573274386637377,1.848262026492672,17.951080635379085,14.1239783185596,11.850000381469728,10.510000228881836,8482300.0,False,False,False,0.5282050890800281,1.5555285750304912,1.5042016968350995,2.5457092588154,4.050847246673596,4.975032863791407,1.3893930053363104,78.0,98.0,98.0,99.0,99.0,99.0,99.0,98.0,99.0,98.0,99.0,100.0,BW
2026-03-17,207.47999572753903,208.1300048828125,202.92999267578125,203.57000732421875,915400.0,0.013729406281981,201.11118959205683,201.34977210360665,201.91894287109372,201.17337086995445,202.78394470214843,193.53679138183597,177.04788501739503,183.25708336871637,218.3486495778852,169.6259061281609,220.26602080578223,163.7839637468428,220.26602080578223,163.7839637468428,220.26602080578223,156.9796369403739,220.26602080578223,83.6623211800506,220.26602080578223,995367.5,1049776.0,1164505.9523809524,201415061.11557007,0.0463134368210489,9.745096702952742,0.0469688495451384,0.4930481316283659,0.2883498896160084,4.374330962342194,3.863696348051203,205.9600067138672,197.3000030517578,1429300.0,False,False,False,0.0367581744516372,1.0552948536029352,0.1870327404982839,1.2067080067163156,0.1937006072616636,1.1757828856466932,0.8547551843465193,29.0,77.0,77.0,85.0,85.0,79.0,79.0,67.0,72.0,68.0,64.0,96.15384615384616,BWXT
2026-03-17,31.190000534057617,31.84000015258789,30.13999938964844,30.65999984741211,938800.0,0.0206152185577535,30.44711027149701,29.028367272635627,27.85240005493164,27.287666702270503,25.99860008239746,20.581000008583068,14.377099997997284,22.049999237060547,36.4900016784668,21.059999465942383,36.4900016784668,4.300000190734863,40.369998931884766,4.300000190734863,40.369998931884766,4.300000190734863,40.369998931884766,4.300000190734863,40.369998931884766,1312235.0,1347928.0,2166793.6507936507,46531564.21102524,0.0769445989989028,2.3521427427019392,0.0754133601291074,2.647806690566299,0.2678413417170181,8.485337506191849,4.9408610427275725,32.439998626708984,30.200000762939453,1223000.0,False,False,True,0.3893095534119619,1.4141496618075886,0.1986933122728427,1.2185618544183965,4.163907405802161,5.086395963837747,0.605611429366777,14.0,97.0,97.0,86.0,86.0,99.0,99.0,92.0,89.0,99.0,99.0,88.46153846153845,CAPR
2026-03-17,90.5199966430664,91.30999755859376,87.3949966430664,87.5,3811300.0,0.0374784715537697,82.74798440164363,78.97783990453624,75.90079971313476,74.3603333791097,71.25699974060059,62.42369983673096,68.35864992141724,58.25,91.30999755859376,54.38999938964844,91.30999755859376,43.40999984741211,91.30999755859376,43.40999984741211,91.30999755859376,43.40999984741211,91.30999755859376,43.40999984741211,101.5,3815752.5,3804174.0,4087896.031746032,338228746.4450455,0.0527504148161601,4.380285535539899,0.0483902529604812,5.586482335682992,0.7465259094492701,7.287358093493681,3.841947724924292,87.76000213623047,82.25,3933400.0,False,False,False,0.4255117581585261,1.4509991425250528,0.7031043093948348,1.731333548185969,0.447393593187368,1.4256678813026138,0.9334269928509428,36.0,97.0,97.0,97.0,97.0,89.0,89.0,95.0,94.0,95.0,94.0,100.0,CAVA
2026-03-17,18.989999771118164,20.07999992370605,17.799999237060547,17.8799991607666,6140100.0,0.0765306365181588,17.861490541352076,17.774655093458602,18.39159523010254,18.264657338460285,16.895875148773193,14.584844875335694,14.05891279220581,15.479999542236328,21.73898458655416,11.587823924850984,21.73898458655416,10.38695536296492,21.73898458655416,10.38695536296492,21.73898458655416,10.38695536296492,21.73898458655416,8.965801881631306,21.73898458655416,3698095.0,3609358.0,3581669.047619048,72465059.23545837,0.0784908264990453,1.2838971815340423,0.067609120432256,1.833228268774792,1.0514863657981568,10.227682267372272,6.050760800663378,18.07999992370605,17.364999771118164,3105600.0,False,False,False,-0.0698354750947076,0.9467953668711236,0.4738979069384266,1.4983280112715558,0.1138387250979258,1.0971197487659454,1.0325060609545562,47.0,35.0,35.0,95.0,95.0,73.0,73.0,81.0,93.0,93.0,91.0,76.92307692307693,CC
2026-03-17,307.69000244140625,311.010009765625,305.5539855957031,307.9800109863281,2007400.0,0.0069049543879131,309.5120766338212,308.51083285382646,306.3127551269531,298.5206578572591,303.5268673706055,331.7021437072754,328.8284091949463,242.9743923872977,333.3532658603892,242.9743923872977,377.99346422227984,242.9743923872977,380.2703852343101,242.9743923872977,411.6753267846509,242.9743923872977,411.6753267846509,160.53626655917324,411.6753267846509,3925070.0,3906636.0,3037648.412698413,1014481490.3063964,0.0428864649049081,12.696392765928948,0.0412635856387525,0.3323964663234772,0.1661901855149676,-1.3630695889498428,-3.009509695662956,307.5,301.4200134277344,2208300.0,False,True,True,0.068204955700645,1.0873038864056015,-0.1246595292946104,0.8898493854176461,-0.0664734872232037,0.9195140643668892,1.2921409810272513,72.0,81.0,81.0,33.0,33.0,43.0,43.0,85.0,77.0,68.0,64.0,61.53846153846154,CEG
2026-03-17,56.4900016784668,59.09000015258789,55.77000045776367,56.0,2269400.0,0.0150943419506874,55.162783188222704,53.748518342970335,52.93960006713867,52.50533332824707,50.12939994812012,40.80519998550415,31.921899995803837,43.11000061035156,59.119998931884766,31.709999084472656,59.119998931884766,25.399999618530277,59.119998931884766,25.399999618530277,59.119998931884766,20.90999984741211,59.119998931884766,13.050000190734863,59.119998931884766,2479667.5,2461468.0,1956255.1587301588,138512134.6885109,0.0707504051058172,3.63214247567313,0.0642970856390973,1.9733967498800769,0.2312685028778274,13.641511620589196,11.85971579414908,56.83000183105469,53.88999938964844,2169900.0,False,True,True,0.2269765541949655,1.2489142357794942,0.789924037845037,1.8195923281567872,1.1701882515680668,2.1376132250437214,1.2675583187264785,70.0,93.0,93.0,97.0,97.0,97.0,97.0,88.0,95.0,96.0,95.0,92.3076923076923,CENX
2026-03-17,123.29000091552734,127.45999908447266,122.4499969482422,123.58000183105467,5329700.0,0.00784761767435,118.8236407674164,111.57580686954724,105.81855560302736,103.63629480997722,96.77191864013672,88.37279823303223,88.5556139755249,89.01479335042862,137.44000244140625,75.46712140428369,137.44000244140625,75.01951081785546,137.44000244140625,75.01951081785546,137.44000244140625,75.01951081785546,137.44000244140625,65.80983382931666,137.44000244140625,3876375.0,3649380.0,2817835.3174603176,649689112.8527069,0.057397260114453,8.356429508754186,0.0677786474710112,4.042963903624924,0.1148814913674509,12.129185793024757,6.74040788552609,126.98999786376952,121.0199966430664,7658800.0,False,True,False,0.3024508361061686,1.3257379573020152,0.565199876991324,1.591143326749338,0.4608959415868245,1.4389675563363218,1.3756570428302148,77.0,95.0,95.0,96.0,96.0,90.0,90.0,91.0,93.0,89.0,87.0,92.3076923076923,CF
2026-03-17,18.450000762939453,19.100000381469727,18.309999465942383,18.5,2301200.0,0.0092997850059239,18.63142083048605,18.70616644000303,18.98601867675781,18.72599436442057,18.02584321975708,15.398086881637573,11.873065555095671,16.384749065022103,21.111692636971416,13.702156530513731,21.111692636971416,11.099345329888871,21.111692636971416,9.72314609559581,21.111692636971416,6.930857872929984,21.111692636971416,5.355107194691841,21.111692636971416,2216710.0,2034686.0,1429738.492063492,33145877.52023697,0.0528470675359975,1.151760582244728,0.0624260452367173,0.3769344074469611,0.1476001861104006,14.714875133408608,13.457213554945753,19.3700008392334,18.1299991607666,3400500.0,True,True,True,-0.0185169664789901,0.9990314228495478,0.3038024810369266,1.325413225235409,1.0022680235893495,1.9722135184420917,1.550430384510876,84.0,54.0,54.0,91.0,91.0,96.0,96.0,66.0,83.0,90.0,92.0,38.46153846153847,CGAU
2026-03-17,68.63999938964844,69.3499984741211,64.75,65.91000366210938,1648300.0,0.0415781153312042,63.69571961279064,60.971399157968285,58.96480010986328,57.64333356221517,55.22860008239746,48.29089992523193,39.317049951553344,48.5099983215332,69.3499984741211,37.34000015258789,69.3499984741211,35.79999923706055,69.3499984741211,35.63999938964844,69.3499984741211,24.100000381469727,69.3499984741211,14.800000190734863,69.3499984741211,1194110.0,1296440.0,1107648.4126984128,82042628.68537903,0.0572686380061762,3.5331423623221263,0.0514735197223057,4.717655155409847,0.7755130087565144,10.00574208826868,7.312518360484147,66.80999755859375,63.5,1599700.0,False,False,False,0.3328155221290958,1.3566455475973245,0.6765999436274568,1.7043898681228502,0.9838150987488454,1.9540375762622832,1.0780586929122686,52.0,96.0,96.0,97.0,97.0,96.0,96.0,92.0,96.0,94.0,93.0,100.0,CGON
2026-03-17,370.0499877929688,379.4200134277344,350.3599853515625,358.3099975585937,3264000.0,0.0169560921934781,342.84899569699166,330.29278455800466,328.72080078125,318.73400014241537,288.23139923095704,246.5109992980957,176.0209994506836,238.57000732421875,379.4200134277344,209.0,379.4200134277344,168.22000122070312,379.4200134277344,133.6699981689453,379.4200134277344,84.41000366210938,379.4200134277344,49.209999084472656,379.4200134277344,3669870.0,3471072.0,2666242.8571428573,997163256.6815186,0.068989812819675,27.705714634486608,0.0748701946991742,3.791418551248536,0.2226971219315231,13.791317369782782,12.74499288581016,367.4500122070313,344.989990234375,3759700.0,False,False,False,0.217590061343422,1.239359917478745,0.6940577900434237,1.7221370812631784,1.7229580898645032,2.682085860490887,1.376420002464677,77.0,92.0,92.0,97.0,97.0,98.0,98.0,95.0,95.0,96.0,97.0,100.0,CIEN
2026-03-17,28.6299991607666,29.34000015258789,28.299999237060547,28.82999992370605,950700.0,0.0123761833671514,28.76075584918399,28.272796334821837,28.521999893188475,27.901333300272626,25.055999908447266,22.270899925231934,19.341249990463258,22.51000022888184,31.40999984741211,18.229999542236328,31.40999984741211,17.850000381469727,31.40999984741211,17.420000076293945,31.40999984741211,12.9399995803833,31.40999984741211,7.679999828338623,31.40999984741211,1446862.5,1429074.0,1039643.253968254,39762954.80694771,0.0504964852903278,1.5792857578822546,0.0551619212076835,2.585850036960711,0.2216182045423018,11.90072138464458,10.147389771955538,29.26000022888184,28.100000381469727,661700.0,False,True,True,0.0006990055920448,1.0185909661772543,0.3993157596226022,1.4225096523892875,0.6350656074545851,1.6105228953219424,1.3916913272677098,78.0,65.0,65.0,94.0,94.0,93.0,93.0,85.0,92.0,88.0,87.0,57.692307692307686,CLMT
2026-03-17,28.950000762939453,28.959999084472656,27.415000915527344,27.979999542236328,1028200.0,0.0233297923666682,27.36420454451867,26.67188807351704,26.10040008544922,25.78500010172526,24.900400047302245,25.48415002822876,21.475625,22.5,28.959999084472656,21.5,28.959999084472656,17.049999237060547,30.57999992370605,17.049999237060547,30.57999992370605,15.010000228881836,30.57999992370605,9.600000381469728,30.57999992370605,1349902.5,1408728.0,1251538.888888889,31733780.556955338,0.0509892298974756,1.4345712661743164,0.0495534103063234,3.2819528064216126,0.460067661310534,4.968110185739406,1.74594865494524,28.40999984741211,26.325000762939453,1165200.0,False,False,False,0.171590523495047,1.192537932607317,0.0920407586944986,1.1101415169256796,0.31471390377435,1.2949797446494764,1.078594130781216,52.0,90.0,90.0,77.0,77.0,86.0,86.0,86.0,83.0,91.0,89.0,100.0,CNTA
2026-03-17,245.8000030517578,252.4900054931641,230.1999969482422,235.25999450683597,7599900.0,-0.006346736048913,249.66003497943512,247.3809179996346,247.0543994140625,243.19733276367188,224.86999938964843,192.83399978637692,145.5299998474121,175.24000549316406,300.20001220703125,167.5,300.20001220703125,126.0,300.20001220703125,102.13999938964844,300.20001220703125,84.3499984741211,300.20001220703125,45.58000183105469,300.20001220703125,6677572.5,6310428.0,4377853.571428572,1896284246.1452484,0.0794631127498672,23.42785862513951,0.0953126864697651,0.9765333393888282,-0.0670138953179865,11.259720931141764,10.83233954866679,262.7900085449219,242.75999450683597,6165200.0,False,False,True,0.1315196238370906,1.151750586791937,0.3782662784519439,1.4011112725474686,1.3114539356456172,2.2767584785998727,1.5253074117371608,83.0,88.0,88.0,93.0,93.0,97.0,97.0,92.0,89.0,94.0,96.0,53.84615384615385,COHR
2026-03-17,25.170000076293945,25.6299991607666,24.950000762939453,25.309999465942383,1876100.0,-0.0059241556215712,25.199146900374995,25.067132940895696,25.18119995117188,25.03933327992757,23.83819999694824,20.43879996299744,17.327599964141847,22.31999969482422,27.40999984741211,18.07999992370605,27.40999984741211,14.619999885559082,27.40999984741211,14.390000343322754,27.40999984741211,13.210000038146973,27.40999984741211,7.329999923706055,27.40999984741211,2260057.5,2146230.0,1564730.9523809524,71980293.6647892,0.050737458563183,1.3199996948242188,0.0524433726985739,1.0653074481222815,-0.1136361009161055,14.702039279517388,14.010270075679404,25.65999984741211,24.65999984741211,3083300.0,True,True,True,0.0807213004235312,1.1000440166476115,0.371662100983454,1.3943976297328171,0.660290259210695,1.6353689192334728,1.4443745083210715,80.0,83.0,83.0,93.0,93.0,93.0,93.0,66.0,86.0,91.0,90.0,69.23076923076923,CSTM
2026-03-17,30.170000076293945,30.427000045776367,29.88999938964844,30.170000076293945,1408400.0,0.0130960168118239,29.86540022426069,29.93560703035586,30.53440010070801,30.20633341471354,29.098999977111816,26.049699974060054,23.64770000457764,26.86000061035156,32.380001068115234,25.06999969482422,32.380001068115234,19.040000915527344,32.380001068115234,19.040000915527344,32.380001068115234,19.040000915527344,32.380001068115234,14.454999923706056,32.380001068115234,1459952.5,1418194.0,1431379.365079365,55139669.77798462,0.0440463757963238,1.3769281932285853,0.0456389854075773,0.8064463223715724,0.2832387277465625,11.14280299605865,9.099671270902778,30.59000015258789,29.1200008392334,1058300.0,True,True,True,-0.0270880408380499,0.9903071022858368,0.1350639639914392,1.153877839046521,0.3060605877952973,1.2864563169404102,1.019961958106788,46.0,51.0,51.0,81.0,81.0,85.0,85.0,66.0,69.0,88.0,85.0,53.84615384615385,CTRI
2026-03-17,29.81999969482422,30.86000061035156,28.90999984741211,29.07999992370605,1769400.0,0.0566973926435412,27.50666496802738,26.18751071701399,24.81919998168945,24.685999997456868,24.16059997558594,28.795200157165528,29.337200050354003,19.6200008392334,30.86000061035156,19.6200008392334,30.86000061035156,19.6200008392334,37.95000076293945,19.6200008392334,41.66999816894531,19.6200008392334,41.66999816894531,15.100000381469728,41.66999816894531,1336002.5,1391724.0,1318800.396825397,37782903.2999897,0.0543539920730602,1.5357146944318498,0.0514994872618459,4.548411500227316,1.0418604362326946,-3.788154788769888,-8.20640253960757,28.6299991607666,27.71999931335449,901000.0,False,False,False,0.287009046035098,1.310020076320718,-0.0442308023836477,0.9716112319297466,-0.0213324461167739,0.9639775280279907,1.013043750378004,46.0,95.0,95.0,46.0,46.0,50.0,50.0,95.0,90.0,85.0,83.0,100.0,CVI
2026-03-17,152.53802490234375,154.5418346578507,151.3317657471741,154.27266323170215,6675800.0,-0.0225501009058055,147.79262520641802,141.05393610033414,134.55167694091796,131.9497283935547,126.18070526123049,131.41540870666503,129.87364906311035,110.85698684434615,157.31325203676437,109.8800132652644,157.31325203676437,109.8800132652644,157.31325203676437,109.8800132652644,166.83167615481415,109.8800132652644,166.83167615481415,64.84190444946289,166.83167615481415,8650130.0,8428588.0,7035606.349206349,1314528162.1123505,0.0456787311108843,8.081423592726335,0.0529797314335237,3.942743645752848,-0.4354559519777692,-0.8543066202980125,-3.1386384488120647,157.31325203676437,152.20903488131432,7923400.0,False,False,False,0.3023236424195261,1.3256084894605915,0.1823310511615232,1.201928386092389,0.2163009625606637,1.1980440043966094,1.22947896324185,67.0,95.0,95.0,85.0,85.0,80.0,80.0,91.0,86.0,79.0,76.0,92.3076923076923,DELL
2026-03-17,18.09000015258789,18.739999771118164,18.049999237060547,18.290000915527344,1472900.0,-0.0125545603748731,18.0780796261518,17.767108680825803,17.53840003967285,17.463000043233237,16.784599990844725,14.57560004234314,11.966050033569337,15.614999771118164,19.6200008392334,12.34000015258789,19.6200008392334,10.46500015258789,19.6200008392334,9.489999771118164,19.6200008392334,8.699999809265137,19.6200008392334,4.699999809265137,19.6200008392334,1713747.5,1832038.0,1543030.9523809524,27278783.698921204,0.0556975551037242,1.0278570992606026,0.0568190763178938,1.3687952744973104,-0.2237660686507688,7.491650172970922,6.324548475395322,18.638999938964844,18.1200008392334,1350600.0,False,True,True,0.1485714382595486,1.1691072784950245,0.4414342531996913,1.465326267042198,0.8942408158418982,1.8658078240150544,1.1106371504444714,56.0,89.0,89.0,95.0,95.0,95.0,95.0,73.0,89.0,92.0,92.0,76.92307692307693,DFTX
2026-03-17,7.240162849426269,7.539755985395836,7.220190005440976,7.350013729440466,2240800.0,-0.0068493589731011,7.209566824379815,6.979728829020112,6.838708362579346,6.723531516393026,6.263154964447022,5.444537663459778,4.608315676450729,5.652319933243473,7.64960626032055,4.605579864562441,7.64960626032055,4.137047295677619,7.64960626032055,3.90776501912418,7.64960626032055,3.3417228012788427,7.64960626032055,1.9744942790481088,7.64960626032055,2108940.0,2059694.0,1107455.5555555555,16071241.50705576,0.061781110873071,0.4443962318923596,0.0613793144069369,2.5414576567893654,-0.1123602683257965,15.829482341863743,13.227841337397532,7.469850928402172,7.240162980323609,1650900.0,False,False,True,0.1068701856024345,1.1266604298447838,0.548578303820838,1.5742462482234103,0.6432869891366177,1.618620872167475,1.904311183794685,91.0,85.0,85.0,96.0,96.0,93.0,93.0,86.0,92.0,92.0,91.0,80.76923076923077,DHC
2026-03-17,16.889999389648438,17.459999084472656,16.739999771118164,17.350000381469727,5335400.0,-0.0343053395838534,17.63370339083159,17.43980850772819,17.523171768188476,16.951453653971353,15.406534633636475,13.965949087142944,12.636653084754943,13.558332419068886,20.549999237060547,11.35388469696045,20.549999237060547,11.35388469696045,20.549999237060547,10.563794628107798,20.549999237060547,10.436990259862917,20.549999237060547,8.656694412980793,20.549999237060547,4843400.0,4426636.0,2253926.587301587,125097128.7584114,0.0476194187931604,0.992142949785505,0.0587414437915001,1.639183793439266,-0.6047519478916247,14.501981847290915,12.65876084128951,17.530000686645508,16.979999542236328,4604100.0,False,False,False,0.0883484278709947,1.1078075130360912,0.3919311845372697,1.4150026767367645,0.3580880995767028,1.3377028837622942,2.14887211823458,93.0,84.0,84.0,94.0,94.0,87.0,87.0,83.0,89.0,84.0,86.0,34.61538461538461,DHT
2026-03-17,58.43000030517578,59.27999877929688,57.68000030517578,58.4900016784668,2660200.0,0.0325145811561504,55.82678915197371,54.73407665254651,54.17407028198242,54.54512736002605,52.47662590026855,51.56197330474853,48.380143852233886,46.53009396543248,59.27999877929688,45.25298938821649,59.27999877929688,45.25298938821649,59.27999877929688,45.25298938821649,59.27999877929688,42.048832707647065,59.27999877929688,23.614744511837063,59.27999877929688,3211792.5,3117394.0,2671068.253968254,218519473.60240936,0.0503817931471082,2.903436853357756,0.0496908580899077,2.283078247219104,0.6337317618807429,5.864985570540452,2.305772325701435,57.2400016784668,55.22999954223633,2353700.0,False,True,False,0.0083732694487153,1.0264024417486133,0.1949804354788187,1.2147874360704922,0.1531828543761524,1.1358733135832828,1.2024374499709705,65.0,69.0,69.0,86.0,86.0,76.0,76.0,84.0,79.0,71.0,68.0,100.0,DINO
2026-03-17,42.10826110839844,42.99338927444879,41.21318555069678,42.28727621993877,1237300.0,0.029418901666236,40.92071510365084,39.11632565207622,37.72738525390625,36.9728889465332,33.62447891235352,34.713582077026366,30.049550733566285,27.522119222721383,45.48965436405408,25.53649621999579,45.48965436405408,25.53649621999579,45.48965436405408,25.53649621999579,45.48965436405408,20.27400146074312,45.48965436405408,10.518223386954842,45.48965436405408,1593820.0,1607900.0,1680763.0952380951,64776894.84447479,0.0598770117992295,2.5779209180087888,0.0612212627677143,4.121275662433692,0.4668012744739397,5.45247090544218,2.787346632735082,42.14804271657334,40.27833145349979,1261200.0,False,True,True,0.2369475049434519,1.2590634617703782,0.2456226884568837,1.266269092862142,0.505940820785052,1.483336301501657,0.948271653819375,38.0,93.0,93.0,89.0,89.0,91.0,91.0,95.0,94.0,90.0,87.0,96.15384615384616,DK
2026-03-17,20.709999084472656,20.899999618530277,20.450000762939453,20.530000686645508,1177700.0,0.0068059986254478,20.73697592352059,20.63005915553197,20.45040023803711,20.542000261942544,19.95540023803711,18.573900117874143,16.57322504520416,18.61000061035156,23.770000457763672,15.34000015258789,23.770000457763672,13.75,23.770000457763672,13.0,23.770000457763672,12.579999923706056,23.770000457763672,10.56999969482422,23.770000457763672,1687705.0,1666324.0,1656971.4285714286,32571754.06354904,0.0528712283159915,1.1135711669921875,0.0537697352110019,0.7032630445411931,0.1257210978500664,5.312102199204568,5.063493136290997,21.15999984741211,20.309999465942383,1454600.0,True,True,True,0.1033563441340545,1.1230837627787928,0.1518353510423267,1.1709272146429757,0.5737081553648529,1.550086432749062,1.0185480394523572,46.0,85.0,85.0,83.0,83.0,92.0,92.0,63.0,84.0,85.0,86.0,65.38461538461539,DNLI
2026-03-17,78.9000015258789,79.4000015258789,76.27999877929688,77.23999786376953,644800.0,0.0115384811010115,74.66475929015563,67.6297714542948,60.946799774169925,59.14333318074544,53.83579978942871,46.7989998626709,36.13344987869263,45.63999938964844,88.0199966430664,35.84000015258789,88.0199966430664,32.41999816894531,88.0199966430664,32.220001220703125,88.0199966430664,19.0,88.0199966430664,13.369999885559082,88.0199966430664,1079422.5,1036908.0,632391.6666666666,95963366.35307312,0.0723306026141692,6.156428745814732,0.0780282462199376,5.966654110702261,0.1461888966863696,13.24421802459766,8.676904471968383,81.2300033569336,77.81999969482422,1162100.0,False,False,False,0.6645569406322063,1.6943183244321318,0.8727747335755918,1.9038162880267653,1.1301295781772955,2.0981558415858816,1.706889190506938,88.0,98.0,98.0,98.0,98.0,97.0,97.0,97.0,97.0,97.0,96.0,88.46153846153845,DNTH
2026-03-17,77.58999633789062,78.22000122070312,71.16999816894531,71.56999969482422,4118200.0,0.0774891547858001,66.53857999892824,63.44600935039283,62.607200622558594,62.20300038655599,59.14580032348633,52.32370014190674,42.241850023269656,51.02999877929688,78.22000122070312,44.20000076293945,78.22000122070312,41.959999084472656,78.22000122070312,33.685001373291016,78.22000122070312,28.790000915527344,78.22000122070312,25.450000762939453,78.22000122070312,3626525.0,3326424.0,2389656.3492063493,227679457.82543185,0.0866307560265011,4.92914308820452,0.0635280747628725,4.908741046478817,1.132041432315716,12.946988569763516,9.003961700747475,76.3499984741211,69.0,5007900.0,False,False,False,0.1383508240775439,1.1587039252225646,0.6279898570352951,1.6549740612148522,1.0981610951420375,2.066667212859145,1.517592687000555,83.0,88.0,88.0,97.0,97.0,97.0,97.0,95.0,95.0,93.0,96.0,100.0,DOCN
2026-03-17,18.65999984741211,19.024999618530277,17.6299991607666,18.059999465942383,2278600.0,0.0292333541742479,17.760125754998207,17.216521922124876,16.45239994049072,16.627999846140543,17.082299938201903,18.639500036239625,15.36647500038147,14.0,20.030000686645508,14.0,21.0,14.0,23.959999084472656,11.920000076293944,25.0,11.170000076293944,25.0,6.360000133514404,25.0,2214930.0,2217680.0,2685572.619047619,42509769.435453415,0.0761449216536729,1.511071273258754,0.0809791685753051,1.14052482822898,0.3507449953055597,2.8095512185431177,2.1943504397461115,18.8799991607666,18.104999542236328,3063400.0,False,False,False,0.2007721939007678,1.2222413556017706,-0.0316554538588917,0.9843950189596656,0.4510109133419262,1.429230904646793,0.824751482901802,26.0,92.0,92.0,48.0,48.0,90.0,90.0,89.0,82.0,75.0,85.0,92.3076923076923,DYN
2026-03-17,7.0,8.130000114440918,5.260000228881836,5.269999980926514,9244500.0,0.3671875305590226,5.610849338975978,4.455486530122314,3.2611999821662905,2.903999986251195,2.310999997854233,2.0351000064611435,2.158800007998943,0.7200000286102295,8.739999771118164,0.7200000286102295,8.739999771118164,0.7200000286102295,8.739999771118164,0.7200000286102295,8.739999771118164,0.7200000286102295,8.739999771118164,0.7200000286102295,8.739999771118164,6429452.5,5148514.0,1120704.761904762,39423183.90829325,0.3744973925268589,1.4885714565004622,0.2126530652143517,9.54132393632846,1.2629559073104089,-0.1819900779132426,-4.596866681120858,5.650000095367432,4.849999904632568,806700.0,False,False,False,5.862745226369095,6.985447423943367,3.0229884836975813,4.0896701907039095,1.9166665507687508,2.8728867126900437,5.736972589526999,99.0,99.0,99.0,99.0,99.0,98.0,98.0,99.0,99.0,99.0,99.0,96.15384615384616,EDSA
2026-03-17,25.18000030517578,25.559999465942383,23.59000015258789,23.68000030517578,15043600.0,0.0760684066522778,23.997881876067183,24.29650719948133,24.78280014038086,24.755333455403647,24.49500011444092,23.308700046539307,20.00855004787445,22.420000076293945,27.71999931335449,21.940000534057617,27.71999931335449,20.40999984741211,27.71999931335449,18.479999542236328,27.71999931335449,17.09000015258789,27.71999931335449,8.020000457763672,27.71999931335449,4691077.5,4768162.0,5829188.095238095,122507282.72254944,0.040423968529327,0.950714111328125,0.0377567156396223,0.7406602501390829,1.8722775495136903,6.630920125258951,5.789601976319187,23.57999992370605,22.850000381469727,3818600.0,False,False,False,0.0019896994062476,1.0199047369034182,0.1827148530938465,1.2023185496059356,0.3508584297035586,1.3305817329025165,0.8047565841685868,25.0,66.0,66.0,85.0,85.0,87.0,87.0,66.0,60.0,64.0,74.0,80.76923076923077,ELAN
2026-03-17,27.790000915527344,28.20499992370605,27.299999237060547,27.440000534057617,716600.0,0.0146039260603298,28.625221257838263,28.44379761695229,28.33000015258789,28.272000122070317,26.73410009384155,23.16025001525879,21.7834250164032,25.290000915527344,30.979999542236328,14.78499984741211,30.979999542236328,14.78499984741211,30.979999542236328,14.78499984741211,30.979999542236328,14.78499984741211,30.979999542236328,13.300000190734863,30.979999542236328,807327.5,1106992.0,628337.6984126985,22125518.96513939,0.0580484401849428,1.694999831063407,0.0609931549198454,0.6475547000996545,0.2359891243339852,5.300459269158567,4.2822120653759566,28.90999984741211,27.315000534057617,856900.0,False,False,True,0.0400449711702677,1.058640416481033,0.6482799471825091,1.6756004629999968,0.5021622116501268,1.4796144101619304,1.28486242674833,71.0,77.0,77.0,97.0,97.0,91.0,91.0,59.0,96.0,94.0,92.0,46.15384615384615,ELVN
2026-03-17,13.359999656677246,13.630000114440918,12.90999984741211,13.510000228881836,5887100.0,-0.0111029289166048,14.230060331355324,13.81581170266848,13.676800003051758,13.330833339691162,11.355800042152405,7.15410002708435,4.417475016713143,10.279999732971191,16.405000686645508,3.319999933242798,16.405000686645508,2.1050000190734863,16.405000686645508,1.774999976158142,16.405000686645508,1.3300000429153442,16.405000686645508,1.0099999904632568,16.405000686645508,4967200.0,6606038.0,2604284.523809524,62559322.290849686,0.0707762195002321,1.0542858668736048,0.0789136148178476,2.2365123459787,-0.1422769449138152,21.320193803899784,20.42908219990357,14.279999732971191,13.479999542236328,5908600.0,False,True,True,0.1133333047231037,1.13323910606296,2.7111111140545505,3.772623401494128,7.349999660998588,8.224664238949938,1.907318480215067,91.0,86.0,86.0,99.0,99.0,99.0,99.0,87.0,99.0,99.0,99.0,57.692307692307686,ERAS
2026-03-17,32.33000183105469,32.4900016784668,31.450000762939453,31.56999969482422,2013400.0,0.0322478335271942,32.1231150365048,32.39190840575502,33.316158828735354,32.67457669576009,31.051987953186035,28.47536630630493,26.354119472503665,27.836390645907223,37.65395893631296,24.813300221666093,37.65395893631296,22.737488307834376,37.65395893631296,22.737488307834376,37.65395893631296,22.737488307834376,37.65395893631296,16.566023388234434,37.65395893631296,3010020.0,2834402.0,2645358.333333333,121579897.98564912,0.0459108660344234,1.5225675379004144,0.047094570110352,0.8739273356671113,0.6633545712022985,8.11180501699718,6.7547350045370775,31.8799991607666,31.100000381469727,2738800.0,False,False,True,0.0013559177847828,1.0192596236070666,0.2278847580368486,1.248237153278531,0.2142025223404833,1.195977062248443,1.1378496296973,59.0,65.0,65.0,88.0,88.0,80.0,80.0,73.0,80.0,81.0,78.0,53.84615384615385,ESI
2026-03-17,27.989999771118164,28.26000022888184,26.989999771118164,27.229999542236328,1095900.0,0.0382047745409133,27.138152692759217,27.19339248948018,27.26720001220703,27.389666748046874,27.251400070190428,27.021550006866452,25.71012502670288,25.100000381469727,30.0,25.100000381469727,30.020000457763672,22.0,30.020000457763672,22.0,30.020000457763672,21.51000022888184,30.020000457763672,10.449999809265137,30.020000457763672,1239525.0,1234910.0,1935676.1904761903,37911065.05877495,0.061328796827524,1.820000103541783,0.0650232268104472,0.4168231105000397,0.5659344110151923,2.360792725745708,-0.7621815600740215,27.450000762939453,26.38999938964844,926900.0,False,False,True,-0.0081502320280881,1.0095835089428082,-0.0291363217069308,0.986955906148398,0.1855145721108637,1.1677197247728015,0.6403576208141858,16.0,59.0,59.0,49.0,49.0,78.0,78.0,64.0,52.0,69.0,65.0,88.46153846153845,EYE
2026-03-17,14.399999618530272,15.649999618530272,14.380000114440918,15.109999656677246,3255400.0,-0.0335570478389931,15.0219235258722,14.356666218285042,13.45719997406006,13.008666610717771,12.44239995956421,11.232699975967408,8.82364999294281,9.916999816894531,17.479999542236328,9.916999816894531,17.479999542236328,7.309999942779541,17.479999542236328,6.5,17.479999542236328,6.289999961853027,17.479999542236328,3.565000057220459,17.479999542236328,3872675.0,3547050.0,2410113.095238095,76224206.04593277,0.0643013195138766,1.2196427072797502,0.0846974124714756,1.857588784960018,-0.4099561265078877,12.669078033522217,13.234727884278763,15.43000030517578,14.859999656677246,3601600.0,False,False,True,0.4048780115639292,1.4299964756270152,0.2030074600912803,1.2229475099585134,0.9618527682800132,1.9324049054425816,1.606843682004648,86.0,97.0,97.0,86.0,86.0,96.0,96.0,93.0,88.0,94.0,95.0,53.84615384615385,FIGS
2026-03-17,65.38999938964844,66.1500015258789,63.93999862670898,64.4800033569336,3473500.0,0.0145849881445476,63.60365895938574,63.575226227938266,63.81079925537109,63.67633272806803,63.73619956970215,63.08539989471436,57.76359991073608,55.15999984741211,67.70999908447266,55.15999984741211,67.93000030517578,53.06999969482422,72.22000122070312,53.06999969482422,72.22000122070312,47.83000183105469,72.22000122070312,25.11000061035156,72.22000122070312,3860320.0,3749428.0,4295724.603174604,221325004.01971817,0.0427353298925847,2.9785703931535994,0.0455508551912469,0.5696396898141303,0.3155884593383776,3.3425789862583315,2.2669741674444395,65.83999633789062,64.1500015258789,3692600.0,False,False,False,0.0179016432771006,1.0361011777818434,-0.0495640045181982,0.9661896310777792,0.1320983602811278,1.1151053026108175,0.8986423378135476,33.0,72.0,72.0,45.0,45.0,74.0,74.0,76.0,66.0,64.0,59.0,100.0,FLEX
2026-03-17,94.70999908447266,94.86000061035156,89.44999694824219,89.7699966430664,900300.0,0.0482567867624301,91.5178821027972,91.10996857774283,93.9147998046875,92.10566660563153,84.1889998626709,68.848099899292,51.27539994239808,69.83000183105469,107.04000091552734,54.970001220703125,107.04000091552734,47.33000183105469,107.04000091552734,34.79999923706055,107.04000091552734,27.0,107.04000091552734,22.57999992370605,107.04000091552734,1509065.0,1484624.0,1005015.4761904762,118111847.44560242,0.0557797192805864,5.927142007010324,0.0625820089146432,1.9968807854263904,0.735599147986462,16.86508960530995,16.8296621692303,94.66999816894533,90.13999938964844,1275000.0,False,False,False,-0.0208829132881048,0.9966231741826128,0.7083333591362104,1.736649270301424,2.083007851608273,3.036731192213246,1.5015340915148192,83.0,53.0,53.0,97.0,97.0,99.0,99.0,90.0,95.0,95.0,97.0,76.92307692307693,FORM
2026-03-17,31.299999237060547,31.989999771118164,31.149999618530277,31.75,3623500.0,-0.0166509798277058,32.44225028276535,32.46146264573707,33.000608367919924,32.1370937983195,29.28340389251709,26.02723453521729,22.789194374084477,26.751403715121477,38.66353153703388,19.84062233217888,38.66353153703388,19.84062233217888,38.66353153703388,19.84062233217888,38.66353153703388,17.86334645378498,38.66353153703388,11.898290735804173,38.66353153703388,4115945.0,4089260.0,2996187.301587302,183864206.3676453,0.0402854388533806,1.7243835848219828,0.0550921286534805,1.249993197866989,-0.3073566063320085,12.954855801425325,11.31925578390201,31.86000061035156,30.56999969482422,5113800.0,False,False,False,0.0444012390854016,1.0630745721260444,0.4126371094498853,1.4360518058181002,0.3460978273066779,1.3258925882463355,1.373727536265667,77.0,78.0,78.0,94.0,94.0,87.0,87.0,74.0,92.0,87.0,85.0,34.61538461538461,FRO
2026-03-17,24.18000030517578,24.31999969482422,22.0,22.270000457763672,9599000.0,0.0609916337783646,22.57905561411025,20.42458430182459,19.302200050354003,17.49683338801066,14.308000011444092,12.308200001716614,9.919499988555907,7.869999885559082,25.790000915527344,7.869999885559082,25.790000915527344,7.869999885559082,25.790000915527344,7.735000133514404,25.790000915527344,6.695000171661377,25.790000915527344,4.650000095367432,25.790000915527344,13508705.0,11501576.0,4905867.063492063,277592496.7747688,0.100078127054757,2.086714335850307,0.0862991856705494,7.99501955101699,0.6661186755503035,12.972599301970522,9.064769858931085,25.600000381469727,22.780000686645508,10815000.0,False,False,False,0.3242059146817688,1.3478820049944304,1.398809572241114,2.438570242128277,1.7602739353195451,2.718841586493343,2.7535815433173028,96.0,96.0,96.0,99.0,99.0,98.0,98.0,99.0,99.0,98.0,98.0,92.3076923076923,FSLY
2026-03-17,44.2599983215332,44.775001525878906,41.70000076293945,42.36000061035156,1652600.0,0.0254865263672388,42.73020174624634,42.68846238018165,43.24040023803711,43.40400009155273,43.08619995117188,38.59739992141724,36.193524856567386,36.31999969482422,48.61000061035156,34.0,48.61000061035156,26.96999931335449,48.61000061035156,26.96999931335449,48.61000061035156,26.96999931335449,48.61000061035156,16.924999237060547,48.61000061035156,2356490.0,2493070.0,2350942.0634920634,90465803.81118774,0.0507337217996028,2.5314295632498607,0.0571945246102343,0.4763222349918702,0.4345364730231367,5.953245822915376,3.0867473254523,44.130001068115234,42.540000915527344,2167300.0,False,False,False,-0.0403295891896836,0.97682880216382,0.2206288022702183,1.2408609288314305,0.1897848767150372,1.171925931119302,1.0023598780225556,44.0,45.0,45.0,87.0,87.0,79.0,79.0,80.0,80.0,89.0,87.0,65.38461538461539,GDS
2026-03-17,844.0499877929688,844.27001953125,817.52001953125,827.3699951171875,2259300.0,0.0207771388213771,831.7788115164101,824.775145611685,834.1755883789062,823.2318664550781,763.4049755859374,686.199224243164,633.902391204834,708.321656746061,894.3891393892101,616.7370226783223,894.3891393892101,529.4497464212535,894.3891393892101,529.4497464212535,894.3891393892101,529.4497464212535,894.3891393892101,251.50579949745145,894.3891393892101,2866115.0,2885920.0,3115096.4285714286,1939381138.8348389,0.04066280498772,37.49383991178176,0.0444213499840466,2.378103614413672,0.4582084074664956,8.447500753745814,5.322644090650133,836.4941803516325,810.6298153911254,2361400.0,False,False,True,0.0528971180180897,1.0717223528095594,0.2582545884402187,1.279110368700525,0.3449363210703382,1.324748516486673,0.9200726416403068,35.0,79.0,79.0,90.0,90.0,87.0,87.0,77.0,85.0,88.0,86.0,80.76923076923077,GEV
2026-03-17,16.799999237060547,16.84000015258789,15.81999969482422,16.149999618530273,678900.0,0.0250152448249056,16.664369292196593,16.539447162931847,15.783999938964843,16.336999956766764,16.771199970245362,14.653699960708618,11.971299986839297,12.90999984741211,20.18000030517578,11.3100004196167,20.3799991607666,10.420000076293944,20.3799991607666,10.420000076293944,20.3799991607666,8.520000457763672,20.3799991607666,5.300000190734863,20.3799991607666,982825.0,1001138.0,680775.3968253968,12123992.772336006,0.0557629570702398,0.997143132346017,0.0593537605731751,0.0289313736133191,0.4111745185944238,7.576191767336027,6.664364972720493,16.579999923706055,16.059999465942383,679600.0,False,False,True,0.2200434770202588,1.2418571989097635,0.3249210435904364,1.3468818314955548,0.4608694988748301,1.4389415105355372,1.4436846639627785,80.0,93.0,93.0,92.0,92.0,90.0,90.0,87.0,89.0,88.0,86.0,69.23076923076923,GILT
2026-03-17,129.88999938964844,131.64999389648438,124.5999984741211,128.36000061035156,10251100.0,-0.0163574677182154,133.15833075185418,133.2351723955281,137.5598864746094,134.2240079243978,118.29193298339844,102.28190971374512,83.53070598602295,105.45318177108258,161.7980210418214,83.79360177257892,161.7980210418214,77.24582263520622,161.7980210418214,76.64500444194358,161.7980210418214,62.78084081127196,161.7980210418214,36.75597060283714,161.7980210418214,12440560.0,11120142.0,7312256.349206349,1915561148.0945587,0.0580752268053432,9.464114630009686,0.0728625350256482,1.3456316250500997,-0.2282309277256888,11.570040420566713,11.330121996675132,135.27999877929688,131.4199981689453,9243400.0,False,False,True,-0.0249331597278898,0.9925005115125168,0.4734197205936659,1.4978418989081488,0.674485087934126,1.6493506803016715,1.7013298503067746,88.0,51.0,51.0,95.0,95.0,94.0,94.0,82.0,91.0,90.0,89.0,38.46153846153847,GLW
2026-03-17,205.17999267578125,206.4600067138672,201.67999267578125,204.0200042724609,626700.0,0.0133346355453076,208.79474095333904,209.81731907942336,218.1160009765625,211.503000386556,191.6503994750977,173.81499938964845,169.98429996490478,169.69000244140625,241.08999633789065,134.8000030517578,241.08999633789065,134.8000030517578,241.08999633789065,134.8000030517578,241.08999633789065,134.8000030517578,241.08999633789065,99.5,241.08999633789065,1242982.5,1193422.0,1054446.825396825,217081869.2072296,0.0427652784025196,10.624288286481583,0.0517803327114342,1.3633588236105565,0.254134382975816,4.861334886495644,5.519576032456768,205.25999450683597,200.91000366210935,846500.0,False,True,True,-0.0858543307394411,0.9304901026937404,0.276391867345451,1.2975482760372707,0.104840801561719,1.088256886138692,1.178800552158922,63.0,30.0,30.0,90.0,90.0,72.0,72.0,79.0,91.0,85.0,83.0,26.923076923076923,GNRC
2026-03-17,16.700000762939453,16.790000915527344,15.8100004196167,15.829999923706056,1799500.0,0.0865322633235656,15.575734816020972,14.939493654827098,14.667600021362304,14.413000043233236,13.117000064849854,11.560900030136107,9.885700011253356,11.710000038146973,16.790000915527344,9.380000114440918,16.790000915527344,9.289999961853027,16.790000915527344,8.649999618530273,16.790000915527344,7.53000020980835,16.790000915527344,3.140000104904175,16.790000915527344,1627152.5,1560076.0,1836332.53968254,21817580.367512703,0.0590472488682416,1.0085716247558594,0.0603935077053454,4.5229534451123135,1.318697497267305,9.9629005109077,6.736643677735118,15.84000015258789,15.130000114440918,1163400.0,False,False,False,0.2189781748497146,1.2407728497087531,0.7269907581365578,1.755615918810857,0.6902834584516055,1.664911913631501,0.886088148435957,32.0,92.0,92.0,97.0,97.0,94.0,94.0,93.0,95.0,93.0,93.0,100.0,GPRE
2026-03-17,9.0600004196167,9.899999618530272,9.029999732971191,9.34000015258789,6222700.0,-0.0523012529344687,8.84160895787473,8.424503271153286,8.025200023651124,7.9826666990915935,8.139000034332275,8.217800006866455,8.429181220531463,7.019999980926514,12.0,7.019999980926514,12.0,6.849999904632568,12.0,6.849999904632568,12.0,6.849999904632568,12.0,5.438156581666497,12.0,2718440.0,2393304.0,1465605.1587301588,40584253.74344111,0.0690969925204387,0.8164285932268415,0.0901135270876049,1.255737237719151,-0.6124234307176905,2.297710298842123,-1.027071318846292,10.350000381469728,9.210000038146973,6251400.0,False,False,True,0.1735752157827175,1.194558110126797,0.0437788134885581,1.0610796219056098,0.0915662905321628,1.0751816285833782,1.8548242572749487,90.0,90.0,90.0,69.0,69.0,70.0,70.0,87.0,79.0,74.0,71.0,84.61538461538461,HIMX
2026-03-17,44.11000061035156,44.400001525878906,43.310001373291016,43.619998931884766,1253700.0,0.0180013557889546,44.3807080228728,43.40523754973907,42.401999969482425,40.716333325703935,41.6624002456665,44.49110010147095,47.05000002861023,30.07999992370605,47.2400016784668,30.07999992370605,51.150001525878906,30.07999992370605,51.34999847412109,30.07999992370605,59.9370002746582,30.07999992370605,62.18000030517578,30.07999992370605,62.18000030517578,1488842.5,1358872.0,1266202.4390243902,57300591.7767334,0.0455995646248021,1.852285930088588,0.0419924258548729,1.3990243013761552,0.421100633885164,-2.532411219989319,-4.937996249864205,45.400001525878906,43.31999969482422,718700.0,False,False,True,0.1327684172052452,1.1530217079145888,-0.1124748504381567,0.902236027364167,-0.2403995033207639,0.7481987179121851,1.1758329111632055,63.0,88.0,88.0,35.0,35.0,27.0,27.0,93.0,89.0,83.0,80.0,69.23076923076923,HNGE
2026-03-17,35.61000061035156,35.90999984741211,34.81999969482422,35.119998931884766,1164000.0,0.027705600063413,34.82270866378979,34.5790698966398,34.515945281982425,34.65513254801432,33.58206428527832,30.46867332458496,24.417457218170167,31.697073841237778,36.45064158200566,26.86411179260205,36.45064158200566,24.264041478887272,36.45064158200566,21.30062762753639,36.45064158200566,16.907285690621762,36.45064158200566,14.210655005100437,36.45064158200566,1804950.0,1757190.0,1865344.047619048,50985459.96112824,0.0407793166051646,1.499999727521624,0.0421229907838188,1.4335991235904189,0.6399995059057882,11.870033155863206,10.14878191531414,36.0099983215332,33.95000076293945,1671000.0,True,False,False,0.0725903551816284,1.0917676944732089,0.2200923602645008,1.2403155952097424,0.731745313107697,1.7057514162800211,0.9676231054018504,40.0,82.0,82.0,87.0,87.0,94.0,94.0,66.0,82.0,83.0,88.0,96.15384615384616,HP
2026-03-17,12.210000038146973,12.579999923706056,11.899999618530272,11.949999809265137,4838600.0,0.0347457492190579,12.1303661642164,12.216939708133744,12.485150260925291,12.603070640563963,12.111348094940183,10.660293288230896,10.31805121421814,10.924375435837444,14.281137512893093,9.772350041568275,14.281137512893093,7.189682511486351,14.281137512893093,7.189682511486351,14.281137512893093,7.189682511486351,14.281137512893093,7.189682511486351,16.841060365004374,7179445.0,6740456.0,5032427.380952381,95343122.11978912,0.0791048145526929,0.9731401904424744,0.0797002610484971,0.1022005925700484,0.4213163236282408,9.54897044388964,6.475307894445089,12.229999542236328,11.729999542236328,6688700.0,False,False,True,-0.0693017003867055,0.9473386851841294,0.168458932813885,1.1878263350628744,0.1874855542261424,1.1696611219916375,1.4266365824123028,80.0,35.0,35.0,84.0,84.0,79.0,79.0,64.0,75.0,91.0,89.0,50.0,HUN
2026-03-17,47.619998931884766,49.59000015258789,45.09999847412109,45.150001525878906,939200.0,0.1181028119576383,44.18641631063922,43.74061883363102,46.260400390625,43.65600039164225,37.52820022583008,27.7149001121521,23.39190001964569,27.030000686645508,55.33000183105469,16.950000762939453,55.33000183105469,14.0600004196167,55.33000183105469,14.0600004196167,55.33000183105469,14.0600004196167,55.33000183105469,13.119999885559082,55.33000183105469,1059195.0,1076810.0,777931.3492063492,38650842.50217438,0.0810433327763953,4.104500089372907,0.0861927799545722,3.119894828228494,1.2254839005413125,15.568118973318487,14.403984528924582,44.09999847412109,42.0099983215332,635600.0,False,False,False,0.0181740103870364,1.036378414669373,1.6722783247698874,2.7165717849708693,1.789689501067981,2.747815617810933,1.3615533055463027,76.0,72.0,72.0,99.0,99.0,98.0,98.0,97.0,98.0,98.0,98.0,84.61538461538461,ICHR
2026-03-17,26.239999771118164,26.530000686645508,25.01000022888184,25.059999465942383,2216000.0,0.0500200084613313,24.70588348414324,23.884702875693343,23.473148040771484,22.838394546508788,21.567496337890624,19.32497045516968,21.70102168083191,18.32873776265436,26.530000686645508,16.20164776221908,26.530000686645508,15.430993559331483,26.530000686645508,15.430993559331483,26.530000686645508,15.430993559331483,26.530000686645508,15.430993559331483,32.59626300549898,2321287.5,2231300.0,2118913.492063492,43823385.68669319,0.0449842207491442,1.1569397484008288,0.0440906920157159,4.913635999401552,1.0804365583668494,9.828006649853796,6.332968541184379,25.190000534057617,24.18000030517578,1664300.0,False,False,False,0.1393736496286044,1.1597450383449557,0.4208443609673293,1.444395093902199,0.4638291854872614,1.4418567715688353,1.0955083861113306,55.0,88.0,88.0,94.0,94.0,90.0,90.0,93.0,93.0,91.0,89.0,100.0,IRDM
2026-03-17,287.3800048828125,288.8500061035156,283.69000244140625,286.7099914550781,1149700.0,0.0050360300381593,284.47083043155453,277.110329660998,272.6679998779297,265.12866668701173,244.60980041503908,217.954100189209,191.85760002136232,214.4900054931641,317.0,197.9199981689453,317.0,167.22999572753906,317.0,158.7899932861328,317.0,152.8459930419922,317.0,121.43000030517578,317.0,1589475.0,1485778.0,1130024.603174603,598880748.6300659,0.0421802290894164,12.830001831054688,0.0446447268879631,3.916492530948263,0.1122371189317184,17.749508827596877,14.586821363937515,289.9599914550781,285.0,1275300.0,False,True,True,0.2306968080306282,1.252701005754998,0.3762751220863904,1.3990871124321134,0.673148661351261,1.6480343137902558,1.406584419077826,79.0,93.0,93.0,93.0,93.0,94.0,94.0,90.0,88.0,91.0,91.0,73.07692307692307,KEYS
2026-03-17,1481.3499755859375,1485.0,1434.9000244140625,1446.719970703125,853500.0,0.0299741250725043,1447.736162303553,1453.1703155959658,1465.79841796875,1450.4312052408854,1461.0436499023438,1329.4215380859375,1132.077723083496,1283.372411366143,1577.3499755859375,1209.428477187375,1691.152483982144,1070.568904450004,1691.152483982144,978.0559468520746,1691.152483982144,829.7677908555531,1691.152483982144,547.1813342554277,1691.152483982144,1157545.0,1153130.0,1090342.857142857,1377365517.8094482,0.0408356838859316,69.45855712890625,0.0468886882057917,0.2964149292512089,0.6206576573647484,9.248727063977023,8.886093368040047,1457.02001953125,1425.1400146484375,955700.0,False,False,True,0.0130759151245538,1.031189168202596,0.2423568789241414,1.262949151990152,0.5024254726534714,1.4798737195568556,1.061633955243436,51.0,71.0,71.0,89.0,89.0,91.0,91.0,72.0,72.0,79.0,82.0,84.61538461538461,KLAC
2026-03-17,37.52000045776367,38.630001068115234,36.310001373291016,38.209999084472656,1640300.0,-0.0068819039156687,38.59655541687313,38.68987072096024,39.39639953613281,39.24599177042644,36.68175132751465,31.62485843658447,26.76051719665527,34.94746105924541,42.02999877929688,28.06146027113701,42.02999877929688,23.700203747400323,42.02999877929688,20.0957967734631,42.02999877929688,19.91804716502025,42.02999877929688,16.76148746432261,42.02999877929688,1740755.0,1634084.0,1115509.5238095238,69564134.92847443,0.0439039401506253,1.978571210588728,0.0527337736260426,0.4333454077079397,-0.131407108393051,18.413226275220357,19.234280354831704,39.060001373291016,37.72999954223633,997800.0,False,False,False,-0.0522859228806774,0.9646586956500818,0.28555196142995,1.3068602002133467,0.8135852161994293,1.7863628835381171,1.5605021408111603,84.0,41.0,41.0,91.0,91.0,95.0,95.0,50.0,83.0,87.0,92.0,3.8461538461538463,KMT
2026-03-17,2.400000095367432,2.470000028610229,2.259999990463257,2.3499999046325684,33025400.0,0.0344828294942289,2.332398397299972,2.2143466554862234,2.150399994850159,2.0333333253860477,1.7141999948024749,1.464900000691414,1.6591000065207482,1.2799999713897705,2.7699999809265137,0.8399999737739563,2.7699999809265137,0.8399999737739563,2.7699999809265137,0.8399999737739563,2.7699999809265137,0.8399999737739563,2.7699999809265137,0.8399999737739563,2.7699999809265137,25005275.0,25476122.0,13995007.142857144,77971306.54198647,0.1040164799466618,0.271428576537541,0.1130952357299745,3.537461687017775,0.2947374338588445,6.12264313054983,1.8210533201703831,2.4600000381469727,2.25,29183600.0,False,False,True,0.4285715299398751,1.4541136213819617,1.352941313966888,2.391941709801185,0.4201183515429632,1.3988020473302771,1.7867282770743238,89.0,97.0,97.0,99.0,99.0,89.0,89.0,98.0,98.0,98.0,97.0,80.76923076923077,KOS
2026-03-17,104.05999755859376,105.0,101.0,103.43000030517578,1690900.0,-0.0001922009234147,100.38634128926152,97.22644228181984,91.10879974365234,92.33299992879232,97.40880004882813,84.45750007629394,70.36375003814697,73.12000274658203,112.51000213623048,66.9800033569336,118.37999725341795,55.369998931884766,118.37999725341795,55.369998931884766,118.37999725341795,47.150001525878906,118.37999725341795,25.024999618530277,118.37999725341795,2198575.0,2191540.0,1565855.1587301588,222569231.6804886,0.0733591955127326,7.224641527448382,0.0694276542086247,0.983488213149675,-0.0027688948143566,7.226485315320886,6.1949018948921415,105.33999633789062,100.61000061035156,1592100.0,True,True,False,0.3730043053380494,1.3975528846582594,0.520455783847801,1.5456575927780196,0.6310344639964622,1.606552260257493,1.4040730317502352,79.0,97.0,97.0,96.0,96.0,93.0,93.0,93.0,92.0,94.0,92.0,92.3076923076923,KRMN
2026-03-17,71.13999938964844,71.3499984741211,65.12000274658203,68.30000305175781,2080600.0,0.0385401370751596,64.88072100129591,61.61344520691622,59.86999954223633,58.07966626485189,52.18829978942871,43.24099977493286,33.738324942588804,41.5099983215332,71.3499984741211,34.9900016784668,71.3499984741211,28.049999237060547,71.3499984741211,27.790000915527344,71.3499984741211,24.871999740600582,71.3499984741211,6.199999809265137,71.3499984741211,1856042.5,1644402.0,915809.5238095238,145024009.94117737,0.0894847415480115,6.561714444841657,0.0922366390376501,3.937055579974649,0.4023337820992519,12.864991333564072,10.261590667794245,69.8270034790039,64.0,2942500.0,False,False,False,0.3607498288201991,1.3850793046841006,0.9695459992621962,2.002191553628183,1.392869172049008,2.35695165351463,2.026668703202995,92.0,96.0,96.0,98.0,98.0,97.0,97.0,97.0,97.0,97.0,97.0,100.0,LASR
2026-03-17,34.2400016784668,34.61000061035156,33.88999938964844,33.90999984741211,1768900.0,0.0100295025747516,33.66945420915146,33.62627416456387,33.628800048828126,33.79833335876465,34.2383999633789,32.759349975585934,29.348850002288817,31.0,37.90999984741211,31.0,37.90999984741211,24.976999282836918,37.90999984741211,24.976999282836918,37.90999984741211,24.976999282836918,37.90999984741211,17.908000946044922,37.90999984741211,1360327.5,1263198.0,1074446.825396825,59909478.52675438,0.0405391299257424,1.2205711092267717,0.0356475189659344,0.001312328307639,0.2785582503286349,6.282630547804004,4.143593936112826,34.720001220703125,33.7400016784668,1702800.0,True,False,True,-0.0152429902881561,1.0023639359757,0.0653392137118311,1.0829973893687976,0.1598916377882975,1.142481396608059,1.2660724270813406,70.0,56.0,56.0,73.0,73.0,77.0,77.0,61.0,49.0,78.0,75.0,92.3076923076923,LAUR
2026-03-17,31.13999938964844,32.064998626708984,30.315000534057617,30.8700008392334,6154200.0,0.0373084248769595,29.380374766478347,28.208569447426125,27.63714172363281,27.15988883972168,24.6811283493042,21.19277782440185,16.508878836631776,22.58671992784052,32.064998626708984,17.149361137322654,32.064998626708984,14.644223583922292,32.064998626708984,11.428864844639786,32.064998626708984,9.82167898852636,32.064998626708984,9.289646229354917,32.064998626708984,4805932.5,4554888.0,4043232.142857143,111226045.06150246,0.0503557599184871,1.5025071121782685,0.0482500687741738,5.423675106620885,0.7454200534605395,13.503755984998952,12.958663104844774,30.88999938964844,29.270000457763672,3106300.0,False,True,False,0.2062173544341523,1.2277838726800294,0.6220679470472916,1.648953994578293,1.879662137719024,2.836437744420621,1.1886363014031385,64.0,92.0,92.0,97.0,97.0,98.0,98.0,91.0,96.0,96.0,97.0,100.0,LBRT
2026-03-17,52.5,52.79999923706055,51.02000045776367,52.79999923706055,582100.0,0.0084517597983531,52.066494772338,51.99212959373712,52.301599731445314,51.58999964396159,49.967399749755856,45.881349868774414,42.82792960107327,43.88999938964844,58.09999847412109,41.90999984741211,58.09999847412109,33.0099983215332,58.09999847412109,29.0,58.09999847412109,26.959999084472656,58.09999847412109,26.959999084472656,58.09999847412109,985845.0,1067708.0,1159472.65625,48750980.94377518,0.0655210073938117,3.1132142203194757,0.0592993184822757,0.8547324524067168,0.1413325892696944,7.398544477456475,6.763659922949341,53.560001373291016,50.7400016784668,454600.0,True,True,True,0.0983263773631073,1.117963862904377,0.2577862455401905,1.2786342629385932,0.7184943146025242,1.6926993183206736,0.8502529099637833,29.0,85.0,85.0,89.0,89.0,94.0,94.0,78.0,75.0,88.0,91.0,65.38461538461539,LGN
2026-03-17,649.5599975585938,669.9000244140625,573.72998046875,597.0,9003700.0,0.0395620793173721,643.1414995693494,630.2865938985608,644.3700024414062,621.4483367919922,517.7716021728515,402.9001007080078,262.41427520751955,424.5199890136719,783.7999877929688,317.44000244140625,783.7999877929688,213.0,783.7999877929688,144.52000427246094,783.7999877929688,111.1999969482422,783.7999877929688,45.650001525878906,783.7999877929688,5733725.0,5545206.0,3714160.3174603176,3908229905.587769,0.090468508456651,71.77643258231026,0.1105000813659798,2.303437034115844,0.3444023311520415,18.25699648605828,16.493803636180044,672.989990234375,607.27001953125,5036600.0,False,False,True,0.1542808558674835,1.1749187774223515,1.0026514115473395,2.0358456936591964,2.84878817985896,3.79101698099872,1.5437473102724408,84.0,89.0,89.0,98.0,98.0,99.0,99.0,95.0,97.0,98.0,99.0,57.692307692307686,LITE
2026-03-17,11.989999771118164,12.0600004196167,10.979999542236328,10.979999542236328,2460700.0,0.0899999791925603,11.23456426100833,11.279144336584949,11.421600074768069,11.226000086466472,11.587200012207033,9.813099999427797,7.28919999718666,8.720000267028809,13.760000228881836,6.920000076293945,15.239999771118164,5.829999923706055,15.239999771118164,5.829999923706055,15.239999771118164,3.359999895095825,15.239999771118164,1.6100000143051147,15.239999771118164,2872312.5,2946540.0,1328258.3333333333,27092189.341044422,0.0973065777105441,0.9642858505249025,0.0804241758909537,0.432239128591695,1.0266662842550935,6.45921427974348,4.567184418611121,11.09000015258789,10.59000015258789,1047300.0,False,False,False,0.0407985498852776,1.0594074687786,0.4802468156109649,1.504782154167266,0.7351664306633212,1.709121182071559,2.162465258389746,93.0,78.0,78.0,95.0,95.0,94.0,94.0,91.0,95.0,95.0,94.0,92.3076923076923,LPTH
2026-03-17,226.47000122070312,226.7100067138672,218.5500030517578,220.52999877929688,10043700.0,0.0322242822283507,218.9852390049356,221.76827669429875,227.57316955566407,226.71589202880855,224.27580627441407,192.02128372192385,149.80567031860352,194.0800018310547,256.3728229508209,161.80613332920748,256.3728229508209,135.1154167794273,256.3728229508209,124.66515340499828,256.3728229508209,93.65794699266088,256.3728229508209,55.91034586364431,256.3728229508209,11205482.5,12007982.0,11487761.507936507,2276884886.439209,0.0436631652153995,11.356606543823576,0.0501461848483683,0.1950989295574779,0.6225457663727777,11.382048430634711,10.974801384950553,221.4600067138672,215.9499969482422,9533100.0,False,False,True,-0.037314374794629,0.9798979269723064,0.4125425777439386,1.435955707233316,0.9089262675756806,1.8802728437289853,0.9754278492166216,41.0,47.0,47.0,94.0,94.0,95.0,95.0,74.0,86.0,90.0,91.0,53.84615384615385,LRCX
2026-03-17,92.16000366210938,92.98999786376952,90.1999969482422,90.48999786376952,1450100.0,0.0249110936251961,90.50577184364144,91.28997257307302,94.46000030517578,92.66900049845376,89.14520050048829,80.15260025024413,70.07500015258789,78.69000244140625,108.08000183105467,72.61000061035156,108.08000183105467,60.5,108.08000183105467,60.5,108.08000183105467,59.369998931884766,108.08000183105467,34.689998626708984,108.08000183105467,2051960.0,2058092.0,2378971.8253968256,165852132.43427277,0.0477791054282332,5.561428615025112,0.0603453601783181,0.5604244988975831,0.4027751946887028,7.881255030541709,5.7261522429665,91.58000183105467,88.7300033569336,1574000.0,False,False,True,-0.0560277962224063,0.9608499196233588,0.218725209134893,1.2389257833214902,0.4308336969762441,1.4093565529555578,0.8625406900973793,30.0,40.0,40.0,87.0,87.0,89.0,89.0,75.0,77.0,85.0,83.0,46.15384615384615,LSCC
2026-03-17,18.899999618530277,18.989999771118164,17.511999130249023,17.8799991607666,9569300.0,0.068400172297514,17.98856812289386,17.898248488914742,17.63360008239746,17.627333482106526,18.42380014419556,14.970150060653689,12.784475007057187,14.539999961853027,20.309999465942383,10.475000381469728,23.315000534057617,7.78000020980835,23.315000534057617,7.78000020980835,23.315000534057617,7.78000020980835,23.315000534057617,6.135000228881836,23.315000534057617,10091782.5,10722054.0,8591841.666666666,180299568.8612652,0.0976465185223438,1.644357136317662,0.0870030248416233,0.2970813205631685,0.7358493223572479,6.322394470613894,5.369388804144172,18.299999237060547,16.81999969482422,7634100.0,False,False,False,0.171729733532858,1.1926796316458126,0.57894730132881,1.6051186169446257,1.0907079312261565,2.0593259226537928,1.1745773364461054,62.0,90.0,90.0,96.0,96.0,97.0,97.0,87.0,95.0,97.0,96.0,100.0,LUNR
2026-03-17,7.360000133514404,7.570000171661377,7.099999904632568,7.46999979019165,3558100.0,-0.0341207028805095,6.138176025808269,5.336100950034238,4.657200002670288,4.433999999364217,4.262400012016297,4.255900018215179,3.454700008332729,3.0,8.039999961853027,2.930000066757202,8.039999961853027,2.8399999141693115,8.039999961853027,2.8399999141693115,8.039999961853027,1.9900000095367432,8.039999961853027,0.7900000214576721,8.039999961853027,3353417.5,3129558.0,1933046.031746032,29837179.69023347,0.1199144600549118,0.7864286048071725,0.106851710671322,6.801264562043679,-0.3306082083680414,7.968472489216904,3.190145661493434,8.039999961853027,7.110000133514404,7676800.0,False,True,False,1.1088825539835336,2.1465882410321444,0.7734939673206842,1.8028899264653837,1.3439490087975692,2.3087657932041177,1.73478408942544,88.0,99.0,99.0,97.0,97.0,97.0,97.0,99.0,98.0,97.0,97.0,92.3076923076923,LWLG
2026-03-17,228.88999938964844,230.6199951171875,220.7400054931641,223.1999969482422,1052900.0,0.0312218078309702,224.9172732916176,229.3731914048131,239.59118774414063,238.620719909668,226.1998974609375,189.38229385375976,148.3824231338501,200.5,269.6497427956134,153.40194166146355,269.6497427956134,134.40442561159014,269.6497427956134,119.3220865636029,269.6497427956134,96.85479322945024,269.6497427956134,54.44579604133671,269.6497427956134,1746850.0,1600988.0,1252455.1587301588,350680029.18388367,0.0528516868995994,13.497855050223214,0.0589709252750937,0.2016686495326178,0.5134143647265385,13.484658557155347,13.26904405157822,227.4600067138672,217.9199981689453,1522600.0,False,False,True,-0.1213050731692458,0.8944055200355292,0.4708281447635483,1.4952073672751771,0.9716573844347672,1.9420623520459972,1.3947405524450864,78.0,21.0,21.0,95.0,95.0,96.0,96.0,69.0,90.0,91.0,92.0,30.76923076923077,MKSI
2026-03-17,196.08999633789065,203.3699951171875,195.7400054931641,198.57000732421875,728000.0,-0.009396315428274,200.08056767599635,203.06120258954115,213.05239868164065,212.1829991658529,184.4419999694824,166.06109977722167,145.2020994949341,180.82000732421875,243.8000030517578,111.18000030517578,243.8000030517578,111.18000030517578,243.8000030517578,111.18000030517578,243.8000030517578,111.18000030517578,243.8000030517578,64.79000091552734,243.8000030517578,1382990.0,1500530.0,1127408.3333333333,224026268.94096372,0.0611945474408415,14.546427045549663,0.0741824025560392,0.8513154378465709,-0.1278664928870359,5.752903702853355,5.173951522486675,201.3600006103516,192.3000030517578,948400.0,False,False,True,-0.094272534236071,0.9219213862413482,0.4018443629750317,1.4250801677652205,0.2866798175273031,1.267366456507121,1.2266984012003934,67.0,28.0,28.0,94.0,94.0,84.0,84.0,55.0,95.0,92.0,90.0,11.538461538461538,MOD
2026-03-17,53.93000030517578,56.5099983215332,53.40999984741211,53.5,7701000.0,0.0116300678280492,53.47309474045439,51.775582993716334,50.364400177001954,48.93033345540365,46.012200088500975,36.60030004501343,32.09942499160766,36.65499877929688,59.54999923706055,29.059999465942383,59.54999923706055,22.280000686645508,59.54999923706055,22.280000686645508,59.54999923706055,22.280000686645508,59.54999923706055,22.280000686645508,59.54999923706055,11713505.0,12112986.0,10777196.031746032,525690639.68976974,0.0726171727651392,4.17514283316476,0.0774178158638738,2.222750030943931,0.1484976578429548,13.802879347780149,11.88753933937778,53.959999084472656,51.6349983215332,6970100.0,False,True,True,0.2770542479224442,1.299887291766117,0.8306178540786315,1.8609606512009416,1.2583753015276282,2.2244765670302717,1.08687871738585,53.0,95.0,95.0,98.0,98.0,97.0,97.0,93.0,96.0,97.0,96.0,84.61538461538461,MRNA
2026-03-17,90.74457550048828,93.39325113785574,90.3047932077032,92.25382212980108,11622600.0,-0.0086263316032049,87.93471067165044,85.33332648204498,82.81694427490234,81.87801411946614,82.11891036987305,84.80386688232421,79.79863084793091,70.65463146973819,95.00245091644568,70.65463146973819,95.00245091644568,70.65463146973819,102.64472385998576,70.65463146973819,102.64472385998576,61.32450038161137,102.64472385998576,46.90973909955424,102.64472385998576,17376635.0,16966200.0,19096481.746031743,1738845961.718483,0.0459965107025934,5.155276001072023,0.056810844864708,1.8489202018170083,-0.1531642897194103,2.235632034240626,-0.4792329546911545,92.47370417218744,89.0754114659771,15875500.0,False,False,False,0.1549420954583789,1.1755918396218752,0.076102430498224,1.0939390082736913,0.3482943512322636,1.328056141840852,0.9099390783650956,34.0,89.0,89.0,74.0,74.0,87.0,87.0,86.0,79.0,71.0,67.0,88.46153846153845,MRVL
2026-03-17,461.4961242675781,462.5356960801549,444.95308633575695,452.3499727417273,43017900.0,0.0450203834294704,421.86126252143765,412.69828271271086,410.9449658203125,407.757373046875,393.759584350586,317.917726135254,226.34726726531983,357.51982117907266,462.5356960801549,244.79822699687696,462.5356960801549,192.43139181117184,462.5356960801549,154.42593371021755,462.5356960801549,113.29560967462557,462.5356960801549,61.39304893165705,462.5356960801549,36941172.5,36032748.0,26734633.33333333,13587197244.323883,0.0514654504103715,25.93339168115248,0.0561941700427285,3.0612627661496115,0.7666429858644587,16.359206354350604,14.848271257314684,454.668984966884,437.566184274094,43067600.0,False,False,False,0.1215322809297894,1.1415846755592456,0.915387360978259,1.947135226856062,1.9293636046213745,2.885393180833924,1.3817721769140905,77.0,87.0,87.0,98.0,98.0,98.0,98.0,87.0,96.0,97.0,98.0,100.0,MU
2026-03-17,36.790000915527344,37.33000183105469,36.060001373291016,36.060001373291016,4418600.0,0.0265067176030928,35.01915684496794,34.16595047544931,33.70894973754883,33.29108441670736,32.51393741607666,31.30568386077881,27.96910534858704,28.975181537505197,37.33000183105469,28.401220053834678,37.33000183105469,25.934527413162733,37.33000183105469,25.934527413162733,37.33000183105469,21.40161588475367,37.33000183105469,18.02664908062305,37.33000183105469,2743230.0,2723552.0,2599617.0634920634,94753713.5206604,0.0445130035463499,1.7050004686628069,0.0463441268342889,2.8377875323550352,0.557185045048414,8.242845045687599,4.511276250550862,36.959999084472656,35.43000030517578,3183300.0,False,False,False,0.1058011610348184,1.125572291692242,0.1140854625857012,1.132551615471098,0.437016348942332,1.4154464018887103,1.055243881310358,50.0,85.0,85.0,79.0,79.0,89.0,89.0,85.0,80.0,81.0,78.0,96.15384615384616,MUR
2026-03-17,5.25,5.309999942779541,5.159999847412109,5.269999980926514,3380800.0,-0.0094339979123529,5.232549169026672,5.096118583962052,5.023195133209229,4.867445341746012,4.468275427818298,3.977167623043061,3.421835528612137,3.995594934586358,6.148561357469883,3.229449492780725,6.148561357469883,3.229449492780725,6.148561357469883,2.967602244658371,6.148561357469883,2.7154528949222123,6.148561357469883,2.013103109860439,6.148561357469883,4533602.5,4438294.0,2885318.253968254,34296415.44242859,0.04913730874414,0.3238987626685663,0.0616950024130602,2.83572323985784,-0.1543698108721293,16.7270006560545,14.922267079755423,5.420000076293945,5.130000114440918,5286200.0,True,True,True,0.1923923748735323,1.2137117099124632,0.578268555200347,1.6044286204855556,0.6354869106284573,1.61093787463794,1.5712660098291815,85.0,91.0,91.0,96.0,96.0,93.0,93.0,88.0,93.0,89.0,90.0,65.38461538461539,NAT
2026-03-17,116.33000183105467,121.5,113.11000061035156,120.33999633789062,57203800.0,-0.1041201666304341,108.9502666042244,103.6111309426708,100.37900115966796,97.8221674601237,97.8812010192871,97.81315063476562,85.29632545471192,73.5199966430664,132.3000030517578,73.5199966430664,132.3000030517578,73.5199966430664,132.3000030517578,73.5199966430664,141.10000610351562,62.0099983215332,141.10000610351562,18.309999465942383,141.10000610351562,15395812.5,14864856.0,15018868.253968254,1751287285.7649612,0.0731431149922938,10.06657191685268,0.0865346149609135,2.1781058762900583,-1.3430594232210062,3.178910567622486,-0.8130445181346965,132.3000030517578,124.4229965209961,34657700.0,False,False,False,0.186919694883386,1.208141181344341,0.3266050700453047,1.3485937709705844,0.2789138412701768,1.2597170493459615,1.0250980459817371,47.0,91.0,91.0,92.0,92.0,84.0,84.0,96.0,92.0,87.0,85.0,96.15384615384616,NBIS
2026-03-17,211.5200042724609,214.8000030517578,206.0,206.4199981689453,2954300.0,0.0202093397212261,203.52749922974132,195.94761593090607,189.86640075683596,186.46200103759764,186.16680114746092,197.85730041503905,199.425050201416,158.8300018310547,217.72999572753903,158.8300018310547,218.22000122070312,158.8300018310547,244.5,158.8300018310547,260.0,158.8300018310547,260.0,89.41999816894531,260.0,5421225.0,4857694.0,3340333.333333333,734228356.5951538,0.0554121078886062,9.138288225446429,0.0432029502688327,3.152224892727672,0.4585106464183074,0.6764888504096995,-2.7599303797311765,213.02999877929688,207.27999877929688,3311600.0,False,False,False,0.0800102000541322,1.099320202185653,0.0448528043941451,1.0621714143900938,-0.0641121657738756,0.921839941836282,1.6229592855004489,86.0,83.0,83.0,70.0,70.0,44.0,44.0,89.0,82.0,75.0,72.0,92.3076923076923,NET
2026-03-17,5.960000038146973,6.050000190734863,5.909999847412109,5.949999809265137,35215900.0,-0.0116086516128997,5.531922035919124,5.292208517535895,5.146400012969971,5.076000006993612,4.919799995422364,5.373799996376038,5.325549998283386,4.380000114440918,6.210000038146973,4.380000114440918,6.210000038146973,4.380000114440918,7.539999961853027,4.380000114440918,8.020000457763672,4.369999885559082,8.020000457763672,3.0199999809265137,8.020000457763672,48376007.5,47241010.0,56487938.0952381,255530673.62112045,0.0461036649028567,0.3157142911638532,0.0529721961649537,3.9913649647616256,-0.2217199969102678,-0.8682104243560058,-5.390253426613981,6.210000038146973,5.96999979019165,65321500.0,False,True,False,0.204040458141306,1.2255680546510246,0.1848906142240614,1.2045303743408038,-0.0816640603486303,0.9045515052499816,0.8563953497194133,29.0,92.0,92.0,85.0,85.0,41.0,41.0,91.0,84.0,78.0,74.0,96.15384615384616,NIO
2026-03-17,75.05999755859375,75.80000305175781,72.58999633789062,73.41999816894531,763600.0,0.0394681970676542,71.88986756156903,68.68987634430303,70.50880035400391,64.94066696166992,54.26780014038086,54.676899909973145,43.74419997692108,34.470001220703125,77.0,33.400001525878906,77.0,33.400001525878906,77.0,33.400001525878906,77.0,22.5,77.0,6.449999809265137,77.0,1285012.5,1169674.0,1096085.8214285714,72034946.73107147,0.062687505278804,4.558571406773159,0.0607323681727357,6.308672128246712,0.6251955316278571,4.280353862404582,1.921520970535896,75.45999908447266,71.33000183105469,758500.0,False,False,False,0.0522921019457363,1.0711065193748828,0.372212002041665,1.394956645493045,0.5315241813753568,1.508535649944993,1.172364859464374,62.0,79.0,79.0,93.0,93.0,91.0,91.0,99.0,98.0,96.0,95.0,100.0,NKTR
2026-03-17,8.550000190734863,8.699999809265137,8.369999885559082,8.460000038146973,49725000.0,-0.0115606280006288,8.159902349943154,7.892245773554945,7.744399967193604,7.606999985376993,7.194599981307984,6.835799994468689,5.802353472709656,6.590000152587891,8.819999694824219,6.059999942779541,8.819999694824219,5.860000133514404,8.819999694824219,4.630000114440918,8.819999694824219,4.110000133514404,8.819999694824219,4.0,8.819999694824219,47963045.0,45194954.0,31761334.92063492,459617413.22375536,0.0410387700366354,0.4171427999223981,0.048788630481486,3.861377562953787,-0.2397246885575233,14.523632796988794,13.9705530289539,8.819999694824219,8.300000190734863,71010000.0,True,False,False,0.216216207050149,1.2379614994088242,0.3636363982048107,1.386238899588231,0.879120842268353,1.85091480473446,1.5101079699530842,83.0,92.0,92.0,93.0,93.0,95.0,95.0,87.0,87.0,83.0,91.0,96.15384615384616,NOK
2026-03-17,10.640000343322754,10.9399995803833,10.029999732971191,10.050000190734863,6109300.0,0.0555555976046879,10.278833317326306,9.967803519315453,9.721999893188476,9.483666578928627,9.090199918746949,8.110999965667725,7.929699990749359,7.840000152587891,11.970000267028809,6.550000190734863,11.970000267028809,6.199999809265137,11.970000267028809,6.199999809265137,11.970000267028809,6.199999809265137,11.970000267028809,5.010000228881836,11.970000267028809,5515475.0,5436536.0,6042181.349206349,54621694.800515175,0.0741972651224949,0.8235714094979423,0.0774033254627461,2.202635940160606,0.6799658331486778,6.051143043985696,3.2016544467297434,10.470000267028809,9.949999809265137,3346100.0,False,False,True,0.2229885720217599,1.244854950627612,0.6194825061370102,1.6463256995524802,0.3168317380927032,1.297065789785926,0.9128284441056156,34.0,93.0,93.0,96.0,96.0,86.0,86.0,90.0,93.0,91.0,89.0,92.3076923076923,NVAX
2026-03-17,121.83999633789062,122.37999725341795,118.37000274658205,119.77999877929688,1529200.0,0.0317554417502912,115.03796622779664,113.32534612679484,113.78579986572264,114.6298334757487,109.4391000366211,101.1445499420166,83.56289985656738,97.45999908447266,128.75,86.12000274658203,131.5850067138672,83.05999755859375,131.5850067138672,69.22000122070312,131.5850067138672,52.61000061035156,131.5850067138672,36.060001373291016,131.5850067138672,2091112.5,2033474.0,2244617.4603174604,206975452.92495728,0.0524930655396489,5.786500113351004,0.0474926156210945,2.385912289455692,0.6480601272862238,8.18881925136331,7.085945154067879,123.23999786376952,117.3499984741211,1488500.0,True,False,False,0.0463757624807823,1.0650843989389036,0.4044956350189121,1.4277753850866826,0.8013009674352083,1.7742630241829886,0.9316119726272868,36.0,79.0,79.0,94.0,94.0,95.0,95.0,84.0,87.0,83.0,90.0,100.0,NXT
2026-03-17,2.450000047683716,2.7249999046325684,2.3299999237060547,2.4600000381469727,18033000.0,0.0515022008184409,2.153353032477271,1.9655346638681217,1.8067999982833864,1.737666666507721,1.683399999141693,1.5123999989032746,1.345789997279644,1.309999942779541,2.7249999046325684,1.309999942779541,2.7249999046325684,1.090000033378601,2.7249999046325684,1.090000033378601,2.7249999046325684,0.977999985218048,2.7249999046325684,0.5149999856948853,2.7249999046325684,7274042.5,7373684.0,5094723.412698412,21473502.82911777,0.1145630236495329,0.2575000354221889,0.1051020532287887,4.332816729146841,0.4660198348358,8.831493262561466,4.66933942416675,2.6700000762939453,2.309999942779541,11827900.0,False,True,False,0.7375887274340402,1.7686558803449812,0.8014706043481412,1.8313302809309704,1.0416666252745537,2.011020738023005,1.4277600393123824,80.0,99.0,99.0,98.0,98.0,96.0,96.0,98.0,96.0,96.0,95.0,96.15384615384616,OCGN
2026-03-17,34.54999923706055,34.97999954223633,34.08000183105469,34.08000183105469,1048400.0,0.0255268817277352,34.701253207123926,34.51365192235397,34.96639984130859,34.38833312988281,31.84019989013672,28.099699954986573,25.323199977874754,29.36000061035156,39.0,23.200000762939453,39.0,22.1299991607666,39.0,22.020000457763672,39.0,21.459999084472656,39.0,15.460000038146973,39.0,1420492.5,1321144.0,902638.492063492,57705725.56142807,0.0541428167804973,1.7428569793701172,0.0504444867686311,1.6871264744064345,0.4934430194394802,10.479103624645834,8.808642359515598,34.130001068115234,32.75,1566300.0,False,False,True,0.0422322065381721,1.0608667584422031,0.3262955949690511,1.348279166293179,0.4300496463273513,1.4085842710878598,1.5737114165746011,85.0,78.0,78.0,92.0,92.0,89.0,89.0,75.0,89.0,87.0,85.0,53.84615384615385,OII
2026-03-17,12.260000228881836,12.4399995803833,12.0600004196167,12.100000381469728,1229400.0,0.0285235025513188,12.25603182619774,11.91192099742728,11.782800025939942,11.304000027974446,10.050000019073488,8.298800024986267,6.891549999713898,8.40999984741211,14.5,6.610000133514404,14.5,5.829999923706055,14.5,5.5,14.5,4.889999866485596,14.5,3.0799999237060547,14.5,1285255.0,1199026.0,786194.8412698413,21126474.36583519,0.0680509711441157,0.643571172441755,0.0524935693659812,4.189094409610826,0.5283023341426337,17.7030609230951,15.990147672601871,12.15999984741211,11.770000457763672,680400.0,False,True,True,0.3042553964272112,1.3275747821920814,0.7340876847533178,1.7628304781733288,1.1853832329949547,2.152580126292468,1.6347792335092022,86.0,95.0,95.0,97.0,97.0,97.0,97.0,93.0,96.0,96.0,95.0,61.53846153846154,OIS
2026-03-17,11.279999732971191,11.470000267028809,10.369999885559082,10.550000190734863,109611300.0,0.071225073031258,10.39919881499289,10.350376172304042,10.181199989318849,10.13666664759318,11.068000011444092,9.378750014305115,6.889725006818772,8.319999694824219,12.420000076293944,7.739999771118164,15.279999732971191,4.949999809265137,15.279999732971191,4.949999809265137,15.279999732971191,3.200000047683716,15.279999732971191,0.6589999794960022,15.279999732971191,95662842.5,99678828.0,55039513.49206349,1025998331.602564,0.1058033910138136,1.1024998937334334,0.0977393545950936,0.1959731947907712,0.6802721744128692,6.034236431123773,2.797872662451184,10.869999885559082,10.109999656677246,88867500.0,False,False,False,0.2116003463548286,1.2332631096041853,0.2891428266252791,1.3105105845999,0.7680250048020043,1.7414865414288303,1.7380757283364114,88.0,92.0,92.0,91.0,91.0,94.0,94.0,90.0,88.0,96.0,95.0,100.0,ONDS
2026-03-17,12.06999969482422,12.364999771118164,11.989999771118164,12.199999809265137,1565600.0,-0.0122750056404917,12.368304724110503,12.275601572557711,12.122799987792968,11.858999983469646,11.358999977111816,11.156149978637696,10.928474979400637,9.699999809265137,14.25,7.835000038146973,14.25,7.835000038146973,14.25,7.835000038146973,14.93000030517578,7.835000038146973,14.93000030517578,3.8949999809265137,14.93000030517578,1593377.5,1690742.0,1306417.4603174604,22695444.684515,0.0816004111788313,0.9994285447256904,0.0828026984254406,0.7559356715241552,-0.1500863398350904,3.3055384271557324,1.6222250492657555,12.5,11.859999656677246,605700.0,True,True,True,0.2082082053414544,1.229810318931951,0.2867803355611829,1.3081089348512638,0.1269840944755544,1.1100678031153322,1.2196541675222314,67.0,92.0,92.0,91.0,91.0,74.0,74.0,83.0,91.0,86.0,84.0,53.84615384615385,ORIC
2026-03-17,10.6899995803833,10.989999771118164,10.220000267028809,10.270000457763672,2223300.0,0.047012687604597,9.744729586667308,9.447475754989169,9.175199966430664,9.160666624704996,9.465599975585938,7.733699998855591,6.422624992132187,7.940000057220459,10.989999771118164,6.369999885559082,12.75,4.170000076293945,12.75,4.170000076293945,12.75,4.170000076293945,12.75,1.850000023841858,12.75,1967390.0,2462098.0,890492.8571428572,14945045.813584328,0.0928414089535885,0.8053571496691022,0.0753374351058885,1.7169759165622134,0.5960082957400278,10.418583067809744,6.436830524245318,10.470000267028809,9.619999885559082,1182400.0,False,False,False,0.2287356108903471,1.2507047434635197,0.4121531490054355,1.435559823648336,0.6914555838648269,1.6660664451717493,2.2093270981559168,93.0,93.0,93.0,94.0,94.0,94.0,94.0,90.0,94.0,97.0,97.0,100.0,OSS
2026-03-17,52.93999862670898,55.18000030517578,52.2400016784668,54.43000030517578,1252100.0,-0.0033885600300292,50.526338718866526,47.73576002004482,45.68679962158203,44.93499972025553,41.67439994812012,41.34269989013672,36.299049940109256,36.59999847412109,55.310001373291016,34.369998931884766,55.310001373291016,34.369998931884766,55.310001373291016,33.209999084472656,55.310001373291016,27.420000076293945,55.310001373291016,12.039999961853027,55.310001373291016,1223477.5,1252332.0,1363256.349206349,69721833.1224823,0.0590838538205353,3.049285888671875,0.0575989038113323,4.693217727499037,-0.0590303145547893,8.51766557905205,4.823423953756244,55.310001373291016,52.79999923706055,1192500.0,False,False,False,0.2351842714141936,1.2572687025729303,0.3029780269499951,1.3245751056840875,0.5855046299617914,1.5617058395397347,0.8974669369501015,33.0,93.0,93.0,91.0,91.0,92.0,92.0,93.0,91.0,86.0,86.0,88.46153846153845,PARR
2026-03-17,44.54999923706055,44.79999923706055,43.900001525878906,44.70000076293945,3367600.0,0.0224925303901883,42.11587248866307,40.01272096914783,38.177176055908205,37.60226147969564,35.18325801849365,33.80094327926636,29.39418775558472,31.25313588935031,47.18000030517578,25.419217174807407,47.18000030517578,25.419217174807407,47.18000030517578,25.419217174807407,47.18000030517578,21.233844591447696,47.18000030517578,13.09467920666508,47.18000030517578,3439942.5,3707140.0,3349776.1904761903,156480195.26144028,0.0689327556564769,3.2007132938929965,0.0718454174793872,3.705556127661724,0.3061816077391812,9.888745146103114,5.7262880341655285,44.68999862670898,42.560001373291016,2191900.0,False,True,False,0.2999969722248381,1.3232402196528474,0.4789819814799805,1.5034963551990033,0.6201405470292756,1.595821863498244,1.0269171145762404,47.0,95.0,95.0,95.0,95.0,93.0,93.0,93.0,95.0,92.0,90.0,96.15384615384616,PBF
2026-03-17,55.47999954223633,56.52999877929688,54.91999816894531,55.88999938964844,876200.0,-0.0025170692617216,57.01389989574,57.28554270377036,57.90199981689453,57.472999827067056,54.29419990539551,49.914599876403805,42.31647500991821,51.34000015258789,65.0,42.400001525878906,65.0,39.869998931884766,65.0,31.88999938964844,65.0,29.809999465942383,65.0,27.65999984741211,76.61000061035156,1487432.5,1389472.0,1754884.126984127,74750897.29839325,0.054394846193198,2.9735720498221263,0.0535971895161674,0.4074889705584509,-0.0470812165647077,6.49162173344519,6.514547376059124,56.19499969482422,53.59000015258789,1118200.0,False,True,False,0.0255083383925669,1.043843876519207,0.2467415627468838,1.2674065126806429,0.7896774045882686,1.76281393369704,0.847595848140835,28.0,74.0,74.0,89.0,89.0,95.0,95.0,53.0,81.0,80.0,90.0,34.61538461538461,PCVX
2026-03-17,27.07999992370605,27.09000015258789,24.399999618530277,24.850000381469727,11741100.0,0.1008129879585051,25.384374151697397,24.99685219472956,24.46439994812012,24.134666697184244,24.65900001525879,19.520699949264525,13.87264997601509,19.979999542236328,27.569000244140625,17.040000915527344,30.89800071716309,10.520000457763672,30.89800071716309,10.520000457763672,30.89800071716309,6.099999904632568,30.89800071716309,2.789999961853028,30.89800071716309,10816402.5,11731984.0,10007324.206349207,240908841.8405342,0.0890058774322486,2.1793569837297717,0.0804784708223704,1.2199431601694606,1.1379501204947315,13.126166082817187,10.496274098173751,25.5,23.66200065612793,10594600.0,False,False,False,0.2078501262959144,1.229445837625458,0.4846491372541268,1.509257445028,1.7464503921526338,2.7052255378997696,1.0808486141717553,53.0,92.0,92.0,95.0,95.0,98.0,98.0,90.0,92.0,97.0,97.0,100.0,PL
2026-03-17,155.0800018310547,156.75,152.1199951171875,152.40499877929688,37118500.0,0.0154531206881083,151.3608971837141,148.85264218286625,142.71400085449218,142.46966705322265,153.0952005004883,167.01545028686525,163.11872520446778,126.23300170898438,165.0780029296875,126.23300170898438,198.8800048828125,126.23300170898438,198.8800048828125,126.23300170898438,207.5200042724609,126.23300170898438,207.5200042724609,66.12000274658203,207.5200042724609,54340477.5,51179074.0,67869696.42857143,7494608561.521988,0.0407211212083551,6.266144888741629,0.0404058860894779,0.3208564923109628,0.3766272009751595,-1.477503336999738,-3.7842243320786313,153.86000061035156,151.1699981689453,32898900.0,False,False,False,0.1801232593357753,1.2012232291805869,-0.1551996750909609,0.8588030315965461,-0.0942118115196946,0.8921920987199515,0.8006589149428408,25.0,91.0,91.0,29.0,29.0,40.0,40.0,81.0,72.0,63.0,59.0,96.15384615384616,PLTR
2026-03-17,10.720000267028809,10.779999732971191,10.25,10.279999732971191,13003600.0,0.0571992015846416,9.75159465193451,9.203695913202932,8.82682689666748,8.715849256515503,8.05768090248108,7.006555104255677,6.300641965866089,7.51069312868827,10.779999732971191,5.672549870013957,10.779999732971191,5.107121638818657,10.779999732971191,4.970671861762084,10.779999732971191,4.970671861762084,10.779999732971191,4.850127963011172,10.779999732971191,11141900.0,11425342.0,10614966.26984127,101410275.97694395,0.0474595679315092,0.4844124531379492,0.0451877277118959,7.311888889106758,1.197326616912725,15.711387786678497,11.78684690872627,10.460000038146973,10.0,9519700.0,False,False,False,0.339193510339947,1.3631375708107527,0.7467740986811553,1.7757271715339624,1.0330714236944951,2.002554552402392,1.0496406410311288,49.0,96.0,96.0,97.0,97.0,96.0,96.0,93.0,96.0,96.0,95.0,100.0,PTEN
2026-03-17,14.649999618530272,15.020000457763672,14.079999923706056,14.079999923706056,4391500.0,0.0404829330903993,13.47027738718268,12.79431456919944,12.30560001373291,12.140000025431316,11.45879997253418,10.576500010490417,8.033450005054474,10.362000465393066,15.020000457763672,8.859999656677246,15.020000457763672,8.789999961853027,15.020000457763672,4.869999885559082,15.020000457763672,4.510000228881836,15.020000457763672,4.510000228881836,15.020000457763672,3481172.5,3192016.0,2580209.126984127,41560100.33919811,0.0693160500286729,0.7552142824445452,0.0515504643078148,5.402344256448597,0.7547522710762204,15.464809069649268,12.932547712513523,14.642999649047852,13.755000114440918,3284000.0,False,False,False,0.2188019185197198,1.2405934420102736,0.4306640572249305,1.454377553267722,2.1170213219265763,3.070234112491937,1.3491823060361634,76.0,92.0,92.0,94.0,94.0,99.0,99.0,92.0,94.0,90.0,98.0,100.0,PUMP
2026-03-17,16.969999313354492,16.979999542236328,15.25,15.34000015258789,14653400.0,0.092020550515558,15.427190335548868,14.613286234161777,13.669799880981444,13.542499923706057,13.602699909210203,11.03074995994568,10.2981249833107,10.800000190734863,18.780000686645508,7.130000114440918,18.780000686645508,5.769999980926514,18.780000686645508,5.769999980926514,18.780000686645508,5.769999980926514,18.780000686645508,4.599999904632568,18.780000686645508,16032480.0,16251156.0,10313746.825396825,289000714.578228,0.1341663874256113,2.1397145816258023,0.1260880770891935,1.9632815929016876,0.6683131310040986,6.863706397273576,3.350605963512015,16.469999313354492,15.25,11392900.0,False,False,False,0.4925241410870997,1.519209670857368,1.1106964420237777,2.1456815885875007,0.613117735259296,1.5889044657537608,1.55447678437493,84.0,98.0,98.0,98.0,98.0,93.0,93.0,96.0,98.0,98.0,97.0,100.0,RCAT
2026-03-17,22.59000015258789,23.15999984741211,22.315000534057617,22.520000457763672,598800.0,0.0062360527790961,22.580589666335804,22.127181028530213,21.31480018615723,21.26700013478597,21.61940013885498,21.78740005493164,16.32950002670288,18.51499938964844,24.90999984741211,18.51499938964844,24.90999984741211,18.51499938964844,26.399999618530277,12.149999618530272,26.399999618530277,9.220000267028809,26.399999618530277,6.5,26.399999618530277,1102937.5,1243214.0,1266100.0,28156482.51742363,0.0662515397094045,1.5946429116385323,0.0705906551955402,0.6359887604056434,0.0877935672159887,5.710989288895037,6.556567918133647,23.03499984741211,22.31999969482422,1099000.0,False,True,True,0.1939746332713983,1.2153222582404002,0.0492336011210567,1.0666248235554905,0.9507772281019328,1.921495611678752,0.8711298475633836,30.0,91.0,91.0,70.0,70.0,96.0,96.0,81.0,71.0,62.0,92.0,80.76923076923077,RCUS
2026-03-17,6.579999923706055,6.670000076293945,6.25,6.25,53684600.0,0.0612903429243747,6.29875310711552,6.168335745741445,6.251999988555908,6.088666661580404,5.468999996185302,4.768700015544892,3.895750006437302,4.789999961853027,6.960000038146973,3.869999885559082,6.960000038146973,3.680000066757202,6.960000038146973,3.0299999713897705,6.960000038146973,2.759999990463257,6.960000038146973,1.9700000286102293,6.960000038146973,52942577.5,48865410.0,41402757.93650793,266375504.35667756,0.0506883579037107,0.3128571169716971,0.0475466748631034,4.272538228164345,1.2146123384346568,15.071449534523078,12.511742158855233,6.360000133514404,6.139999866485596,33356100.0,False,False,False,0.0061162021538749,1.024105019303171,0.59322027636234,1.6196281689266483,0.987915419170842,1.958076349928413,1.2787210354727732,71.0,68.0,68.0,96.0,96.0,96.0,96.0,91.0,94.0,92.0,95.0,100.0,RIG
2026-03-17,78.58999633789062,78.66999816894531,71.2699966430664,71.4749984741211,29734900.0,0.1020894548946671,71.76724674530674,71.84905810898135,70.84600036621094,71.33366673787435,77.18680053710938,66.62680030822754,55.61052508354187,63.869998931884766,81.3499984741211,56.02999877929688,99.58000183105467,37.56999969482422,99.58000183105467,37.56999969482422,99.58000183105467,37.56999969482422,99.58000183105467,14.710000038146973,99.58000183105467,19175472.5,21191828.0,21392882.53968254,1287506877.857399,0.0732561396033051,5.350999014718192,0.068087533580127,0.2669977702333881,1.360493388108066,5.565795785907774,4.014272917547238,72.37999725341797,68.66999816894531,16946700.0,False,False,False,0.1653320506056002,1.1861675615850296,0.2780939045804593,1.2992785248241336,0.454293023805433,1.4324637498747483,0.8963482347192168,32.0,90.0,90.0,90.0,90.0,90.0,90.0,82.0,86.0,95.0,94.0,100.0,RKLB
2026-03-17,10.260000228881836,10.333999633789062,9.90999984741211,10.0600004196167,1472300.0,0.0128331799577765,10.192445775641255,9.84502938820184,9.62840003967285,9.453000005086263,8.796399993896484,8.117699999809265,6.088300002813339,8.074999809265137,11.489999771118164,7.010000228881836,11.489999771118164,5.949999809265137,11.489999771118164,4.320000171661377,11.489999771118164,3.240000009536743,11.489999771118164,1.774999976158142,11.489999771118164,2601105.0,2484204.0,2189735.3174603176,26436951.618771557,0.0739492310729859,0.8649999754769462,0.0843079879318108,1.9735529198472448,0.15028915390343,5.938268270827792,6.67489296971953,10.779999732971191,10.125,2290100.0,False,False,True,0.148936156579434,1.1694785177825209,0.2777086637692227,1.2988868985820152,1.5270936880500732,2.48916142855219,1.1878627427066364,64.0,89.0,89.0,90.0,90.0,98.0,98.0,85.0,88.0,91.0,96.0,84.61538461538461,RLAY
2026-03-17,6.449999809265137,6.474999904632568,6.179999828338623,6.179999828338623,1037600.0,0.0436893185155795,5.87056054471218,5.351021396494583,4.872400016784668,4.698000009854635,4.415600004196167,4.07470000743866,2.5786900028586386,3.220999956130981,7.510000228881836,3.220999956130981,7.510000228881836,2.4200000762939453,7.510000228881836,1.524999976158142,7.510000228881836,0.5559999942779541,7.510000228881836,0.2430000007152557,7.510000228881836,1852595.0,1578356.0,1247596.4285714286,20919737.260000706,0.1006985735591468,0.646714312689645,0.1002657878781126,4.595087753918322,0.4174949829138625,11.316256548159828,8.789871954632336,6.420000076293945,5.929999828338623,1524200.0,False,False,False,0.7338709031340571,1.7648715833439497,0.5886699261501378,1.6150023958985829,2.8622754341413272,3.8043017884815207,1.4849313107775808,82.0,99.0,99.0,96.0,96.0,99.0,99.0,98.0,97.0,97.0,99.0,92.3076923076923,RLMD
2026-03-17,37.95000076293945,38.650001525878906,37.63999938964844,37.709999084472656,1547400.0,0.0152487875477997,38.15873559561224,36.62226475332472,35.44811126708984,33.90162747701009,31.31555316925049,30.008117485046387,29.194186067581175,24.09691301166634,42.34428345709616,24.09691301166634,42.34428345709616,24.09691301166634,42.34428345709616,24.09691301166634,42.34428345709616,24.09691301166634,42.34428345709616,20.55325022720124,42.34428345709616,3114092.5,2736216.0,1706597.619047619,124029215.1882267,0.0667587465003665,2.228517852689449,0.0587224718811003,3.607782533280314,0.2557752427858382,4.438271869765587,3.2730170084858505,38.59000015258789,37.34000015258789,1633900.0,False,True,True,0.2592863900540785,1.2818017541450106,0.2236195165072183,1.2439012146571389,0.2359511685509425,1.2173992562598073,1.8247373986949809,90.0,94.0,94.0,88.0,88.0,81.0,81.0,96.0,92.0,87.0,85.0,65.38461538461539,RNG
2026-03-17,190.0260009765625,192.9402787720329,188.50899759917053,189.13774976696203,960700.0,0.0104010864765105,195.3106674428357,198.7084568335384,209.01224792480468,206.70785013834637,186.44586029052732,163.84015838623046,154.15017211914062,167.37059628337045,228.84961011220076,138.79417282239487,228.84961011220076,127.39474769883324,228.84961011220076,127.39474769883324,228.84961011220076,127.39474769883324,228.84961011220076,89.72651735679214,228.84961011220076,1224592.5,1123794.0,865435.3174603175,228041959.0850067,0.0476757972670698,11.302044162805744,0.0594763037938146,0.3228519225951008,0.1730776267785969,9.217182699092834,8.720957243957258,191.183736841183,185.3552113805098,868500.0,False,True,True,-0.1352923352183456,0.8801681732557772,0.271105212048812,1.2921739935448386,0.3562980919974938,1.3359397446099737,1.415001763036035,79.0,18.0,18.0,90.0,90.0,87.0,87.0,68.0,85.0,84.0,81.0,15.384615384615383,RRX
2026-03-17,20.530000686645508,20.6299991607666,20.209999084472656,20.36000061035156,1697400.0,0.0168400269239399,20.37983268588653,19.869125257501388,19.236000175476075,18.920000235239662,18.717200145721435,18.527900056838988,18.161850004196168,15.510000228881836,21.5,15.510000228881836,21.5,15.510000228881836,21.5,15.510000228881836,22.489999771118164,15.510000228881836,22.649999618530277,9.65999984741211,22.649999618530277,2363915.0,2155000.0,1611192.0634920634,39559906.85078621,0.0465749435401841,0.8016430991036552,0.0390473975787596,2.4803732748709644,0.4241290830895401,3.9108390965334063,1.012907952970001,20.8799991607666,20.1299991607666,1381700.0,True,True,True,0.2807236311442533,1.303622281588522,0.0637306475755226,1.0813621609797293,-0.0270142030577781,0.9583810555699916,1.4671838656382783,81.0,95.0,95.0,73.0,73.0,49.0,49.0,89.0,82.0,74.0,71.0,80.76923076923077,RSI
2026-03-17,11.75,11.850000381469728,11.470000267028809,11.470000267028809,968700.0,0.0262008904569681,10.883537967116371,10.130442722369004,9.456000099182129,9.215333414077758,8.710400056838989,7.461800041198731,6.342400015592575,7.150000095367432,11.850000381469728,5.590000152587891,11.850000381469728,5.380000114440918,11.850000381469728,5.380000114440918,11.850000381469728,4.389999866485596,11.850000381469728,3.3499999046325684,11.850000381469728,1144750.0,1146034.0,716311.1111111111,15371583.52991104,0.0722110647414773,0.6621429579598563,0.0563525921667962,6.192477363612996,0.4530746527293753,8.620321242170021,5.416223068012735,11.550000190734863,11.40999984741211,959400.0,False,False,False,0.4259709133954903,1.4514665072109685,0.9781144590591552,2.010902037079446,0.7966360961064569,1.76966817364951,1.5981184463609852,86.0,97.0,97.0,98.0,98.0,95.0,95.0,96.0,97.0,96.0,95.0,100.0,RYAM
2026-03-17,42.880001068115234,42.900001525878906,40.79999923706055,41.2400016784668,2456100.0,0.0533039064712297,38.36760101116249,37.57352717219953,37.55440017700195,37.02900002797445,35.486800079345706,34.7188000869751,31.7374250459671,29.43000030517578,44.43399810791016,28.209999084472656,44.43399810791016,28.209999084472656,48.59999847412109,28.209999084472656,48.59999847412109,24.299999237060547,48.59999847412109,11.0,48.59999847412109,3315255.0,3247922.0,4245045.238095238,149280858.9852333,0.0902423610744826,3.311786379132952,0.0772338222163789,2.697479450832628,0.6552360977493661,3.2237171436151826,0.3471823385028629,40.915000915527344,38.18000030517578,4998500.0,False,False,False,0.2068675074962616,1.2284456501295884,0.4520826302421001,1.4761511427151428,0.401765310697052,1.3807244898632507,0.7809704759442241,23.0,92.0,92.0,95.0,95.0,88.0,88.0,93.0,91.0,85.0,83.0,100.0,SEDG
2026-03-17,63.18999862670898,66.66000366210938,59.54999923706055,59.54999923706055,6675100.0,0.1087909592146021,54.704746591793,53.20941783682552,52.22394668579101,52.01662012736003,52.74638298034668,50.44855026245117,41.70462096214295,44.50174788083661,66.66000366210938,41.90805413942709,66.66000366210938,38.32232721241007,66.66000366210938,35.23256852978311,66.66000366210938,24.3660999768997,66.66000366210938,14.090205090005735,66.66000366210938,2999172.5,2903532.0,2508073.8095238097,156992742.06544876,0.0860441888239038,4.430666032021109,0.0701165711079532,2.8238233606583227,1.399337459297056,5.423318219545984,2.375679440741569,57.30500030517578,52.59999847412109,2031800.0,False,False,False,0.1185540194973526,1.138553164412495,0.374944958223032,1.397734900880235,0.9788439548593308,1.949141050389865,1.1958071124587166,65.0,87.0,87.0,93.0,93.0,96.0,96.0,92.0,90.0,90.0,90.0,100.0,SEI
2026-03-17,10.670000076293944,10.770000457763672,10.484999656677246,10.630000114440918,1524900.0,0.0123339767468142,10.701772938444131,10.525070005964452,10.238837280273437,10.026369984944662,10.052125453948976,10.82979172706604,11.14838451385498,8.420578166054385,11.693256625476922,8.420578166054385,12.182963659144812,8.420578166054385,12.750308133838288,8.420578166054385,14.31299167790993,8.420578166054385,14.31299167790993,5.540960055262096,14.31299167790993,2919502.5,2770170.0,2141329.761904762,31423035.01988411,0.0517934235246735,0.5242153418769543,0.0491298348761617,1.2511147765197712,0.2479899080699398,-2.240452996711107,-5.961367736998432,10.975000381469728,10.539999961853027,1282600.0,False,True,True,0.1964233182387222,1.2178147243793611,-0.0629411135569901,0.9525907942192008,-0.1552439845812837,0.8320760326619291,1.3634063057167969,76.0,91.0,91.0,42.0,42.0,34.0,34.0,85.0,77.0,69.0,64.0,65.38461538461539,SGHC
2026-03-17,7.760000228881836,7.989999771118164,7.340000152587891,7.460000038146973,1615300.0,0.0374331830340064,7.304640293185372,6.9337405387832325,6.572200031280517,6.565833361943563,6.312899990081787,5.780049993991852,5.678899989128113,5.230000019073486,8.720000267028809,4.920000076293945,8.720000267028809,3.7899999618530273,8.720000267028809,3.7899999618530273,8.720000267028809,3.7899999618530273,8.720000267028809,2.4100000858306885,8.720000267028809,1481650.0,1410376.0,1335059.126984127,12341535.674693584,0.0937944788890567,0.7169286182948521,0.092387705818168,2.481164296801549,0.390555213815155,4.494715904464453,1.4252194980024775,7.784999847412109,7.440000057220459,2320100.0,False,False,False,0.2536349203793651,1.2760492392288176,0.3219762146797287,1.3438881915530971,0.4134791534429034,1.3922625051259925,1.109801034316,56.0,94.0,94.0,92.0,92.0,89.0,89.0,94.0,92.0,95.0,94.0,88.46153846153845,SLDB
2026-03-17,18.239999771118164,18.489999771118164,18.06999969482422,18.26000022888184,1941200.0,0.0094078627097398,18.019706234872054,17.98100083522419,17.91520004272461,17.79666665395101,17.47000005722046,17.29009997367859,17.01112297894483,16.020000457763672,19.934999465942383,15.720000267028809,19.934999465942383,15.109999656677246,19.934999465942383,13.260000228881836,19.934999465942383,12.529999732971191,19.934999465942383,12.529999732971191,25.899999618530277,1542737.5,1417744.0,1299319.7860962567,41185049.92460251,0.0456096846913915,0.7880001068115234,0.0432017607839704,1.0202255829075553,0.2157361081863489,5.734910755638567,3.388185868246389,18.26799964904785,17.700000762939453,2107100.0,False,True,True,0.0812091798299532,1.1005406190757026,0.0150250677841161,1.0318492780567368,0.3112868419270063,1.2916041237914095,1.1873424206330914,64.0,83.0,83.0,62.0,62.0,85.0,85.0,69.0,62.0,60.0,75.0,69.23076923076923,SLDE
2026-03-17,5.039999961853027,5.539999961853027,5.03000020980835,5.400000095367432,6531000.0,-0.0597015230765604,5.262740482580593,5.022529033184627,4.744800033569336,4.589000018437703,4.405800032615661,3.1978000092506407,2.492500004768372,3.4600000381469727,6.139999866485596,2.1600000858306885,6.139999866485596,1.3899999856948853,6.139999866485596,1.3899999856948853,6.139999866485596,1.3899999856948853,6.139999866485596,0.949999988079071,6.139999866485596,6368377.5,7923942.0,4415871.825396826,36704390.04317284,0.1054011401503807,0.5335714135851178,0.1058673447665945,1.359688381862106,-0.5997326009488869,14.51343129098576,12.759354626819135,5.690000057220459,5.199999809265137,4549300.0,False,False,True,0.4038997443873842,1.4290007175589363,1.4827586368893209,2.523910776564432,2.000000070957913,2.9549693775082173,1.4421563287624897,80.0,97.0,97.0,99.0,99.0,99.0,99.0,93.0,98.0,99.0,98.0,61.53846153846154,SLS
2026-03-17,720.1699829101562,721.3699951171875,695.1199951171875,716.0,14782100.0,0.0235066411502711,649.5121756216568,624.4366677152437,621.1316040039062,618.8633382161458,548.7440014648438,385.4879013061524,225.85172567367556,517.0,725.0,214.0,725.0,183.0,725.0,93.53500366210938,725.0,42.81999969482422,725.0,27.88500022888184,725.0,20659035.0,19644040.0,8615724.603174603,11968528703.231812,0.0734941197937897,48.19214739118304,0.0669177396098098,4.668373510121567,0.3432089857521022,22.027921530511197,20.977434434964355,720.0,687.4299926757812,19406300.0,False,True,False,0.1494030670906474,1.1699537764028227,2.492918850000281,3.5508145641681046,6.993895129145017,7.873904918306587,2.3978290801435143,94.0,89.0,89.0,99.0,99.0,99.0,99.0,92.0,99.0,99.0,99.0,100.0,SNDK
2026-03-17,23.770000457763672,24.11000061035156,23.3799991607666,23.93000030517578,1139300.0,-0.0112312998120261,23.302784429926326,22.547624228917105,21.82839988708496,21.65799992879232,21.318399925231933,19.69739998817444,16.278349995613098,19.209999084472656,25.15999984741211,19.209999084472656,25.15999984741211,13.880000114440918,25.15999984741211,12.989999771118164,25.15999984741211,12.619999885559082,25.15999984741211,8.579999923706055,25.15999984741211,1317067.5,1328468.0,2120341.26984127,30911419.182662964,0.0540903616813293,1.310357638767787,0.0551265298078613,2.0860967533906027,-0.2060509663740125,8.148805132814324,4.945040090810903,24.26000022888184,23.520000457763672,1265600.0,False,True,True,0.1606445795441697,1.181396281059408,0.1669121000712845,1.1862538633088404,0.5006313275748424,1.4781065050099362,0.6211582629331157,15.0,90.0,90.0,84.0,84.0,91.0,91.0,82.0,73.0,91.0,91.0,80.76923076923077,SNDX
2026-03-17,12.15999984741211,12.34000015258789,12.029999732971191,12.119999885559082,3056600.0,0.0261602916424492,10.487785108693847,9.611936502051408,9.024400119781497,8.711666774749755,7.998200044631958,7.228500027656555,6.431000010967255,6.71999979019165,12.34000015258789,6.090000152587891,12.34000015258789,5.96999979019165,12.34000015258789,5.239999771118164,12.34000015258789,5.230000019073486,12.34000015258789,2.7799999713897705,12.34000015258789,2706840.0,2451136.0,1422129.761904762,30314234.621515278,0.0410243649344599,0.6035713808877128,0.0496358049721657,10.483199571306267,0.5136086232028528,19.21980396791177,9.45702400349986,11.859999656677246,11.329999923706056,4117900.0,False,True,False,0.5276381644644896,1.5549515141074126,0.9424919173819476,1.974689045815677,0.749640313831585,1.7233778089129694,1.9033706153329724,91.0,98.0,98.0,98.0,98.0,94.0,94.0,97.0,97.0,95.0,96.0,100.0,SSL
2026-03-17,28.26000022888184,29.030000686645508,27.959999084472656,28.709999084472656,2591700.0,-0.0049295560397505,29.43466507558053,29.288495902351062,29.504399871826173,28.6236665725708,26.83539989471436,24.32809997558594,20.67559998989105,22.450000762939453,33.4900016784668,20.82999992370605,33.4900016784668,18.190000534057617,33.4900016784668,18.190000534057617,33.4900016784668,15.56999969482422,33.4900016784668,8.649999618530273,33.4900016784668,4561835.0,4242154.0,3180799.206349206,143837798.00431252,0.0653072338009408,2.221429007393973,0.0786068290658987,0.6753434512553947,-0.063022220913859,6.192934278283302,4.371489904343401,29.13999938964844,27.530000686645508,3142900.0,True,False,True,0.0053361656091546,1.0233110361241131,0.2723998826564033,1.2934901235342988,0.2482332593084344,1.2294969900003858,1.4341788663975088,80.0,68.0,68.0,90.0,90.0,82.0,82.0,84.0,84.0,87.0,84.0,30.76923076923077,SSRM
2026-03-17,420.3567199707031,420.57633808637576,396.8078027060915,399.3034492639914,3469200.0,0.0559456315121476,390.3152005176478,389.6089713861068,396.02996704101565,400.6634195963542,378.931796875,323.67157028198244,246.62878761291503,341.40447161248795,459.0392474848106,273.5140406257972,459.0392474848106,227.61473970579453,459.0392474848106,208.09012037236693,459.0392474848106,150.91235376588742,459.0392474848106,62.38593599729399,459.0392474848106,4347775.0,4220988.0,4189162.698412698,1257631186.3568115,0.0553755222133696,24.906551083690783,0.059250988268789,1.8450369287792263,0.8941883846866352,13.23422820955322,10.19294651914051,410.0846289349904,394.9410627287597,3120200.0,False,False,False,-0.0115026459803138,1.006171155630232,0.4677885693795685,1.4921174104208057,1.0060892314904877,1.9759773691307176,1.037862530774324,48.0,58.0,58.0,95.0,95.0,96.0,96.0,82.0,91.0,93.0,93.0,96.15384615384616,STX
2026-03-17,5.139999866485596,5.150000095367432,5.130000114440918,5.139999866485596,10800300.0,0.0,5.041647059908642,4.834920887939819,4.662400007247925,4.533666682243347,4.299000015258789,3.78850001335144,3.2495750057697297,3.680000066757202,5.190000057220459,3.450000047683716,5.190000057220459,2.990000009536743,5.190000057220459,2.575000047683716,5.190000057220459,2.450999975204468,5.190000057220459,2.220000028610229,5.190000057220459,3850820.0,3418178.0,1918629.761904762,32436097.40909338,0.0480707632430461,0.1779285839625767,0.0346164569230296,5.651267404650146,0.0,12.977828495985074,10.062445033601229,5.150000095367432,5.119999885559082,8383300.0,False,True,False,0.3633951969470279,1.3877719705717888,0.4643874303279438,1.4886598969205225,1.0078124927240424,1.9776747638154373,2.007067792056459,92.0,96.0,96.0,95.0,95.0,96.0,96.0,92.0,89.0,91.0,93.0,84.61538461538461,TALK
2026-03-17,13.960000038146973,14.210000038146973,13.579999923706056,13.579999923706056,2074600.0,0.0242112928052304,13.438671344944126,13.136516694278027,13.054000015258788,12.941666666666666,12.29879997253418,11.530900011062622,10.261500012874604,10.850000381469728,14.210000038146973,10.32699966430664,14.210000038146973,9.350000381469728,14.210000038146973,8.96500015258789,14.210000038146973,7.829999923706055,14.210000038146973,6.224999904632568,14.210000038146973,2280267.5,2155460.0,2256192.0634920634,32260423.152985573,0.0478456475909467,0.6217856407165527,0.0445405185542598,3.032521806199226,0.5307294059183468,10.929362744898537,7.10727537143502,13.904999732971191,13.479999542236328,1709100.0,False,False,False,0.0640244024325382,1.0830485870911022,0.2267135235290642,1.2470465053628783,0.4679284650015574,1.4458945199515292,1.0106708275848968,45.0,81.0,81.0,88.0,88.0,90.0,90.0,86.0,84.0,84.0,84.0,96.15384615384616,TALO
2026-03-17,6.5,6.579999923706055,6.369999885559082,6.420000076293945,1751900.0,0.0220125571614153,6.37452997828481,6.266751256642502,6.188799991607666,6.13666664759318,6.031799983978272,5.507300002574921,4.688650002479553,5.610000133514404,6.670000076293945,5.090000152587891,6.670000076293945,4.329999923706055,6.670000076293945,3.4200000762939453,6.670000076293945,3.4200000762939453,6.670000076293945,2.549999952316284,6.670000076293945,1702490.0,1688498.0,1712327.7777777778,12577940.003180504,0.0476133841655199,0.3057143347603934,0.047032974578522,1.6503727570893605,0.4579434150358764,13.947116284937264,10.296367631331725,6.409999847412109,6.300000190734863,1881300.0,False,False,True,0.0906040198652278,1.1101034338033435,0.1839709054625564,1.2035954212527455,0.4874142265952057,1.465087795766443,0.994254734458291,43.0,84.0,84.0,85.0,85.0,91.0,91.0,73.0,78.0,84.0,92.0,100.0,TDAY
2026-03-17,7.789999961853027,8.020000457763672,7.617000102996826,7.659999847412109,8513400.0,0.0090673799953093,7.515112276293836,7.340321421690248,6.971599979400635,7.142999998728434,7.50539999961853,6.111600003242493,3.97180000603199,5.75,9.43000030517578,5.704999923706055,9.779999732971191,2.5199999809265137,9.779999732971191,1.870000004768372,9.779999732971191,1.2000000476837158,9.779999732971191,0.9200000166893004,9.779999732971191,18934562.5,19632626.0,8628342.857142856,100461698.79634856,0.0989023441968046,0.7062857832227435,0.0906656979051817,0.4182327006832422,0.0991102657368664,7.502809668453511,8.569404807911308,8.130000114440918,7.699999809265137,12153800.0,False,True,True,0.2728758345624356,1.2956341706201226,0.4560747851803999,1.4802094682892768,3.376404543293801,4.3107137010472565,2.194461070160799,93.0,95.0,95.0,95.0,95.0,99.0,99.0,90.0,85.0,98.0,99.0,84.61538461538461,TE
2026-03-17,299.3999938964844,299.6700134277344,288.45001220703125,297.0,2481800.0,0.0037885302726876,298.2986275730349,298.965137289524,309.586328125,305.74530639648435,275.845948791504,228.55562576293943,168.76075553894043,246.69686684047915,344.9200134277344,189.19089238829653,344.9200134277344,151.3423150190057,344.9200134277344,128.43917816811407,344.9200134277344,104.66168914095384,344.9200134277344,65.52712625475871,344.9200134277344,3693075.0,3530918.0,3583242.8571428573,1012643849.9787904,0.0520055926247835,19.671423775809156,0.0657028195618815,1.299615508134129,0.057443980450572,17.89866607946336,17.324592629086553,305.0,294.6600036621094,2448400.0,False,True,True,-0.0484968206572946,0.9685155449854884,0.5489744974481343,1.5746490088263467,1.6277857771295263,2.588342106135343,1.0306516044923393,47.0,42.0,42.0,96.0,96.0,98.0,98.0,80.0,92.0,95.0,96.0,34.61538461538461,TER
2026-03-17,23.90999984741211,24.78499984741211,23.030000686645508,23.15999984741211,3611100.0,0.0912825200332545,22.4237279877306,22.34981011282306,22.372999954223637,21.82516663869222,21.4725,20.32275000572205,17.709700026512145,17.709999084472656,29.649999618530277,17.709999084472656,29.649999618530277,13.234999656677246,29.649999618530277,11.460000038146973,29.649999618530277,10.25,29.649999618530277,9.979999542236328,29.649999618530277,2197780.0,2033800.0,1893511.111111111,78602956.32894516,0.0735829624071722,1.3864999498639787,0.0579882876918565,1.957589833544101,1.442481119596296,7.045565322019086,5.379364121114696,22.3439998626709,21.420000076293945,1362100.0,False,False,False,0.2617413659514429,1.2843006236924617,0.1178120864736074,1.136340008773265,0.9776674562153848,1.9479822112620944,1.160690310768942,61.0,94.0,94.0,79.0,79.0,96.0,96.0,90.0,84.0,93.0,94.0,76.92307692307693,TNDM
2026-03-17,18.68000030517578,18.96999931335449,17.520000457763672,17.739999771118164,3499000.0,0.0447427954115675,16.595112165128675,15.195107342329274,14.0607999420166,13.791333293914796,12.882299995422365,10.817849988937375,8.650049990415573,10.800000190734863,18.96999931335449,8.300000190734863,18.96999931335449,7.369999885559082,18.96999931335449,6.690000057220459,18.96999931335449,6.25,18.96999931335449,1.0299999713897705,18.96999931335449,3321770.0,3472728.0,2701607.936507937,60357024.66700554,0.0861116798394747,1.315499714442662,0.0704228957682708,6.390700645176922,0.6081347913846689,11.656204088409105,8.1529010020822,18.5,17.25,2861400.0,False,False,False,0.4480620819819867,1.4739526540231072,0.9978609136954356,2.030975792504134,1.7390029083570044,2.697889842554754,1.229552947010393,67.0,98.0,98.0,98.0,98.0,98.0,98.0,97.0,98.0,97.0,97.0,100.0,TNGX
2026-03-17,7.840000152587891,7.849999904632568,6.800000190734863,6.800000190734863,5331300.0,0.1736527476135834,7.071551995883088,7.039274653338576,7.2333518409729,7.227637497584025,6.664267234802246,5.227230982780457,4.878178923130036,6.179999828338623,8.735766803644177,4.050218983705644,8.735766803644177,2.7976165299450613,8.735766803644177,2.7976165299450613,8.735766803644177,2.7976165299450613,8.735766803644177,2.7976165299450613,8.735766803644177,4184575.0,4154054.0,3897330.158730159,31919295.854859352,0.0919744462254112,0.604285751070295,0.0770772626669946,2.288916717655487,1.9196221691388644,13.551361226731414,9.7741459100422,7.170000076293945,6.670000076293945,2674400.0,False,False,False,0.0060697037499453,1.024057689532761,0.6911450098861236,1.7191760212875766,0.622433726769684,1.598080622081495,1.0737029785958478,52.0,68.0,68.0,97.0,97.0,93.0,93.0,85.0,96.0,98.0,97.0,96.15384615384616,TROX
2026-03-17,137.86000061035156,138.8300018310547,132.99000549316406,138.47000122070312,2005100.0,-0.004405290712602,126.77948816524174,126.16782922240024,126.48080078125,127.84500020345052,127.711199798584,115.63249992370604,85.1366499710083,108.43000030517578,149.57000732421875,108.43000030517578,149.57000732421875,80.62999725341797,149.57000732421875,66.30000305175781,149.57000732421875,45.5099983215332,149.57000732421875,28.63999938964844,149.57000732421875,2284555.0,2132386.0,1273534.9206349207,263143928.02921292,0.0622990154984994,9.572856903076172,0.0694389733112867,1.1444121312970237,-0.063721897916968,13.144228276861664,10.957615186972566,140.5,133.66000366210938,4000600.0,False,True,False,0.0708404126770971,1.0899864639368693,0.1590717822480785,1.1782835909063354,1.0891044866367663,2.057746546137756,1.79386914562267,89.0,82.0,82.0,83.0,83.0,97.0,97.0,85.0,77.0,91.0,94.0,92.3076923076923,TSEM
2026-03-17,97.54000091552734,98.98999786376952,95.1999969482422,95.73999786376952,1390100.0,0.0106724562894835,96.3968723367714,97.48020085411208,98.80640045166017,98.7696673075358,95.1386001586914,81.4039998626709,63.655949954986575,81.80000305175781,113.45999908447266,62.59000015258789,113.45999908447266,55.43999862670898,113.45999908447266,51.09000015258789,113.45999908447266,39.20000076293945,113.45999908447266,15.770000457763672,113.45999908447266,2617580.0,2702748.0,2026630.9523809524,182547297.00035092,0.0697506022669212,7.685714176722935,0.0787955106067612,0.3203364895253942,0.1340147129613984,10.418459451906072,9.040282103560932,97.5,94.16000366210938,1206400.0,False,False,True,0.0625272077663576,1.081524623388672,0.3283399225132803,1.35035737890839,0.9744938846698132,1.9448562757578656,1.291591839611835,72.0,81.0,81.0,92.0,92.0,96.0,96.0,77.0,92.0,92.0,92.0,61.53846153846154,TTMI
2026-03-17,47.27999877929688,47.40999984741211,45.290000915527344,45.38999938964844,936000.0,0.0504332491094023,46.08554361048641,46.54910028140559,48.06280014038086,47.99400011698405,44.97060012817383,38.10080003738403,34.63574997901917,42.52000045776367,57.880001068115234,31.0,57.880001068115234,23.299999237060547,57.880001068115234,23.299999237060547,57.880001068115234,23.299999237060547,57.880001068115234,23.299999237060547,57.880001068115234,1316892.5,1342866.0,1403561.507936508,51943071.67417526,0.0631883526902885,3.0892857142857144,0.0653402240703623,0.7859403847519377,0.7347978360391076,7.892897960428572,7.286983456582939,45.400001525878906,43.56999969482422,707100.0,False,False,True,-0.037263323321339,0.979949891218511,0.5286129425412618,1.553949957741199,0.8382581664668969,1.81066548712768,0.9382506520402322,36.0,47.0,47.0,96.0,96.0,95.0,95.0,63.0,91.0,95.0,93.0,53.84615384615385,TWST
2026-03-17,58.59999847412109,59.7400016784668,55.709999084472656,55.720001220703125,746700.0,0.0516869560359571,56.71704501059439,56.16758371808905,57.8452001953125,55.91233355204265,49.83080013275146,37.94079999923706,31.180700025558476,41.869998931884766,73.80000305175781,24.6200008392334,73.80000305175781,21.489999771118164,73.80000305175781,21.489999771118164,73.80000305175781,21.489999771118164,73.80000305175781,16.65999984741211,73.80000305175781,1570447.5,1522696.0,703951.9841269841,121075172.78268814,0.0841942193954257,4.668571472167969,0.0796684572309281,2.2088978127630976,0.6168904707976056,16.567170519222984,14.928909589549734,57.470001220703125,55.43000030517578,690400.0,False,False,True,0.0579526831529908,1.0768683087329236,1.2495201608586863,2.286806333781891,1.2783825831478328,2.2441835347357784,2.2309014469894737,93.0,80.0,80.0,99.0,99.0,97.0,97.0,92.0,98.0,97.0,97.0,76.92307692307693,UCTT
2026-03-17,20.90999984741211,20.989999771118164,18.43000030517578,18.549999237060547,4657700.0,0.1235894229783745,18.615613280580124,17.002360739862205,15.28080005645752,14.931666723887126,15.334600067138672,13.141800031661989,11.858750004768371,11.020000457763672,23.3799991607666,8.789999961853027,23.3799991607666,7.244999885559082,23.3799991607666,7.244999885559082,23.3799991607666,7.244999885559082,23.3799991607666,4.449999809265137,23.3799991607666,3712465.0,4058708.0,3400274.603174603,77312924.35442448,0.128842802916909,2.281999792371477,0.1091343763282669,3.3315166556309106,1.0078875750774563,8.872575156669471,4.467529262157669,20.6299991607666,17.790000915527344,6494000.0,False,False,False,0.7541946068437653,1.78555866395689,1.0868262367404062,2.121415730659004,0.9095890604234992,1.8809256879031893,1.0918132895895896,54.0,99.0,99.0,98.0,98.0,95.0,95.0,98.0,98.0,98.0,97.0,96.15384615384616,UMAC
2026-03-17,97.27999877929688,98.55500030517578,92.69499969482422,93.18000030517578,2430200.0,0.0627048045265628,92.93721985658796,90.00569551202291,92.0675991821289,87.5643325805664,74.4927995300293,64.63749977111816,56.17199989318848,57.310001373291016,102.19499969482422,48.43000030517578,102.19499969482422,48.084999084472656,102.19499969482422,46.70000076293945,102.19499969482422,43.52999877929688,102.19499969482422,27.149999618530277,102.19499969482422,1948395.0,1750506.0,1468631.349206349,127521517.7135086,0.0505279117661396,4.530714852469308,0.0465739608277373,6.568005084596089,1.266907772984465,14.505604796433326,10.580348765679796,93.7300033569336,90.73999786376952,1320600.0,False,False,False,0.0137557285058145,1.0318811362818776,0.7971549392153761,1.8269430829267872,0.879443623142979,1.8512327405936615,1.3266739819035702,74.0,71.0,71.0,97.0,97.0,95.0,95.0,97.0,97.0,95.0,94.0,100.0,VAL
2026-03-17,12.270000457763672,12.31999969482422,12.020000457763672,12.09000015258789,2020700.0,0.0259197674438076,11.627028735250535,11.189095468124911,10.909630126953124,10.761655680338542,9.98197172164917,9.15340754032135,8.380643510818482,9.272083459232311,12.31999969482422,7.695333639070198,12.31999969482422,7.239166760964355,12.31999969482422,7.040833183978369,12.31999969482422,6.941666674480009,12.31999969482422,5.03173002004518,12.31999969482422,2159567.5,2049872.0,1418951.5873015872,25825512.412428856,0.0405909072106447,0.532642655034284,0.0434101577149707,5.280241373488355,0.5820044952966559,15.631352068758137,10.46101889097744,12.050000190734863,11.600000381469728,2004400.0,False,False,False,0.2336101167698701,1.2556664028892954,0.4387336308901455,1.4625808814661627,0.6409959852060694,1.616364256734676,1.521945864345406,83.0,93.0,93.0,95.0,95.0,93.0,93.0,89.0,92.0,91.0,90.0,100.0,VET
2026-03-17,30.84000015258789,31.950000762939453,30.239999771118164,30.96999931335449,4864900.0,-0.0240506398641533,30.364716330415632,29.47560714190677,29.26199989318848,28.70833320617676,25.101000022888183,21.13970001220703,16.049199986457825,23.61000061035156,35.61000061035156,16.979999542236328,35.61000061035156,15.510000228881836,35.61000061035156,12.050000190734863,35.61000061035156,10.300000190734863,35.61000061035156,8.100000381469727,35.61000061035156,5686790.0,5332262.0,3373073.015873016,178922661.70274734,0.0717736984696912,2.466428756713867,0.0799749917156501,2.8588476142883694,-0.3081379207946059,20.699906082153092,19.85659200233232,31.93000030517578,30.700000762939453,5817300.0,False,True,True,0.1730695731689091,1.194043426894715,0.7133333418104384,1.741732128524779,1.5445544920618022,2.506360141865839,1.6859374147073274,87.0,90.0,90.0,97.0,97.0,98.0,98.0,88.0,96.0,95.0,97.0,84.61538461538461,VIAV
2026-03-17,9.479999542236328,9.755000114440918,9.4399995803833,9.6899995803833,2262200.0,-0.0201551053906205,9.448027679705907,9.081958277832324,8.800200004577636,8.552500009536743,7.822700004577637,6.901550002098084,6.074350006580353,6.860000133514404,10.9399995803833,5.550000190734863,10.9399995803833,4.815000057220459,10.9399995803833,4.815000057220459,10.9399995803833,4.25,10.9399995803833,4.15500020980835,10.9399995803833,4369557.5,3886710.0,1903246.4285714289,64499390.45509338,0.0741740853566277,0.7020000730242048,0.0740506441900737,2.860984418826092,-0.2777786726694707,7.064475261810448,6.254950952481796,9.850000381469728,9.279999732971191,2201200.0,True,False,True,0.26907627958489,1.2917666816409246,0.4170402781991977,1.440527957825911,0.9791230934726268,1.949415999068152,2.2958443186360147,94.0,94.0,94.0,94.0,94.0,96.0,96.0,91.0,94.0,94.0,93.0,73.07692307692307,VIR
2026-03-17,69.11000061035156,69.9000015258789,66.19000244140625,66.19000244140625,2970000.0,0.0520626890217557,63.05079664274928,60.7320359452165,58.98800018310547,58.44066670735677,55.70279998779297,51.94550003051758,47.14979997634887,52.81499862670898,69.9000015258789,43.709999084472656,69.9000015258789,43.709999084472656,69.9000015258789,33.45000076293945,69.9000015258789,31.6299991607666,69.9000015258789,31.6299991607666,69.9000015258789,1656167.5,1516168.0,1185157.9365079366,114089599.85595705,0.0412227206142987,2.793856757027762,0.040426229667972,5.953849369623296,1.2241136415968832,16.737154256008495,11.071049909244673,66.7699966430664,64.25,1929400.0,False,False,False,0.2772130813306701,1.3000489650303475,0.3972907781967141,1.4204511065575651,0.9511576562119688,1.9218703294750556,1.3974234563875017,78.0,95.0,95.0,94.0,94.0,96.0,96.0,88.0,92.0,87.0,94.0,100.0,VIST
2026-03-17,35.529998779296875,36.34999847412109,35.130001068115234,35.790000915527344,1511100.0,-0.0133296185673327,34.6796454436656,33.65271739656966,32.649199905395506,31.97433325449625,31.964599952697757,34.145299949645995,31.890574951171875,25.770000457763672,37.5,25.770000457763672,37.83000183105469,25.770000457763672,43.150001525878906,24.780000686645508,43.150001525878906,22.958999633789062,43.150001525878906,18.920000076293945,43.150001525878906,2806722.5,3134950.0,4242763.095238095,80968953.71931076,0.0511088042731775,1.6957138606480189,0.047726257216651,2.3371224448960914,-0.2830663553418711,1.3584745601124133,-0.315798896070654,36.630001068115234,35.08000183105469,1817700.0,True,True,False,0.2251723716998923,1.2470777954707228,-0.0418015904858903,0.9740807084210216,0.4751920336257222,1.453049060734251,0.6615317511246742,17.0,93.0,93.0,46.0,46.0,90.0,90.0,91.0,85.0,79.0,79.0,88.46153846153845,VKTX
2026-03-17,8.600000381469727,8.880000114440918,8.40999984741211,8.729999542236328,1482000.0,-0.023836552570347,8.678479069123158,8.337459182778904,7.852400054931641,7.809000062942505,7.785000047683716,6.701200022697448,5.707450008392334,5.730000019073486,9.9399995803833,5.730000019073486,9.9399995803833,4.269999980926514,9.9399995803833,4.269999980926514,9.9399995803833,4.170000076293945,9.9399995803833,3.809999942779541,9.9399995803833,2912995.0,2662680.0,1178257.142857143,38378362.25083113,0.0772820733398425,0.6357143606458392,0.0739202712148248,1.4162359532271938,-0.3303370997213717,6.009960677798275,4.867592742123928,8.970000267028809,8.699999809265137,1062700.0,False,True,True,0.4121510945800608,1.4373995974599445,0.3804173924783876,1.4032980416486982,0.96347035542657,1.9339982122327375,2.4722913989185,95.0,97.0,97.0,93.0,93.0,96.0,96.0,94.0,90.0,95.0,93.0,76.92307692307693,VNDA
2026-03-17,268.4100036621094,270.8699951171875,259.510009765625,260.6600036621094,5121300.0,0.0141039896985288,261.0516901693984,251.6307427671853,250.85005310058597,240.6355244954427,215.63695556640624,195.18114151000972,165.14127338409423,172.30899372197027,276.714128347213,151.46394462479773,276.714128347213,147.78484097031065,276.714128347213,133.76823456065358,276.714128347213,118.59405528925429,276.714128347213,53.533820375906,276.714128347213,6823592.5,6507792.0,7619214.682539683,1817591068.0210116,0.0492802847214774,15.093172089075724,0.0562317793046041,4.352183134239923,0.2473304940110158,8.443559029258132,6.845397608636877,270.84554737997007,261.6177324446708,7386700.0,False,False,True,0.1447315169536642,1.1651987014592238,0.6647478307810475,1.6923413045236155,0.9425291138882655,1.9133713035630544,0.8955768782361595,32.0,89.0,89.0,97.0,97.0,96.0,96.0,95.0,95.0,93.0,93.0,100.0,VRT
2026-03-17,50.18000030517578,50.70000076293945,47.43999862670898,47.470001220703125,2151400.0,0.0557542940024899,47.082440279731394,46.39699978018967,46.49039993286133,45.71299985249837,44.562399826049806,40.10929998397828,31.511249990463256,36.709999084472656,50.70000076293945,32.060001373291016,50.70000076293945,29.1299991607666,50.70000076293945,26.100000381469727,50.70000076293945,25.5,50.70000076293945,7.360000133514404,50.70000076293945,1653172.5,1715664.0,2796725.396825397,62202135.46712875,0.0626797992299208,3.0335720607212613,0.0604538071397414,2.0852523631707545,0.8735581264711552,6.3730587714950335,4.775113759502832,48.5,46.08000183105469,1904100.0,False,False,False,0.0272262409948542,1.0455924942970642,0.4005023092598232,1.4237158692852092,0.5243014306274321,1.5014213143527684,0.5911100538782034,14.0,74.0,74.0,94.0,94.0,91.0,91.0,91.0,92.0,91.0,92.0,100.0,VSAT
2026-03-17,164.10614013671875,165.2346056487234,161.89914404685177,162.58820651920846,2065300.0,0.0144453043682084,162.57687552666303,163.50184995479952,166.05787658691406,163.0549067179362,163.04378814697264,169.14721588134765,181.45274742126463,138.34128300098158,178.0670990816998,138.34128300098158,182.31130248060543,138.34128300098158,196.2582539815521,138.34128300098158,216.50238481161023,138.34128300098158,219.21490839115503,90.0496646437239,219.21490839115503,5220352.5,5746956.0,5348922.222222222,758735835.5832672,0.0438020536199239,7.88210908599395,0.0480305555869346,0.1356583617817021,0.2964697932345206,-0.6679978690056017,-3.994464432254589,163.27727038650542,159.89188905957138,2775200.0,False,False,True,-0.0417517451616297,0.975381218807162,-0.032574203783813,0.9834610406010678,-0.2284737980049959,0.7599454156387719,0.9759634339628128,41.0,45.0,45.0,48.0,48.0,28.0,28.0,76.0,66.0,57.0,52.0,57.692307692307686,VST
2026-03-17,313.8099975585937,314.9200134277344,284.7200012207031,288.32000732421875,14247500.0,0.0964327134884373,277.7368545147723,272.79401901731245,274.85826171875,275.30674336751304,257.0732669067383,208.9599121856689,145.82523490905763,238.0,314.9200134277344,171.1780649684507,314.9200134277344,132.26029506000813,314.9200134277344,105.28490621488524,314.9200134277344,72.9613449343282,314.9200134277344,28.706089689761846,314.9200134277344,10236105.0,10172324.0,8486191.26984127,2545843963.921356,0.065159751038297,19.00142680105586,0.0605507375446442,3.644919596724152,1.4525228232851422,16.45658820447771,13.625555180252723,289.8699951171875,278.7699890136719,8565000.0,False,False,False,0.1149946993184745,1.1349302055010966,0.7804253780747425,1.8099362265120449,2.0687824198059204,3.022719287425403,1.2062071987910143,66.0,86.0,86.0,97.0,97.0,99.0,99.0,88.0,96.0,97.0,97.0,100.0,WDC
2026-03-17,111.44000244140624,114.97000122070312,110.18000030517578,111.25,1213500.0,0.0058669692256299,108.478470761061,104.69590351102468,103.02408813476562,101.49140752156576,93.94022079467771,81.18601081848145,80.28723155975342,84.1005195762372,116.45999908447266,71.43370330922784,116.45999908447266,55.56038313569975,116.45999908447266,55.56038313569975,116.45999908447266,55.56038313569975,116.45999908447266,55.56038313569975,116.45999908447266,1420525.0,1441652.0,1302141.6666666667,145898064.7429657,0.0547828130580816,5.689749187194592,0.0510566139855048,3.648623438556815,0.1142408047338547,9.503715614350485,6.075867590191737,113.0999984741211,110.0,1324200.0,False,True,False,0.1190631861190376,1.1390714346598216,0.5053203741096253,1.53027131109187,0.3024052742964982,1.2828558705408557,1.0909143270381487,54.0,87.0,87.0,96.0,96.0,85.0,85.0,89.0,92.0,95.0,93.0,92.3076923076923,WLK
2026-03-17,3.380000114440918,3.549999952316284,3.319999933242798,3.319999933242798,3068700.0,-0.0029498496028924,2.973674977654398,2.798932511650799,2.63560001373291,2.625,2.7452000093460085,2.9203000044822693,3.1110750031471253,2.240000009536743,3.7799999713897705,2.240000009536743,3.7799999713897705,2.240000009536743,3.7799999713897705,2.240000009536743,3.9600000381469727,2.240000009536743,4.190000057220459,2.240000009536743,4.505000114440918,2795837.5,2697030.0,3566559.523809524,11466982.72758007,0.0637026330055767,0.2545714548655918,0.0753169959308419,3.070223621547036,-0.0392816644290956,-2.999564320815425,-6.874255895205325,3.630000114440918,3.3399999141693115,6035400.0,False,False,False,0.3466135965271817,1.3706903241525052,0.1009772599150096,1.119226142148649,-0.0259365744747147,0.959442508699312,0.7839032213918309,24.0,96.0,96.0,78.0,78.0,49.0,49.0,94.0,90.0,85.0,82.0,92.3076923076923,WOOF
2026-03-17,3.1095998287200928,3.348799833823473,3.0597665438285238,3.139500037278881,8451600.0,0.0064515775560167,3.0463504957884737,2.868134206760482,2.754387979507446,2.6720633188883465,2.3455553221702576,2.0921003925800323,1.9563997197151184,2.033199991317024,4.02653339818072,1.4950000047683716,4.02653339818072,1.4950000047683716,4.02653339818072,1.4950000047683716,4.02653339818072,1.4950000047683716,4.02653339818072,1.0670444031478683,4.02653339818072,5870062.5,5098738.0,2408172.619047619,27852268.7576282,0.1195409047841764,0.4349738082685267,0.139880959682057,2.328704452972484,0.0458262620540583,6.530016143653143,4.252656577757479,3.2790333307379043,2.9601000604937164,10072600.0,False,True,True,0.3805308900844983,1.405214040696248,0.8352939074018975,1.8657142108901617,0.8024424570561328,1.7753873797812532,2.437558858351892,94.0,97.0,97.0,98.0,98.0,95.0,95.0,95.0,97.0,95.0,94.0,88.46153846153845,WTI
2026-03-17,14.53988265991211,14.749017990970689,14.111652946376111,14.191323458232006,1391300.0,0.0310734688704672,13.978131572703465,13.668871393520131,13.570689392089845,13.370017719268798,12.64743761062622,11.665886449813843,10.396204266548157,11.574458644531232,15.386381344421263,10.317011618008738,15.386381344421263,9.193229003802944,15.386381344421263,9.193229003802944,15.386381344421263,7.734232776102772,15.386381344421263,7.029811340175701,15.386381344421263,1580142.5,1400606.0,1218184.126984127,30995600.21870613,0.0483459862375599,0.5605394740141195,0.0385518567876467,3.881284090597714,0.7817264852348431,7.105122763760018,5.474259052746298,14.251077031342843,13.842764464755833,1430700.0,False,False,False,0.1388456496116383,1.159207597971359,0.3534585598319408,1.3758923618419754,0.6309399707255676,1.6064591853524033,1.297129444554476,72.0,88.0,88.0,93.0,93.0,93.0,93.0,84.0,87.0,87.0,85.0,100.0,WTTR
2026-03-17,16.040000915527344,16.549999237060547,15.470000267028809,16.06999969482422,33170500.0,-0.0225471624207915,15.346546522712256,15.314260525911116,15.698000030517578,15.466333357493085,14.761600036621092,14.10540002822876,10.9141000187397,11.739999771118164,18.51000022888184,11.130000114440918,18.51000022888184,10.470000267028809,18.51000022888184,10.43000030517578,18.51000022888184,5.179999828338623,18.51000022888184,2.059999942779541,18.51000022888184,34121107.5,31652956.0,40918026.190476194,475148365.25190353,0.0849466951961404,1.39071410042899,0.0867028691427769,0.9988497317162408,-0.2660496012592617,3.3102879196484185,1.7746730666965906,16.81999969482422,15.489999771118164,41563600.0,False,True,True,-0.0135300928817773,1.004107459067435,0.11933014661029,1.1378832310106253,0.5290754304580492,1.5061236553441133,0.8338893802248408,27.0,57.0,57.0,80.0,80.0,91.0,91.0,91.0,88.0,86.0,84.0,76.92307692307693,WULF
2026-03-17,55.20000076293945,56.185001373291016,54.18999862670898,54.40999984741211,1025000.0,0.0098792703445811,53.44608455792337,50.11665437145311,47.07939987182617,46.14849993387858,44.27750007629395,43.36734992980957,39.31647491455078,40.29499816894531,63.95000076293945,39.290000915527344,63.95000076293945,37.22999954223633,63.95000076293945,35.970001220703125,63.95000076293945,35.099998474121094,63.95000076293945,26.739999771118164,63.95000076293945,1479525.0,1431732.0,1041467.4603174604,118045768.34568024,0.0520555173758823,4.077714920043945,0.0738716460812382,3.3393443984720017,0.1324273339641713,4.8515515275019565,3.2330291595169167,56.494998931884766,54.27999877929688,1650300.0,False,False,True,0.3307618460008168,1.3545551528432282,0.2528370186661286,1.2736030018012812,0.5337593272735579,1.5107372457874018,1.420615675835912,80.0,96.0,96.0,89.0,89.0,92.0,92.0,91.0,87.0,84.0,83.0,80.76923076923077,XENE
2026-03-17,188.3500061035156,193.66000366210935,185.7899932861328,188.16000366210935,1179400.0,0.0165695560473082,191.6116557154028,193.1360573630228,199.44400024414065,197.7116663614909,178.20239990234376,157.97099983215332,143.03654979705811,163.75999450683594,220.5,134.61000061035156,220.5,124.81999969482422,220.5,121.4800033569336,220.5,119.9800033569336,220.5,85.05999755859375,220.5,2001280.0,1872030.0,1541039.2857142857,317902055.65345764,0.0454526305593059,10.475716727120536,0.0556183508768413,1.0238396611520366,0.2930594062619908,10.59360726259876,10.206574092184498,187.69000244140625,183.8600006103516,815300.0,False,True,True,-0.0357343759899014,0.9815061753067936,0.2635851951458501,1.2845293311039048,0.4064367434197895,1.3853258033026774,1.2986560553986062,72.0,47.0,47.0,90.0,90.0,88.0,88.0,71.0,86.0,85.0,84.0,19.230769230769237,XPO
2026-03-17,16.959999084472656,17.190000534057617,16.649999618530273,16.700000762939453,606800.0,0.0303766724064808,16.706333143301933,16.745070808385915,16.94319995880127,16.821999963124593,16.28159996032715,15.022799987792968,12.866500005722044,15.170000076293944,18.729999542236328,12.489999771118164,18.729999542236328,12.4399995803833,18.729999542236328,11.600000381469728,18.729999542236328,9.949999809265137,18.729999542236328,6.699999809265137,18.729999542236328,1135897.5,1129748.0,1212629.761904762,22115669.73956585,0.0567799355808895,0.8200000354221889,0.048349061302304,0.8617874236180811,0.6097560712208601,7.1299290863479206,5.644550578756199,16.56999969482422,15.920000076293944,801000.0,False,False,True,0.0385792506864643,1.057148489702451,0.2079771460508068,1.2279995692940535,0.3947367843168257,1.3738014632861395,0.9367224322581088,36.0,77.0,77.0,87.0,87.0,88.0,88.0,64.0,84.0,78.0,80.0,76.92307692307693,XPRO
2026-03-17,48.09999847412109,48.79999923706055,46.22999954223633,46.540000915527344,1123500.0,0.0288769727084725,45.68834913394622,43.45311440245317,41.08011840820313,39.61967576344808,37.525086860656735,36.05565671920776,33.47049345970154,30.745453759643013,50.07698147359905,30.745453759643013,50.07698147359905,30.418868719248945,50.07698147359905,29.108561573550727,50.07698147359905,29.108561573550727,50.07698147359905,22.5593745605523,50.07698147359905,1746132.5,1671752.0,1721772.2222222222,95567299.7859764,0.058475406934725,2.436160474291576,0.0506478285150525,5.564090816784795,0.5541500604608844,8.904909991601839,5.024801789389831,46.7599983215332,44.52999877929688,1024000.0,False,False,False,0.4912902494435658,1.517953717894167,0.1798182635801255,1.1993739486365382,0.2860766181490126,1.266772311290714,1.0141483742526274,46.0,98.0,98.0,85.0,85.0,84.0,84.0,96.0,92.0,87.0,87.0,100.0,YOU
2026-03-17,42.34000015258789,43.72999954223633,42.060001373291016,42.150001525878906,960200.0,0.0068965736216173,39.80463053056823,37.69518789908098,34.72400001525879,34.508999824523926,35.65259998321533,34.840700187683105,34.80810007095337,22.450000762939453,50.54999923706055,22.450000762939453,50.54999923706055,22.450000762939453,50.54999923706055,22.450000762939453,50.54999923706055,22.450000762939453,50.54999923706055,22.450000762939453,50.54999923706055,1213707.5,1093040.0,695205.5555555555,69221307.72669792,0.0739392181514504,3.616428647722517,0.0854139970403725,2.196023886812928,0.0801898623687694,-0.2422327718446746,-2.5621438595637787,42.59000015258789,39.88999938964844,1318200.0,False,True,False,0.3881967263143571,1.4130169379593551,0.1761111153496637,1.1956053538040952,0.1552523435146715,1.1379117392122051,1.7458253753885742,88.0,97.0,97.0,84.0,84.0,77.0,77.0,98.0,96.0,94.0,92.0,96.15384615384616,ZD
2026-03-17,9.899999618530272,10.109999656677246,9.732000350952148,9.869999885559082,1320200.0,0.0030394866584633,9.764776125920935,9.463863909138034,9.150599975585935,9.079833285013835,8.979300003051758,9.03375002861023,9.472500002384184,8.25,11.399999618530272,8.010000228881836,11.399999618530272,8.010000228881836,11.399999618530272,8.010000228881836,12.029999732971191,7.159999847412109,12.029999732971191,6.190000057220459,13.15999984741211,1194412.5,1170516.0,1207977.7777777778,15357779.387187958,0.0528623965149381,0.6760713032313755,0.0682900332608036,1.501475173763826,0.0443736227640539,0.7919597064001104,-0.8321965422756892,10.710000038146973,9.850000381469728,2023900.0,False,True,True,0.1647058374741499,1.1855301520992276,0.1884753552465483,1.2081745330453255,0.3692945494347237,1.348741122221555,0.9887702588347836,42.0,90.0,90.0,85.0,85.0,88.0,88.0,78.0,73.0,65.0,60.0,84.61538461538461,ZVRA
